<?xml version="1.0" encoding="UTF-8"?>
<gpx version="1.1" creator="Gravel Kompass" xmlns="http://www.topografix.com/GPX/1/1">
  <metadata><name>Altmühltal-Runde: Donau, Kalkfelsen &amp; Fränkisches Seenland</name></metadata>
  <trk>
    <name>Altmühltal-Runde: Donau, Kalkfelsen &amp; Fränkisches Seenland (komplett)</name>
    <trkseg>
<trkpt lat="48.76650" lon="11.42579"><ele>373</ele></trkpt>
<trkpt lat="48.76698" lon="11.42584"><ele>373</ele></trkpt>
<trkpt lat="48.76809" lon="11.42610"><ele>373</ele></trkpt>
<trkpt lat="48.76866" lon="11.42616"><ele>374</ele></trkpt>
<trkpt lat="48.76870" lon="11.42721"><ele>374</ele></trkpt>
<trkpt lat="48.76865" lon="11.42823"><ele>375</ele></trkpt>
<trkpt lat="48.76867" lon="11.42841"><ele>375</ele></trkpt>
<trkpt lat="48.76878" lon="11.42867"><ele>375</ele></trkpt>
<trkpt lat="48.76895" lon="11.42890"><ele>375</ele></trkpt>
<trkpt lat="48.76899" lon="11.42901"><ele>375</ele></trkpt>
<trkpt lat="48.76916" lon="11.42914"><ele>375</ele></trkpt>
<trkpt lat="48.76937" lon="11.42919"><ele>375</ele></trkpt>
<trkpt lat="48.76974" lon="11.42953"><ele>376</ele></trkpt>
<trkpt lat="48.76976" lon="11.42958"><ele>376</ele></trkpt>
<trkpt lat="48.77175" lon="11.43129"><ele>374</ele></trkpt>
<trkpt lat="48.77186" lon="11.43152"><ele>374</ele></trkpt>
<trkpt lat="48.77181" lon="11.43166"><ele>374</ele></trkpt>
<trkpt lat="48.77167" lon="11.43188"><ele>374</ele></trkpt>
<trkpt lat="48.77070" lon="11.43279"><ele>373</ele></trkpt>
<trkpt lat="48.76968" lon="11.43346"><ele>372</ele></trkpt>
<trkpt lat="48.76976" lon="11.43364"><ele>372</ele></trkpt>
<trkpt lat="48.76973" lon="11.43369"><ele>372</ele></trkpt>
<trkpt lat="48.76985" lon="11.43423"><ele>371</ele></trkpt>
<trkpt lat="48.77010" lon="11.43450"><ele>371</ele></trkpt>
<trkpt lat="48.77037" lon="11.43487"><ele>370</ele></trkpt>
<trkpt lat="48.77070" lon="11.43562"><ele>370</ele></trkpt>
<trkpt lat="48.77129" lon="11.43636"><ele>371</ele></trkpt>
<trkpt lat="48.77146" lon="11.43682"><ele>372</ele></trkpt>
<trkpt lat="48.77157" lon="11.43746"><ele>373</ele></trkpt>
<trkpt lat="48.77160" lon="11.43777"><ele>373</ele></trkpt>
<trkpt lat="48.77159" lon="11.43786"><ele>373</ele></trkpt>
<trkpt lat="48.77155" lon="11.43791"><ele>373</ele></trkpt>
<trkpt lat="48.77159" lon="11.43824"><ele>373</ele></trkpt>
<trkpt lat="48.77163" lon="11.43829"><ele>373</ele></trkpt>
<trkpt lat="48.77180" lon="11.43999"><ele>373</ele></trkpt>
<trkpt lat="48.77199" lon="11.44074"><ele>373</ele></trkpt>
<trkpt lat="48.77232" lon="11.44163"><ele>373</ele></trkpt>
<trkpt lat="48.77241" lon="11.44214"><ele>373</ele></trkpt>
<trkpt lat="48.77242" lon="11.44275"><ele>373</ele></trkpt>
<trkpt lat="48.77237" lon="11.44390"><ele>372</ele></trkpt>
<trkpt lat="48.77211" lon="11.44560"><ele>372</ele></trkpt>
<trkpt lat="48.76931" lon="11.44724"><ele>368</ele></trkpt>
<trkpt lat="48.76922" lon="11.44883"><ele>367</ele></trkpt>
<trkpt lat="48.76907" lon="11.45071"><ele>366</ele></trkpt>
<trkpt lat="48.76905" lon="11.45140"><ele>366</ele></trkpt>
<trkpt lat="48.76932" lon="11.45276"><ele>367</ele></trkpt>
<trkpt lat="48.76781" lon="11.45325"><ele>366</ele></trkpt>
<trkpt lat="48.76630" lon="11.45362"><ele>366</ele></trkpt>
<trkpt lat="48.76597" lon="11.45383"><ele>366</ele></trkpt>
<trkpt lat="48.76579" lon="11.45431"><ele>366</ele></trkpt>
<trkpt lat="48.76479" lon="11.45829"><ele>366</ele></trkpt>
<trkpt lat="48.76442" lon="11.45933"><ele>372</ele></trkpt>
<trkpt lat="48.76434" lon="11.45972"><ele>369</ele></trkpt>
<trkpt lat="48.76447" lon="11.45978"><ele>369</ele></trkpt>
<trkpt lat="48.76435" lon="11.46007"><ele>366</ele></trkpt>
<trkpt lat="48.76434" lon="11.46028"><ele>366</ele></trkpt>
<trkpt lat="48.76442" lon="11.46044"><ele>366</ele></trkpt>
<trkpt lat="48.76456" lon="11.46046"><ele>366</ele></trkpt>
<trkpt lat="48.76459" lon="11.46072"><ele>366</ele></trkpt>
<trkpt lat="48.76345" lon="11.46697"><ele>365</ele></trkpt>
<trkpt lat="48.76280" lon="11.47213"><ele>365</ele></trkpt>
<trkpt lat="48.76254" lon="11.47369"><ele>365</ele></trkpt>
<trkpt lat="48.76234" lon="11.47556"><ele>364</ele></trkpt>
<trkpt lat="48.76141" lon="11.48320"><ele>365</ele></trkpt>
<trkpt lat="48.76119" lon="11.48446"><ele>363</ele></trkpt>
<trkpt lat="48.76049" lon="11.48720"><ele>364</ele></trkpt>
<trkpt lat="48.76039" lon="11.48771"><ele>362</ele></trkpt>
<trkpt lat="48.75997" lon="11.49095"><ele>364</ele></trkpt>
<trkpt lat="48.75985" lon="11.49218"><ele>362</ele></trkpt>
<trkpt lat="48.75982" lon="11.49289"><ele>363</ele></trkpt>
<trkpt lat="48.75979" lon="11.49365"><ele>363</ele></trkpt>
<trkpt lat="48.75988" lon="11.49590"><ele>362</ele></trkpt>
<trkpt lat="48.75993" lon="11.49665"><ele>364</ele></trkpt>
<trkpt lat="48.75994" lon="11.49778"><ele>364</ele></trkpt>
<trkpt lat="48.75983" lon="11.49910"><ele>361</ele></trkpt>
<trkpt lat="48.75985" lon="11.49954"><ele>363</ele></trkpt>
<trkpt lat="48.75979" lon="11.50101"><ele>364</ele></trkpt>
<trkpt lat="48.75974" lon="11.50109"><ele>364</ele></trkpt>
<trkpt lat="48.75944" lon="11.50611"><ele>364</ele></trkpt>
<trkpt lat="48.75939" lon="11.50657"><ele>364</ele></trkpt>
<trkpt lat="48.75955" lon="11.51280"><ele>362</ele></trkpt>
<trkpt lat="48.75959" lon="11.51525"><ele>361</ele></trkpt>
<trkpt lat="48.75922" lon="11.51746"><ele>362</ele></trkpt>
<trkpt lat="48.75920" lon="11.51869"><ele>362</ele></trkpt>
<trkpt lat="48.75932" lon="11.52090"><ele>361</ele></trkpt>
<trkpt lat="48.75945" lon="11.52504"><ele>364</ele></trkpt>
<trkpt lat="48.75953" lon="11.52641"><ele>362</ele></trkpt>
<trkpt lat="48.76004" lon="11.52965"><ele>362</ele></trkpt>
<trkpt lat="48.76064" lon="11.53471"><ele>361</ele></trkpt>
<trkpt lat="48.76083" lon="11.53764"><ele>363</ele></trkpt>
<trkpt lat="48.76098" lon="11.53767"><ele>363</ele></trkpt>
<trkpt lat="48.76175" lon="11.53744"><ele>364</ele></trkpt>
<trkpt lat="48.76174" lon="11.53753"><ele>364</ele></trkpt>
<trkpt lat="48.76161" lon="11.53777"><ele>365</ele></trkpt>
<trkpt lat="48.76148" lon="11.53784"><ele>364</ele></trkpt>
<trkpt lat="48.75861" lon="11.53849"><ele>365</ele></trkpt>
<trkpt lat="48.75821" lon="11.53850"><ele>364</ele></trkpt>
<trkpt lat="48.75814" lon="11.53846"><ele>363</ele></trkpt>
<trkpt lat="48.75813" lon="11.53839"><ele>362</ele></trkpt>
<trkpt lat="48.75863" lon="11.53823"><ele>363</ele></trkpt>
<trkpt lat="48.75873" lon="11.53845"><ele>364</ele></trkpt>
<trkpt lat="48.75872" lon="11.53866"><ele>364</ele></trkpt>
<trkpt lat="48.75853" lon="11.53886"><ele>363</ele></trkpt>
<trkpt lat="48.75862" lon="11.53927"><ele>362</ele></trkpt>
<trkpt lat="48.75899" lon="11.54187"><ele>360</ele></trkpt>
<trkpt lat="48.75927" lon="11.54322"><ele>361</ele></trkpt>
<trkpt lat="48.75989" lon="11.54661"><ele>362</ele></trkpt>
<trkpt lat="48.76079" lon="11.55037"><ele>361</ele></trkpt>
<trkpt lat="48.76133" lon="11.55236"><ele>361</ele></trkpt>
<trkpt lat="48.76231" lon="11.55551"><ele>360</ele></trkpt>
<trkpt lat="48.76220" lon="11.55712"><ele>359</ele></trkpt>
<trkpt lat="48.76214" lon="11.55756"><ele>359</ele></trkpt>
<trkpt lat="48.76202" lon="11.55815"><ele>359</ele></trkpt>
<trkpt lat="48.76152" lon="11.55944"><ele>358</ele></trkpt>
<trkpt lat="48.76147" lon="11.55988"><ele>358</ele></trkpt>
<trkpt lat="48.76131" lon="11.56044"><ele>358</ele></trkpt>
<trkpt lat="48.76131" lon="11.56073"><ele>359</ele></trkpt>
<trkpt lat="48.76144" lon="11.56127"><ele>359</ele></trkpt>
<trkpt lat="48.76228" lon="11.56342"><ele>360</ele></trkpt>
<trkpt lat="48.76228" lon="11.56357"><ele>360</ele></trkpt>
<trkpt lat="48.76173" lon="11.56415"><ele>359</ele></trkpt>
<trkpt lat="48.76152" lon="11.56462"><ele>358</ele></trkpt>
<trkpt lat="48.76115" lon="11.56573"><ele>358</ele></trkpt>
<trkpt lat="48.76084" lon="11.56652"><ele>358</ele></trkpt>
<trkpt lat="48.76037" lon="11.56766"><ele>358</ele></trkpt>
<trkpt lat="48.75994" lon="11.56844"><ele>358</ele></trkpt>
<trkpt lat="48.75972" lon="11.56895"><ele>358</ele></trkpt>
<trkpt lat="48.75890" lon="11.57018"><ele>357</ele></trkpt>
<trkpt lat="48.75882" lon="11.57040"><ele>357</ele></trkpt>
<trkpt lat="48.75880" lon="11.57069"><ele>358</ele></trkpt>
<trkpt lat="48.75892" lon="11.57116"><ele>357</ele></trkpt>
<trkpt lat="48.75928" lon="11.57194"><ele>357</ele></trkpt>
<trkpt lat="48.75934" lon="11.57216"><ele>358</ele></trkpt>
<trkpt lat="48.75943" lon="11.57302"><ele>358</ele></trkpt>
<trkpt lat="48.75952" lon="11.57334"><ele>358</ele></trkpt>
<trkpt lat="48.75956" lon="11.57362"><ele>357</ele></trkpt>
<trkpt lat="48.75973" lon="11.57373"><ele>358</ele></trkpt>
<trkpt lat="48.76001" lon="11.57401"><ele>358</ele></trkpt>
<trkpt lat="48.76051" lon="11.57476"><ele>358</ele></trkpt>
<trkpt lat="48.76069" lon="11.57509"><ele>358</ele></trkpt>
<trkpt lat="48.76084" lon="11.57544"><ele>358</ele></trkpt>
<trkpt lat="48.76125" lon="11.57725"><ele>358</ele></trkpt>
<trkpt lat="48.76124" lon="11.57799"><ele>358</ele></trkpt>
<trkpt lat="48.76109" lon="11.58041"><ele>358</ele></trkpt>
<trkpt lat="48.76095" lon="11.58183"><ele>358</ele></trkpt>
<trkpt lat="48.76089" lon="11.58275"><ele>358</ele></trkpt>
<trkpt lat="48.76082" lon="11.58313"><ele>358</ele></trkpt>
<trkpt lat="48.76091" lon="11.58327"><ele>358</ele></trkpt>
<trkpt lat="48.76094" lon="11.58338"><ele>358</ele></trkpt>
<trkpt lat="48.76097" lon="11.58592"><ele>357</ele></trkpt>
<trkpt lat="48.76138" lon="11.58684"><ele>357</ele></trkpt>
<trkpt lat="48.76152" lon="11.58745"><ele>357</ele></trkpt>
<trkpt lat="48.76165" lon="11.58775"><ele>357</ele></trkpt>
<trkpt lat="48.76182" lon="11.58826"><ele>357</ele></trkpt>
<trkpt lat="48.76192" lon="11.58891"><ele>357</ele></trkpt>
<trkpt lat="48.76188" lon="11.58984"><ele>357</ele></trkpt>
<trkpt lat="48.76179" lon="11.59037"><ele>356</ele></trkpt>
<trkpt lat="48.76167" lon="11.59067"><ele>357</ele></trkpt>
<trkpt lat="48.76135" lon="11.59112"><ele>357</ele></trkpt>
<trkpt lat="48.76102" lon="11.59178"><ele>357</ele></trkpt>
<trkpt lat="48.76097" lon="11.59191"><ele>357</ele></trkpt>
<trkpt lat="48.76096" lon="11.59203"><ele>357</ele></trkpt>
<trkpt lat="48.76102" lon="11.59221"><ele>356</ele></trkpt>
<trkpt lat="48.76137" lon="11.59291"><ele>357</ele></trkpt>
<trkpt lat="48.76141" lon="11.59304"><ele>357</ele></trkpt>
<trkpt lat="48.76184" lon="11.59548"><ele>357</ele></trkpt>
<trkpt lat="48.76203" lon="11.59613"><ele>360</ele></trkpt>
<trkpt lat="48.76198" lon="11.59751"><ele>357</ele></trkpt>
<trkpt lat="48.76202" lon="11.59870"><ele>356</ele></trkpt>
<trkpt lat="48.76209" lon="11.59986"><ele>356</ele></trkpt>
<trkpt lat="48.76213" lon="11.60009"><ele>356</ele></trkpt>
<trkpt lat="48.76237" lon="11.60075"><ele>356</ele></trkpt>
<trkpt lat="48.76304" lon="11.60336"><ele>356</ele></trkpt>
<trkpt lat="48.76324" lon="11.60446"><ele>356</ele></trkpt>
<trkpt lat="48.76366" lon="11.60629"><ele>356</ele></trkpt>
<trkpt lat="48.76457" lon="11.60888"><ele>355</ele></trkpt>
<trkpt lat="48.76514" lon="11.61008"><ele>356</ele></trkpt>
<trkpt lat="48.76542" lon="11.61060"><ele>355</ele></trkpt>
<trkpt lat="48.76562" lon="11.61194"><ele>356</ele></trkpt>
<trkpt lat="48.76584" lon="11.61237"><ele>356</ele></trkpt>
<trkpt lat="48.76633" lon="11.61307"><ele>355</ele></trkpt>
<trkpt lat="48.76873" lon="11.61609"><ele>355</ele></trkpt>
<trkpt lat="48.76927" lon="11.61684"><ele>355</ele></trkpt>
<trkpt lat="48.76922" lon="11.61730"><ele>355</ele></trkpt>
<trkpt lat="48.76923" lon="11.61772"><ele>354</ele></trkpt>
<trkpt lat="48.76935" lon="11.61851"><ele>355</ele></trkpt>
<trkpt lat="48.76988" lon="11.62052"><ele>355</ele></trkpt>
<trkpt lat="48.76992" lon="11.62059"><ele>355</ele></trkpt>
<trkpt lat="48.76992" lon="11.62080"><ele>355</ele></trkpt>
<trkpt lat="48.76997" lon="11.62105"><ele>355</ele></trkpt>
<trkpt lat="48.77020" lon="11.62194"><ele>355</ele></trkpt>
<trkpt lat="48.77090" lon="11.62358"><ele>356</ele></trkpt>
<trkpt lat="48.77095" lon="11.62382"><ele>356</ele></trkpt>
<trkpt lat="48.77097" lon="11.62466"><ele>355</ele></trkpt>
<trkpt lat="48.77104" lon="11.62520"><ele>355</ele></trkpt>
<trkpt lat="48.77120" lon="11.62591"><ele>356</ele></trkpt>
<trkpt lat="48.77123" lon="11.62690"><ele>356</ele></trkpt>
<trkpt lat="48.77132" lon="11.62818"><ele>356</ele></trkpt>
<trkpt lat="48.77125" lon="11.62955"><ele>355</ele></trkpt>
<trkpt lat="48.77125" lon="11.63030"><ele>358</ele></trkpt>
<trkpt lat="48.77114" lon="11.63127"><ele>357</ele></trkpt>
<trkpt lat="48.77115" lon="11.63146"><ele>358</ele></trkpt>
<trkpt lat="48.77082" lon="11.63400"><ele>358</ele></trkpt>
<trkpt lat="48.77058" lon="11.63547"><ele>357</ele></trkpt>
<trkpt lat="48.77054" lon="11.63588"><ele>358</ele></trkpt>
<trkpt lat="48.77049" lon="11.63885"><ele>356</ele></trkpt>
<trkpt lat="48.77050" lon="11.63980"><ele>357</ele></trkpt>
<trkpt lat="48.77062" lon="11.64220"><ele>356</ele></trkpt>
<trkpt lat="48.77059" lon="11.64280"><ele>357</ele></trkpt>
<trkpt lat="48.77041" lon="11.64410"><ele>354</ele></trkpt>
<trkpt lat="48.77034" lon="11.64537"><ele>355</ele></trkpt>
<trkpt lat="48.77051" lon="11.64741"><ele>357</ele></trkpt>
<trkpt lat="48.77070" lon="11.64776"><ele>356</ele></trkpt>
<trkpt lat="48.77088" lon="11.64794"><ele>355</ele></trkpt>
<trkpt lat="48.77108" lon="11.64801"><ele>356</ele></trkpt>
<trkpt lat="48.77267" lon="11.64813"><ele>355</ele></trkpt>
<trkpt lat="48.77287" lon="11.64827"><ele>355</ele></trkpt>
<trkpt lat="48.77349" lon="11.64884"><ele>356</ele></trkpt>
<trkpt lat="48.77407" lon="11.64911"><ele>356</ele></trkpt>
<trkpt lat="48.77558" lon="11.64967"><ele>356</ele></trkpt>
<trkpt lat="48.77603" lon="11.65007"><ele>355</ele></trkpt>
<trkpt lat="48.77634" lon="11.65057"><ele>356</ele></trkpt>
<trkpt lat="48.77654" lon="11.65109"><ele>354</ele></trkpt>
<trkpt lat="48.77718" lon="11.65332"><ele>355</ele></trkpt>
<trkpt lat="48.77730" lon="11.65392"><ele>354</ele></trkpt>
<trkpt lat="48.77740" lon="11.65508"><ele>354</ele></trkpt>
<trkpt lat="48.77756" lon="11.65576"><ele>354</ele></trkpt>
<trkpt lat="48.77802" lon="11.65654"><ele>356</ele></trkpt>
<trkpt lat="48.77835" lon="11.65694"><ele>357</ele></trkpt>
<trkpt lat="48.77976" lon="11.65807"><ele>357</ele></trkpt>
<trkpt lat="48.78001" lon="11.65839"><ele>356</ele></trkpt>
<trkpt lat="48.78037" lon="11.65936"><ele>354</ele></trkpt>
<trkpt lat="48.78074" lon="11.66000"><ele>356</ele></trkpt>
<trkpt lat="48.78094" lon="11.66018"><ele>355</ele></trkpt>
<trkpt lat="48.78167" lon="11.66056"><ele>356</ele></trkpt>
<trkpt lat="48.78261" lon="11.66128"><ele>354</ele></trkpt>
<trkpt lat="48.78278" lon="11.66158"><ele>356</ele></trkpt>
<trkpt lat="48.78284" lon="11.66183"><ele>354</ele></trkpt>
<trkpt lat="48.78307" lon="11.66358"><ele>355</ele></trkpt>
<trkpt lat="48.78380" lon="11.66743"><ele>354</ele></trkpt>
<trkpt lat="48.78410" lon="11.66807"><ele>354</ele></trkpt>
<trkpt lat="48.78435" lon="11.66886"><ele>354</ele></trkpt>
<trkpt lat="48.78488" lon="11.67139"><ele>353</ele></trkpt>
<trkpt lat="48.78544" lon="11.67292"><ele>354</ele></trkpt>
<trkpt lat="48.78552" lon="11.67325"><ele>355</ele></trkpt>
<trkpt lat="48.78561" lon="11.67428"><ele>354</ele></trkpt>
<trkpt lat="48.78577" lon="11.67513"><ele>354</ele></trkpt>
<trkpt lat="48.78614" lon="11.67812"><ele>355</ele></trkpt>
<trkpt lat="48.78654" lon="11.68086"><ele>353</ele></trkpt>
<trkpt lat="48.78667" lon="11.68115"><ele>357</ele></trkpt>
<trkpt lat="48.78606" lon="11.68126"><ele>356</ele></trkpt>
<trkpt lat="48.78629" lon="11.68183"><ele>353</ele></trkpt>
<trkpt lat="48.78669" lon="11.68250"><ele>354</ele></trkpt>
<trkpt lat="48.78843" lon="11.68677"><ele>353</ele></trkpt>
<trkpt lat="48.78880" lon="11.68766"><ele>353</ele></trkpt>
<trkpt lat="48.78932" lon="11.68871"><ele>353</ele></trkpt>
<trkpt lat="48.79074" lon="11.69006"><ele>353</ele></trkpt>
<trkpt lat="48.79084" lon="11.69030"><ele>355</ele></trkpt>
<trkpt lat="48.79115" lon="11.69200"><ele>355</ele></trkpt>
<trkpt lat="48.79129" lon="11.69263"><ele>353</ele></trkpt>
<trkpt lat="48.79161" lon="11.69318"><ele>354</ele></trkpt>
<trkpt lat="48.79203" lon="11.69383"><ele>355</ele></trkpt>
<trkpt lat="48.79196" lon="11.69388"><ele>356</ele></trkpt>
<trkpt lat="48.79201" lon="11.69403"><ele>355</ele></trkpt>
<trkpt lat="48.79213" lon="11.69420"><ele>354</ele></trkpt>
<trkpt lat="48.79227" lon="11.69415"><ele>354</ele></trkpt>
<trkpt lat="48.79313" lon="11.69491"><ele>353</ele></trkpt>
<trkpt lat="48.79351" lon="11.69530"><ele>353</ele></trkpt>
<trkpt lat="48.79376" lon="11.69547"><ele>353</ele></trkpt>
<trkpt lat="48.79408" lon="11.69554"><ele>354</ele></trkpt>
<trkpt lat="48.79445" lon="11.69555"><ele>354</ele></trkpt>
<trkpt lat="48.79477" lon="11.69567"><ele>352</ele></trkpt>
<trkpt lat="48.79576" lon="11.69643"><ele>352</ele></trkpt>
<trkpt lat="48.79612" lon="11.69678"><ele>352</ele></trkpt>
<trkpt lat="48.79639" lon="11.69715"><ele>354</ele></trkpt>
<trkpt lat="48.79731" lon="11.69884"><ele>352</ele></trkpt>
<trkpt lat="48.79781" lon="11.70022"><ele>353</ele></trkpt>
<trkpt lat="48.79819" lon="11.70099"><ele>352</ele></trkpt>
<trkpt lat="48.79829" lon="11.70133"><ele>352</ele></trkpt>
<trkpt lat="48.79813" lon="11.70257"><ele>352</ele></trkpt>
<trkpt lat="48.79817" lon="11.70280"><ele>352</ele></trkpt>
<trkpt lat="48.79827" lon="11.70300"><ele>352</ele></trkpt>
<trkpt lat="48.79886" lon="11.70398"><ele>353</ele></trkpt>
<trkpt lat="48.79951" lon="11.70475"><ele>353</ele></trkpt>
<trkpt lat="48.79971" lon="11.70525"><ele>354</ele></trkpt>
<trkpt lat="48.79983" lon="11.70582"><ele>352</ele></trkpt>
<trkpt lat="48.79992" lon="11.70665"><ele>352</ele></trkpt>
<trkpt lat="48.80057" lon="11.70824"><ele>353</ele></trkpt>
<trkpt lat="48.80093" lon="11.70868"><ele>352</ele></trkpt>
<trkpt lat="48.80259" lon="11.70997"><ele>352</ele></trkpt>
<trkpt lat="48.80280" lon="11.71035"><ele>354</ele></trkpt>
<trkpt lat="48.80382" lon="11.71289"><ele>352</ele></trkpt>
<trkpt lat="48.80466" lon="11.71450"><ele>352</ele></trkpt>
<trkpt lat="48.80946" lon="11.72586"><ele>354</ele></trkpt>
<trkpt lat="48.80999" lon="11.72679"><ele>352</ele></trkpt>
<trkpt lat="48.81025" lon="11.72734"><ele>352</ele></trkpt>
<trkpt lat="48.81140" lon="11.73141"><ele>353</ele></trkpt>
<trkpt lat="48.81196" lon="11.73297"><ele>352</ele></trkpt>
<trkpt lat="48.81206" lon="11.73349"><ele>350</ele></trkpt>
<trkpt lat="48.81287" lon="11.73515"><ele>350</ele></trkpt>
<trkpt lat="48.81322" lon="11.73579"><ele>351</ele></trkpt>
<trkpt lat="48.81462" lon="11.73884"><ele>351</ele></trkpt>
<trkpt lat="48.81478" lon="11.73907"><ele>351</ele></trkpt>
<trkpt lat="48.81714" lon="11.74398"><ele>350</ele></trkpt>
<trkpt lat="48.81722" lon="11.74438"><ele>350</ele></trkpt>
<trkpt lat="48.81749" lon="11.74490"><ele>352</ele></trkpt>
<trkpt lat="48.81739" lon="11.74561"><ele>349</ele></trkpt>
<trkpt lat="48.81766" lon="11.74611"><ele>348</ele></trkpt>
<trkpt lat="48.81818" lon="11.74699"><ele>350</ele></trkpt>
<trkpt lat="48.81838" lon="11.74716"><ele>350</ele></trkpt>
<trkpt lat="48.81867" lon="11.74787"><ele>350</ele></trkpt>
<trkpt lat="48.81941" lon="11.74952"><ele>351</ele></trkpt>
<trkpt lat="48.82034" lon="11.75123"><ele>350</ele></trkpt>
<trkpt lat="48.82088" lon="11.75207"><ele>350</ele></trkpt>
<trkpt lat="48.82234" lon="11.75535"><ele>349</ele></trkpt>
<trkpt lat="48.82330" lon="11.75720"><ele>351</ele></trkpt>
<trkpt lat="48.82364" lon="11.75774"><ele>350</ele></trkpt>
<trkpt lat="48.82411" lon="11.75835"><ele>350</ele></trkpt>
<trkpt lat="48.82487" lon="11.75904"><ele>350</ele></trkpt>
<trkpt lat="48.82538" lon="11.75943"><ele>350</ele></trkpt>
<trkpt lat="48.82619" lon="11.75981"><ele>350</ele></trkpt>
<trkpt lat="48.82646" lon="11.75990"><ele>349</ele></trkpt>
<trkpt lat="48.82724" lon="11.76004"><ele>350</ele></trkpt>
<trkpt lat="48.82799" lon="11.75999"><ele>350</ele></trkpt>
<trkpt lat="48.82836" lon="11.75989"><ele>349</ele></trkpt>
<trkpt lat="48.82955" lon="11.75968"><ele>350</ele></trkpt>
<trkpt lat="48.83041" lon="11.75967"><ele>350</ele></trkpt>
<trkpt lat="48.83147" lon="11.75983"><ele>350</ele></trkpt>
<trkpt lat="48.83239" lon="11.76016"><ele>349</ele></trkpt>
<trkpt lat="48.83308" lon="11.76047"><ele>349</ele></trkpt>
<trkpt lat="48.83435" lon="11.76125"><ele>349</ele></trkpt>
<trkpt lat="48.83472" lon="11.76156"><ele>349</ele></trkpt>
<trkpt lat="48.83510" lon="11.76196"><ele>349</ele></trkpt>
<trkpt lat="48.83572" lon="11.76271"><ele>349</ele></trkpt>
<trkpt lat="48.83607" lon="11.76320"><ele>348</ele></trkpt>
<trkpt lat="48.83643" lon="11.76361"><ele>350</ele></trkpt>
<trkpt lat="48.83683" lon="11.76423"><ele>348</ele></trkpt>
<trkpt lat="48.83774" lon="11.76608"><ele>350</ele></trkpt>
<trkpt lat="48.83805" lon="11.76658"><ele>350</ele></trkpt>
<trkpt lat="48.83855" lon="11.76714"><ele>349</ele></trkpt>
<trkpt lat="48.83923" lon="11.76762"><ele>349</ele></trkpt>
<trkpt lat="48.83990" lon="11.76787"><ele>349</ele></trkpt>
<trkpt lat="48.84059" lon="11.76804"><ele>351</ele></trkpt>
<trkpt lat="48.84424" lon="11.76852"><ele>349</ele></trkpt>
<trkpt lat="48.84488" lon="11.76859"><ele>350</ele></trkpt>
<trkpt lat="48.84692" lon="11.76861"><ele>351</ele></trkpt>
<trkpt lat="48.84767" lon="11.76865"><ele>350</ele></trkpt>
<trkpt lat="48.85311" lon="11.76937"><ele>348</ele></trkpt>
<trkpt lat="48.85417" lon="11.76946"><ele>349</ele></trkpt>
<trkpt lat="48.85478" lon="11.76992"><ele>347</ele></trkpt>
<trkpt lat="48.85478" lon="11.77041"><ele>348</ele></trkpt>
<trkpt lat="48.85485" lon="11.77051"><ele>349</ele></trkpt>
<trkpt lat="48.85514" lon="11.77054"><ele>348</ele></trkpt>
<trkpt lat="48.85554" lon="11.77076"><ele>348</ele></trkpt>
<trkpt lat="48.85571" lon="11.77069"><ele>348</ele></trkpt>
<trkpt lat="48.85624" lon="11.77080"><ele>348</ele></trkpt>
<trkpt lat="48.85653" lon="11.77096"><ele>348</ele></trkpt>
<trkpt lat="48.85691" lon="11.77107"><ele>347</ele></trkpt>
<trkpt lat="48.85702" lon="11.77118"><ele>348</ele></trkpt>
<trkpt lat="48.85709" lon="11.77102"><ele>347</ele></trkpt>
<trkpt lat="48.85730" lon="11.77112"><ele>348</ele></trkpt>
<trkpt lat="48.85738" lon="11.77121"><ele>348</ele></trkpt>
<trkpt lat="48.85744" lon="11.77137"><ele>348</ele></trkpt>
<trkpt lat="48.85753" lon="11.77149"><ele>348</ele></trkpt>
<trkpt lat="48.85841" lon="11.77147"><ele>347</ele></trkpt>
<trkpt lat="48.85954" lon="11.77257"><ele>346</ele></trkpt>
<trkpt lat="48.85965" lon="11.77261"><ele>346</ele></trkpt>
<trkpt lat="48.85981" lon="11.77287"><ele>347</ele></trkpt>
<trkpt lat="48.86017" lon="11.77308"><ele>348</ele></trkpt>
<trkpt lat="48.86046" lon="11.77338"><ele>348</ele></trkpt>
<trkpt lat="48.86080" lon="11.77360"><ele>347</ele></trkpt>
<trkpt lat="48.86189" lon="11.77478"><ele>346</ele></trkpt>
<trkpt lat="48.86232" lon="11.77544"><ele>346</ele></trkpt>
<trkpt lat="48.86304" lon="11.77667"><ele>347</ele></trkpt>
<trkpt lat="48.86420" lon="11.77849"><ele>346</ele></trkpt>
<trkpt lat="48.86426" lon="11.77869"><ele>346</ele></trkpt>
<trkpt lat="48.86426" lon="11.77894"><ele>346</ele></trkpt>
<trkpt lat="48.86430" lon="11.77913"><ele>347</ele></trkpt>
<trkpt lat="48.86405" lon="11.77961"><ele>347</ele></trkpt>
<trkpt lat="48.86392" lon="11.78000"><ele>348</ele></trkpt>
<trkpt lat="48.86382" lon="11.78048"><ele>350</ele></trkpt>
<trkpt lat="48.86295" lon="11.78364"><ele>362</ele></trkpt>
<trkpt lat="48.86283" lon="11.78413"><ele>365</ele></trkpt>
<trkpt lat="48.86280" lon="11.78500"><ele>368</ele></trkpt>
<trkpt lat="48.86286" lon="11.78621"><ele>374</ele></trkpt>
<trkpt lat="48.86280" lon="11.78690"><ele>376</ele></trkpt>
<trkpt lat="48.86278" lon="11.78810"><ele>381</ele></trkpt>
<trkpt lat="48.86277" lon="11.79044"><ele>392</ele></trkpt>
<trkpt lat="48.86276" lon="11.79094"><ele>393</ele></trkpt>
<trkpt lat="48.86270" lon="11.79142"><ele>395</ele></trkpt>
<trkpt lat="48.86278" lon="11.79164"><ele>396</ele></trkpt>
<trkpt lat="48.86300" lon="11.79195"><ele>397</ele></trkpt>
<trkpt lat="48.86307" lon="11.79228"><ele>398</ele></trkpt>
<trkpt lat="48.86314" lon="11.79296"><ele>398</ele></trkpt>
<trkpt lat="48.86313" lon="11.79328"><ele>397</ele></trkpt>
<trkpt lat="48.86323" lon="11.79429"><ele>394</ele></trkpt>
<trkpt lat="48.86323" lon="11.79456"><ele>392</ele></trkpt>
<trkpt lat="48.86310" lon="11.79614"><ele>388</ele></trkpt>
<trkpt lat="48.86352" lon="11.79632"><ele>387</ele></trkpt>
<trkpt lat="48.86375" lon="11.79659"><ele>387</ele></trkpt>
<trkpt lat="48.86381" lon="11.80298"><ele>381</ele></trkpt>
<trkpt lat="48.86750" lon="11.80228"><ele>380</ele></trkpt>
<trkpt lat="48.87033" lon="11.80166"><ele>379</ele></trkpt>
<trkpt lat="48.87203" lon="11.80156"><ele>378</ele></trkpt>
<trkpt lat="48.87444" lon="11.80120"><ele>371</ele></trkpt>
<trkpt lat="48.87541" lon="11.80063"><ele>370</ele></trkpt>
<trkpt lat="48.87636" lon="11.80030"><ele>369</ele></trkpt>
<trkpt lat="48.87804" lon="11.79991"><ele>369</ele></trkpt>
<trkpt lat="48.87867" lon="11.79993"><ele>368</ele></trkpt>
<trkpt lat="48.87905" lon="11.79999"><ele>367</ele></trkpt>
<trkpt lat="48.87927" lon="11.80011"><ele>368</ele></trkpt>
<trkpt lat="48.87971" lon="11.80044"><ele>367</ele></trkpt>
<trkpt lat="48.88004" lon="11.80074"><ele>366</ele></trkpt>
<trkpt lat="48.88026" lon="11.80102"><ele>365</ele></trkpt>
<trkpt lat="48.88044" lon="11.80137"><ele>366</ele></trkpt>
<trkpt lat="48.88143" lon="11.80425"><ele>362</ele></trkpt>
<trkpt lat="48.88152" lon="11.80449"><ele>362</ele></trkpt>
<trkpt lat="48.88173" lon="11.80486"><ele>362</ele></trkpt>
<trkpt lat="48.88202" lon="11.80501"><ele>361</ele></trkpt>
<trkpt lat="48.88226" lon="11.80504"><ele>361</ele></trkpt>
<trkpt lat="48.88329" lon="11.80496"><ele>360</ele></trkpt>
<trkpt lat="48.88480" lon="11.80518"><ele>355</ele></trkpt>
<trkpt lat="48.88512" lon="11.80524"><ele>354</ele></trkpt>
<trkpt lat="48.88614" lon="11.80566"><ele>352</ele></trkpt>
<trkpt lat="48.88651" lon="11.80589"><ele>351</ele></trkpt>
<trkpt lat="48.88660" lon="11.80599"><ele>350</ele></trkpt>
<trkpt lat="48.88668" lon="11.80666"><ele>349</ele></trkpt>
<trkpt lat="48.88678" lon="11.80701"><ele>349</ele></trkpt>
<trkpt lat="48.88688" lon="11.80710"><ele>349</ele></trkpt>
<trkpt lat="48.88718" lon="11.80719"><ele>347</ele></trkpt>
<trkpt lat="48.88740" lon="11.80753"><ele>348</ele></trkpt>
<trkpt lat="48.88747" lon="11.80776"><ele>347</ele></trkpt>
<trkpt lat="48.88751" lon="11.80822"><ele>346</ele></trkpt>
<trkpt lat="48.88750" lon="11.80868"><ele>346</ele></trkpt>
<trkpt lat="48.88744" lon="11.80896"><ele>346</ele></trkpt>
<trkpt lat="48.88714" lon="11.80962"><ele>346</ele></trkpt>
<trkpt lat="48.88699" lon="11.81005"><ele>345</ele></trkpt>
<trkpt lat="48.88690" lon="11.81057"><ele>345</ele></trkpt>
<trkpt lat="48.88688" lon="11.81133"><ele>345</ele></trkpt>
<trkpt lat="48.88721" lon="11.81408"><ele>344</ele></trkpt>
<trkpt lat="48.88727" lon="11.81483"><ele>345</ele></trkpt>
<trkpt lat="48.88729" lon="11.81562"><ele>345</ele></trkpt>
<trkpt lat="48.88726" lon="11.81595"><ele>345</ele></trkpt>
<trkpt lat="48.88699" lon="11.81747"><ele>345</ele></trkpt>
<trkpt lat="48.88697" lon="11.81809"><ele>345</ele></trkpt>
<trkpt lat="48.88699" lon="11.81869"><ele>345</ele></trkpt>
<trkpt lat="48.88825" lon="11.81911"><ele>344</ele></trkpt>
<trkpt lat="48.88867" lon="11.81917"><ele>344</ele></trkpt>
<trkpt lat="48.88920" lon="11.81930"><ele>345</ele></trkpt>
<trkpt lat="48.88958" lon="11.82032"><ele>344</ele></trkpt>
<trkpt lat="48.89062" lon="11.82160"><ele>345</ele></trkpt>
<trkpt lat="48.89132" lon="11.82210"><ele>344</ele></trkpt>
<trkpt lat="48.89156" lon="11.82233"><ele>344</ele></trkpt>
<trkpt lat="48.89192" lon="11.82253"><ele>344</ele></trkpt>
<trkpt lat="48.89238" lon="11.82270"><ele>344</ele></trkpt>
<trkpt lat="48.89272" lon="11.82292"><ele>344</ele></trkpt>
<trkpt lat="48.89296" lon="11.82295"><ele>344</ele></trkpt>
<trkpt lat="48.89331" lon="11.82272"><ele>344</ele></trkpt>
<trkpt lat="48.89340" lon="11.82272"><ele>345</ele></trkpt>
<trkpt lat="48.89349" lon="11.82280"><ele>348</ele></trkpt>
<trkpt lat="48.89376" lon="11.82220"><ele>346</ele></trkpt>
<trkpt lat="48.89396" lon="11.82164"><ele>350</ele></trkpt>
<trkpt lat="48.89405" lon="11.82151"><ele>350</ele></trkpt>
<trkpt lat="48.89502" lon="11.82084"><ele>347</ele></trkpt>
<trkpt lat="48.89643" lon="11.81957"><ele>354</ele></trkpt>
<trkpt lat="48.89732" lon="11.81913"><ele>348</ele></trkpt>
<trkpt lat="48.89818" lon="11.81887"><ele>345</ele></trkpt>
<trkpt lat="48.89842" lon="11.81888"><ele>345</ele></trkpt>
<trkpt lat="48.89883" lon="11.81901"><ele>344</ele></trkpt>
<trkpt lat="48.89908" lon="11.81913"><ele>345</ele></trkpt>
<trkpt lat="48.89917" lon="11.81922"><ele>345</ele></trkpt>
<trkpt lat="48.89920" lon="11.81930"><ele>345</ele></trkpt>
<trkpt lat="48.89895" lon="11.81969"><ele>346</ele></trkpt>
<trkpt lat="48.89875" lon="11.81992"><ele>354</ele></trkpt>
<trkpt lat="48.89877" lon="11.82041"><ele>356</ele></trkpt>
<trkpt lat="48.89874" lon="11.82057"><ele>358</ele></trkpt>
<trkpt lat="48.89854" lon="11.82090"><ele>364</ele></trkpt>
<trkpt lat="48.89843" lon="11.82100"><ele>365</ele></trkpt>
<trkpt lat="48.89821" lon="11.82108"><ele>370</ele></trkpt>
<trkpt lat="48.89807" lon="11.82108"><ele>372</ele></trkpt>
<trkpt lat="48.89706" lon="11.82094"><ele>390</ele></trkpt>
<trkpt lat="48.89665" lon="11.82104"><ele>398</ele></trkpt>
<trkpt lat="48.89570" lon="11.82158"><ele>408</ele></trkpt>
<trkpt lat="48.89542" lon="11.82191"><ele>408</ele></trkpt>
<trkpt lat="48.89524" lon="11.82221"><ele>409</ele></trkpt>
<trkpt lat="48.89448" lon="11.82288"><ele>403</ele></trkpt>
<trkpt lat="48.89275" lon="11.82536"><ele>376</ele></trkpt>
<trkpt lat="48.89229" lon="11.82612"><ele>370</ele></trkpt>
<trkpt lat="48.89172" lon="11.82697"><ele>360</ele></trkpt>
<trkpt lat="48.89150" lon="11.82744"><ele>358</ele></trkpt>
<trkpt lat="48.89125" lon="11.82767"><ele>354</ele></trkpt>
<trkpt lat="48.89106" lon="11.82775"><ele>352</ele></trkpt>
<trkpt lat="48.89079" lon="11.82842"><ele>354</ele></trkpt>
<trkpt lat="48.89073" lon="11.82844"><ele>354</ele></trkpt>
<trkpt lat="48.89057" lon="11.82896"><ele>354</ele></trkpt>
<trkpt lat="48.89045" lon="11.82945"><ele>356</ele></trkpt>
<trkpt lat="48.89041" lon="11.83003"><ele>358</ele></trkpt>
<trkpt lat="48.89047" lon="11.83073"><ele>360</ele></trkpt>
<trkpt lat="48.89064" lon="11.83143"><ele>364</ele></trkpt>
<trkpt lat="48.89149" lon="11.83368"><ele>377</ele></trkpt>
<trkpt lat="48.89160" lon="11.83370"><ele>379</ele></trkpt>
<trkpt lat="48.89280" lon="11.83630"><ele>403</ele></trkpt>
<trkpt lat="48.89295" lon="11.83670"><ele>406</ele></trkpt>
<trkpt lat="48.89304" lon="11.83702"><ele>407</ele></trkpt>
<trkpt lat="48.89332" lon="11.83865"><ele>410</ele></trkpt>
<trkpt lat="48.89346" lon="11.83890"><ele>408</ele></trkpt>
<trkpt lat="48.89403" lon="11.83943"><ele>406</ele></trkpt>
<trkpt lat="48.89471" lon="11.84046"><ele>417</ele></trkpt>
<trkpt lat="48.89532" lon="11.84097"><ele>421</ele></trkpt>
<trkpt lat="48.89559" lon="11.84150"><ele>424</ele></trkpt>
<trkpt lat="48.89579" lon="11.84200"><ele>426</ele></trkpt>
<trkpt lat="48.89606" lon="11.84281"><ele>429</ele></trkpt>
<trkpt lat="48.89614" lon="11.84327"><ele>432</ele></trkpt>
<trkpt lat="48.89626" lon="11.84356"><ele>434</ele></trkpt>
<trkpt lat="48.89642" lon="11.84376"><ele>434</ele></trkpt>
<trkpt lat="48.89662" lon="11.84390"><ele>435</ele></trkpt>
<trkpt lat="48.89679" lon="11.84413"><ele>438</ele></trkpt>
<trkpt lat="48.89687" lon="11.84459"><ele>442</ele></trkpt>
<trkpt lat="48.89700" lon="11.84484"><ele>445</ele></trkpt>
<trkpt lat="48.89713" lon="11.84537"><ele>448</ele></trkpt>
<trkpt lat="48.89744" lon="11.84613"><ele>453</ele></trkpt>
<trkpt lat="48.89754" lon="11.84658"><ele>456</ele></trkpt>
<trkpt lat="48.89754" lon="11.84668"><ele>456</ele></trkpt>
<trkpt lat="48.89743" lon="11.84700"><ele>456</ele></trkpt>
<trkpt lat="48.89737" lon="11.84732"><ele>458</ele></trkpt>
<trkpt lat="48.89734" lon="11.84781"><ele>458</ele></trkpt>
<trkpt lat="48.89745" lon="11.84844"><ele>460</ele></trkpt>
<trkpt lat="48.89802" lon="11.84984"><ele>462</ele></trkpt>
<trkpt lat="48.89807" lon="11.85029"><ele>462</ele></trkpt>
<trkpt lat="48.89801" lon="11.85124"><ele>460</ele></trkpt>
<trkpt lat="48.89825" lon="11.85105"><ele>461</ele></trkpt>
<trkpt lat="48.89846" lon="11.85102"><ele>462</ele></trkpt>
<trkpt lat="48.89867" lon="11.85106"><ele>462</ele></trkpt>
<trkpt lat="48.89897" lon="11.85127"><ele>462</ele></trkpt>
<trkpt lat="48.89909" lon="11.85131"><ele>461</ele></trkpt>
<trkpt lat="48.89935" lon="11.85133"><ele>460</ele></trkpt>
<trkpt lat="48.89949" lon="11.85129"><ele>460</ele></trkpt>
<trkpt lat="48.89965" lon="11.85122"><ele>458</ele></trkpt>
<trkpt lat="48.89990" lon="11.85099"><ele>457</ele></trkpt>
<trkpt lat="48.90017" lon="11.85065"><ele>456</ele></trkpt>
<trkpt lat="48.90026" lon="11.85064"><ele>456</ele></trkpt>
<trkpt lat="48.90031" lon="11.85068"><ele>456</ele></trkpt>
<trkpt lat="48.90040" lon="11.85078"><ele>457</ele></trkpt>
<trkpt lat="48.90059" lon="11.85112"><ele>458</ele></trkpt>
<trkpt lat="48.90108" lon="11.85153"><ele>459</ele></trkpt>
<trkpt lat="48.90156" lon="11.85206"><ele>462</ele></trkpt>
<trkpt lat="48.90211" lon="11.85286"><ele>462</ele></trkpt>
<trkpt lat="48.90221" lon="11.85329"><ele>460</ele></trkpt>
<trkpt lat="48.90227" lon="11.85388"><ele>458</ele></trkpt>
<trkpt lat="48.90232" lon="11.85409"><ele>457</ele></trkpt>
<trkpt lat="48.90238" lon="11.85425"><ele>456</ele></trkpt>
<trkpt lat="48.90250" lon="11.85444"><ele>454</ele></trkpt>
<trkpt lat="48.90259" lon="11.85452"><ele>453</ele></trkpt>
<trkpt lat="48.90288" lon="11.85444"><ele>450</ele></trkpt>
<trkpt lat="48.90331" lon="11.85477"><ele>453</ele></trkpt>
<trkpt lat="48.90383" lon="11.85563"><ele>459</ele></trkpt>
<trkpt lat="48.90395" lon="11.85595"><ele>460</ele></trkpt>
<trkpt lat="48.90301" lon="11.85767"><ele>469</ele></trkpt>
<trkpt lat="48.90295" lon="11.85838"><ele>472</ele></trkpt>
<trkpt lat="48.90296" lon="11.85847"><ele>472</ele></trkpt>
<trkpt lat="48.90323" lon="11.85925"><ele>472</ele></trkpt>
<trkpt lat="48.90332" lon="11.85962"><ele>472</ele></trkpt>
<trkpt lat="48.90332" lon="11.86022"><ele>472</ele></trkpt>
<trkpt lat="48.90344" lon="11.86031"><ele>472</ele></trkpt>
<trkpt lat="48.90341" lon="11.86050"><ele>471</ele></trkpt>
<trkpt lat="48.90341" lon="11.86070"><ele>470</ele></trkpt>
<trkpt lat="48.90366" lon="11.86137"><ele>470</ele></trkpt>
<trkpt lat="48.90381" lon="11.86217"><ele>470</ele></trkpt>
<trkpt lat="48.90415" lon="11.86333"><ele>473</ele></trkpt>
<trkpt lat="48.90400" lon="11.86462"><ele>475</ele></trkpt>
<trkpt lat="48.90398" lon="11.86505"><ele>476</ele></trkpt>
<trkpt lat="48.90401" lon="11.86556"><ele>477</ele></trkpt>
<trkpt lat="48.90384" lon="11.86635"><ele>480</ele></trkpt>
<trkpt lat="48.90307" lon="11.86873"><ele>489</ele></trkpt>
<trkpt lat="48.90283" lon="11.86985"><ele>492</ele></trkpt>
<trkpt lat="48.90267" lon="11.87040"><ele>492</ele></trkpt>
<trkpt lat="48.90232" lon="11.87139"><ele>494</ele></trkpt>
<trkpt lat="48.90207" lon="11.87233"><ele>493</ele></trkpt>
<trkpt lat="48.90193" lon="11.87275"><ele>492</ele></trkpt>
<trkpt lat="48.90171" lon="11.87370"><ele>491</ele></trkpt>
<trkpt lat="48.90161" lon="11.87475"><ele>490</ele></trkpt>
<trkpt lat="48.90163" lon="11.87509"><ele>488</ele></trkpt>
<trkpt lat="48.90163" lon="11.87613"><ele>486</ele></trkpt>
<trkpt lat="48.90173" lon="11.87719"><ele>482</ele></trkpt>
<trkpt lat="48.90165" lon="11.87845"><ele>480</ele></trkpt>
<trkpt lat="48.90154" lon="11.87883"><ele>478</ele></trkpt>
<trkpt lat="48.90146" lon="11.88008"><ele>474</ele></trkpt>
<trkpt lat="48.90127" lon="11.88215"><ele>470</ele></trkpt>
<trkpt lat="48.90133" lon="11.88413"><ele>466</ele></trkpt>
<trkpt lat="48.90126" lon="11.88412"><ele>466</ele></trkpt>
<trkpt lat="48.90082" lon="11.88367"><ele>466</ele></trkpt>
<trkpt lat="48.89981" lon="11.88355"><ele>458</ele></trkpt>
<trkpt lat="48.89935" lon="11.88340"><ele>454</ele></trkpt>
<trkpt lat="48.89917" lon="11.88543"><ele>447</ele></trkpt>
<trkpt lat="48.89917" lon="11.88597"><ele>446</ele></trkpt>
<trkpt lat="48.89918" lon="11.88636"><ele>444</ele></trkpt>
<trkpt lat="48.89934" lon="11.88678"><ele>445</ele></trkpt>
<trkpt lat="48.89935" lon="11.88692"><ele>444</ele></trkpt>
<trkpt lat="48.89888" lon="11.88842"><ele>434</ele></trkpt>
<trkpt lat="48.89871" lon="11.88912"><ele>431</ele></trkpt>
<trkpt lat="48.89851" lon="11.88964"><ele>427</ele></trkpt>
<trkpt lat="48.89837" lon="11.89025"><ele>424</ele></trkpt>
<trkpt lat="48.89836" lon="11.89078"><ele>422</ele></trkpt>
<trkpt lat="48.89832" lon="11.89100"><ele>421</ele></trkpt>
<trkpt lat="48.89828" lon="11.89110"><ele>421</ele></trkpt>
<trkpt lat="48.89842" lon="11.89138"><ele>420</ele></trkpt>
<trkpt lat="48.89859" lon="11.89194"><ele>416</ele></trkpt>
<trkpt lat="48.89869" lon="11.89216"><ele>416</ele></trkpt>
<trkpt lat="48.89934" lon="11.89322"><ele>400</ele></trkpt>
<trkpt lat="48.89945" lon="11.89394"><ele>396</ele></trkpt>
<trkpt lat="48.89944" lon="11.89474"><ele>393</ele></trkpt>
<trkpt lat="48.89957" lon="11.89500"><ele>392</ele></trkpt>
<trkpt lat="48.89978" lon="11.89508"><ele>390</ele></trkpt>
<trkpt lat="48.90005" lon="11.89497"><ele>388</ele></trkpt>
<trkpt lat="48.90030" lon="11.89494"><ele>388</ele></trkpt>
<trkpt lat="48.90063" lon="11.89504"><ele>387</ele></trkpt>
<trkpt lat="48.90118" lon="11.89551"><ele>386</ele></trkpt>
<trkpt lat="48.90165" lon="11.89577"><ele>383</ele></trkpt>
<trkpt lat="48.90279" lon="11.89617"><ele>367</ele></trkpt>
<trkpt lat="48.90317" lon="11.89619"><ele>364</ele></trkpt>
<trkpt lat="48.90364" lon="11.89646"><ele>361</ele></trkpt>
<trkpt lat="48.90465" lon="11.89676"><ele>355</ele></trkpt>
<trkpt lat="48.90477" lon="11.89685"><ele>354</ele></trkpt>
<trkpt lat="48.90483" lon="11.89696"><ele>354</ele></trkpt>
<trkpt lat="48.90484" lon="11.89785"><ele>354</ele></trkpt>
<trkpt lat="48.90564" lon="11.89803"><ele>350</ele></trkpt>
<trkpt lat="48.90572" lon="11.89753"><ele>351</ele></trkpt>
<trkpt lat="48.90597" lon="11.89652"><ele>350</ele></trkpt>
<trkpt lat="48.90654" lon="11.89476"><ele>350</ele></trkpt>
<trkpt lat="48.90681" lon="11.89324"><ele>349</ele></trkpt>
<trkpt lat="48.90704" lon="11.89214"><ele>348</ele></trkpt>
<trkpt lat="48.90713" lon="11.89175"><ele>348</ele></trkpt>
<trkpt lat="48.90721" lon="11.89168"><ele>348</ele></trkpt>
<trkpt lat="48.90745" lon="11.89159"><ele>348</ele></trkpt>
<trkpt lat="48.90830" lon="11.89157"><ele>348</ele></trkpt>
<trkpt lat="48.90930" lon="11.89169"><ele>347</ele></trkpt>
<trkpt lat="48.91009" lon="11.89191"><ele>347</ele></trkpt>
<trkpt lat="48.91238" lon="11.89281"><ele>345</ele></trkpt>
<trkpt lat="48.91255" lon="11.89292"><ele>344</ele></trkpt>
<trkpt lat="48.91262" lon="11.89301"><ele>344</ele></trkpt>
<trkpt lat="48.91267" lon="11.89301"><ele>344</ele></trkpt>
<trkpt lat="48.91274" lon="11.89287"><ele>344</ele></trkpt>
<trkpt lat="48.91272" lon="11.89278"><ele>344</ele></trkpt>
<trkpt lat="48.91267" lon="11.89273"><ele>344</ele></trkpt>
<trkpt lat="48.91276" lon="11.89240"><ele>344</ele></trkpt>
<trkpt lat="48.91330" lon="11.88985"><ele>345</ele></trkpt>
<trkpt lat="48.91348" lon="11.88914"><ele>344</ele></trkpt>
<trkpt lat="48.91382" lon="11.88797"><ele>344</ele></trkpt>
<trkpt lat="48.91420" lon="11.88709"><ele>344</ele></trkpt>
<trkpt lat="48.91431" lon="11.88719"><ele>344</ele></trkpt>
<trkpt lat="48.91443" lon="11.88723"><ele>344</ele></trkpt>
<trkpt lat="48.91558" lon="11.88738"><ele>345</ele></trkpt>
<trkpt lat="48.91699" lon="11.88752"><ele>345</ele></trkpt>
<trkpt lat="48.91778" lon="11.88755"><ele>345</ele></trkpt>
<trkpt lat="48.91784" lon="11.88660"><ele>345</ele></trkpt>
<trkpt lat="48.91792" lon="11.88585"><ele>344</ele></trkpt>
<trkpt lat="48.91804" lon="11.88514"><ele>344</ele></trkpt>
<trkpt lat="48.91832" lon="11.88425"><ele>343</ele></trkpt>
<trkpt lat="48.91902" lon="11.88249"><ele>342</ele></trkpt>
<trkpt lat="48.91915" lon="11.88205"><ele>343</ele></trkpt>
<trkpt lat="48.91928" lon="11.88145"><ele>343</ele></trkpt>
<trkpt lat="48.91930" lon="11.88122"><ele>342</ele></trkpt>
<trkpt lat="48.91885" lon="11.88054"><ele>343</ele></trkpt>
<trkpt lat="48.91861" lon="11.88010"><ele>344</ele></trkpt>
<trkpt lat="48.91755" lon="11.87770"><ele>346</ele></trkpt>
<trkpt lat="48.91752" lon="11.87731"><ele>348</ele></trkpt>
<trkpt lat="48.91763" lon="11.87712"><ele>347</ele></trkpt>
<trkpt lat="48.91774" lon="11.87681"><ele>347</ele></trkpt>
<trkpt lat="48.91793" lon="11.87662"><ele>345</ele></trkpt>
<trkpt lat="48.91791" lon="11.87617"><ele>345</ele></trkpt>
<trkpt lat="48.91799" lon="11.87605"><ele>344</ele></trkpt>
<trkpt lat="48.91819" lon="11.87495"><ele>342</ele></trkpt>
<trkpt lat="48.91826" lon="11.87510"><ele>342</ele></trkpt>
<trkpt lat="48.91888" lon="11.87543"><ele>341</ele></trkpt>
<trkpt lat="48.91891" lon="11.87557"><ele>342</ele></trkpt>
<trkpt lat="48.91903" lon="11.87576"><ele>343</ele></trkpt>
<trkpt lat="48.91911" lon="11.87581"><ele>343</ele></trkpt>
<trkpt lat="48.91936" lon="11.87577"><ele>340</ele></trkpt>
<trkpt lat="48.91965" lon="11.87523"><ele>340</ele></trkpt>
<trkpt lat="48.92014" lon="11.87417"><ele>341</ele></trkpt>
<trkpt lat="48.92127" lon="11.87079"><ele>341</ele></trkpt>
<trkpt lat="48.92161" lon="11.86966"><ele>340</ele></trkpt>
<trkpt lat="48.92181" lon="11.86887"><ele>341</ele></trkpt>
<trkpt lat="48.92196" lon="11.86818"><ele>343</ele></trkpt>
<trkpt lat="48.92197" lon="11.86782"><ele>344</ele></trkpt>
<trkpt lat="48.92207" lon="11.86714"><ele>343</ele></trkpt>
<trkpt lat="48.92226" lon="11.86672"><ele>342</ele></trkpt>
<trkpt lat="48.92230" lon="11.86655"><ele>342</ele></trkpt>
<trkpt lat="48.92283" lon="11.86277"><ele>342</ele></trkpt>
<trkpt lat="48.92291" lon="11.86203"><ele>341</ele></trkpt>
<trkpt lat="48.92296" lon="11.86115"><ele>341</ele></trkpt>
<trkpt lat="48.92294" lon="11.85989"><ele>341</ele></trkpt>
<trkpt lat="48.92284" lon="11.85968"><ele>342</ele></trkpt>
<trkpt lat="48.92231" lon="11.85953"><ele>344</ele></trkpt>
<trkpt lat="48.92251" lon="11.85824"><ele>344</ele></trkpt>
<trkpt lat="48.92280" lon="11.85606"><ele>344</ele></trkpt>
<trkpt lat="48.92301" lon="11.85343"><ele>343</ele></trkpt>
<trkpt lat="48.92299" lon="11.85307"><ele>343</ele></trkpt>
<trkpt lat="48.92279" lon="11.85212"><ele>346</ele></trkpt>
<trkpt lat="48.92279" lon="11.85143"><ele>349</ele></trkpt>
<trkpt lat="48.92243" lon="11.85143"><ele>350</ele></trkpt>
<trkpt lat="48.92222" lon="11.85155"><ele>351</ele></trkpt>
<trkpt lat="48.92209" lon="11.85168"><ele>354</ele></trkpt>
<trkpt lat="48.92193" lon="11.85190"><ele>356</ele></trkpt>
<trkpt lat="48.92185" lon="11.85208"><ele>357</ele></trkpt>
<trkpt lat="48.92165" lon="11.85269"><ele>360</ele></trkpt>
<trkpt lat="48.92169" lon="11.85151"><ele>362</ele></trkpt>
<trkpt lat="48.92168" lon="11.84938"><ele>366</ele></trkpt>
<trkpt lat="48.92172" lon="11.84778"><ele>367</ele></trkpt>
<trkpt lat="48.92201" lon="11.84530"><ele>366</ele></trkpt>
<trkpt lat="48.92247" lon="11.84294"><ele>359</ele></trkpt>
<trkpt lat="48.92276" lon="11.83911"><ele>360</ele></trkpt>
<trkpt lat="48.92261" lon="11.83717"><ele>365</ele></trkpt>
<trkpt lat="48.92264" lon="11.83670"><ele>365</ele></trkpt>
<trkpt lat="48.92276" lon="11.83627"><ele>365</ele></trkpt>
<trkpt lat="48.92333" lon="11.83473"><ele>362</ele></trkpt>
<trkpt lat="48.92371" lon="11.83333"><ele>358</ele></trkpt>
<trkpt lat="48.92438" lon="11.82909"><ele>355</ele></trkpt>
<trkpt lat="48.92469" lon="11.82894"><ele>350</ele></trkpt>
<trkpt lat="48.92494" lon="11.82793"><ele>350</ele></trkpt>
<trkpt lat="48.92524" lon="11.82707"><ele>348</ele></trkpt>
<trkpt lat="48.92540" lon="11.82631"><ele>348</ele></trkpt>
<trkpt lat="48.92554" lon="11.82587"><ele>348</ele></trkpt>
<trkpt lat="48.92561" lon="11.82539"><ele>348</ele></trkpt>
<trkpt lat="48.92578" lon="11.82353"><ele>348</ele></trkpt>
<trkpt lat="48.92576" lon="11.82299"><ele>348</ele></trkpt>
<trkpt lat="48.92583" lon="11.82031"><ele>348</ele></trkpt>
<trkpt lat="48.92582" lon="11.81934"><ele>348</ele></trkpt>
<trkpt lat="48.92571" lon="11.81767"><ele>349</ele></trkpt>
<trkpt lat="48.92549" lon="11.81590"><ele>349</ele></trkpt>
<trkpt lat="48.92527" lon="11.81456"><ele>348</ele></trkpt>
<trkpt lat="48.92510" lon="11.81379"><ele>348</ele></trkpt>
<trkpt lat="48.92493" lon="11.81333"><ele>349</ele></trkpt>
<trkpt lat="48.92474" lon="11.81301"><ele>348</ele></trkpt>
<trkpt lat="48.92434" lon="11.81216"><ele>347</ele></trkpt>
<trkpt lat="48.92371" lon="11.81124"><ele>348</ele></trkpt>
<trkpt lat="48.92288" lon="11.80880"><ele>347</ele></trkpt>
<trkpt lat="48.92265" lon="11.80769"><ele>348</ele></trkpt>
<trkpt lat="48.92249" lon="11.80705"><ele>348</ele></trkpt>
<trkpt lat="48.92227" lon="11.80579"><ele>351</ele></trkpt>
<trkpt lat="48.92220" lon="11.80488"><ele>352</ele></trkpt>
<trkpt lat="48.92218" lon="11.80412"><ele>353</ele></trkpt>
<trkpt lat="48.92227" lon="11.80265"><ele>355</ele></trkpt>
<trkpt lat="48.92240" lon="11.80193"><ele>356</ele></trkpt>
<trkpt lat="48.92251" lon="11.80150"><ele>356</ele></trkpt>
<trkpt lat="48.92278" lon="11.80057"><ele>357</ele></trkpt>
<trkpt lat="48.92380" lon="11.79823"><ele>352</ele></trkpt>
<trkpt lat="48.92421" lon="11.79739"><ele>352</ele></trkpt>
<trkpt lat="48.92489" lon="11.79648"><ele>350</ele></trkpt>
<trkpt lat="48.92541" lon="11.79563"><ele>349</ele></trkpt>
<trkpt lat="48.92614" lon="11.79498"><ele>349</ele></trkpt>
<trkpt lat="48.92630" lon="11.79480"><ele>350</ele></trkpt>
<trkpt lat="48.92641" lon="11.79442"><ele>351</ele></trkpt>
<trkpt lat="48.92582" lon="11.79343"><ele>354</ele></trkpt>
<trkpt lat="48.92571" lon="11.79318"><ele>358</ele></trkpt>
<trkpt lat="48.92499" lon="11.79089"><ele>364</ele></trkpt>
<trkpt lat="48.92465" lon="11.79043"><ele>368</ele></trkpt>
<trkpt lat="48.92461" lon="11.79025"><ele>368</ele></trkpt>
<trkpt lat="48.92452" lon="11.79022"><ele>368</ele></trkpt>
<trkpt lat="48.92432" lon="11.78959"><ele>371</ele></trkpt>
<trkpt lat="48.92412" lon="11.78935"><ele>372</ele></trkpt>
<trkpt lat="48.92400" lon="11.78913"><ele>372</ele></trkpt>
<trkpt lat="48.92374" lon="11.78798"><ele>376</ele></trkpt>
<trkpt lat="48.92362" lon="11.78762"><ele>377</ele></trkpt>
<trkpt lat="48.92343" lon="11.78728"><ele>378</ele></trkpt>
<trkpt lat="48.92269" lon="11.78632"><ele>382</ele></trkpt>
<trkpt lat="48.92277" lon="11.78601"><ele>384</ele></trkpt>
<trkpt lat="48.92277" lon="11.78555"><ele>386</ele></trkpt>
<trkpt lat="48.92283" lon="11.78479"><ele>389</ele></trkpt>
<trkpt lat="48.92306" lon="11.78352"><ele>396</ele></trkpt>
<trkpt lat="48.92308" lon="11.78322"><ele>398</ele></trkpt>
<trkpt lat="48.92290" lon="11.78050"><ele>414</ele></trkpt>
<trkpt lat="48.92273" lon="11.77937"><ele>421</ele></trkpt>
<trkpt lat="48.92273" lon="11.77840"><ele>425</ele></trkpt>
<trkpt lat="48.92282" lon="11.77762"><ele>428</ele></trkpt>
<trkpt lat="48.92297" lon="11.77720"><ele>430</ele></trkpt>
<trkpt lat="48.92322" lon="11.77670"><ele>433</ele></trkpt>
<trkpt lat="48.92337" lon="11.77650"><ele>434</ele></trkpt>
<trkpt lat="48.92375" lon="11.77627"><ele>436</ele></trkpt>
<trkpt lat="48.92566" lon="11.77636"><ele>438</ele></trkpt>
<trkpt lat="48.92810" lon="11.77564"><ele>444</ele></trkpt>
<trkpt lat="48.92928" lon="11.77534"><ele>442</ele></trkpt>
<trkpt lat="48.92962" lon="11.77554"><ele>442</ele></trkpt>
<trkpt lat="48.92980" lon="11.77559"><ele>442</ele></trkpt>
<trkpt lat="48.93000" lon="11.77555"><ele>443</ele></trkpt>
<trkpt lat="48.93010" lon="11.77547"><ele>444</ele></trkpt>
<trkpt lat="48.93015" lon="11.77537"><ele>444</ele></trkpt>
<trkpt lat="48.93000" lon="11.77555"><ele>443</ele></trkpt>
<trkpt lat="48.92980" lon="11.77559"><ele>442</ele></trkpt>
<trkpt lat="48.92962" lon="11.77554"><ele>442</ele></trkpt>
<trkpt lat="48.92928" lon="11.77534"><ele>442</ele></trkpt>
<trkpt lat="48.92996" lon="11.77014"><ele>401</ele></trkpt>
<trkpt lat="48.93001" lon="11.76858"><ele>392</ele></trkpt>
<trkpt lat="48.93020" lon="11.76806"><ele>392</ele></trkpt>
<trkpt lat="48.93100" lon="11.76710"><ele>388</ele></trkpt>
<trkpt lat="48.93134" lon="11.76676"><ele>387</ele></trkpt>
<trkpt lat="48.93160" lon="11.76666"><ele>385</ele></trkpt>
<trkpt lat="48.93179" lon="11.76666"><ele>384</ele></trkpt>
<trkpt lat="48.93234" lon="11.76676"><ele>383</ele></trkpt>
<trkpt lat="48.93291" lon="11.76660"><ele>381</ele></trkpt>
<trkpt lat="48.93352" lon="11.76659"><ele>377</ele></trkpt>
<trkpt lat="48.93433" lon="11.76615"><ele>374</ele></trkpt>
<trkpt lat="48.93486" lon="11.76607"><ele>372</ele></trkpt>
<trkpt lat="48.93552" lon="11.76610"><ele>367</ele></trkpt>
<trkpt lat="48.93596" lon="11.76632"><ele>366</ele></trkpt>
<trkpt lat="48.93635" lon="11.76659"><ele>363</ele></trkpt>
<trkpt lat="48.93698" lon="11.76691"><ele>360</ele></trkpt>
<trkpt lat="48.93746" lon="11.76731"><ele>357</ele></trkpt>
<trkpt lat="48.93788" lon="11.76778"><ele>352</ele></trkpt>
<trkpt lat="48.93839" lon="11.76818"><ele>349</ele></trkpt>
<trkpt lat="48.93873" lon="11.76850"><ele>348</ele></trkpt>
<trkpt lat="48.93887" lon="11.76854"><ele>348</ele></trkpt>
<trkpt lat="48.93906" lon="11.76841"><ele>347</ele></trkpt>
<trkpt lat="48.93907" lon="11.76806"><ele>347</ele></trkpt>
<trkpt lat="48.93916" lon="11.76759"><ele>348</ele></trkpt>
<trkpt lat="48.93921" lon="11.76691"><ele>348</ele></trkpt>
<trkpt lat="48.93924" lon="11.76493"><ele>349</ele></trkpt>
<trkpt lat="48.93933" lon="11.76353"><ele>348</ele></trkpt>
<trkpt lat="48.93940" lon="11.76160"><ele>350</ele></trkpt>
<trkpt lat="48.93950" lon="11.75971"><ele>348</ele></trkpt>
<trkpt lat="48.93938" lon="11.75910"><ele>348</ele></trkpt>
<trkpt lat="48.93937" lon="11.75880"><ele>348</ele></trkpt>
<trkpt lat="48.93952" lon="11.75814"><ele>347</ele></trkpt>
<trkpt lat="48.93952" lon="11.75753"><ele>348</ele></trkpt>
<trkpt lat="48.93958" lon="11.75673"><ele>348</ele></trkpt>
<trkpt lat="48.93956" lon="11.75647"><ele>348</ele></trkpt>
<trkpt lat="48.93951" lon="11.75633"><ele>348</ele></trkpt>
<trkpt lat="48.93932" lon="11.75604"><ele>348</ele></trkpt>
<trkpt lat="48.93894" lon="11.75487"><ele>350</ele></trkpt>
<trkpt lat="48.93889" lon="11.75456"><ele>349</ele></trkpt>
<trkpt lat="48.93889" lon="11.75400"><ele>349</ele></trkpt>
<trkpt lat="48.93899" lon="11.75252"><ele>350</ele></trkpt>
<trkpt lat="48.93913" lon="11.75182"><ele>349</ele></trkpt>
<trkpt lat="48.93929" lon="11.75123"><ele>349</ele></trkpt>
<trkpt lat="48.93945" lon="11.75026"><ele>349</ele></trkpt>
<trkpt lat="48.93976" lon="11.74898"><ele>350</ele></trkpt>
<trkpt lat="48.93985" lon="11.74878"><ele>350</ele></trkpt>
<trkpt lat="48.94079" lon="11.74727"><ele>350</ele></trkpt>
<trkpt lat="48.94147" lon="11.74627"><ele>350</ele></trkpt>
<trkpt lat="48.94233" lon="11.74482"><ele>351</ele></trkpt>
<trkpt lat="48.94287" lon="11.74409"><ele>350</ele></trkpt>
<trkpt lat="48.94364" lon="11.74329"><ele>350</ele></trkpt>
<trkpt lat="48.94461" lon="11.74277"><ele>349</ele></trkpt>
<trkpt lat="48.94517" lon="11.74200"><ele>349</ele></trkpt>
<trkpt lat="48.94563" lon="11.74164"><ele>349</ele></trkpt>
<trkpt lat="48.94581" lon="11.74126"><ele>350</ele></trkpt>
<trkpt lat="48.94584" lon="11.74109"><ele>351</ele></trkpt>
<trkpt lat="48.94583" lon="11.74090"><ele>352</ele></trkpt>
<trkpt lat="48.94573" lon="11.74060"><ele>353</ele></trkpt>
<trkpt lat="48.94554" lon="11.74084"><ele>354</ele></trkpt>
<trkpt lat="48.94552" lon="11.74109"><ele>354</ele></trkpt>
<trkpt lat="48.94556" lon="11.74124"><ele>353</ele></trkpt>
<trkpt lat="48.94638" lon="11.74300"><ele>356</ele></trkpt>
<trkpt lat="48.94647" lon="11.74314"><ele>360</ele></trkpt>
<trkpt lat="48.94751" lon="11.74131"><ele>352</ele></trkpt>
<trkpt lat="48.94859" lon="11.73986"><ele>352</ele></trkpt>
<trkpt lat="48.94918" lon="11.73921"><ele>352</ele></trkpt>
<trkpt lat="48.94937" lon="11.73896"><ele>352</ele></trkpt>
<trkpt lat="48.94936" lon="11.73889"><ele>352</ele></trkpt>
<trkpt lat="48.94945" lon="11.73860"><ele>350</ele></trkpt>
<trkpt lat="48.94932" lon="11.73840"><ele>349</ele></trkpt>
<trkpt lat="48.94970" lon="11.73770"><ele>348</ele></trkpt>
<trkpt lat="48.94991" lon="11.73744"><ele>350</ele></trkpt>
<trkpt lat="48.95018" lon="11.73696"><ele>349</ele></trkpt>
<trkpt lat="48.95045" lon="11.73629"><ele>349</ele></trkpt>
<trkpt lat="48.95054" lon="11.73591"><ele>349</ele></trkpt>
<trkpt lat="48.95066" lon="11.73584"><ele>349</ele></trkpt>
<trkpt lat="48.95080" lon="11.73585"><ele>349</ele></trkpt>
<trkpt lat="48.95119" lon="11.73549"><ele>350</ele></trkpt>
<trkpt lat="48.95150" lon="11.73496"><ele>350</ele></trkpt>
<trkpt lat="48.95181" lon="11.73419"><ele>350</ele></trkpt>
<trkpt lat="48.95190" lon="11.73394"><ele>349</ele></trkpt>
<trkpt lat="48.95200" lon="11.73347"><ele>349</ele></trkpt>
<trkpt lat="48.95195" lon="11.73323"><ele>349</ele></trkpt>
<trkpt lat="48.95250" lon="11.73196"><ele>349</ele></trkpt>
<trkpt lat="48.95259" lon="11.73164"><ele>350</ele></trkpt>
<trkpt lat="48.95339" lon="11.72640"><ele>351</ele></trkpt>
<trkpt lat="48.95384" lon="11.72419"><ele>351</ele></trkpt>
<trkpt lat="48.95419" lon="11.72275"><ele>350</ele></trkpt>
<trkpt lat="48.95418" lon="11.72258"><ele>350</ele></trkpt>
<trkpt lat="48.95407" lon="11.72223"><ele>350</ele></trkpt>
<trkpt lat="48.95404" lon="11.72177"><ele>349</ele></trkpt>
<trkpt lat="48.95414" lon="11.72117"><ele>350</ele></trkpt>
<trkpt lat="48.95439" lon="11.72041"><ele>350</ele></trkpt>
<trkpt lat="48.95450" lon="11.72001"><ele>350</ele></trkpt>
<trkpt lat="48.95465" lon="11.71895"><ele>349</ele></trkpt>
<trkpt lat="48.95475" lon="11.71684"><ele>350</ele></trkpt>
<trkpt lat="48.95487" lon="11.71586"><ele>348</ele></trkpt>
<trkpt lat="48.95517" lon="11.71405"><ele>348</ele></trkpt>
<trkpt lat="48.95555" lon="11.71075"><ele>350</ele></trkpt>
<trkpt lat="48.95564" lon="11.71013"><ele>349</ele></trkpt>
<trkpt lat="48.95580" lon="11.70943"><ele>350</ele></trkpt>
<trkpt lat="48.95588" lon="11.70884"><ele>349</ele></trkpt>
<trkpt lat="48.95595" lon="11.70826"><ele>348</ele></trkpt>
<trkpt lat="48.95601" lon="11.70716"><ele>349</ele></trkpt>
<trkpt lat="48.95610" lon="11.70691"><ele>350</ele></trkpt>
<trkpt lat="48.95666" lon="11.70652"><ele>350</ele></trkpt>
<trkpt lat="48.95689" lon="11.70623"><ele>350</ele></trkpt>
<trkpt lat="48.95695" lon="11.70608"><ele>350</ele></trkpt>
<trkpt lat="48.95704" lon="11.70561"><ele>350</ele></trkpt>
<trkpt lat="48.95701" lon="11.70495"><ele>350</ele></trkpt>
<trkpt lat="48.95696" lon="11.70471"><ele>350</ele></trkpt>
<trkpt lat="48.95655" lon="11.70383"><ele>349</ele></trkpt>
<trkpt lat="48.95655" lon="11.70353"><ele>349</ele></trkpt>
<trkpt lat="48.95702" lon="11.70151"><ele>350</ele></trkpt>
<trkpt lat="48.95716" lon="11.70061"><ele>350</ele></trkpt>
<trkpt lat="48.95755" lon="11.69979"><ele>350</ele></trkpt>
<trkpt lat="48.95762" lon="11.69952"><ele>350</ele></trkpt>
<trkpt lat="48.95768" lon="11.69923"><ele>350</ele></trkpt>
<trkpt lat="48.95775" lon="11.69799"><ele>350</ele></trkpt>
<trkpt lat="48.95816" lon="11.69617"><ele>349</ele></trkpt>
<trkpt lat="48.95926" lon="11.69271"><ele>350</ele></trkpt>
<trkpt lat="48.95936" lon="11.69253"><ele>349</ele></trkpt>
<trkpt lat="48.95974" lon="11.69213"><ele>350</ele></trkpt>
<trkpt lat="48.96003" lon="11.69167"><ele>349</ele></trkpt>
<trkpt lat="48.96046" lon="11.69108"><ele>352</ele></trkpt>
<trkpt lat="48.96049" lon="11.69091"><ele>351</ele></trkpt>
<trkpt lat="48.96047" lon="11.69070"><ele>351</ele></trkpt>
<trkpt lat="48.96041" lon="11.69053"><ele>350</ele></trkpt>
<trkpt lat="48.96040" lon="11.69028"><ele>350</ele></trkpt>
<trkpt lat="48.96045" lon="11.69009"><ele>350</ele></trkpt>
<trkpt lat="48.96052" lon="11.68996"><ele>350</ele></trkpt>
<trkpt lat="48.96065" lon="11.68987"><ele>350</ele></trkpt>
<trkpt lat="48.96111" lon="11.68983"><ele>351</ele></trkpt>
<trkpt lat="48.96124" lon="11.68974"><ele>352</ele></trkpt>
<trkpt lat="48.96154" lon="11.68996"><ele>354</ele></trkpt>
<trkpt lat="48.96179" lon="11.68903"><ele>354</ele></trkpt>
<trkpt lat="48.96197" lon="11.68849"><ele>353</ele></trkpt>
<trkpt lat="48.96242" lon="11.68754"><ele>352</ele></trkpt>
<trkpt lat="48.96319" lon="11.68626"><ele>352</ele></trkpt>
<trkpt lat="48.96328" lon="11.68620"><ele>352</ele></trkpt>
<trkpt lat="48.96342" lon="11.68623"><ele>353</ele></trkpt>
<trkpt lat="48.96356" lon="11.68642"><ele>354</ele></trkpt>
<trkpt lat="48.96383" lon="11.68694"><ele>356</ele></trkpt>
<trkpt lat="48.96421" lon="11.68610"><ele>355</ele></trkpt>
<trkpt lat="48.96452" lon="11.68560"><ele>354</ele></trkpt>
<trkpt lat="48.96457" lon="11.68548"><ele>353</ele></trkpt>
<trkpt lat="48.96460" lon="11.68534"><ele>353</ele></trkpt>
<trkpt lat="48.96457" lon="11.68499"><ele>351</ele></trkpt>
<trkpt lat="48.96448" lon="11.68463"><ele>350</ele></trkpt>
<trkpt lat="48.96442" lon="11.68468"><ele>350</ele></trkpt>
<trkpt lat="48.96442" lon="11.68457"><ele>350</ele></trkpt>
<trkpt lat="48.96469" lon="11.68425"><ele>350</ele></trkpt>
<trkpt lat="48.96485" lon="11.68392"><ele>348</ele></trkpt>
<trkpt lat="48.96521" lon="11.68369"><ele>349</ele></trkpt>
<trkpt lat="48.96547" lon="11.68358"><ele>349</ele></trkpt>
<trkpt lat="48.96592" lon="11.68344"><ele>349</ele></trkpt>
<trkpt lat="48.96620" lon="11.68341"><ele>349</ele></trkpt>
<trkpt lat="48.96654" lon="11.68329"><ele>349</ele></trkpt>
<trkpt lat="48.96692" lon="11.68305"><ele>350</ele></trkpt>
<trkpt lat="48.96783" lon="11.68298"><ele>350</ele></trkpt>
<trkpt lat="48.96830" lon="11.68303"><ele>350</ele></trkpt>
<trkpt lat="48.96872" lon="11.68312"><ele>349</ele></trkpt>
<trkpt lat="48.96931" lon="11.68331"><ele>350</ele></trkpt>
<trkpt lat="48.97028" lon="11.68388"><ele>349</ele></trkpt>
<trkpt lat="48.97066" lon="11.68420"><ele>350</ele></trkpt>
<trkpt lat="48.97129" lon="11.68485"><ele>350</ele></trkpt>
<trkpt lat="48.97315" lon="11.68710"><ele>350</ele></trkpt>
<trkpt lat="48.97332" lon="11.68733"><ele>350</ele></trkpt>
<trkpt lat="48.97342" lon="11.68759"><ele>351</ele></trkpt>
<trkpt lat="48.97345" lon="11.68774"><ele>352</ele></trkpt>
<trkpt lat="48.97343" lon="11.68795"><ele>355</ele></trkpt>
<trkpt lat="48.97347" lon="11.68812"><ele>356</ele></trkpt>
<trkpt lat="48.97389" lon="11.68875"><ele>356</ele></trkpt>
<trkpt lat="48.97403" lon="11.68881"><ele>356</ele></trkpt>
<trkpt lat="48.97555" lon="11.68614"><ele>356</ele></trkpt>
<trkpt lat="48.97645" lon="11.68687"><ele>358</ele></trkpt>
<trkpt lat="48.97673" lon="11.68704"><ele>358</ele></trkpt>
<trkpt lat="48.97926" lon="11.68770"><ele>370</ele></trkpt>
<trkpt lat="48.98022" lon="11.68771"><ele>372</ele></trkpt>
<trkpt lat="48.98048" lon="11.68765"><ele>372</ele></trkpt>
<trkpt lat="48.98043" lon="11.68704"><ele>376</ele></trkpt>
<trkpt lat="48.98043" lon="11.68653"><ele>380</ele></trkpt>
<trkpt lat="48.98059" lon="11.68562"><ele>388</ele></trkpt>
<trkpt lat="48.98082" lon="11.68485"><ele>395</ele></trkpt>
<trkpt lat="48.98104" lon="11.68438"><ele>398</ele></trkpt>
<trkpt lat="48.98106" lon="11.68416"><ele>401</ele></trkpt>
<trkpt lat="48.98098" lon="11.68369"><ele>406</ele></trkpt>
<trkpt lat="48.98095" lon="11.68311"><ele>414</ele></trkpt>
<trkpt lat="48.98086" lon="11.68305"><ele>414</ele></trkpt>
<trkpt lat="48.98084" lon="11.68288"><ele>416</ele></trkpt>
<trkpt lat="48.98077" lon="11.68277"><ele>418</ele></trkpt>
<trkpt lat="48.98062" lon="11.68266"><ele>419</ele></trkpt>
<trkpt lat="48.98077" lon="11.68277"><ele>418</ele></trkpt>
<trkpt lat="48.98084" lon="11.68288"><ele>416</ele></trkpt>
<trkpt lat="48.98086" lon="11.68305"><ele>414</ele></trkpt>
<trkpt lat="48.98095" lon="11.68311"><ele>414</ele></trkpt>
<trkpt lat="48.98102" lon="11.68286"><ele>418</ele></trkpt>
<trkpt lat="48.98115" lon="11.68281"><ele>420</ele></trkpt>
<trkpt lat="48.98148" lon="11.68287"><ele>420</ele></trkpt>
<trkpt lat="48.98165" lon="11.68298"><ele>416</ele></trkpt>
<trkpt lat="48.98192" lon="11.68303"><ele>415</ele></trkpt>
<trkpt lat="48.98246" lon="11.68309"><ele>414</ele></trkpt>
<trkpt lat="48.98334" lon="11.68302"><ele>411</ele></trkpt>
<trkpt lat="48.98360" lon="11.68294"><ele>412</ele></trkpt>
<trkpt lat="48.98381" lon="11.68278"><ele>414</ele></trkpt>
<trkpt lat="48.98415" lon="11.68264"><ele>414</ele></trkpt>
<trkpt lat="48.98476" lon="11.68230"><ele>412</ele></trkpt>
<trkpt lat="48.98616" lon="11.68030"><ele>409</ele></trkpt>
<trkpt lat="48.98646" lon="11.68073"><ele>402</ele></trkpt>
<trkpt lat="48.98734" lon="11.68142"><ele>386</ele></trkpt>
<trkpt lat="48.98820" lon="11.68189"><ele>374</ele></trkpt>
<trkpt lat="48.98885" lon="11.68234"><ele>367</ele></trkpt>
<trkpt lat="48.98855" lon="11.68314"><ele>368</ele></trkpt>
<trkpt lat="48.98868" lon="11.68323"><ele>367</ele></trkpt>
<trkpt lat="48.98894" lon="11.68321"><ele>366</ele></trkpt>
<trkpt lat="48.98924" lon="11.68299"><ele>363</ele></trkpt>
<trkpt lat="48.98952" lon="11.68264"><ele>361</ele></trkpt>
<trkpt lat="48.98978" lon="11.68207"><ele>360</ele></trkpt>
<trkpt lat="48.98991" lon="11.68188"><ele>358</ele></trkpt>
<trkpt lat="48.99015" lon="11.68168"><ele>358</ele></trkpt>
<trkpt lat="48.99014" lon="11.68131"><ele>359</ele></trkpt>
<trkpt lat="48.99008" lon="11.68077"><ele>359</ele></trkpt>
<trkpt lat="48.98991" lon="11.67987"><ele>359</ele></trkpt>
<trkpt lat="48.98970" lon="11.67901"><ele>360</ele></trkpt>
<trkpt lat="48.98943" lon="11.67805"><ele>360</ele></trkpt>
<trkpt lat="48.98934" lon="11.67781"><ele>360</ele></trkpt>
<trkpt lat="48.98928" lon="11.67771"><ele>360</ele></trkpt>
<trkpt lat="48.98916" lon="11.67763"><ele>361</ele></trkpt>
<trkpt lat="48.98904" lon="11.67761"><ele>361</ele></trkpt>
<trkpt lat="48.98900" lon="11.67785"><ele>361</ele></trkpt>
<trkpt lat="48.98865" lon="11.67766"><ele>362</ele></trkpt>
<trkpt lat="48.98762" lon="11.67531"><ele>359</ele></trkpt>
<trkpt lat="48.98707" lon="11.67466"><ele>358</ele></trkpt>
<trkpt lat="48.98649" lon="11.67386"><ele>356</ele></trkpt>
<trkpt lat="48.98539" lon="11.67284"><ele>356</ele></trkpt>
<trkpt lat="48.98438" lon="11.67216"><ele>358</ele></trkpt>
<trkpt lat="48.98414" lon="11.67206"><ele>360</ele></trkpt>
<trkpt lat="48.98369" lon="11.67172"><ele>360</ele></trkpt>
<trkpt lat="48.98353" lon="11.67143"><ele>357</ele></trkpt>
<trkpt lat="48.98274" lon="11.67058"><ele>355</ele></trkpt>
<trkpt lat="48.98158" lon="11.66980"><ele>356</ele></trkpt>
<trkpt lat="48.98025" lon="11.66874"><ele>356</ele></trkpt>
<trkpt lat="48.97895" lon="11.66788"><ele>356</ele></trkpt>
<trkpt lat="48.97824" lon="11.66721"><ele>356</ele></trkpt>
<trkpt lat="48.97764" lon="11.66656"><ele>356</ele></trkpt>
<trkpt lat="48.97721" lon="11.66601"><ele>356</ele></trkpt>
<trkpt lat="48.97664" lon="11.66501"><ele>356</ele></trkpt>
<trkpt lat="48.97628" lon="11.66386"><ele>356</ele></trkpt>
<trkpt lat="48.97612" lon="11.66360"><ele>356</ele></trkpt>
<trkpt lat="48.97559" lon="11.66296"><ele>357</ele></trkpt>
<trkpt lat="48.97546" lon="11.66260"><ele>356</ele></trkpt>
<trkpt lat="48.97537" lon="11.66256"><ele>356</ele></trkpt>
<trkpt lat="48.97520" lon="11.66267"><ele>357</ele></trkpt>
<trkpt lat="48.97511" lon="11.66268"><ele>358</ele></trkpt>
<trkpt lat="48.97485" lon="11.66261"><ele>359</ele></trkpt>
<trkpt lat="48.97470" lon="11.66230"><ele>357</ele></trkpt>
<trkpt lat="48.97423" lon="11.66064"><ele>359</ele></trkpt>
<trkpt lat="48.97410" lon="11.66005"><ele>359</ele></trkpt>
<trkpt lat="48.97389" lon="11.65842"><ele>359</ele></trkpt>
<trkpt lat="48.97385" lon="11.65755"><ele>358</ele></trkpt>
<trkpt lat="48.97378" lon="11.65708"><ele>360</ele></trkpt>
<trkpt lat="48.97376" lon="11.65654"><ele>360</ele></trkpt>
<trkpt lat="48.97394" lon="11.65531"><ele>356</ele></trkpt>
<trkpt lat="48.97401" lon="11.65409"><ele>360</ele></trkpt>
<trkpt lat="48.97410" lon="11.65386"><ele>362</ele></trkpt>
<trkpt lat="48.97426" lon="11.65369"><ele>361</ele></trkpt>
<trkpt lat="48.97410" lon="11.65320"><ele>360</ele></trkpt>
<trkpt lat="48.97407" lon="11.65296"><ele>360</ele></trkpt>
<trkpt lat="48.97407" lon="11.65226"><ele>360</ele></trkpt>
<trkpt lat="48.97430" lon="11.65132"><ele>358</ele></trkpt>
<trkpt lat="48.97436" lon="11.65076"><ele>358</ele></trkpt>
<trkpt lat="48.97445" lon="11.65036"><ele>356</ele></trkpt>
<trkpt lat="48.97464" lon="11.64980"><ele>357</ele></trkpt>
<trkpt lat="48.97476" lon="11.64903"><ele>357</ele></trkpt>
<trkpt lat="48.97503" lon="11.64779"><ele>356</ele></trkpt>
<trkpt lat="48.97534" lon="11.64605"><ele>359</ele></trkpt>
<trkpt lat="48.97569" lon="11.64486"><ele>359</ele></trkpt>
<trkpt lat="48.97584" lon="11.64419"><ele>360</ele></trkpt>
<trkpt lat="48.97592" lon="11.64344"><ele>361</ele></trkpt>
<trkpt lat="48.97600" lon="11.64215"><ele>365</ele></trkpt>
<trkpt lat="48.97621" lon="11.64080"><ele>367</ele></trkpt>
<trkpt lat="48.97622" lon="11.64026"><ele>368</ele></trkpt>
<trkpt lat="48.97673" lon="11.64031"><ele>362</ele></trkpt>
<trkpt lat="48.97683" lon="11.64024"><ele>362</ele></trkpt>
<trkpt lat="48.97724" lon="11.63945"><ele>361</ele></trkpt>
<trkpt lat="48.97809" lon="11.63816"><ele>362</ele></trkpt>
<trkpt lat="48.97869" lon="11.63695"><ele>362</ele></trkpt>
<trkpt lat="48.97894" lon="11.63652"><ele>361</ele></trkpt>
<trkpt lat="48.97939" lon="11.63586"><ele>360</ele></trkpt>
<trkpt lat="48.98017" lon="11.63456"><ele>361</ele></trkpt>
<trkpt lat="48.98047" lon="11.63372"><ele>363</ele></trkpt>
<trkpt lat="48.98094" lon="11.63268"><ele>363</ele></trkpt>
<trkpt lat="48.98161" lon="11.63139"><ele>364</ele></trkpt>
<trkpt lat="48.98294" lon="11.62974"><ele>364</ele></trkpt>
<trkpt lat="48.98404" lon="11.62904"><ele>361</ele></trkpt>
<trkpt lat="48.98575" lon="11.62728"><ele>360</ele></trkpt>
<trkpt lat="48.98631" lon="11.62831"><ele>359</ele></trkpt>
<trkpt lat="48.98647" lon="11.62800"><ele>359</ele></trkpt>
<trkpt lat="48.98671" lon="11.62777"><ele>360</ele></trkpt>
<trkpt lat="48.98698" lon="11.62778"><ele>360</ele></trkpt>
<trkpt lat="48.98794" lon="11.62810"><ele>363</ele></trkpt>
<trkpt lat="48.98975" lon="11.62826"><ele>360</ele></trkpt>
<trkpt lat="48.98995" lon="11.62824"><ele>360</ele></trkpt>
<trkpt lat="48.99005" lon="11.62819"><ele>360</ele></trkpt>
<trkpt lat="48.99005" lon="11.62810"><ele>360</ele></trkpt>
<trkpt lat="48.99104" lon="11.62750"><ele>358</ele></trkpt>
<trkpt lat="48.99147" lon="11.62749"><ele>358</ele></trkpt>
<trkpt lat="48.99183" lon="11.62740"><ele>358</ele></trkpt>
<trkpt lat="48.99246" lon="11.62748"><ele>359</ele></trkpt>
<trkpt lat="48.99246" lon="11.62731"><ele>359</ele></trkpt>
<trkpt lat="48.99240" lon="11.62694"><ele>360</ele></trkpt>
<trkpt lat="48.99219" lon="11.62632"><ele>360</ele></trkpt>
<trkpt lat="48.99201" lon="11.62599"><ele>361</ele></trkpt>
<trkpt lat="48.99198" lon="11.62580"><ele>362</ele></trkpt>
<trkpt lat="48.99200" lon="11.62525"><ele>367</ele></trkpt>
<trkpt lat="48.99198" lon="11.62472"><ele>367</ele></trkpt>
<trkpt lat="48.99187" lon="11.62433"><ele>369</ele></trkpt>
<trkpt lat="48.99184" lon="11.62408"><ele>369</ele></trkpt>
<trkpt lat="48.99197" lon="11.62198"><ele>379</ele></trkpt>
<trkpt lat="48.99192" lon="11.62197"><ele>380</ele></trkpt>
<trkpt lat="48.99188" lon="11.62188"><ele>382</ele></trkpt>
<trkpt lat="48.99187" lon="11.62142"><ele>387</ele></trkpt>
<trkpt lat="48.99196" lon="11.62056"><ele>395</ele></trkpt>
<trkpt lat="48.99204" lon="11.62005"><ele>403</ele></trkpt>
<trkpt lat="48.99202" lon="11.61978"><ele>406</ele></trkpt>
<trkpt lat="48.99188" lon="11.61940"><ele>411</ele></trkpt>
<trkpt lat="48.99172" lon="11.61910"><ele>417</ele></trkpt>
<trkpt lat="48.99150" lon="11.61887"><ele>421</ele></trkpt>
<trkpt lat="48.99124" lon="11.61851"><ele>426</ele></trkpt>
<trkpt lat="48.99073" lon="11.61813"><ele>434</ele></trkpt>
<trkpt lat="48.99032" lon="11.61798"><ele>437</ele></trkpt>
<trkpt lat="48.98987" lon="11.61767"><ele>441</ele></trkpt>
<trkpt lat="48.98954" lon="11.61755"><ele>442</ele></trkpt>
<trkpt lat="48.98918" lon="11.61748"><ele>443</ele></trkpt>
<trkpt lat="48.98889" lon="11.61754"><ele>446</ele></trkpt>
<trkpt lat="48.98891" lon="11.61774"><ele>448</ele></trkpt>
<trkpt lat="48.98906" lon="11.61809"><ele>452</ele></trkpt>
<trkpt lat="48.98906" lon="11.61818"><ele>453</ele></trkpt>
<trkpt lat="48.98887" lon="11.61899"><ele>459</ele></trkpt>
<trkpt lat="48.98885" lon="11.61971"><ele>465</ele></trkpt>
<trkpt lat="48.98874" lon="11.62025"><ele>468</ele></trkpt>
<trkpt lat="48.98873" lon="11.62114"><ele>470</ele></trkpt>
<trkpt lat="48.98878" lon="11.62240"><ele>472</ele></trkpt>
<trkpt lat="48.98875" lon="11.62293"><ele>473</ele></trkpt>
<trkpt lat="48.98844" lon="11.62279"><ele>474</ele></trkpt>
<trkpt lat="48.98742" lon="11.62206"><ele>476</ele></trkpt>
<trkpt lat="48.98699" lon="11.62184"><ele>475</ele></trkpt>
<trkpt lat="48.98684" lon="11.62170"><ele>474</ele></trkpt>
<trkpt lat="48.98647" lon="11.62148"><ele>474</ele></trkpt>
<trkpt lat="48.98558" lon="11.62105"><ele>474</ele></trkpt>
<trkpt lat="48.98548" lon="11.62088"><ele>474</ele></trkpt>
<trkpt lat="48.98540" lon="11.62059"><ele>475</ele></trkpt>
<trkpt lat="48.98540" lon="11.62044"><ele>475</ele></trkpt>
<trkpt lat="48.98547" lon="11.62022"><ele>476</ele></trkpt>
<trkpt lat="48.98546" lon="11.62003"><ele>476</ele></trkpt>
<trkpt lat="48.98541" lon="11.61995"><ele>476</ele></trkpt>
<trkpt lat="48.98471" lon="11.61947"><ele>475</ele></trkpt>
<trkpt lat="48.98459" lon="11.61882"><ele>472</ele></trkpt>
<trkpt lat="48.98449" lon="11.61844"><ele>473</ele></trkpt>
<trkpt lat="48.98458" lon="11.61761"><ele>476</ele></trkpt>
<trkpt lat="48.98457" lon="11.61729"><ele>476</ele></trkpt>
<trkpt lat="48.98448" lon="11.61667"><ele>476</ele></trkpt>
<trkpt lat="48.98440" lon="11.61559"><ele>475</ele></trkpt>
<trkpt lat="48.98423" lon="11.61455"><ele>476</ele></trkpt>
<trkpt lat="48.98411" lon="11.61416"><ele>475</ele></trkpt>
<trkpt lat="48.98394" lon="11.61311"><ele>474</ele></trkpt>
<trkpt lat="48.98375" lon="11.61242"><ele>475</ele></trkpt>
<trkpt lat="48.98372" lon="11.61164"><ele>476</ele></trkpt>
<trkpt lat="48.98367" lon="11.61142"><ele>476</ele></trkpt>
<trkpt lat="48.98335" lon="11.61063"><ele>479</ele></trkpt>
<trkpt lat="48.98303" lon="11.60964"><ele>481</ele></trkpt>
<trkpt lat="48.98264" lon="11.60703"><ele>485</ele></trkpt>
<trkpt lat="48.98263" lon="11.60685"><ele>486</ele></trkpt>
<trkpt lat="48.98266" lon="11.60656"><ele>486</ele></trkpt>
<trkpt lat="48.98262" lon="11.60324"><ele>491</ele></trkpt>
<trkpt lat="48.98249" lon="11.59988"><ele>493</ele></trkpt>
<trkpt lat="48.98253" lon="11.59935"><ele>493</ele></trkpt>
<trkpt lat="48.98291" lon="11.59698"><ele>495</ele></trkpt>
<trkpt lat="48.98277" lon="11.59676"><ele>496</ele></trkpt>
<trkpt lat="48.98230" lon="11.59658"><ele>496</ele></trkpt>
<trkpt lat="48.98215" lon="11.59644"><ele>496</ele></trkpt>
<trkpt lat="48.98199" lon="11.59602"><ele>495</ele></trkpt>
<trkpt lat="48.98198" lon="11.59569"><ele>495</ele></trkpt>
<trkpt lat="48.98129" lon="11.59572"><ele>494</ele></trkpt>
<trkpt lat="48.98095" lon="11.59561"><ele>493</ele></trkpt>
<trkpt lat="48.97992" lon="11.59516"><ele>490</ele></trkpt>
<trkpt lat="48.97878" lon="11.59496"><ele>487</ele></trkpt>
<trkpt lat="48.97850" lon="11.58903"><ele>483</ele></trkpt>
<trkpt lat="48.97757" lon="11.58489"><ele>471</ele></trkpt>
<trkpt lat="48.97745" lon="11.58459"><ele>470</ele></trkpt>
<trkpt lat="48.97737" lon="11.58429"><ele>471</ele></trkpt>
<trkpt lat="48.97719" lon="11.58324"><ele>473</ele></trkpt>
<trkpt lat="48.97692" lon="11.58199"><ele>475</ele></trkpt>
<trkpt lat="48.97666" lon="11.57966"><ele>474</ele></trkpt>
<trkpt lat="48.97668" lon="11.57903"><ele>473</ele></trkpt>
<trkpt lat="48.97673" lon="11.57861"><ele>473</ele></trkpt>
<trkpt lat="48.97673" lon="11.57821"><ele>472</ele></trkpt>
<trkpt lat="48.97670" lon="11.57785"><ele>472</ele></trkpt>
<trkpt lat="48.97661" lon="11.57748"><ele>474</ele></trkpt>
<trkpt lat="48.97659" lon="11.57643"><ele>476</ele></trkpt>
<trkpt lat="48.97589" lon="11.57095"><ele>477</ele></trkpt>
<trkpt lat="48.97575" lon="11.57030"><ele>479</ele></trkpt>
<trkpt lat="48.97560" lon="11.57018"><ele>478</ele></trkpt>
<trkpt lat="48.97539" lon="11.57026"><ele>476</ele></trkpt>
<trkpt lat="48.97522" lon="11.57015"><ele>475</ele></trkpt>
<trkpt lat="48.97563" lon="11.56887"><ele>480</ele></trkpt>
<trkpt lat="48.97672" lon="11.56436"><ele>490</ele></trkpt>
<trkpt lat="48.97675" lon="11.56418"><ele>490</ele></trkpt>
<trkpt lat="48.97680" lon="11.56298"><ele>491</ele></trkpt>
<trkpt lat="48.97774" lon="11.56242"><ele>491</ele></trkpt>
<trkpt lat="48.97765" lon="11.56209"><ele>491</ele></trkpt>
<trkpt lat="48.97756" lon="11.56063"><ele>486</ele></trkpt>
<trkpt lat="48.97749" lon="11.56011"><ele>486</ele></trkpt>
<trkpt lat="48.97741" lon="11.55992"><ele>486</ele></trkpt>
<trkpt lat="48.97725" lon="11.55972"><ele>486</ele></trkpt>
<trkpt lat="48.97700" lon="11.55855"><ele>487</ele></trkpt>
<trkpt lat="48.97726" lon="11.55832"><ele>488</ele></trkpt>
<trkpt lat="48.97743" lon="11.55811"><ele>490</ele></trkpt>
<trkpt lat="48.97822" lon="11.55703"><ele>495</ele></trkpt>
<trkpt lat="48.97860" lon="11.55645"><ele>497</ele></trkpt>
<trkpt lat="48.97942" lon="11.55508"><ele>500</ele></trkpt>
<trkpt lat="48.98003" lon="11.55362"><ele>502</ele></trkpt>
<trkpt lat="48.98097" lon="11.54884"><ele>497</ele></trkpt>
<trkpt lat="48.98126" lon="11.54780"><ele>496</ele></trkpt>
<trkpt lat="48.98137" lon="11.54700"><ele>495</ele></trkpt>
<trkpt lat="48.98182" lon="11.54271"><ele>488</ele></trkpt>
<trkpt lat="48.98190" lon="11.54071"><ele>490</ele></trkpt>
<trkpt lat="48.98188" lon="11.54004"><ele>489</ele></trkpt>
<trkpt lat="48.98193" lon="11.53940"><ele>487</ele></trkpt>
<trkpt lat="48.98189" lon="11.53916"><ele>487</ele></trkpt>
<trkpt lat="48.98175" lon="11.53859"><ele>484</ele></trkpt>
<trkpt lat="48.98154" lon="11.53886"><ele>484</ele></trkpt>
<trkpt lat="48.98149" lon="11.53879"><ele>484</ele></trkpt>
<trkpt lat="48.98176" lon="11.53838"><ele>484</ele></trkpt>
<trkpt lat="48.98206" lon="11.53780"><ele>484</ele></trkpt>
<trkpt lat="48.98226" lon="11.53728"><ele>484</ele></trkpt>
<trkpt lat="48.98248" lon="11.53651"><ele>486</ele></trkpt>
<trkpt lat="48.98292" lon="11.53440"><ele>485</ele></trkpt>
<trkpt lat="48.98313" lon="11.53441"><ele>484</ele></trkpt>
<trkpt lat="48.98327" lon="11.53419"><ele>484</ele></trkpt>
<trkpt lat="48.98339" lon="11.53408"><ele>484</ele></trkpt>
<trkpt lat="48.98402" lon="11.53372"><ele>484</ele></trkpt>
<trkpt lat="48.98416" lon="11.53337"><ele>484</ele></trkpt>
<trkpt lat="48.98502" lon="11.53185"><ele>486</ele></trkpt>
<trkpt lat="48.98625" lon="11.52994"><ele>490</ele></trkpt>
<trkpt lat="48.98675" lon="11.52895"><ele>494</ele></trkpt>
<trkpt lat="48.98706" lon="11.52854"><ele>496</ele></trkpt>
<trkpt lat="48.98757" lon="11.52774"><ele>496</ele></trkpt>
<trkpt lat="48.98775" lon="11.52739"><ele>497</ele></trkpt>
<trkpt lat="48.98805" lon="11.52706"><ele>498</ele></trkpt>
<trkpt lat="48.98814" lon="11.52687"><ele>498</ele></trkpt>
<trkpt lat="48.98885" lon="11.52651"><ele>500</ele></trkpt>
<trkpt lat="48.98893" lon="11.52636"><ele>500</ele></trkpt>
<trkpt lat="48.98901" lon="11.52599"><ele>502</ele></trkpt>
<trkpt lat="48.98911" lon="11.52584"><ele>503</ele></trkpt>
<trkpt lat="48.99011" lon="11.52486"><ele>505</ele></trkpt>
<trkpt lat="48.99023" lon="11.52471"><ele>504</ele></trkpt>
<trkpt lat="48.99106" lon="11.52418"><ele>503</ele></trkpt>
<trkpt lat="48.99249" lon="11.52356"><ele>510</ele></trkpt>
<trkpt lat="48.99296" lon="11.52301"><ele>510</ele></trkpt>
<trkpt lat="48.99533" lon="11.51991"><ele>513</ele></trkpt>
<trkpt lat="48.99648" lon="11.51812"><ele>508</ele></trkpt>
<trkpt lat="48.99721" lon="11.51740"><ele>510</ele></trkpt>
<trkpt lat="48.99788" lon="11.51643"><ele>510</ele></trkpt>
<trkpt lat="48.99850" lon="11.51533"><ele>510</ele></trkpt>
<trkpt lat="48.99908" lon="11.51450"><ele>512</ele></trkpt>
<trkpt lat="48.99915" lon="11.51442"><ele>513</ele></trkpt>
<trkpt lat="48.99925" lon="11.51443"><ele>513</ele></trkpt>
<trkpt lat="49.00025" lon="11.51472"><ele>516</ele></trkpt>
<trkpt lat="49.00126" lon="11.51484"><ele>516</ele></trkpt>
<trkpt lat="49.00422" lon="11.51509"><ele>508</ele></trkpt>
<trkpt lat="49.00514" lon="11.51307"><ele>507</ele></trkpt>
<trkpt lat="49.00603" lon="11.51158"><ele>504</ele></trkpt>
<trkpt lat="49.00672" lon="11.51061"><ele>498</ele></trkpt>
<trkpt lat="49.00760" lon="11.50918"><ele>492</ele></trkpt>
<trkpt lat="49.00803" lon="11.50836"><ele>491</ele></trkpt>
<trkpt lat="49.00804" lon="11.50826"><ele>491</ele></trkpt>
<trkpt lat="49.00829" lon="11.50784"><ele>491</ele></trkpt>
<trkpt lat="49.00862" lon="11.50715"><ele>492</ele></trkpt>
<trkpt lat="49.00887" lon="11.50654"><ele>493</ele></trkpt>
<trkpt lat="49.00889" lon="11.50642"><ele>493</ele></trkpt>
<trkpt lat="49.00887" lon="11.50628"><ele>494</ele></trkpt>
<trkpt lat="49.00812" lon="11.50476"><ele>491</ele></trkpt>
<trkpt lat="49.00796" lon="11.50431"><ele>492</ele></trkpt>
<trkpt lat="49.00777" lon="11.50360"><ele>493</ele></trkpt>
<trkpt lat="49.00910" lon="11.50312"><ele>500</ele></trkpt>
<trkpt lat="49.00987" lon="11.50279"><ele>504</ele></trkpt>
<trkpt lat="49.01026" lon="11.50255"><ele>506</ele></trkpt>
<trkpt lat="49.01037" lon="11.50236"><ele>506</ele></trkpt>
<trkpt lat="49.01054" lon="11.50244"><ele>505</ele></trkpt>
<trkpt lat="49.01066" lon="11.50245"><ele>505</ele></trkpt>
<trkpt lat="49.01131" lon="11.50221"><ele>505</ele></trkpt>
<trkpt lat="49.01161" lon="11.50214"><ele>506</ele></trkpt>
<trkpt lat="49.01189" lon="11.50213"><ele>506</ele></trkpt>
<trkpt lat="49.01323" lon="11.50244"><ele>504</ele></trkpt>
<trkpt lat="49.01334" lon="11.50253"><ele>503</ele></trkpt>
<trkpt lat="49.01346" lon="11.50270"><ele>502</ele></trkpt>
<trkpt lat="49.01378" lon="11.50260"><ele>500</ele></trkpt>
<trkpt lat="49.01390" lon="11.50249"><ele>500</ele></trkpt>
<trkpt lat="49.01395" lon="11.50237"><ele>499</ele></trkpt>
<trkpt lat="49.01398" lon="11.50214"><ele>499</ele></trkpt>
<trkpt lat="49.01446" lon="11.49859"><ele>506</ele></trkpt>
<trkpt lat="49.01471" lon="11.49763"><ele>503</ele></trkpt>
<trkpt lat="49.01509" lon="11.49572"><ele>488</ele></trkpt>
<trkpt lat="49.01533" lon="11.49467"><ele>477</ele></trkpt>
<trkpt lat="49.01553" lon="11.49362"><ele>472</ele></trkpt>
<trkpt lat="49.01584" lon="11.49151"><ele>459</ele></trkpt>
<trkpt lat="49.01638" lon="11.48956"><ele>441</ele></trkpt>
<trkpt lat="49.01681" lon="11.48819"><ele>428</ele></trkpt>
<trkpt lat="49.01707" lon="11.48661"><ele>422</ele></trkpt>
<trkpt lat="49.01787" lon="11.48424"><ele>410</ele></trkpt>
<trkpt lat="49.01899" lon="11.48076"><ele>390</ele></trkpt>
<trkpt lat="49.01938" lon="11.47966"><ele>386</ele></trkpt>
<trkpt lat="49.02004" lon="11.47819"><ele>377</ele></trkpt>
<trkpt lat="49.02068" lon="11.47720"><ele>371</ele></trkpt>
<trkpt lat="49.02071" lon="11.47663"><ele>369</ele></trkpt>
<trkpt lat="49.02115" lon="11.47646"><ele>367</ele></trkpt>
<trkpt lat="49.02170" lon="11.47600"><ele>366</ele></trkpt>
<trkpt lat="49.02244" lon="11.47559"><ele>365</ele></trkpt>
<trkpt lat="49.02253" lon="11.47558"><ele>365</ele></trkpt>
<trkpt lat="49.02256" lon="11.47592"><ele>366</ele></trkpt>
<trkpt lat="49.02242" lon="11.47642"><ele>366</ele></trkpt>
<trkpt lat="49.02236" lon="11.47716"><ele>365</ele></trkpt>
<trkpt lat="49.02460" lon="11.47720"><ele>366</ele></trkpt>
<trkpt lat="49.02660" lon="11.47732"><ele>366</ele></trkpt>
<trkpt lat="49.02687" lon="11.47739"><ele>366</ele></trkpt>
<trkpt lat="49.02776" lon="11.47785"><ele>366</ele></trkpt>
<trkpt lat="49.02857" lon="11.47821"><ele>366</ele></trkpt>
<trkpt lat="49.02912" lon="11.47833"><ele>368</ele></trkpt>
<trkpt lat="49.02912" lon="11.47844"><ele>367</ele></trkpt>
<trkpt lat="49.02921" lon="11.47857"><ele>367</ele></trkpt>
<trkpt lat="49.02947" lon="11.47861"><ele>367</ele></trkpt>
<trkpt lat="49.02964" lon="11.47850"><ele>367</ele></trkpt>
<trkpt lat="49.02996" lon="11.47818"><ele>366</ele></trkpt>
<trkpt lat="49.03029" lon="11.47891"><ele>365</ele></trkpt>
<trkpt lat="49.03052" lon="11.47877"><ele>365</ele></trkpt>
<trkpt lat="49.03062" lon="11.47879"><ele>365</ele></trkpt>
<trkpt lat="49.03117" lon="11.47845"><ele>366</ele></trkpt>
<trkpt lat="49.03145" lon="11.47822"><ele>366</ele></trkpt>
<trkpt lat="49.03272" lon="11.47762"><ele>366</ele></trkpt>
<trkpt lat="49.03264" lon="11.47727"><ele>367</ele></trkpt>
<trkpt lat="49.03265" lon="11.47718"><ele>367</ele></trkpt>
<trkpt lat="49.03204" lon="11.47571"><ele>367</ele></trkpt>
<trkpt lat="49.03229" lon="11.47547"><ele>367</ele></trkpt>
<trkpt lat="49.03180" lon="11.47451"><ele>367</ele></trkpt>
<trkpt lat="49.03168" lon="11.47438"><ele>367</ele></trkpt>
<trkpt lat="49.03148" lon="11.47428"><ele>367</ele></trkpt>
<trkpt lat="49.03171" lon="11.47392"><ele>368</ele></trkpt>
<trkpt lat="49.03194" lon="11.47364"><ele>368</ele></trkpt>
<trkpt lat="49.03258" lon="11.47310"><ele>368</ele></trkpt>
<trkpt lat="49.03278" lon="11.47312"><ele>368</ele></trkpt>
<trkpt lat="49.03283" lon="11.47296"><ele>368</ele></trkpt>
<trkpt lat="49.03299" lon="11.47275"><ele>368</ele></trkpt>
<trkpt lat="49.03196" lon="11.47014"><ele>368</ele></trkpt>
<trkpt lat="49.03122" lon="11.46852"><ele>368</ele></trkpt>
<trkpt lat="49.02947" lon="11.46576"><ele>367</ele></trkpt>
<trkpt lat="49.02795" lon="11.46249"><ele>365</ele></trkpt>
<trkpt lat="49.02777" lon="11.46225"><ele>365</ele></trkpt>
<trkpt lat="49.02768" lon="11.46216"><ele>365</ele></trkpt>
<trkpt lat="49.02756" lon="11.46221"><ele>365</ele></trkpt>
<trkpt lat="49.02703" lon="11.46338"><ele>365</ele></trkpt>
<trkpt lat="49.02684" lon="11.46361"><ele>365</ele></trkpt>
<trkpt lat="49.02665" lon="11.46373"><ele>365</ele></trkpt>
<trkpt lat="49.02590" lon="11.46483"><ele>365</ele></trkpt>
<trkpt lat="49.02572" lon="11.46497"><ele>365</ele></trkpt>
<trkpt lat="49.02565" lon="11.46495"><ele>365</ele></trkpt>
<trkpt lat="49.02416" lon="11.46289"><ele>366</ele></trkpt>
<trkpt lat="49.02385" lon="11.46242"><ele>366</ele></trkpt>
<trkpt lat="49.02233" lon="11.45729"><ele>366</ele></trkpt>
<trkpt lat="49.02192" lon="11.45620"><ele>366</ele></trkpt>
<trkpt lat="49.02120" lon="11.45457"><ele>366</ele></trkpt>
<trkpt lat="49.02107" lon="11.45440"><ele>366</ele></trkpt>
<trkpt lat="49.01766" lon="11.45247"><ele>366</ele></trkpt>
<trkpt lat="49.01735" lon="11.45386"><ele>366</ele></trkpt>
<trkpt lat="49.01728" lon="11.45436"><ele>367</ele></trkpt>
<trkpt lat="49.01729" lon="11.45502"><ele>368</ele></trkpt>
<trkpt lat="49.01737" lon="11.45550"><ele>370</ele></trkpt>
<trkpt lat="49.01762" lon="11.45612"><ele>376</ele></trkpt>
<trkpt lat="49.01783" lon="11.45647"><ele>378</ele></trkpt>
<trkpt lat="49.01798" lon="11.45663"><ele>379</ele></trkpt>
<trkpt lat="49.01871" lon="11.45722"><ele>375</ele></trkpt>
<trkpt lat="49.01886" lon="11.45749"><ele>376</ele></trkpt>
<trkpt lat="49.01890" lon="11.45765"><ele>377</ele></trkpt>
<trkpt lat="49.01892" lon="11.45782"><ele>378</ele></trkpt>
<trkpt lat="49.01912" lon="11.45860"><ele>379</ele></trkpt>
<trkpt lat="49.01889" lon="11.45885"><ele>383</ele></trkpt>
<trkpt lat="49.01834" lon="11.45922"><ele>392</ele></trkpt>
<trkpt lat="49.01820" lon="11.45927"><ele>394</ele></trkpt>
<trkpt lat="49.01752" lon="11.45924"><ele>408</ele></trkpt>
<trkpt lat="49.01742" lon="11.45918"><ele>410</ele></trkpt>
<trkpt lat="49.01725" lon="11.45897"><ele>414</ele></trkpt>
<trkpt lat="49.01666" lon="11.45799"><ele>432</ele></trkpt>
<trkpt lat="49.01659" lon="11.45795"><ele>433</ele></trkpt>
<trkpt lat="49.01646" lon="11.45796"><ele>436</ele></trkpt>
<trkpt lat="49.01628" lon="11.45814"><ele>440</ele></trkpt>
<trkpt lat="49.01579" lon="11.45919"><ele>455</ele></trkpt>
<trkpt lat="49.01535" lon="11.46064"><ele>470</ele></trkpt>
<trkpt lat="49.01520" lon="11.46106"><ele>474</ele></trkpt>
<trkpt lat="49.01476" lon="11.46196"><ele>484</ele></trkpt>
<trkpt lat="49.01470" lon="11.46225"><ele>485</ele></trkpt>
<trkpt lat="49.01468" lon="11.46275"><ele>487</ele></trkpt>
<trkpt lat="49.01479" lon="11.46342"><ele>489</ele></trkpt>
<trkpt lat="49.01480" lon="11.46412"><ele>490</ele></trkpt>
<trkpt lat="49.01487" lon="11.46462"><ele>489</ele></trkpt>
<trkpt lat="49.01488" lon="11.46595"><ele>488</ele></trkpt>
<trkpt lat="49.01411" lon="11.46695"><ele>489</ele></trkpt>
<trkpt lat="49.01300" lon="11.46816"><ele>490</ele></trkpt>
<trkpt lat="49.01269" lon="11.46833"><ele>490</ele></trkpt>
<trkpt lat="49.01173" lon="11.46841"><ele>491</ele></trkpt>
<trkpt lat="49.01152" lon="11.46775"><ele>490</ele></trkpt>
<trkpt lat="49.01095" lon="11.46625"><ele>492</ele></trkpt>
<trkpt lat="49.01086" lon="11.46613"><ele>493</ele></trkpt>
<trkpt lat="49.01015" lon="11.46570"><ele>496</ele></trkpt>
<trkpt lat="49.00877" lon="11.46505"><ele>501</ele></trkpt>
<trkpt lat="49.00766" lon="11.46459"><ele>502</ele></trkpt>
<trkpt lat="49.00745" lon="11.46457"><ele>501</ele></trkpt>
<trkpt lat="49.00696" lon="11.46479"><ele>497</ele></trkpt>
<trkpt lat="49.00623" lon="11.46538"><ele>495</ele></trkpt>
<trkpt lat="49.00574" lon="11.46467"><ele>496</ele></trkpt>
<trkpt lat="49.00565" lon="11.46449"><ele>497</ele></trkpt>
<trkpt lat="49.00515" lon="11.46259"><ele>501</ele></trkpt>
<trkpt lat="49.00507" lon="11.46241"><ele>502</ele></trkpt>
<trkpt lat="49.00465" lon="11.46182"><ele>504</ele></trkpt>
<trkpt lat="49.00386" lon="11.46090"><ele>511</ele></trkpt>
<trkpt lat="49.00370" lon="11.46080"><ele>512</ele></trkpt>
<trkpt lat="49.00298" lon="11.46055"><ele>516</ele></trkpt>
<trkpt lat="49.00055" lon="11.45975"><ele>514</ele></trkpt>
<trkpt lat="49.00023" lon="11.45961"><ele>512</ele></trkpt>
<trkpt lat="48.99996" lon="11.45954"><ele>511</ele></trkpt>
<trkpt lat="48.99965" lon="11.45954"><ele>509</ele></trkpt>
<trkpt lat="48.99917" lon="11.45975"><ele>508</ele></trkpt>
<trkpt lat="48.99895" lon="11.45976"><ele>507</ele></trkpt>
<trkpt lat="48.99875" lon="11.45973"><ele>508</ele></trkpt>
<trkpt lat="48.99850" lon="11.45962"><ele>508</ele></trkpt>
<trkpt lat="48.99807" lon="11.45934"><ele>510</ele></trkpt>
<trkpt lat="48.99756" lon="11.45920"><ele>512</ele></trkpt>
<trkpt lat="48.99791" lon="11.45885"><ele>512</ele></trkpt>
<trkpt lat="48.99797" lon="11.45873"><ele>511</ele></trkpt>
<trkpt lat="48.99798" lon="11.45858"><ele>511</ele></trkpt>
<trkpt lat="48.99785" lon="11.45776"><ele>512</ele></trkpt>
<trkpt lat="48.99781" lon="11.45683"><ele>512</ele></trkpt>
<trkpt lat="48.99766" lon="11.45651"><ele>513</ele></trkpt>
<trkpt lat="48.99744" lon="11.45626"><ele>513</ele></trkpt>
<trkpt lat="48.99669" lon="11.45564"><ele>512</ele></trkpt>
<trkpt lat="48.99542" lon="11.45483"><ele>510</ele></trkpt>
<trkpt lat="48.99485" lon="11.45429"><ele>510</ele></trkpt>
<trkpt lat="48.99405" lon="11.45342"><ele>513</ele></trkpt>
<trkpt lat="48.99352" lon="11.45301"><ele>515</ele></trkpt>
<trkpt lat="48.99303" lon="11.45274"><ele>517</ele></trkpt>
<trkpt lat="48.99284" lon="11.45270"><ele>518</ele></trkpt>
<trkpt lat="48.99273" lon="11.45279"><ele>519</ele></trkpt>
<trkpt lat="48.99247" lon="11.45309"><ele>518</ele></trkpt>
<trkpt lat="48.99212" lon="11.45370"><ele>516</ele></trkpt>
<trkpt lat="48.99201" lon="11.45373"><ele>516</ele></trkpt>
<trkpt lat="48.99198" lon="11.45380"><ele>516</ele></trkpt>
<trkpt lat="48.99200" lon="11.45420"><ele>515</ele></trkpt>
<trkpt lat="48.99197" lon="11.45430"><ele>514</ele></trkpt>
<trkpt lat="48.99157" lon="11.45494"><ele>510</ele></trkpt>
<trkpt lat="48.99081" lon="11.45564"><ele>504</ele></trkpt>
<trkpt lat="48.99079" lon="11.45573"><ele>504</ele></trkpt>
<trkpt lat="48.98996" lon="11.45448"><ele>504</ele></trkpt>
<trkpt lat="48.98922" lon="11.45361"><ele>510</ele></trkpt>
<trkpt lat="48.98915" lon="11.45346"><ele>511</ele></trkpt>
<trkpt lat="48.98882" lon="11.45246"><ele>517</ele></trkpt>
<trkpt lat="48.98871" lon="11.45231"><ele>518</ele></trkpt>
<trkpt lat="48.98837" lon="11.45194"><ele>520</ele></trkpt>
<trkpt lat="48.98748" lon="11.45115"><ele>519</ele></trkpt>
<trkpt lat="48.98721" lon="11.45084"><ele>517</ele></trkpt>
<trkpt lat="48.98582" lon="11.44884"><ele>513</ele></trkpt>
<trkpt lat="48.98517" lon="11.44783"><ele>512</ele></trkpt>
<trkpt lat="48.98440" lon="11.44858"><ele>519</ele></trkpt>
<trkpt lat="48.98396" lon="11.44735"><ele>514</ele></trkpt>
<trkpt lat="48.98318" lon="11.44753"><ele>511</ele></trkpt>
<trkpt lat="48.98311" lon="11.44750"><ele>511</ele></trkpt>
<trkpt lat="48.98302" lon="11.44738"><ele>510</ele></trkpt>
<trkpt lat="48.98260" lon="11.44654"><ele>508</ele></trkpt>
<trkpt lat="48.98202" lon="11.44700"><ele>507</ele></trkpt>
<trkpt lat="48.98129" lon="11.44749"><ele>508</ele></trkpt>
<trkpt lat="48.98041" lon="11.44844"><ele>513</ele></trkpt>
<trkpt lat="48.97985" lon="11.44911"><ele>516</ele></trkpt>
<trkpt lat="48.97980" lon="11.44901"><ele>516</ele></trkpt>
<trkpt lat="48.97976" lon="11.44553"><ele>514</ele></trkpt>
<trkpt lat="48.97977" lon="11.44513"><ele>513</ele></trkpt>
<trkpt lat="48.97601" lon="11.44374"><ele>504</ele></trkpt>
<trkpt lat="48.97594" lon="11.44369"><ele>504</ele></trkpt>
<trkpt lat="48.97513" lon="11.44233"><ele>504</ele></trkpt>
<trkpt lat="48.97496" lon="11.44213"><ele>503</ele></trkpt>
<trkpt lat="48.97309" lon="11.44160"><ele>502</ele></trkpt>
<trkpt lat="48.97295" lon="11.44150"><ele>502</ele></trkpt>
<trkpt lat="48.97165" lon="11.43993"><ele>507</ele></trkpt>
<trkpt lat="48.97158" lon="11.43978"><ele>508</ele></trkpt>
<trkpt lat="48.97109" lon="11.43821"><ele>517</ele></trkpt>
<trkpt lat="48.97087" lon="11.43794"><ele>520</ele></trkpt>
<trkpt lat="48.97028" lon="11.43750"><ele>527</ele></trkpt>
<trkpt lat="48.96931" lon="11.43650"><ele>532</ele></trkpt>
<trkpt lat="48.96892" lon="11.43617"><ele>533</ele></trkpt>
<trkpt lat="48.96821" lon="11.43567"><ele>532</ele></trkpt>
<trkpt lat="48.96686" lon="11.43483"><ele>520</ele></trkpt>
<trkpt lat="48.96666" lon="11.43475"><ele>519</ele></trkpt>
<trkpt lat="48.96633" lon="11.43480"><ele>516</ele></trkpt>
<trkpt lat="48.96606" lon="11.43372"><ele>512</ele></trkpt>
<trkpt lat="48.96601" lon="11.43338"><ele>511</ele></trkpt>
<trkpt lat="48.96595" lon="11.43217"><ele>510</ele></trkpt>
<trkpt lat="48.96587" lon="11.43182"><ele>510</ele></trkpt>
<trkpt lat="48.96580" lon="11.43170"><ele>510</ele></trkpt>
<trkpt lat="48.96577" lon="11.43157"><ele>509</ele></trkpt>
<trkpt lat="48.96576" lon="11.43107"><ele>508</ele></trkpt>
<trkpt lat="48.96525" lon="11.42792"><ele>506</ele></trkpt>
<trkpt lat="48.96520" lon="11.42704"><ele>506</ele></trkpt>
<trkpt lat="48.96385" lon="11.42698"><ele>510</ele></trkpt>
<trkpt lat="48.96205" lon="11.42671"><ele>522</ele></trkpt>
<trkpt lat="48.96201" lon="11.42672"><ele>522</ele></trkpt>
<trkpt lat="48.96200" lon="11.42677"><ele>522</ele></trkpt>
<trkpt lat="48.96205" lon="11.42750"><ele>520</ele></trkpt>
<trkpt lat="48.96203" lon="11.42768"><ele>520</ele></trkpt>
<trkpt lat="48.96194" lon="11.42792"><ele>521</ele></trkpt>
<trkpt lat="48.96184" lon="11.42771"><ele>521</ele></trkpt>
<trkpt lat="48.96163" lon="11.42742"><ele>522</ele></trkpt>
<trkpt lat="48.95965" lon="11.42598"><ele>517</ele></trkpt>
<trkpt lat="48.95945" lon="11.42577"><ele>516</ele></trkpt>
<trkpt lat="48.95929" lon="11.42554"><ele>515</ele></trkpt>
<trkpt lat="48.95861" lon="11.42415"><ele>511</ele></trkpt>
<trkpt lat="48.95853" lon="11.42391"><ele>512</ele></trkpt>
<trkpt lat="48.95851" lon="11.42362"><ele>512</ele></trkpt>
<trkpt lat="48.95837" lon="11.42358"><ele>512</ele></trkpt>
<trkpt lat="48.95800" lon="11.42375"><ele>513</ele></trkpt>
<trkpt lat="48.95712" lon="11.42379"><ele>518</ele></trkpt>
<trkpt lat="48.95696" lon="11.42376"><ele>519</ele></trkpt>
<trkpt lat="48.95670" lon="11.42362"><ele>520</ele></trkpt>
<trkpt lat="48.95623" lon="11.42308"><ele>526</ele></trkpt>
<trkpt lat="48.95592" lon="11.42289"><ele>528</ele></trkpt>
<trkpt lat="48.95580" lon="11.42274"><ele>529</ele></trkpt>
<trkpt lat="48.95468" lon="11.42082"><ele>528</ele></trkpt>
<trkpt lat="48.95344" lon="11.42002"><ele>533</ele></trkpt>
<trkpt lat="48.95319" lon="11.41972"><ele>532</ele></trkpt>
<trkpt lat="48.95301" lon="11.41937"><ele>530</ele></trkpt>
<trkpt lat="48.95293" lon="11.41902"><ele>529</ele></trkpt>
<trkpt lat="48.95224" lon="11.41918"><ele>529</ele></trkpt>
<trkpt lat="48.95052" lon="11.41973"><ele>534</ele></trkpt>
<trkpt lat="48.94975" lon="11.41991"><ele>532</ele></trkpt>
<trkpt lat="48.94939" lon="11.41987"><ele>528</ele></trkpt>
<trkpt lat="48.94921" lon="11.41980"><ele>526</ele></trkpt>
<trkpt lat="48.94907" lon="11.41964"><ele>524</ele></trkpt>
<trkpt lat="48.94882" lon="11.41915"><ele>520</ele></trkpt>
<trkpt lat="48.94914" lon="11.41603"><ele>506</ele></trkpt>
<trkpt lat="48.94975" lon="11.41057"><ele>487</ele></trkpt>
<trkpt lat="48.94990" lon="11.40999"><ele>483</ele></trkpt>
<trkpt lat="48.95007" lon="11.40972"><ele>481</ele></trkpt>
<trkpt lat="48.95081" lon="11.40907"><ele>473</ele></trkpt>
<trkpt lat="48.95104" lon="11.40876"><ele>472</ele></trkpt>
<trkpt lat="48.95137" lon="11.40821"><ele>467</ele></trkpt>
<trkpt lat="48.95156" lon="11.40803"><ele>466</ele></trkpt>
<trkpt lat="48.95165" lon="11.40696"><ele>458</ele></trkpt>
<trkpt lat="48.95206" lon="11.40530"><ele>445</ele></trkpt>
<trkpt lat="48.95233" lon="11.40340"><ele>428</ele></trkpt>
<trkpt lat="48.95228" lon="11.40171"><ele>410</ele></trkpt>
<trkpt lat="48.95231" lon="11.40152"><ele>408</ele></trkpt>
<trkpt lat="48.95251" lon="11.40078"><ele>398</ele></trkpt>
<trkpt lat="48.95254" lon="11.40056"><ele>396</ele></trkpt>
<trkpt lat="48.95251" lon="11.39992"><ele>391</ele></trkpt>
<trkpt lat="48.95239" lon="11.39949"><ele>389</ele></trkpt>
<trkpt lat="48.95223" lon="11.39903"><ele>387</ele></trkpt>
<trkpt lat="48.95179" lon="11.39818"><ele>383</ele></trkpt>
<trkpt lat="48.95172" lon="11.39789"><ele>381</ele></trkpt>
<trkpt lat="48.95172" lon="11.39712"><ele>379</ele></trkpt>
<trkpt lat="48.95180" lon="11.39609"><ele>378</ele></trkpt>
<trkpt lat="48.95149" lon="11.39578"><ele>378</ele></trkpt>
<trkpt lat="48.95098" lon="11.39541"><ele>378</ele></trkpt>
<trkpt lat="48.95023" lon="11.39500"><ele>379</ele></trkpt>
<trkpt lat="48.95025" lon="11.39627"><ele>384</ele></trkpt>
<trkpt lat="48.95022" lon="11.39644"><ele>385</ele></trkpt>
<trkpt lat="48.95011" lon="11.39665"><ele>389</ele></trkpt>
<trkpt lat="48.95014" lon="11.39695"><ele>392</ele></trkpt>
<trkpt lat="48.95011" lon="11.39665"><ele>389</ele></trkpt>
<trkpt lat="48.95022" lon="11.39644"><ele>385</ele></trkpt>
<trkpt lat="48.95025" lon="11.39627"><ele>384</ele></trkpt>
<trkpt lat="48.95026" lon="11.39585"><ele>381</ele></trkpt>
<trkpt lat="48.95023" lon="11.39500"><ele>379</ele></trkpt>
<trkpt lat="48.95015" lon="11.39484"><ele>379</ele></trkpt>
<trkpt lat="48.95011" lon="11.39419"><ele>378</ele></trkpt>
<trkpt lat="48.95003" lon="11.39396"><ele>377</ele></trkpt>
<trkpt lat="48.95006" lon="11.39381"><ele>377</ele></trkpt>
<trkpt lat="48.94998" lon="11.39179"><ele>375</ele></trkpt>
<trkpt lat="48.94998" lon="11.39098"><ele>375</ele></trkpt>
<trkpt lat="48.95005" lon="11.39014"><ele>374</ele></trkpt>
<trkpt lat="48.95014" lon="11.38960"><ele>375</ele></trkpt>
<trkpt lat="48.95047" lon="11.38835"><ele>376</ele></trkpt>
<trkpt lat="48.95056" lon="11.38773"><ele>378</ele></trkpt>
<trkpt lat="48.95026" lon="11.38748"><ele>381</ele></trkpt>
<trkpt lat="48.95016" lon="11.38729"><ele>382</ele></trkpt>
<trkpt lat="48.94969" lon="11.38538"><ele>390</ele></trkpt>
<trkpt lat="48.94972" lon="11.38515"><ele>391</ele></trkpt>
<trkpt lat="48.94995" lon="11.38462"><ele>393</ele></trkpt>
<trkpt lat="48.94969" lon="11.38380"><ele>400</ele></trkpt>
<trkpt lat="48.94962" lon="11.38346"><ele>400</ele></trkpt>
<trkpt lat="48.94956" lon="11.38271"><ele>402</ele></trkpt>
<trkpt lat="48.94961" lon="11.38213"><ele>410</ele></trkpt>
<trkpt lat="48.94982" lon="11.38101"><ele>418</ele></trkpt>
<trkpt lat="48.95039" lon="11.37925"><ele>437</ele></trkpt>
<trkpt lat="48.95041" lon="11.37850"><ele>448</ele></trkpt>
<trkpt lat="48.95038" lon="11.37806"><ele>454</ele></trkpt>
<trkpt lat="48.95041" lon="11.37768"><ele>456</ele></trkpt>
<trkpt lat="48.95076" lon="11.37643"><ele>467</ele></trkpt>
<trkpt lat="48.95081" lon="11.37586"><ele>468</ele></trkpt>
<trkpt lat="48.95086" lon="11.37555"><ele>469</ele></trkpt>
<trkpt lat="48.95132" lon="11.37381"><ele>473</ele></trkpt>
<trkpt lat="48.95145" lon="11.37223"><ele>476</ele></trkpt>
<trkpt lat="48.95148" lon="11.37106"><ele>475</ele></trkpt>
<trkpt lat="48.95144" lon="11.37094"><ele>474</ele></trkpt>
<trkpt lat="48.95136" lon="11.36956"><ele>474</ele></trkpt>
<trkpt lat="48.95139" lon="11.36908"><ele>474</ele></trkpt>
<trkpt lat="48.95152" lon="11.36816"><ele>473</ele></trkpt>
<trkpt lat="48.95158" lon="11.36779"><ele>472</ele></trkpt>
<trkpt lat="48.95185" lon="11.36682"><ele>476</ele></trkpt>
<trkpt lat="48.95215" lon="11.36575"><ele>484</ele></trkpt>
<trkpt lat="48.95223" lon="11.36557"><ele>486</ele></trkpt>
<trkpt lat="48.95240" lon="11.36539"><ele>488</ele></trkpt>
<trkpt lat="48.95429" lon="11.36428"><ele>512</ele></trkpt>
<trkpt lat="48.95456" lon="11.36405"><ele>513</ele></trkpt>
<trkpt lat="48.95487" lon="11.36367"><ele>515</ele></trkpt>
<trkpt lat="48.95498" lon="11.36345"><ele>515</ele></trkpt>
<trkpt lat="48.95510" lon="11.36293"><ele>516</ele></trkpt>
<trkpt lat="48.95530" lon="11.36239"><ele>517</ele></trkpt>
<trkpt lat="48.95629" lon="11.36039"><ele>518</ele></trkpt>
<trkpt lat="48.95705" lon="11.35903"><ele>515</ele></trkpt>
<trkpt lat="48.95716" lon="11.35873"><ele>515</ele></trkpt>
<trkpt lat="48.95745" lon="11.35732"><ele>516</ele></trkpt>
<trkpt lat="48.95754" lon="11.35709"><ele>517</ele></trkpt>
<trkpt lat="48.95809" lon="11.35622"><ele>520</ele></trkpt>
<trkpt lat="48.95711" lon="11.35562"><ele>524</ele></trkpt>
<trkpt lat="48.95549" lon="11.35444"><ele>524</ele></trkpt>
<trkpt lat="48.95572" lon="11.35430"><ele>525</ele></trkpt>
<trkpt lat="48.95630" lon="11.35374"><ele>528</ele></trkpt>
<trkpt lat="48.95677" lon="11.35318"><ele>530</ele></trkpt>
<trkpt lat="48.95811" lon="11.35068"><ele>536</ele></trkpt>
<trkpt lat="48.95862" lon="11.34908"><ele>538</ele></trkpt>
<trkpt lat="48.95906" lon="11.34722"><ele>538</ele></trkpt>
<trkpt lat="48.95923" lon="11.34635"><ele>538</ele></trkpt>
<trkpt lat="48.95711" lon="11.34604"><ele>525</ele></trkpt>
<trkpt lat="48.95705" lon="11.34491"><ele>523</ele></trkpt>
<trkpt lat="48.95702" lon="11.34299"><ele>520</ele></trkpt>
<trkpt lat="48.95709" lon="11.34222"><ele>518</ele></trkpt>
<trkpt lat="48.95746" lon="11.33977"><ele>520</ele></trkpt>
<trkpt lat="48.95789" lon="11.33751"><ele>519</ele></trkpt>
<trkpt lat="48.95859" lon="11.33411"><ele>510</ele></trkpt>
<trkpt lat="48.95873" lon="11.33334"><ele>508</ele></trkpt>
<trkpt lat="48.95878" lon="11.33276"><ele>507</ele></trkpt>
<trkpt lat="48.95914" lon="11.33262"><ele>506</ele></trkpt>
<trkpt lat="48.95935" lon="11.33248"><ele>504</ele></trkpt>
<trkpt lat="48.95981" lon="11.33202"><ele>502</ele></trkpt>
<trkpt lat="48.95992" lon="11.33174"><ele>500</ele></trkpt>
<trkpt lat="48.95995" lon="11.33128"><ele>500</ele></trkpt>
<trkpt lat="48.95991" lon="11.33092"><ele>499</ele></trkpt>
<trkpt lat="48.95964" lon="11.32956"><ele>497</ele></trkpt>
<trkpt lat="48.95960" lon="11.32903"><ele>496</ele></trkpt>
<trkpt lat="48.96037" lon="11.32805"><ele>497</ele></trkpt>
<trkpt lat="48.96036" lon="11.32784"><ele>496</ele></trkpt>
<trkpt lat="48.96025" lon="11.32712"><ele>495</ele></trkpt>
<trkpt lat="48.96007" lon="11.32543"><ele>493</ele></trkpt>
<trkpt lat="48.96006" lon="11.32492"><ele>492</ele></trkpt>
<trkpt lat="48.96047" lon="11.32201"><ele>494</ele></trkpt>
<trkpt lat="48.96052" lon="11.32175"><ele>496</ele></trkpt>
<trkpt lat="48.96050" lon="11.32146"><ele>498</ele></trkpt>
<trkpt lat="48.96052" lon="11.32115"><ele>499</ele></trkpt>
<trkpt lat="48.95894" lon="11.32078"><ele>495</ele></trkpt>
<trkpt lat="48.95884" lon="11.31829"><ele>495</ele></trkpt>
<trkpt lat="48.95848" lon="11.31465"><ele>498</ele></trkpt>
<trkpt lat="48.95821" lon="11.31246"><ele>512</ele></trkpt>
<trkpt lat="48.95819" lon="11.31235"><ele>513</ele></trkpt>
<trkpt lat="48.95814" lon="11.31231"><ele>513</ele></trkpt>
<trkpt lat="48.95799" lon="11.31233"><ele>512</ele></trkpt>
<trkpt lat="48.95791" lon="11.31229"><ele>512</ele></trkpt>
<trkpt lat="48.95789" lon="11.31220"><ele>512</ele></trkpt>
<trkpt lat="48.95775" lon="11.31094"><ele>514</ele></trkpt>
<trkpt lat="48.95761" lon="11.31002"><ele>515</ele></trkpt>
<trkpt lat="48.95757" lon="11.30942"><ele>515</ele></trkpt>
<trkpt lat="48.95733" lon="11.30830"><ele>514</ele></trkpt>
<trkpt lat="48.95685" lon="11.30576"><ele>513</ele></trkpt>
<trkpt lat="48.95676" lon="11.30416"><ele>514</ele></trkpt>
<trkpt lat="48.95682" lon="11.30339"><ele>515</ele></trkpt>
<trkpt lat="48.95681" lon="11.30275"><ele>516</ele></trkpt>
<trkpt lat="48.95677" lon="11.30243"><ele>517</ele></trkpt>
<trkpt lat="48.95669" lon="11.30212"><ele>518</ele></trkpt>
<trkpt lat="48.95627" lon="11.30099"><ele>524</ele></trkpt>
<trkpt lat="48.95578" lon="11.29926"><ele>532</ele></trkpt>
<trkpt lat="48.95558" lon="11.29804"><ele>535</ele></trkpt>
<trkpt lat="48.95548" lon="11.29779"><ele>536</ele></trkpt>
<trkpt lat="48.95515" lon="11.29743"><ele>536</ele></trkpt>
<trkpt lat="48.95479" lon="11.29682"><ele>536</ele></trkpt>
<trkpt lat="48.95446" lon="11.29639"><ele>535</ele></trkpt>
<trkpt lat="48.95439" lon="11.29620"><ele>534</ele></trkpt>
<trkpt lat="48.95416" lon="11.29489"><ele>533</ele></trkpt>
<trkpt lat="48.95407" lon="11.29471"><ele>533</ele></trkpt>
<trkpt lat="48.95370" lon="11.29430"><ele>534</ele></trkpt>
<trkpt lat="48.95343" lon="11.29377"><ele>536</ele></trkpt>
<trkpt lat="48.95304" lon="11.29314"><ele>535</ele></trkpt>
<trkpt lat="48.95262" lon="11.29320"><ele>533</ele></trkpt>
<trkpt lat="48.95220" lon="11.29226"><ele>533</ele></trkpt>
<trkpt lat="48.95207" lon="11.29241"><ele>532</ele></trkpt>
<trkpt lat="48.95192" lon="11.29247"><ele>532</ele></trkpt>
<trkpt lat="48.95182" lon="11.29244"><ele>532</ele></trkpt>
<trkpt lat="48.95154" lon="11.29212"><ele>530</ele></trkpt>
<trkpt lat="48.95121" lon="11.29190"><ele>530</ele></trkpt>
<trkpt lat="48.95111" lon="11.29177"><ele>530</ele></trkpt>
<trkpt lat="48.95100" lon="11.29150"><ele>529</ele></trkpt>
<trkpt lat="48.95062" lon="11.29014"><ele>527</ele></trkpt>
<trkpt lat="48.95061" lon="11.28966"><ele>527</ele></trkpt>
<trkpt lat="48.95071" lon="11.28910"><ele>525</ele></trkpt>
<trkpt lat="48.95072" lon="11.28889"><ele>525</ele></trkpt>
<trkpt lat="48.95060" lon="11.28779"><ele>523</ele></trkpt>
<trkpt lat="48.95064" lon="11.28746"><ele>522</ele></trkpt>
<trkpt lat="48.95078" lon="11.28702"><ele>521</ele></trkpt>
<trkpt lat="48.95077" lon="11.28685"><ele>520</ele></trkpt>
<trkpt lat="48.95053" lon="11.28575"><ele>517</ele></trkpt>
<trkpt lat="48.95025" lon="11.28557"><ele>517</ele></trkpt>
<trkpt lat="48.95020" lon="11.28542"><ele>516</ele></trkpt>
<trkpt lat="48.94870" lon="11.28460"><ele>516</ele></trkpt>
<trkpt lat="48.94786" lon="11.28438"><ele>515</ele></trkpt>
<trkpt lat="48.94686" lon="11.28429"><ele>514</ele></trkpt>
<trkpt lat="48.94663" lon="11.28386"><ele>514</ele></trkpt>
<trkpt lat="48.94615" lon="11.28264"><ele>512</ele></trkpt>
<trkpt lat="48.94577" lon="11.28206"><ele>511</ele></trkpt>
<trkpt lat="48.94573" lon="11.28192"><ele>511</ele></trkpt>
<trkpt lat="48.94547" lon="11.27739"><ele>508</ele></trkpt>
<trkpt lat="48.94525" lon="11.27535"><ele>509</ele></trkpt>
<trkpt lat="48.94522" lon="11.27477"><ele>510</ele></trkpt>
<trkpt lat="48.94524" lon="11.27424"><ele>510</ele></trkpt>
<trkpt lat="48.94509" lon="11.27420"><ele>511</ele></trkpt>
<trkpt lat="48.94517" lon="11.27206"><ele>516</ele></trkpt>
<trkpt lat="48.94558" lon="11.26599"><ele>530</ele></trkpt>
<trkpt lat="48.94496" lon="11.26670"><ele>532</ele></trkpt>
<trkpt lat="48.94430" lon="11.26730"><ele>534</ele></trkpt>
<trkpt lat="48.94373" lon="11.26754"><ele>535</ele></trkpt>
<trkpt lat="48.94336" lon="11.26761"><ele>536</ele></trkpt>
<trkpt lat="48.94327" lon="11.26792"><ele>536</ele></trkpt>
<trkpt lat="48.94286" lon="11.26868"><ele>536</ele></trkpt>
<trkpt lat="48.94273" lon="11.26883"><ele>536</ele></trkpt>
<trkpt lat="48.94181" lon="11.26808"><ele>534</ele></trkpt>
<trkpt lat="48.94030" lon="11.26534"><ele>527</ele></trkpt>
<trkpt lat="48.93533" lon="11.26901"><ele>504</ele></trkpt>
<trkpt lat="48.93519" lon="11.26928"><ele>502</ele></trkpt>
<trkpt lat="48.93520" lon="11.26850"><ele>503</ele></trkpt>
<trkpt lat="48.93536" lon="11.26756"><ele>503</ele></trkpt>
<trkpt lat="48.93606" lon="11.26470"><ele>505</ele></trkpt>
<trkpt lat="48.93587" lon="11.26360"><ele>507</ele></trkpt>
<trkpt lat="48.93577" lon="11.26249"><ele>510</ele></trkpt>
<trkpt lat="48.93576" lon="11.26219"><ele>510</ele></trkpt>
<trkpt lat="48.93589" lon="11.26141"><ele>511</ele></trkpt>
<trkpt lat="48.93586" lon="11.26107"><ele>511</ele></trkpt>
<trkpt lat="48.93547" lon="11.25903"><ele>508</ele></trkpt>
<trkpt lat="48.93553" lon="11.25830"><ele>507</ele></trkpt>
<trkpt lat="48.93575" lon="11.25732"><ele>505</ele></trkpt>
<trkpt lat="48.93575" lon="11.25647"><ele>502</ele></trkpt>
<trkpt lat="48.93589" lon="11.25542"><ele>500</ele></trkpt>
<trkpt lat="48.93588" lon="11.25493"><ele>498</ele></trkpt>
<trkpt lat="48.93581" lon="11.25446"><ele>496</ele></trkpt>
<trkpt lat="48.93554" lon="11.25399"><ele>492</ele></trkpt>
<trkpt lat="48.93580" lon="11.25387"><ele>493</ele></trkpt>
<trkpt lat="48.93585" lon="11.25356"><ele>493</ele></trkpt>
<trkpt lat="48.93666" lon="11.25135"><ele>495</ele></trkpt>
<trkpt lat="48.93098" lon="11.24684"><ele>502</ele></trkpt>
<trkpt lat="48.93087" lon="11.24669"><ele>500</ele></trkpt>
<trkpt lat="48.93078" lon="11.24651"><ele>499</ele></trkpt>
<trkpt lat="48.93071" lon="11.24546"><ele>493</ele></trkpt>
<trkpt lat="48.93073" lon="11.24495"><ele>491</ele></trkpt>
<trkpt lat="48.93080" lon="11.24446"><ele>486</ele></trkpt>
<trkpt lat="48.93095" lon="11.24388"><ele>482</ele></trkpt>
<trkpt lat="48.93100" lon="11.24358"><ele>480</ele></trkpt>
<trkpt lat="48.93095" lon="11.24340"><ele>479</ele></trkpt>
<trkpt lat="48.93085" lon="11.24331"><ele>479</ele></trkpt>
<trkpt lat="48.93070" lon="11.24293"><ele>482</ele></trkpt>
<trkpt lat="48.93021" lon="11.24017"><ele>500</ele></trkpt>
<trkpt lat="48.93004" lon="11.23876"><ele>506</ele></trkpt>
<trkpt lat="48.92976" lon="11.23847"><ele>509</ele></trkpt>
<trkpt lat="48.92962" lon="11.23839"><ele>511</ele></trkpt>
<trkpt lat="48.92931" lon="11.23846"><ele>514</ele></trkpt>
<trkpt lat="48.92785" lon="11.23994"><ele>522</ele></trkpt>
<trkpt lat="48.92780" lon="11.23942"><ele>523</ele></trkpt>
<trkpt lat="48.92755" lon="11.23834"><ele>525</ele></trkpt>
<trkpt lat="48.92712" lon="11.23802"><ele>524</ele></trkpt>
<trkpt lat="48.92707" lon="11.23751"><ele>524</ele></trkpt>
<trkpt lat="48.92664" lon="11.23600"><ele>524</ele></trkpt>
<trkpt lat="48.92648" lon="11.23602"><ele>523</ele></trkpt>
<trkpt lat="48.92607" lon="11.23623"><ele>521</ele></trkpt>
<trkpt lat="48.92613" lon="11.23514"><ele>522</ele></trkpt>
<trkpt lat="48.92601" lon="11.23400"><ele>521</ele></trkpt>
<trkpt lat="48.92595" lon="11.23291"><ele>520</ele></trkpt>
<trkpt lat="48.92595" lon="11.23268"><ele>520</ele></trkpt>
<trkpt lat="48.92607" lon="11.23214"><ele>520</ele></trkpt>
<trkpt lat="48.92606" lon="11.23187"><ele>520</ele></trkpt>
<trkpt lat="48.92591" lon="11.23114"><ele>522</ele></trkpt>
<trkpt lat="48.92555" lon="11.23023"><ele>523</ele></trkpt>
<trkpt lat="48.92555" lon="11.22903"><ele>524</ele></trkpt>
<trkpt lat="48.92580" lon="11.22752"><ele>526</ele></trkpt>
<trkpt lat="48.92583" lon="11.22714"><ele>526</ele></trkpt>
<trkpt lat="48.92569" lon="11.22587"><ele>525</ele></trkpt>
<trkpt lat="48.92559" lon="11.22352"><ele>521</ele></trkpt>
<trkpt lat="48.92560" lon="11.22208"><ele>519</ele></trkpt>
<trkpt lat="48.92552" lon="11.22154"><ele>518</ele></trkpt>
<trkpt lat="48.92533" lon="11.22089"><ele>517</ele></trkpt>
<trkpt lat="48.92512" lon="11.21932"><ele>514</ele></trkpt>
<trkpt lat="48.92481" lon="11.21847"><ele>516</ele></trkpt>
<trkpt lat="48.92476" lon="11.21823"><ele>516</ele></trkpt>
<trkpt lat="48.92473" lon="11.21754"><ele>517</ele></trkpt>
<trkpt lat="48.92465" lon="11.21701"><ele>518</ele></trkpt>
<trkpt lat="48.92445" lon="11.21596"><ele>518</ele></trkpt>
<trkpt lat="48.92432" lon="11.21548"><ele>518</ele></trkpt>
<trkpt lat="48.92397" lon="11.21467"><ele>515</ele></trkpt>
<trkpt lat="48.92388" lon="11.21437"><ele>515</ele></trkpt>
<trkpt lat="48.92384" lon="11.21409"><ele>515</ele></trkpt>
<trkpt lat="48.92390" lon="11.21228"><ele>515</ele></trkpt>
<trkpt lat="48.92378" lon="11.21113"><ele>508</ele></trkpt>
<trkpt lat="48.92359" lon="11.21056"><ele>505</ele></trkpt>
<trkpt lat="48.92337" lon="11.21025"><ele>505</ele></trkpt>
<trkpt lat="48.92325" lon="11.20995"><ele>506</ele></trkpt>
<trkpt lat="48.92223" lon="11.20728"><ele>520</ele></trkpt>
<trkpt lat="48.92207" lon="11.20706"><ele>522</ele></trkpt>
<trkpt lat="48.92085" lon="11.20664"><ele>528</ele></trkpt>
<trkpt lat="48.92026" lon="11.20637"><ele>529</ele></trkpt>
<trkpt lat="48.91950" lon="11.20552"><ele>535</ele></trkpt>
<trkpt lat="48.91848" lon="11.20511"><ele>536</ele></trkpt>
<trkpt lat="48.91826" lon="11.20499"><ele>536</ele></trkpt>
<trkpt lat="48.91767" lon="11.20433"><ele>538</ele></trkpt>
<trkpt lat="48.91627" lon="11.20309"><ele>543</ele></trkpt>
<trkpt lat="48.91563" lon="11.20210"><ele>546</ele></trkpt>
<trkpt lat="48.91534" lon="11.20179"><ele>548</ele></trkpt>
<trkpt lat="48.91516" lon="11.20167"><ele>548</ele></trkpt>
<trkpt lat="48.91400" lon="11.20115"><ele>548</ele></trkpt>
<trkpt lat="48.91302" lon="11.20066"><ele>546</ele></trkpt>
<trkpt lat="48.91235" lon="11.20020"><ele>544</ele></trkpt>
<trkpt lat="48.91215" lon="11.19995"><ele>544</ele></trkpt>
<trkpt lat="48.91160" lon="11.19984"><ele>544</ele></trkpt>
<trkpt lat="48.90791" lon="11.19884"><ele>544</ele></trkpt>
<trkpt lat="48.90786" lon="11.19875"><ele>544</ele></trkpt>
<trkpt lat="48.90785" lon="11.19866"><ele>544</ele></trkpt>
<trkpt lat="48.90789" lon="11.19818"><ele>544</ele></trkpt>
<trkpt lat="48.90786" lon="11.19810"><ele>544</ele></trkpt>
<trkpt lat="48.90776" lon="11.19796"><ele>544</ele></trkpt>
<trkpt lat="48.90759" lon="11.19797"><ele>545</ele></trkpt>
<trkpt lat="48.90750" lon="11.19745"><ele>545</ele></trkpt>
<trkpt lat="48.90745" lon="11.19743"><ele>545</ele></trkpt>
<trkpt lat="48.90718" lon="11.19740"><ele>546</ele></trkpt>
<trkpt lat="48.90711" lon="11.19754"><ele>546</ele></trkpt>
<trkpt lat="48.90688" lon="11.19761"><ele>546</ele></trkpt>
<trkpt lat="48.90668" lon="11.19761"><ele>545</ele></trkpt>
<trkpt lat="48.90617" lon="11.19776"><ele>542</ele></trkpt>
<trkpt lat="48.90547" lon="11.19816"><ele>538</ele></trkpt>
<trkpt lat="48.90532" lon="11.19811"><ele>536</ele></trkpt>
<trkpt lat="48.90519" lon="11.19795"><ele>535</ele></trkpt>
<trkpt lat="48.90514" lon="11.19781"><ele>534</ele></trkpt>
<trkpt lat="48.90509" lon="11.19755"><ele>533</ele></trkpt>
<trkpt lat="48.90514" lon="11.19737"><ele>532</ele></trkpt>
<trkpt lat="48.90513" lon="11.19726"><ele>532</ele></trkpt>
<trkpt lat="48.90480" lon="11.19574"><ele>513</ele></trkpt>
<trkpt lat="48.90474" lon="11.19561"><ele>511</ele></trkpt>
<trkpt lat="48.90390" lon="11.19440"><ele>500</ele></trkpt>
<trkpt lat="48.90359" lon="11.19408"><ele>496</ele></trkpt>
<trkpt lat="48.90330" lon="11.19397"><ele>494</ele></trkpt>
<trkpt lat="48.90268" lon="11.19397"><ele>487</ele></trkpt>
<trkpt lat="48.90229" lon="11.19412"><ele>482</ele></trkpt>
<trkpt lat="48.90163" lon="11.19448"><ele>473</ele></trkpt>
<trkpt lat="48.90149" lon="11.19450"><ele>472</ele></trkpt>
<trkpt lat="48.90141" lon="11.19447"><ele>470</ele></trkpt>
<trkpt lat="48.90090" lon="11.19390"><ele>466</ele></trkpt>
<trkpt lat="48.90072" lon="11.19378"><ele>465</ele></trkpt>
<trkpt lat="48.90027" lon="11.19323"><ele>460</ele></trkpt>
<trkpt lat="48.90005" lon="11.19308"><ele>457</ele></trkpt>
<trkpt lat="48.89909" lon="11.19268"><ele>450</ele></trkpt>
<trkpt lat="48.89829" lon="11.19245"><ele>442</ele></trkpt>
<trkpt lat="48.89762" lon="11.19236"><ele>437</ele></trkpt>
<trkpt lat="48.89684" lon="11.19249"><ele>428</ele></trkpt>
<trkpt lat="48.89624" lon="11.19240"><ele>424</ele></trkpt>
<trkpt lat="48.89610" lon="11.19132"><ele>419</ele></trkpt>
<trkpt lat="48.89592" lon="11.19085"><ele>418</ele></trkpt>
<trkpt lat="48.89584" lon="11.19079"><ele>417</ele></trkpt>
<trkpt lat="48.89572" lon="11.19052"><ele>416</ele></trkpt>
<trkpt lat="48.89509" lon="11.18879"><ele>410</ele></trkpt>
<trkpt lat="48.89468" lon="11.18845"><ele>407</ele></trkpt>
<trkpt lat="48.89417" lon="11.18812"><ele>407</ele></trkpt>
<trkpt lat="48.89383" lon="11.18795"><ele>406</ele></trkpt>
<trkpt lat="48.89340" lon="11.18782"><ele>405</ele></trkpt>
<trkpt lat="48.89332" lon="11.18766"><ele>404</ele></trkpt>
<trkpt lat="48.89310" lon="11.18781"><ele>404</ele></trkpt>
<trkpt lat="48.89283" lon="11.18791"><ele>402</ele></trkpt>
<trkpt lat="48.89256" lon="11.18790"><ele>399</ele></trkpt>
<trkpt lat="48.89180" lon="11.18762"><ele>394</ele></trkpt>
<trkpt lat="48.89111" lon="11.18719"><ele>391</ele></trkpt>
<trkpt lat="48.89156" lon="11.18557"><ele>390</ele></trkpt>
<trkpt lat="48.89106" lon="11.18525"><ele>389</ele></trkpt>
<trkpt lat="48.89086" lon="11.18503"><ele>389</ele></trkpt>
<trkpt lat="48.89073" lon="11.18486"><ele>389</ele></trkpt>
<trkpt lat="48.89062" lon="11.18443"><ele>388</ele></trkpt>
<trkpt lat="48.89059" lon="11.18401"><ele>388</ele></trkpt>
<trkpt lat="48.89063" lon="11.18376"><ele>388</ele></trkpt>
<trkpt lat="48.89074" lon="11.18335"><ele>388</ele></trkpt>
<trkpt lat="48.89096" lon="11.18282"><ele>388</ele></trkpt>
<trkpt lat="48.89124" lon="11.18239"><ele>388</ele></trkpt>
<trkpt lat="48.89142" lon="11.18224"><ele>387</ele></trkpt>
<trkpt lat="48.89203" lon="11.18253"><ele>388</ele></trkpt>
<trkpt lat="48.89210" lon="11.18251"><ele>388</ele></trkpt>
<trkpt lat="48.89241" lon="11.18107"><ele>388</ele></trkpt>
<trkpt lat="48.89236" lon="11.18082"><ele>388</ele></trkpt>
<trkpt lat="48.89264" lon="11.18050"><ele>388</ele></trkpt>
<trkpt lat="48.89279" lon="11.18048"><ele>388</ele></trkpt>
<trkpt lat="48.89295" lon="11.18060"><ele>388</ele></trkpt>
<trkpt lat="48.89302" lon="11.18059"><ele>389</ele></trkpt>
<trkpt lat="48.89333" lon="11.18043"><ele>389</ele></trkpt>
<trkpt lat="48.89351" lon="11.18097"><ele>388</ele></trkpt>
<trkpt lat="48.89359" lon="11.18131"><ele>387</ele></trkpt>
<trkpt lat="48.89379" lon="11.18118"><ele>387</ele></trkpt>
<trkpt lat="48.89463" lon="11.18043"><ele>387</ele></trkpt>
<trkpt lat="48.89477" lon="11.18013"><ele>387</ele></trkpt>
<trkpt lat="48.89489" lon="11.18001"><ele>387</ele></trkpt>
<trkpt lat="48.89533" lon="11.18008"><ele>386</ele></trkpt>
<trkpt lat="48.89538" lon="11.18004"><ele>386</ele></trkpt>
<trkpt lat="48.89704" lon="11.17778"><ele>386</ele></trkpt>
<trkpt lat="48.89786" lon="11.17648"><ele>386</ele></trkpt>
<trkpt lat="48.89818" lon="11.17561"><ele>386</ele></trkpt>
<trkpt lat="48.89829" lon="11.17559"><ele>386</ele></trkpt>
<trkpt lat="48.89855" lon="11.17568"><ele>386</ele></trkpt>
<trkpt lat="48.89881" lon="11.17536"><ele>387</ele></trkpt>
<trkpt lat="48.89882" lon="11.17522"><ele>386</ele></trkpt>
<trkpt lat="48.89907" lon="11.17453"><ele>386</ele></trkpt>
<trkpt lat="48.89909" lon="11.17415"><ele>387</ele></trkpt>
<trkpt lat="48.89900" lon="11.17288"><ele>386</ele></trkpt>
<trkpt lat="48.89902" lon="11.17239"><ele>386</ele></trkpt>
<trkpt lat="48.89912" lon="11.17160"><ele>387</ele></trkpt>
<trkpt lat="48.89920" lon="11.17066"><ele>387</ele></trkpt>
<trkpt lat="48.89924" lon="11.16912"><ele>386</ele></trkpt>
<trkpt lat="48.89927" lon="11.16905"><ele>386</ele></trkpt>
<trkpt lat="48.89926" lon="11.16883"><ele>386</ele></trkpt>
<trkpt lat="48.89910" lon="11.16807"><ele>387</ele></trkpt>
<trkpt lat="48.89908" lon="11.16758"><ele>387</ele></trkpt>
<trkpt lat="48.89902" lon="11.16741"><ele>387</ele></trkpt>
<trkpt lat="48.89868" lon="11.16755"><ele>389</ele></trkpt>
<trkpt lat="48.89863" lon="11.16729"><ele>390</ele></trkpt>
<trkpt lat="48.89863" lon="11.16722"><ele>390</ele></trkpt>
<trkpt lat="48.89908" lon="11.16593"><ele>388</ele></trkpt>
<trkpt lat="48.89924" lon="11.16535"><ele>389</ele></trkpt>
<trkpt lat="48.89910" lon="11.16527"><ele>389</ele></trkpt>
<trkpt lat="48.89903" lon="11.16517"><ele>389</ele></trkpt>
<trkpt lat="48.89891" lon="11.16483"><ele>389</ele></trkpt>
<trkpt lat="48.89893" lon="11.16158"><ele>396</ele></trkpt>
<trkpt lat="48.89896" lon="11.16119"><ele>399</ele></trkpt>
<trkpt lat="48.89908" lon="11.16075"><ele>402</ele></trkpt>
<trkpt lat="48.89942" lon="11.16015"><ele>405</ele></trkpt>
<trkpt lat="48.89960" lon="11.15976"><ele>408</ele></trkpt>
<trkpt lat="48.89993" lon="11.15922"><ele>410</ele></trkpt>
<trkpt lat="48.90018" lon="11.15883"><ele>414</ele></trkpt>
<trkpt lat="48.90104" lon="11.15769"><ele>427</ele></trkpt>
<trkpt lat="48.90173" lon="11.15591"><ele>440</ele></trkpt>
<trkpt lat="48.90191" lon="11.15564"><ele>440</ele></trkpt>
<trkpt lat="48.90315" lon="11.15481"><ele>448</ele></trkpt>
<trkpt lat="48.90352" lon="11.15468"><ele>451</ele></trkpt>
<trkpt lat="48.90389" lon="11.15446"><ele>455</ele></trkpt>
<trkpt lat="48.90411" lon="11.15438"><ele>458</ele></trkpt>
<trkpt lat="48.90427" lon="11.15435"><ele>460</ele></trkpt>
<trkpt lat="48.90449" lon="11.15438"><ele>461</ele></trkpt>
<trkpt lat="48.90470" lon="11.15447"><ele>462</ele></trkpt>
<trkpt lat="48.90484" lon="11.15460"><ele>465</ele></trkpt>
<trkpt lat="48.90517" lon="11.15469"><ele>468</ele></trkpt>
<trkpt lat="48.90557" lon="11.15458"><ele>472</ele></trkpt>
<trkpt lat="48.90575" lon="11.15446"><ele>472</ele></trkpt>
<trkpt lat="48.90598" lon="11.15417"><ele>478</ele></trkpt>
<trkpt lat="48.90617" lon="11.15382"><ele>482</ele></trkpt>
<trkpt lat="48.90657" lon="11.15297"><ele>487</ele></trkpt>
<trkpt lat="48.90677" lon="11.15235"><ele>490</ele></trkpt>
<trkpt lat="48.90694" lon="11.15201"><ele>490</ele></trkpt>
<trkpt lat="48.90707" lon="11.15188"><ele>493</ele></trkpt>
<trkpt lat="48.90754" lon="11.15177"><ele>495</ele></trkpt>
<trkpt lat="48.90771" lon="11.15164"><ele>496</ele></trkpt>
<trkpt lat="48.90782" lon="11.15140"><ele>499</ele></trkpt>
<trkpt lat="48.90791" lon="11.15101"><ele>506</ele></trkpt>
<trkpt lat="48.90807" lon="11.14982"><ele>509</ele></trkpt>
<trkpt lat="48.90828" lon="11.14889"><ele>514</ele></trkpt>
<trkpt lat="48.90870" lon="11.14636"><ele>531</ele></trkpt>
<trkpt lat="48.90872" lon="11.14557"><ele>532</ele></trkpt>
<trkpt lat="48.90863" lon="11.14461"><ele>532</ele></trkpt>
<trkpt lat="48.90844" lon="11.14372"><ele>531</ele></trkpt>
<trkpt lat="48.90847" lon="11.14365"><ele>531</ele></trkpt>
<trkpt lat="48.90875" lon="11.14365"><ele>532</ele></trkpt>
<trkpt lat="48.90943" lon="11.14421"><ele>535</ele></trkpt>
<trkpt lat="48.90954" lon="11.14425"><ele>535</ele></trkpt>
<trkpt lat="48.90961" lon="11.14439"><ele>536</ele></trkpt>
<trkpt lat="48.90978" lon="11.14444"><ele>536</ele></trkpt>
<trkpt lat="48.91144" lon="11.14335"><ele>543</ele></trkpt>
<trkpt lat="48.91193" lon="11.14316"><ele>542</ele></trkpt>
<trkpt lat="48.91195" lon="11.14219"><ele>545</ele></trkpt>
<trkpt lat="48.91265" lon="11.13860"><ele>547</ele></trkpt>
<trkpt lat="48.91271" lon="11.13804"><ele>546</ele></trkpt>
<trkpt lat="48.91270" lon="11.13774"><ele>546</ele></trkpt>
<trkpt lat="48.91226" lon="11.13303"><ele>542</ele></trkpt>
<trkpt lat="48.91227" lon="11.13279"><ele>542</ele></trkpt>
<trkpt lat="48.91244" lon="11.13203"><ele>542</ele></trkpt>
<trkpt lat="48.91244" lon="11.13190"><ele>542</ele></trkpt>
<trkpt lat="48.91290" lon="11.13170"><ele>540</ele></trkpt>
<trkpt lat="48.91310" lon="11.13165"><ele>540</ele></trkpt>
<trkpt lat="48.91330" lon="11.13171"><ele>540</ele></trkpt>
<trkpt lat="48.91339" lon="11.13110"><ele>540</ele></trkpt>
<trkpt lat="48.91332" lon="11.13060"><ele>541</ele></trkpt>
<trkpt lat="48.91334" lon="11.13046"><ele>541</ele></trkpt>
<trkpt lat="48.91339" lon="11.13035"><ele>541</ele></trkpt>
<trkpt lat="48.91338" lon="11.13009"><ele>541</ele></trkpt>
<trkpt lat="48.91322" lon="11.12898"><ele>540</ele></trkpt>
<trkpt lat="48.91329" lon="11.12774"><ele>541</ele></trkpt>
<trkpt lat="48.91334" lon="11.12758"><ele>541</ele></trkpt>
<trkpt lat="48.91365" lon="11.12738"><ele>543</ele></trkpt>
<trkpt lat="48.91367" lon="11.12723"><ele>543</ele></trkpt>
<trkpt lat="48.91294" lon="11.12400"><ele>547</ele></trkpt>
<trkpt lat="48.91267" lon="11.12302"><ele>548</ele></trkpt>
<trkpt lat="48.91295" lon="11.12287"><ele>547</ele></trkpt>
<trkpt lat="48.91287" lon="11.12255"><ele>548</ele></trkpt>
<trkpt lat="48.91275" lon="11.12177"><ele>548</ele></trkpt>
<trkpt lat="48.91260" lon="11.12113"><ele>548</ele></trkpt>
<trkpt lat="48.91257" lon="11.12082"><ele>547</ele></trkpt>
<trkpt lat="48.91259" lon="11.12009"><ele>546</ele></trkpt>
<trkpt lat="48.91251" lon="11.11928"><ele>546</ele></trkpt>
<trkpt lat="48.91253" lon="11.11864"><ele>545</ele></trkpt>
<trkpt lat="48.91251" lon="11.11831"><ele>545</ele></trkpt>
<trkpt lat="48.91237" lon="11.11742"><ele>545</ele></trkpt>
<trkpt lat="48.91233" lon="11.11676"><ele>544</ele></trkpt>
<trkpt lat="48.91240" lon="11.11529"><ele>542</ele></trkpt>
<trkpt lat="48.91242" lon="11.11346"><ele>542</ele></trkpt>
<trkpt lat="48.91261" lon="11.11060"><ele>541</ele></trkpt>
<trkpt lat="48.91272" lon="11.10895"><ele>539</ele></trkpt>
<trkpt lat="48.91295" lon="11.10758"><ele>534</ele></trkpt>
<trkpt lat="48.91299" lon="11.10712"><ele>533</ele></trkpt>
<trkpt lat="48.91287" lon="11.10616"><ele>530</ele></trkpt>
<trkpt lat="48.91268" lon="11.10540"><ele>530</ele></trkpt>
<trkpt lat="48.91245" lon="11.10202"><ele>527</ele></trkpt>
<trkpt lat="48.91242" lon="11.10084"><ele>526</ele></trkpt>
<trkpt lat="48.91244" lon="11.10041"><ele>525</ele></trkpt>
<trkpt lat="48.91259" lon="11.09969"><ele>525</ele></trkpt>
<trkpt lat="48.91258" lon="11.09938"><ele>524</ele></trkpt>
<trkpt lat="48.91254" lon="11.09907"><ele>524</ele></trkpt>
<trkpt lat="48.91242" lon="11.09860"><ele>523</ele></trkpt>
<trkpt lat="48.91227" lon="11.09822"><ele>521</ele></trkpt>
<trkpt lat="48.91183" lon="11.09724"><ele>522</ele></trkpt>
<trkpt lat="48.91166" lon="11.09669"><ele>521</ele></trkpt>
<trkpt lat="48.91123" lon="11.09590"><ele>518</ele></trkpt>
<trkpt lat="48.91131" lon="11.09578"><ele>519</ele></trkpt>
<trkpt lat="48.91166" lon="11.09560"><ele>522</ele></trkpt>
<trkpt lat="48.91233" lon="11.09502"><ele>526</ele></trkpt>
<trkpt lat="48.91260" lon="11.09466"><ele>527</ele></trkpt>
<trkpt lat="48.91322" lon="11.09345"><ele>533</ele></trkpt>
<trkpt lat="48.91415" lon="11.09241"><ele>543</ele></trkpt>
<trkpt lat="48.91522" lon="11.09148"><ele>550</ele></trkpt>
<trkpt lat="48.91539" lon="11.09129"><ele>551</ele></trkpt>
<trkpt lat="48.91596" lon="11.09042"><ele>554</ele></trkpt>
<trkpt lat="48.91647" lon="11.08973"><ele>555</ele></trkpt>
<trkpt lat="48.91731" lon="11.08873"><ele>557</ele></trkpt>
<trkpt lat="48.91743" lon="11.08869"><ele>557</ele></trkpt>
<trkpt lat="48.91785" lon="11.08880"><ele>558</ele></trkpt>
<trkpt lat="48.91846" lon="11.08770"><ele>559</ele></trkpt>
<trkpt lat="48.91544" lon="11.08157"><ele>544</ele></trkpt>
<trkpt lat="48.91437" lon="11.07898"><ele>548</ele></trkpt>
<trkpt lat="48.91236" lon="11.07585"><ele>554</ele></trkpt>
<trkpt lat="48.91187" lon="11.07487"><ele>554</ele></trkpt>
<trkpt lat="48.91127" lon="11.07321"><ele>554</ele></trkpt>
<trkpt lat="48.91094" lon="11.07245"><ele>553</ele></trkpt>
<trkpt lat="48.91099" lon="11.07216"><ele>553</ele></trkpt>
<trkpt lat="48.91180" lon="11.06909"><ele>550</ele></trkpt>
<trkpt lat="48.91191" lon="11.06879"><ele>551</ele></trkpt>
<trkpt lat="48.91128" lon="11.06805"><ele>548</ele></trkpt>
<trkpt lat="48.91116" lon="11.06762"><ele>547</ele></trkpt>
<trkpt lat="48.91115" lon="11.06748"><ele>547</ele></trkpt>
<trkpt lat="48.91169" lon="11.06496"><ele>546</ele></trkpt>
<trkpt lat="48.91172" lon="11.06468"><ele>546</ele></trkpt>
<trkpt lat="48.91175" lon="11.06308"><ele>544</ele></trkpt>
<trkpt lat="48.91179" lon="11.06235"><ele>543</ele></trkpt>
<trkpt lat="48.91188" lon="11.06143"><ele>542</ele></trkpt>
<trkpt lat="48.91189" lon="11.06098"><ele>542</ele></trkpt>
<trkpt lat="48.91181" lon="11.06078"><ele>541</ele></trkpt>
<trkpt lat="48.91163" lon="11.06053"><ele>540</ele></trkpt>
<trkpt lat="48.91141" lon="11.06048"><ele>538</ele></trkpt>
<trkpt lat="48.91112" lon="11.06065"><ele>537</ele></trkpt>
<trkpt lat="48.91055" lon="11.06111"><ele>535</ele></trkpt>
<trkpt lat="48.91001" lon="11.06135"><ele>537</ele></trkpt>
<trkpt lat="48.90983" lon="11.06141"><ele>537</ele></trkpt>
<trkpt lat="48.90837" lon="11.06155"><ele>524</ele></trkpt>
<trkpt lat="48.90610" lon="11.05700"><ele>542</ele></trkpt>
<trkpt lat="48.90594" lon="11.05676"><ele>542</ele></trkpt>
<trkpt lat="48.90459" lon="11.05512"><ele>541</ele></trkpt>
<trkpt lat="48.90328" lon="11.05371"><ele>536</ele></trkpt>
<trkpt lat="48.90199" lon="11.05247"><ele>521</ele></trkpt>
<trkpt lat="48.89964" lon="11.05050"><ele>496</ele></trkpt>
<trkpt lat="48.89881" lon="11.04987"><ele>492</ele></trkpt>
<trkpt lat="48.89882" lon="11.04944"><ele>490</ele></trkpt>
<trkpt lat="48.89956" lon="11.04738"><ele>480</ele></trkpt>
<trkpt lat="48.89967" lon="11.04692"><ele>476</ele></trkpt>
<trkpt lat="48.89974" lon="11.04653"><ele>472</ele></trkpt>
<trkpt lat="48.89977" lon="11.04602"><ele>470</ele></trkpt>
<trkpt lat="48.89982" lon="11.04580"><ele>470</ele></trkpt>
<trkpt lat="48.89990" lon="11.04562"><ele>468</ele></trkpt>
<trkpt lat="48.90022" lon="11.04520"><ele>461</ele></trkpt>
<trkpt lat="48.90048" lon="11.04511"><ele>459</ele></trkpt>
<trkpt lat="48.90068" lon="11.04513"><ele>458</ele></trkpt>
<trkpt lat="48.90096" lon="11.04527"><ele>458</ele></trkpt>
<trkpt lat="48.90109" lon="11.04526"><ele>459</ele></trkpt>
<trkpt lat="48.90149" lon="11.04511"><ele>460</ele></trkpt>
<trkpt lat="48.90178" lon="11.04517"><ele>460</ele></trkpt>
<trkpt lat="48.90190" lon="11.04515"><ele>460</ele></trkpt>
<trkpt lat="48.90205" lon="11.04494"><ele>462</ele></trkpt>
<trkpt lat="48.90210" lon="11.04464"><ele>464</ele></trkpt>
<trkpt lat="48.90212" lon="11.04414"><ele>466</ele></trkpt>
<trkpt lat="48.90216" lon="11.04395"><ele>466</ele></trkpt>
<trkpt lat="48.90280" lon="11.04269"><ele>472</ele></trkpt>
<trkpt lat="48.90275" lon="11.04244"><ele>474</ele></trkpt>
<trkpt lat="48.90266" lon="11.04220"><ele>477</ele></trkpt>
<trkpt lat="48.90254" lon="11.04208"><ele>479</ele></trkpt>
<trkpt lat="48.90241" lon="11.04206"><ele>481</ele></trkpt>
<trkpt lat="48.90229" lon="11.04214"><ele>482</ele></trkpt>
<trkpt lat="48.90209" lon="11.04254"><ele>484</ele></trkpt>
<trkpt lat="48.90196" lon="11.04255"><ele>486</ele></trkpt>
<trkpt lat="48.90193" lon="11.04244"><ele>487</ele></trkpt>
<trkpt lat="48.90192" lon="11.04226"><ele>488</ele></trkpt>
<trkpt lat="48.90196" lon="11.04206"><ele>489</ele></trkpt>
<trkpt lat="48.90221" lon="11.04177"><ele>489</ele></trkpt>
<trkpt lat="48.90260" lon="11.04099"><ele>498</ele></trkpt>
<trkpt lat="48.90309" lon="11.04058"><ele>505</ele></trkpt>
<trkpt lat="48.90345" lon="11.04005"><ele>512</ele></trkpt>
<trkpt lat="48.90374" lon="11.03952"><ele>516</ele></trkpt>
<trkpt lat="48.90379" lon="11.03926"><ele>516</ele></trkpt>
<trkpt lat="48.90378" lon="11.03903"><ele>517</ele></trkpt>
<trkpt lat="48.90285" lon="11.03860"><ele>514</ele></trkpt>
<trkpt lat="48.90158" lon="11.03809"><ele>505</ele></trkpt>
<trkpt lat="48.90139" lon="11.03793"><ele>503</ele></trkpt>
<trkpt lat="48.90116" lon="11.03767"><ele>501</ele></trkpt>
<trkpt lat="48.90109" lon="11.03740"><ele>502</ele></trkpt>
<trkpt lat="48.90112" lon="11.03711"><ele>503</ele></trkpt>
<trkpt lat="48.90207" lon="11.03186"><ele>503</ele></trkpt>
<trkpt lat="48.90151" lon="11.03175"><ele>502</ele></trkpt>
<trkpt lat="48.90116" lon="11.03161"><ele>501</ele></trkpt>
<trkpt lat="48.90035" lon="11.03120"><ele>501</ele></trkpt>
<trkpt lat="48.89970" lon="11.03076"><ele>500</ele></trkpt>
<trkpt lat="48.89994" lon="11.02928"><ele>498</ele></trkpt>
<trkpt lat="48.89998" lon="11.02878"><ele>496</ele></trkpt>
<trkpt lat="48.89998" lon="11.02785"><ele>495</ele></trkpt>
<trkpt lat="48.89988" lon="11.02197"><ele>485</ele></trkpt>
<trkpt lat="48.89986" lon="11.02171"><ele>484</ele></trkpt>
<trkpt lat="48.89976" lon="11.02118"><ele>482</ele></trkpt>
<trkpt lat="48.89956" lon="11.02060"><ele>476</ele></trkpt>
<trkpt lat="48.89956" lon="11.02006"><ele>471</ele></trkpt>
<trkpt lat="48.89937" lon="11.01993"><ele>470</ele></trkpt>
<trkpt lat="48.89881" lon="11.01939"><ele>466</ele></trkpt>
<trkpt lat="48.89845" lon="11.01864"><ele>464</ele></trkpt>
<trkpt lat="48.89805" lon="11.01803"><ele>461</ele></trkpt>
<trkpt lat="48.89763" lon="11.01768"><ele>460</ele></trkpt>
<trkpt lat="48.89726" lon="11.01729"><ele>458</ele></trkpt>
<trkpt lat="48.89691" lon="11.01700"><ele>454</ele></trkpt>
<trkpt lat="48.89662" lon="11.01700"><ele>452</ele></trkpt>
<trkpt lat="48.89612" lon="11.01728"><ele>450</ele></trkpt>
<trkpt lat="48.89578" lon="11.01788"><ele>447</ele></trkpt>
<trkpt lat="48.89525" lon="11.01849"><ele>444</ele></trkpt>
<trkpt lat="48.89504" lon="11.01861"><ele>443</ele></trkpt>
<trkpt lat="48.89457" lon="11.01871"><ele>443</ele></trkpt>
<trkpt lat="48.89407" lon="11.01896"><ele>440</ele></trkpt>
<trkpt lat="48.89386" lon="11.01901"><ele>440</ele></trkpt>
<trkpt lat="48.89372" lon="11.01899"><ele>438</ele></trkpt>
<trkpt lat="48.89390" lon="11.01868"><ele>439</ele></trkpt>
<trkpt lat="48.89405" lon="11.01818"><ele>444</ele></trkpt>
<trkpt lat="48.89415" lon="11.01796"><ele>446</ele></trkpt>
<trkpt lat="48.89433" lon="11.01780"><ele>448</ele></trkpt>
<trkpt lat="48.89490" lon="11.01749"><ele>455</ele></trkpt>
<trkpt lat="48.89520" lon="11.01694"><ele>460</ele></trkpt>
<trkpt lat="48.89550" lon="11.01664"><ele>460</ele></trkpt>
<trkpt lat="48.89590" lon="11.01597"><ele>463</ele></trkpt>
<trkpt lat="48.89600" lon="11.01586"><ele>464</ele></trkpt>
<trkpt lat="48.89622" lon="11.01575"><ele>465</ele></trkpt>
<trkpt lat="48.89679" lon="11.01553"><ele>470</ele></trkpt>
<trkpt lat="48.89694" lon="11.01540"><ele>472</ele></trkpt>
<trkpt lat="48.89699" lon="11.01524"><ele>474</ele></trkpt>
<trkpt lat="48.89708" lon="11.01453"><ele>476</ele></trkpt>
<trkpt lat="48.89717" lon="11.01241"><ele>478</ele></trkpt>
<trkpt lat="48.89721" lon="11.01060"><ele>476</ele></trkpt>
<trkpt lat="48.89713" lon="11.00942"><ele>474</ele></trkpt>
<trkpt lat="48.89710" lon="11.00773"><ele>471</ele></trkpt>
<trkpt lat="48.89705" lon="11.00723"><ele>468</ele></trkpt>
<trkpt lat="48.89683" lon="11.00624"><ele>464</ele></trkpt>
<trkpt lat="48.89635" lon="11.00472"><ele>458</ele></trkpt>
<trkpt lat="48.89629" lon="11.00412"><ele>452</ele></trkpt>
<trkpt lat="48.89631" lon="11.00337"><ele>452</ele></trkpt>
<trkpt lat="48.89630" lon="11.00312"><ele>454</ele></trkpt>
<trkpt lat="48.89624" lon="11.00287"><ele>455</ele></trkpt>
<trkpt lat="48.89611" lon="11.00256"><ele>456</ele></trkpt>
<trkpt lat="48.89612" lon="11.00241"><ele>458</ele></trkpt>
<trkpt lat="48.89580" lon="11.00213"><ele>456</ele></trkpt>
<trkpt lat="48.89562" lon="11.00185"><ele>455</ele></trkpt>
<trkpt lat="48.89535" lon="11.00087"><ele>454</ele></trkpt>
<trkpt lat="48.89529" lon="11.00038"><ele>452</ele></trkpt>
<trkpt lat="48.89523" lon="10.99932"><ele>448</ele></trkpt>
<trkpt lat="48.89517" lon="10.99907"><ele>448</ele></trkpt>
<trkpt lat="48.89494" lon="10.99865"><ele>444</ele></trkpt>
<trkpt lat="48.89484" lon="10.99835"><ele>443</ele></trkpt>
<trkpt lat="48.89502" lon="10.99804"><ele>444</ele></trkpt>
<trkpt lat="48.89507" lon="10.99786"><ele>445</ele></trkpt>
<trkpt lat="48.89520" lon="10.99599"><ele>442</ele></trkpt>
<trkpt lat="48.89585" lon="10.99602"><ele>448</ele></trkpt>
<trkpt lat="48.89645" lon="10.99617"><ele>453</ele></trkpt>
<trkpt lat="48.89659" lon="10.99609"><ele>454</ele></trkpt>
<trkpt lat="48.89606" lon="10.99518"><ele>448</ele></trkpt>
<trkpt lat="48.89579" lon="10.99459"><ele>445</ele></trkpt>
<trkpt lat="48.89538" lon="10.99334"><ele>439</ele></trkpt>
<trkpt lat="48.89520" lon="10.99308"><ele>436</ele></trkpt>
<trkpt lat="48.89528" lon="10.99289"><ele>436</ele></trkpt>
<trkpt lat="48.89519" lon="10.99272"><ele>434</ele></trkpt>
<trkpt lat="48.89517" lon="10.99245"><ele>432</ele></trkpt>
<trkpt lat="48.89528" lon="10.99200"><ele>428</ele></trkpt>
<trkpt lat="48.89537" lon="10.99176"><ele>425</ele></trkpt>
<trkpt lat="48.89588" lon="10.99120"><ele>415</ele></trkpt>
<trkpt lat="48.89599" lon="10.99102"><ele>413</ele></trkpt>
<trkpt lat="48.89596" lon="10.99101"><ele>412</ele></trkpt>
<trkpt lat="48.89597" lon="10.99097"><ele>412</ele></trkpt>
<trkpt lat="48.89648" lon="10.99083"><ele>409</ele></trkpt>
<trkpt lat="48.89665" lon="10.99082"><ele>409</ele></trkpt>
<trkpt lat="48.89744" lon="10.99105"><ele>406</ele></trkpt>
<trkpt lat="48.89786" lon="10.99124"><ele>405</ele></trkpt>
<trkpt lat="48.89874" lon="10.99185"><ele>403</ele></trkpt>
<trkpt lat="48.89896" lon="10.99205"><ele>403</ele></trkpt>
<trkpt lat="48.89963" lon="10.99277"><ele>403</ele></trkpt>
<trkpt lat="48.90044" lon="10.99382"><ele>407</ele></trkpt>
<trkpt lat="48.90077" lon="10.99405"><ele>406</ele></trkpt>
<trkpt lat="48.90175" lon="10.99444"><ele>403</ele></trkpt>
<trkpt lat="48.90246" lon="10.99468"><ele>404</ele></trkpt>
<trkpt lat="48.90296" lon="10.99480"><ele>403</ele></trkpt>
<trkpt lat="48.90324" lon="10.99484"><ele>404</ele></trkpt>
<trkpt lat="48.90349" lon="10.99483"><ele>405</ele></trkpt>
<trkpt lat="48.90445" lon="10.99463"><ele>403</ele></trkpt>
<trkpt lat="48.90473" lon="10.99449"><ele>403</ele></trkpt>
<trkpt lat="48.90527" lon="10.99408"><ele>403</ele></trkpt>
<trkpt lat="48.90592" lon="10.99388"><ele>404</ele></trkpt>
<trkpt lat="48.90619" lon="10.99362"><ele>404</ele></trkpt>
<trkpt lat="48.90677" lon="10.99288"><ele>404</ele></trkpt>
<trkpt lat="48.90752" lon="10.99181"><ele>404</ele></trkpt>
<trkpt lat="48.90754" lon="10.99142"><ele>402</ele></trkpt>
<trkpt lat="48.90808" lon="10.98964"><ele>402</ele></trkpt>
<trkpt lat="48.90820" lon="10.98903"><ele>402</ele></trkpt>
<trkpt lat="48.90828" lon="10.98820"><ele>403</ele></trkpt>
<trkpt lat="48.90836" lon="10.98799"><ele>403</ele></trkpt>
<trkpt lat="48.91115" lon="10.98569"><ele>404</ele></trkpt>
<trkpt lat="48.91125" lon="10.98556"><ele>404</ele></trkpt>
<trkpt lat="48.91148" lon="10.98509"><ele>403</ele></trkpt>
<trkpt lat="48.91170" lon="10.98485"><ele>404</ele></trkpt>
<trkpt lat="48.91220" lon="10.98456"><ele>402</ele></trkpt>
<trkpt lat="48.91309" lon="10.98430"><ele>402</ele></trkpt>
<trkpt lat="48.91393" lon="10.98419"><ele>403</ele></trkpt>
<trkpt lat="48.91498" lon="10.98412"><ele>404</ele></trkpt>
<trkpt lat="48.91616" lon="10.98414"><ele>403</ele></trkpt>
<trkpt lat="48.91748" lon="10.98442"><ele>405</ele></trkpt>
<trkpt lat="48.91769" lon="10.98443"><ele>405</ele></trkpt>
<trkpt lat="48.91838" lon="10.98432"><ele>406</ele></trkpt>
<trkpt lat="48.91900" lon="10.98408"><ele>405</ele></trkpt>
<trkpt lat="48.91959" lon="10.98374"><ele>405</ele></trkpt>
<trkpt lat="48.92019" lon="10.98322"><ele>405</ele></trkpt>
<trkpt lat="48.92073" lon="10.98261"><ele>404</ele></trkpt>
<trkpt lat="48.92079" lon="10.98257"><ele>404</ele></trkpt>
<trkpt lat="48.92088" lon="10.98262"><ele>404</ele></trkpt>
<trkpt lat="48.92104" lon="10.98283"><ele>404</ele></trkpt>
<trkpt lat="48.92219" lon="10.98368"><ele>402</ele></trkpt>
<trkpt lat="48.92241" lon="10.98395"><ele>402</ele></trkpt>
<trkpt lat="48.92253" lon="10.98417"><ele>403</ele></trkpt>
<trkpt lat="48.92269" lon="10.98455"><ele>404</ele></trkpt>
<trkpt lat="48.92280" lon="10.98474"><ele>403</ele></trkpt>
<trkpt lat="48.92311" lon="10.98509"><ele>404</ele></trkpt>
<trkpt lat="48.92367" lon="10.98608"><ele>403</ele></trkpt>
<trkpt lat="48.92380" lon="10.98655"><ele>402</ele></trkpt>
<trkpt lat="48.92382" lon="10.98682"><ele>404</ele></trkpt>
<trkpt lat="48.92408" lon="10.98719"><ele>405</ele></trkpt>
<trkpt lat="48.92406" lon="10.98772"><ele>407</ele></trkpt>
<trkpt lat="48.92408" lon="10.98787"><ele>408</ele></trkpt>
<trkpt lat="48.92437" lon="10.98769"><ele>406</ele></trkpt>
<trkpt lat="48.92496" lon="10.98751"><ele>405</ele></trkpt>
<trkpt lat="48.92515" lon="10.98736"><ele>405</ele></trkpt>
<trkpt lat="48.92536" lon="10.98709"><ele>404</ele></trkpt>
<trkpt lat="48.92546" lon="10.98687"><ele>404</ele></trkpt>
<trkpt lat="48.92593" lon="10.98559"><ele>405</ele></trkpt>
<trkpt lat="48.92607" lon="10.98571"><ele>405</ele></trkpt>
<trkpt lat="48.92625" lon="10.98530"><ele>405</ele></trkpt>
<trkpt lat="48.92632" lon="10.98490"><ele>405</ele></trkpt>
<trkpt lat="48.92632" lon="10.98406"><ele>405</ele></trkpt>
<trkpt lat="48.92654" lon="10.98393"><ele>405</ele></trkpt>
<trkpt lat="48.92653" lon="10.98373"><ele>405</ele></trkpt>
<trkpt lat="48.92669" lon="10.98325"><ele>406</ele></trkpt>
<trkpt lat="48.92689" lon="10.98232"><ele>408</ele></trkpt>
<trkpt lat="48.92697" lon="10.98207"><ele>410</ele></trkpt>
<trkpt lat="48.92718" lon="10.98158"><ele>415</ele></trkpt>
<trkpt lat="48.92718" lon="10.98054"><ele>425</ele></trkpt>
<trkpt lat="48.92726" lon="10.97961"><ele>434</ele></trkpt>
<trkpt lat="48.92710" lon="10.97643"><ele>456</ele></trkpt>
<trkpt lat="48.92710" lon="10.97591"><ele>459</ele></trkpt>
<trkpt lat="48.92713" lon="10.97571"><ele>460</ele></trkpt>
<trkpt lat="48.92720" lon="10.97565"><ele>460</ele></trkpt>
<trkpt lat="48.92739" lon="10.97564"><ele>458</ele></trkpt>
<trkpt lat="48.92848" lon="10.97593"><ele>446</ele></trkpt>
<trkpt lat="48.92908" lon="10.97618"><ele>436</ele></trkpt>
<trkpt lat="48.92959" lon="10.97662"><ele>431</ele></trkpt>
<trkpt lat="48.92989" lon="10.97699"><ele>429</ele></trkpt>
<trkpt lat="48.93045" lon="10.97749"><ele>428</ele></trkpt>
<trkpt lat="48.93142" lon="10.97831"><ele>425</ele></trkpt>
<trkpt lat="48.93222" lon="10.97893"><ele>421</ele></trkpt>
<trkpt lat="48.93342" lon="10.97961"><ele>415</ele></trkpt>
<trkpt lat="48.93462" lon="10.98014"><ele>415</ele></trkpt>
<trkpt lat="48.93516" lon="10.97847"><ele>410</ele></trkpt>
<trkpt lat="48.93549" lon="10.97711"><ele>407</ele></trkpt>
<trkpt lat="48.93590" lon="10.97642"><ele>407</ele></trkpt>
<trkpt lat="48.93597" lon="10.97596"><ele>408</ele></trkpt>
<trkpt lat="48.93598" lon="10.97564"><ele>408</ele></trkpt>
<trkpt lat="48.93597" lon="10.97510"><ele>407</ele></trkpt>
<trkpt lat="48.93591" lon="10.97466"><ele>408</ele></trkpt>
<trkpt lat="48.93520" lon="10.97462"><ele>405</ele></trkpt>
<trkpt lat="48.93488" lon="10.97452"><ele>407</ele></trkpt>
<trkpt lat="48.93486" lon="10.97429"><ele>407</ele></trkpt>
<trkpt lat="48.93481" lon="10.97414"><ele>407</ele></trkpt>
<trkpt lat="48.93474" lon="10.97409"><ele>407</ele></trkpt>
<trkpt lat="48.93433" lon="10.97411"><ele>408</ele></trkpt>
<trkpt lat="48.93375" lon="10.97395"><ele>407</ele></trkpt>
<trkpt lat="48.93365" lon="10.97481"><ele>406</ele></trkpt>
<trkpt lat="48.93449" lon="10.97490"><ele>407</ele></trkpt>
<trkpt lat="48.93470" lon="10.97483"><ele>406</ele></trkpt>
<trkpt lat="48.93486" lon="10.97462"><ele>406</ele></trkpt>
<trkpt lat="48.93488" lon="10.97437"><ele>407</ele></trkpt>
<trkpt lat="48.93483" lon="10.97418"><ele>407</ele></trkpt>
<trkpt lat="48.93478" lon="10.97411"><ele>407</ele></trkpt>
<trkpt lat="48.93480" lon="10.97375"><ele>408</ele></trkpt>
<trkpt lat="48.93475" lon="10.97327"><ele>408</ele></trkpt>
<trkpt lat="48.93477" lon="10.97320"><ele>408</ele></trkpt>
<trkpt lat="48.93473" lon="10.97291"><ele>408</ele></trkpt>
<trkpt lat="48.93496" lon="10.97272"><ele>407</ele></trkpt>
<trkpt lat="48.93509" lon="10.97254"><ele>406</ele></trkpt>
<trkpt lat="48.93500" lon="10.97228"><ele>406</ele></trkpt>
<trkpt lat="48.93472" lon="10.97171"><ele>406</ele></trkpt>
<trkpt lat="48.93448" lon="10.97100"><ele>406</ele></trkpt>
<trkpt lat="48.93437" lon="10.97064"><ele>405</ele></trkpt>
<trkpt lat="48.93432" lon="10.97015"><ele>405</ele></trkpt>
<trkpt lat="48.93437" lon="10.96999"><ele>404</ele></trkpt>
<trkpt lat="48.93465" lon="10.96953"><ele>406</ele></trkpt>
<trkpt lat="48.93508" lon="10.96892"><ele>406</ele></trkpt>
<trkpt lat="48.93534" lon="10.96862"><ele>408</ele></trkpt>
<trkpt lat="48.93478" lon="10.96716"><ele>408</ele></trkpt>
<trkpt lat="48.93414" lon="10.96569"><ele>411</ele></trkpt>
<trkpt lat="48.93408" lon="10.96551"><ele>411</ele></trkpt>
<trkpt lat="48.93409" lon="10.96541"><ele>411</ele></trkpt>
<trkpt lat="48.93399" lon="10.96540"><ele>411</ele></trkpt>
<trkpt lat="48.93357" lon="10.96575"><ele>408</ele></trkpt>
<trkpt lat="48.93341" lon="10.96553"><ele>408</ele></trkpt>
<trkpt lat="48.93334" lon="10.96555"><ele>407</ele></trkpt>
<trkpt lat="48.93317" lon="10.96572"><ele>406</ele></trkpt>
<trkpt lat="48.93306" lon="10.96573"><ele>406</ele></trkpt>
<trkpt lat="48.93235" lon="10.96418"><ele>406</ele></trkpt>
<trkpt lat="48.93200" lon="10.96334"><ele>406</ele></trkpt>
<trkpt lat="48.93174" lon="10.96229"><ele>406</ele></trkpt>
<trkpt lat="48.93130" lon="10.96116"><ele>406</ele></trkpt>
<trkpt lat="48.93091" lon="10.95948"><ele>406</ele></trkpt>
<trkpt lat="48.93079" lon="10.95835"><ele>406</ele></trkpt>
<trkpt lat="48.93080" lon="10.95813"><ele>406</ele></trkpt>
<trkpt lat="48.93110" lon="10.95663"><ele>406</ele></trkpt>
<trkpt lat="48.93131" lon="10.95618"><ele>407</ele></trkpt>
<trkpt lat="48.93138" lon="10.95609"><ele>407</ele></trkpt>
<trkpt lat="48.93217" lon="10.95552"><ele>408</ele></trkpt>
<trkpt lat="48.93247" lon="10.95541"><ele>408</ele></trkpt>
<trkpt lat="48.93334" lon="10.95522"><ele>408</ele></trkpt>
<trkpt lat="48.93396" lon="10.95524"><ele>411</ele></trkpt>
<trkpt lat="48.93582" lon="10.95504"><ele>411</ele></trkpt>
<trkpt lat="48.93632" lon="10.95489"><ele>411</ele></trkpt>
<trkpt lat="48.93711" lon="10.95457"><ele>410</ele></trkpt>
<trkpt lat="48.93761" lon="10.95431"><ele>411</ele></trkpt>
<trkpt lat="48.93812" lon="10.95380"><ele>411</ele></trkpt>
<trkpt lat="48.93903" lon="10.95246"><ele>411</ele></trkpt>
<trkpt lat="48.93929" lon="10.95195"><ele>413</ele></trkpt>
<trkpt lat="48.93944" lon="10.95139"><ele>412</ele></trkpt>
<trkpt lat="48.93952" lon="10.95102"><ele>413</ele></trkpt>
<trkpt lat="48.93957" lon="10.95055"><ele>414</ele></trkpt>
<trkpt lat="48.93954" lon="10.94967"><ele>413</ele></trkpt>
<trkpt lat="48.93948" lon="10.94900"><ele>412</ele></trkpt>
<trkpt lat="48.93938" lon="10.94891"><ele>410</ele></trkpt>
<trkpt lat="48.93916" lon="10.94883"><ele>407</ele></trkpt>
<trkpt lat="48.93886" lon="10.94825"><ele>406</ele></trkpt>
<trkpt lat="48.93869" lon="10.94805"><ele>406</ele></trkpt>
<trkpt lat="48.93789" lon="10.94727"><ele>406</ele></trkpt>
<trkpt lat="48.93741" lon="10.94651"><ele>406</ele></trkpt>
<trkpt lat="48.93702" lon="10.94606"><ele>406</ele></trkpt>
<trkpt lat="48.93686" lon="10.94585"><ele>406</ele></trkpt>
<trkpt lat="48.93683" lon="10.94574"><ele>406</ele></trkpt>
<trkpt lat="48.93681" lon="10.94401"><ele>410</ele></trkpt>
<trkpt lat="48.93677" lon="10.94350"><ele>410</ele></trkpt>
<trkpt lat="48.93637" lon="10.94061"><ele>414</ele></trkpt>
<trkpt lat="48.93610" lon="10.93921"><ele>415</ele></trkpt>
<trkpt lat="48.93577" lon="10.93668"><ele>413</ele></trkpt>
<trkpt lat="48.93580" lon="10.93594"><ele>411</ele></trkpt>
<trkpt lat="48.93595" lon="10.93437"><ele>410</ele></trkpt>
<trkpt lat="48.93609" lon="10.93367"><ele>408</ele></trkpt>
<trkpt lat="48.93649" lon="10.93230"><ele>410</ele></trkpt>
<trkpt lat="48.93674" lon="10.93154"><ele>408</ele></trkpt>
<trkpt lat="48.93685" lon="10.93134"><ele>408</ele></trkpt>
<trkpt lat="48.93701" lon="10.93121"><ele>408</ele></trkpt>
<trkpt lat="48.93712" lon="10.93124"><ele>407</ele></trkpt>
<trkpt lat="48.93744" lon="10.93162"><ele>408</ele></trkpt>
<trkpt lat="48.93886" lon="10.93276"><ele>408</ele></trkpt>
<trkpt lat="48.93993" lon="10.93377"><ele>410</ele></trkpt>
<trkpt lat="48.94094" lon="10.93459"><ele>410</ele></trkpt>
<trkpt lat="48.94138" lon="10.93488"><ele>410</ele></trkpt>
<trkpt lat="48.94194" lon="10.93517"><ele>410</ele></trkpt>
<trkpt lat="48.94272" lon="10.93539"><ele>410</ele></trkpt>
<trkpt lat="48.94322" lon="10.93525"><ele>409</ele></trkpt>
<trkpt lat="48.94334" lon="10.93517"><ele>408</ele></trkpt>
<trkpt lat="48.94358" lon="10.93487"><ele>409</ele></trkpt>
<trkpt lat="48.94387" lon="10.93442"><ele>409</ele></trkpt>
<trkpt lat="48.94400" lon="10.93414"><ele>409</ele></trkpt>
<trkpt lat="48.94458" lon="10.93447"><ele>410</ele></trkpt>
<trkpt lat="48.94532" lon="10.93469"><ele>413</ele></trkpt>
<trkpt lat="48.94563" lon="10.93474"><ele>413</ele></trkpt>
<trkpt lat="48.94661" lon="10.93473"><ele>414</ele></trkpt>
<trkpt lat="48.94685" lon="10.93468"><ele>413</ele></trkpt>
<trkpt lat="48.94690" lon="10.93456"><ele>412</ele></trkpt>
<trkpt lat="48.94711" lon="10.93308"><ele>408</ele></trkpt>
<trkpt lat="48.94725" lon="10.93232"><ele>408</ele></trkpt>
<trkpt lat="48.94768" lon="10.93058"><ele>408</ele></trkpt>
<trkpt lat="48.94842" lon="10.92715"><ele>408</ele></trkpt>
<trkpt lat="48.94841" lon="10.92700"><ele>408</ele></trkpt>
<trkpt lat="48.94831" lon="10.92679"><ele>408</ele></trkpt>
<trkpt lat="48.94742" lon="10.92605"><ele>408</ele></trkpt>
<trkpt lat="48.94635" lon="10.92537"><ele>408</ele></trkpt>
<trkpt lat="48.94626" lon="10.92525"><ele>407</ele></trkpt>
<trkpt lat="48.94623" lon="10.92509"><ele>407</ele></trkpt>
<trkpt lat="48.94637" lon="10.92459"><ele>408</ele></trkpt>
<trkpt lat="48.94666" lon="10.92397"><ele>408</ele></trkpt>
<trkpt lat="48.94713" lon="10.92328"><ele>407</ele></trkpt>
<trkpt lat="48.94732" lon="10.92287"><ele>407</ele></trkpt>
<trkpt lat="48.94742" lon="10.92285"><ele>408</ele></trkpt>
<trkpt lat="48.94751" lon="10.92294"><ele>409</ele></trkpt>
<trkpt lat="48.94794" lon="10.92190"><ele>410</ele></trkpt>
<trkpt lat="48.94890" lon="10.91986"><ele>410</ele></trkpt>
<trkpt lat="48.94947" lon="10.91874"><ele>410</ele></trkpt>
<trkpt lat="48.94967" lon="10.91819"><ele>411</ele></trkpt>
<trkpt lat="48.95010" lon="10.91640"><ele>410</ele></trkpt>
<trkpt lat="48.95019" lon="10.91565"><ele>410</ele></trkpt>
<trkpt lat="48.95028" lon="10.91423"><ele>410</ele></trkpt>
<trkpt lat="48.95051" lon="10.91352"><ele>411</ele></trkpt>
<trkpt lat="48.95071" lon="10.91310"><ele>412</ele></trkpt>
<trkpt lat="48.95102" lon="10.91277"><ele>410</ele></trkpt>
<trkpt lat="48.95141" lon="10.91280"><ele>410</ele></trkpt>
<trkpt lat="48.95171" lon="10.91293"><ele>410</ele></trkpt>
<trkpt lat="48.95228" lon="10.91333"><ele>409</ele></trkpt>
<trkpt lat="48.95299" lon="10.91415"><ele>409</ele></trkpt>
<trkpt lat="48.95307" lon="10.91380"><ele>409</ele></trkpt>
<trkpt lat="48.95321" lon="10.91359"><ele>409</ele></trkpt>
<trkpt lat="48.95337" lon="10.91316"><ele>410</ele></trkpt>
<trkpt lat="48.95386" lon="10.91125"><ele>412</ele></trkpt>
<trkpt lat="48.95397" lon="10.91067"><ele>412</ele></trkpt>
<trkpt lat="48.95435" lon="10.91018"><ele>414</ele></trkpt>
<trkpt lat="48.95465" lon="10.90964"><ele>414</ele></trkpt>
<trkpt lat="48.95462" lon="10.90955"><ele>414</ele></trkpt>
<trkpt lat="48.95463" lon="10.90904"><ele>415</ele></trkpt>
<trkpt lat="48.95435" lon="10.90901"><ele>414</ele></trkpt>
<trkpt lat="48.95435" lon="10.90898"><ele>416</ele></trkpt>
<trkpt lat="48.95435" lon="10.90901"><ele>414</ele></trkpt>
<trkpt lat="48.95463" lon="10.90904"><ele>415</ele></trkpt>
<trkpt lat="48.95462" lon="10.90955"><ele>414</ele></trkpt>
<trkpt lat="48.95465" lon="10.90964"><ele>414</ele></trkpt>
<trkpt lat="48.95485" lon="10.90933"><ele>414</ele></trkpt>
<trkpt lat="48.95519" lon="10.90932"><ele>414</ele></trkpt>
<trkpt lat="48.95533" lon="10.90861"><ele>415</ele></trkpt>
<trkpt lat="48.95573" lon="10.90874"><ele>414</ele></trkpt>
<trkpt lat="48.95607" lon="10.90877"><ele>414</ele></trkpt>
<trkpt lat="48.95697" lon="10.90878"><ele>412</ele></trkpt>
<trkpt lat="48.95744" lon="10.90871"><ele>412</ele></trkpt>
<trkpt lat="48.95779" lon="10.90871"><ele>412</ele></trkpt>
<trkpt lat="48.95885" lon="10.90912"><ele>412</ele></trkpt>
<trkpt lat="48.95910" lon="10.90926"><ele>412</ele></trkpt>
<trkpt lat="48.95919" lon="10.90913"><ele>412</ele></trkpt>
<trkpt lat="48.95959" lon="10.90892"><ele>415</ele></trkpt>
<trkpt lat="48.95997" lon="10.90879"><ele>418</ele></trkpt>
<trkpt lat="48.96016" lon="10.90881"><ele>418</ele></trkpt>
<trkpt lat="48.96139" lon="10.90920"><ele>420</ele></trkpt>
<trkpt lat="48.96159" lon="10.90936"><ele>418</ele></trkpt>
<trkpt lat="48.96175" lon="10.90930"><ele>419</ele></trkpt>
<trkpt lat="48.96198" lon="10.90939"><ele>419</ele></trkpt>
<trkpt lat="48.96278" lon="10.90955"><ele>419</ele></trkpt>
<trkpt lat="48.96296" lon="10.90962"><ele>419</ele></trkpt>
<trkpt lat="48.96325" lon="10.90993"><ele>418</ele></trkpt>
<trkpt lat="48.96402" lon="10.91016"><ele>416</ele></trkpt>
<trkpt lat="48.96519" lon="10.91042"><ele>415</ele></trkpt>
<trkpt lat="48.96585" lon="10.91032"><ele>416</ele></trkpt>
<trkpt lat="48.96597" lon="10.91044"><ele>415</ele></trkpt>
<trkpt lat="48.96612" lon="10.91088"><ele>413</ele></trkpt>
<trkpt lat="48.96640" lon="10.91108"><ele>413</ele></trkpt>
<trkpt lat="48.96646" lon="10.91130"><ele>413</ele></trkpt>
<trkpt lat="48.96678" lon="10.91131"><ele>413</ele></trkpt>
<trkpt lat="48.96730" lon="10.91153"><ele>413</ele></trkpt>
<trkpt lat="48.96777" lon="10.91164"><ele>414</ele></trkpt>
<trkpt lat="48.96954" lon="10.91165"><ele>414</ele></trkpt>
<trkpt lat="48.96972" lon="10.91168"><ele>414</ele></trkpt>
<trkpt lat="48.96990" lon="10.91106"><ele>417</ele></trkpt>
<trkpt lat="48.97006" lon="10.91089"><ele>416</ele></trkpt>
<trkpt lat="48.97081" lon="10.91086"><ele>418</ele></trkpt>
<trkpt lat="48.97161" lon="10.91093"><ele>418</ele></trkpt>
<trkpt lat="48.97170" lon="10.91087"><ele>419</ele></trkpt>
<trkpt lat="48.97197" lon="10.91054"><ele>422</ele></trkpt>
<trkpt lat="48.97233" lon="10.91035"><ele>422</ele></trkpt>
<trkpt lat="48.97241" lon="10.91038"><ele>422</ele></trkpt>
<trkpt lat="48.97292" lon="10.91025"><ele>421</ele></trkpt>
<trkpt lat="48.97380" lon="10.91012"><ele>420</ele></trkpt>
<trkpt lat="48.97508" lon="10.90974"><ele>418</ele></trkpt>
<trkpt lat="48.97596" lon="10.90939"><ele>415</ele></trkpt>
<trkpt lat="48.97638" lon="10.90916"><ele>413</ele></trkpt>
<trkpt lat="48.97716" lon="10.90849"><ele>414</ele></trkpt>
<trkpt lat="48.97802" lon="10.90748"><ele>416</ele></trkpt>
<trkpt lat="48.97880" lon="10.90638"><ele>417</ele></trkpt>
<trkpt lat="48.97946" lon="10.90516"><ele>416</ele></trkpt>
<trkpt lat="48.97997" lon="10.90398"><ele>415</ele></trkpt>
<trkpt lat="48.98011" lon="10.90353"><ele>416</ele></trkpt>
<trkpt lat="48.98017" lon="10.90346"><ele>415</ele></trkpt>
<trkpt lat="48.98022" lon="10.90346"><ele>415</ele></trkpt>
<trkpt lat="48.98049" lon="10.90363"><ele>412</ele></trkpt>
<trkpt lat="48.98078" lon="10.90285"><ele>412</ele></trkpt>
<trkpt lat="48.98103" lon="10.90233"><ele>412</ele></trkpt>
<trkpt lat="48.98116" lon="10.90217"><ele>411</ele></trkpt>
<trkpt lat="48.98168" lon="10.90183"><ele>410</ele></trkpt>
<trkpt lat="48.98178" lon="10.90170"><ele>410</ele></trkpt>
<trkpt lat="48.98202" lon="10.90109"><ele>410</ele></trkpt>
<trkpt lat="48.98522" lon="10.89229"><ele>411</ele></trkpt>
<trkpt lat="48.98831" lon="10.88844"><ele>412</ele></trkpt>
<trkpt lat="48.98844" lon="10.88823"><ele>412</ele></trkpt>
<trkpt lat="48.98852" lon="10.88723"><ele>412</ele></trkpt>
<trkpt lat="48.98869" lon="10.88695"><ele>412</ele></trkpt>
<trkpt lat="48.99251" lon="10.88178"><ele>410</ele></trkpt>
<trkpt lat="48.99927" lon="10.87405"><ele>411</ele></trkpt>
<trkpt lat="48.99946" lon="10.87378"><ele>411</ele></trkpt>
<trkpt lat="49.00246" lon="10.86796"><ele>411</ele></trkpt>
<trkpt lat="49.00162" lon="10.86681"><ele>412</ele></trkpt>
<trkpt lat="49.00160" lon="10.86672"><ele>412</ele></trkpt>
<trkpt lat="49.00161" lon="10.86665"><ele>412</ele></trkpt>
<trkpt lat="49.00534" lon="10.86173"><ele>413</ele></trkpt>
<trkpt lat="49.00705" lon="10.85954"><ele>412</ele></trkpt>
<trkpt lat="49.00749" lon="10.85905"><ele>412</ele></trkpt>
<trkpt lat="49.00782" lon="10.85878"><ele>411</ele></trkpt>
<trkpt lat="49.00792" lon="10.85877"><ele>411</ele></trkpt>
<trkpt lat="49.00904" lon="10.85771"><ele>413</ele></trkpt>
<trkpt lat="49.00916" lon="10.85751"><ele>412</ele></trkpt>
<trkpt lat="49.00986" lon="10.85699"><ele>414</ele></trkpt>
<trkpt lat="49.01231" lon="10.85543"><ele>412</ele></trkpt>
<trkpt lat="49.01433" lon="10.85407"><ele>414</ele></trkpt>
<trkpt lat="49.01451" lon="10.85417"><ele>414</ele></trkpt>
<trkpt lat="49.01507" lon="10.85365"><ele>412</ele></trkpt>
<trkpt lat="49.01881" lon="10.85122"><ele>414</ele></trkpt>
<trkpt lat="49.02040" lon="10.85015"><ele>413</ele></trkpt>
<trkpt lat="49.02113" lon="10.84959"><ele>413</ele></trkpt>
<trkpt lat="49.02460" lon="10.84727"><ele>414</ele></trkpt>
<trkpt lat="49.03310" lon="10.84169"><ele>415</ele></trkpt>
<trkpt lat="49.03322" lon="10.84167"><ele>415</ele></trkpt>
<trkpt lat="49.03321" lon="10.84192"><ele>414</ele></trkpt>
<trkpt lat="49.03665" lon="10.84345"><ele>411</ele></trkpt>
<trkpt lat="49.03683" lon="10.84344"><ele>411</ele></trkpt>
<trkpt lat="49.03701" lon="10.84319"><ele>411</ele></trkpt>
<trkpt lat="49.03738" lon="10.84248"><ele>410</ele></trkpt>
<trkpt lat="49.03780" lon="10.84227"><ele>411</ele></trkpt>
<trkpt lat="49.03831" lon="10.84168"><ele>411</ele></trkpt>
<trkpt lat="49.04311" lon="10.83582"><ele>411</ele></trkpt>
<trkpt lat="49.04314" lon="10.83561"><ele>411</ele></trkpt>
<trkpt lat="49.04250" lon="10.83196"><ele>413</ele></trkpt>
<trkpt lat="49.04250" lon="10.83181"><ele>413</ele></trkpt>
<trkpt lat="49.04310" lon="10.83098"><ele>416</ele></trkpt>
<trkpt lat="49.04320" lon="10.83087"><ele>416</ele></trkpt>
<trkpt lat="49.04337" lon="10.83080"><ele>414</ele></trkpt>
<trkpt lat="49.04346" lon="10.83072"><ele>414</ele></trkpt>
<trkpt lat="49.04511" lon="10.82855"><ele>412</ele></trkpt>
<trkpt lat="49.04678" lon="10.82649"><ele>413</ele></trkpt>
<trkpt lat="49.04721" lon="10.82609"><ele>412</ele></trkpt>
<trkpt lat="49.04765" lon="10.82582"><ele>412</ele></trkpt>
<trkpt lat="49.04824" lon="10.82557"><ele>412</ele></trkpt>
<trkpt lat="49.04964" lon="10.82433"><ele>412</ele></trkpt>
<trkpt lat="49.05229" lon="10.82244"><ele>413</ele></trkpt>
<trkpt lat="49.05597" lon="10.81825"><ele>411</ele></trkpt>
<trkpt lat="49.06088" lon="10.81241"><ele>413</ele></trkpt>
<trkpt lat="49.06448" lon="10.80843"><ele>412</ele></trkpt>
<trkpt lat="49.06452" lon="10.80829"><ele>412</ele></trkpt>
<trkpt lat="49.06416" lon="10.80749"><ele>412</ele></trkpt>
<trkpt lat="49.06408" lon="10.80725"><ele>412</ele></trkpt>
<trkpt lat="49.06408" lon="10.80709"><ele>412</ele></trkpt>
<trkpt lat="49.06412" lon="10.80697"><ele>412</ele></trkpt>
<trkpt lat="49.06599" lon="10.80472"><ele>412</ele></trkpt>
<trkpt lat="49.06565" lon="10.80388"><ele>412</ele></trkpt>
<trkpt lat="49.06524" lon="10.80308"><ele>413</ele></trkpt>
<trkpt lat="49.06538" lon="10.80131"><ele>413</ele></trkpt>
<trkpt lat="49.06539" lon="10.79683"><ele>415</ele></trkpt>
<trkpt lat="49.06507" lon="10.79639"><ele>415</ele></trkpt>
<trkpt lat="49.06512" lon="10.79602"><ele>415</ele></trkpt>
<trkpt lat="49.06525" lon="10.79222"><ele>417</ele></trkpt>
<trkpt lat="49.06707" lon="10.79175"><ele>418</ele></trkpt>
<trkpt lat="49.06936" lon="10.79145"><ele>418</ele></trkpt>
<trkpt lat="49.07023" lon="10.79140"><ele>418</ele></trkpt>
<trkpt lat="49.07286" lon="10.79168"><ele>420</ele></trkpt>
<trkpt lat="49.07283" lon="10.79152"><ele>420</ele></trkpt>
<trkpt lat="49.07404" lon="10.79106"><ele>419</ele></trkpt>
<trkpt lat="49.07530" lon="10.79047"><ele>418</ele></trkpt>
<trkpt lat="49.07652" lon="10.78915"><ele>417</ele></trkpt>
<trkpt lat="49.07758" lon="10.78769"><ele>416</ele></trkpt>
<trkpt lat="49.07822" lon="10.78659"><ele>416</ele></trkpt>
<trkpt lat="49.07843" lon="10.78600"><ele>416</ele></trkpt>
<trkpt lat="49.07874" lon="10.78559"><ele>416</ele></trkpt>
<trkpt lat="49.07914" lon="10.78471"><ele>416</ele></trkpt>
<trkpt lat="49.08178" lon="10.77839"><ele>415</ele></trkpt>
<trkpt lat="49.08182" lon="10.77804"><ele>414</ele></trkpt>
<trkpt lat="49.08180" lon="10.77760"><ele>414</ele></trkpt>
<trkpt lat="49.08205" lon="10.77769"><ele>415</ele></trkpt>
<trkpt lat="49.08229" lon="10.77790"><ele>415</ele></trkpt>
<trkpt lat="49.08239" lon="10.77781"><ele>414</ele></trkpt>
<trkpt lat="49.08246" lon="10.77753"><ele>413</ele></trkpt>
<trkpt lat="49.08683" lon="10.76706"><ele>414</ele></trkpt>
<trkpt lat="49.08709" lon="10.76651"><ele>414</ele></trkpt>
<trkpt lat="49.08771" lon="10.76570"><ele>413</ele></trkpt>
<trkpt lat="49.08837" lon="10.76437"><ele>413</ele></trkpt>
<trkpt lat="49.08889" lon="10.76419"><ele>413</ele></trkpt>
<trkpt lat="49.08912" lon="10.76393"><ele>413</ele></trkpt>
<trkpt lat="49.08966" lon="10.76255"><ele>413</ele></trkpt>
<trkpt lat="49.08987" lon="10.76213"><ele>413</ele></trkpt>
<trkpt lat="49.09007" lon="10.76192"><ele>413</ele></trkpt>
<trkpt lat="49.09116" lon="10.76092"><ele>414</ele></trkpt>
<trkpt lat="49.09147" lon="10.76058"><ele>414</ele></trkpt>
<trkpt lat="49.09183" lon="10.75994"><ele>413</ele></trkpt>
<trkpt lat="49.09253" lon="10.75895"><ele>413</ele></trkpt>
<trkpt lat="49.09294" lon="10.75816"><ele>414</ele></trkpt>
<trkpt lat="49.09311" lon="10.75777"><ele>414</ele></trkpt>
<trkpt lat="49.09337" lon="10.75694"><ele>414</ele></trkpt>
<trkpt lat="49.09385" lon="10.75517"><ele>415</ele></trkpt>
<trkpt lat="49.09396" lon="10.75457"><ele>416</ele></trkpt>
<trkpt lat="49.09403" lon="10.75366"><ele>416</ele></trkpt>
<trkpt lat="49.09417" lon="10.75333"><ele>416</ele></trkpt>
<trkpt lat="49.09468" lon="10.75242"><ele>415</ele></trkpt>
<trkpt lat="49.09555" lon="10.75170"><ele>415</ele></trkpt>
<trkpt lat="49.09645" lon="10.75308"><ele>414</ele></trkpt>
<trkpt lat="49.09652" lon="10.75310"><ele>414</ele></trkpt>
<trkpt lat="49.09692" lon="10.75304"><ele>414</ele></trkpt>
<trkpt lat="49.09698" lon="10.75302"><ele>414</ele></trkpt>
<trkpt lat="49.09704" lon="10.75291"><ele>414</ele></trkpt>
<trkpt lat="49.09715" lon="10.75255"><ele>414</ele></trkpt>
<trkpt lat="49.09726" lon="10.75236"><ele>414</ele></trkpt>
<trkpt lat="49.09744" lon="10.75216"><ele>414</ele></trkpt>
<trkpt lat="49.09755" lon="10.75215"><ele>414</ele></trkpt>
<trkpt lat="49.09793" lon="10.75158"><ele>414</ele></trkpt>
<trkpt lat="49.09828" lon="10.75129"><ele>414</ele></trkpt>
<trkpt lat="49.09870" lon="10.75102"><ele>413</ele></trkpt>
<trkpt lat="49.10007" lon="10.75086"><ele>413</ele></trkpt>
<trkpt lat="49.10064" lon="10.75075"><ele>413</ele></trkpt>
<trkpt lat="49.10101" lon="10.75077"><ele>412</ele></trkpt>
<trkpt lat="49.10913" lon="10.75249"><ele>413</ele></trkpt>
<trkpt lat="49.10871" lon="10.75039"><ele>412</ele></trkpt>
<trkpt lat="49.10939" lon="10.75038"><ele>412</ele></trkpt>
<trkpt lat="49.11019" lon="10.75046"><ele>413</ele></trkpt>
<trkpt lat="49.11210" lon="10.75076"><ele>412</ele></trkpt>
<trkpt lat="49.11266" lon="10.75079"><ele>413</ele></trkpt>
<trkpt lat="49.11292" lon="10.75075"><ele>413</ele></trkpt>
<trkpt lat="49.11346" lon="10.75053"><ele>413</ele></trkpt>
<trkpt lat="49.11358" lon="10.75044"><ele>413</ele></trkpt>
<trkpt lat="49.11367" lon="10.75029"><ele>413</ele></trkpt>
<trkpt lat="49.11378" lon="10.74905"><ele>414</ele></trkpt>
<trkpt lat="49.11382" lon="10.74902"><ele>414</ele></trkpt>
<trkpt lat="49.11397" lon="10.74930"><ele>414</ele></trkpt>
<trkpt lat="49.11478" lon="10.75043"><ele>414</ele></trkpt>
<trkpt lat="49.11488" lon="10.75061"><ele>414</ele></trkpt>
<trkpt lat="49.11488" lon="10.75146"><ele>413</ele></trkpt>
<trkpt lat="49.11483" lon="10.75171"><ele>413</ele></trkpt>
<trkpt lat="49.11472" lon="10.75193"><ele>413</ele></trkpt>
<trkpt lat="49.11442" lon="10.75215"><ele>412</ele></trkpt>
<trkpt lat="49.11427" lon="10.75231"><ele>412</ele></trkpt>
<trkpt lat="49.11412" lon="10.75280"><ele>413</ele></trkpt>
<trkpt lat="49.11412" lon="10.75305"><ele>413</ele></trkpt>
<trkpt lat="49.11434" lon="10.75371"><ele>414</ele></trkpt>
<trkpt lat="49.11432" lon="10.75380"><ele>414</ele></trkpt>
<trkpt lat="49.11445" lon="10.75424"><ele>414</ele></trkpt>
<trkpt lat="49.11431" lon="10.75436"><ele>414</ele></trkpt>
<trkpt lat="49.11448" lon="10.75484"><ele>415</ele></trkpt>
<trkpt lat="49.11445" lon="10.75487"><ele>415</ele></trkpt>
<trkpt lat="49.11463" lon="10.75540"><ele>417</ele></trkpt>
<trkpt lat="49.11482" lon="10.75563"><ele>419</ele></trkpt>
<trkpt lat="49.11500" lon="10.75602"><ele>420</ele></trkpt>
<trkpt lat="49.11487" lon="10.75613"><ele>420</ele></trkpt>
<trkpt lat="49.11575" lon="10.75873"><ele>424</ele></trkpt>
<trkpt lat="49.11620" lon="10.75840"><ele>424</ele></trkpt>
<trkpt lat="49.11671" lon="10.76293"><ele>434</ele></trkpt>
<trkpt lat="49.11675" lon="10.76318"><ele>435</ele></trkpt>
<trkpt lat="49.11795" lon="10.76320"><ele>430</ele></trkpt>
<trkpt lat="49.11805" lon="10.76324"><ele>429</ele></trkpt>
<trkpt lat="49.11819" lon="10.76336"><ele>429</ele></trkpt>
<trkpt lat="49.11830" lon="10.76352"><ele>429</ele></trkpt>
<trkpt lat="49.11848" lon="10.76478"><ele>432</ele></trkpt>
<trkpt lat="49.11913" lon="10.76630"><ele>433</ele></trkpt>
<trkpt lat="49.11945" lon="10.76722"><ele>432</ele></trkpt>
<trkpt lat="49.11997" lon="10.76844"><ele>431</ele></trkpt>
<trkpt lat="49.12006" lon="10.76876"><ele>432</ele></trkpt>
<trkpt lat="49.12027" lon="10.77038"><ele>432</ele></trkpt>
<trkpt lat="49.12080" lon="10.77206"><ele>433</ele></trkpt>
<trkpt lat="49.12112" lon="10.77390"><ele>434</ele></trkpt>
<trkpt lat="49.12132" lon="10.77554"><ele>433</ele></trkpt>
<trkpt lat="49.12138" lon="10.77712"><ele>433</ele></trkpt>
<trkpt lat="49.12154" lon="10.77712"><ele>433</ele></trkpt>
<trkpt lat="49.12181" lon="10.77723"><ele>432</ele></trkpt>
<trkpt lat="49.12194" lon="10.77736"><ele>432</ele></trkpt>
<trkpt lat="49.12201" lon="10.77748"><ele>432</ele></trkpt>
<trkpt lat="49.12222" lon="10.77806"><ele>431</ele></trkpt>
<trkpt lat="49.12248" lon="10.77918"><ele>430</ele></trkpt>
<trkpt lat="49.12276" lon="10.78008"><ele>430</ele></trkpt>
<trkpt lat="49.12291" lon="10.78039"><ele>430</ele></trkpt>
<trkpt lat="49.12309" lon="10.78059"><ele>430</ele></trkpt>
<trkpt lat="49.12330" lon="10.78065"><ele>430</ele></trkpt>
<trkpt lat="49.12452" lon="10.78043"><ele>428</ele></trkpt>
<trkpt lat="49.12450" lon="10.78136"><ele>428</ele></trkpt>
<trkpt lat="49.12447" lon="10.78148"><ele>428</ele></trkpt>
<trkpt lat="49.12538" lon="10.78050"><ele>425</ele></trkpt>
<trkpt lat="49.12548" lon="10.78045"><ele>426</ele></trkpt>
<trkpt lat="49.12589" lon="10.78050"><ele>424</ele></trkpt>
<trkpt lat="49.12637" lon="10.78039"><ele>422</ele></trkpt>
<trkpt lat="49.12647" lon="10.78100"><ele>421</ele></trkpt>
<trkpt lat="49.12661" lon="10.78151"><ele>421</ele></trkpt>
<trkpt lat="49.12681" lon="10.78199"><ele>420</ele></trkpt>
<trkpt lat="49.12728" lon="10.78282"><ele>421</ele></trkpt>
<trkpt lat="49.12734" lon="10.78302"><ele>421</ele></trkpt>
<trkpt lat="49.12736" lon="10.78538"><ele>423</ele></trkpt>
<trkpt lat="49.12757" lon="10.78628"><ele>423</ele></trkpt>
<trkpt lat="49.12747" lon="10.78690"><ele>423</ele></trkpt>
<trkpt lat="49.12740" lon="10.78811"><ele>423</ele></trkpt>
<trkpt lat="49.12741" lon="10.78872"><ele>424</ele></trkpt>
<trkpt lat="49.12717" lon="10.78930"><ele>424</ele></trkpt>
<trkpt lat="49.12876" lon="10.79005"><ele>422</ele></trkpt>
<trkpt lat="49.12884" lon="10.79048"><ele>424</ele></trkpt>
<trkpt lat="49.12892" lon="10.79142"><ele>425</ele></trkpt>
<trkpt lat="49.12899" lon="10.79170"><ele>425</ele></trkpt>
<trkpt lat="49.12964" lon="10.79273"><ele>426</ele></trkpt>
<trkpt lat="49.13054" lon="10.79489"><ele>427</ele></trkpt>
<trkpt lat="49.13087" lon="10.79554"><ele>429</ele></trkpt>
<trkpt lat="49.13105" lon="10.79605"><ele>430</ele></trkpt>
<trkpt lat="49.13195" lon="10.79762"><ele>432</ele></trkpt>
<trkpt lat="49.13004" lon="10.80347"><ele>433</ele></trkpt>
<trkpt lat="49.12994" lon="10.80367"><ele>434</ele></trkpt>
<trkpt lat="49.12836" lon="10.80601"><ele>436</ele></trkpt>
<trkpt lat="49.12824" lon="10.80635"><ele>436</ele></trkpt>
<trkpt lat="49.12802" lon="10.80765"><ele>436</ele></trkpt>
<trkpt lat="49.12835" lon="10.80891"><ele>436</ele></trkpt>
<trkpt lat="49.12843" lon="10.80954"><ele>436</ele></trkpt>
<trkpt lat="49.12631" lon="10.81057"><ele>436</ele></trkpt>
<trkpt lat="49.12727" lon="10.81533"><ele>436</ele></trkpt>
<trkpt lat="49.12751" lon="10.81662"><ele>436</ele></trkpt>
<trkpt lat="49.12851" lon="10.82149"><ele>431</ele></trkpt>
<trkpt lat="49.12569" lon="10.82284"><ele>432</ele></trkpt>
<trkpt lat="49.12497" lon="10.82315"><ele>432</ele></trkpt>
<trkpt lat="49.12506" lon="10.82412"><ele>431</ele></trkpt>
<trkpt lat="49.12528" lon="10.82540"><ele>431</ele></trkpt>
<trkpt lat="49.12561" lon="10.82696"><ele>426</ele></trkpt>
<trkpt lat="49.12595" lon="10.82874"><ele>421</ele></trkpt>
<trkpt lat="49.12602" lon="10.82889"><ele>420</ele></trkpt>
<trkpt lat="49.12585" lon="10.82960"><ele>422</ele></trkpt>
<trkpt lat="49.12588" lon="10.83054"><ele>421</ele></trkpt>
<trkpt lat="49.12619" lon="10.83210"><ele>419</ele></trkpt>
<trkpt lat="49.12617" lon="10.83240"><ele>420</ele></trkpt>
<trkpt lat="49.12599" lon="10.83259"><ele>421</ele></trkpt>
<trkpt lat="49.12377" lon="10.83358"><ele>422</ele></trkpt>
<trkpt lat="49.12356" lon="10.83360"><ele>422</ele></trkpt>
<trkpt lat="49.12304" lon="10.83354"><ele>424</ele></trkpt>
<trkpt lat="49.12348" lon="10.83498"><ele>422</ele></trkpt>
<trkpt lat="49.12386" lon="10.83605"><ele>422</ele></trkpt>
<trkpt lat="49.12221" lon="10.83860"><ele>428</ele></trkpt>
<trkpt lat="49.12150" lon="10.83989"><ele>428</ele></trkpt>
<trkpt lat="49.12146" lon="10.84011"><ele>428</ele></trkpt>
<trkpt lat="49.12113" lon="10.84453"><ele>428</ele></trkpt>
<trkpt lat="49.12117" lon="10.84541"><ele>428</ele></trkpt>
<trkpt lat="49.12108" lon="10.84542"><ele>428</ele></trkpt>
<trkpt lat="49.12105" lon="10.84606"><ele>426</ele></trkpt>
<trkpt lat="49.12079" lon="10.84894"><ele>425</ele></trkpt>
<trkpt lat="49.12066" lon="10.85002"><ele>426</ele></trkpt>
<trkpt lat="49.12005" lon="10.85404"><ele>426</ele></trkpt>
<trkpt lat="49.12002" lon="10.85448"><ele>426</ele></trkpt>
<trkpt lat="49.12002" lon="10.85514"><ele>427</ele></trkpt>
<trkpt lat="49.12011" lon="10.85524"><ele>426</ele></trkpt>
<trkpt lat="49.12020" lon="10.85554"><ele>426</ele></trkpt>
<trkpt lat="49.12018" lon="10.85568"><ele>426</ele></trkpt>
<trkpt lat="49.12000" lon="10.85600"><ele>427</ele></trkpt>
<trkpt lat="49.11995" lon="10.85616"><ele>427</ele></trkpt>
<trkpt lat="49.12002" lon="10.85762"><ele>426</ele></trkpt>
<trkpt lat="49.12015" lon="10.85830"><ele>425</ele></trkpt>
<trkpt lat="49.11968" lon="10.85865"><ele>426</ele></trkpt>
<trkpt lat="49.11921" lon="10.85889"><ele>427</ele></trkpt>
<trkpt lat="49.11914" lon="10.85897"><ele>427</ele></trkpt>
<trkpt lat="49.11865" lon="10.86105"><ele>427</ele></trkpt>
<trkpt lat="49.11835" lon="10.86219"><ele>427</ele></trkpt>
<trkpt lat="49.11777" lon="10.86407"><ele>428</ele></trkpt>
<trkpt lat="49.11738" lon="10.86502"><ele>428</ele></trkpt>
<trkpt lat="49.11711" lon="10.86611"><ele>428</ele></trkpt>
<trkpt lat="49.11678" lon="10.86752"><ele>428</ele></trkpt>
<trkpt lat="49.11638" lon="10.86981"><ele>427</ele></trkpt>
<trkpt lat="49.11624" lon="10.87158"><ele>425</ele></trkpt>
<trkpt lat="49.11625" lon="10.87201"><ele>424</ele></trkpt>
<trkpt lat="49.11637" lon="10.87264"><ele>424</ele></trkpt>
<trkpt lat="49.11678" lon="10.87401"><ele>424</ele></trkpt>
<trkpt lat="49.11723" lon="10.87608"><ele>425</ele></trkpt>
<trkpt lat="49.11758" lon="10.87728"><ele>425</ele></trkpt>
<trkpt lat="49.11836" lon="10.87928"><ele>427</ele></trkpt>
<trkpt lat="49.11845" lon="10.87963"><ele>428</ele></trkpt>
<trkpt lat="49.11851" lon="10.88002"><ele>428</ele></trkpt>
<trkpt lat="49.11849" lon="10.88317"><ele>424</ele></trkpt>
<trkpt lat="49.11867" lon="10.88366"><ele>426</ele></trkpt>
<trkpt lat="49.11888" lon="10.88451"><ele>429</ele></trkpt>
<trkpt lat="49.11931" lon="10.88600"><ele>438</ele></trkpt>
<trkpt lat="49.12008" lon="10.88737"><ele>444</ele></trkpt>
<trkpt lat="49.11998" lon="10.88812"><ele>447</ele></trkpt>
<trkpt lat="49.11985" lon="10.88950"><ele>453</ele></trkpt>
<trkpt lat="49.11992" lon="10.89117"><ele>466</ele></trkpt>
<trkpt lat="49.11989" lon="10.89375"><ele>475</ele></trkpt>
<trkpt lat="49.12009" lon="10.89564"><ele>477</ele></trkpt>
<trkpt lat="49.12005" lon="10.89706"><ele>478</ele></trkpt>
<trkpt lat="49.11985" lon="10.89939"><ele>479</ele></trkpt>
<trkpt lat="49.11998" lon="10.90118"><ele>482</ele></trkpt>
<trkpt lat="49.12002" lon="10.90268"><ele>485</ele></trkpt>
<trkpt lat="49.12015" lon="10.90350"><ele>484</ele></trkpt>
<trkpt lat="49.12010" lon="10.90364"><ele>484</ele></trkpt>
<trkpt lat="49.11946" lon="10.90370"><ele>484</ele></trkpt>
<trkpt lat="49.11928" lon="10.90379"><ele>483</ele></trkpt>
<trkpt lat="49.11924" lon="10.90405"><ele>483</ele></trkpt>
<trkpt lat="49.11918" lon="10.90530"><ele>481</ele></trkpt>
<trkpt lat="49.11921" lon="10.90598"><ele>480</ele></trkpt>
<trkpt lat="49.11929" lon="10.90649"><ele>479</ele></trkpt>
<trkpt lat="49.11975" lon="10.90823"><ele>478</ele></trkpt>
<trkpt lat="49.11983" lon="10.90826"><ele>478</ele></trkpt>
<trkpt lat="49.11991" lon="10.90836"><ele>478</ele></trkpt>
<trkpt lat="49.11997" lon="10.90857"><ele>478</ele></trkpt>
<trkpt lat="49.12014" lon="10.90947"><ele>477</ele></trkpt>
<trkpt lat="49.12014" lon="10.90975"><ele>477</ele></trkpt>
<trkpt lat="49.12011" lon="10.91006"><ele>477</ele></trkpt>
<trkpt lat="49.11949" lon="10.91268"><ele>479</ele></trkpt>
<trkpt lat="49.11942" lon="10.91319"><ele>480</ele></trkpt>
<trkpt lat="49.11925" lon="10.91649"><ele>474</ele></trkpt>
<trkpt lat="49.11928" lon="10.91859"><ele>454</ele></trkpt>
<trkpt lat="49.11927" lon="10.91933"><ele>449</ele></trkpt>
<trkpt lat="49.11920" lon="10.92066"><ele>445</ele></trkpt>
<trkpt lat="49.11922" lon="10.92098"><ele>444</ele></trkpt>
<trkpt lat="49.11886" lon="10.92103"><ele>444</ele></trkpt>
<trkpt lat="49.11865" lon="10.92159"><ele>442</ele></trkpt>
<trkpt lat="49.11834" lon="10.92202"><ele>440</ele></trkpt>
<trkpt lat="49.11800" lon="10.92262"><ele>438</ele></trkpt>
<trkpt lat="49.11762" lon="10.92315"><ele>438</ele></trkpt>
<trkpt lat="49.11710" lon="10.92348"><ele>434</ele></trkpt>
<trkpt lat="49.11666" lon="10.92369"><ele>431</ele></trkpt>
<trkpt lat="49.11621" lon="10.92404"><ele>428</ele></trkpt>
<trkpt lat="49.11659" lon="10.92579"><ele>434</ele></trkpt>
<trkpt lat="49.11658" lon="10.92597"><ele>434</ele></trkpt>
<trkpt lat="49.11653" lon="10.92595"><ele>434</ele></trkpt>
<trkpt lat="49.11638" lon="10.92681"><ele>435</ele></trkpt>
<trkpt lat="49.11641" lon="10.92690"><ele>435</ele></trkpt>
<trkpt lat="49.11655" lon="10.92702"><ele>436</ele></trkpt>
<trkpt lat="49.11665" lon="10.92724"><ele>437</ele></trkpt>
<trkpt lat="49.11624" lon="10.92735"><ele>438</ele></trkpt>
<trkpt lat="49.11613" lon="10.92783"><ele>442</ele></trkpt>
<trkpt lat="49.11595" lon="10.92833"><ele>449</ele></trkpt>
<trkpt lat="49.11565" lon="10.92864"><ele>452</ele></trkpt>
<trkpt lat="49.11467" lon="10.93000"><ele>466</ele></trkpt>
<trkpt lat="49.11454" lon="10.93027"><ele>469</ele></trkpt>
<trkpt lat="49.11447" lon="10.93107"><ele>473</ele></trkpt>
<trkpt lat="49.11415" lon="10.93230"><ele>474</ele></trkpt>
<trkpt lat="49.11404" lon="10.93291"><ele>473</ele></trkpt>
<trkpt lat="49.11380" lon="10.93540"><ele>470</ele></trkpt>
<trkpt lat="49.11379" lon="10.93588"><ele>470</ele></trkpt>
<trkpt lat="49.11387" lon="10.93771"><ele>472</ele></trkpt>
<trkpt lat="49.11411" lon="10.93967"><ele>473</ele></trkpt>
<trkpt lat="49.11415" lon="10.93984"><ele>473</ele></trkpt>
<trkpt lat="49.11428" lon="10.94010"><ele>472</ele></trkpt>
<trkpt lat="49.11460" lon="10.94043"><ele>472</ele></trkpt>
<trkpt lat="49.11487" lon="10.94085"><ele>472</ele></trkpt>
<trkpt lat="49.11512" lon="10.94146"><ele>474</ele></trkpt>
<trkpt lat="49.11541" lon="10.94236"><ele>474</ele></trkpt>
<trkpt lat="49.11348" lon="10.94562"><ele>462</ele></trkpt>
<trkpt lat="49.11324" lon="10.94589"><ele>461</ele></trkpt>
<trkpt lat="49.11277" lon="10.94626"><ele>462</ele></trkpt>
<trkpt lat="49.11237" lon="10.94667"><ele>461</ele></trkpt>
<trkpt lat="49.11184" lon="10.94743"><ele>459</ele></trkpt>
<trkpt lat="49.11160" lon="10.94828"><ele>456</ele></trkpt>
<trkpt lat="49.11119" lon="10.95026"><ele>452</ele></trkpt>
<trkpt lat="49.11114" lon="10.95078"><ele>450</ele></trkpt>
<trkpt lat="49.11134" lon="10.95260"><ele>451</ele></trkpt>
<trkpt lat="49.11162" lon="10.95546"><ele>447</ele></trkpt>
<trkpt lat="49.11158" lon="10.95765"><ele>448</ele></trkpt>
<trkpt lat="49.11161" lon="10.95797"><ele>447</ele></trkpt>
<trkpt lat="49.11232" lon="10.96133"><ele>428</ele></trkpt>
<trkpt lat="49.10941" lon="10.96058"><ele>424</ele></trkpt>
<trkpt lat="49.10468" lon="10.96418"><ele>398</ele></trkpt>
<trkpt lat="49.10449" lon="10.96400"><ele>397</ele></trkpt>
<trkpt lat="49.10408" lon="10.96385"><ele>397</ele></trkpt>
<trkpt lat="49.10260" lon="10.96372"><ele>396</ele></trkpt>
<trkpt lat="49.10247" lon="10.96565"><ele>399</ele></trkpt>
<trkpt lat="49.10246" lon="10.96708"><ele>399</ele></trkpt>
<trkpt lat="49.10239" lon="10.96975"><ele>400</ele></trkpt>
<trkpt lat="49.10231" lon="10.97029"><ele>399</ele></trkpt>
<trkpt lat="49.10233" lon="10.97203"><ele>400</ele></trkpt>
<trkpt lat="49.10240" lon="10.97256"><ele>400</ele></trkpt>
<trkpt lat="49.10258" lon="10.97334"><ele>399</ele></trkpt>
<trkpt lat="49.10309" lon="10.97512"><ele>395</ele></trkpt>
<trkpt lat="49.10268" lon="10.97518"><ele>395</ele></trkpt>
<trkpt lat="49.10268" lon="10.97770"><ele>390</ele></trkpt>
<trkpt lat="49.10270" lon="10.97821"><ele>389</ele></trkpt>
<trkpt lat="49.10284" lon="10.97969"><ele>385</ele></trkpt>
<trkpt lat="49.10282" lon="10.98070"><ele>384</ele></trkpt>
<trkpt lat="49.10301" lon="10.98070"><ele>382</ele></trkpt>
<trkpt lat="49.10304" lon="10.98079"><ele>382</ele></trkpt>
<trkpt lat="49.10300" lon="10.98112"><ele>382</ele></trkpt>
<trkpt lat="49.10301" lon="10.98139"><ele>382</ele></trkpt>
<trkpt lat="49.10243" lon="10.98182"><ele>385</ele></trkpt>
<trkpt lat="49.10225" lon="10.98189"><ele>386</ele></trkpt>
<trkpt lat="49.10174" lon="10.98190"><ele>386</ele></trkpt>
<trkpt lat="49.10142" lon="10.98185"><ele>386</ele></trkpt>
<trkpt lat="49.10131" lon="10.98192"><ele>384</ele></trkpt>
<trkpt lat="49.09994" lon="10.98111"><ele>388</ele></trkpt>
<trkpt lat="49.09943" lon="10.98089"><ele>388</ele></trkpt>
<trkpt lat="49.09885" lon="10.98071"><ele>387</ele></trkpt>
<trkpt lat="49.09733" lon="10.98059"><ele>386</ele></trkpt>
<trkpt lat="49.09677" lon="10.98048"><ele>384</ele></trkpt>
<trkpt lat="49.09586" lon="10.98010"><ele>377</ele></trkpt>
<trkpt lat="49.09475" lon="10.97945"><ele>377</ele></trkpt>
<trkpt lat="49.09430" lon="10.97838"><ele>377</ele></trkpt>
<trkpt lat="49.09331" lon="10.97620"><ele>378</ele></trkpt>
<trkpt lat="49.09185" lon="10.97384"><ele>378</ele></trkpt>
<trkpt lat="49.09157" lon="10.97325"><ele>378</ele></trkpt>
<trkpt lat="49.09084" lon="10.97127"><ele>383</ele></trkpt>
<trkpt lat="49.09058" lon="10.97034"><ele>382</ele></trkpt>
<trkpt lat="49.08999" lon="10.96762"><ele>380</ele></trkpt>
<trkpt lat="49.08984" lon="10.96711"><ele>382</ele></trkpt>
<trkpt lat="49.08968" lon="10.96675"><ele>382</ele></trkpt>
<trkpt lat="49.08861" lon="10.96493"><ele>384</ele></trkpt>
<trkpt lat="49.08804" lon="10.96422"><ele>382</ele></trkpt>
<trkpt lat="49.08782" lon="10.96400"><ele>382</ele></trkpt>
<trkpt lat="49.08727" lon="10.96359"><ele>381</ele></trkpt>
<trkpt lat="49.08631" lon="10.96300"><ele>382</ele></trkpt>
<trkpt lat="49.08558" lon="10.96270"><ele>382</ele></trkpt>
<trkpt lat="49.08076" lon="10.96204"><ele>385</ele></trkpt>
<trkpt lat="49.07999" lon="10.96200"><ele>385</ele></trkpt>
<trkpt lat="49.07961" lon="10.96214"><ele>386</ele></trkpt>
<trkpt lat="49.07827" lon="10.96296"><ele>388</ele></trkpt>
<trkpt lat="49.07677" lon="10.96381"><ele>399</ele></trkpt>
<trkpt lat="49.07626" lon="10.96404"><ele>404</ele></trkpt>
<trkpt lat="49.07461" lon="10.96416"><ele>398</ele></trkpt>
<trkpt lat="49.07235" lon="10.96422"><ele>393</ele></trkpt>
<trkpt lat="49.07057" lon="10.96453"><ele>392</ele></trkpt>
<trkpt lat="49.06999" lon="10.96472"><ele>389</ele></trkpt>
<trkpt lat="49.06983" lon="10.96473"><ele>389</ele></trkpt>
<trkpt lat="49.06954" lon="10.96449"><ele>390</ele></trkpt>
<trkpt lat="49.06924" lon="10.96399"><ele>390</ele></trkpt>
<trkpt lat="49.06915" lon="10.96371"><ele>389</ele></trkpt>
<trkpt lat="49.06910" lon="10.96324"><ele>388</ele></trkpt>
<trkpt lat="49.06905" lon="10.96315"><ele>388</ele></trkpt>
<trkpt lat="49.06875" lon="10.96337"><ele>389</ele></trkpt>
<trkpt lat="49.06849" lon="10.96349"><ele>390</ele></trkpt>
<trkpt lat="49.06797" lon="10.96348"><ele>389</ele></trkpt>
<trkpt lat="49.06719" lon="10.96323"><ele>388</ele></trkpt>
<trkpt lat="49.06576" lon="10.96269"><ele>388</ele></trkpt>
<trkpt lat="49.06550" lon="10.96266"><ele>388</ele></trkpt>
<trkpt lat="49.06467" lon="10.96285"><ele>389</ele></trkpt>
<trkpt lat="49.06348" lon="10.96271"><ele>389</ele></trkpt>
<trkpt lat="49.06273" lon="10.96241"><ele>389</ele></trkpt>
<trkpt lat="49.06251" lon="10.96228"><ele>388</ele></trkpt>
<trkpt lat="49.06158" lon="10.96127"><ele>389</ele></trkpt>
<trkpt lat="49.06140" lon="10.96112"><ele>389</ele></trkpt>
<trkpt lat="49.06105" lon="10.96093"><ele>390</ele></trkpt>
<trkpt lat="49.06045" lon="10.96078"><ele>389</ele></trkpt>
<trkpt lat="49.06015" lon="10.95969"><ele>391</ele></trkpt>
<trkpt lat="49.06007" lon="10.95928"><ele>392</ele></trkpt>
<trkpt lat="49.05997" lon="10.95914"><ele>392</ele></trkpt>
<trkpt lat="49.05883" lon="10.95943"><ele>396</ele></trkpt>
<trkpt lat="49.05768" lon="10.95992"><ele>396</ele></trkpt>
<trkpt lat="49.05716" lon="10.96029"><ele>392</ele></trkpt>
<trkpt lat="49.05692" lon="10.95987"><ele>392</ele></trkpt>
<trkpt lat="49.05676" lon="10.95980"><ele>392</ele></trkpt>
<trkpt lat="49.05671" lon="10.95967"><ele>392</ele></trkpt>
<trkpt lat="49.05555" lon="10.95889"><ele>395</ele></trkpt>
<trkpt lat="49.05541" lon="10.95814"><ele>396</ele></trkpt>
<trkpt lat="49.05495" lon="10.95842"><ele>402</ele></trkpt>
<trkpt lat="49.05456" lon="10.95851"><ele>404</ele></trkpt>
<trkpt lat="49.05412" lon="10.95843"><ele>406</ele></trkpt>
<trkpt lat="49.05395" lon="10.95828"><ele>408</ele></trkpt>
<trkpt lat="49.05383" lon="10.95825"><ele>408</ele></trkpt>
<trkpt lat="49.05308" lon="10.95854"><ele>413</ele></trkpt>
<trkpt lat="49.05290" lon="10.95856"><ele>415</ele></trkpt>
<trkpt lat="49.05270" lon="10.95840"><ele>417</ele></trkpt>
<trkpt lat="49.05256" lon="10.95836"><ele>418</ele></trkpt>
<trkpt lat="49.05215" lon="10.95865"><ele>416</ele></trkpt>
<trkpt lat="49.05182" lon="10.95895"><ele>412</ele></trkpt>
<trkpt lat="49.05152" lon="10.95913"><ele>409</ele></trkpt>
<trkpt lat="49.05130" lon="10.95921"><ele>406</ele></trkpt>
<trkpt lat="49.05078" lon="10.95918"><ele>400</ele></trkpt>
<trkpt lat="49.05090" lon="10.96010"><ele>398</ele></trkpt>
<trkpt lat="49.05156" lon="10.96254"><ele>396</ele></trkpt>
<trkpt lat="49.05055" lon="10.96280"><ele>396</ele></trkpt>
<trkpt lat="49.04625" lon="10.96547"><ele>394</ele></trkpt>
<trkpt lat="49.04610" lon="10.96470"><ele>395</ele></trkpt>
<trkpt lat="49.04590" lon="10.96393"><ele>396</ele></trkpt>
<trkpt lat="49.04458" lon="10.96434"><ele>399</ele></trkpt>
<trkpt lat="49.04356" lon="10.96432"><ele>398</ele></trkpt>
<trkpt lat="49.04310" lon="10.96388"><ele>399</ele></trkpt>
<trkpt lat="49.04222" lon="10.96284"><ele>405</ele></trkpt>
<trkpt lat="49.04204" lon="10.96317"><ele>400</ele></trkpt>
<trkpt lat="49.04171" lon="10.96360"><ele>398</ele></trkpt>
<trkpt lat="49.04128" lon="10.96405"><ele>399</ele></trkpt>
<trkpt lat="49.04087" lon="10.96455"><ele>399</ele></trkpt>
<trkpt lat="49.04058" lon="10.96464"><ele>400</ele></trkpt>
<trkpt lat="49.04032" lon="10.96481"><ele>406</ele></trkpt>
<trkpt lat="49.04005" lon="10.96492"><ele>409</ele></trkpt>
<trkpt lat="49.03917" lon="10.96584"><ele>414</ele></trkpt>
<trkpt lat="49.03915" lon="10.96690"><ele>418</ele></trkpt>
<trkpt lat="49.03912" lon="10.96749"><ele>419</ele></trkpt>
<trkpt lat="49.03927" lon="10.97054"><ele>423</ele></trkpt>
<trkpt lat="49.03689" lon="10.97125"><ele>421</ele></trkpt>
<trkpt lat="49.03561" lon="10.97141"><ele>422</ele></trkpt>
<trkpt lat="49.03451" lon="10.97184"><ele>423</ele></trkpt>
<trkpt lat="49.03334" lon="10.97200"><ele>424</ele></trkpt>
<trkpt lat="49.03307" lon="10.97192"><ele>423</ele></trkpt>
<trkpt lat="49.03294" lon="10.97177"><ele>423</ele></trkpt>
<trkpt lat="49.03288" lon="10.97156"><ele>422</ele></trkpt>
<trkpt lat="49.03287" lon="10.97086"><ele>421</ele></trkpt>
<trkpt lat="49.03279" lon="10.97049"><ele>421</ele></trkpt>
<trkpt lat="49.03243" lon="10.96988"><ele>420</ele></trkpt>
<trkpt lat="49.03226" lon="10.96991"><ele>420</ele></trkpt>
<trkpt lat="49.03213" lon="10.97008"><ele>420</ele></trkpt>
<trkpt lat="49.03201" lon="10.97066"><ele>422</ele></trkpt>
<trkpt lat="49.03113" lon="10.97189"><ele>423</ele></trkpt>
<trkpt lat="49.03104" lon="10.97190"><ele>423</ele></trkpt>
<trkpt lat="49.03100" lon="10.97195"><ele>423</ele></trkpt>
<trkpt lat="49.03104" lon="10.97190"><ele>423</ele></trkpt>
<trkpt lat="49.03113" lon="10.97189"><ele>423</ele></trkpt>
<trkpt lat="49.03101" lon="10.97251"><ele>424</ele></trkpt>
<trkpt lat="49.03095" lon="10.97253"><ele>424</ele></trkpt>
<trkpt lat="49.03078" lon="10.97390"><ele>425</ele></trkpt>
<trkpt lat="49.03079" lon="10.97464"><ele>426</ele></trkpt>
<trkpt lat="49.03039" lon="10.97664"><ele>429</ele></trkpt>
<trkpt lat="49.02956" lon="10.97645"><ele>427</ele></trkpt>
<trkpt lat="49.02928" lon="10.97649"><ele>427</ele></trkpt>
<trkpt lat="49.02892" lon="10.97646"><ele>426</ele></trkpt>
<trkpt lat="49.02846" lon="10.97633"><ele>424</ele></trkpt>
<trkpt lat="49.02828" lon="10.97699"><ele>424</ele></trkpt>
<trkpt lat="49.02813" lon="10.97771"><ele>425</ele></trkpt>
<trkpt lat="49.02805" lon="10.97787"><ele>426</ele></trkpt>
<trkpt lat="49.02794" lon="10.97795"><ele>426</ele></trkpt>
<trkpt lat="49.02809" lon="10.97856"><ele>427</ele></trkpt>
<trkpt lat="49.02601" lon="10.97938"><ele>428</ele></trkpt>
<trkpt lat="49.02579" lon="10.97943"><ele>429</ele></trkpt>
<trkpt lat="49.02393" lon="10.97961"><ele>439</ele></trkpt>
<trkpt lat="49.02327" lon="10.97958"><ele>444</ele></trkpt>
<trkpt lat="49.02309" lon="10.97969"><ele>444</ele></trkpt>
<trkpt lat="49.02268" lon="10.98008"><ele>446</ele></trkpt>
<trkpt lat="49.02262" lon="10.98026"><ele>448</ele></trkpt>
<trkpt lat="49.02224" lon="10.98045"><ele>450</ele></trkpt>
<trkpt lat="49.02214" lon="10.98034"><ele>452</ele></trkpt>
<trkpt lat="49.02203" lon="10.98048"><ele>453</ele></trkpt>
<trkpt lat="49.02168" lon="10.98061"><ele>457</ele></trkpt>
<trkpt lat="49.02157" lon="10.98068"><ele>458</ele></trkpt>
<trkpt lat="49.02137" lon="10.98096"><ele>461</ele></trkpt>
<trkpt lat="49.02117" lon="10.98110"><ele>464</ele></trkpt>
<trkpt lat="49.02063" lon="10.98129"><ele>472</ele></trkpt>
<trkpt lat="49.02033" lon="10.98152"><ele>476</ele></trkpt>
<trkpt lat="49.01991" lon="10.98194"><ele>482</ele></trkpt>
<trkpt lat="49.01953" lon="10.98273"><ele>490</ele></trkpt>
<trkpt lat="49.01883" lon="10.98451"><ele>506</ele></trkpt>
<trkpt lat="49.01859" lon="10.98585"><ele>511</ele></trkpt>
<trkpt lat="49.01856" lon="10.98597"><ele>512</ele></trkpt>
<trkpt lat="49.01847" lon="10.98611"><ele>512</ele></trkpt>
<trkpt lat="49.01812" lon="10.98643"><ele>516</ele></trkpt>
<trkpt lat="49.01771" lon="10.98659"><ele>519</ele></trkpt>
<trkpt lat="49.01748" lon="10.98700"><ele>518</ele></trkpt>
<trkpt lat="49.01730" lon="10.98718"><ele>518</ele></trkpt>
<trkpt lat="49.01678" lon="10.98738"><ele>519</ele></trkpt>
<trkpt lat="49.01644" lon="10.98757"><ele>515</ele></trkpt>
<trkpt lat="49.01587" lon="10.98758"><ele>514</ele></trkpt>
<trkpt lat="49.01509" lon="10.98792"><ele>512</ele></trkpt>
<trkpt lat="49.01468" lon="10.98795"><ele>513</ele></trkpt>
<trkpt lat="49.01369" lon="10.98787"><ele>510</ele></trkpt>
<trkpt lat="49.01308" lon="10.98846"><ele>513</ele></trkpt>
<trkpt lat="49.01288" lon="10.98875"><ele>512</ele></trkpt>
<trkpt lat="49.01276" lon="10.98907"><ele>513</ele></trkpt>
<trkpt lat="49.01277" lon="10.98918"><ele>513</ele></trkpt>
<trkpt lat="49.01336" lon="10.99047"><ele>520</ele></trkpt>
<trkpt lat="49.01341" lon="10.99097"><ele>522</ele></trkpt>
<trkpt lat="49.01336" lon="10.99149"><ele>524</ele></trkpt>
<trkpt lat="49.01317" lon="10.99223"><ele>529</ele></trkpt>
<trkpt lat="49.01215" lon="10.99479"><ele>552</ele></trkpt>
<trkpt lat="49.00976" lon="10.99930"><ele>564</ele></trkpt>
<trkpt lat="49.00940" lon="10.99988"><ele>564</ele></trkpt>
<trkpt lat="49.00805" lon="11.00252"><ele>562</ele></trkpt>
<trkpt lat="49.00677" lon="11.00379"><ele>561</ele></trkpt>
<trkpt lat="49.00639" lon="11.00439"><ele>561</ele></trkpt>
<trkpt lat="49.00588" lon="11.00553"><ele>558</ele></trkpt>
<trkpt lat="49.00587" lon="11.00568"><ele>558</ele></trkpt>
<trkpt lat="49.00571" lon="11.00531"><ele>557</ele></trkpt>
<trkpt lat="49.00474" lon="11.00351"><ele>552</ele></trkpt>
<trkpt lat="49.00409" lon="11.00239"><ele>549</ele></trkpt>
<trkpt lat="49.00393" lon="11.00256"><ele>549</ele></trkpt>
<trkpt lat="49.00368" lon="11.00264"><ele>550</ele></trkpt>
<trkpt lat="49.00332" lon="11.00288"><ele>549</ele></trkpt>
<trkpt lat="49.00309" lon="11.00311"><ele>549</ele></trkpt>
<trkpt lat="49.00259" lon="11.00379"><ele>551</ele></trkpt>
<trkpt lat="49.00208" lon="11.00406"><ele>551</ele></trkpt>
<trkpt lat="49.00151" lon="11.00487"><ele>551</ele></trkpt>
<trkpt lat="49.00119" lon="11.00513"><ele>550</ele></trkpt>
<trkpt lat="49.00055" lon="11.00549"><ele>549</ele></trkpt>
<trkpt lat="49.00037" lon="11.00556"><ele>548</ele></trkpt>
<trkpt lat="48.99982" lon="11.00557"><ele>546</ele></trkpt>
<trkpt lat="48.99833" lon="11.00527"><ele>546</ele></trkpt>
<trkpt lat="48.99798" lon="11.00524"><ele>546</ele></trkpt>
<trkpt lat="48.99766" lon="11.00528"><ele>544</ele></trkpt>
<trkpt lat="48.99724" lon="11.00544"><ele>543</ele></trkpt>
<trkpt lat="48.99643" lon="11.00599"><ele>540</ele></trkpt>
<trkpt lat="48.99580" lon="11.00614"><ele>537</ele></trkpt>
<trkpt lat="48.99518" lon="11.00637"><ele>533</ele></trkpt>
<trkpt lat="48.99482" lon="11.00662"><ele>531</ele></trkpt>
<trkpt lat="48.99468" lon="11.00659"><ele>530</ele></trkpt>
<trkpt lat="48.99428" lon="11.00635"><ele>527</ele></trkpt>
<trkpt lat="48.99417" lon="11.00632"><ele>526</ele></trkpt>
<trkpt lat="48.99403" lon="11.00638"><ele>524</ele></trkpt>
<trkpt lat="48.99396" lon="11.00654"><ele>522</ele></trkpt>
<trkpt lat="48.99380" lon="11.00713"><ele>521</ele></trkpt>
<trkpt lat="48.99369" lon="11.00780"><ele>521</ele></trkpt>
<trkpt lat="48.99363" lon="11.00825"><ele>520</ele></trkpt>
<trkpt lat="48.99368" lon="11.00842"><ele>520</ele></trkpt>
<trkpt lat="48.99368" lon="11.00871"><ele>522</ele></trkpt>
<trkpt lat="48.99366" lon="11.00878"><ele>524</ele></trkpt>
<trkpt lat="48.99356" lon="11.00885"><ele>526</ele></trkpt>
<trkpt lat="48.99336" lon="11.00890"><ele>528</ele></trkpt>
<trkpt lat="48.99304" lon="11.00882"><ele>532</ele></trkpt>
<trkpt lat="48.99300" lon="11.00888"><ele>532</ele></trkpt>
<trkpt lat="48.99296" lon="11.00944"><ele>535</ele></trkpt>
<trkpt lat="48.99128" lon="11.00959"><ele>536</ele></trkpt>
<trkpt lat="48.99114" lon="11.00958"><ele>536</ele></trkpt>
<trkpt lat="48.99103" lon="11.00952"><ele>536</ele></trkpt>
<trkpt lat="48.99084" lon="11.00965"><ele>535</ele></trkpt>
<trkpt lat="48.99033" lon="11.00965"><ele>534</ele></trkpt>
<trkpt lat="48.99018" lon="11.00972"><ele>534</ele></trkpt>
<trkpt lat="48.98998" lon="11.00971"><ele>533</ele></trkpt>
<trkpt lat="48.98975" lon="11.00977"><ele>532</ele></trkpt>
<trkpt lat="48.98957" lon="11.00998"><ele>531</ele></trkpt>
<trkpt lat="48.98947" lon="11.01022"><ele>528</ele></trkpt>
<trkpt lat="48.98930" lon="11.01032"><ele>527</ele></trkpt>
<trkpt lat="48.98915" lon="11.01030"><ele>525</ele></trkpt>
<trkpt lat="48.98859" lon="11.00986"><ele>520</ele></trkpt>
<trkpt lat="48.98806" lon="11.00927"><ele>511</ele></trkpt>
<trkpt lat="48.98724" lon="11.00803"><ele>500</ele></trkpt>
<trkpt lat="48.98618" lon="11.00623"><ele>486</ele></trkpt>
<trkpt lat="48.98572" lon="11.00504"><ele>473</ele></trkpt>
<trkpt lat="48.98529" lon="11.00549"><ele>472</ele></trkpt>
<trkpt lat="48.98473" lon="11.00626"><ele>471</ele></trkpt>
<trkpt lat="48.98422" lon="11.00678"><ele>469</ele></trkpt>
<trkpt lat="48.98363" lon="11.00719"><ele>468</ele></trkpt>
<trkpt lat="48.98310" lon="11.00739"><ele>468</ele></trkpt>
<trkpt lat="48.98278" lon="11.00744"><ele>467</ele></trkpt>
<trkpt lat="48.98240" lon="11.00763"><ele>466</ele></trkpt>
<trkpt lat="48.98223" lon="11.00782"><ele>464</ele></trkpt>
<trkpt lat="48.98179" lon="11.00849"><ele>464</ele></trkpt>
<trkpt lat="48.98166" lon="11.00858"><ele>462</ele></trkpt>
<trkpt lat="48.98131" lon="11.00932"><ele>464</ele></trkpt>
<trkpt lat="48.98111" lon="11.01002"><ele>464</ele></trkpt>
<trkpt lat="48.98109" lon="11.01026"><ele>465</ele></trkpt>
<trkpt lat="48.98109" lon="11.01050"><ele>466</ele></trkpt>
<trkpt lat="48.98116" lon="11.01106"><ele>466</ele></trkpt>
<trkpt lat="48.98149" lon="11.01234"><ele>463</ele></trkpt>
<trkpt lat="48.98108" lon="11.01202"><ele>458</ele></trkpt>
<trkpt lat="48.98080" lon="11.01159"><ele>457</ele></trkpt>
<trkpt lat="48.98049" lon="11.01128"><ele>456</ele></trkpt>
<trkpt lat="48.98041" lon="11.01115"><ele>456</ele></trkpt>
<trkpt lat="48.98028" lon="11.01162"><ele>456</ele></trkpt>
<trkpt lat="48.97986" lon="11.01264"><ele>458</ele></trkpt>
<trkpt lat="48.97910" lon="11.01186"><ele>458</ele></trkpt>
<trkpt lat="48.97864" lon="11.01120"><ele>457</ele></trkpt>
<trkpt lat="48.97836" lon="11.01155"><ele>461</ele></trkpt>
<trkpt lat="48.97804" lon="11.01175"><ele>465</ele></trkpt>
<trkpt lat="48.97796" lon="11.01187"><ele>467</ele></trkpt>
<trkpt lat="48.97733" lon="11.01346"><ele>484</ele></trkpt>
<trkpt lat="48.97655" lon="11.01580"><ele>503</ele></trkpt>
<trkpt lat="48.97596" lon="11.01680"><ele>508</ele></trkpt>
<trkpt lat="48.97575" lon="11.01694"><ele>509</ele></trkpt>
<trkpt lat="48.97453" lon="11.01755"><ele>517</ele></trkpt>
<trkpt lat="48.97438" lon="11.01755"><ele>518</ele></trkpt>
<trkpt lat="48.97380" lon="11.01734"><ele>520</ele></trkpt>
<trkpt lat="48.97361" lon="11.01740"><ele>521</ele></trkpt>
<trkpt lat="48.97339" lon="11.01754"><ele>522</ele></trkpt>
<trkpt lat="48.97318" lon="11.01780"><ele>525</ele></trkpt>
<trkpt lat="48.97295" lon="11.01798"><ele>526</ele></trkpt>
<trkpt lat="48.97276" lon="11.01803"><ele>527</ele></trkpt>
<trkpt lat="48.97258" lon="11.01801"><ele>527</ele></trkpt>
<trkpt lat="48.97234" lon="11.01791"><ele>527</ele></trkpt>
<trkpt lat="48.97242" lon="11.01810"><ele>528</ele></trkpt>
<trkpt lat="48.97256" lon="11.01883"><ele>530</ele></trkpt>
<trkpt lat="48.97267" lon="11.01973"><ele>532</ele></trkpt>
<trkpt lat="48.97285" lon="11.02051"><ele>532</ele></trkpt>
<trkpt lat="48.97291" lon="11.02109"><ele>532</ele></trkpt>
<trkpt lat="48.97290" lon="11.02135"><ele>532</ele></trkpt>
<trkpt lat="48.96799" lon="11.02099"><ele>533</ele></trkpt>
<trkpt lat="48.96384" lon="11.02061"><ele>528</ele></trkpt>
<trkpt lat="48.96373" lon="11.02051"><ele>528</ele></trkpt>
<trkpt lat="48.96361" lon="11.02118"><ele>524</ele></trkpt>
<trkpt lat="48.96350" lon="11.02425"><ele>515</ele></trkpt>
<trkpt lat="48.96334" lon="11.02532"><ele>518</ele></trkpt>
<trkpt lat="48.96340" lon="11.02668"><ele>523</ele></trkpt>
<trkpt lat="48.96345" lon="11.02694"><ele>524</ele></trkpt>
<trkpt lat="48.96284" lon="11.02689"><ele>526</ele></trkpt>
<trkpt lat="48.96189" lon="11.02722"><ele>526</ele></trkpt>
<trkpt lat="48.96172" lon="11.02721"><ele>526</ele></trkpt>
<trkpt lat="48.96149" lon="11.02707"><ele>525</ele></trkpt>
<trkpt lat="48.96156" lon="11.02820"><ele>530</ele></trkpt>
<trkpt lat="48.96157" lon="11.02935"><ele>534</ele></trkpt>
<trkpt lat="48.96171" lon="11.03038"><ele>538</ele></trkpt>
<trkpt lat="48.96169" lon="11.03138"><ele>539</ele></trkpt>
<trkpt lat="48.96198" lon="11.03205"><ele>542</ele></trkpt>
<trkpt lat="48.96215" lon="11.03254"><ele>544</ele></trkpt>
<trkpt lat="48.96223" lon="11.03307"><ele>546</ele></trkpt>
<trkpt lat="48.96222" lon="11.03330"><ele>547</ele></trkpt>
<trkpt lat="48.96207" lon="11.03393"><ele>549</ele></trkpt>
<trkpt lat="48.96192" lon="11.03429"><ele>550</ele></trkpt>
<trkpt lat="48.96184" lon="11.03460"><ele>551</ele></trkpt>
<trkpt lat="48.96148" lon="11.03636"><ele>551</ele></trkpt>
<trkpt lat="48.96140" lon="11.03658"><ele>551</ele></trkpt>
<trkpt lat="48.96104" lon="11.03720"><ele>548</ele></trkpt>
<trkpt lat="48.96082" lon="11.03818"><ele>545</ele></trkpt>
<trkpt lat="48.96068" lon="11.03905"><ele>543</ele></trkpt>
<trkpt lat="48.96040" lon="11.03948"><ele>542</ele></trkpt>
<trkpt lat="48.95999" lon="11.04029"><ele>541</ele></trkpt>
<trkpt lat="48.95832" lon="11.03899"><ele>539</ele></trkpt>
<trkpt lat="48.95756" lon="11.03835"><ele>538</ele></trkpt>
<trkpt lat="48.95680" lon="11.03762"><ele>534</ele></trkpt>
<trkpt lat="48.95641" lon="11.03859"><ele>532</ele></trkpt>
<trkpt lat="48.95610" lon="11.03957"><ele>530</ele></trkpt>
<trkpt lat="48.95557" lon="11.04231"><ele>525</ele></trkpt>
<trkpt lat="48.95562" lon="11.04240"><ele>525</ele></trkpt>
<trkpt lat="48.95551" lon="11.04267"><ele>524</ele></trkpt>
<trkpt lat="48.95541" lon="11.04364"><ele>523</ele></trkpt>
<trkpt lat="48.95536" lon="11.04391"><ele>523</ele></trkpt>
<trkpt lat="48.95521" lon="11.04422"><ele>524</ele></trkpt>
<trkpt lat="48.95474" lon="11.04506"><ele>524</ele></trkpt>
<trkpt lat="48.95449" lon="11.04560"><ele>525</ele></trkpt>
<trkpt lat="48.95434" lon="11.04585"><ele>525</ele></trkpt>
<trkpt lat="48.95417" lon="11.04601"><ele>525</ele></trkpt>
<trkpt lat="48.95286" lon="11.04684"><ele>526</ele></trkpt>
<trkpt lat="48.95229" lon="11.04713"><ele>526</ele></trkpt>
<trkpt lat="48.95213" lon="11.04775"><ele>529</ele></trkpt>
<trkpt lat="48.95130" lon="11.05235"><ele>532</ele></trkpt>
<trkpt lat="48.95114" lon="11.05285"><ele>532</ele></trkpt>
<trkpt lat="48.95032" lon="11.05408"><ele>534</ele></trkpt>
<trkpt lat="48.94992" lon="11.05482"><ele>536</ele></trkpt>
<trkpt lat="48.94986" lon="11.05500"><ele>536</ele></trkpt>
<trkpt lat="48.94982" lon="11.05554"><ele>536</ele></trkpt>
<trkpt lat="48.94947" lon="11.05753"><ele>538</ele></trkpt>
<trkpt lat="48.94928" lon="11.05825"><ele>539</ele></trkpt>
<trkpt lat="48.94903" lon="11.05883"><ele>539</ele></trkpt>
<trkpt lat="48.94845" lon="11.05958"><ele>540</ele></trkpt>
<trkpt lat="48.94821" lon="11.06005"><ele>540</ele></trkpt>
<trkpt lat="48.94794" lon="11.06153"><ele>542</ele></trkpt>
<trkpt lat="48.94766" lon="11.06228"><ele>542</ele></trkpt>
<trkpt lat="48.94715" lon="11.06387"><ele>544</ele></trkpt>
<trkpt lat="48.94631" lon="11.06611"><ele>547</ele></trkpt>
<trkpt lat="48.94608" lon="11.06723"><ele>548</ele></trkpt>
<trkpt lat="48.94542" lon="11.06901"><ele>550</ele></trkpt>
<trkpt lat="48.94416" lon="11.06794"><ele>554</ele></trkpt>
<trkpt lat="48.94305" lon="11.06684"><ele>560</ele></trkpt>
<trkpt lat="48.93996" lon="11.06420"><ele>563</ele></trkpt>
<trkpt lat="48.93881" lon="11.06313"><ele>562</ele></trkpt>
<trkpt lat="48.93886" lon="11.06320"><ele>564</ele></trkpt>
<trkpt lat="48.93664" lon="11.06822"><ele>569</ele></trkpt>
<trkpt lat="48.93826" lon="11.07034"><ele>561</ele></trkpt>
<trkpt lat="48.93757" lon="11.07267"><ele>558</ele></trkpt>
<trkpt lat="48.93731" lon="11.07443"><ele>552</ele></trkpt>
<trkpt lat="48.93723" lon="11.07522"><ele>550</ele></trkpt>
<trkpt lat="48.93764" lon="11.07942"><ele>538</ele></trkpt>
<trkpt lat="48.93825" lon="11.08272"><ele>535</ele></trkpt>
<trkpt lat="48.93850" lon="11.08452"><ele>534</ele></trkpt>
<trkpt lat="48.93876" lon="11.08681"><ele>538</ele></trkpt>
<trkpt lat="48.93887" lon="11.09104"><ele>545</ele></trkpt>
<trkpt lat="48.93814" lon="11.09088"><ele>544</ele></trkpt>
<trkpt lat="48.93390" lon="11.08973"><ele>548</ele></trkpt>
<trkpt lat="48.93340" lon="11.08961"><ele>548</ele></trkpt>
<trkpt lat="48.93307" lon="11.08960"><ele>548</ele></trkpt>
<trkpt lat="48.93148" lon="11.09023"><ele>547</ele></trkpt>
<trkpt lat="48.92931" lon="11.09045"><ele>554</ele></trkpt>
<trkpt lat="48.92850" lon="11.09073"><ele>556</ele></trkpt>
<trkpt lat="48.92113" lon="11.09366"><ele>555</ele></trkpt>
<trkpt lat="48.92052" lon="11.09403"><ele>557</ele></trkpt>
<trkpt lat="48.91829" lon="11.09707"><ele>546</ele></trkpt>
<trkpt lat="48.91730" lon="11.09849"><ele>546</ele></trkpt>
<trkpt lat="48.91562" lon="11.10071"><ele>544</ele></trkpt>
<trkpt lat="48.91466" lon="11.10216"><ele>539</ele></trkpt>
<trkpt lat="48.91451" lon="11.10248"><ele>538</ele></trkpt>
<trkpt lat="48.91390" lon="11.10422"><ele>534</ele></trkpt>
<trkpt lat="48.91367" lon="11.10470"><ele>532</ele></trkpt>
<trkpt lat="48.91317" lon="11.10529"><ele>530</ele></trkpt>
<trkpt lat="48.91091" lon="11.10584"><ele>534</ele></trkpt>
<trkpt lat="48.91048" lon="11.10592"><ele>534</ele></trkpt>
<trkpt lat="48.91020" lon="11.10592"><ele>533</ele></trkpt>
<trkpt lat="48.90965" lon="11.10581"><ele>533</ele></trkpt>
<trkpt lat="48.90931" lon="11.10567"><ele>534</ele></trkpt>
<trkpt lat="48.90852" lon="11.10515"><ele>539</ele></trkpt>
<trkpt lat="48.90826" lon="11.10508"><ele>540</ele></trkpt>
<trkpt lat="48.90794" lon="11.10507"><ele>542</ele></trkpt>
<trkpt lat="48.90751" lon="11.10516"><ele>544</ele></trkpt>
<trkpt lat="48.90734" lon="11.10526"><ele>544</ele></trkpt>
<trkpt lat="48.90715" lon="11.10545"><ele>544</ele></trkpt>
<trkpt lat="48.90667" lon="11.10609"><ele>545</ele></trkpt>
<trkpt lat="48.90650" lon="11.10616"><ele>545</ele></trkpt>
<trkpt lat="48.90637" lon="11.10616"><ele>545</ele></trkpt>
<trkpt lat="48.90575" lon="11.10595"><ele>546</ele></trkpt>
<trkpt lat="48.90555" lon="11.10592"><ele>547</ele></trkpt>
<trkpt lat="48.90541" lon="11.10597"><ele>548</ele></trkpt>
<trkpt lat="48.90515" lon="11.10445"><ele>548</ele></trkpt>
<trkpt lat="48.90511" lon="11.10426"><ele>548</ele></trkpt>
<trkpt lat="48.90506" lon="11.10421"><ele>548</ele></trkpt>
<trkpt lat="48.90491" lon="11.10428"><ele>548</ele></trkpt>
<trkpt lat="48.90488" lon="11.10445"><ele>548</ele></trkpt>
<trkpt lat="48.90478" lon="11.10462"><ele>548</ele></trkpt>
<trkpt lat="48.90439" lon="11.10486"><ele>546</ele></trkpt>
<trkpt lat="48.90403" lon="11.10311"><ele>544</ele></trkpt>
<trkpt lat="48.90392" lon="11.10315"><ele>544</ele></trkpt>
<trkpt lat="48.90387" lon="11.10289"><ele>544</ele></trkpt>
<trkpt lat="48.90364" lon="11.10265"><ele>542</ele></trkpt>
<trkpt lat="48.90335" lon="11.10219"><ele>540</ele></trkpt>
<trkpt lat="48.90322" lon="11.10173"><ele>539</ele></trkpt>
<trkpt lat="48.90308" lon="11.10153"><ele>538</ele></trkpt>
<trkpt lat="48.90178" lon="11.09822"><ele>524</ele></trkpt>
<trkpt lat="48.90159" lon="11.09786"><ele>524</ele></trkpt>
<trkpt lat="48.90068" lon="11.09648"><ele>521</ele></trkpt>
<trkpt lat="48.89988" lon="11.09508"><ele>518</ele></trkpt>
<trkpt lat="48.89981" lon="11.09500"><ele>517</ele></trkpt>
<trkpt lat="48.89966" lon="11.09493"><ele>517</ele></trkpt>
<trkpt lat="48.89765" lon="11.09451"><ele>509</ele></trkpt>
<trkpt lat="48.89707" lon="11.09419"><ele>514</ele></trkpt>
<trkpt lat="48.89676" lon="11.09391"><ele>519</ele></trkpt>
<trkpt lat="48.89611" lon="11.09312"><ele>530</ele></trkpt>
<trkpt lat="48.89529" lon="11.09250"><ele>537</ele></trkpt>
<trkpt lat="48.89427" lon="11.09149"><ele>546</ele></trkpt>
<trkpt lat="48.89328" lon="11.09110"><ele>548</ele></trkpt>
<trkpt lat="48.88996" lon="11.09074"><ele>543</ele></trkpt>
<trkpt lat="48.88893" lon="11.09048"><ele>541</ele></trkpt>
<trkpt lat="48.88808" lon="11.09017"><ele>539</ele></trkpt>
<trkpt lat="48.88735" lon="11.08978"><ele>536</ele></trkpt>
<trkpt lat="48.88647" lon="11.08924"><ele>532</ele></trkpt>
<trkpt lat="48.88568" lon="11.08859"><ele>529</ele></trkpt>
<trkpt lat="48.88482" lon="11.08781"><ele>525</ele></trkpt>
<trkpt lat="48.88426" lon="11.09064"><ele>522</ele></trkpt>
<trkpt lat="48.88418" lon="11.09116"><ele>520</ele></trkpt>
<trkpt lat="48.88415" lon="11.09155"><ele>519</ele></trkpt>
<trkpt lat="48.88408" lon="11.09177"><ele>518</ele></trkpt>
<trkpt lat="48.88391" lon="11.09180"><ele>516</ele></trkpt>
<trkpt lat="48.88294" lon="11.09161"><ele>510</ele></trkpt>
<trkpt lat="48.88080" lon="11.09194"><ele>502</ele></trkpt>
<trkpt lat="48.87444" lon="11.09238"><ele>488</ele></trkpt>
<trkpt lat="48.87374" lon="11.09248"><ele>482</ele></trkpt>
<trkpt lat="48.87355" lon="11.09260"><ele>480</ele></trkpt>
<trkpt lat="48.87340" lon="11.09290"><ele>480</ele></trkpt>
<trkpt lat="48.87338" lon="11.09318"><ele>479</ele></trkpt>
<trkpt lat="48.87345" lon="11.09349"><ele>478</ele></trkpt>
<trkpt lat="48.87360" lon="11.09390"><ele>475</ele></trkpt>
<trkpt lat="48.87366" lon="11.09427"><ele>474</ele></trkpt>
<trkpt lat="48.87364" lon="11.09475"><ele>471</ele></trkpt>
<trkpt lat="48.87366" lon="11.09518"><ele>468</ele></trkpt>
<trkpt lat="48.87377" lon="11.09606"><ele>463</ele></trkpt>
<trkpt lat="48.87385" lon="11.09633"><ele>462</ele></trkpt>
<trkpt lat="48.87401" lon="11.09650"><ele>461</ele></trkpt>
<trkpt lat="48.87420" lon="11.09647"><ele>461</ele></trkpt>
<trkpt lat="48.87478" lon="11.09606"><ele>460</ele></trkpt>
<trkpt lat="48.87490" lon="11.09607"><ele>459</ele></trkpt>
<trkpt lat="48.87500" lon="11.09615"><ele>457</ele></trkpt>
<trkpt lat="48.87514" lon="11.09640"><ele>455</ele></trkpt>
<trkpt lat="48.87526" lon="11.09650"><ele>455</ele></trkpt>
<trkpt lat="48.87555" lon="11.09654"><ele>453</ele></trkpt>
<trkpt lat="48.87585" lon="11.09670"><ele>453</ele></trkpt>
<trkpt lat="48.87610" lon="11.09671"><ele>452</ele></trkpt>
<trkpt lat="48.87658" lon="11.09624"><ele>451</ele></trkpt>
<trkpt lat="48.87719" lon="11.09596"><ele>454</ele></trkpt>
<trkpt lat="48.87790" lon="11.09536"><ele>458</ele></trkpt>
<trkpt lat="48.87819" lon="11.09520"><ele>458</ele></trkpt>
<trkpt lat="48.87837" lon="11.09516"><ele>458</ele></trkpt>
<trkpt lat="48.87880" lon="11.09522"><ele>459</ele></trkpt>
<trkpt lat="48.87896" lon="11.09532"><ele>459</ele></trkpt>
<trkpt lat="48.87947" lon="11.09581"><ele>460</ele></trkpt>
<trkpt lat="48.87970" lon="11.09585"><ele>460</ele></trkpt>
<trkpt lat="48.87988" lon="11.09562"><ele>460</ele></trkpt>
<trkpt lat="48.88007" lon="11.09512"><ele>462</ele></trkpt>
<trkpt lat="48.88019" lon="11.09487"><ele>462</ele></trkpt>
<trkpt lat="48.88029" lon="11.09479"><ele>462</ele></trkpt>
<trkpt lat="48.88045" lon="11.09476"><ele>462</ele></trkpt>
<trkpt lat="48.88052" lon="11.09481"><ele>462</ele></trkpt>
<trkpt lat="48.88056" lon="11.09490"><ele>462</ele></trkpt>
<trkpt lat="48.88055" lon="11.09514"><ele>460</ele></trkpt>
<trkpt lat="48.88013" lon="11.09570"><ele>455</ele></trkpt>
<trkpt lat="48.87989" lon="11.09625"><ele>450</ele></trkpt>
<trkpt lat="48.87968" lon="11.09646"><ele>450</ele></trkpt>
<trkpt lat="48.87945" lon="11.09656"><ele>448</ele></trkpt>
<trkpt lat="48.87910" lon="11.09647"><ele>446</ele></trkpt>
<trkpt lat="48.87868" lon="11.09617"><ele>443</ele></trkpt>
<trkpt lat="48.87851" lon="11.09616"><ele>442</ele></trkpt>
<trkpt lat="48.87841" lon="11.09622"><ele>442</ele></trkpt>
<trkpt lat="48.87763" lon="11.09713"><ele>432</ele></trkpt>
<trkpt lat="48.87727" lon="11.09749"><ele>429</ele></trkpt>
<trkpt lat="48.87691" lon="11.09768"><ele>424</ele></trkpt>
<trkpt lat="48.87646" lon="11.09814"><ele>418</ele></trkpt>
<trkpt lat="48.87562" lon="11.09878"><ele>407</ele></trkpt>
<trkpt lat="48.87512" lon="11.09890"><ele>405</ele></trkpt>
<trkpt lat="48.87473" lon="11.09912"><ele>403</ele></trkpt>
<trkpt lat="48.87420" lon="11.09966"><ele>398</ele></trkpt>
<trkpt lat="48.87374" lon="11.10027"><ele>394</ele></trkpt>
<trkpt lat="48.87324" lon="11.10063"><ele>393</ele></trkpt>
<trkpt lat="48.87208" lon="11.10113"><ele>393</ele></trkpt>
<trkpt lat="48.87195" lon="11.10124"><ele>393</ele></trkpt>
<trkpt lat="48.87183" lon="11.10148"><ele>393</ele></trkpt>
<trkpt lat="48.87209" lon="11.10319"><ele>394</ele></trkpt>
<trkpt lat="48.87234" lon="11.10355"><ele>394</ele></trkpt>
<trkpt lat="48.87283" lon="11.10415"><ele>397</ele></trkpt>
<trkpt lat="48.87267" lon="11.10453"><ele>398</ele></trkpt>
<trkpt lat="48.87233" lon="11.10506"><ele>398</ele></trkpt>
<trkpt lat="48.87219" lon="11.10522"><ele>398</ele></trkpt>
<trkpt lat="48.87186" lon="11.10538"><ele>398</ele></trkpt>
<trkpt lat="48.87154" lon="11.10546"><ele>396</ele></trkpt>
<trkpt lat="48.87112" lon="11.10544"><ele>396</ele></trkpt>
<trkpt lat="48.87002" lon="11.10501"><ele>396</ele></trkpt>
<trkpt lat="48.86987" lon="11.10510"><ele>397</ele></trkpt>
<trkpt lat="48.86978" lon="11.10521"><ele>398</ele></trkpt>
<trkpt lat="48.86972" lon="11.10549"><ele>400</ele></trkpt>
<trkpt lat="48.86974" lon="11.10562"><ele>400</ele></trkpt>
<trkpt lat="48.86988" lon="11.10583"><ele>401</ele></trkpt>
<trkpt lat="48.86999" lon="11.10586"><ele>402</ele></trkpt>
<trkpt lat="48.87067" lon="11.10584"><ele>404</ele></trkpt>
<trkpt lat="48.87080" lon="11.10600"><ele>405</ele></trkpt>
<trkpt lat="48.87087" lon="11.10669"><ele>409</ele></trkpt>
<trkpt lat="48.87079" lon="11.10685"><ele>410</ele></trkpt>
<trkpt lat="48.87069" lon="11.10696"><ele>412</ele></trkpt>
<trkpt lat="48.87016" lon="11.10678"><ele>410</ele></trkpt>
<trkpt lat="48.86928" lon="11.10664"><ele>409</ele></trkpt>
<trkpt lat="48.86793" lon="11.10605"><ele>403</ele></trkpt>
<trkpt lat="48.86777" lon="11.10615"><ele>403</ele></trkpt>
<trkpt lat="48.86726" lon="11.10665"><ele>405</ele></trkpt>
<trkpt lat="48.86697" lon="11.10709"><ele>407</ele></trkpt>
<trkpt lat="48.86637" lon="11.10821"><ele>410</ele></trkpt>
<trkpt lat="48.86605" lon="11.10890"><ele>412</ele></trkpt>
<trkpt lat="48.86561" lon="11.10957"><ele>415</ele></trkpt>
<trkpt lat="48.86540" lon="11.10982"><ele>416</ele></trkpt>
<trkpt lat="48.86514" lon="11.10994"><ele>416</ele></trkpt>
<trkpt lat="48.86459" lon="11.11012"><ele>419</ele></trkpt>
<trkpt lat="48.86406" lon="11.11004"><ele>419</ele></trkpt>
<trkpt lat="48.86384" lon="11.11008"><ele>421</ele></trkpt>
<trkpt lat="48.86356" lon="11.11025"><ele>422</ele></trkpt>
<trkpt lat="48.86324" lon="11.11054"><ele>424</ele></trkpt>
<trkpt lat="48.86294" lon="11.11090"><ele>426</ele></trkpt>
<trkpt lat="48.86134" lon="11.11321"><ele>436</ele></trkpt>
<trkpt lat="48.86124" lon="11.11345"><ele>438</ele></trkpt>
<trkpt lat="48.86083" lon="11.11404"><ele>442</ele></trkpt>
<trkpt lat="48.86069" lon="11.11411"><ele>442</ele></trkpt>
<trkpt lat="48.86008" lon="11.11424"><ele>446</ele></trkpt>
<trkpt lat="48.85946" lon="11.11468"><ele>450</ele></trkpt>
<trkpt lat="48.85773" lon="11.11478"><ele>464</ele></trkpt>
<trkpt lat="48.85754" lon="11.11475"><ele>465</ele></trkpt>
<trkpt lat="48.85723" lon="11.11461"><ele>468</ele></trkpt>
<trkpt lat="48.85672" lon="11.11417"><ele>472</ele></trkpt>
<trkpt lat="48.85650" lon="11.11413"><ele>473</ele></trkpt>
<trkpt lat="48.85636" lon="11.11418"><ele>474</ele></trkpt>
<trkpt lat="48.85619" lon="11.11431"><ele>476</ele></trkpt>
<trkpt lat="48.85534" lon="11.11516"><ele>481</ele></trkpt>
<trkpt lat="48.85524" lon="11.11544"><ele>481</ele></trkpt>
<trkpt lat="48.85520" lon="11.11573"><ele>482</ele></trkpt>
<trkpt lat="48.85510" lon="11.11688"><ele>484</ele></trkpt>
<trkpt lat="48.85501" lon="11.11720"><ele>486</ele></trkpt>
<trkpt lat="48.85484" lon="11.11740"><ele>486</ele></trkpt>
<trkpt lat="48.85389" lon="11.11786"><ele>489</ele></trkpt>
<trkpt lat="48.85308" lon="11.11841"><ele>496</ele></trkpt>
<trkpt lat="48.85236" lon="11.11845"><ele>500</ele></trkpt>
<trkpt lat="48.85220" lon="11.11858"><ele>501</ele></trkpt>
<trkpt lat="48.85164" lon="11.11790"><ele>499</ele></trkpt>
<trkpt lat="48.85139" lon="11.11750"><ele>500</ele></trkpt>
<trkpt lat="48.85099" lon="11.11657"><ele>502</ele></trkpt>
<trkpt lat="48.85072" lon="11.11610"><ele>504</ele></trkpt>
<trkpt lat="48.84985" lon="11.11539"><ele>510</ele></trkpt>
<trkpt lat="48.84882" lon="11.11519"><ele>517</ele></trkpt>
<trkpt lat="48.84867" lon="11.11512"><ele>517</ele></trkpt>
<trkpt lat="48.84851" lon="11.11498"><ele>517</ele></trkpt>
<trkpt lat="48.84809" lon="11.11440"><ele>518</ele></trkpt>
<trkpt lat="48.84781" lon="11.11370"><ele>520</ele></trkpt>
<trkpt lat="48.84770" lon="11.11324"><ele>521</ele></trkpt>
<trkpt lat="48.84732" lon="11.11136"><ele>529</ele></trkpt>
<trkpt lat="48.84727" lon="11.10993"><ele>536</ele></trkpt>
<trkpt lat="48.84719" lon="11.10963"><ele>536</ele></trkpt>
<trkpt lat="48.84705" lon="11.10946"><ele>537</ele></trkpt>
<trkpt lat="48.84645" lon="11.10902"><ele>540</ele></trkpt>
<trkpt lat="48.84570" lon="11.10803"><ele>543</ele></trkpt>
<trkpt lat="48.84551" lon="11.10785"><ele>544</ele></trkpt>
<trkpt lat="48.84523" lon="11.10775"><ele>546</ele></trkpt>
<trkpt lat="48.84402" lon="11.10756"><ele>545</ele></trkpt>
<trkpt lat="48.84390" lon="11.10750"><ele>545</ele></trkpt>
<trkpt lat="48.84374" lon="11.10736"><ele>544</ele></trkpt>
<trkpt lat="48.84368" lon="11.10744"><ele>544</ele></trkpt>
<trkpt lat="48.84315" lon="11.10889"><ele>539</ele></trkpt>
<trkpt lat="48.84303" lon="11.10911"><ele>538</ele></trkpt>
<trkpt lat="48.84238" lon="11.11002"><ele>531</ele></trkpt>
<trkpt lat="48.84114" lon="11.11200"><ele>518</ele></trkpt>
<trkpt lat="48.84084" lon="11.11245"><ele>515</ele></trkpt>
<trkpt lat="48.84066" lon="11.11264"><ele>514</ele></trkpt>
<trkpt lat="48.83912" lon="11.11355"><ele>506</ele></trkpt>
<trkpt lat="48.83846" lon="11.11373"><ele>502</ele></trkpt>
<trkpt lat="48.83800" lon="11.11407"><ele>499</ele></trkpt>
<trkpt lat="48.83725" lon="11.11474"><ele>493</ele></trkpt>
<trkpt lat="48.83656" lon="11.11517"><ele>490</ele></trkpt>
<trkpt lat="48.83630" lon="11.11519"><ele>489</ele></trkpt>
<trkpt lat="48.83558" lon="11.11474"><ele>486</ele></trkpt>
<trkpt lat="48.83542" lon="11.11471"><ele>486</ele></trkpt>
<trkpt lat="48.83528" lon="11.11471"><ele>485</ele></trkpt>
<trkpt lat="48.83512" lon="11.11477"><ele>484</ele></trkpt>
<trkpt lat="48.83470" lon="11.11500"><ele>482</ele></trkpt>
<trkpt lat="48.83454" lon="11.11516"><ele>481</ele></trkpt>
<trkpt lat="48.83430" lon="11.11557"><ele>478</ele></trkpt>
<trkpt lat="48.83400" lon="11.11657"><ele>475</ele></trkpt>
<trkpt lat="48.83382" lon="11.11704"><ele>474</ele></trkpt>
<trkpt lat="48.83362" lon="11.11738"><ele>472</ele></trkpt>
<trkpt lat="48.83315" lon="11.11778"><ele>469</ele></trkpt>
<trkpt lat="48.83240" lon="11.11799"><ele>466</ele></trkpt>
<trkpt lat="48.83237" lon="11.11828"><ele>467</ele></trkpt>
<trkpt lat="48.83185" lon="11.11815"><ele>464</ele></trkpt>
<trkpt lat="48.83161" lon="11.11821"><ele>464</ele></trkpt>
<trkpt lat="48.83098" lon="11.11871"><ele>472</ele></trkpt>
<trkpt lat="48.83061" lon="11.11923"><ele>477</ele></trkpt>
<trkpt lat="48.83035" lon="11.11965"><ele>480</ele></trkpt>
<trkpt lat="48.83028" lon="11.11979"><ele>481</ele></trkpt>
<trkpt lat="48.83013" lon="11.12052"><ele>483</ele></trkpt>
<trkpt lat="48.82984" lon="11.12142"><ele>487</ele></trkpt>
<trkpt lat="48.82981" lon="11.12184"><ele>487</ele></trkpt>
<trkpt lat="48.82964" lon="11.12232"><ele>491</ele></trkpt>
<trkpt lat="48.82960" lon="11.12267"><ele>492</ele></trkpt>
<trkpt lat="48.82957" lon="11.12339"><ele>493</ele></trkpt>
<trkpt lat="48.82939" lon="11.12435"><ele>497</ele></trkpt>
<trkpt lat="48.82937" lon="11.12472"><ele>496</ele></trkpt>
<trkpt lat="48.82947" lon="11.12655"><ele>500</ele></trkpt>
<trkpt lat="48.82951" lon="11.12687"><ele>502</ele></trkpt>
<trkpt lat="48.82966" lon="11.12747"><ele>504</ele></trkpt>
<trkpt lat="48.82968" lon="11.12795"><ele>506</ele></trkpt>
<trkpt lat="48.82934" lon="11.12877"><ele>510</ele></trkpt>
<trkpt lat="48.82933" lon="11.12894"><ele>510</ele></trkpt>
<trkpt lat="48.82938" lon="11.12909"><ele>511</ele></trkpt>
<trkpt lat="48.82940" lon="11.12929"><ele>511</ele></trkpt>
<trkpt lat="48.82937" lon="11.12949"><ele>512</ele></trkpt>
<trkpt lat="48.82924" lon="11.12989"><ele>514</ele></trkpt>
<trkpt lat="48.82919" lon="11.13020"><ele>514</ele></trkpt>
<trkpt lat="48.82871" lon="11.13147"><ele>518</ele></trkpt>
<trkpt lat="48.82836" lon="11.13210"><ele>520</ele></trkpt>
<trkpt lat="48.82779" lon="11.13370"><ele>522</ele></trkpt>
<trkpt lat="48.82509" lon="11.13270"><ele>528</ele></trkpt>
<trkpt lat="48.82490" lon="11.13266"><ele>528</ele></trkpt>
<trkpt lat="48.82465" lon="11.13267"><ele>528</ele></trkpt>
<trkpt lat="48.82408" lon="11.13292"><ele>531</ele></trkpt>
<trkpt lat="48.82365" lon="11.13337"><ele>532</ele></trkpt>
<trkpt lat="48.82318" lon="11.13422"><ele>535</ele></trkpt>
<trkpt lat="48.82292" lon="11.13490"><ele>535</ele></trkpt>
<trkpt lat="48.82278" lon="11.13502"><ele>535</ele></trkpt>
<trkpt lat="48.82287" lon="11.13478"><ele>535</ele></trkpt>
<trkpt lat="48.82289" lon="11.13449"><ele>536</ele></trkpt>
<trkpt lat="48.82277" lon="11.13211"><ele>534</ele></trkpt>
<trkpt lat="48.82286" lon="11.13202"><ele>534</ele></trkpt>
<trkpt lat="48.82287" lon="11.13192"><ele>534</ele></trkpt>
<trkpt lat="48.82283" lon="11.13131"><ele>533</ele></trkpt>
<trkpt lat="48.82287" lon="11.12966"><ele>530</ele></trkpt>
<trkpt lat="48.82283" lon="11.12912"><ele>530</ele></trkpt>
<trkpt lat="48.82265" lon="11.12910"><ele>529</ele></trkpt>
<trkpt lat="48.82172" lon="11.12878"><ele>527</ele></trkpt>
<trkpt lat="48.82023" lon="11.12810"><ele>518</ele></trkpt>
<trkpt lat="48.82016" lon="11.12835"><ele>517</ele></trkpt>
<trkpt lat="48.81988" lon="11.12858"><ele>514</ele></trkpt>
<trkpt lat="48.81982" lon="11.12869"><ele>514</ele></trkpt>
<trkpt lat="48.81955" lon="11.12949"><ele>508</ele></trkpt>
<trkpt lat="48.81947" lon="11.12950"><ele>507</ele></trkpt>
<trkpt lat="48.81910" lon="11.12920"><ele>505</ele></trkpt>
<trkpt lat="48.81873" lon="11.12882"><ele>504</ele></trkpt>
<trkpt lat="48.81889" lon="11.12948"><ele>498</ele></trkpt>
<trkpt lat="48.81891" lon="11.12977"><ele>496</ele></trkpt>
<trkpt lat="48.81887" lon="11.13028"><ele>493</ele></trkpt>
<trkpt lat="48.81876" lon="11.13093"><ele>489</ele></trkpt>
<trkpt lat="48.81865" lon="11.13116"><ele>487</ele></trkpt>
<trkpt lat="48.81855" lon="11.13128"><ele>486</ele></trkpt>
<trkpt lat="48.81804" lon="11.13166"><ele>479</ele></trkpt>
<trkpt lat="48.81778" lon="11.13192"><ele>475</ele></trkpt>
<trkpt lat="48.81764" lon="11.13219"><ele>474</ele></trkpt>
<trkpt lat="48.81758" lon="11.13242"><ele>473</ele></trkpt>
<trkpt lat="48.81740" lon="11.13372"><ele>467</ele></trkpt>
<trkpt lat="48.81730" lon="11.13394"><ele>465</ele></trkpt>
<trkpt lat="48.81722" lon="11.13406"><ele>464</ele></trkpt>
<trkpt lat="48.81712" lon="11.13411"><ele>463</ele></trkpt>
<trkpt lat="48.81701" lon="11.13412"><ele>463</ele></trkpt>
<trkpt lat="48.81690" lon="11.13406"><ele>462</ele></trkpt>
<trkpt lat="48.81649" lon="11.13365"><ele>458</ele></trkpt>
<trkpt lat="48.81629" lon="11.13358"><ele>457</ele></trkpt>
<trkpt lat="48.81597" lon="11.13366"><ele>455</ele></trkpt>
<trkpt lat="48.81572" lon="11.13385"><ele>454</ele></trkpt>
<trkpt lat="48.81491" lon="11.13390"><ele>444</ele></trkpt>
<trkpt lat="48.81475" lon="11.13381"><ele>442</ele></trkpt>
<trkpt lat="48.81419" lon="11.13157"><ele>434</ele></trkpt>
<trkpt lat="48.81410" lon="11.13141"><ele>433</ele></trkpt>
<trkpt lat="48.81371" lon="11.13087"><ele>429</ele></trkpt>
<trkpt lat="48.81305" lon="11.12982"><ele>418</ele></trkpt>
<trkpt lat="48.81250" lon="11.12870"><ele>404</ele></trkpt>
<trkpt lat="48.81234" lon="11.12923"><ele>404</ele></trkpt>
<trkpt lat="48.81226" lon="11.12937"><ele>404</ele></trkpt>
<trkpt lat="48.81127" lon="11.13007"><ele>409</ele></trkpt>
<trkpt lat="48.81079" lon="11.13033"><ele>409</ele></trkpt>
<trkpt lat="48.81046" lon="11.13037"><ele>408</ele></trkpt>
<trkpt lat="48.80914" lon="11.13031"><ele>403</ele></trkpt>
<trkpt lat="48.80761" lon="11.13006"><ele>396</ele></trkpt>
<trkpt lat="48.80694" lon="11.13011"><ele>396</ele></trkpt>
<trkpt lat="48.80670" lon="11.13021"><ele>396</ele></trkpt>
<trkpt lat="48.80650" lon="11.13022"><ele>396</ele></trkpt>
<trkpt lat="48.80604" lon="11.13015"><ele>396</ele></trkpt>
<trkpt lat="48.80568" lon="11.12996"><ele>395</ele></trkpt>
<trkpt lat="48.80469" lon="11.12993"><ele>398</ele></trkpt>
<trkpt lat="48.80410" lon="11.13000"><ele>395</ele></trkpt>
<trkpt lat="48.80386" lon="11.13020"><ele>395</ele></trkpt>
<trkpt lat="48.80363" lon="11.13051"><ele>394</ele></trkpt>
<trkpt lat="48.80355" lon="11.13074"><ele>394</ele></trkpt>
<trkpt lat="48.80344" lon="11.13138"><ele>396</ele></trkpt>
<trkpt lat="48.80335" lon="11.13131"><ele>393</ele></trkpt>
<trkpt lat="48.80312" lon="11.13054"><ele>392</ele></trkpt>
<trkpt lat="48.80302" lon="11.13011"><ele>392</ele></trkpt>
<trkpt lat="48.80230" lon="11.13055"><ele>392</ele></trkpt>
<trkpt lat="48.80213" lon="11.13058"><ele>394</ele></trkpt>
<trkpt lat="48.80211" lon="11.13011"><ele>393</ele></trkpt>
<trkpt lat="48.80204" lon="11.12967"><ele>392</ele></trkpt>
<trkpt lat="48.80087" lon="11.12621"><ele>393</ele></trkpt>
<trkpt lat="48.79936" lon="11.12290"><ele>393</ele></trkpt>
<trkpt lat="48.79824" lon="11.11834"><ele>394</ele></trkpt>
<trkpt lat="48.79819" lon="11.11825"><ele>394</ele></trkpt>
<trkpt lat="48.79816" lon="11.11831"><ele>394</ele></trkpt>
<trkpt lat="48.79697" lon="11.11924"><ele>406</ele></trkpt>
<trkpt lat="48.79677" lon="11.11944"><ele>410</ele></trkpt>
<trkpt lat="48.79655" lon="11.11990"><ele>418</ele></trkpt>
<trkpt lat="48.79604" lon="11.12118"><ele>435</ele></trkpt>
<trkpt lat="48.79588" lon="11.12167"><ele>439</ele></trkpt>
<trkpt lat="48.79563" lon="11.12280"><ele>448</ele></trkpt>
<trkpt lat="48.79541" lon="11.12341"><ele>452</ele></trkpt>
<trkpt lat="48.79511" lon="11.12407"><ele>455</ele></trkpt>
<trkpt lat="48.79480" lon="11.12462"><ele>458</ele></trkpt>
<trkpt lat="48.79445" lon="11.12505"><ele>460</ele></trkpt>
<trkpt lat="48.79426" lon="11.12522"><ele>461</ele></trkpt>
<trkpt lat="48.79400" lon="11.12537"><ele>462</ele></trkpt>
<trkpt lat="48.79393" lon="11.12546"><ele>462</ele></trkpt>
<trkpt lat="48.79364" lon="11.12596"><ele>460</ele></trkpt>
<trkpt lat="48.79276" lon="11.12671"><ele>452</ele></trkpt>
<trkpt lat="48.79258" lon="11.12692"><ele>450</ele></trkpt>
<trkpt lat="48.79178" lon="11.12816"><ele>448</ele></trkpt>
<trkpt lat="48.79146" lon="11.12881"><ele>448</ele></trkpt>
<trkpt lat="48.79070" lon="11.13063"><ele>450</ele></trkpt>
<trkpt lat="48.79016" lon="11.13164"><ele>453</ele></trkpt>
<trkpt lat="48.79007" lon="11.13159"><ele>454</ele></trkpt>
<trkpt lat="48.78895" lon="11.13148"><ele>461</ele></trkpt>
<trkpt lat="48.78817" lon="11.13166"><ele>463</ele></trkpt>
<trkpt lat="48.78748" lon="11.13206"><ele>461</ele></trkpt>
<trkpt lat="48.78607" lon="11.13224"><ele>460</ele></trkpt>
<trkpt lat="48.78579" lon="11.13223"><ele>460</ele></trkpt>
<trkpt lat="48.78525" lon="11.13168"><ele>460</ele></trkpt>
<trkpt lat="48.78455" lon="11.13104"><ele>456</ele></trkpt>
<trkpt lat="48.78432" lon="11.13100"><ele>454</ele></trkpt>
<trkpt lat="48.78383" lon="11.13115"><ele>452</ele></trkpt>
<trkpt lat="48.78374" lon="11.13140"><ele>453</ele></trkpt>
<trkpt lat="48.78359" lon="11.13093"><ele>450</ele></trkpt>
<trkpt lat="48.78353" lon="11.13088"><ele>450</ele></trkpt>
<trkpt lat="48.78347" lon="11.13090"><ele>449</ele></trkpt>
<trkpt lat="48.78146" lon="11.13395"><ele>452</ele></trkpt>
<trkpt lat="48.78096" lon="11.13486"><ele>451</ele></trkpt>
<trkpt lat="48.78047" lon="11.13544"><ele>449</ele></trkpt>
<trkpt lat="48.78016" lon="11.13586"><ele>449</ele></trkpt>
<trkpt lat="48.77994" lon="11.13620"><ele>450</ele></trkpt>
<trkpt lat="48.77931" lon="11.13742"><ele>450</ele></trkpt>
<trkpt lat="48.77907" lon="11.13766"><ele>450</ele></trkpt>
<trkpt lat="48.77865" lon="11.13777"><ele>450</ele></trkpt>
<trkpt lat="48.77838" lon="11.13770"><ele>450</ele></trkpt>
<trkpt lat="48.77773" lon="11.13741"><ele>448</ele></trkpt>
<trkpt lat="48.77749" lon="11.13723"><ele>449</ele></trkpt>
<trkpt lat="48.77726" lon="11.13697"><ele>449</ele></trkpt>
<trkpt lat="48.77696" lon="11.13648"><ele>448</ele></trkpt>
<trkpt lat="48.77659" lon="11.13612"><ele>446</ele></trkpt>
<trkpt lat="48.77640" lon="11.13580"><ele>445</ele></trkpt>
<trkpt lat="48.77587" lon="11.13512"><ele>440</ele></trkpt>
<trkpt lat="48.77545" lon="11.13483"><ele>438</ele></trkpt>
<trkpt lat="48.77525" lon="11.13449"><ele>440</ele></trkpt>
<trkpt lat="48.77496" lon="11.13388"><ele>444</ele></trkpt>
<trkpt lat="48.77485" lon="11.13339"><ele>446</ele></trkpt>
<trkpt lat="48.77463" lon="11.13306"><ele>449</ele></trkpt>
<trkpt lat="48.77395" lon="11.13241"><ele>458</ele></trkpt>
<trkpt lat="48.77374" lon="11.13229"><ele>460</ele></trkpt>
<trkpt lat="48.77349" lon="11.13225"><ele>462</ele></trkpt>
<trkpt lat="48.77289" lon="11.13223"><ele>464</ele></trkpt>
<trkpt lat="48.77141" lon="11.13235"><ele>457</ele></trkpt>
<trkpt lat="48.77114" lon="11.13251"><ele>457</ele></trkpt>
<trkpt lat="48.76941" lon="11.13263"><ele>463</ele></trkpt>
<trkpt lat="48.76906" lon="11.13264"><ele>461</ele></trkpt>
<trkpt lat="48.76883" lon="11.13258"><ele>459</ele></trkpt>
<trkpt lat="48.76876" lon="11.13160"><ele>459</ele></trkpt>
<trkpt lat="48.76861" lon="11.13082"><ele>458</ele></trkpt>
<trkpt lat="48.76853" lon="11.13064"><ele>457</ele></trkpt>
<trkpt lat="48.76839" lon="11.13053"><ele>456</ele></trkpt>
<trkpt lat="48.76830" lon="11.13051"><ele>454</ele></trkpt>
<trkpt lat="48.76758" lon="11.13067"><ele>453</ele></trkpt>
<trkpt lat="48.76750" lon="11.13061"><ele>454</ele></trkpt>
<trkpt lat="48.76744" lon="11.13039"><ele>454</ele></trkpt>
<trkpt lat="48.76756" lon="11.12973"><ele>455</ele></trkpt>
<trkpt lat="48.76753" lon="11.12948"><ele>456</ele></trkpt>
<trkpt lat="48.76743" lon="11.12934"><ele>458</ele></trkpt>
<trkpt lat="48.76727" lon="11.12925"><ele>460</ele></trkpt>
<trkpt lat="48.76657" lon="11.12913"><ele>465</ele></trkpt>
<trkpt lat="48.76579" lon="11.12878"><ele>470</ele></trkpt>
<trkpt lat="48.76518" lon="11.12861"><ele>472</ele></trkpt>
<trkpt lat="48.76460" lon="11.12852"><ele>473</ele></trkpt>
<trkpt lat="48.76396" lon="11.12863"><ele>475</ele></trkpt>
<trkpt lat="48.76298" lon="11.13041"><ele>470</ele></trkpt>
<trkpt lat="48.76254" lon="11.13108"><ele>468</ele></trkpt>
<trkpt lat="48.76228" lon="11.13161"><ele>468</ele></trkpt>
<trkpt lat="48.76182" lon="11.13269"><ele>467</ele></trkpt>
<trkpt lat="48.76144" lon="11.13394"><ele>468</ele></trkpt>
<trkpt lat="48.76120" lon="11.13514"><ele>470</ele></trkpt>
<trkpt lat="48.76062" lon="11.13669"><ele>469</ele></trkpt>
<trkpt lat="48.76026" lon="11.13719"><ele>469</ele></trkpt>
<trkpt lat="48.75978" lon="11.13799"><ele>469</ele></trkpt>
<trkpt lat="48.75866" lon="11.13999"><ele>471</ele></trkpt>
<trkpt lat="48.75804" lon="11.14097"><ele>472</ele></trkpt>
<trkpt lat="48.75762" lon="11.14147"><ele>472</ele></trkpt>
<trkpt lat="48.75680" lon="11.14198"><ele>473</ele></trkpt>
<trkpt lat="48.75618" lon="11.14256"><ele>474</ele></trkpt>
<trkpt lat="48.75591" lon="11.14286"><ele>474</ele></trkpt>
<trkpt lat="48.75564" lon="11.14349"><ele>474</ele></trkpt>
<trkpt lat="48.75544" lon="11.14374"><ele>474</ele></trkpt>
<trkpt lat="48.75420" lon="11.14459"><ele>470</ele></trkpt>
<trkpt lat="48.75388" lon="11.14490"><ele>467</ele></trkpt>
<trkpt lat="48.75370" lon="11.14521"><ele>464</ele></trkpt>
<trkpt lat="48.75344" lon="11.14581"><ele>460</ele></trkpt>
<trkpt lat="48.75326" lon="11.14609"><ele>457</ele></trkpt>
<trkpt lat="48.75193" lon="11.14765"><ele>445</ele></trkpt>
<trkpt lat="48.75167" lon="11.15002"><ele>437</ele></trkpt>
<trkpt lat="48.75148" lon="11.15114"><ele>433</ele></trkpt>
<trkpt lat="48.74938" lon="11.15858"><ele>400</ele></trkpt>
<trkpt lat="48.74911" lon="11.15933"><ele>399</ele></trkpt>
<trkpt lat="48.74909" lon="11.15945"><ele>399</ele></trkpt>
<trkpt lat="48.74884" lon="11.15958"><ele>399</ele></trkpt>
<trkpt lat="48.74864" lon="11.15978"><ele>397</ele></trkpt>
<trkpt lat="48.74831" lon="11.16036"><ele>396</ele></trkpt>
<trkpt lat="48.74804" lon="11.16103"><ele>394</ele></trkpt>
<trkpt lat="48.74779" lon="11.16180"><ele>392</ele></trkpt>
<trkpt lat="48.74774" lon="11.16229"><ele>392</ele></trkpt>
<trkpt lat="48.74764" lon="11.16266"><ele>391</ele></trkpt>
<trkpt lat="48.74746" lon="11.16367"><ele>388</ele></trkpt>
<trkpt lat="48.74742" lon="11.16430"><ele>389</ele></trkpt>
<trkpt lat="48.74750" lon="11.16552"><ele>389</ele></trkpt>
<trkpt lat="48.74761" lon="11.16619"><ele>388</ele></trkpt>
<trkpt lat="48.74747" lon="11.16685"><ele>385</ele></trkpt>
<trkpt lat="48.74743" lon="11.16723"><ele>384</ele></trkpt>
<trkpt lat="48.74746" lon="11.16776"><ele>384</ele></trkpt>
<trkpt lat="48.74674" lon="11.16811"><ele>382</ele></trkpt>
<trkpt lat="48.74630" lon="11.16838"><ele>382</ele></trkpt>
<trkpt lat="48.74519" lon="11.16830"><ele>382</ele></trkpt>
<trkpt lat="48.74567" lon="11.17033"><ele>381</ele></trkpt>
<trkpt lat="48.74557" lon="11.17859"><ele>382</ele></trkpt>
<trkpt lat="48.74552" lon="11.17875"><ele>382</ele></trkpt>
<trkpt lat="48.74556" lon="11.17901"><ele>382</ele></trkpt>
<trkpt lat="48.74555" lon="11.17970"><ele>382</ele></trkpt>
<trkpt lat="48.74331" lon="11.17960"><ele>381</ele></trkpt>
<trkpt lat="48.74197" lon="11.18062"><ele>381</ele></trkpt>
<trkpt lat="48.74056" lon="11.18118"><ele>382</ele></trkpt>
<trkpt lat="48.74066" lon="11.18138"><ele>382</ele></trkpt>
<trkpt lat="48.74061" lon="11.18162"><ele>381</ele></trkpt>
<trkpt lat="48.74019" lon="11.18145"><ele>382</ele></trkpt>
<trkpt lat="48.73871" lon="11.18162"><ele>380</ele></trkpt>
<trkpt lat="48.73795" lon="11.18160"><ele>380</ele></trkpt>
<trkpt lat="48.73774" lon="11.18157"><ele>385</ele></trkpt>
<trkpt lat="48.73764" lon="11.18151"><ele>387</ele></trkpt>
<trkpt lat="48.73764" lon="11.18159"><ele>386</ele></trkpt>
<trkpt lat="48.73747" lon="11.18158"><ele>388</ele></trkpt>
<trkpt lat="48.73742" lon="11.18163"><ele>386</ele></trkpt>
<trkpt lat="48.73738" lon="11.18175"><ele>384</ele></trkpt>
<trkpt lat="48.73728" lon="11.18241"><ele>382</ele></trkpt>
<trkpt lat="48.73681" lon="11.18278"><ele>382</ele></trkpt>
<trkpt lat="48.73684" lon="11.18312"><ele>382</ele></trkpt>
<trkpt lat="48.73634" lon="11.18316"><ele>382</ele></trkpt>
<trkpt lat="48.73611" lon="11.18312"><ele>382</ele></trkpt>
<trkpt lat="48.73608" lon="11.18345"><ele>382</ele></trkpt>
<trkpt lat="48.73585" lon="11.18433"><ele>382</ele></trkpt>
<trkpt lat="48.73612" lon="11.18457"><ele>382</ele></trkpt>
<trkpt lat="48.73651" lon="11.18469"><ele>381</ele></trkpt>
<trkpt lat="48.73650" lon="11.18526"><ele>381</ele></trkpt>
<trkpt lat="48.73653" lon="11.18553"><ele>381</ele></trkpt>
<trkpt lat="48.73660" lon="11.18573"><ele>381</ele></trkpt>
<trkpt lat="48.73682" lon="11.18608"><ele>382</ele></trkpt>
<trkpt lat="48.73735" lon="11.18663"><ele>382</ele></trkpt>
<trkpt lat="48.73755" lon="11.18693"><ele>381</ele></trkpt>
<trkpt lat="48.73761" lon="11.18658"><ele>381</ele></trkpt>
<trkpt lat="48.73781" lon="11.18595"><ele>382</ele></trkpt>
<trkpt lat="48.73808" lon="11.18615"><ele>382</ele></trkpt>
<trkpt lat="48.73862" lon="11.18618"><ele>382</ele></trkpt>
<trkpt lat="48.73940" lon="11.18761"><ele>382</ele></trkpt>
<trkpt lat="48.73951" lon="11.18801"><ele>382</ele></trkpt>
<trkpt lat="48.74072" lon="11.19047"><ele>382</ele></trkpt>
<trkpt lat="48.74104" lon="11.19137"><ele>382</ele></trkpt>
<trkpt lat="48.74123" lon="11.19210"><ele>380</ele></trkpt>
<trkpt lat="48.74131" lon="11.19261"><ele>382</ele></trkpt>
<trkpt lat="48.74138" lon="11.19344"><ele>382</ele></trkpt>
<trkpt lat="48.74164" lon="11.19846"><ele>381</ele></trkpt>
<trkpt lat="48.74168" lon="11.19882"><ele>381</ele></trkpt>
<trkpt lat="48.74168" lon="11.19913"><ele>381</ele></trkpt>
<trkpt lat="48.74157" lon="11.19979"><ele>380</ele></trkpt>
<trkpt lat="48.74159" lon="11.20032"><ele>380</ele></trkpt>
<trkpt lat="48.74141" lon="11.20125"><ele>379</ele></trkpt>
<trkpt lat="48.74117" lon="11.20206"><ele>378</ele></trkpt>
<trkpt lat="48.74046" lon="11.20408"><ele>380</ele></trkpt>
<trkpt lat="48.74002" lon="11.20507"><ele>379</ele></trkpt>
<trkpt lat="48.73988" lon="11.20562"><ele>380</ele></trkpt>
<trkpt lat="48.73984" lon="11.20587"><ele>379</ele></trkpt>
<trkpt lat="48.73984" lon="11.20668"><ele>378</ele></trkpt>
<trkpt lat="48.73955" lon="11.20845"><ele>379</ele></trkpt>
<trkpt lat="48.73949" lon="11.20900"><ele>380</ele></trkpt>
<trkpt lat="48.73949" lon="11.20932"><ele>379</ele></trkpt>
<trkpt lat="48.73967" lon="11.21043"><ele>380</ele></trkpt>
<trkpt lat="48.73971" lon="11.21122"><ele>379</ele></trkpt>
<trkpt lat="48.73975" lon="11.21332"><ele>378</ele></trkpt>
<trkpt lat="48.73972" lon="11.21580"><ele>379</ele></trkpt>
<trkpt lat="48.73974" lon="11.21692"><ele>378</ele></trkpt>
<trkpt lat="48.73984" lon="11.21869"><ele>377</ele></trkpt>
<trkpt lat="48.74001" lon="11.22034"><ele>378</ele></trkpt>
<trkpt lat="48.74016" lon="11.22120"><ele>378</ele></trkpt>
<trkpt lat="48.74046" lon="11.22197"><ele>379</ele></trkpt>
<trkpt lat="48.74116" lon="11.22354"><ele>379</ele></trkpt>
<trkpt lat="48.74147" lon="11.22413"><ele>379</ele></trkpt>
<trkpt lat="48.74181" lon="11.22469"><ele>379</ele></trkpt>
<trkpt lat="48.74245" lon="11.22561"><ele>379</ele></trkpt>
<trkpt lat="48.74267" lon="11.22603"><ele>378</ele></trkpt>
<trkpt lat="48.74287" lon="11.22648"><ele>378</ele></trkpt>
<trkpt lat="48.74331" lon="11.22801"><ele>379</ele></trkpt>
<trkpt lat="48.74362" lon="11.22890"><ele>379</ele></trkpt>
<trkpt lat="48.74455" lon="11.23123"><ele>378</ele></trkpt>
<trkpt lat="48.74497" lon="11.23217"><ele>378</ele></trkpt>
<trkpt lat="48.74538" lon="11.23325"><ele>377</ele></trkpt>
<trkpt lat="48.74609" lon="11.23561"><ele>378</ele></trkpt>
<trkpt lat="48.74621" lon="11.23624"><ele>376</ele></trkpt>
<trkpt lat="48.74666" lon="11.23791"><ele>376</ele></trkpt>
<trkpt lat="48.74670" lon="11.23808"><ele>376</ele></trkpt>
<trkpt lat="48.74670" lon="11.23856"><ele>376</ele></trkpt>
<trkpt lat="48.74672" lon="11.23873"><ele>376</ele></trkpt>
<trkpt lat="48.74704" lon="11.23919"><ele>377</ele></trkpt>
<trkpt lat="48.74723" lon="11.23971"><ele>378</ele></trkpt>
<trkpt lat="48.74795" lon="11.24219"><ele>377</ele></trkpt>
<trkpt lat="48.74907" lon="11.24627"><ele>376</ele></trkpt>
<trkpt lat="48.74943" lon="11.24784"><ele>378</ele></trkpt>
<trkpt lat="48.74967" lon="11.24906"><ele>378</ele></trkpt>
<trkpt lat="48.74997" lon="11.25082"><ele>378</ele></trkpt>
<trkpt lat="48.75015" lon="11.25208"><ele>377</ele></trkpt>
<trkpt lat="48.75044" lon="11.25481"><ele>376</ele></trkpt>
<trkpt lat="48.75052" lon="11.25627"><ele>378</ele></trkpt>
<trkpt lat="48.75057" lon="11.25885"><ele>377</ele></trkpt>
<trkpt lat="48.75051" lon="11.26127"><ele>377</ele></trkpt>
<trkpt lat="48.75030" lon="11.26502"><ele>377</ele></trkpt>
<trkpt lat="48.75017" lon="11.26650"><ele>377</ele></trkpt>
<trkpt lat="48.74982" lon="11.26961"><ele>376</ele></trkpt>
<trkpt lat="48.74978" lon="11.27084"><ele>377</ele></trkpt>
<trkpt lat="48.74975" lon="11.27100"><ele>378</ele></trkpt>
<trkpt lat="48.74963" lon="11.27128"><ele>377</ele></trkpt>
<trkpt lat="48.74952" lon="11.27198"><ele>378</ele></trkpt>
<trkpt lat="48.75132" lon="11.27294"><ele>378</ele></trkpt>
<trkpt lat="48.75135" lon="11.27310"><ele>378</ele></trkpt>
<trkpt lat="48.75167" lon="11.27334"><ele>379</ele></trkpt>
<trkpt lat="48.75252" lon="11.27365"><ele>377</ele></trkpt>
<trkpt lat="48.75273" lon="11.27379"><ele>376</ele></trkpt>
<trkpt lat="48.75364" lon="11.27393"><ele>376</ele></trkpt>
<trkpt lat="48.75486" lon="11.27388"><ele>376</ele></trkpt>
<trkpt lat="48.75588" lon="11.27365"><ele>376</ele></trkpt>
<trkpt lat="48.75714" lon="11.27315"><ele>376</ele></trkpt>
<trkpt lat="48.75818" lon="11.27262"><ele>376</ele></trkpt>
<trkpt lat="48.75841" lon="11.27552"><ele>375</ele></trkpt>
<trkpt lat="48.75847" lon="11.27740"><ele>374</ele></trkpt>
<trkpt lat="48.75839" lon="11.27823"><ele>374</ele></trkpt>
<trkpt lat="48.75839" lon="11.28134"><ele>374</ele></trkpt>
<trkpt lat="48.75841" lon="11.28250"><ele>372</ele></trkpt>
<trkpt lat="48.75849" lon="11.28322"><ele>372</ele></trkpt>
<trkpt lat="48.75886" lon="11.28530"><ele>375</ele></trkpt>
<trkpt lat="48.75905" lon="11.28611"><ele>374</ele></trkpt>
<trkpt lat="48.75947" lon="11.28825"><ele>375</ele></trkpt>
<trkpt lat="48.75988" lon="11.29068"><ele>374</ele></trkpt>
<trkpt lat="48.75993" lon="11.29077"><ele>375</ele></trkpt>
<trkpt lat="48.76017" lon="11.29081"><ele>375</ele></trkpt>
<trkpt lat="48.76044" lon="11.29079"><ele>374</ele></trkpt>
<trkpt lat="48.76066" lon="11.29070"><ele>374</ele></trkpt>
<trkpt lat="48.76065" lon="11.29086"><ele>375</ele></trkpt>
<trkpt lat="48.76026" lon="11.29173"><ele>375</ele></trkpt>
<trkpt lat="48.75975" lon="11.29344"><ele>375</ele></trkpt>
<trkpt lat="48.75954" lon="11.29405"><ele>374</ele></trkpt>
<trkpt lat="48.75948" lon="11.29427"><ele>374</ele></trkpt>
<trkpt lat="48.75945" lon="11.29493"><ele>375</ele></trkpt>
<trkpt lat="48.75933" lon="11.29515"><ele>375</ele></trkpt>
<trkpt lat="48.75910" lon="11.29535"><ele>375</ele></trkpt>
<trkpt lat="48.75885" lon="11.29636"><ele>375</ele></trkpt>
<trkpt lat="48.75858" lon="11.29698"><ele>375</ele></trkpt>
<trkpt lat="48.75819" lon="11.29817"><ele>375</ele></trkpt>
<trkpt lat="48.75809" lon="11.29855"><ele>375</ele></trkpt>
<trkpt lat="48.75801" lon="11.29899"><ele>374</ele></trkpt>
<trkpt lat="48.75724" lon="11.30593"><ele>374</ele></trkpt>
<trkpt lat="48.75787" lon="11.30581"><ele>374</ele></trkpt>
<trkpt lat="48.75724" lon="11.30593"><ele>374</ele></trkpt>
<trkpt lat="48.75715" lon="11.30738"><ele>374</ele></trkpt>
<trkpt lat="48.75715" lon="11.30882"><ele>374</ele></trkpt>
<trkpt lat="48.75709" lon="11.30982"><ele>374</ele></trkpt>
<trkpt lat="48.75700" lon="11.31040"><ele>374</ele></trkpt>
<trkpt lat="48.75683" lon="11.31079"><ele>374</ele></trkpt>
<trkpt lat="48.75664" lon="11.31173"><ele>374</ele></trkpt>
<trkpt lat="48.75663" lon="11.31192"><ele>374</ele></trkpt>
<trkpt lat="48.75668" lon="11.31258"><ele>374</ele></trkpt>
<trkpt lat="48.75659" lon="11.31312"><ele>374</ele></trkpt>
<trkpt lat="48.75651" lon="11.31504"><ele>374</ele></trkpt>
<trkpt lat="48.75661" lon="11.31765"><ele>374</ele></trkpt>
<trkpt lat="48.75666" lon="11.31785"><ele>374</ele></trkpt>
<trkpt lat="48.75686" lon="11.31791"><ele>374</ele></trkpt>
<trkpt lat="48.75694" lon="11.31800"><ele>374</ele></trkpt>
<trkpt lat="48.75700" lon="11.31831"><ele>374</ele></trkpt>
<trkpt lat="48.75702" lon="11.31880"><ele>373</ele></trkpt>
<trkpt lat="48.75716" lon="11.31910"><ele>373</ele></trkpt>
<trkpt lat="48.75718" lon="11.31926"><ele>373</ele></trkpt>
<trkpt lat="48.75719" lon="11.31964"><ele>374</ele></trkpt>
<trkpt lat="48.75714" lon="11.32032"><ele>374</ele></trkpt>
<trkpt lat="48.75689" lon="11.32222"><ele>373</ele></trkpt>
<trkpt lat="48.75697" lon="11.32275"><ele>374</ele></trkpt>
<trkpt lat="48.75694" lon="11.32351"><ele>373</ele></trkpt>
<trkpt lat="48.75688" lon="11.32375"><ele>373</ele></trkpt>
<trkpt lat="48.75657" lon="11.32448"><ele>373</ele></trkpt>
<trkpt lat="48.75595" lon="11.32536"><ele>373</ele></trkpt>
<trkpt lat="48.75576" lon="11.32574"><ele>372</ele></trkpt>
<trkpt lat="48.75542" lon="11.32676"><ele>373</ele></trkpt>
<trkpt lat="48.75540" lon="11.32691"><ele>373</ele></trkpt>
<trkpt lat="48.75541" lon="11.32727"><ele>373</ele></trkpt>
<trkpt lat="48.75537" lon="11.32785"><ele>373</ele></trkpt>
<trkpt lat="48.75515" lon="11.32897"><ele>373</ele></trkpt>
<trkpt lat="48.75514" lon="11.32946"><ele>373</ele></trkpt>
<trkpt lat="48.75510" lon="11.32964"><ele>373</ele></trkpt>
<trkpt lat="48.75495" lon="11.33004"><ele>373</ele></trkpt>
<trkpt lat="48.75434" lon="11.33125"><ele>372</ele></trkpt>
<trkpt lat="48.75420" lon="11.33144"><ele>373</ele></trkpt>
<trkpt lat="48.75393" lon="11.33165"><ele>373</ele></trkpt>
<trkpt lat="48.75351" lon="11.33214"><ele>373</ele></trkpt>
<trkpt lat="48.75218" lon="11.33701"><ele>372</ele></trkpt>
<trkpt lat="48.75216" lon="11.33726"><ele>372</ele></trkpt>
<trkpt lat="48.75240" lon="11.33857"><ele>371</ele></trkpt>
<trkpt lat="48.75241" lon="11.33891"><ele>371</ele></trkpt>
<trkpt lat="48.75203" lon="11.33994"><ele>372</ele></trkpt>
<trkpt lat="48.75185" lon="11.34075"><ele>372</ele></trkpt>
<trkpt lat="48.75175" lon="11.34136"><ele>372</ele></trkpt>
<trkpt lat="48.75179" lon="11.34156"><ele>372</ele></trkpt>
<trkpt lat="48.75196" lon="11.34191"><ele>372</ele></trkpt>
<trkpt lat="48.75199" lon="11.34218"><ele>372</ele></trkpt>
<trkpt lat="48.75190" lon="11.34640"><ele>372</ele></trkpt>
<trkpt lat="48.75191" lon="11.34730"><ele>372</ele></trkpt>
<trkpt lat="48.75216" lon="11.34792"><ele>372</ele></trkpt>
<trkpt lat="48.75226" lon="11.34806"><ele>372</ele></trkpt>
<trkpt lat="48.75276" lon="11.34853"><ele>372</ele></trkpt>
<trkpt lat="48.75294" lon="11.34848"><ele>372</ele></trkpt>
<trkpt lat="48.75299" lon="11.34865"><ele>372</ele></trkpt>
<trkpt lat="48.75303" lon="11.34894"><ele>372</ele></trkpt>
<trkpt lat="48.75307" lon="11.35023"><ele>373</ele></trkpt>
<trkpt lat="48.75310" lon="11.35058"><ele>373</ele></trkpt>
<trkpt lat="48.75324" lon="11.35133"><ele>372</ele></trkpt>
<trkpt lat="48.75387" lon="11.35398"><ele>372</ele></trkpt>
<trkpt lat="48.75418" lon="11.35487"><ele>373</ele></trkpt>
<trkpt lat="48.75423" lon="11.35491"><ele>373</ele></trkpt>
<trkpt lat="48.75513" lon="11.35476"><ele>376</ele></trkpt>
<trkpt lat="48.75549" lon="11.35658"><ele>376</ele></trkpt>
<trkpt lat="48.75567" lon="11.35862"><ele>376</ele></trkpt>
<trkpt lat="48.75578" lon="11.35927"><ele>377</ele></trkpt>
<trkpt lat="48.75654" lon="11.36195"><ele>376</ele></trkpt>
<trkpt lat="48.75723" lon="11.36314"><ele>375</ele></trkpt>
<trkpt lat="48.75860" lon="11.36247"><ele>376</ele></trkpt>
<trkpt lat="48.75884" lon="11.36347"><ele>376</ele></trkpt>
<trkpt lat="48.75941" lon="11.36503"><ele>376</ele></trkpt>
<trkpt lat="48.75971" lon="11.36621"><ele>375</ele></trkpt>
<trkpt lat="48.76006" lon="11.36812"><ele>373</ele></trkpt>
<trkpt lat="48.76022" lon="11.37015"><ele>372</ele></trkpt>
<trkpt lat="48.76032" lon="11.37098"><ele>372</ele></trkpt>
<trkpt lat="48.76040" lon="11.37133"><ele>372</ele></trkpt>
<trkpt lat="48.76166" lon="11.37585"><ele>372</ele></trkpt>
<trkpt lat="48.76184" lon="11.37630"><ele>372</ele></trkpt>
<trkpt lat="48.76208" lon="11.37672"><ele>372</ele></trkpt>
<trkpt lat="48.76246" lon="11.37724"><ele>372</ele></trkpt>
<trkpt lat="48.76307" lon="11.37792"><ele>372</ele></trkpt>
<trkpt lat="48.76333" lon="11.37829"><ele>372</ele></trkpt>
<trkpt lat="48.76364" lon="11.37903"><ele>372</ele></trkpt>
<trkpt lat="48.76378" lon="11.37954"><ele>373</ele></trkpt>
<trkpt lat="48.76393" lon="11.38054"><ele>373</ele></trkpt>
<trkpt lat="48.76394" lon="11.38105"><ele>374</ele></trkpt>
<trkpt lat="48.76370" lon="11.38321"><ele>374</ele></trkpt>
<trkpt lat="48.76369" lon="11.38359"><ele>374</ele></trkpt>
<trkpt lat="48.76373" lon="11.38489"><ele>374</ele></trkpt>
<trkpt lat="48.76371" lon="11.38550"><ele>373</ele></trkpt>
<trkpt lat="48.76364" lon="11.38647"><ele>373</ele></trkpt>
<trkpt lat="48.76322" lon="11.38877"><ele>374</ele></trkpt>
<trkpt lat="48.76314" lon="11.39062"><ele>374</ele></trkpt>
<trkpt lat="48.76315" lon="11.39161"><ele>374</ele></trkpt>
<trkpt lat="48.76322" lon="11.39213"><ele>373</ele></trkpt>
<trkpt lat="48.76336" lon="11.39268"><ele>374</ele></trkpt>
<trkpt lat="48.76384" lon="11.39396"><ele>373</ele></trkpt>
<trkpt lat="48.76429" lon="11.39597"><ele>374</ele></trkpt>
<trkpt lat="48.76477" lon="11.39881"><ele>374</ele></trkpt>
<trkpt lat="48.76525" lon="11.40052"><ele>374</ele></trkpt>
<trkpt lat="48.76535" lon="11.40102"><ele>374</ele></trkpt>
<trkpt lat="48.76543" lon="11.40160"><ele>374</ele></trkpt>
<trkpt lat="48.76545" lon="11.40253"><ele>374</ele></trkpt>
<trkpt lat="48.76528" lon="11.40395"><ele>374</ele></trkpt>
<trkpt lat="48.76529" lon="11.40479"><ele>374</ele></trkpt>
<trkpt lat="48.76534" lon="11.40519"><ele>374</ele></trkpt>
<trkpt lat="48.76568" lon="11.40636"><ele>374</ele></trkpt>
<trkpt lat="48.76586" lon="11.40726"><ele>375</ele></trkpt>
<trkpt lat="48.76589" lon="11.40755"><ele>375</ele></trkpt>
<trkpt lat="48.76590" lon="11.40892"><ele>375</ele></trkpt>
<trkpt lat="48.76618" lon="11.41128"><ele>374</ele></trkpt>
<trkpt lat="48.76638" lon="11.41122"><ele>374</ele></trkpt>
<trkpt lat="48.76638" lon="11.41162"><ele>375</ele></trkpt>
<trkpt lat="48.76671" lon="11.41166"><ele>375</ele></trkpt>
<trkpt lat="48.76686" lon="11.41185"><ele>375</ele></trkpt>
<trkpt lat="48.76710" lon="11.41187"><ele>375</ele></trkpt>
<trkpt lat="48.76742" lon="11.41215"><ele>375</ele></trkpt>
<trkpt lat="48.76863" lon="11.41382"><ele>374</ele></trkpt>
<trkpt lat="48.76894" lon="11.41408"><ele>374</ele></trkpt>
<trkpt lat="48.77075" lon="11.41531"><ele>374</ele></trkpt>
<trkpt lat="48.77099" lon="11.41556"><ele>374</ele></trkpt>
<trkpt lat="48.77111" lon="11.41577"><ele>374</ele></trkpt>
<trkpt lat="48.77125" lon="11.41618"><ele>374</ele></trkpt>
<trkpt lat="48.77130" lon="11.41647"><ele>374</ele></trkpt>
<trkpt lat="48.77170" lon="11.41937"><ele>374</ele></trkpt>
<trkpt lat="48.77170" lon="11.41948"><ele>374</ele></trkpt>
<trkpt lat="48.77166" lon="11.41960"><ele>374</ele></trkpt>
<trkpt lat="48.77159" lon="11.41973"><ele>374</ele></trkpt>
<trkpt lat="48.77138" lon="11.41994"><ele>374</ele></trkpt>
<trkpt lat="48.76975" lon="11.42096"><ele>374</ele></trkpt>
<trkpt lat="48.76939" lon="11.42113"><ele>375</ele></trkpt>
<trkpt lat="48.76883" lon="11.42149"><ele>375</ele></trkpt>
<trkpt lat="48.76878" lon="11.42155"><ele>374</ele></trkpt>
<trkpt lat="48.76876" lon="11.42167"><ele>374</ele></trkpt>
<trkpt lat="48.76815" lon="11.42206"><ele>374</ele></trkpt>
<trkpt lat="48.76673" lon="11.42266"><ele>373</ele></trkpt>
<trkpt lat="48.76686" lon="11.42354"><ele>374</ele></trkpt>
<trkpt lat="48.76687" lon="11.42412"><ele>373</ele></trkpt>
<trkpt lat="48.76698" lon="11.42584"><ele>373</ele></trkpt>
<trkpt lat="48.76650" lon="11.42579"><ele>373</ele></trkpt>
    </trkseg>
  </trk>
</gpx>
