<?xml version="1.0" encoding="UTF-8"?>
<gpx version="1.1" creator="Gravel Kompass" xmlns="http://www.topografix.com/GPX/1/1">
  <metadata><name>Burgund-Runde: Grand-Cru-Weinberge &amp; Kanal-Gravel – Etappe 2</name></metadata>
  <trk>
    <name>Etappe 2: Chagny – Cluny</name>
    <trkseg>
      <trkpt lat="46.911093" lon="4.748237"><ele>209.2</ele></trkpt>
      <trkpt lat="46.911001" lon="4.748230"><ele>209.5</ele></trkpt>
      <trkpt lat="46.910967" lon="4.748211"><ele>209.0</ele></trkpt>
      <trkpt lat="46.910936" lon="4.748164"><ele>208.5</ele></trkpt>
      <trkpt lat="46.910858" lon="4.747803"><ele>207.0</ele></trkpt>
      <trkpt lat="46.910856" lon="4.747729"><ele>207.0</ele></trkpt>
      <trkpt lat="46.910855" lon="4.747673"><ele>207.0</ele></trkpt>
      <trkpt lat="46.910954" lon="4.747141"><ele>207.0</ele></trkpt>
      <trkpt lat="46.910960" lon="4.746947"><ele>207.0</ele></trkpt>
      <trkpt lat="46.910933" lon="4.746797"><ele>207.0</ele></trkpt>
      <trkpt lat="46.910916" lon="4.746574"><ele>207.0</ele></trkpt>
      <trkpt lat="46.909229" lon="4.746780"><ele>208.2</ele></trkpt>
      <trkpt lat="46.909197" lon="4.746776"><ele>208.2</ele></trkpt>
      <trkpt lat="46.909156" lon="4.746749"><ele>208.8</ele></trkpt>
      <trkpt lat="46.908955" lon="4.747243"><ele>209.2</ele></trkpt>
      <trkpt lat="46.908851" lon="4.747505"><ele>209.2</ele></trkpt>
      <trkpt lat="46.908831" lon="4.747482"><ele>209.5</ele></trkpt>
      <trkpt lat="46.908794" lon="4.747443"><ele>210.0</ele></trkpt>
      <trkpt lat="46.908660" lon="4.747303"><ele>210.2</ele></trkpt>
      <trkpt lat="46.908577" lon="4.747197"><ele>210.8</ele></trkpt>
      <trkpt lat="46.908364" lon="4.746929"><ele>213.0</ele></trkpt>
      <trkpt lat="46.908333" lon="4.746899"><ele>213.2</ele></trkpt>
      <trkpt lat="46.908287" lon="4.746870"><ele>213.5</ele></trkpt>
      <trkpt lat="46.908248" lon="4.746864"><ele>213.5</ele></trkpt>
      <trkpt lat="46.908209" lon="4.746872"><ele>213.5</ele></trkpt>
      <trkpt lat="46.908164" lon="4.746901"><ele>213.0</ele></trkpt>
      <trkpt lat="46.907951" lon="4.747142"><ele>214.5</ele></trkpt>
      <trkpt lat="46.907500" lon="4.747660"><ele>217.0</ele></trkpt>
      <trkpt lat="46.907412" lon="4.747727"><ele>217.0</ele></trkpt>
      <trkpt lat="46.907344" lon="4.747763"><ele>217.2</ele></trkpt>
      <trkpt lat="46.907283" lon="4.747768"><ele>218.0</ele></trkpt>
      <trkpt lat="46.907219" lon="4.747761"><ele>219.0</ele></trkpt>
      <trkpt lat="46.907173" lon="4.747739"><ele>219.8</ele></trkpt>
      <trkpt lat="46.907123" lon="4.747703"><ele>220.5</ele></trkpt>
      <trkpt lat="46.907085" lon="4.747645"><ele>221.0</ele></trkpt>
      <trkpt lat="46.906961" lon="4.747072"><ele>223.0</ele></trkpt>
      <trkpt lat="46.906948" lon="4.747010"><ele>223.5</ele></trkpt>
      <trkpt lat="46.906923" lon="4.746906"><ele>224.0</ele></trkpt>
      <trkpt lat="46.906857" lon="4.746633"><ele>224.0</ele></trkpt>
      <trkpt lat="46.906781" lon="4.746472"><ele>224.0</ele></trkpt>
      <trkpt lat="46.906755" lon="4.746420"><ele>224.0</ele></trkpt>
      <trkpt lat="46.906631" lon="4.746209"><ele>225.5</ele></trkpt>
      <trkpt lat="46.906623" lon="4.746189"><ele>225.8</ele></trkpt>
      <trkpt lat="46.906602" lon="4.746135"><ele>226.0</ele></trkpt>
      <trkpt lat="46.906580" lon="4.746114"><ele>226.0</ele></trkpt>
      <trkpt lat="46.906347" lon="4.745894"><ele>223.5</ele></trkpt>
      <trkpt lat="46.906249" lon="4.745772"><ele>222.8</ele></trkpt>
      <trkpt lat="46.906171" lon="4.745657"><ele>222.5</ele></trkpt>
      <trkpt lat="46.906100" lon="4.745680"><ele>222.2</ele></trkpt>
      <trkpt lat="46.906033" lon="4.745660"><ele>221.8</ele></trkpt>
      <trkpt lat="46.905811" lon="4.745484"><ele>219.8</ele></trkpt>
      <trkpt lat="46.905770" lon="4.745472"><ele>219.8</ele></trkpt>
      <trkpt lat="46.905732" lon="4.745497"><ele>219.5</ele></trkpt>
      <trkpt lat="46.904971" lon="4.746860"><ele>216.8</ele></trkpt>
      <trkpt lat="46.904934" lon="4.746893"><ele>216.8</ele></trkpt>
      <trkpt lat="46.904900" lon="4.746889"><ele>216.5</ele></trkpt>
      <trkpt lat="46.904850" lon="4.746838"><ele>216.2</ele></trkpt>
      <trkpt lat="46.904800" lon="4.746719"><ele>216.2</ele></trkpt>
      <trkpt lat="46.904459" lon="4.745726"><ele>217.0</ele></trkpt>
      <trkpt lat="46.904374" lon="4.745517"><ele>216.8</ele></trkpt>
      <trkpt lat="46.904283" lon="4.745331"><ele>216.8</ele></trkpt>
      <trkpt lat="46.904085" lon="4.745001"><ele>217.0</ele></trkpt>
      <trkpt lat="46.903717" lon="4.744361"><ele>217.5</ele></trkpt>
      <trkpt lat="46.903549" lon="4.744086"><ele>218.0</ele></trkpt>
      <trkpt lat="46.903299" lon="4.743703"><ele>218.0</ele></trkpt>
      <trkpt lat="46.902833" lon="4.743073"><ele>218.8</ele></trkpt>
      <trkpt lat="46.902379" lon="4.742459"><ele>220.0</ele></trkpt>
      <trkpt lat="46.901888" lon="4.741729"><ele>221.5</ele></trkpt>
      <trkpt lat="46.901557" lon="4.742046"><ele>221.8</ele></trkpt>
      <trkpt lat="46.901249" lon="4.742325"><ele>223.2</ele></trkpt>
      <trkpt lat="46.900598" lon="4.743013"><ele>229.8</ele></trkpt>
      <trkpt lat="46.900467" lon="4.743182"><ele>231.0</ele></trkpt>
      <trkpt lat="46.900436" lon="4.743226"><ele>231.2</ele></trkpt>
      <trkpt lat="46.900166" lon="4.743606"><ele>234.0</ele></trkpt>
      <trkpt lat="46.899916" lon="4.744126"><ele>236.5</ele></trkpt>
      <trkpt lat="46.899753" lon="4.744369"><ele>237.0</ele></trkpt>
      <trkpt lat="46.899482" lon="4.744839"><ele>237.5</ele></trkpt>
      <trkpt lat="46.899474" lon="4.744853"><ele>237.5</ele></trkpt>
      <trkpt lat="46.899235" lon="4.745712"><ele>236.8</ele></trkpt>
      <trkpt lat="46.899110" lon="4.746092"><ele>237.2</ele></trkpt>
      <trkpt lat="46.898676" lon="4.747085"><ele>241.5</ele></trkpt>
      <trkpt lat="46.898647" lon="4.747059"><ele>241.5</ele></trkpt>
      <trkpt lat="46.898559" lon="4.746979"><ele>242.0</ele></trkpt>
      <trkpt lat="46.898123" lon="4.746550"><ele>245.2</ele></trkpt>
      <trkpt lat="46.897950" lon="4.746443"><ele>247.5</ele></trkpt>
      <trkpt lat="46.897580" lon="4.746292"><ele>250.8</ele></trkpt>
      <trkpt lat="46.897397" lon="4.746276"><ele>252.2</ele></trkpt>
      <trkpt lat="46.897268" lon="4.746249"><ele>253.5</ele></trkpt>
      <trkpt lat="46.897197" lon="4.746208"><ele>254.2</ele></trkpt>
      <trkpt lat="46.896832" lon="4.745997"><ele>256.5</ele></trkpt>
      <trkpt lat="46.896605" lon="4.745853"><ele>257.8</ele></trkpt>
      <trkpt lat="46.896034" lon="4.745747"><ele>257.5</ele></trkpt>
      <trkpt lat="46.895999" lon="4.745713"><ele>257.5</ele></trkpt>
      <trkpt lat="46.895931" lon="4.745895"><ele>256.2</ele></trkpt>
      <trkpt lat="46.895850" lon="4.746078"><ele>254.2</ele></trkpt>
      <trkpt lat="46.895766" lon="4.746190"><ele>253.0</ele></trkpt>
      <trkpt lat="46.895687" lon="4.746238"><ele>252.2</ele></trkpt>
      <trkpt lat="46.895659" lon="4.746255"><ele>252.0</ele></trkpt>
      <trkpt lat="46.895447" lon="4.746351"><ele>250.2</ele></trkpt>
      <trkpt lat="46.895201" lon="4.746496"><ele>247.8</ele></trkpt>
      <trkpt lat="46.894992" lon="4.746582"><ele>245.2</ele></trkpt>
      <trkpt lat="46.894699" lon="4.747060"><ele>243.0</ele></trkpt>
      <trkpt lat="46.894538" lon="4.747242"><ele>242.5</ele></trkpt>
      <trkpt lat="46.894175" lon="4.747580"><ele>241.5</ele></trkpt>
      <trkpt lat="46.894043" lon="4.747575"><ele>241.2</ele></trkpt>
      <trkpt lat="46.893878" lon="4.747585"><ele>240.5</ele></trkpt>
      <trkpt lat="46.893746" lon="4.747735"><ele>240.0</ele></trkpt>
      <trkpt lat="46.893687" lon="4.747945"><ele>238.8</ele></trkpt>
      <trkpt lat="46.893471" lon="4.747923"><ele>238.8</ele></trkpt>
      <trkpt lat="46.893082" lon="4.747902"><ele>239.5</ele></trkpt>
      <trkpt lat="46.892884" lon="4.747853"><ele>239.5</ele></trkpt>
      <trkpt lat="46.892628" lon="4.747709"><ele>240.0</ele></trkpt>
      <trkpt lat="46.892444" lon="4.747596"><ele>240.5</ele></trkpt>
      <trkpt lat="46.892298" lon="4.747489"><ele>241.0</ele></trkpt>
      <trkpt lat="46.892217" lon="4.747392"><ele>241.2</ele></trkpt>
      <trkpt lat="46.892114" lon="4.747156"><ele>242.2</ele></trkpt>
      <trkpt lat="46.891902" lon="4.746882"><ele>243.2</ele></trkpt>
      <trkpt lat="46.891781" lon="4.746781"><ele>244.0</ele></trkpt>
      <trkpt lat="46.891606" lon="4.746744"><ele>244.0</ele></trkpt>
      <trkpt lat="46.891603" lon="4.746516"><ele>245.8</ele></trkpt>
      <trkpt lat="46.891568" lon="4.746443"><ele>246.5</ele></trkpt>
      <trkpt lat="46.891280" lon="4.746429"><ele>246.5</ele></trkpt>
      <trkpt lat="46.891198" lon="4.746370"><ele>247.0</ele></trkpt>
      <trkpt lat="46.891065" lon="4.746347"><ele>247.0</ele></trkpt>
      <trkpt lat="46.890949" lon="4.746419"><ele>246.0</ele></trkpt>
      <trkpt lat="46.890550" lon="4.746408"><ele>246.8</ele></trkpt>
      <trkpt lat="46.890227" lon="4.746368"><ele>247.0</ele></trkpt>
      <trkpt lat="46.890224" lon="4.745891"><ele>252.5</ele></trkpt>
      <trkpt lat="46.890193" lon="4.745856"><ele>253.0</ele></trkpt>
      <trkpt lat="46.889739" lon="4.745835"><ele>253.8</ele></trkpt>
      <trkpt lat="46.889703" lon="4.745710"><ele>255.2</ele></trkpt>
      <trkpt lat="46.889563" lon="4.745080"><ele>261.5</ele></trkpt>
      <trkpt lat="46.889441" lon="4.744711"><ele>264.0</ele></trkpt>
      <trkpt lat="46.889501" lon="4.744288"><ele>268.5</ele></trkpt>
      <trkpt lat="46.889404" lon="4.744255"><ele>269.0</ele></trkpt>
      <trkpt lat="46.889194" lon="4.744259"><ele>269.0</ele></trkpt>
      <trkpt lat="46.888853" lon="4.744183"><ele>269.8</ele></trkpt>
      <trkpt lat="46.888793" lon="4.744163"><ele>270.0</ele></trkpt>
      <trkpt lat="46.888724" lon="4.744127"><ele>270.2</ele></trkpt>
      <trkpt lat="46.888667" lon="4.744242"><ele>269.0</ele></trkpt>
      <trkpt lat="46.888690" lon="4.743907"><ele>272.8</ele></trkpt>
      <trkpt lat="46.888673" lon="4.743634"><ele>275.0</ele></trkpt>
      <trkpt lat="46.888635" lon="4.743445"><ele>276.8</ele></trkpt>
      <trkpt lat="46.888554" lon="4.743300"><ele>278.0</ele></trkpt>
      <trkpt lat="46.888507" lon="4.743184"><ele>279.0</ele></trkpt>
      <trkpt lat="46.888508" lon="4.743032"><ele>280.8</ele></trkpt>
      <trkpt lat="46.888488" lon="4.742928"><ele>281.5</ele></trkpt>
      <trkpt lat="46.888450" lon="4.742275"><ele>287.2</ele></trkpt>
      <trkpt lat="46.888447" lon="4.742081"><ele>289.0</ele></trkpt>
      <trkpt lat="46.888401" lon="4.741807"><ele>291.2</ele></trkpt>
      <trkpt lat="46.888036" lon="4.741834"><ele>289.0</ele></trkpt>
      <trkpt lat="46.887864" lon="4.741810"><ele>288.2</ele></trkpt>
      <trkpt lat="46.887444" lon="4.741651"><ele>286.8</ele></trkpt>
      <trkpt lat="46.887022" lon="4.741420"><ele>284.5</ele></trkpt>
      <trkpt lat="46.886870" lon="4.741337"><ele>284.5</ele></trkpt>
      <trkpt lat="46.886557" lon="4.741225"><ele>282.5</ele></trkpt>
      <trkpt lat="46.886483" lon="4.741156"><ele>281.8</ele></trkpt>
      <trkpt lat="46.886271" lon="4.741238"><ele>279.5</ele></trkpt>
      <trkpt lat="46.885756" lon="4.741050"><ele>276.8</ele></trkpt>
      <trkpt lat="46.885726" lon="4.741053"><ele>276.5</ele></trkpt>
      <trkpt lat="46.885703" lon="4.741039"><ele>276.5</ele></trkpt>
      <trkpt lat="46.885619" lon="4.740885"><ele>277.0</ele></trkpt>
      <trkpt lat="46.885045" lon="4.740101"><ele>279.2</ele></trkpt>
      <trkpt lat="46.884957" lon="4.740050"><ele>279.0</ele></trkpt>
      <trkpt lat="46.884684" lon="4.739960"><ele>277.2</ele></trkpt>
      <trkpt lat="46.884458" lon="4.739909"><ele>277.0</ele></trkpt>
      <trkpt lat="46.884372" lon="4.739805"><ele>277.2</ele></trkpt>
      <trkpt lat="46.884319" lon="4.739705"><ele>277.8</ele></trkpt>
      <trkpt lat="46.883772" lon="4.738915"><ele>280.0</ele></trkpt>
      <trkpt lat="46.883713" lon="4.738858"><ele>279.8</ele></trkpt>
      <trkpt lat="46.883691" lon="4.738911"><ele>278.8</ele></trkpt>
      <trkpt lat="46.883651" lon="4.738906"><ele>278.2</ele></trkpt>
      <trkpt lat="46.883595" lon="4.738871"><ele>277.8</ele></trkpt>
      <trkpt lat="46.883521" lon="4.738805"><ele>277.5</ele></trkpt>
      <trkpt lat="46.883450" lon="4.738763"><ele>277.2</ele></trkpt>
      <trkpt lat="46.883215" lon="4.738667"><ele>275.0</ele></trkpt>
      <trkpt lat="46.883104" lon="4.738585"><ele>274.0</ele></trkpt>
      <trkpt lat="46.883055" lon="4.738532"><ele>273.8</ele></trkpt>
      <trkpt lat="46.883007" lon="4.738442"><ele>273.8</ele></trkpt>
      <trkpt lat="46.882876" lon="4.738267"><ele>273.2</ele></trkpt>
      <trkpt lat="46.882632" lon="4.737954"><ele>272.5</ele></trkpt>
      <trkpt lat="46.882565" lon="4.737892"><ele>272.5</ele></trkpt>
      <trkpt lat="46.882518" lon="4.737870"><ele>272.0</ele></trkpt>
      <trkpt lat="46.882297" lon="4.737813"><ele>269.5</ele></trkpt>
      <trkpt lat="46.882243" lon="4.737769"><ele>269.2</ele></trkpt>
      <trkpt lat="46.882204" lon="4.737727"><ele>269.2</ele></trkpt>
      <trkpt lat="46.882150" lon="4.737650"><ele>269.2</ele></trkpt>
      <trkpt lat="46.882111" lon="4.737621"><ele>269.0</ele></trkpt>
      <trkpt lat="46.882018" lon="4.737613"><ele>267.8</ele></trkpt>
      <trkpt lat="46.881777" lon="4.737645"><ele>263.2</ele></trkpt>
      <trkpt lat="46.881655" lon="4.737637"><ele>261.2</ele></trkpt>
      <trkpt lat="46.881510" lon="4.737603"><ele>261.2</ele></trkpt>
      <trkpt lat="46.881410" lon="4.737621"><ele>260.8</ele></trkpt>
      <trkpt lat="46.880981" lon="4.737932"><ele>255.8</ele></trkpt>
      <trkpt lat="46.880946" lon="4.738021"><ele>254.8</ele></trkpt>
      <trkpt lat="46.880918" lon="4.738127"><ele>253.8</ele></trkpt>
      <trkpt lat="46.880905" lon="4.738220"><ele>253.0</ele></trkpt>
      <trkpt lat="46.880921" lon="4.738386"><ele>251.8</ele></trkpt>
      <trkpt lat="46.880911" lon="4.738467"><ele>250.8</ele></trkpt>
      <trkpt lat="46.880891" lon="4.738540"><ele>250.0</ele></trkpt>
      <trkpt lat="46.880684" lon="4.738440"><ele>249.0</ele></trkpt>
      <trkpt lat="46.880527" lon="4.738390"><ele>248.0</ele></trkpt>
      <trkpt lat="46.880413" lon="4.738363"><ele>247.0</ele></trkpt>
      <trkpt lat="46.880129" lon="4.738349"><ele>244.8</ele></trkpt>
      <trkpt lat="46.880102" lon="4.738341"><ele>244.5</ele></trkpt>
      <trkpt lat="46.880072" lon="4.738332"><ele>244.5</ele></trkpt>
      <trkpt lat="46.880010" lon="4.738290"><ele>244.0</ele></trkpt>
      <trkpt lat="46.879952" lon="4.738229"><ele>243.5</ele></trkpt>
      <trkpt lat="46.879527" lon="4.737655"><ele>243.2</ele></trkpt>
      <trkpt lat="46.879448" lon="4.737524"><ele>243.8</ele></trkpt>
      <trkpt lat="46.879370" lon="4.737340"><ele>242.8</ele></trkpt>
      <trkpt lat="46.879258" lon="4.737030"><ele>240.8</ele></trkpt>
      <trkpt lat="46.879197" lon="4.736895"><ele>239.8</ele></trkpt>
      <trkpt lat="46.879140" lon="4.736820"><ele>239.0</ele></trkpt>
      <trkpt lat="46.879054" lon="4.736752"><ele>238.8</ele></trkpt>
      <trkpt lat="46.878973" lon="4.736709"><ele>238.2</ele></trkpt>
      <trkpt lat="46.878878" lon="4.736683"><ele>237.8</ele></trkpt>
      <trkpt lat="46.878736" lon="4.736674"><ele>236.8</ele></trkpt>
      <trkpt lat="46.878570" lon="4.736676"><ele>235.8</ele></trkpt>
      <trkpt lat="46.878352" lon="4.736691"><ele>234.8</ele></trkpt>
      <trkpt lat="46.878198" lon="4.736722"><ele>233.5</ele></trkpt>
      <trkpt lat="46.878043" lon="4.736766"><ele>232.5</ele></trkpt>
      <trkpt lat="46.877580" lon="4.736870"><ele>230.5</ele></trkpt>
      <trkpt lat="46.877271" lon="4.736886"><ele>230.0</ele></trkpt>
      <trkpt lat="46.877226" lon="4.736858"><ele>230.0</ele></trkpt>
      <trkpt lat="46.876849" lon="4.737432"><ele>227.5</ele></trkpt>
      <trkpt lat="46.876730" lon="4.737649"><ele>226.8</ele></trkpt>
      <trkpt lat="46.876452" lon="4.738329"><ele>225.0</ele></trkpt>
      <trkpt lat="46.876426" lon="4.738386"><ele>225.0</ele></trkpt>
      <trkpt lat="46.876196" lon="4.738874"><ele>224.0</ele></trkpt>
      <trkpt lat="46.875881" lon="4.739741"><ele>222.0</ele></trkpt>
      <trkpt lat="46.875439" lon="4.739373"><ele>222.0</ele></trkpt>
      <trkpt lat="46.874990" lon="4.739016"><ele>222.0</ele></trkpt>
      <trkpt lat="46.874944" lon="4.738986"><ele>222.0</ele></trkpt>
      <trkpt lat="46.874951" lon="4.738802"><ele>222.2</ele></trkpt>
      <trkpt lat="46.874940" lon="4.738584"><ele>223.2</ele></trkpt>
      <trkpt lat="46.874921" lon="4.738448"><ele>223.5</ele></trkpt>
      <trkpt lat="46.874864" lon="4.738412"><ele>224.0</ele></trkpt>
      <trkpt lat="46.874646" lon="4.738097"><ele>227.0</ele></trkpt>
      <trkpt lat="46.874574" lon="4.738011"><ele>227.8</ele></trkpt>
      <trkpt lat="46.874475" lon="4.737948"><ele>229.0</ele></trkpt>
      <trkpt lat="46.874386" lon="4.737914"><ele>230.8</ele></trkpt>
      <trkpt lat="46.874302" lon="4.737902"><ele>232.5</ele></trkpt>
      <trkpt lat="46.874131" lon="4.737899"><ele>235.8</ele></trkpt>
      <trkpt lat="46.873943" lon="4.738284"><ele>239.0</ele></trkpt>
      <trkpt lat="46.873875" lon="4.738492"><ele>240.8</ele></trkpt>
      <trkpt lat="46.873790" lon="4.738781"><ele>242.8</ele></trkpt>
      <trkpt lat="46.873755" lon="4.738920"><ele>243.5</ele></trkpt>
      <trkpt lat="46.873717" lon="4.739017"><ele>244.0</ele></trkpt>
      <trkpt lat="46.873582" lon="4.739263"><ele>245.5</ele></trkpt>
      <trkpt lat="46.873422" lon="4.739111"><ele>247.5</ele></trkpt>
      <trkpt lat="46.873045" lon="4.738885"><ele>252.0</ele></trkpt>
      <trkpt lat="46.872968" lon="4.738830"><ele>252.5</ele></trkpt>
      <trkpt lat="46.872801" lon="4.738555"><ele>255.0</ele></trkpt>
      <trkpt lat="46.872264" lon="4.737924"><ele>256.8</ele></trkpt>
      <trkpt lat="46.871720" lon="4.737140"><ele>260.5</ele></trkpt>
      <trkpt lat="46.871393" lon="4.736815"><ele>261.2</ele></trkpt>
      <trkpt lat="46.871276" lon="4.736710"><ele>261.8</ele></trkpt>
      <trkpt lat="46.871130" lon="4.736633"><ele>261.8</ele></trkpt>
      <trkpt lat="46.870711" lon="4.736477"><ele>262.8</ele></trkpt>
      <trkpt lat="46.870242" lon="4.736276"><ele>262.0</ele></trkpt>
      <trkpt lat="46.869705" lon="4.736167"><ele>260.8</ele></trkpt>
      <trkpt lat="46.869161" lon="4.735838"><ele>260.8</ele></trkpt>
      <trkpt lat="46.868917" lon="4.735677"><ele>259.5</ele></trkpt>
      <trkpt lat="46.868778" lon="4.735565"><ele>259.5</ele></trkpt>
      <trkpt lat="46.868654" lon="4.735360"><ele>259.8</ele></trkpt>
      <trkpt lat="46.868299" lon="4.734886"><ele>258.5</ele></trkpt>
      <trkpt lat="46.868206" lon="4.734748"><ele>258.0</ele></trkpt>
      <trkpt lat="46.868176" lon="4.734692"><ele>257.5</ele></trkpt>
      <trkpt lat="46.868129" lon="4.734575"><ele>256.0</ele></trkpt>
      <trkpt lat="46.868108" lon="4.734541"><ele>255.8</ele></trkpt>
      <trkpt lat="46.868064" lon="4.734469"><ele>255.0</ele></trkpt>
      <trkpt lat="46.867962" lon="4.734374"><ele>254.2</ele></trkpt>
      <trkpt lat="46.867760" lon="4.734281"><ele>253.2</ele></trkpt>
      <trkpt lat="46.867500" lon="4.734234"><ele>253.0</ele></trkpt>
      <trkpt lat="46.867094" lon="4.734206"><ele>255.0</ele></trkpt>
      <trkpt lat="46.867035" lon="4.734185"><ele>255.2</ele></trkpt>
      <trkpt lat="46.866937" lon="4.734105"><ele>255.5</ele></trkpt>
      <trkpt lat="46.866678" lon="4.734088"><ele>258.2</ele></trkpt>
      <trkpt lat="46.866535" lon="4.734045"><ele>259.8</ele></trkpt>
      <trkpt lat="46.866227" lon="4.733772"><ele>262.5</ele></trkpt>
      <trkpt lat="46.866088" lon="4.733702"><ele>263.5</ele></trkpt>
      <trkpt lat="46.865930" lon="4.733643"><ele>264.8</ele></trkpt>
      <trkpt lat="46.865768" lon="4.733622"><ele>266.2</ele></trkpt>
      <trkpt lat="46.865651" lon="4.733616"><ele>267.2</ele></trkpt>
      <trkpt lat="46.865469" lon="4.733579"><ele>267.5</ele></trkpt>
      <trkpt lat="46.865342" lon="4.733496"><ele>267.2</ele></trkpt>
      <trkpt lat="46.864934" lon="4.733155"><ele>268.5</ele></trkpt>
      <trkpt lat="46.864849" lon="4.733105"><ele>269.0</ele></trkpt>
      <trkpt lat="46.864598" lon="4.732967"><ele>270.5</ele></trkpt>
      <trkpt lat="46.864413" lon="4.732871"><ele>271.2</ele></trkpt>
      <trkpt lat="46.864024" lon="4.732619"><ele>273.8</ele></trkpt>
      <trkpt lat="46.863731" lon="4.732393"><ele>275.5</ele></trkpt>
      <trkpt lat="46.863313" lon="4.732034"><ele>277.0</ele></trkpt>
      <trkpt lat="46.863027" lon="4.731680"><ele>277.0</ele></trkpt>
      <trkpt lat="46.862584" lon="4.731268"><ele>277.5</ele></trkpt>
      <trkpt lat="46.862443" lon="4.731125"><ele>278.0</ele></trkpt>
      <trkpt lat="46.862242" lon="4.730785"><ele>277.8</ele></trkpt>
      <trkpt lat="46.862040" lon="4.730467"><ele>279.0</ele></trkpt>
      <trkpt lat="46.861868" lon="4.730296"><ele>280.5</ele></trkpt>
      <trkpt lat="46.861721" lon="4.730199"><ele>281.5</ele></trkpt>
      <trkpt lat="46.861358" lon="4.729995"><ele>283.0</ele></trkpt>
      <trkpt lat="46.861014" lon="4.729805"><ele>284.0</ele></trkpt>
      <trkpt lat="46.860589" lon="4.729631"><ele>284.0</ele></trkpt>
      <trkpt lat="46.860366" lon="4.729555"><ele>283.2</ele></trkpt>
      <trkpt lat="46.860256" lon="4.729496"><ele>282.8</ele></trkpt>
      <trkpt lat="46.859848" lon="4.729191"><ele>283.0</ele></trkpt>
      <trkpt lat="46.859636" lon="4.729105"><ele>282.5</ele></trkpt>
      <trkpt lat="46.859368" lon="4.729024"><ele>282.0</ele></trkpt>
      <trkpt lat="46.859096" lon="4.728971"><ele>282.0</ele></trkpt>
      <trkpt lat="46.859025" lon="4.728934"><ele>282.0</ele></trkpt>
      <trkpt lat="46.858950" lon="4.728896"><ele>282.0</ele></trkpt>
      <trkpt lat="46.858667" lon="4.728692"><ele>281.2</ele></trkpt>
      <trkpt lat="46.858470" lon="4.728505"><ele>281.2</ele></trkpt>
      <trkpt lat="46.858022" lon="4.728086"><ele>282.5</ele></trkpt>
      <trkpt lat="46.857925" lon="4.727947"><ele>283.0</ele></trkpt>
      <trkpt lat="46.857864" lon="4.727860"><ele>283.2</ele></trkpt>
      <trkpt lat="46.857673" lon="4.727474"><ele>282.8</ele></trkpt>
      <trkpt lat="46.857457" lon="4.727109"><ele>284.0</ele></trkpt>
      <trkpt lat="46.857314" lon="4.726945"><ele>285.5</ele></trkpt>
      <trkpt lat="46.857278" lon="4.726935"><ele>286.0</ele></trkpt>
      <trkpt lat="46.857244" lon="4.726926"><ele>286.5</ele></trkpt>
      <trkpt lat="46.857200" lon="4.726948"><ele>287.0</ele></trkpt>
      <trkpt lat="46.856574" lon="4.728042"><ele>295.2</ele></trkpt>
      <trkpt lat="46.856499" lon="4.728171"><ele>297.2</ele></trkpt>
      <trkpt lat="46.856239" lon="4.727812"><ele>300.0</ele></trkpt>
      <trkpt lat="46.855956" lon="4.727463"><ele>303.5</ele></trkpt>
      <trkpt lat="46.855733" lon="4.727233"><ele>306.2</ele></trkpt>
      <trkpt lat="46.855480" lon="4.726900"><ele>309.8</ele></trkpt>
      <trkpt lat="46.855299" lon="4.726576"><ele>311.5</ele></trkpt>
      <trkpt lat="46.855267" lon="4.726519"><ele>311.5</ele></trkpt>
      <trkpt lat="46.854973" lon="4.725886"><ele>313.0</ele></trkpt>
      <trkpt lat="46.854790" lon="4.725521"><ele>314.2</ele></trkpt>
      <trkpt lat="46.854562" lon="4.725237"><ele>316.5</ele></trkpt>
      <trkpt lat="46.854361" lon="4.725017"><ele>317.8</ele></trkpt>
      <trkpt lat="46.854126" lon="4.724744"><ele>319.2</ele></trkpt>
      <trkpt lat="46.853869" lon="4.724352"><ele>320.0</ele></trkpt>
      <trkpt lat="46.853631" lon="4.724030"><ele>320.8</ele></trkpt>
      <trkpt lat="46.853502" lon="4.723907"><ele>321.0</ele></trkpt>
      <trkpt lat="46.853418" lon="4.723950"><ele>321.0</ele></trkpt>
      <trkpt lat="46.853267" lon="4.723697"><ele>321.0</ele></trkpt>
      <trkpt lat="46.853001" lon="4.723092"><ele>321.8</ele></trkpt>
      <trkpt lat="46.852937" lon="4.722946"><ele>322.0</ele></trkpt>
      <trkpt lat="46.852819" lon="4.722751"><ele>321.8</ele></trkpt>
      <trkpt lat="46.852750" lon="4.722635"><ele>321.8</ele></trkpt>
      <trkpt lat="46.852559" lon="4.722458"><ele>322.0</ele></trkpt>
      <trkpt lat="46.852383" lon="4.722340"><ele>321.5</ele></trkpt>
      <trkpt lat="46.852152" lon="4.722249"><ele>320.5</ele></trkpt>
      <trkpt lat="46.851407" lon="4.722147"><ele>318.5</ele></trkpt>
      <trkpt lat="46.850975" lon="4.722056"><ele>319.0</ele></trkpt>
      <trkpt lat="46.850248" lon="4.721857"><ele>320.5</ele></trkpt>
      <trkpt lat="46.849599" lon="4.721530"><ele>322.5</ele></trkpt>
      <trkpt lat="46.849337" lon="4.721471"><ele>324.0</ele></trkpt>
      <trkpt lat="46.849173" lon="4.721450"><ele>324.8</ele></trkpt>
      <trkpt lat="46.848773" lon="4.721273"><ele>327.5</ele></trkpt>
      <trkpt lat="46.848453" lon="4.721082"><ele>329.0</ele></trkpt>
      <trkpt lat="46.847995" lon="4.720828"><ele>332.2</ele></trkpt>
      <trkpt lat="46.847861" lon="4.720766"><ele>333.2</ele></trkpt>
      <trkpt lat="46.847711" lon="4.720744"><ele>334.5</ele></trkpt>
      <trkpt lat="46.847552" lon="4.720619"><ele>334.0</ele></trkpt>
      <trkpt lat="46.847320" lon="4.720562"><ele>335.0</ele></trkpt>
      <trkpt lat="46.846420" lon="4.720162"><ele>327.0</ele></trkpt>
      <trkpt lat="46.846150" lon="4.720055"><ele>322.8</ele></trkpt>
      <trkpt lat="46.845948" lon="4.719997"><ele>319.5</ele></trkpt>
      <trkpt lat="46.845739" lon="4.719961"><ele>316.8</ele></trkpt>
      <trkpt lat="46.845374" lon="4.719890"><ele>313.0</ele></trkpt>
      <trkpt lat="46.844980" lon="4.719883"><ele>308.8</ele></trkpt>
      <trkpt lat="46.844863" lon="4.719870"><ele>307.5</ele></trkpt>
      <trkpt lat="46.844592" lon="4.719748"><ele>303.5</ele></trkpt>
      <trkpt lat="46.844500" lon="4.719726"><ele>302.5</ele></trkpt>
      <trkpt lat="46.844361" lon="4.719708"><ele>300.8</ele></trkpt>
      <trkpt lat="46.843628" lon="4.719715"><ele>290.0</ele></trkpt>
      <trkpt lat="46.843216" lon="4.719682"><ele>285.0</ele></trkpt>
      <trkpt lat="46.843073" lon="4.719668"><ele>283.0</ele></trkpt>
      <trkpt lat="46.842591" lon="4.719575"><ele>278.2</ele></trkpt>
      <trkpt lat="46.842000" lon="4.719442"><ele>272.2</ele></trkpt>
      <trkpt lat="46.841543" lon="4.719360"><ele>268.8</ele></trkpt>
      <trkpt lat="46.841422" lon="4.719348"><ele>267.8</ele></trkpt>
      <trkpt lat="46.841279" lon="4.719322"><ele>266.5</ele></trkpt>
      <trkpt lat="46.841095" lon="4.719301"><ele>264.8</ele></trkpt>
      <trkpt lat="46.840897" lon="4.719247"><ele>263.5</ele></trkpt>
      <trkpt lat="46.840785" lon="4.719248"><ele>263.0</ele></trkpt>
      <trkpt lat="46.840691" lon="4.719262"><ele>262.8</ele></trkpt>
      <trkpt lat="46.840494" lon="4.719322"><ele>262.2</ele></trkpt>
      <trkpt lat="46.840429" lon="4.719326"><ele>262.0</ele></trkpt>
      <trkpt lat="46.840313" lon="4.719304"><ele>261.5</ele></trkpt>
      <trkpt lat="46.840225" lon="4.719679"><ele>262.2</ele></trkpt>
      <trkpt lat="46.840082" lon="4.720060"><ele>262.8</ele></trkpt>
      <trkpt lat="46.839955" lon="4.720519"><ele>262.5</ele></trkpt>
      <trkpt lat="46.839913" lon="4.720740"><ele>262.0</ele></trkpt>
      <trkpt lat="46.839870" lon="4.720798"><ele>261.5</ele></trkpt>
      <trkpt lat="46.839781" lon="4.720870"><ele>260.5</ele></trkpt>
      <trkpt lat="46.839736" lon="4.720907"><ele>259.8</ele></trkpt>
      <trkpt lat="46.839669" lon="4.721060"><ele>258.8</ele></trkpt>
      <trkpt lat="46.839612" lon="4.721280"><ele>258.0</ele></trkpt>
      <trkpt lat="46.839395" lon="4.721251"><ele>256.5</ele></trkpt>
      <trkpt lat="46.839382" lon="4.721350"><ele>256.5</ele></trkpt>
      <trkpt lat="46.839345" lon="4.721465"><ele>256.2</ele></trkpt>
      <trkpt lat="46.839300" lon="4.721564"><ele>256.2</ele></trkpt>
      <trkpt lat="46.839333" lon="4.721710"><ele>256.8</ele></trkpt>
      <trkpt lat="46.839338" lon="4.721832"><ele>257.5</ele></trkpt>
      <trkpt lat="46.839308" lon="4.722127"><ele>258.2</ele></trkpt>
      <trkpt lat="46.839313" lon="4.722244"><ele>258.5</ele></trkpt>
      <trkpt lat="46.839453" lon="4.722261"><ele>260.2</ele></trkpt>
      <trkpt lat="46.840006" lon="4.722645"><ele>268.0</ele></trkpt>
      <trkpt lat="46.840354" lon="4.722937"><ele>274.2</ele></trkpt>
      <trkpt lat="46.840551" lon="4.723128"><ele>280.0</ele></trkpt>
      <trkpt lat="46.840593" lon="4.723197"><ele>282.0</ele></trkpt>
      <trkpt lat="46.840332" lon="4.723487"><ele>281.0</ele></trkpt>
      <trkpt lat="46.840174" lon="4.723868"><ele>281.8</ele></trkpt>
      <trkpt lat="46.839881" lon="4.724846"><ele>278.2</ele></trkpt>
      <trkpt lat="46.839825" lon="4.725445"><ele>279.0</ele></trkpt>
      <trkpt lat="46.839762" lon="4.725510"><ele>276.0</ele></trkpt>
      <trkpt lat="46.839730" lon="4.725792"><ele>275.2</ele></trkpt>
      <trkpt lat="46.839751" lon="4.725872"><ele>276.5</ele></trkpt>
      <trkpt lat="46.839675" lon="4.726745"><ele>275.8</ele></trkpt>
      <trkpt lat="46.839620" lon="4.727164"><ele>275.0</ele></trkpt>
      <trkpt lat="46.839550" lon="4.727556"><ele>269.2</ele></trkpt>
      <trkpt lat="46.839403" lon="4.728393"><ele>269.2</ele></trkpt>
      <trkpt lat="46.839039" lon="4.728210"><ele>262.5</ele></trkpt>
      <trkpt lat="46.838803" lon="4.728073"><ele>260.5</ele></trkpt>
      <trkpt lat="46.838311" lon="4.727666"><ele>255.5</ele></trkpt>
      <trkpt lat="46.838068" lon="4.727599"><ele>253.0</ele></trkpt>
      <trkpt lat="46.837869" lon="4.727616"><ele>251.8</ele></trkpt>
      <trkpt lat="46.837635" lon="4.727622"><ele>250.5</ele></trkpt>
      <trkpt lat="46.837500" lon="4.727615"><ele>249.8</ele></trkpt>
      <trkpt lat="46.837352" lon="4.727642"><ele>248.2</ele></trkpt>
      <trkpt lat="46.837260" lon="4.727628"><ele>247.2</ele></trkpt>
      <trkpt lat="46.837034" lon="4.727471"><ele>244.5</ele></trkpt>
      <trkpt lat="46.836985" lon="4.727361"><ele>243.8</ele></trkpt>
      <trkpt lat="46.836962" lon="4.727185"><ele>242.8</ele></trkpt>
      <trkpt lat="46.836760" lon="4.727740"><ele>241.2</ele></trkpt>
      <trkpt lat="46.836563" lon="4.728316"><ele>239.2</ele></trkpt>
      <trkpt lat="46.836299" lon="4.729058"><ele>236.8</ele></trkpt>
      <trkpt lat="46.836249" lon="4.729220"><ele>236.2</ele></trkpt>
      <trkpt lat="46.835908" lon="4.730599"><ele>234.2</ele></trkpt>
      <trkpt lat="46.835794" lon="4.731019"><ele>233.0</ele></trkpt>
      <trkpt lat="46.835580" lon="4.731695"><ele>233.0</ele></trkpt>
      <trkpt lat="46.835409" lon="4.732174"><ele>234.2</ele></trkpt>
      <trkpt lat="46.834927" lon="4.733607"><ele>237.8</ele></trkpt>
      <trkpt lat="46.834871" lon="4.733833"><ele>239.5</ele></trkpt>
      <trkpt lat="46.834802" lon="4.733865"><ele>239.8</ele></trkpt>
      <trkpt lat="46.834685" lon="4.733919"><ele>239.8</ele></trkpt>
      <trkpt lat="46.834331" lon="4.734139"><ele>239.2</ele></trkpt>
      <trkpt lat="46.833994" lon="4.734386"><ele>239.0</ele></trkpt>
      <trkpt lat="46.833636" lon="4.734648"><ele>238.0</ele></trkpt>
      <trkpt lat="46.833174" lon="4.734573"><ele>236.5</ele></trkpt>
      <trkpt lat="46.832734" lon="4.734519"><ele>234.8</ele></trkpt>
      <trkpt lat="46.832546" lon="4.734486"><ele>234.0</ele></trkpt>
      <trkpt lat="46.831859" lon="4.734238"><ele>231.2</ele></trkpt>
      <trkpt lat="46.831672" lon="4.734171"><ele>230.0</ele></trkpt>
      <trkpt lat="46.831038" lon="4.733994"><ele>225.0</ele></trkpt>
      <trkpt lat="46.830276" lon="4.733742"><ele>220.2</ele></trkpt>
      <trkpt lat="46.830179" lon="4.733661"><ele>220.0</ele></trkpt>
      <trkpt lat="46.829848" lon="4.733441"><ele>219.8</ele></trkpt>
      <trkpt lat="46.829749" lon="4.733381"><ele>219.8</ele></trkpt>
      <trkpt lat="46.829424" lon="4.733217"><ele>220.5</ele></trkpt>
      <trkpt lat="46.828703" lon="4.732800"><ele>224.5</ele></trkpt>
      <trkpt lat="46.827998" lon="4.732260"><ele>226.0</ele></trkpt>
      <trkpt lat="46.827819" lon="4.732196"><ele>226.8</ele></trkpt>
      <trkpt lat="46.827632" lon="4.732202"><ele>227.5</ele></trkpt>
      <trkpt lat="46.827410" lon="4.732584"><ele>227.8</ele></trkpt>
      <trkpt lat="46.826729" lon="4.732234"><ele>231.5</ele></trkpt>
      <trkpt lat="46.826230" lon="4.731912"><ele>234.0</ele></trkpt>
      <trkpt lat="46.825926" lon="4.731690"><ele>235.5</ele></trkpt>
      <trkpt lat="46.825878" lon="4.731655"><ele>235.8</ele></trkpt>
      <trkpt lat="46.825628" lon="4.731376"><ele>237.5</ele></trkpt>
      <trkpt lat="46.825467" lon="4.731161"><ele>238.0</ele></trkpt>
      <trkpt lat="46.825217" lon="4.730925"><ele>238.5</ele></trkpt>
      <trkpt lat="46.824865" lon="4.730668"><ele>239.5</ele></trkpt>
      <trkpt lat="46.824471" lon="4.730284"><ele>240.0</ele></trkpt>
      <trkpt lat="46.823782" lon="4.729599"><ele>240.2</ele></trkpt>
      <trkpt lat="46.823727" lon="4.729545"><ele>240.2</ele></trkpt>
      <trkpt lat="46.823456" lon="4.728770"><ele>240.2</ele></trkpt>
      <trkpt lat="46.823419" lon="4.728790"><ele>240.2</ele></trkpt>
      <trkpt lat="46.823341" lon="4.728831"><ele>240.0</ele></trkpt>
      <trkpt lat="46.823234" lon="4.728837"><ele>239.2</ele></trkpt>
      <trkpt lat="46.823021" lon="4.728821"><ele>238.0</ele></trkpt>
      <trkpt lat="46.822697" lon="4.728661"><ele>237.2</ele></trkpt>
      <trkpt lat="46.822545" lon="4.728586"><ele>236.2</ele></trkpt>
      <trkpt lat="46.821346" lon="4.728101"><ele>230.8</ele></trkpt>
      <trkpt lat="46.820489" lon="4.727889"><ele>228.2</ele></trkpt>
      <trkpt lat="46.820276" lon="4.727803"><ele>227.8</ele></trkpt>
      <trkpt lat="46.820012" lon="4.727664"><ele>226.0</ele></trkpt>
      <trkpt lat="46.819689" lon="4.727471"><ele>224.8</ele></trkpt>
      <trkpt lat="46.819648" lon="4.727436"><ele>224.5</ele></trkpt>
      <trkpt lat="46.819498" lon="4.727311"><ele>223.8</ele></trkpt>
      <trkpt lat="46.819131" lon="4.726988"><ele>223.8</ele></trkpt>
      <trkpt lat="46.818940" lon="4.726795"><ele>224.5</ele></trkpt>
      <trkpt lat="46.818617" lon="4.726436"><ele>225.0</ele></trkpt>
      <trkpt lat="46.818228" lon="4.725971"><ele>226.0</ele></trkpt>
      <trkpt lat="46.818136" lon="4.725896"><ele>226.0</ele></trkpt>
      <trkpt lat="46.818064" lon="4.725874"><ele>226.0</ele></trkpt>
      <trkpt lat="46.817980" lon="4.725881"><ele>226.0</ele></trkpt>
      <trkpt lat="46.817920" lon="4.725914"><ele>226.0</ele></trkpt>
      <trkpt lat="46.817853" lon="4.725971"><ele>226.0</ele></trkpt>
      <trkpt lat="46.817748" lon="4.726076"><ele>226.0</ele></trkpt>
      <trkpt lat="46.817587" lon="4.726218"><ele>226.0</ele></trkpt>
      <trkpt lat="46.817498" lon="4.726266"><ele>226.0</ele></trkpt>
      <trkpt lat="46.817398" lon="4.726301"><ele>226.2</ele></trkpt>
      <trkpt lat="46.817133" lon="4.726417"><ele>227.0</ele></trkpt>
      <trkpt lat="46.816853" lon="4.726551"><ele>227.0</ele></trkpt>
      <trkpt lat="46.816671" lon="4.726621"><ele>227.0</ele></trkpt>
      <trkpt lat="46.816389" lon="4.726703"><ele>226.8</ele></trkpt>
      <trkpt lat="46.816211" lon="4.726775"><ele>226.2</ele></trkpt>
      <trkpt lat="46.816128" lon="4.726827"><ele>226.0</ele></trkpt>
      <trkpt lat="46.815941" lon="4.726977"><ele>225.2</ele></trkpt>
      <trkpt lat="46.815831" lon="4.727041"><ele>224.5</ele></trkpt>
      <trkpt lat="46.815658" lon="4.727116"><ele>223.8</ele></trkpt>
      <trkpt lat="46.815541" lon="4.727149"><ele>223.0</ele></trkpt>
      <trkpt lat="46.815365" lon="4.727181"><ele>222.2</ele></trkpt>
      <trkpt lat="46.815038" lon="4.727261"><ele>220.2</ele></trkpt>
      <trkpt lat="46.814711" lon="4.727326"><ele>218.5</ele></trkpt>
      <trkpt lat="46.814527" lon="4.727374"><ele>217.2</ele></trkpt>
      <trkpt lat="46.814149" lon="4.727492"><ele>216.0</ele></trkpt>
      <trkpt lat="46.813778" lon="4.727638"><ele>214.8</ele></trkpt>
      <trkpt lat="46.813745" lon="4.727651"><ele>214.5</ele></trkpt>
      <trkpt lat="46.813558" lon="4.727696"><ele>213.8</ele></trkpt>
      <trkpt lat="46.812949" lon="4.727814"><ele>211.8</ele></trkpt>
      <trkpt lat="46.812655" lon="4.727889"><ele>211.5</ele></trkpt>
      <trkpt lat="46.812415" lon="4.727973"><ele>210.8</ele></trkpt>
      <trkpt lat="46.812187" lon="4.728062"><ele>210.0</ele></trkpt>
      <trkpt lat="46.811998" lon="4.728126"><ele>210.0</ele></trkpt>
      <trkpt lat="46.811882" lon="4.728175"><ele>210.0</ele></trkpt>
      <trkpt lat="46.811529" lon="4.728321"><ele>210.2</ele></trkpt>
      <trkpt lat="46.811437" lon="4.728342"><ele>210.8</ele></trkpt>
      <trkpt lat="46.811229" lon="4.728142"><ele>210.8</ele></trkpt>
      <trkpt lat="46.810866" lon="4.727818"><ele>211.0</ele></trkpt>
      <trkpt lat="46.810821" lon="4.727773"><ele>211.0</ele></trkpt>
      <trkpt lat="46.810758" lon="4.727673"><ele>211.5</ele></trkpt>
      <trkpt lat="46.810719" lon="4.727735"><ele>211.5</ele></trkpt>
      <trkpt lat="46.810707" lon="4.727808"><ele>211.5</ele></trkpt>
      <trkpt lat="46.810734" lon="4.728352"><ele>213.5</ele></trkpt>
      <trkpt lat="46.810745" lon="4.728478"><ele>214.5</ele></trkpt>
      <trkpt lat="46.810781" lon="4.728566"><ele>215.0</ele></trkpt>
      <trkpt lat="46.810556" lon="4.728619"><ele>218.0</ele></trkpt>
      <trkpt lat="46.810335" lon="4.728558"><ele>218.8</ele></trkpt>
      <trkpt lat="46.810230" lon="4.728511"><ele>218.5</ele></trkpt>
      <trkpt lat="46.810216" lon="4.728612"><ele>220.0</ele></trkpt>
      <trkpt lat="46.810229" lon="4.728738"><ele>221.8</ele></trkpt>
      <trkpt lat="46.810268" lon="4.728969"><ele>225.2</ele></trkpt>
      <trkpt lat="46.810279" lon="4.729037"><ele>226.5</ele></trkpt>
      <trkpt lat="46.810375" lon="4.729319"><ele>229.5</ele></trkpt>
      <trkpt lat="46.810418" lon="4.729392"><ele>229.8</ele></trkpt>
      <trkpt lat="46.810313" lon="4.729765"><ele>230.5</ele></trkpt>
      <trkpt lat="46.810188" lon="4.729772"><ele>231.8</ele></trkpt>
      <trkpt lat="46.809930" lon="4.729812"><ele>234.0</ele></trkpt>
      <trkpt lat="46.809867" lon="4.729742"><ele>234.8</ele></trkpt>
      <trkpt lat="46.809805" lon="4.729698"><ele>235.2</ele></trkpt>
      <trkpt lat="46.809736" lon="4.729692"><ele>235.8</ele></trkpt>
      <trkpt lat="46.809672" lon="4.729715"><ele>236.2</ele></trkpt>
      <trkpt lat="46.809643" lon="4.729773"><ele>236.2</ele></trkpt>
      <trkpt lat="46.809462" lon="4.730136"><ele>237.8</ele></trkpt>
      <trkpt lat="46.809353" lon="4.730347"><ele>237.5</ele></trkpt>
      <trkpt lat="46.809175" lon="4.730581"><ele>238.5</ele></trkpt>
      <trkpt lat="46.808835" lon="4.730931"><ele>238.0</ele></trkpt>
      <trkpt lat="46.808756" lon="4.731039"><ele>237.5</ele></trkpt>
      <trkpt lat="46.808662" lon="4.731212"><ele>236.8</ele></trkpt>
      <trkpt lat="46.808595" lon="4.731409"><ele>235.8</ele></trkpt>
      <trkpt lat="46.808532" lon="4.731538"><ele>234.2</ele></trkpt>
      <trkpt lat="46.808421" lon="4.731659"><ele>232.2</ele></trkpt>
      <trkpt lat="46.808221" lon="4.731782"><ele>229.5</ele></trkpt>
      <trkpt lat="46.808197" lon="4.731789"><ele>229.0</ele></trkpt>
      <trkpt lat="46.808064" lon="4.731825"><ele>227.2</ele></trkpt>
      <trkpt lat="46.807916" lon="4.731827"><ele>225.5</ele></trkpt>
      <trkpt lat="46.807409" lon="4.731818"><ele>220.0</ele></trkpt>
      <trkpt lat="46.807264" lon="4.731840"><ele>218.5</ele></trkpt>
      <trkpt lat="46.807010" lon="4.731932"><ele>218.0</ele></trkpt>
      <trkpt lat="46.806954" lon="4.731947"><ele>217.8</ele></trkpt>
      <trkpt lat="46.806328" lon="4.732402"><ele>220.5</ele></trkpt>
      <trkpt lat="46.806318" lon="4.732422"><ele>220.8</ele></trkpt>
      <trkpt lat="46.806092" lon="4.732880"><ele>224.2</ele></trkpt>
      <trkpt lat="46.805976" lon="4.733091"><ele>226.0</ele></trkpt>
      <trkpt lat="46.806170" lon="4.733647"><ele>225.0</ele></trkpt>
      <trkpt lat="46.806206" lon="4.733855"><ele>224.5</ele></trkpt>
      <trkpt lat="46.806213" lon="4.733932"><ele>224.5</ele></trkpt>
      <trkpt lat="46.806225" lon="4.734079"><ele>224.2</ele></trkpt>
      <trkpt lat="46.806228" lon="4.734379"><ele>223.5</ele></trkpt>
      <trkpt lat="46.806209" lon="4.734467"><ele>223.5</ele></trkpt>
      <trkpt lat="46.806167" lon="4.734558"><ele>223.8</ele></trkpt>
      <trkpt lat="46.806087" lon="4.734657"><ele>224.2</ele></trkpt>
      <trkpt lat="46.806061" lon="4.734756"><ele>224.5</ele></trkpt>
      <trkpt lat="46.806039" lon="4.734928"><ele>224.5</ele></trkpt>
      <trkpt lat="46.806037" lon="4.735005"><ele>224.5</ele></trkpt>
      <trkpt lat="46.806031" lon="4.735347"><ele>222.8</ele></trkpt>
      <trkpt lat="46.805964" lon="4.736055"><ele>220.2</ele></trkpt>
      <trkpt lat="46.805873" lon="4.736548"><ele>219.0</ele></trkpt>
      <trkpt lat="46.805815" lon="4.736826"><ele>219.0</ele></trkpt>
      <trkpt lat="46.805784" lon="4.737055"><ele>218.5</ele></trkpt>
      <trkpt lat="46.805765" lon="4.737259"><ele>218.2</ele></trkpt>
      <trkpt lat="46.805769" lon="4.737611"><ele>219.5</ele></trkpt>
      <trkpt lat="46.805791" lon="4.737690"><ele>219.8</ele></trkpt>
      <trkpt lat="46.805900" lon="4.738162"><ele>222.2</ele></trkpt>
      <trkpt lat="46.805909" lon="4.738228"><ele>222.5</ele></trkpt>
      <trkpt lat="46.805932" lon="4.738387"><ele>223.2</ele></trkpt>
      <trkpt lat="46.805951" lon="4.738762"><ele>225.8</ele></trkpt>
      <trkpt lat="46.805941" lon="4.738967"><ele>227.5</ele></trkpt>
      <trkpt lat="46.805930" lon="4.739088"><ele>228.2</ele></trkpt>
      <trkpt lat="46.805893" lon="4.739312"><ele>230.2</ele></trkpt>
      <trkpt lat="46.805942" lon="4.739853"><ele>234.0</ele></trkpt>
      <trkpt lat="46.806008" lon="4.740102"><ele>235.5</ele></trkpt>
      <trkpt lat="46.806043" lon="4.740197"><ele>236.2</ele></trkpt>
      <trkpt lat="46.806085" lon="4.740315"><ele>237.2</ele></trkpt>
      <trkpt lat="46.806164" lon="4.740472"><ele>238.8</ele></trkpt>
      <trkpt lat="46.806357" lon="4.740720"><ele>240.8</ele></trkpt>
      <trkpt lat="46.806380" lon="4.740779"><ele>241.2</ele></trkpt>
      <trkpt lat="46.806381" lon="4.740841"><ele>242.0</ele></trkpt>
      <trkpt lat="46.806359" lon="4.740931"><ele>242.8</ele></trkpt>
      <trkpt lat="46.806322" lon="4.740993"><ele>243.2</ele></trkpt>
      <trkpt lat="46.806023" lon="4.741186"><ele>246.2</ele></trkpt>
      <trkpt lat="46.805939" lon="4.741257"><ele>247.0</ele></trkpt>
      <trkpt lat="46.805877" lon="4.741273"><ele>247.2</ele></trkpt>
      <trkpt lat="46.805797" lon="4.741271"><ele>247.8</ele></trkpt>
      <trkpt lat="46.805065" lon="4.741142"><ele>250.8</ele></trkpt>
      <trkpt lat="46.804827" lon="4.741085"><ele>252.0</ele></trkpt>
      <trkpt lat="46.804544" lon="4.741002"><ele>254.2</ele></trkpt>
      <trkpt lat="46.804277" lon="4.740935"><ele>257.2</ele></trkpt>
      <trkpt lat="46.804065" lon="4.740946"><ele>259.5</ele></trkpt>
      <trkpt lat="46.804023" lon="4.740969"><ele>259.8</ele></trkpt>
      <trkpt lat="46.803907" lon="4.741033"><ele>260.2</ele></trkpt>
      <trkpt lat="46.803752" lon="4.741229"><ele>260.5</ele></trkpt>
      <trkpt lat="46.803713" lon="4.741278"><ele>260.5</ele></trkpt>
      <trkpt lat="46.803649" lon="4.741364"><ele>260.8</ele></trkpt>
      <trkpt lat="46.803562" lon="4.741481"><ele>260.8</ele></trkpt>
      <trkpt lat="46.803479" lon="4.741558"><ele>260.5</ele></trkpt>
      <trkpt lat="46.803435" lon="4.741587"><ele>260.2</ele></trkpt>
      <trkpt lat="46.803286" lon="4.741666"><ele>260.0</ele></trkpt>
      <trkpt lat="46.802981" lon="4.741713"><ele>260.5</ele></trkpt>
      <trkpt lat="46.802865" lon="4.741777"><ele>260.0</ele></trkpt>
      <trkpt lat="46.802354" lon="4.742050"><ele>256.8</ele></trkpt>
      <trkpt lat="46.802002" lon="4.742275"><ele>254.2</ele></trkpt>
      <trkpt lat="46.801803" lon="4.742513"><ele>252.2</ele></trkpt>
      <trkpt lat="46.801484" lon="4.743145"><ele>247.0</ele></trkpt>
      <trkpt lat="46.801363" lon="4.743487"><ele>244.8</ele></trkpt>
      <trkpt lat="46.800669" lon="4.744271"><ele>239.5</ele></trkpt>
      <trkpt lat="46.800621" lon="4.744370"><ele>238.8</ele></trkpt>
      <trkpt lat="46.800598" lon="4.744456"><ele>238.0</ele></trkpt>
      <trkpt lat="46.800599" lon="4.744695"><ele>236.2</ele></trkpt>
      <trkpt lat="46.800650" lon="4.744989"><ele>235.0</ele></trkpt>
      <trkpt lat="46.800648" lon="4.745693"><ele>232.0</ele></trkpt>
      <trkpt lat="46.800624" lon="4.745915"><ele>231.2</ele></trkpt>
      <trkpt lat="46.800564" lon="4.746258"><ele>230.2</ele></trkpt>
      <trkpt lat="46.800542" lon="4.746360"><ele>230.0</ele></trkpt>
      <trkpt lat="46.800399" lon="4.746852"><ele>228.2</ele></trkpt>
      <trkpt lat="46.800386" lon="4.746996"><ele>227.5</ele></trkpt>
      <trkpt lat="46.800423" lon="4.747296"><ele>226.2</ele></trkpt>
      <trkpt lat="46.800568" lon="4.748036"><ele>224.0</ele></trkpt>
      <trkpt lat="46.800584" lon="4.748114"><ele>223.5</ele></trkpt>
      <trkpt lat="46.800814" lon="4.749106"><ele>219.2</ele></trkpt>
      <trkpt lat="46.800984" lon="4.749894"><ele>216.2</ele></trkpt>
      <trkpt lat="46.800914" lon="4.750055"><ele>216.0</ele></trkpt>
      <trkpt lat="46.800829" lon="4.750414"><ele>215.2</ele></trkpt>
      <trkpt lat="46.800740" lon="4.750858"><ele>214.5</ele></trkpt>
      <trkpt lat="46.800684" lon="4.751067"><ele>214.0</ele></trkpt>
      <trkpt lat="46.800673" lon="4.751208"><ele>214.0</ele></trkpt>
      <trkpt lat="46.800684" lon="4.751353"><ele>214.0</ele></trkpt>
      <trkpt lat="46.800941" lon="4.752163"><ele>212.2</ele></trkpt>
      <trkpt lat="46.800967" lon="4.752408"><ele>212.8</ele></trkpt>
      <trkpt lat="46.801008" lon="4.752817"><ele>212.8</ele></trkpt>
      <trkpt lat="46.801077" lon="4.753455"><ele>214.0</ele></trkpt>
      <trkpt lat="46.801079" lon="4.753635"><ele>214.0</ele></trkpt>
      <trkpt lat="46.801071" lon="4.753792"><ele>214.0</ele></trkpt>
      <trkpt lat="46.801040" lon="4.753933"><ele>214.0</ele></trkpt>
      <trkpt lat="46.801001" lon="4.754051"><ele>213.5</ele></trkpt>
      <trkpt lat="46.800559" lon="4.754919"><ele>214.8</ele></trkpt>
      <trkpt lat="46.800473" lon="4.755042"><ele>215.2</ele></trkpt>
      <trkpt lat="46.799797" lon="4.755767"><ele>215.8</ele></trkpt>
      <trkpt lat="46.799648" lon="4.756009"><ele>215.5</ele></trkpt>
      <trkpt lat="46.799188" lon="4.756896"><ele>216.0</ele></trkpt>
      <trkpt lat="46.798987" lon="4.757300"><ele>216.2</ele></trkpt>
      <trkpt lat="46.798906" lon="4.757519"><ele>215.8</ele></trkpt>
      <trkpt lat="46.798880" lon="4.757579"><ele>215.5</ele></trkpt>
      <trkpt lat="46.798571" lon="4.757342"><ele>217.5</ele></trkpt>
      <trkpt lat="46.798348" lon="4.757181"><ele>218.0</ele></trkpt>
      <trkpt lat="46.798092" lon="4.757052"><ele>218.8</ele></trkpt>
      <trkpt lat="46.797890" lon="4.756953"><ele>219.0</ele></trkpt>
      <trkpt lat="46.797772" lon="4.756902"><ele>219.0</ele></trkpt>
      <trkpt lat="46.797719" lon="4.756892"><ele>219.0</ele></trkpt>
      <trkpt lat="46.797677" lon="4.756896"><ele>219.0</ele></trkpt>
      <trkpt lat="46.797623" lon="4.756943"><ele>219.0</ele></trkpt>
      <trkpt lat="46.797524" lon="4.757371"><ele>218.0</ele></trkpt>
      <trkpt lat="46.797185" lon="4.757089"><ele>219.2</ele></trkpt>
      <trkpt lat="46.796929" lon="4.757015"><ele>219.0</ele></trkpt>
      <trkpt lat="46.796132" lon="4.756673"><ele>220.0</ele></trkpt>
      <trkpt lat="46.795931" lon="4.756516"><ele>220.5</ele></trkpt>
      <trkpt lat="46.795487" lon="4.755996"><ele>221.2</ele></trkpt>
      <trkpt lat="46.795380" lon="4.755904"><ele>221.2</ele></trkpt>
      <trkpt lat="46.794876" lon="4.755541"><ele>219.5</ele></trkpt>
      <trkpt lat="46.794623" lon="4.755276"><ele>218.5</ele></trkpt>
      <trkpt lat="46.794470" lon="4.755236"><ele>218.0</ele></trkpt>
      <trkpt lat="46.794234" lon="4.755181"><ele>217.0</ele></trkpt>
      <trkpt lat="46.794123" lon="4.755676"><ele>216.5</ele></trkpt>
      <trkpt lat="46.794066" lon="4.756154"><ele>215.8</ele></trkpt>
      <trkpt lat="46.794040" lon="4.756203"><ele>215.5</ele></trkpt>
      <trkpt lat="46.793993" lon="4.756247"><ele>215.0</ele></trkpt>
      <trkpt lat="46.793944" lon="4.756077"><ele>214.5</ele></trkpt>
      <trkpt lat="46.793832" lon="4.755824"><ele>214.8</ele></trkpt>
      <trkpt lat="46.793667" lon="4.755646"><ele>214.5</ele></trkpt>
      <trkpt lat="46.793413" lon="4.755445"><ele>214.8</ele></trkpt>
      <trkpt lat="46.793115" lon="4.755245"><ele>215.2</ele></trkpt>
      <trkpt lat="46.792840" lon="4.755035"><ele>215.0</ele></trkpt>
      <trkpt lat="46.792524" lon="4.754829"><ele>214.5</ele></trkpt>
      <trkpt lat="46.792029" lon="4.754378"><ele>216.0</ele></trkpt>
      <trkpt lat="46.791964" lon="4.754294"><ele>216.0</ele></trkpt>
      <trkpt lat="46.791952" lon="4.754224"><ele>216.0</ele></trkpt>
      <trkpt lat="46.791953" lon="4.754159"><ele>216.0</ele></trkpt>
      <trkpt lat="46.792124" lon="4.753704"><ele>217.0</ele></trkpt>
      <trkpt lat="46.792389" lon="4.753068"><ele>219.5</ele></trkpt>
      <trkpt lat="46.792388" lon="4.752992"><ele>219.8</ele></trkpt>
      <trkpt lat="46.792363" lon="4.752915"><ele>220.0</ele></trkpt>
      <trkpt lat="46.792197" lon="4.752783"><ele>219.8</ele></trkpt>
      <trkpt lat="46.791993" lon="4.752672"><ele>219.8</ele></trkpt>
      <trkpt lat="46.791059" lon="4.752128"><ele>221.2</ele></trkpt>
      <trkpt lat="46.790832" lon="4.752047"><ele>221.5</ele></trkpt>
      <trkpt lat="46.790377" lon="4.751911"><ele>222.0</ele></trkpt>
      <trkpt lat="46.789463" lon="4.751424"><ele>221.8</ele></trkpt>
      <trkpt lat="46.789136" lon="4.751154"><ele>220.8</ele></trkpt>
      <trkpt lat="46.788882" lon="4.750979"><ele>220.8</ele></trkpt>
      <trkpt lat="46.788478" lon="4.750637"><ele>221.2</ele></trkpt>
      <trkpt lat="46.788298" lon="4.750504"><ele>221.0</ele></trkpt>
      <trkpt lat="46.788129" lon="4.750365"><ele>221.5</ele></trkpt>
      <trkpt lat="46.788004" lon="4.750176"><ele>222.0</ele></trkpt>
      <trkpt lat="46.787358" lon="4.749588"><ele>223.2</ele></trkpt>
      <trkpt lat="46.787046" lon="4.749265"><ele>223.8</ele></trkpt>
      <trkpt lat="46.787042" lon="4.749367"><ele>223.5</ele></trkpt>
      <trkpt lat="46.786883" lon="4.749835"><ele>222.2</ele></trkpt>
      <trkpt lat="46.786811" lon="4.750022"><ele>222.0</ele></trkpt>
      <trkpt lat="46.786776" lon="4.750152"><ele>222.0</ele></trkpt>
      <trkpt lat="46.786766" lon="4.750320"><ele>221.8</ele></trkpt>
      <trkpt lat="46.786784" lon="4.750477"><ele>221.2</ele></trkpt>
      <trkpt lat="46.786797" lon="4.750677"><ele>221.0</ele></trkpt>
      <trkpt lat="46.786795" lon="4.751292"><ele>219.2</ele></trkpt>
      <trkpt lat="46.786815" lon="4.751376"><ele>218.2</ele></trkpt>
      <trkpt lat="46.786945" lon="4.751590"><ele>217.5</ele></trkpt>
      <trkpt lat="46.786972" lon="4.751683"><ele>218.0</ele></trkpt>
      <trkpt lat="46.786804" lon="4.752338"><ele>216.2</ele></trkpt>
      <trkpt lat="46.786784" lon="4.752417"><ele>216.0</ele></trkpt>
      <trkpt lat="46.786693" lon="4.752330"><ele>216.0</ele></trkpt>
      <trkpt lat="46.786456" lon="4.752103"><ele>217.2</ele></trkpt>
      <trkpt lat="46.786319" lon="4.751993"><ele>217.8</ele></trkpt>
      <trkpt lat="46.786187" lon="4.751887"><ele>218.0</ele></trkpt>
      <trkpt lat="46.785994" lon="4.751731"><ele>218.2</ele></trkpt>
      <trkpt lat="46.785829" lon="4.751590"><ele>218.2</ele></trkpt>
      <trkpt lat="46.785729" lon="4.751504"><ele>218.2</ele></trkpt>
      <trkpt lat="46.785718" lon="4.751495"><ele>218.2</ele></trkpt>
      <trkpt lat="46.785387" lon="4.751212"><ele>218.2</ele></trkpt>
      <trkpt lat="46.785192" lon="4.751046"><ele>218.0</ele></trkpt>
      <trkpt lat="46.785117" lon="4.750974"><ele>218.0</ele></trkpt>
      <trkpt lat="46.784743" lon="4.750623"><ele>217.8</ele></trkpt>
      <trkpt lat="46.784442" lon="4.750285"><ele>216.8</ele></trkpt>
      <trkpt lat="46.784353" lon="4.750191"><ele>216.8</ele></trkpt>
      <trkpt lat="46.784297" lon="4.750128"><ele>216.5</ele></trkpt>
      <trkpt lat="46.784283" lon="4.750114"><ele>216.5</ele></trkpt>
      <trkpt lat="46.784256" lon="4.750092"><ele>216.5</ele></trkpt>
      <trkpt lat="46.784218" lon="4.750061"><ele>216.2</ele></trkpt>
      <trkpt lat="46.784188" lon="4.750034"><ele>216.0</ele></trkpt>
      <trkpt lat="46.784128" lon="4.749988"><ele>215.8</ele></trkpt>
      <trkpt lat="46.783568" lon="4.749534"><ele>214.2</ele></trkpt>
      <trkpt lat="46.783278" lon="4.749297"><ele>213.8</ele></trkpt>
      <trkpt lat="46.783218" lon="4.749249"><ele>213.8</ele></trkpt>
      <trkpt lat="46.782873" lon="4.748968"><ele>213.0</ele></trkpt>
      <trkpt lat="46.782519" lon="4.748730"><ele>212.5</ele></trkpt>
      <trkpt lat="46.782168" lon="4.748553"><ele>213.0</ele></trkpt>
      <trkpt lat="46.781865" lon="4.748309"><ele>212.8</ele></trkpt>
      <trkpt lat="46.781821" lon="4.748272"><ele>212.8</ele></trkpt>
      <trkpt lat="46.781736" lon="4.748203"><ele>212.5</ele></trkpt>
      <trkpt lat="46.781718" lon="4.748188"><ele>212.5</ele></trkpt>
      <trkpt lat="46.781681" lon="4.748154"><ele>212.5</ele></trkpt>
      <trkpt lat="46.781645" lon="4.748140"><ele>212.5</ele></trkpt>
      <trkpt lat="46.781515" lon="4.748813"><ele>211.2</ele></trkpt>
      <trkpt lat="46.781484" lon="4.748887"><ele>211.0</ele></trkpt>
      <trkpt lat="46.781392" lon="4.748936"><ele>210.8</ele></trkpt>
      <trkpt lat="46.781385" lon="4.748982"><ele>210.5</ele></trkpt>
      <trkpt lat="46.781366" lon="4.749051"><ele>210.2</ele></trkpt>
      <trkpt lat="46.781114" lon="4.748910"><ele>209.0</ele></trkpt>
      <trkpt lat="46.781095" lon="4.748914"><ele>209.0</ele></trkpt>
      <trkpt lat="46.781082" lon="4.748937"><ele>209.0</ele></trkpt>
      <trkpt lat="46.780968" lon="4.749338"><ele>209.5</ele></trkpt>
      <trkpt lat="46.780961" lon="4.749354"><ele>209.5</ele></trkpt>
      <trkpt lat="46.780934" lon="4.749370"><ele>209.5</ele></trkpt>
      <trkpt lat="46.780898" lon="4.749372"><ele>209.2</ele></trkpt>
      <trkpt lat="46.780823" lon="4.749329"><ele>209.2</ele></trkpt>
      <trkpt lat="46.780243" lon="4.748995"><ele>209.2</ele></trkpt>
      <trkpt lat="46.780225" lon="4.748985"><ele>209.2</ele></trkpt>
      <trkpt lat="46.779891" lon="4.748792"><ele>209.0</ele></trkpt>
      <trkpt lat="46.779884" lon="4.748804"><ele>209.0</ele></trkpt>
      <trkpt lat="46.779851" lon="4.748871"><ele>209.0</ele></trkpt>
      <trkpt lat="46.779622" lon="4.749459"><ele>207.2</ele></trkpt>
      <trkpt lat="46.779561" lon="4.749617"><ele>207.0</ele></trkpt>
      <trkpt lat="46.779540" lon="4.749671"><ele>207.0</ele></trkpt>
      <trkpt lat="46.779520" lon="4.749641"><ele>207.0</ele></trkpt>
      <trkpt lat="46.779487" lon="4.749626"><ele>207.2</ele></trkpt>
      <trkpt lat="46.779428" lon="4.749623"><ele>206.2</ele></trkpt>
      <trkpt lat="46.778747" lon="4.749599"><ele>206.2</ele></trkpt>
      <trkpt lat="46.778055" lon="4.749539"><ele>205.8</ele></trkpt>
      <trkpt lat="46.777851" lon="4.749407"><ele>205.2</ele></trkpt>
      <trkpt lat="46.777593" lon="4.749153"><ele>205.2</ele></trkpt>
      <trkpt lat="46.777302" lon="4.748912"><ele>205.8</ele></trkpt>
      <trkpt lat="46.777197" lon="4.748847"><ele>206.0</ele></trkpt>
      <trkpt lat="46.776468" lon="4.748468"><ele>207.5</ele></trkpt>
      <trkpt lat="46.776170" lon="4.748320"><ele>207.0</ele></trkpt>
      <trkpt lat="46.775849" lon="4.747163"><ele>209.0</ele></trkpt>
      <trkpt lat="46.775788" lon="4.746943"><ele>209.0</ele></trkpt>
      <trkpt lat="46.775800" lon="4.746868"><ele>209.0</ele></trkpt>
      <trkpt lat="46.775733" lon="4.746510"><ele>209.5</ele></trkpt>
      <trkpt lat="46.775736" lon="4.746440"><ele>209.8</ele></trkpt>
      <trkpt lat="46.775696" lon="4.746373"><ele>210.0</ele></trkpt>
      <trkpt lat="46.775713" lon="4.746296"><ele>210.0</ele></trkpt>
      <trkpt lat="46.775662" lon="4.746255"><ele>210.0</ele></trkpt>
      <trkpt lat="46.775578" lon="4.746137"><ele>210.0</ele></trkpt>
      <trkpt lat="46.775446" lon="4.745768"><ele>210.0</ele></trkpt>
      <trkpt lat="46.775163" lon="4.744898"><ele>211.5</ele></trkpt>
      <trkpt lat="46.775019" lon="4.744410"><ele>211.8</ele></trkpt>
      <trkpt lat="46.774913" lon="4.743927"><ele>213.2</ele></trkpt>
      <trkpt lat="46.774884" lon="4.743626"><ele>213.8</ele></trkpt>
      <trkpt lat="46.774895" lon="4.743396"><ele>214.8</ele></trkpt>
      <trkpt lat="46.775027" lon="4.742516"><ele>215.8</ele></trkpt>
      <trkpt lat="46.775040" lon="4.742480"><ele>216.0</ele></trkpt>
      <trkpt lat="46.774903" lon="4.742316"><ele>216.8</ele></trkpt>
      <trkpt lat="46.774683" lon="4.742108"><ele>218.2</ele></trkpt>
      <trkpt lat="46.774608" lon="4.742057"><ele>218.2</ele></trkpt>
      <trkpt lat="46.774451" lon="4.741979"><ele>218.0</ele></trkpt>
      <trkpt lat="46.774252" lon="4.741899"><ele>218.0</ele></trkpt>
      <trkpt lat="46.774200" lon="4.741856"><ele>218.2</ele></trkpt>
      <trkpt lat="46.774160" lon="4.741784"><ele>218.5</ele></trkpt>
      <trkpt lat="46.774148" lon="4.741709"><ele>218.8</ele></trkpt>
      <trkpt lat="46.774164" lon="4.741621"><ele>219.0</ele></trkpt>
      <trkpt lat="46.774213" lon="4.741499"><ele>219.5</ele></trkpt>
      <trkpt lat="46.774243" lon="4.741427"><ele>219.8</ele></trkpt>
      <trkpt lat="46.774301" lon="4.741294"><ele>220.0</ele></trkpt>
      <trkpt lat="46.774381" lon="4.741109"><ele>220.0</ele></trkpt>
      <trkpt lat="46.774507" lon="4.740841"><ele>220.8</ele></trkpt>
      <trkpt lat="46.774672" lon="4.740504"><ele>220.5</ele></trkpt>
      <trkpt lat="46.774862" lon="4.740104"><ele>221.5</ele></trkpt>
      <trkpt lat="46.774972" lon="4.739827"><ele>222.0</ele></trkpt>
      <trkpt lat="46.775028" lon="4.739654"><ele>221.8</ele></trkpt>
      <trkpt lat="46.775066" lon="4.739497"><ele>221.8</ele></trkpt>
      <trkpt lat="46.775277" lon="4.738417"><ele>221.0</ele></trkpt>
      <trkpt lat="46.775287" lon="4.738366"><ele>220.8</ele></trkpt>
      <trkpt lat="46.774863" lon="4.738158"><ele>222.2</ele></trkpt>
      <trkpt lat="46.774629" lon="4.738050"><ele>223.0</ele></trkpt>
      <trkpt lat="46.774448" lon="4.737996"><ele>223.0</ele></trkpt>
      <trkpt lat="46.774453" lon="4.737952"><ele>223.0</ele></trkpt>
      <trkpt lat="46.774486" lon="4.737806"><ele>223.0</ele></trkpt>
      <trkpt lat="46.774538" lon="4.737648"><ele>223.0</ele></trkpt>
      <trkpt lat="46.774731" lon="4.736998"><ele>224.8</ele></trkpt>
      <trkpt lat="46.774859" lon="4.736702"><ele>224.2</ele></trkpt>
      <trkpt lat="46.774947" lon="4.736518"><ele>224.5</ele></trkpt>
      <trkpt lat="46.775063" lon="4.736317"><ele>224.8</ele></trkpt>
      <trkpt lat="46.774473" lon="4.735679"><ele>225.5</ele></trkpt>
      <trkpt lat="46.774327" lon="4.735528"><ele>225.2</ele></trkpt>
      <trkpt lat="46.773977" lon="4.735223"><ele>225.0</ele></trkpt>
      <trkpt lat="46.773660" lon="4.734981"><ele>225.0</ele></trkpt>
      <trkpt lat="46.773599" lon="4.734956"><ele>225.0</ele></trkpt>
      <trkpt lat="46.773588" lon="4.734780"><ele>225.8</ele></trkpt>
      <trkpt lat="46.773580" lon="4.734675"><ele>226.2</ele></trkpt>
      <trkpt lat="46.773537" lon="4.734554"><ele>226.8</ele></trkpt>
      <trkpt lat="46.773494" lon="4.734487"><ele>227.2</ele></trkpt>
      <trkpt lat="46.773428" lon="4.734438"><ele>227.5</ele></trkpt>
      <trkpt lat="46.773371" lon="4.734422"><ele>227.8</ele></trkpt>
      <trkpt lat="46.773145" lon="4.734448"><ele>227.8</ele></trkpt>
      <trkpt lat="46.773044" lon="4.734450"><ele>227.8</ele></trkpt>
      <trkpt lat="46.772946" lon="4.734428"><ele>227.5</ele></trkpt>
      <trkpt lat="46.772887" lon="4.734400"><ele>227.2</ele></trkpt>
      <trkpt lat="46.772678" lon="4.734262"><ele>227.2</ele></trkpt>
      <trkpt lat="46.772693" lon="4.734151"><ele>227.5</ele></trkpt>
      <trkpt lat="46.772726" lon="4.734015"><ele>227.8</ele></trkpt>
      <trkpt lat="46.772783" lon="4.733832"><ele>228.0</ele></trkpt>
      <trkpt lat="46.773045" lon="4.733077"><ele>229.8</ele></trkpt>
      <trkpt lat="46.772611" lon="4.732781"><ele>229.2</ele></trkpt>
      <trkpt lat="46.772296" lon="4.732585"><ele>228.2</ele></trkpt>
      <trkpt lat="46.772188" lon="4.732526"><ele>227.8</ele></trkpt>
      <trkpt lat="46.772068" lon="4.732431"><ele>227.5</ele></trkpt>
      <trkpt lat="46.771980" lon="4.732328"><ele>227.5</ele></trkpt>
      <trkpt lat="46.771893" lon="4.732139"><ele>227.8</ele></trkpt>
      <trkpt lat="46.771770" lon="4.731821"><ele>227.5</ele></trkpt>
      <trkpt lat="46.771607" lon="4.731463"><ele>228.5</ele></trkpt>
      <trkpt lat="46.771510" lon="4.731313"><ele>229.2</ele></trkpt>
      <trkpt lat="46.771421" lon="4.731183"><ele>229.5</ele></trkpt>
      <trkpt lat="46.771259" lon="4.730821"><ele>230.0</ele></trkpt>
      <trkpt lat="46.771132" lon="4.730502"><ele>231.0</ele></trkpt>
      <trkpt lat="46.771071" lon="4.730419"><ele>231.2</ele></trkpt>
      <trkpt lat="46.770982" lon="4.730334"><ele>231.8</ele></trkpt>
      <trkpt lat="46.770526" lon="4.729947"><ele>233.0</ele></trkpt>
      <trkpt lat="46.770267" lon="4.729715"><ele>232.8</ele></trkpt>
      <trkpt lat="46.770211" lon="4.729647"><ele>232.8</ele></trkpt>
      <trkpt lat="46.770175" lon="4.729719"><ele>232.5</ele></trkpt>
      <trkpt lat="46.770107" lon="4.729646"><ele>232.5</ele></trkpt>
      <trkpt lat="46.769433" lon="4.729079"><ele>231.2</ele></trkpt>
      <trkpt lat="46.769388" lon="4.729043"><ele>231.0</ele></trkpt>
      <trkpt lat="46.769165" lon="4.728864"><ele>230.0</ele></trkpt>
      <trkpt lat="46.769005" lon="4.728749"><ele>230.5</ele></trkpt>
      <trkpt lat="46.768855" lon="4.728623"><ele>230.8</ele></trkpt>
      <trkpt lat="46.768529" lon="4.728325"><ele>231.0</ele></trkpt>
      <trkpt lat="46.768275" lon="4.728116"><ele>231.8</ele></trkpt>
      <trkpt lat="46.768222" lon="4.728061"><ele>231.8</ele></trkpt>
      <trkpt lat="46.767891" lon="4.727780"><ele>233.8</ele></trkpt>
      <trkpt lat="46.767576" lon="4.727487"><ele>236.0</ele></trkpt>
      <trkpt lat="46.767426" lon="4.727338"><ele>237.0</ele></trkpt>
      <trkpt lat="46.767255" lon="4.727194"><ele>237.2</ele></trkpt>
      <trkpt lat="46.767166" lon="4.727101"><ele>238.0</ele></trkpt>
      <trkpt lat="46.766521" lon="4.726495"><ele>242.0</ele></trkpt>
      <trkpt lat="46.766415" lon="4.726415"><ele>242.8</ele></trkpt>
      <trkpt lat="46.766360" lon="4.726387"><ele>243.0</ele></trkpt>
      <trkpt lat="46.766287" lon="4.726368"><ele>243.2</ele></trkpt>
      <trkpt lat="46.766222" lon="4.726333"><ele>243.8</ele></trkpt>
      <trkpt lat="46.766112" lon="4.726253"><ele>244.2</ele></trkpt>
      <trkpt lat="46.765691" lon="4.725877"><ele>246.2</ele></trkpt>
      <trkpt lat="46.765607" lon="4.725823"><ele>246.8</ele></trkpt>
      <trkpt lat="46.765546" lon="4.725822"><ele>247.0</ele></trkpt>
      <trkpt lat="46.765152" lon="4.725911"><ele>246.5</ele></trkpt>
      <trkpt lat="46.765024" lon="4.725909"><ele>246.5</ele></trkpt>
      <trkpt lat="46.764807" lon="4.725852"><ele>246.8</ele></trkpt>
      <trkpt lat="46.764648" lon="4.725771"><ele>247.0</ele></trkpt>
      <trkpt lat="46.764470" lon="4.725650"><ele>247.0</ele></trkpt>
      <trkpt lat="46.764224" lon="4.725455"><ele>246.0</ele></trkpt>
      <trkpt lat="46.763969" lon="4.725227"><ele>245.2</ele></trkpt>
      <trkpt lat="46.763926" lon="4.725390"><ele>245.0</ele></trkpt>
      <trkpt lat="46.763902" lon="4.725518"><ele>245.0</ele></trkpt>
      <trkpt lat="46.763817" lon="4.725494"><ele>244.2</ele></trkpt>
      <trkpt lat="46.763302" lon="4.725239"><ele>240.8</ele></trkpt>
      <trkpt lat="46.763083" lon="4.725159"><ele>238.8</ele></trkpt>
      <trkpt lat="46.762373" lon="4.724795"><ele>231.2</ele></trkpt>
      <trkpt lat="46.761579" lon="4.724230"><ele>223.8</ele></trkpt>
      <trkpt lat="46.761055" lon="4.723856"><ele>223.8</ele></trkpt>
      <trkpt lat="46.759567" lon="4.722336"><ele>221.8</ele></trkpt>
      <trkpt lat="46.759873" lon="4.721645"><ele>223.0</ele></trkpt>
      <trkpt lat="46.759617" lon="4.721385"><ele>223.2</ele></trkpt>
      <trkpt lat="46.759260" lon="4.720883"><ele>227.2</ele></trkpt>
      <trkpt lat="46.758948" lon="4.719991"><ele>230.0</ele></trkpt>
      <trkpt lat="46.758817" lon="4.719810"><ele>230.5</ele></trkpt>
      <trkpt lat="46.758294" lon="4.719546"><ele>230.5</ele></trkpt>
      <trkpt lat="46.758265" lon="4.719504"><ele>230.5</ele></trkpt>
      <trkpt lat="46.758238" lon="4.719439"><ele>230.5</ele></trkpt>
      <trkpt lat="46.758224" lon="4.719378"><ele>230.8</ele></trkpt>
      <trkpt lat="46.758226" lon="4.719300"><ele>231.0</ele></trkpt>
      <trkpt lat="46.758247" lon="4.719235"><ele>231.2</ele></trkpt>
      <trkpt lat="46.758358" lon="4.719089"><ele>232.0</ele></trkpt>
      <trkpt lat="46.758393" lon="4.719027"><ele>232.0</ele></trkpt>
      <trkpt lat="46.758405" lon="4.718957"><ele>231.8</ele></trkpt>
      <trkpt lat="46.758402" lon="4.718890"><ele>232.0</ele></trkpt>
      <trkpt lat="46.758383" lon="4.718832"><ele>232.0</ele></trkpt>
      <trkpt lat="46.758325" lon="4.718763"><ele>232.2</ele></trkpt>
      <trkpt lat="46.758257" lon="4.718699"><ele>232.5</ele></trkpt>
      <trkpt lat="46.758318" lon="4.718583"><ele>232.8</ele></trkpt>
      <trkpt lat="46.758348" lon="4.718488"><ele>232.8</ele></trkpt>
      <trkpt lat="46.758367" lon="4.718392"><ele>232.8</ele></trkpt>
      <trkpt lat="46.758369" lon="4.718109"><ele>233.5</ele></trkpt>
      <trkpt lat="46.758377" lon="4.718015"><ele>233.8</ele></trkpt>
      <trkpt lat="46.758393" lon="4.717924"><ele>233.8</ele></trkpt>
      <trkpt lat="46.758433" lon="4.717786"><ele>233.8</ele></trkpt>
      <trkpt lat="46.758415" lon="4.717764"><ele>234.0</ele></trkpt>
      <trkpt lat="46.758373" lon="4.717710"><ele>234.0</ele></trkpt>
      <trkpt lat="46.758269" lon="4.717606"><ele>234.0</ele></trkpt>
      <trkpt lat="46.758203" lon="4.717551"><ele>234.0</ele></trkpt>
      <trkpt lat="46.758102" lon="4.717495"><ele>234.0</ele></trkpt>
      <trkpt lat="46.757878" lon="4.717407"><ele>233.5</ele></trkpt>
      <trkpt lat="46.757821" lon="4.717365"><ele>233.5</ele></trkpt>
      <trkpt lat="46.757774" lon="4.717298"><ele>233.5</ele></trkpt>
      <trkpt lat="46.757728" lon="4.717184"><ele>233.0</ele></trkpt>
      <trkpt lat="46.757668" lon="4.716989"><ele>232.5</ele></trkpt>
      <trkpt lat="46.757614" lon="4.716757"><ele>232.5</ele></trkpt>
      <trkpt lat="46.757526" lon="4.716290"><ele>234.2</ele></trkpt>
      <trkpt lat="46.757379" lon="4.715183"><ele>233.0</ele></trkpt>
      <trkpt lat="46.757370" lon="4.715039"><ele>232.5</ele></trkpt>
      <trkpt lat="46.757378" lon="4.714914"><ele>232.8</ele></trkpt>
      <trkpt lat="46.757407" lon="4.714785"><ele>233.8</ele></trkpt>
      <trkpt lat="46.758074" lon="4.713474"><ele>237.0</ele></trkpt>
      <trkpt lat="46.758127" lon="4.713349"><ele>237.2</ele></trkpt>
      <trkpt lat="46.758168" lon="4.713217"><ele>237.5</ele></trkpt>
      <trkpt lat="46.758166" lon="4.713066"><ele>237.8</ele></trkpt>
      <trkpt lat="46.758141" lon="4.712568"><ele>237.8</ele></trkpt>
      <trkpt lat="46.758145" lon="4.712380"><ele>237.8</ele></trkpt>
      <trkpt lat="46.757962" lon="4.712262"><ele>236.5</ele></trkpt>
      <trkpt lat="46.757216" lon="4.711876"><ele>234.0</ele></trkpt>
      <trkpt lat="46.756942" lon="4.711726"><ele>231.2</ele></trkpt>
      <trkpt lat="46.756680" lon="4.711581"><ele>233.5</ele></trkpt>
      <trkpt lat="46.756471" lon="4.711391"><ele>231.2</ele></trkpt>
      <trkpt lat="46.756398" lon="4.711338"><ele>230.2</ele></trkpt>
      <trkpt lat="46.756008" lon="4.711139"><ele>229.5</ele></trkpt>
      <trkpt lat="46.755815" lon="4.711021"><ele>228.8</ele></trkpt>
      <trkpt lat="46.755660" lon="4.710939"><ele>228.2</ele></trkpt>
      <trkpt lat="46.755567" lon="4.710894"><ele>228.0</ele></trkpt>
      <trkpt lat="46.755415" lon="4.710839"><ele>227.5</ele></trkpt>
      <trkpt lat="46.755367" lon="4.710797"><ele>227.0</ele></trkpt>
      <trkpt lat="46.755192" lon="4.710550"><ele>226.0</ele></trkpt>
      <trkpt lat="46.755147" lon="4.710509"><ele>226.0</ele></trkpt>
      <trkpt lat="46.754889" lon="4.710332"><ele>226.0</ele></trkpt>
      <trkpt lat="46.754855" lon="4.710289"><ele>226.0</ele></trkpt>
      <trkpt lat="46.754814" lon="4.710183"><ele>226.0</ele></trkpt>
      <trkpt lat="46.754733" lon="4.710051"><ele>226.0</ele></trkpt>
      <trkpt lat="46.754660" lon="4.710159"><ele>226.8</ele></trkpt>
      <trkpt lat="46.754640" lon="4.710192"><ele>227.0</ele></trkpt>
      <trkpt lat="46.754456" lon="4.710258"><ele>229.0</ele></trkpt>
      <trkpt lat="46.754358" lon="4.710309"><ele>230.2</ele></trkpt>
      <trkpt lat="46.754262" lon="4.710429"><ele>231.0</ele></trkpt>
      <trkpt lat="46.754161" lon="4.710497"><ele>232.2</ele></trkpt>
      <trkpt lat="46.754091" lon="4.710834"><ele>229.8</ele></trkpt>
      <trkpt lat="46.753931" lon="4.710851"><ele>231.2</ele></trkpt>
      <trkpt lat="46.753878" lon="4.710838"><ele>232.0</ele></trkpt>
      <trkpt lat="46.753762" lon="4.710751"><ele>233.8</ele></trkpt>
      <trkpt lat="46.753582" lon="4.710674"><ele>235.8</ele></trkpt>
      <trkpt lat="46.753487" lon="4.710624"><ele>236.5</ele></trkpt>
      <trkpt lat="46.753434" lon="4.710580"><ele>237.2</ele></trkpt>
      <trkpt lat="46.753404" lon="4.710514"><ele>237.8</ele></trkpt>
      <trkpt lat="46.753387" lon="4.710429"><ele>238.2</ele></trkpt>
      <trkpt lat="46.753342" lon="4.710086"><ele>240.2</ele></trkpt>
      <trkpt lat="46.753310" lon="4.709963"><ele>241.2</ele></trkpt>
      <trkpt lat="46.753234" lon="4.709809"><ele>242.2</ele></trkpt>
      <trkpt lat="46.753213" lon="4.709772"><ele>242.5</ele></trkpt>
      <trkpt lat="46.752516" lon="4.709019"><ele>249.8</ele></trkpt>
      <trkpt lat="46.752467" lon="4.708935"><ele>250.8</ele></trkpt>
      <trkpt lat="46.752294" lon="4.708894"><ele>252.2</ele></trkpt>
      <trkpt lat="46.752009" lon="4.708843"><ele>254.2</ele></trkpt>
      <trkpt lat="46.751742" lon="4.708762"><ele>256.0</ele></trkpt>
      <trkpt lat="46.751575" lon="4.708687"><ele>257.2</ele></trkpt>
      <trkpt lat="46.751349" lon="4.708611"><ele>258.0</ele></trkpt>
      <trkpt lat="46.751066" lon="4.708618"><ele>257.5</ele></trkpt>
      <trkpt lat="46.750679" lon="4.708647"><ele>255.0</ele></trkpt>
      <trkpt lat="46.750377" lon="4.708791"><ele>252.0</ele></trkpt>
      <trkpt lat="46.750319" lon="4.708836"><ele>251.5</ele></trkpt>
      <trkpt lat="46.750047" lon="4.708878"><ele>249.2</ele></trkpt>
      <trkpt lat="46.749845" lon="4.708868"><ele>248.0</ele></trkpt>
      <trkpt lat="46.749515" lon="4.708835"><ele>245.8</ele></trkpt>
      <trkpt lat="46.749396" lon="4.708795"><ele>244.8</ele></trkpt>
      <trkpt lat="46.749270" lon="4.708735"><ele>244.2</ele></trkpt>
      <trkpt lat="46.748978" lon="4.708513"><ele>243.2</ele></trkpt>
      <trkpt lat="46.748930" lon="4.708438"><ele>243.5</ele></trkpt>
      <trkpt lat="46.748900" lon="4.708340"><ele>243.8</ele></trkpt>
      <trkpt lat="46.748863" lon="4.707791"><ele>245.8</ele></trkpt>
      <trkpt lat="46.748854" lon="4.707739"><ele>246.0</ele></trkpt>
      <trkpt lat="46.748802" lon="4.707677"><ele>246.2</ele></trkpt>
      <trkpt lat="46.748228" lon="4.707334"><ele>249.8</ele></trkpt>
      <trkpt lat="46.748106" lon="4.707300"><ele>251.0</ele></trkpt>
      <trkpt lat="46.747974" lon="4.707248"><ele>252.2</ele></trkpt>
      <trkpt lat="46.747817" lon="4.707187"><ele>253.8</ele></trkpt>
      <trkpt lat="46.747765" lon="4.707150"><ele>254.5</ele></trkpt>
      <trkpt lat="46.747415" lon="4.706672"><ele>258.2</ele></trkpt>
      <trkpt lat="46.747337" lon="4.706617"><ele>259.0</ele></trkpt>
      <trkpt lat="46.747295" lon="4.706598"><ele>259.2</ele></trkpt>
      <trkpt lat="46.747069" lon="4.706575"><ele>260.5</ele></trkpt>
      <trkpt lat="46.746943" lon="4.706590"><ele>260.8</ele></trkpt>
      <trkpt lat="46.746759" lon="4.706635"><ele>260.2</ele></trkpt>
      <trkpt lat="46.746756" lon="4.706598"><ele>260.5</ele></trkpt>
      <trkpt lat="46.746762" lon="4.706080"><ele>264.5</ele></trkpt>
      <trkpt lat="46.746786" lon="4.705057"><ele>271.0</ele></trkpt>
      <trkpt lat="46.746806" lon="4.704493"><ele>273.5</ele></trkpt>
      <trkpt lat="46.746822" lon="4.704040"><ele>276.0</ele></trkpt>
      <trkpt lat="46.746828" lon="4.703658"><ele>278.5</ele></trkpt>
      <trkpt lat="46.746826" lon="4.703132"><ele>282.5</ele></trkpt>
      <trkpt lat="46.746820" lon="4.703037"><ele>283.0</ele></trkpt>
      <trkpt lat="46.746801" lon="4.702947"><ele>283.8</ele></trkpt>
      <trkpt lat="46.746771" lon="4.702871"><ele>284.2</ele></trkpt>
      <trkpt lat="46.746719" lon="4.702801"><ele>284.8</ele></trkpt>
      <trkpt lat="46.746655" lon="4.702747"><ele>285.2</ele></trkpt>
      <trkpt lat="46.746447" lon="4.702650"><ele>286.0</ele></trkpt>
      <trkpt lat="46.746386" lon="4.702592"><ele>286.2</ele></trkpt>
      <trkpt lat="46.746341" lon="4.702502"><ele>286.8</ele></trkpt>
      <trkpt lat="46.746317" lon="4.702407"><ele>287.0</ele></trkpt>
      <trkpt lat="46.746308" lon="4.702280"><ele>287.5</ele></trkpt>
      <trkpt lat="46.746312" lon="4.702136"><ele>288.2</ele></trkpt>
      <trkpt lat="46.746325" lon="4.702000"><ele>289.0</ele></trkpt>
      <trkpt lat="46.746365" lon="4.701803"><ele>290.2</ele></trkpt>
      <trkpt lat="46.746437" lon="4.701325"><ele>292.8</ele></trkpt>
      <trkpt lat="46.746449" lon="4.701219"><ele>293.5</ele></trkpt>
      <trkpt lat="46.746458" lon="4.701137"><ele>294.0</ele></trkpt>
      <trkpt lat="46.746496" lon="4.700149"><ele>299.8</ele></trkpt>
      <trkpt lat="46.746501" lon="4.699999"><ele>300.0</ele></trkpt>
      <trkpt lat="46.746498" lon="4.699879"><ele>300.2</ele></trkpt>
      <trkpt lat="46.746464" lon="4.699553"><ele>300.0</ele></trkpt>
      <trkpt lat="46.746368" lon="4.698930"><ele>302.8</ele></trkpt>
      <trkpt lat="46.746353" lon="4.698843"><ele>303.0</ele></trkpt>
      <trkpt lat="46.746315" lon="4.698601"><ele>304.0</ele></trkpt>
      <trkpt lat="46.746277" lon="4.698278"><ele>304.8</ele></trkpt>
      <trkpt lat="46.746278" lon="4.698201"><ele>305.0</ele></trkpt>
      <trkpt lat="46.746333" lon="4.697786"><ele>305.8</ele></trkpt>
      <trkpt lat="46.746341" lon="4.697706"><ele>306.2</ele></trkpt>
      <trkpt lat="46.746347" lon="4.697568"><ele>306.8</ele></trkpt>
      <trkpt lat="46.746344" lon="4.697449"><ele>307.0</ele></trkpt>
      <trkpt lat="46.746309" lon="4.697218"><ele>306.8</ele></trkpt>
      <trkpt lat="46.746241" lon="4.696915"><ele>308.5</ele></trkpt>
      <trkpt lat="46.746214" lon="4.696748"><ele>308.5</ele></trkpt>
      <trkpt lat="46.746221" lon="4.696542"><ele>308.8</ele></trkpt>
      <trkpt lat="46.746267" lon="4.696146"><ele>309.5</ele></trkpt>
      <trkpt lat="46.746293" lon="4.695857"><ele>309.0</ele></trkpt>
      <trkpt lat="46.746300" lon="4.695775"><ele>308.8</ele></trkpt>
      <trkpt lat="46.746222" lon="4.695733"><ele>308.8</ele></trkpt>
      <trkpt lat="46.746104" lon="4.695664"><ele>308.8</ele></trkpt>
      <trkpt lat="46.746011" lon="4.695626"><ele>308.8</ele></trkpt>
      <trkpt lat="46.745771" lon="4.695574"><ele>308.8</ele></trkpt>
      <trkpt lat="46.745681" lon="4.695533"><ele>309.0</ele></trkpt>
      <trkpt lat="46.745433" lon="4.695369"><ele>310.0</ele></trkpt>
      <trkpt lat="46.745211" lon="4.695185"><ele>312.2</ele></trkpt>
      <trkpt lat="46.744937" lon="4.695035"><ele>315.8</ele></trkpt>
      <trkpt lat="46.744773" lon="4.694893"><ele>318.0</ele></trkpt>
      <trkpt lat="46.744568" lon="4.694701"><ele>323.0</ele></trkpt>
      <trkpt lat="46.744545" lon="4.694622"><ele>324.2</ele></trkpt>
      <trkpt lat="46.744548" lon="4.694528"><ele>325.0</ele></trkpt>
      <trkpt lat="46.744602" lon="4.694257"><ele>324.2</ele></trkpt>
      <trkpt lat="46.744594" lon="4.694197"><ele>324.5</ele></trkpt>
      <trkpt lat="46.744578" lon="4.694154"><ele>325.0</ele></trkpt>
      <trkpt lat="46.744492" lon="4.694073"><ele>327.0</ele></trkpt>
      <trkpt lat="46.744345" lon="4.693987"><ele>328.8</ele></trkpt>
      <trkpt lat="46.744206" lon="4.693929"><ele>329.8</ele></trkpt>
      <trkpt lat="46.743938" lon="4.694058"><ele>332.2</ele></trkpt>
      <trkpt lat="46.743869" lon="4.694072"><ele>332.8</ele></trkpt>
      <trkpt lat="46.743810" lon="4.694072"><ele>333.0</ele></trkpt>
      <trkpt lat="46.743742" lon="4.694050"><ele>333.2</ele></trkpt>
      <trkpt lat="46.743657" lon="4.694009"><ele>333.5</ele></trkpt>
      <trkpt lat="46.743527" lon="4.693966"><ele>333.8</ele></trkpt>
      <trkpt lat="46.743432" lon="4.693945"><ele>333.8</ele></trkpt>
      <trkpt lat="46.743345" lon="4.693912"><ele>334.0</ele></trkpt>
      <trkpt lat="46.742695" lon="4.693576"><ele>331.5</ele></trkpt>
      <trkpt lat="46.742284" lon="4.693331"><ele>331.0</ele></trkpt>
      <trkpt lat="46.742086" lon="4.693199"><ele>330.5</ele></trkpt>
      <trkpt lat="46.741906" lon="4.693048"><ele>330.8</ele></trkpt>
      <trkpt lat="46.741490" lon="4.692654"><ele>330.2</ele></trkpt>
      <trkpt lat="46.741224" lon="4.692328"><ele>330.0</ele></trkpt>
      <trkpt lat="46.740882" lon="4.692044"><ele>329.5</ele></trkpt>
      <trkpt lat="46.740593" lon="4.691813"><ele>330.2</ele></trkpt>
      <trkpt lat="46.740241" lon="4.691600"><ele>331.2</ele></trkpt>
      <trkpt lat="46.739459" lon="4.691182"><ele>335.5</ele></trkpt>
      <trkpt lat="46.739301" lon="4.691076"><ele>336.5</ele></trkpt>
      <trkpt lat="46.739201" lon="4.690985"><ele>336.8</ele></trkpt>
      <trkpt lat="46.739156" lon="4.690918"><ele>337.0</ele></trkpt>
      <trkpt lat="46.739077" lon="4.690743"><ele>337.0</ele></trkpt>
      <trkpt lat="46.738991" lon="4.690553"><ele>337.0</ele></trkpt>
      <trkpt lat="46.738929" lon="4.690480"><ele>337.0</ele></trkpt>
      <trkpt lat="46.738816" lon="4.690258"><ele>336.8</ele></trkpt>
      <trkpt lat="46.738767" lon="4.690220"><ele>336.8</ele></trkpt>
      <trkpt lat="46.738189" lon="4.689950"><ele>335.8</ele></trkpt>
      <trkpt lat="46.738019" lon="4.689887"><ele>335.2</ele></trkpt>
      <trkpt lat="46.737795" lon="4.689810"><ele>334.2</ele></trkpt>
      <trkpt lat="46.737676" lon="4.689755"><ele>334.0</ele></trkpt>
      <trkpt lat="46.737367" lon="4.689566"><ele>332.5</ele></trkpt>
      <trkpt lat="46.737069" lon="4.689404"><ele>331.0</ele></trkpt>
      <trkpt lat="46.736914" lon="4.689334"><ele>330.0</ele></trkpt>
      <trkpt lat="46.736850" lon="4.689317"><ele>329.5</ele></trkpt>
      <trkpt lat="46.736827" lon="4.689184"><ele>328.5</ele></trkpt>
      <trkpt lat="46.736560" lon="4.688410"><ele>324.5</ele></trkpt>
      <trkpt lat="46.736514" lon="4.688249"><ele>324.0</ele></trkpt>
      <trkpt lat="46.736423" lon="4.687872"><ele>321.2</ele></trkpt>
      <trkpt lat="46.736292" lon="4.687390"><ele>319.5</ele></trkpt>
      <trkpt lat="46.736239" lon="4.687080"><ele>317.5</ele></trkpt>
      <trkpt lat="46.736230" lon="4.686994"><ele>317.0</ele></trkpt>
      <trkpt lat="46.736153" lon="4.686213"><ele>314.2</ele></trkpt>
      <trkpt lat="46.736138" lon="4.686138"><ele>314.0</ele></trkpt>
      <trkpt lat="46.736130" lon="4.686124"><ele>314.0</ele></trkpt>
      <trkpt lat="46.736111" lon="4.686092"><ele>314.0</ele></trkpt>
      <trkpt lat="46.735691" lon="4.685902"><ele>315.0</ele></trkpt>
      <trkpt lat="46.735632" lon="4.685862"><ele>315.2</ele></trkpt>
      <trkpt lat="46.735559" lon="4.685796"><ele>316.2</ele></trkpt>
      <trkpt lat="46.735294" lon="4.685866"><ele>314.5</ele></trkpt>
      <trkpt lat="46.735191" lon="4.685870"><ele>314.2</ele></trkpt>
      <trkpt lat="46.735058" lon="4.685838"><ele>314.8</ele></trkpt>
      <trkpt lat="46.734782" lon="4.685743"><ele>314.2</ele></trkpt>
      <trkpt lat="46.734572" lon="4.685660"><ele>314.2</ele></trkpt>
      <trkpt lat="46.734313" lon="4.685549"><ele>313.0</ele></trkpt>
      <trkpt lat="46.733455" lon="4.685256"><ele>307.5</ele></trkpt>
      <trkpt lat="46.733201" lon="4.685135"><ele>305.8</ele></trkpt>
      <trkpt lat="46.732919" lon="4.684970"><ele>303.5</ele></trkpt>
      <trkpt lat="46.732671" lon="4.684876"><ele>303.5</ele></trkpt>
      <trkpt lat="46.732443" lon="4.684815"><ele>301.8</ele></trkpt>
      <trkpt lat="46.732386" lon="4.684809"><ele>301.0</ele></trkpt>
      <trkpt lat="46.732350" lon="4.684805"><ele>300.5</ele></trkpt>
      <trkpt lat="46.732270" lon="4.684797"><ele>299.5</ele></trkpt>
      <trkpt lat="46.732122" lon="4.684531"><ele>300.8</ele></trkpt>
      <trkpt lat="46.732111" lon="4.684328"><ele>301.2</ele></trkpt>
      <trkpt lat="46.732116" lon="4.684175"><ele>301.2</ele></trkpt>
      <trkpt lat="46.732158" lon="4.683562"><ele>301.8</ele></trkpt>
      <trkpt lat="46.732198" lon="4.683258"><ele>301.8</ele></trkpt>
      <trkpt lat="46.732219" lon="4.683008"><ele>301.8</ele></trkpt>
      <trkpt lat="46.732236" lon="4.682865"><ele>302.0</ele></trkpt>
      <trkpt lat="46.732319" lon="4.682461"><ele>302.8</ele></trkpt>
      <trkpt lat="46.732329" lon="4.682378"><ele>302.5</ele></trkpt>
      <trkpt lat="46.732320" lon="4.682228"><ele>302.0</ele></trkpt>
      <trkpt lat="46.732250" lon="4.681930"><ele>300.2</ele></trkpt>
      <trkpt lat="46.731662" lon="4.680879"><ele>298.5</ele></trkpt>
      <trkpt lat="46.731558" lon="4.680766"><ele>298.2</ele></trkpt>
      <trkpt lat="46.731448" lon="4.680680"><ele>298.2</ele></trkpt>
      <trkpt lat="46.731313" lon="4.680605"><ele>298.2</ele></trkpt>
      <trkpt lat="46.731066" lon="4.680499"><ele>298.0</ele></trkpt>
      <trkpt lat="46.731008" lon="4.680491"><ele>298.0</ele></trkpt>
      <trkpt lat="46.730888" lon="4.680510"><ele>298.0</ele></trkpt>
      <trkpt lat="46.730829" lon="4.680527"><ele>298.0</ele></trkpt>
      <trkpt lat="46.730689" lon="4.680568"><ele>299.0</ele></trkpt>
      <trkpt lat="46.730524" lon="4.680638"><ele>300.5</ele></trkpt>
      <trkpt lat="46.730402" lon="4.680715"><ele>302.0</ele></trkpt>
      <trkpt lat="46.730299" lon="4.680851"><ele>302.8</ele></trkpt>
      <trkpt lat="46.730131" lon="4.681119"><ele>306.5</ele></trkpt>
      <trkpt lat="46.730034" lon="4.681215"><ele>307.5</ele></trkpt>
      <trkpt lat="46.729942" lon="4.681268"><ele>308.5</ele></trkpt>
      <trkpt lat="46.729766" lon="4.681290"><ele>310.0</ele></trkpt>
      <trkpt lat="46.729659" lon="4.681279"><ele>311.0</ele></trkpt>
      <trkpt lat="46.729544" lon="4.681251"><ele>312.0</ele></trkpt>
      <trkpt lat="46.729003" lon="4.681051"><ele>315.2</ele></trkpt>
      <trkpt lat="46.728891" lon="4.681042"><ele>316.0</ele></trkpt>
      <trkpt lat="46.728795" lon="4.681048"><ele>316.8</ele></trkpt>
      <trkpt lat="46.728211" lon="4.681149"><ele>320.8</ele></trkpt>
      <trkpt lat="46.727972" lon="4.681214"><ele>322.2</ele></trkpt>
      <trkpt lat="46.727471" lon="4.681332"><ele>320.5</ele></trkpt>
      <trkpt lat="46.727360" lon="4.681380"><ele>319.5</ele></trkpt>
      <trkpt lat="46.727268" lon="4.681433"><ele>318.8</ele></trkpt>
      <trkpt lat="46.727193" lon="4.681488"><ele>318.0</ele></trkpt>
      <trkpt lat="46.727163" lon="4.681520"><ele>317.8</ele></trkpt>
      <trkpt lat="46.727044" lon="4.681410"><ele>318.2</ele></trkpt>
      <trkpt lat="46.726983" lon="4.681330"><ele>318.5</ele></trkpt>
      <trkpt lat="46.726843" lon="4.681073"><ele>320.0</ele></trkpt>
      <trkpt lat="46.726715" lon="4.680800"><ele>321.8</ele></trkpt>
      <trkpt lat="46.726644" lon="4.680663"><ele>322.8</ele></trkpt>
      <trkpt lat="46.726596" lon="4.680603"><ele>323.2</ele></trkpt>
      <trkpt lat="46.726544" lon="4.680563"><ele>323.2</ele></trkpt>
      <trkpt lat="46.726484" lon="4.680546"><ele>323.2</ele></trkpt>
      <trkpt lat="46.726299" lon="4.680583"><ele>322.8</ele></trkpt>
      <trkpt lat="46.726217" lon="4.680586"><ele>322.8</ele></trkpt>
      <trkpt lat="46.726075" lon="4.680563"><ele>323.0</ele></trkpt>
      <trkpt lat="46.725856" lon="4.680569"><ele>323.8</ele></trkpt>
      <trkpt lat="46.725478" lon="4.680693"><ele>326.5</ele></trkpt>
      <trkpt lat="46.725289" lon="4.680770"><ele>327.2</ele></trkpt>
      <trkpt lat="46.725209" lon="4.680766"><ele>328.0</ele></trkpt>
      <trkpt lat="46.725147" lon="4.680736"><ele>329.0</ele></trkpt>
      <trkpt lat="46.725076" lon="4.680659"><ele>330.2</ele></trkpt>
      <trkpt lat="46.725044" lon="4.680586"><ele>331.2</ele></trkpt>
      <trkpt lat="46.725003" lon="4.680393"><ele>332.5</ele></trkpt>
      <trkpt lat="46.724993" lon="4.680251"><ele>333.2</ele></trkpt>
      <trkpt lat="46.724977" lon="4.680151"><ele>334.0</ele></trkpt>
      <trkpt lat="46.724847" lon="4.679826"><ele>338.8</ele></trkpt>
      <trkpt lat="46.724767" lon="4.679602"><ele>341.5</ele></trkpt>
      <trkpt lat="46.724667" lon="4.679362"><ele>344.8</ele></trkpt>
      <trkpt lat="46.724621" lon="4.679205"><ele>347.2</ele></trkpt>
      <trkpt lat="46.724607" lon="4.679062"><ele>348.8</ele></trkpt>
      <trkpt lat="46.724618" lon="4.678787"><ele>351.0</ele></trkpt>
      <trkpt lat="46.724639" lon="4.678521"><ele>353.0</ele></trkpt>
      <trkpt lat="46.724667" lon="4.678312"><ele>354.2</ele></trkpt>
      <trkpt lat="46.724694" lon="4.678165"><ele>355.8</ele></trkpt>
      <trkpt lat="46.724772" lon="4.677942"><ele>359.0</ele></trkpt>
      <trkpt lat="46.724859" lon="4.677781"><ele>361.2</ele></trkpt>
      <trkpt lat="46.725222" lon="4.677404"><ele>367.0</ele></trkpt>
      <trkpt lat="46.725375" lon="4.677158"><ele>370.0</ele></trkpt>
      <trkpt lat="46.725460" lon="4.676990"><ele>372.0</ele></trkpt>
      <trkpt lat="46.725527" lon="4.676842"><ele>373.5</ele></trkpt>
      <trkpt lat="46.725579" lon="4.676708"><ele>375.2</ele></trkpt>
      <trkpt lat="46.725607" lon="4.676595"><ele>376.2</ele></trkpt>
      <trkpt lat="46.725615" lon="4.676519"><ele>377.0</ele></trkpt>
      <trkpt lat="46.725615" lon="4.676435"><ele>378.0</ele></trkpt>
      <trkpt lat="46.725600" lon="4.676357"><ele>378.8</ele></trkpt>
      <trkpt lat="46.725590" lon="4.676298"><ele>379.2</ele></trkpt>
      <trkpt lat="46.725435" lon="4.676164"><ele>381.2</ele></trkpt>
      <trkpt lat="46.725296" lon="4.676005"><ele>383.5</ele></trkpt>
      <trkpt lat="46.725235" lon="4.675985"><ele>384.0</ele></trkpt>
      <trkpt lat="46.724932" lon="4.675759"><ele>387.2</ele></trkpt>
      <trkpt lat="46.724780" lon="4.675637"><ele>388.2</ele></trkpt>
      <trkpt lat="46.724602" lon="4.675451"><ele>390.0</ele></trkpt>
      <trkpt lat="46.724405" lon="4.675163"><ele>392.8</ele></trkpt>
      <trkpt lat="46.724346" lon="4.675118"><ele>393.5</ele></trkpt>
      <trkpt lat="46.724273" lon="4.675098"><ele>394.2</ele></trkpt>
      <trkpt lat="46.724183" lon="4.675065"><ele>395.5</ele></trkpt>
      <trkpt lat="46.724152" lon="4.675016"><ele>396.5</ele></trkpt>
      <trkpt lat="46.724136" lon="4.674992"><ele>396.5</ele></trkpt>
      <trkpt lat="46.724091" lon="4.674866"><ele>397.8</ele></trkpt>
      <trkpt lat="46.723979" lon="4.674496"><ele>399.0</ele></trkpt>
      <trkpt lat="46.723930" lon="4.674570"><ele>399.8</ele></trkpt>
      <trkpt lat="46.723825" lon="4.674917"><ele>403.5</ele></trkpt>
      <trkpt lat="46.723723" lon="4.675228"><ele>406.2</ele></trkpt>
      <trkpt lat="46.723677" lon="4.675316"><ele>407.5</ele></trkpt>
      <trkpt lat="46.723624" lon="4.675387"><ele>408.8</ele></trkpt>
      <trkpt lat="46.723533" lon="4.675471"><ele>410.5</ele></trkpt>
      <trkpt lat="46.723443" lon="4.675533"><ele>412.2</ele></trkpt>
      <trkpt lat="46.723196" lon="4.675681"><ele>416.8</ele></trkpt>
      <trkpt lat="46.722942" lon="4.675849"><ele>419.5</ele></trkpt>
      <trkpt lat="46.722709" lon="4.675957"><ele>420.5</ele></trkpt>
      <trkpt lat="46.722348" lon="4.676132"><ele>423.5</ele></trkpt>
      <trkpt lat="46.722271" lon="4.676174"><ele>423.5</ele></trkpt>
      <trkpt lat="46.722207" lon="4.676229"><ele>423.2</ele></trkpt>
      <trkpt lat="46.722139" lon="4.676305"><ele>422.8</ele></trkpt>
      <trkpt lat="46.722008" lon="4.676472"><ele>422.0</ele></trkpt>
      <trkpt lat="46.721934" lon="4.676528"><ele>422.0</ele></trkpt>
      <trkpt lat="46.721852" lon="4.676575"><ele>421.5</ele></trkpt>
      <trkpt lat="46.721630" lon="4.676657"><ele>423.0</ele></trkpt>
      <trkpt lat="46.721405" lon="4.676762"><ele>422.2</ele></trkpt>
      <trkpt lat="46.720878" lon="4.676954"><ele>422.8</ele></trkpt>
      <trkpt lat="46.720784" lon="4.676961"><ele>422.8</ele></trkpt>
      <trkpt lat="46.720683" lon="4.676954"><ele>422.2</ele></trkpt>
      <trkpt lat="46.720168" lon="4.676878"><ele>422.0</ele></trkpt>
      <trkpt lat="46.719741" lon="4.676842"><ele>418.8</ele></trkpt>
      <trkpt lat="46.719676" lon="4.676812"><ele>418.5</ele></trkpt>
      <trkpt lat="46.719658" lon="4.676793"><ele>418.2</ele></trkpt>
      <trkpt lat="46.719630" lon="4.676764"><ele>418.2</ele></trkpt>
      <trkpt lat="46.719597" lon="4.676686"><ele>418.0</ele></trkpt>
      <trkpt lat="46.719570" lon="4.676579"><ele>418.0</ele></trkpt>
      <trkpt lat="46.719514" lon="4.676287"><ele>417.0</ele></trkpt>
      <trkpt lat="46.719474" lon="4.676113"><ele>415.0</ele></trkpt>
      <trkpt lat="46.719439" lon="4.676013"><ele>414.8</ele></trkpt>
      <trkpt lat="46.719392" lon="4.675937"><ele>414.5</ele></trkpt>
      <trkpt lat="46.719261" lon="4.675780"><ele>413.2</ele></trkpt>
      <trkpt lat="46.719140" lon="4.675647"><ele>412.0</ele></trkpt>
      <trkpt lat="46.719092" lon="4.675609"><ele>411.8</ele></trkpt>
      <trkpt lat="46.719039" lon="4.675568"><ele>411.5</ele></trkpt>
      <trkpt lat="46.718957" lon="4.675543"><ele>411.0</ele></trkpt>
      <trkpt lat="46.718845" lon="4.675531"><ele>410.8</ele></trkpt>
      <trkpt lat="46.718683" lon="4.675524"><ele>410.0</ele></trkpt>
      <trkpt lat="46.718443" lon="4.675511"><ele>408.8</ele></trkpt>
      <trkpt lat="46.718359" lon="4.675476"><ele>408.2</ele></trkpt>
      <trkpt lat="46.718276" lon="4.675426"><ele>407.8</ele></trkpt>
      <trkpt lat="46.717886" lon="4.675152"><ele>405.8</ele></trkpt>
      <trkpt lat="46.717736" lon="4.675076"><ele>405.0</ele></trkpt>
      <trkpt lat="46.717614" lon="4.675033"><ele>404.5</ele></trkpt>
      <trkpt lat="46.717291" lon="4.674951"><ele>403.0</ele></trkpt>
      <trkpt lat="46.717180" lon="4.674905"><ele>402.5</ele></trkpt>
      <trkpt lat="46.717038" lon="4.674861"><ele>401.8</ele></trkpt>
      <trkpt lat="46.716988" lon="4.674846"><ele>401.5</ele></trkpt>
      <trkpt lat="46.716821" lon="4.674768"><ele>400.5</ele></trkpt>
      <trkpt lat="46.716667" lon="4.674720"><ele>400.0</ele></trkpt>
      <trkpt lat="46.716622" lon="4.674682"><ele>399.8</ele></trkpt>
      <trkpt lat="46.716613" lon="4.674660"><ele>399.8</ele></trkpt>
      <trkpt lat="46.716588" lon="4.674602"><ele>399.5</ele></trkpt>
      <trkpt lat="46.716565" lon="4.674490"><ele>399.2</ele></trkpt>
      <trkpt lat="46.716488" lon="4.673926"><ele>397.0</ele></trkpt>
      <trkpt lat="46.716458" lon="4.673773"><ele>396.5</ele></trkpt>
      <trkpt lat="46.716416" lon="4.673610"><ele>395.8</ele></trkpt>
      <trkpt lat="46.716398" lon="4.673466"><ele>395.2</ele></trkpt>
      <trkpt lat="46.716386" lon="4.673213"><ele>394.5</ele></trkpt>
      <trkpt lat="46.716353" lon="4.673097"><ele>394.0</ele></trkpt>
      <trkpt lat="46.716279" lon="4.672983"><ele>393.5</ele></trkpt>
      <trkpt lat="46.716181" lon="4.672868"><ele>393.5</ele></trkpt>
      <trkpt lat="46.716222" lon="4.672741"><ele>393.5</ele></trkpt>
      <trkpt lat="46.716481" lon="4.671779"><ele>390.0</ele></trkpt>
      <trkpt lat="46.716666" lon="4.671022"><ele>386.0</ele></trkpt>
      <trkpt lat="46.716704" lon="4.670764"><ele>385.5</ele></trkpt>
      <trkpt lat="46.716688" lon="4.670635"><ele>384.5</ele></trkpt>
      <trkpt lat="46.716656" lon="4.670556"><ele>384.0</ele></trkpt>
      <trkpt lat="46.716457" lon="4.670383"><ele>383.0</ele></trkpt>
      <trkpt lat="46.716183" lon="4.670207"><ele>381.8</ele></trkpt>
      <trkpt lat="46.716040" lon="4.670064"><ele>381.0</ele></trkpt>
      <trkpt lat="46.715400" lon="4.668936"><ele>377.2</ele></trkpt>
      <trkpt lat="46.715277" lon="4.668750"><ele>377.5</ele></trkpt>
      <trkpt lat="46.715284" lon="4.669406"><ele>375.0</ele></trkpt>
      <trkpt lat="46.715274" lon="4.669571"><ele>374.5</ele></trkpt>
      <trkpt lat="46.715250" lon="4.669710"><ele>374.0</ele></trkpt>
      <trkpt lat="46.715203" lon="4.669864"><ele>374.2</ele></trkpt>
      <trkpt lat="46.715147" lon="4.669999"><ele>374.0</ele></trkpt>
      <trkpt lat="46.715076" lon="4.670113"><ele>373.2</ele></trkpt>
      <trkpt lat="46.714996" lon="4.670208"><ele>371.8</ele></trkpt>
      <trkpt lat="46.714904" lon="4.670279"><ele>370.8</ele></trkpt>
      <trkpt lat="46.714792" lon="4.670337"><ele>370.8</ele></trkpt>
      <trkpt lat="46.714641" lon="4.670395"><ele>370.2</ele></trkpt>
      <trkpt lat="46.714025" lon="4.670590"><ele>365.0</ele></trkpt>
      <trkpt lat="46.713887" lon="4.670655"><ele>363.5</ele></trkpt>
      <trkpt lat="46.713755" lon="4.670750"><ele>362.2</ele></trkpt>
      <trkpt lat="46.713638" lon="4.670851"><ele>361.2</ele></trkpt>
      <trkpt lat="46.713304" lon="4.671191"><ele>359.5</ele></trkpt>
      <trkpt lat="46.713090" lon="4.671381"><ele>357.8</ele></trkpt>
      <trkpt lat="46.713068" lon="4.671400"><ele>357.5</ele></trkpt>
      <trkpt lat="46.712915" lon="4.671304"><ele>354.8</ele></trkpt>
      <trkpt lat="46.712416" lon="4.671024"><ele>355.0</ele></trkpt>
      <trkpt lat="46.711954" lon="4.670740"><ele>353.5</ele></trkpt>
      <trkpt lat="46.711897" lon="4.670728"><ele>353.0</ele></trkpt>
      <trkpt lat="46.711734" lon="4.670736"><ele>351.5</ele></trkpt>
      <trkpt lat="46.711416" lon="4.670799"><ele>348.5</ele></trkpt>
      <trkpt lat="46.711089" lon="4.670782"><ele>347.0</ele></trkpt>
      <trkpt lat="46.711028" lon="4.670786"><ele>346.5</ele></trkpt>
      <trkpt lat="46.710938" lon="4.670811"><ele>345.8</ele></trkpt>
      <trkpt lat="46.710896" lon="4.670841"><ele>345.0</ele></trkpt>
      <trkpt lat="46.710848" lon="4.670874"><ele>344.2</ele></trkpt>
      <trkpt lat="46.710161" lon="4.671017"><ele>341.8</ele></trkpt>
      <trkpt lat="46.708827" lon="4.671236"><ele>339.2</ele></trkpt>
      <trkpt lat="46.708645" lon="4.671256"><ele>338.5</ele></trkpt>
      <trkpt lat="46.708530" lon="4.671252"><ele>338.2</ele></trkpt>
      <trkpt lat="46.708430" lon="4.671236"><ele>338.8</ele></trkpt>
      <trkpt lat="46.708181" lon="4.671169"><ele>339.5</ele></trkpt>
      <trkpt lat="46.708013" lon="4.671125"><ele>339.5</ele></trkpt>
      <trkpt lat="46.707942" lon="4.671083"><ele>339.8</ele></trkpt>
      <trkpt lat="46.707766" lon="4.670942"><ele>340.8</ele></trkpt>
      <trkpt lat="46.707656" lon="4.670920"><ele>340.2</ele></trkpt>
      <trkpt lat="46.707407" lon="4.670719"><ele>341.2</ele></trkpt>
      <trkpt lat="46.707329" lon="4.670614"><ele>342.2</ele></trkpt>
      <trkpt lat="46.707280" lon="4.670505"><ele>343.2</ele></trkpt>
      <trkpt lat="46.707171" lon="4.670404"><ele>342.8</ele></trkpt>
      <trkpt lat="46.707070" lon="4.670312"><ele>342.0</ele></trkpt>
      <trkpt lat="46.706890" lon="4.670408"><ele>338.8</ele></trkpt>
      <trkpt lat="46.706782" lon="4.670493"><ele>336.2</ele></trkpt>
      <trkpt lat="46.706535" lon="4.670668"><ele>331.5</ele></trkpt>
      <trkpt lat="46.706408" lon="4.670794"><ele>328.5</ele></trkpt>
      <trkpt lat="46.706317" lon="4.670907"><ele>327.0</ele></trkpt>
      <trkpt lat="46.706182" lon="4.671108"><ele>324.0</ele></trkpt>
      <trkpt lat="46.706073" lon="4.671248"><ele>321.8</ele></trkpt>
      <trkpt lat="46.706007" lon="4.671282"><ele>321.0</ele></trkpt>
      <trkpt lat="46.705965" lon="4.671141"><ele>322.0</ele></trkpt>
      <trkpt lat="46.705836" lon="4.671024"><ele>322.5</ele></trkpt>
      <trkpt lat="46.705811" lon="4.671011"><ele>322.5</ele></trkpt>
      <trkpt lat="46.705771" lon="4.670989"><ele>322.8</ele></trkpt>
      <trkpt lat="46.705608" lon="4.670953"><ele>323.5</ele></trkpt>
      <trkpt lat="46.705171" lon="4.670908"><ele>326.8</ele></trkpt>
      <trkpt lat="46.704963" lon="4.670873"><ele>328.8</ele></trkpt>
      <trkpt lat="46.704648" lon="4.670833"><ele>332.0</ele></trkpt>
      <trkpt lat="46.704391" lon="4.670524"><ele>337.2</ele></trkpt>
      <trkpt lat="46.704331" lon="4.670559"><ele>338.2</ele></trkpt>
      <trkpt lat="46.704095" lon="4.670791"><ele>340.5</ele></trkpt>
      <trkpt lat="46.703900" lon="4.670986"><ele>341.0</ele></trkpt>
      <trkpt lat="46.703830" lon="4.671078"><ele>341.5</ele></trkpt>
      <trkpt lat="46.703765" lon="4.671185"><ele>342.0</ele></trkpt>
      <trkpt lat="46.703734" lon="4.671270"><ele>341.8</ele></trkpt>
      <trkpt lat="46.703535" lon="4.671950"><ele>340.5</ele></trkpt>
      <trkpt lat="46.703457" lon="4.672229"><ele>340.5</ele></trkpt>
      <trkpt lat="46.703355" lon="4.672637"><ele>338.0</ele></trkpt>
      <trkpt lat="46.703303" lon="4.672797"><ele>337.2</ele></trkpt>
      <trkpt lat="46.703257" lon="4.672899"><ele>337.0</ele></trkpt>
      <trkpt lat="46.703090" lon="4.673183"><ele>336.5</ele></trkpt>
      <trkpt lat="46.702997" lon="4.673303"><ele>336.0</ele></trkpt>
      <trkpt lat="46.702867" lon="4.673442"><ele>335.5</ele></trkpt>
      <trkpt lat="46.702670" lon="4.673614"><ele>335.0</ele></trkpt>
      <trkpt lat="46.702244" lon="4.673964"><ele>334.8</ele></trkpt>
      <trkpt lat="46.701992" lon="4.674142"><ele>334.5</ele></trkpt>
      <trkpt lat="46.701559" lon="4.674373"><ele>335.0</ele></trkpt>
      <trkpt lat="46.701434" lon="4.674428"><ele>335.5</ele></trkpt>
      <trkpt lat="46.701328" lon="4.674459"><ele>335.8</ele></trkpt>
      <trkpt lat="46.701211" lon="4.674476"><ele>335.5</ele></trkpt>
      <trkpt lat="46.700544" lon="4.674518"><ele>336.8</ele></trkpt>
      <trkpt lat="46.700508" lon="4.674520"><ele>337.0</ele></trkpt>
      <trkpt lat="46.700179" lon="4.674570"><ele>337.0</ele></trkpt>
      <trkpt lat="46.699877" lon="4.674645"><ele>336.2</ele></trkpt>
      <trkpt lat="46.699749" lon="4.674662"><ele>336.5</ele></trkpt>
      <trkpt lat="46.699609" lon="4.674667"><ele>336.2</ele></trkpt>
      <trkpt lat="46.699202" lon="4.674579"><ele>336.5</ele></trkpt>
      <trkpt lat="46.699133" lon="4.674572"><ele>336.8</ele></trkpt>
      <trkpt lat="46.698965" lon="4.674569"><ele>337.0</ele></trkpt>
      <trkpt lat="46.698632" lon="4.674589"><ele>338.0</ele></trkpt>
      <trkpt lat="46.698488" lon="4.674579"><ele>338.8</ele></trkpt>
      <trkpt lat="46.697947" lon="4.674469"><ele>343.2</ele></trkpt>
      <trkpt lat="46.697852" lon="4.674464"><ele>344.0</ele></trkpt>
      <trkpt lat="46.697765" lon="4.674480"><ele>344.5</ele></trkpt>
      <trkpt lat="46.697694" lon="4.674523"><ele>344.8</ele></trkpt>
      <trkpt lat="46.697614" lon="4.674592"><ele>344.8</ele></trkpt>
      <trkpt lat="46.697334" lon="4.674951"><ele>345.5</ele></trkpt>
      <trkpt lat="46.697107" lon="4.675197"><ele>347.0</ele></trkpt>
      <trkpt lat="46.696953" lon="4.675376"><ele>347.5</ele></trkpt>
      <trkpt lat="46.696873" lon="4.675655"><ele>346.8</ele></trkpt>
      <trkpt lat="46.696812" lon="4.675736"><ele>346.2</ele></trkpt>
      <trkpt lat="46.696760" lon="4.675785"><ele>345.8</ele></trkpt>
      <trkpt lat="46.696705" lon="4.675823"><ele>345.2</ele></trkpt>
      <trkpt lat="46.696611" lon="4.675861"><ele>344.2</ele></trkpt>
      <trkpt lat="46.696497" lon="4.675878"><ele>343.2</ele></trkpt>
      <trkpt lat="46.696394" lon="4.675874"><ele>342.0</ele></trkpt>
      <trkpt lat="46.696287" lon="4.675849"><ele>341.2</ele></trkpt>
      <trkpt lat="46.695986" lon="4.675756"><ele>338.8</ele></trkpt>
      <trkpt lat="46.695926" lon="4.675736"><ele>338.2</ele></trkpt>
      <trkpt lat="46.695569" lon="4.675623"><ele>333.8</ele></trkpt>
      <trkpt lat="46.695510" lon="4.675628"><ele>333.0</ele></trkpt>
      <trkpt lat="46.695453" lon="4.675669"><ele>332.0</ele></trkpt>
      <trkpt lat="46.695356" lon="4.675579"><ele>331.0</ele></trkpt>
      <trkpt lat="46.695272" lon="4.675493"><ele>330.0</ele></trkpt>
      <trkpt lat="46.695250" lon="4.675452"><ele>329.8</ele></trkpt>
      <trkpt lat="46.695230" lon="4.675414"><ele>329.5</ele></trkpt>
      <trkpt lat="46.695220" lon="4.675291"><ele>329.8</ele></trkpt>
      <trkpt lat="46.695195" lon="4.675103"><ele>330.0</ele></trkpt>
      <trkpt lat="46.695157" lon="4.674911"><ele>330.2</ele></trkpt>
      <trkpt lat="46.695104" lon="4.674713"><ele>330.2</ele></trkpt>
      <trkpt lat="46.695043" lon="4.674539"><ele>329.5</ele></trkpt>
      <trkpt lat="46.694967" lon="4.674371"><ele>329.2</ele></trkpt>
      <trkpt lat="46.694771" lon="4.673991"><ele>329.0</ele></trkpt>
      <trkpt lat="46.694654" lon="4.673796"><ele>329.2</ele></trkpt>
      <trkpt lat="46.694578" lon="4.673683"><ele>329.8</ele></trkpt>
      <trkpt lat="46.694512" lon="4.673605"><ele>330.0</ele></trkpt>
      <trkpt lat="46.694414" lon="4.673522"><ele>329.8</ele></trkpt>
      <trkpt lat="46.694204" lon="4.673390"><ele>328.5</ele></trkpt>
      <trkpt lat="46.694104" lon="4.673317"><ele>328.2</ele></trkpt>
      <trkpt lat="46.693968" lon="4.673205"><ele>328.0</ele></trkpt>
      <trkpt lat="46.693820" lon="4.673036"><ele>328.0</ele></trkpt>
      <trkpt lat="46.693233" lon="4.672179"><ele>329.8</ele></trkpt>
      <trkpt lat="46.693182" lon="4.672112"><ele>329.2</ele></trkpt>
      <trkpt lat="46.693005" lon="4.671978"><ele>328.2</ele></trkpt>
      <trkpt lat="46.692928" lon="4.671862"><ele>328.5</ele></trkpt>
      <trkpt lat="46.692860" lon="4.671792"><ele>328.2</ele></trkpt>
      <trkpt lat="46.692710" lon="4.671725"><ele>327.2</ele></trkpt>
      <trkpt lat="46.692642" lon="4.671716"><ele>327.0</ele></trkpt>
      <trkpt lat="46.692525" lon="4.671676"><ele>327.0</ele></trkpt>
      <trkpt lat="46.692246" lon="4.671521"><ele>327.0</ele></trkpt>
      <trkpt lat="46.692101" lon="4.671426"><ele>328.0</ele></trkpt>
      <trkpt lat="46.692068" lon="4.671412"><ele>328.0</ele></trkpt>
      <trkpt lat="46.691669" lon="4.671255"><ele>327.8</ele></trkpt>
      <trkpt lat="46.691269" lon="4.671128"><ele>327.2</ele></trkpt>
      <trkpt lat="46.691048" lon="4.671049"><ele>326.5</ele></trkpt>
      <trkpt lat="46.690921" lon="4.670993"><ele>327.0</ele></trkpt>
      <trkpt lat="46.690692" lon="4.670861"><ele>327.0</ele></trkpt>
      <trkpt lat="46.690551" lon="4.670742"><ele>326.8</ele></trkpt>
      <trkpt lat="46.690453" lon="4.670637"><ele>327.2</ele></trkpt>
      <trkpt lat="46.690143" lon="4.670159"><ele>329.8</ele></trkpt>
      <trkpt lat="46.689888" lon="4.669817"><ele>331.0</ele></trkpt>
      <trkpt lat="46.689833" lon="4.669720"><ele>331.8</ele></trkpt>
      <trkpt lat="46.689794" lon="4.669612"><ele>332.2</ele></trkpt>
      <trkpt lat="46.689762" lon="4.669487"><ele>332.8</ele></trkpt>
      <trkpt lat="46.689740" lon="4.669337"><ele>333.8</ele></trkpt>
      <trkpt lat="46.689711" lon="4.669231"><ele>334.2</ele></trkpt>
      <trkpt lat="46.689692" lon="4.669187"><ele>334.2</ele></trkpt>
      <trkpt lat="46.689669" lon="4.669132"><ele>334.2</ele></trkpt>
      <trkpt lat="46.689622" lon="4.669062"><ele>334.2</ele></trkpt>
      <trkpt lat="46.689544" lon="4.668968"><ele>333.8</ele></trkpt>
      <trkpt lat="46.689289" lon="4.668676"><ele>332.5</ele></trkpt>
      <trkpt lat="46.689220" lon="4.668623"><ele>331.8</ele></trkpt>
      <trkpt lat="46.689194" lon="4.668509"><ele>332.5</ele></trkpt>
      <trkpt lat="46.689180" lon="4.668392"><ele>333.5</ele></trkpt>
      <trkpt lat="46.689150" lon="4.668234"><ele>334.8</ele></trkpt>
      <trkpt lat="46.689039" lon="4.667720"><ele>338.5</ele></trkpt>
      <trkpt lat="46.688939" lon="4.667267"><ele>341.2</ele></trkpt>
      <trkpt lat="46.688901" lon="4.667056"><ele>342.8</ele></trkpt>
      <trkpt lat="46.688868" lon="4.666853"><ele>344.5</ele></trkpt>
      <trkpt lat="46.688817" lon="4.666367"><ele>349.2</ele></trkpt>
      <trkpt lat="46.688764" lon="4.666035"><ele>350.8</ele></trkpt>
      <trkpt lat="46.688699" lon="4.665738"><ele>353.0</ele></trkpt>
      <trkpt lat="46.688466" lon="4.664574"><ele>367.5</ele></trkpt>
      <trkpt lat="46.688398" lon="4.663983"><ele>375.5</ele></trkpt>
      <trkpt lat="46.688248" lon="4.663248"><ele>382.2</ele></trkpt>
      <trkpt lat="46.688215" lon="4.663062"><ele>383.8</ele></trkpt>
      <trkpt lat="46.688130" lon="4.663090"><ele>383.8</ele></trkpt>
      <trkpt lat="46.687938" lon="4.663227"><ele>384.0</ele></trkpt>
      <trkpt lat="46.687688" lon="4.663440"><ele>385.2</ele></trkpt>
      <trkpt lat="46.687607" lon="4.663488"><ele>386.0</ele></trkpt>
      <trkpt lat="46.687520" lon="4.663528"><ele>386.8</ele></trkpt>
      <trkpt lat="46.687350" lon="4.663567"><ele>388.0</ele></trkpt>
      <trkpt lat="46.687154" lon="4.663619"><ele>389.2</ele></trkpt>
      <trkpt lat="46.687090" lon="4.663649"><ele>389.8</ele></trkpt>
      <trkpt lat="46.687031" lon="4.663702"><ele>390.0</ele></trkpt>
      <trkpt lat="46.686950" lon="4.663797"><ele>390.2</ele></trkpt>
      <trkpt lat="46.686677" lon="4.664088"><ele>391.8</ele></trkpt>
      <trkpt lat="46.686476" lon="4.664283"><ele>392.5</ele></trkpt>
      <trkpt lat="46.686301" lon="4.664426"><ele>393.5</ele></trkpt>
      <trkpt lat="46.685687" lon="4.664776"><ele>396.8</ele></trkpt>
      <trkpt lat="46.685591" lon="4.664858"><ele>397.2</ele></trkpt>
      <trkpt lat="46.685442" lon="4.664950"><ele>397.5</ele></trkpt>
      <trkpt lat="46.685209" lon="4.665066"><ele>398.0</ele></trkpt>
      <trkpt lat="46.684914" lon="4.665161"><ele>399.2</ele></trkpt>
      <trkpt lat="46.684731" lon="4.665203"><ele>399.8</ele></trkpt>
      <trkpt lat="46.684519" lon="4.665242"><ele>400.0</ele></trkpt>
      <trkpt lat="46.684344" lon="4.665252"><ele>399.5</ele></trkpt>
      <trkpt lat="46.683458" lon="4.665205"><ele>396.5</ele></trkpt>
      <trkpt lat="46.682768" lon="4.665092"><ele>394.5</ele></trkpt>
      <trkpt lat="46.681904" lon="4.664906"><ele>392.0</ele></trkpt>
      <trkpt lat="46.681605" lon="4.664829"><ele>390.5</ele></trkpt>
      <trkpt lat="46.681386" lon="4.664797"><ele>390.0</ele></trkpt>
      <trkpt lat="46.681273" lon="4.664813"><ele>390.2</ele></trkpt>
      <trkpt lat="46.680998" lon="4.664891"><ele>391.2</ele></trkpt>
      <trkpt lat="46.680578" lon="4.665078"><ele>394.8</ele></trkpt>
      <trkpt lat="46.680217" lon="4.665264"><ele>398.2</ele></trkpt>
      <trkpt lat="46.679699" lon="4.665548"><ele>402.2</ele></trkpt>
      <trkpt lat="46.679474" lon="4.665671"><ele>404.5</ele></trkpt>
      <trkpt lat="46.679327" lon="4.665770"><ele>405.8</ele></trkpt>
      <trkpt lat="46.679178" lon="4.665820"><ele>406.8</ele></trkpt>
      <trkpt lat="46.678873" lon="4.665813"><ele>410.0</ele></trkpt>
      <trkpt lat="46.678750" lon="4.665828"><ele>411.5</ele></trkpt>
      <trkpt lat="46.678592" lon="4.665958"><ele>413.0</ele></trkpt>
      <trkpt lat="46.678381" lon="4.666067"><ele>414.5</ele></trkpt>
      <trkpt lat="46.678261" lon="4.666104"><ele>415.5</ele></trkpt>
      <trkpt lat="46.678167" lon="4.666120"><ele>416.0</ele></trkpt>
      <trkpt lat="46.677934" lon="4.666071"><ele>417.2</ele></trkpt>
      <trkpt lat="46.677814" lon="4.666063"><ele>417.8</ele></trkpt>
      <trkpt lat="46.677659" lon="4.666068"><ele>418.2</ele></trkpt>
      <trkpt lat="46.677470" lon="4.666048"><ele>419.0</ele></trkpt>
      <trkpt lat="46.677241" lon="4.665984"><ele>419.2</ele></trkpt>
      <trkpt lat="46.676974" lon="4.665886"><ele>419.8</ele></trkpt>
      <trkpt lat="46.676744" lon="4.665747"><ele>420.2</ele></trkpt>
      <trkpt lat="46.676114" lon="4.665421"><ele>420.2</ele></trkpt>
      <trkpt lat="46.675892" lon="4.665328"><ele>419.8</ele></trkpt>
      <trkpt lat="46.675381" lon="4.665092"><ele>418.8</ele></trkpt>
      <trkpt lat="46.675239" lon="4.665011"><ele>418.5</ele></trkpt>
      <trkpt lat="46.675025" lon="4.664853"><ele>417.8</ele></trkpt>
      <trkpt lat="46.674865" lon="4.664706"><ele>417.5</ele></trkpt>
      <trkpt lat="46.674675" lon="4.664588"><ele>416.5</ele></trkpt>
      <trkpt lat="46.674446" lon="4.664396"><ele>416.2</ele></trkpt>
      <trkpt lat="46.674210" lon="4.664255"><ele>415.5</ele></trkpt>
      <trkpt lat="46.673930" lon="4.664175"><ele>414.0</ele></trkpt>
      <trkpt lat="46.673692" lon="4.664097"><ele>413.0</ele></trkpt>
      <trkpt lat="46.673541" lon="4.664020"><ele>412.5</ele></trkpt>
      <trkpt lat="46.673453" lon="4.664000"><ele>412.2</ele></trkpt>
      <trkpt lat="46.673369" lon="4.663943"><ele>412.5</ele></trkpt>
      <trkpt lat="46.673308" lon="4.663834"><ele>412.8</ele></trkpt>
      <trkpt lat="46.673215" lon="4.663733"><ele>412.5</ele></trkpt>
      <trkpt lat="46.673140" lon="4.663676"><ele>412.0</ele></trkpt>
      <trkpt lat="46.673066" lon="4.663632"><ele>411.8</ele></trkpt>
      <trkpt lat="46.672976" lon="4.663593"><ele>411.8</ele></trkpt>
      <trkpt lat="46.672849" lon="4.663557"><ele>411.2</ele></trkpt>
      <trkpt lat="46.672651" lon="4.663524"><ele>410.5</ele></trkpt>
      <trkpt lat="46.672376" lon="4.663498"><ele>410.2</ele></trkpt>
      <trkpt lat="46.672129" lon="4.663535"><ele>410.5</ele></trkpt>
      <trkpt lat="46.671886" lon="4.663629"><ele>410.2</ele></trkpt>
      <trkpt lat="46.671707" lon="4.663718"><ele>411.5</ele></trkpt>
      <trkpt lat="46.671592" lon="4.663826"><ele>411.8</ele></trkpt>
      <trkpt lat="46.671311" lon="4.664195"><ele>411.5</ele></trkpt>
      <trkpt lat="46.670472" lon="4.665191"><ele>412.0</ele></trkpt>
      <trkpt lat="46.670400" lon="4.665266"><ele>412.0</ele></trkpt>
      <trkpt lat="46.670361" lon="4.665353"><ele>411.8</ele></trkpt>
      <trkpt lat="46.670310" lon="4.665508"><ele>411.0</ele></trkpt>
      <trkpt lat="46.670273" lon="4.665661"><ele>409.8</ele></trkpt>
      <trkpt lat="46.670258" lon="4.665756"><ele>408.8</ele></trkpt>
      <trkpt lat="46.670218" lon="4.665888"><ele>406.5</ele></trkpt>
      <trkpt lat="46.670163" lon="4.666004"><ele>404.0</ele></trkpt>
      <trkpt lat="46.670035" lon="4.666197"><ele>401.5</ele></trkpt>
      <trkpt lat="46.669950" lon="4.666305"><ele>400.0</ele></trkpt>
      <trkpt lat="46.669780" lon="4.666473"><ele>398.2</ele></trkpt>
      <trkpt lat="46.669571" lon="4.666647"><ele>395.2</ele></trkpt>
      <trkpt lat="46.669406" lon="4.666783"><ele>392.8</ele></trkpt>
      <trkpt lat="46.669206" lon="4.666924"><ele>389.2</ele></trkpt>
      <trkpt lat="46.669168" lon="4.666983"><ele>388.2</ele></trkpt>
      <trkpt lat="46.669164" lon="4.667030"><ele>387.8</ele></trkpt>
      <trkpt lat="46.669113" lon="4.667036"><ele>387.5</ele></trkpt>
      <trkpt lat="46.668935" lon="4.667079"><ele>386.5</ele></trkpt>
      <trkpt lat="46.668722" lon="4.667085"><ele>386.2</ele></trkpt>
      <trkpt lat="46.668442" lon="4.667072"><ele>386.8</ele></trkpt>
      <trkpt lat="46.668171" lon="4.667029"><ele>386.0</ele></trkpt>
      <trkpt lat="46.667975" lon="4.666992"><ele>384.2</ele></trkpt>
      <trkpt lat="46.667493" lon="4.666870"><ele>382.0</ele></trkpt>
      <trkpt lat="46.667392" lon="4.666832"><ele>382.2</ele></trkpt>
      <trkpt lat="46.667208" lon="4.666731"><ele>382.5</ele></trkpt>
      <trkpt lat="46.666914" lon="4.666557"><ele>380.2</ele></trkpt>
      <trkpt lat="46.666552" lon="4.666335"><ele>379.2</ele></trkpt>
      <trkpt lat="46.666196" lon="4.666192"><ele>377.8</ele></trkpt>
      <trkpt lat="46.666115" lon="4.666174"><ele>376.8</ele></trkpt>
      <trkpt lat="46.666066" lon="4.666126"><ele>377.0</ele></trkpt>
      <trkpt lat="46.665992" lon="4.666076"><ele>377.8</ele></trkpt>
      <trkpt lat="46.665652" lon="4.665958"><ele>378.0</ele></trkpt>
      <trkpt lat="46.665522" lon="4.665903"><ele>378.0</ele></trkpt>
      <trkpt lat="46.665387" lon="4.665830"><ele>377.5</ele></trkpt>
      <trkpt lat="46.665332" lon="4.665818"><ele>377.2</ele></trkpt>
      <trkpt lat="46.665279" lon="4.665816"><ele>376.5</ele></trkpt>
      <trkpt lat="46.665202" lon="4.665838"><ele>376.5</ele></trkpt>
      <trkpt lat="46.664922" lon="4.665952"><ele>377.0</ele></trkpt>
      <trkpt lat="46.664684" lon="4.666035"><ele>377.2</ele></trkpt>
      <trkpt lat="46.664552" lon="4.666056"><ele>378.0</ele></trkpt>
      <trkpt lat="46.664477" lon="4.666046"><ele>378.8</ele></trkpt>
      <trkpt lat="46.664377" lon="4.666012"><ele>379.2</ele></trkpt>
      <trkpt lat="46.664201" lon="4.665933"><ele>379.0</ele></trkpt>
      <trkpt lat="46.664088" lon="4.665873"><ele>378.5</ele></trkpt>
      <trkpt lat="46.663668" lon="4.665604"><ele>378.2</ele></trkpt>
      <trkpt lat="46.663512" lon="4.665522"><ele>378.0</ele></trkpt>
      <trkpt lat="46.663419" lon="4.665496"><ele>377.5</ele></trkpt>
      <trkpt lat="46.663344" lon="4.665453"><ele>377.5</ele></trkpt>
      <trkpt lat="46.662709" lon="4.665186"><ele>378.2</ele></trkpt>
      <trkpt lat="46.662585" lon="4.665143"><ele>378.8</ele></trkpt>
      <trkpt lat="46.662370" lon="4.665101"><ele>378.5</ele></trkpt>
      <trkpt lat="46.662229" lon="4.665112"><ele>377.8</ele></trkpt>
      <trkpt lat="46.661734" lon="4.665185"><ele>375.2</ele></trkpt>
      <trkpt lat="46.661521" lon="4.665200"><ele>374.2</ele></trkpt>
      <trkpt lat="46.661284" lon="4.665198"><ele>374.0</ele></trkpt>
      <trkpt lat="46.661149" lon="4.665187"><ele>374.2</ele></trkpt>
      <trkpt lat="46.661057" lon="4.665167"><ele>374.5</ele></trkpt>
      <trkpt lat="46.660819" lon="4.665067"><ele>375.2</ele></trkpt>
      <trkpt lat="46.660687" lon="4.664999"><ele>375.2</ele></trkpt>
      <trkpt lat="46.660613" lon="4.664974"><ele>375.8</ele></trkpt>
      <trkpt lat="46.660530" lon="4.664960"><ele>375.5</ele></trkpt>
      <trkpt lat="46.660456" lon="4.664962"><ele>375.0</ele></trkpt>
      <trkpt lat="46.660392" lon="4.664980"><ele>374.0</ele></trkpt>
      <trkpt lat="46.660286" lon="4.665032"><ele>372.5</ele></trkpt>
      <trkpt lat="46.660238" lon="4.665047"><ele>371.8</ele></trkpt>
      <trkpt lat="46.660132" lon="4.665042"><ele>370.8</ele></trkpt>
      <trkpt lat="46.660034" lon="4.664991"><ele>370.5</ele></trkpt>
      <trkpt lat="46.659920" lon="4.664893"><ele>370.5</ele></trkpt>
      <trkpt lat="46.659796" lon="4.664715"><ele>370.5</ele></trkpt>
      <trkpt lat="46.659730" lon="4.664641"><ele>370.5</ele></trkpt>
      <trkpt lat="46.659677" lon="4.664594"><ele>370.5</ele></trkpt>
      <trkpt lat="46.659530" lon="4.664490"><ele>369.2</ele></trkpt>
      <trkpt lat="46.659488" lon="4.664448"><ele>368.8</ele></trkpt>
      <trkpt lat="46.659433" lon="4.664297"><ele>369.2</ele></trkpt>
      <trkpt lat="46.659378" lon="4.664178"><ele>369.2</ele></trkpt>
      <trkpt lat="46.659315" lon="4.664063"><ele>369.8</ele></trkpt>
      <trkpt lat="46.659246" lon="4.663968"><ele>369.2</ele></trkpt>
      <trkpt lat="46.658638" lon="4.663213"><ele>363.5</ele></trkpt>
      <trkpt lat="46.658596" lon="4.663153"><ele>363.2</ele></trkpt>
      <trkpt lat="46.658552" lon="4.663085"><ele>363.0</ele></trkpt>
      <trkpt lat="46.658422" lon="4.662836"><ele>362.5</ele></trkpt>
      <trkpt lat="46.658370" lon="4.662755"><ele>361.5</ele></trkpt>
      <trkpt lat="46.658219" lon="4.662583"><ele>360.2</ele></trkpt>
      <trkpt lat="46.658024" lon="4.662423"><ele>361.2</ele></trkpt>
      <trkpt lat="46.657913" lon="4.662361"><ele>362.2</ele></trkpt>
      <trkpt lat="46.657831" lon="4.662333"><ele>362.2</ele></trkpt>
      <trkpt lat="46.657366" lon="4.662190"><ele>364.0</ele></trkpt>
      <trkpt lat="46.657267" lon="4.662124"><ele>366.0</ele></trkpt>
      <trkpt lat="46.657232" lon="4.662089"><ele>366.8</ele></trkpt>
      <trkpt lat="46.657139" lon="4.661958"><ele>369.2</ele></trkpt>
      <trkpt lat="46.657034" lon="4.661865"><ele>370.8</ele></trkpt>
      <trkpt lat="46.656942" lon="4.661793"><ele>371.8</ele></trkpt>
      <trkpt lat="46.656832" lon="4.661735"><ele>372.2</ele></trkpt>
      <trkpt lat="46.656727" lon="4.661688"><ele>372.2</ele></trkpt>
      <trkpt lat="46.656647" lon="4.661662"><ele>371.8</ele></trkpt>
      <trkpt lat="46.656592" lon="4.661653"><ele>371.2</ele></trkpt>
      <trkpt lat="46.656278" lon="4.661666"><ele>365.5</ele></trkpt>
      <trkpt lat="46.656219" lon="4.661667"><ele>364.2</ele></trkpt>
      <trkpt lat="46.656165" lon="4.661652"><ele>363.5</ele></trkpt>
      <trkpt lat="46.656069" lon="4.661588"><ele>363.5</ele></trkpt>
      <trkpt lat="46.655642" lon="4.661160"><ele>361.0</ele></trkpt>
      <trkpt lat="46.655500" lon="4.661012"><ele>360.0</ele></trkpt>
      <trkpt lat="46.655030" lon="4.660442"><ele>356.5</ele></trkpt>
      <trkpt lat="46.654820" lon="4.660089"><ele>356.2</ele></trkpt>
      <trkpt lat="46.654521" lon="4.659477"><ele>353.5</ele></trkpt>
      <trkpt lat="46.654435" lon="4.659339"><ele>352.0</ele></trkpt>
      <trkpt lat="46.654350" lon="4.659184"><ele>351.8</ele></trkpt>
      <trkpt lat="46.654290" lon="4.659035"><ele>350.5</ele></trkpt>
      <trkpt lat="46.654241" lon="4.658865"><ele>349.2</ele></trkpt>
      <trkpt lat="46.654161" lon="4.658473"><ele>346.8</ele></trkpt>
      <trkpt lat="46.654131" lon="4.658361"><ele>346.0</ele></trkpt>
      <trkpt lat="46.653996" lon="4.657979"><ele>343.5</ele></trkpt>
      <trkpt lat="46.653925" lon="4.657740"><ele>341.8</ele></trkpt>
      <trkpt lat="46.653898" lon="4.657626"><ele>340.8</ele></trkpt>
      <trkpt lat="46.653847" lon="4.657335"><ele>339.5</ele></trkpt>
      <trkpt lat="46.653823" lon="4.657133"><ele>338.5</ele></trkpt>
      <trkpt lat="46.653812" lon="4.656862"><ele>336.8</ele></trkpt>
      <trkpt lat="46.653817" lon="4.656581"><ele>335.5</ele></trkpt>
      <trkpt lat="46.653820" lon="4.655930"><ele>330.0</ele></trkpt>
      <trkpt lat="46.653810" lon="4.655449"><ele>324.2</ele></trkpt>
      <trkpt lat="46.653791" lon="4.655150"><ele>322.2</ele></trkpt>
      <trkpt lat="46.653782" lon="4.655086"><ele>322.2</ele></trkpt>
      <trkpt lat="46.653763" lon="4.655025"><ele>322.0</ele></trkpt>
      <trkpt lat="46.653724" lon="4.654973"><ele>321.8</ele></trkpt>
      <trkpt lat="46.653554" lon="4.654858"><ele>320.8</ele></trkpt>
      <trkpt lat="46.653455" lon="4.654808"><ele>319.8</ele></trkpt>
      <trkpt lat="46.653448" lon="4.654863"><ele>319.2</ele></trkpt>
      <trkpt lat="46.653359" lon="4.654817"><ele>318.5</ele></trkpt>
      <trkpt lat="46.653236" lon="4.654735"><ele>317.5</ele></trkpt>
      <trkpt lat="46.652993" lon="4.654590"><ele>315.2</ele></trkpt>
      <trkpt lat="46.652723" lon="4.654412"><ele>312.2</ele></trkpt>
      <trkpt lat="46.652627" lon="4.654358"><ele>311.5</ele></trkpt>
      <trkpt lat="46.652519" lon="4.654312"><ele>310.0</ele></trkpt>
      <trkpt lat="46.652363" lon="4.654272"><ele>308.5</ele></trkpt>
      <trkpt lat="46.652142" lon="4.654266"><ele>306.2</ele></trkpt>
      <trkpt lat="46.651992" lon="4.654271"><ele>305.0</ele></trkpt>
      <trkpt lat="46.651889" lon="4.654283"><ele>304.0</ele></trkpt>
      <trkpt lat="46.651763" lon="4.654315"><ele>302.8</ele></trkpt>
      <trkpt lat="46.651674" lon="4.654347"><ele>301.2</ele></trkpt>
      <trkpt lat="46.651419" lon="4.654479"><ele>297.5</ele></trkpt>
      <trkpt lat="46.651079" lon="4.654615"><ele>293.5</ele></trkpt>
      <trkpt lat="46.650758" lon="4.654724"><ele>290.0</ele></trkpt>
      <trkpt lat="46.650663" lon="4.654748"><ele>289.0</ele></trkpt>
      <trkpt lat="46.650579" lon="4.654758"><ele>288.0</ele></trkpt>
      <trkpt lat="46.650317" lon="4.654740"><ele>286.0</ele></trkpt>
      <trkpt lat="46.650264" lon="4.654683"><ele>286.2</ele></trkpt>
      <trkpt lat="46.650216" lon="4.654647"><ele>286.0</ele></trkpt>
      <trkpt lat="46.649981" lon="4.654564"><ele>283.2</ele></trkpt>
      <trkpt lat="46.649443" lon="4.654353"><ele>279.8</ele></trkpt>
      <trkpt lat="46.649185" lon="4.654264"><ele>278.5</ele></trkpt>
      <trkpt lat="46.649089" lon="4.654233"><ele>279.8</ele></trkpt>
      <trkpt lat="46.648934" lon="4.654185"><ele>282.8</ele></trkpt>
      <trkpt lat="46.648819" lon="4.654177"><ele>284.5</ele></trkpt>
      <trkpt lat="46.648689" lon="4.654195"><ele>285.8</ele></trkpt>
      <trkpt lat="46.648622" lon="4.654217"><ele>286.2</ele></trkpt>
      <trkpt lat="46.648559" lon="4.654252"><ele>287.2</ele></trkpt>
      <trkpt lat="46.648472" lon="4.654312"><ele>288.2</ele></trkpt>
      <trkpt lat="46.648415" lon="4.654367"><ele>288.8</ele></trkpt>
      <trkpt lat="46.648357" lon="4.654440"><ele>288.5</ele></trkpt>
      <trkpt lat="46.647651" lon="4.655538"><ele>296.2</ele></trkpt>
      <trkpt lat="46.647490" lon="4.655812"><ele>297.2</ele></trkpt>
      <trkpt lat="46.647381" lon="4.656064"><ele>297.8</ele></trkpt>
      <trkpt lat="46.647303" lon="4.656207"><ele>298.2</ele></trkpt>
      <trkpt lat="46.647215" lon="4.656317"><ele>299.2</ele></trkpt>
      <trkpt lat="46.647138" lon="4.656381"><ele>299.5</ele></trkpt>
      <trkpt lat="46.647118" lon="4.656446"><ele>299.2</ele></trkpt>
      <trkpt lat="46.646811" lon="4.657166"><ele>299.2</ele></trkpt>
      <trkpt lat="46.646405" lon="4.658147"><ele>297.8</ele></trkpt>
      <trkpt lat="46.646288" lon="4.658444"><ele>298.5</ele></trkpt>
      <trkpt lat="46.646165" lon="4.658786"><ele>298.0</ele></trkpt>
      <trkpt lat="46.646043" lon="4.659192"><ele>298.0</ele></trkpt>
      <trkpt lat="46.645952" lon="4.659568"><ele>296.8</ele></trkpt>
      <trkpt lat="46.645845" lon="4.660072"><ele>297.8</ele></trkpt>
      <trkpt lat="46.645754" lon="4.660547"><ele>297.2</ele></trkpt>
      <trkpt lat="46.645716" lon="4.660821"><ele>296.2</ele></trkpt>
      <trkpt lat="46.645698" lon="4.661042"><ele>296.0</ele></trkpt>
      <trkpt lat="46.645679" lon="4.661494"><ele>295.8</ele></trkpt>
      <trkpt lat="46.645672" lon="4.661929"><ele>294.8</ele></trkpt>
      <trkpt lat="46.645675" lon="4.662234"><ele>294.2</ele></trkpt>
      <trkpt lat="46.645698" lon="4.662919"><ele>298.2</ele></trkpt>
      <trkpt lat="46.645730" lon="4.663726"><ele>296.5</ele></trkpt>
      <trkpt lat="46.645727" lon="4.664106"><ele>295.0</ele></trkpt>
      <trkpt lat="46.645701" lon="4.664501"><ele>293.2</ele></trkpt>
      <trkpt lat="46.645672" lon="4.664767"><ele>291.8</ele></trkpt>
      <trkpt lat="46.645594" lon="4.665393"><ele>290.8</ele></trkpt>
      <trkpt lat="46.645546" lon="4.665706"><ele>291.5</ele></trkpt>
      <trkpt lat="46.645492" lon="4.665980"><ele>289.5</ele></trkpt>
      <trkpt lat="46.645426" lon="4.666234"><ele>288.0</ele></trkpt>
      <trkpt lat="46.645348" lon="4.666498"><ele>288.5</ele></trkpt>
      <trkpt lat="46.645258" lon="4.666771"><ele>289.5</ele></trkpt>
      <trkpt lat="46.644913" lon="4.667673"><ele>288.5</ele></trkpt>
      <trkpt lat="46.644586" lon="4.668460"><ele>287.2</ele></trkpt>
      <trkpt lat="46.644419" lon="4.668832"><ele>286.0</ele></trkpt>
      <trkpt lat="46.644246" lon="4.669173"><ele>286.5</ele></trkpt>
      <trkpt lat="46.644063" lon="4.669505"><ele>285.5</ele></trkpt>
      <trkpt lat="46.643784" lon="4.669984"><ele>284.2</ele></trkpt>
      <trkpt lat="46.643431" lon="4.670402"><ele>284.8</ele></trkpt>
      <trkpt lat="46.643193" lon="4.670657"><ele>283.8</ele></trkpt>
      <trkpt lat="46.642913" lon="4.670915"><ele>281.8</ele></trkpt>
      <trkpt lat="46.642528" lon="4.671197"><ele>282.2</ele></trkpt>
      <trkpt lat="46.642055" lon="4.671499"><ele>282.8</ele></trkpt>
      <trkpt lat="46.641469" lon="4.671839"><ele>281.8</ele></trkpt>
      <trkpt lat="46.641063" lon="4.672088"><ele>278.0</ele></trkpt>
      <trkpt lat="46.640664" lon="4.672340"><ele>274.8</ele></trkpt>
      <trkpt lat="46.640505" lon="4.672464"><ele>274.8</ele></trkpt>
      <trkpt lat="46.640363" lon="4.672594"><ele>273.5</ele></trkpt>
      <trkpt lat="46.640133" lon="4.672848"><ele>272.5</ele></trkpt>
      <trkpt lat="46.639901" lon="4.673141"><ele>270.5</ele></trkpt>
      <trkpt lat="46.639813" lon="4.673264"><ele>268.0</ele></trkpt>
      <trkpt lat="46.639789" lon="4.673298"><ele>267.8</ele></trkpt>
      <trkpt lat="46.639667" lon="4.673467"><ele>267.5</ele></trkpt>
      <trkpt lat="46.639538" lon="4.673669"><ele>267.2</ele></trkpt>
      <trkpt lat="46.639375" lon="4.673976"><ele>267.0</ele></trkpt>
      <trkpt lat="46.639237" lon="4.674271"><ele>266.5</ele></trkpt>
      <trkpt lat="46.639073" lon="4.674715"><ele>266.0</ele></trkpt>
      <trkpt lat="46.638945" lon="4.675169"><ele>265.5</ele></trkpt>
      <trkpt lat="46.638864" lon="4.675545"><ele>265.2</ele></trkpt>
      <trkpt lat="46.638828" lon="4.675762"><ele>265.0</ele></trkpt>
      <trkpt lat="46.638785" lon="4.676118"><ele>264.8</ele></trkpt>
      <trkpt lat="46.638771" lon="4.676424"><ele>264.8</ele></trkpt>
      <trkpt lat="46.638766" lon="4.676463"><ele>264.8</ele></trkpt>
      <trkpt lat="46.638708" lon="4.677002"><ele>266.8</ele></trkpt>
      <trkpt lat="46.638615" lon="4.677829"><ele>267.8</ele></trkpt>
      <trkpt lat="46.638518" lon="4.678440"><ele>269.0</ele></trkpt>
      <trkpt lat="46.638454" lon="4.678757"><ele>268.5</ele></trkpt>
      <trkpt lat="46.638378" lon="4.679038"><ele>267.0</ele></trkpt>
      <trkpt lat="46.638170" lon="4.679549"><ele>268.0</ele></trkpt>
      <trkpt lat="46.637933" lon="4.680073"><ele>267.0</ele></trkpt>
      <trkpt lat="46.637557" lon="4.680690"><ele>262.0</ele></trkpt>
      <trkpt lat="46.636533" lon="4.682317"><ele>261.2</ele></trkpt>
      <trkpt lat="46.636225" lon="4.682787"><ele>260.2</ele></trkpt>
      <trkpt lat="46.635929" lon="4.683209"><ele>258.0</ele></trkpt>
      <trkpt lat="46.635724" lon="4.683458"><ele>258.0</ele></trkpt>
      <trkpt lat="46.635653" lon="4.683540"><ele>258.0</ele></trkpt>
      <trkpt lat="46.635434" lon="4.683753"><ele>258.0</ele></trkpt>
      <trkpt lat="46.635179" lon="4.683960"><ele>257.5</ele></trkpt>
      <trkpt lat="46.635097" lon="4.684029"><ele>257.8</ele></trkpt>
      <trkpt lat="46.634976" lon="4.684102"><ele>257.8</ele></trkpt>
      <trkpt lat="46.634694" lon="4.684248"><ele>256.5</ele></trkpt>
      <trkpt lat="46.634457" lon="4.684352"><ele>256.2</ele></trkpt>
      <trkpt lat="46.634160" lon="4.684440"><ele>254.0</ele></trkpt>
      <trkpt lat="46.634011" lon="4.684474"><ele>254.8</ele></trkpt>
      <trkpt lat="46.633737" lon="4.684510"><ele>255.0</ele></trkpt>
      <trkpt lat="46.632320" lon="4.684650"><ele>249.0</ele></trkpt>
      <trkpt lat="46.631024" lon="4.684771"><ele>246.2</ele></trkpt>
      <trkpt lat="46.630422" lon="4.684776"><ele>245.5</ele></trkpt>
      <trkpt lat="46.630084" lon="4.684735"><ele>244.5</ele></trkpt>
      <trkpt lat="46.629880" lon="4.684691"><ele>244.2</ele></trkpt>
      <trkpt lat="46.629424" lon="4.684523"><ele>243.5</ele></trkpt>
      <trkpt lat="46.629386" lon="4.684529"><ele>243.5</ele></trkpt>
      <trkpt lat="46.629352" lon="4.684567"><ele>243.5</ele></trkpt>
      <trkpt lat="46.629365" lon="4.684466"><ele>243.8</ele></trkpt>
      <trkpt lat="46.629363" lon="4.684404"><ele>244.0</ele></trkpt>
      <trkpt lat="46.629311" lon="4.684227"><ele>245.0</ele></trkpt>
      <trkpt lat="46.629299" lon="4.684141"><ele>245.5</ele></trkpt>
      <trkpt lat="46.629299" lon="4.684047"><ele>246.2</ele></trkpt>
      <trkpt lat="46.629309" lon="4.683941"><ele>247.0</ele></trkpt>
      <trkpt lat="46.629385" lon="4.683512"><ele>250.8</ele></trkpt>
      <trkpt lat="46.629309" lon="4.683941"><ele>247.0</ele></trkpt>
      <trkpt lat="46.629299" lon="4.684047"><ele>246.2</ele></trkpt>
      <trkpt lat="46.629299" lon="4.684141"><ele>245.5</ele></trkpt>
      <trkpt lat="46.629311" lon="4.684227"><ele>245.0</ele></trkpt>
      <trkpt lat="46.629363" lon="4.684404"><ele>244.0</ele></trkpt>
      <trkpt lat="46.629365" lon="4.684466"><ele>243.8</ele></trkpt>
      <trkpt lat="46.629352" lon="4.684567"><ele>243.5</ele></trkpt>
      <trkpt lat="46.627377" lon="4.683585"><ele>241.2</ele></trkpt>
      <trkpt lat="46.625879" lon="4.682852"><ele>240.0</ele></trkpt>
      <trkpt lat="46.625380" lon="4.682636"><ele>238.8</ele></trkpt>
      <trkpt lat="46.624814" lon="4.682438"><ele>237.8</ele></trkpt>
      <trkpt lat="46.624156" lon="4.682244"><ele>235.8</ele></trkpt>
      <trkpt lat="46.618821" lon="4.680875"><ele>225.2</ele></trkpt>
      <trkpt lat="46.617666" lon="4.680595"><ele>228.8</ele></trkpt>
      <trkpt lat="46.617154" lon="4.680447"><ele>231.0</ele></trkpt>
      <trkpt lat="46.616799" lon="4.680325"><ele>230.2</ele></trkpt>
      <trkpt lat="46.616343" lon="4.680141"><ele>230.8</ele></trkpt>
      <trkpt lat="46.615558" lon="4.679732"><ele>231.8</ele></trkpt>
      <trkpt lat="46.614816" lon="4.679274"><ele>231.5</ele></trkpt>
      <trkpt lat="46.614117" lon="4.678782"><ele>233.2</ele></trkpt>
      <trkpt lat="46.613774" lon="4.678503"><ele>233.5</ele></trkpt>
      <trkpt lat="46.613401" lon="4.678178"><ele>234.5</ele></trkpt>
      <trkpt lat="46.612545" lon="4.677408"><ele>237.2</ele></trkpt>
      <trkpt lat="46.612209" lon="4.677065"><ele>237.5</ele></trkpt>
      <trkpt lat="46.612123" lon="4.676948"><ele>238.0</ele></trkpt>
      <trkpt lat="46.612027" lon="4.676798"><ele>238.0</ele></trkpt>
      <trkpt lat="46.612004" lon="4.676775"><ele>238.0</ele></trkpt>
      <trkpt lat="46.611958" lon="4.676759"><ele>237.8</ele></trkpt>
      <trkpt lat="46.611913" lon="4.676787"><ele>237.5</ele></trkpt>
      <trkpt lat="46.612080" lon="4.677123"><ele>236.0</ele></trkpt>
      <trkpt lat="46.612228" lon="4.677376"><ele>234.8</ele></trkpt>
      <trkpt lat="46.612159" lon="4.677344"><ele>234.5</ele></trkpt>
      <trkpt lat="46.611991" lon="4.677225"><ele>234.2</ele></trkpt>
      <trkpt lat="46.611909" lon="4.677183"><ele>234.2</ele></trkpt>
      <trkpt lat="46.611788" lon="4.677135"><ele>234.2</ele></trkpt>
      <trkpt lat="46.611544" lon="4.676991"><ele>234.0</ele></trkpt>
      <trkpt lat="46.611435" lon="4.676896"><ele>234.0</ele></trkpt>
      <trkpt lat="46.610797" lon="4.676239"><ele>236.2</ele></trkpt>
      <trkpt lat="46.610664" lon="4.676118"><ele>236.5</ele></trkpt>
      <trkpt lat="46.610519" lon="4.676014"><ele>237.0</ele></trkpt>
      <trkpt lat="46.610406" lon="4.675954"><ele>237.2</ele></trkpt>
      <trkpt lat="46.610280" lon="4.675861"><ele>237.8</ele></trkpt>
      <trkpt lat="46.610247" lon="4.675814"><ele>237.8</ele></trkpt>
      <trkpt lat="46.609984" lon="4.675649"><ele>238.2</ele></trkpt>
      <trkpt lat="46.609808" lon="4.675574"><ele>238.8</ele></trkpt>
      <trkpt lat="46.609460" lon="4.675488"><ele>240.0</ele></trkpt>
      <trkpt lat="46.609000" lon="4.675318"><ele>242.0</ele></trkpt>
      <trkpt lat="46.608990" lon="4.675507"><ele>241.5</ele></trkpt>
      <trkpt lat="46.608943" lon="4.675880"><ele>241.5</ele></trkpt>
      <trkpt lat="46.608715" lon="4.677108"><ele>237.5</ele></trkpt>
      <trkpt lat="46.608594" lon="4.678194"><ele>232.5</ele></trkpt>
      <trkpt lat="46.608422" lon="4.678959"><ele>228.8</ele></trkpt>
      <trkpt lat="46.608339" lon="4.679325"><ele>226.8</ele></trkpt>
      <trkpt lat="46.608240" lon="4.679816"><ele>224.2</ele></trkpt>
      <trkpt lat="46.608155" lon="4.680285"><ele>221.8</ele></trkpt>
      <trkpt lat="46.608140" lon="4.680370"><ele>221.8</ele></trkpt>
      <trkpt lat="46.608125" lon="4.680586"><ele>221.5</ele></trkpt>
      <trkpt lat="46.608140" lon="4.680792"><ele>220.5</ele></trkpt>
      <trkpt lat="46.608545" lon="4.682242"><ele>214.0</ele></trkpt>
      <trkpt lat="46.608566" lon="4.682384"><ele>213.5</ele></trkpt>
      <trkpt lat="46.608570" lon="4.682801"><ele>212.0</ele></trkpt>
      <trkpt lat="46.608550" lon="4.683191"><ele>211.5</ele></trkpt>
      <trkpt lat="46.608512" lon="4.683424"><ele>211.0</ele></trkpt>
      <trkpt lat="46.608520" lon="4.683482"><ele>211.0</ele></trkpt>
      <trkpt lat="46.607796" lon="4.683873"><ele>210.0</ele></trkpt>
      <trkpt lat="46.607188" lon="4.684202"><ele>209.8</ele></trkpt>
      <trkpt lat="46.606978" lon="4.684311"><ele>209.0</ele></trkpt>
      <trkpt lat="46.606625" lon="4.684489"><ele>208.5</ele></trkpt>
      <trkpt lat="46.606491" lon="4.684544"><ele>208.0</ele></trkpt>
      <trkpt lat="46.606364" lon="4.684571"><ele>207.5</ele></trkpt>
      <trkpt lat="46.606241" lon="4.684572"><ele>207.5</ele></trkpt>
      <trkpt lat="46.606101" lon="4.684560"><ele>207.5</ele></trkpt>
      <trkpt lat="46.605887" lon="4.684527"><ele>207.5</ele></trkpt>
      <trkpt lat="46.605584" lon="4.684463"><ele>207.8</ele></trkpt>
      <trkpt lat="46.605344" lon="4.684412"><ele>208.0</ele></trkpt>
      <trkpt lat="46.605242" lon="4.684407"><ele>208.0</ele></trkpt>
      <trkpt lat="46.605150" lon="4.684414"><ele>208.0</ele></trkpt>
      <trkpt lat="46.605055" lon="4.684452"><ele>207.8</ele></trkpt>
      <trkpt lat="46.604876" lon="4.684600"><ele>207.5</ele></trkpt>
      <trkpt lat="46.604804" lon="4.684619"><ele>207.8</ele></trkpt>
      <trkpt lat="46.604654" lon="4.684604"><ele>208.0</ele></trkpt>
      <trkpt lat="46.604121" lon="4.686600"><ele>205.0</ele></trkpt>
      <trkpt lat="46.603976" lon="4.687006"><ele>205.0</ele></trkpt>
      <trkpt lat="46.603940" lon="4.687164"><ele>205.0</ele></trkpt>
      <trkpt lat="46.603862" lon="4.687179"><ele>205.0</ele></trkpt>
      <trkpt lat="46.603785" lon="4.687233"><ele>204.8</ele></trkpt>
      <trkpt lat="46.603653" lon="4.687372"><ele>204.8</ele></trkpt>
      <trkpt lat="46.603490" lon="4.687549"><ele>204.2</ele></trkpt>
      <trkpt lat="46.603394" lon="4.687677"><ele>204.0</ele></trkpt>
      <trkpt lat="46.603221" lon="4.688010"><ele>203.5</ele></trkpt>
      <trkpt lat="46.602948" lon="4.688266"><ele>202.5</ele></trkpt>
      <trkpt lat="46.602862" lon="4.688334"><ele>202.2</ele></trkpt>
      <trkpt lat="46.602783" lon="4.688409"><ele>202.0</ele></trkpt>
      <trkpt lat="46.602660" lon="4.688540"><ele>201.0</ele></trkpt>
      <trkpt lat="46.602567" lon="4.688658"><ele>200.2</ele></trkpt>
      <trkpt lat="46.602469" lon="4.688808"><ele>199.8</ele></trkpt>
      <trkpt lat="46.602383" lon="4.688968"><ele>199.2</ele></trkpt>
      <trkpt lat="46.602312" lon="4.689163"><ele>198.5</ele></trkpt>
      <trkpt lat="46.602233" lon="4.689474"><ele>197.8</ele></trkpt>
      <trkpt lat="46.602148" lon="4.689793"><ele>196.5</ele></trkpt>
      <trkpt lat="46.601801" lon="4.691213"><ele>194.0</ele></trkpt>
      <trkpt lat="46.601741" lon="4.691452"><ele>194.0</ele></trkpt>
      <trkpt lat="46.601123" lon="4.693932"><ele>194.8</ele></trkpt>
      <trkpt lat="46.601065" lon="4.694231"><ele>193.8</ele></trkpt>
      <trkpt lat="46.600960" lon="4.694769"><ele>191.5</ele></trkpt>
      <trkpt lat="46.600598" lon="4.696545"><ele>193.0</ele></trkpt>
      <trkpt lat="46.600208" lon="4.698482"><ele>192.8</ele></trkpt>
      <trkpt lat="46.599908" lon="4.700752"><ele>192.5</ele></trkpt>
      <trkpt lat="46.599687" lon="4.702196"><ele>192.0</ele></trkpt>
      <trkpt lat="46.599073" lon="4.705888"><ele>193.0</ele></trkpt>
      <trkpt lat="46.598561" lon="4.705696"><ele>192.8</ele></trkpt>
      <trkpt lat="46.598310" lon="4.705647"><ele>192.5</ele></trkpt>
      <trkpt lat="46.598050" lon="4.705554"><ele>193.0</ele></trkpt>
      <trkpt lat="46.597952" lon="4.705539"><ele>193.0</ele></trkpt>
      <trkpt lat="46.597861" lon="4.705534"><ele>193.0</ele></trkpt>
      <trkpt lat="46.597643" lon="4.705587"><ele>193.0</ele></trkpt>
      <trkpt lat="46.597373" lon="4.705716"><ele>193.0</ele></trkpt>
      <trkpt lat="46.597325" lon="4.705719"><ele>193.0</ele></trkpt>
      <trkpt lat="46.597275" lon="4.705696"><ele>193.0</ele></trkpt>
      <trkpt lat="46.597014" lon="4.705497"><ele>193.0</ele></trkpt>
      <trkpt lat="46.596493" lon="4.705088"><ele>193.2</ele></trkpt>
      <trkpt lat="46.595752" lon="4.704526"><ele>193.0</ele></trkpt>
      <trkpt lat="46.595528" lon="4.704352"><ele>193.0</ele></trkpt>
      <trkpt lat="46.595433" lon="4.704269"><ele>193.0</ele></trkpt>
      <trkpt lat="46.595348" lon="4.704152"><ele>193.0</ele></trkpt>
      <trkpt lat="46.594945" lon="4.703546"><ele>193.0</ele></trkpt>
      <trkpt lat="46.594885" lon="4.703436"><ele>193.0</ele></trkpt>
      <trkpt lat="46.594422" lon="4.702293"><ele>193.8</ele></trkpt>
      <trkpt lat="46.594381" lon="4.702208"><ele>193.8</ele></trkpt>
      <trkpt lat="46.594321" lon="4.702133"><ele>193.5</ele></trkpt>
      <trkpt lat="46.594235" lon="4.702076"><ele>193.2</ele></trkpt>
      <trkpt lat="46.593897" lon="4.701934"><ele>193.8</ele></trkpt>
      <trkpt lat="46.593690" lon="4.701856"><ele>193.8</ele></trkpt>
      <trkpt lat="46.593156" lon="4.701729"><ele>194.0</ele></trkpt>
      <trkpt lat="46.593059" lon="4.701687"><ele>194.0</ele></trkpt>
      <trkpt lat="46.592774" lon="4.701517"><ele>194.0</ele></trkpt>
      <trkpt lat="46.592479" lon="4.701377"><ele>193.8</ele></trkpt>
      <trkpt lat="46.592296" lon="4.701242"><ele>194.0</ele></trkpt>
      <trkpt lat="46.592210" lon="4.701150"><ele>193.8</ele></trkpt>
      <trkpt lat="46.592045" lon="4.700928"><ele>194.0</ele></trkpt>
      <trkpt lat="46.591896" lon="4.700714"><ele>194.0</ele></trkpt>
      <trkpt lat="46.591759" lon="4.700501"><ele>194.0</ele></trkpt>
      <trkpt lat="46.591620" lon="4.700317"><ele>194.0</ele></trkpt>
      <trkpt lat="46.591198" lon="4.699778"><ele>194.0</ele></trkpt>
      <trkpt lat="46.591075" lon="4.699633"><ele>194.0</ele></trkpt>
      <trkpt lat="46.591003" lon="4.699566"><ele>194.0</ele></trkpt>
      <trkpt lat="46.590967" lon="4.699513"><ele>194.0</ele></trkpt>
      <trkpt lat="46.590955" lon="4.699448"><ele>194.0</ele></trkpt>
      <trkpt lat="46.590962" lon="4.699389"><ele>194.0</ele></trkpt>
      <trkpt lat="46.591006" lon="4.699254"><ele>194.0</ele></trkpt>
      <trkpt lat="46.591063" lon="4.699107"><ele>194.0</ele></trkpt>
      <trkpt lat="46.591083" lon="4.699022"><ele>194.0</ele></trkpt>
      <trkpt lat="46.591099" lon="4.698922"><ele>194.0</ele></trkpt>
      <trkpt lat="46.591090" lon="4.698817"><ele>194.0</ele></trkpt>
      <trkpt lat="46.591065" lon="4.698710"><ele>194.0</ele></trkpt>
      <trkpt lat="46.591003" lon="4.698543"><ele>194.0</ele></trkpt>
      <trkpt lat="46.590792" lon="4.698064"><ele>194.0</ele></trkpt>
      <trkpt lat="46.590713" lon="4.697864"><ele>194.0</ele></trkpt>
      <trkpt lat="46.590674" lon="4.697734"><ele>194.0</ele></trkpt>
      <trkpt lat="46.590660" lon="4.697629"><ele>194.0</ele></trkpt>
      <trkpt lat="46.590660" lon="4.697435"><ele>194.0</ele></trkpt>
      <trkpt lat="46.590627" lon="4.697152"><ele>194.0</ele></trkpt>
      <trkpt lat="46.590622" lon="4.697030"><ele>194.0</ele></trkpt>
      <trkpt lat="46.590660" lon="4.696249"><ele>194.0</ele></trkpt>
      <trkpt lat="46.590690" lon="4.696018"><ele>194.0</ele></trkpt>
      <trkpt lat="46.590643" lon="4.695876"><ele>194.0</ele></trkpt>
      <trkpt lat="46.590522" lon="4.695675"><ele>194.0</ele></trkpt>
      <trkpt lat="46.590440" lon="4.695570"><ele>194.0</ele></trkpt>
      <trkpt lat="46.590309" lon="4.695454"><ele>193.8</ele></trkpt>
      <trkpt lat="46.590041" lon="4.695258"><ele>193.8</ele></trkpt>
      <trkpt lat="46.589642" lon="4.695014"><ele>194.0</ele></trkpt>
      <trkpt lat="46.588719" lon="4.694481"><ele>194.5</ele></trkpt>
      <trkpt lat="46.588683" lon="4.694461"><ele>194.5</ele></trkpt>
      <trkpt lat="46.588170" lon="4.695766"><ele>194.5</ele></trkpt>
      <trkpt lat="46.586947" lon="4.694952"><ele>194.8</ele></trkpt>
      <trkpt lat="46.586395" lon="4.694664"><ele>194.8</ele></trkpt>
      <trkpt lat="46.585702" lon="4.694247"><ele>195.0</ele></trkpt>
      <trkpt lat="46.585570" lon="4.694182"><ele>195.0</ele></trkpt>
      <trkpt lat="46.585244" lon="4.694045"><ele>195.0</ele></trkpt>
      <trkpt lat="46.584651" lon="4.693901"><ele>195.0</ele></trkpt>
      <trkpt lat="46.584267" lon="4.693779"><ele>195.0</ele></trkpt>
      <trkpt lat="46.584088" lon="4.693701"><ele>195.0</ele></trkpt>
      <trkpt lat="46.584012" lon="4.693651"><ele>195.0</ele></trkpt>
      <trkpt lat="46.583871" lon="4.693517"><ele>195.0</ele></trkpt>
      <trkpt lat="46.583822" lon="4.693484"><ele>195.0</ele></trkpt>
      <trkpt lat="46.583766" lon="4.693467"><ele>195.0</ele></trkpt>
      <trkpt lat="46.583706" lon="4.693470"><ele>195.2</ele></trkpt>
      <trkpt lat="46.583621" lon="4.693498"><ele>195.5</ele></trkpt>
      <trkpt lat="46.582864" lon="4.693852"><ele>196.0</ele></trkpt>
      <trkpt lat="46.582805" lon="4.693873"><ele>195.8</ele></trkpt>
      <trkpt lat="46.582738" lon="4.693860"><ele>196.0</ele></trkpt>
      <trkpt lat="46.582681" lon="4.693827"><ele>196.0</ele></trkpt>
      <trkpt lat="46.582045" lon="4.693288"><ele>196.5</ele></trkpt>
      <trkpt lat="46.581836" lon="4.693122"><ele>196.5</ele></trkpt>
      <trkpt lat="46.581602" lon="4.692912"><ele>196.5</ele></trkpt>
      <trkpt lat="46.581187" lon="4.692505"><ele>196.0</ele></trkpt>
      <trkpt lat="46.580627" lon="4.691935"><ele>196.5</ele></trkpt>
      <trkpt lat="46.580490" lon="4.691814"><ele>196.5</ele></trkpt>
      <trkpt lat="46.580154" lon="4.691518"><ele>196.5</ele></trkpt>
      <trkpt lat="46.579943" lon="4.691365"><ele>196.8</ele></trkpt>
      <trkpt lat="46.579840" lon="4.691303"><ele>196.5</ele></trkpt>
      <trkpt lat="46.579748" lon="4.691278"><ele>196.5</ele></trkpt>
      <trkpt lat="46.579679" lon="4.691271"><ele>196.5</ele></trkpt>
      <trkpt lat="46.579613" lon="4.691293"><ele>196.8</ele></trkpt>
      <trkpt lat="46.579535" lon="4.691342"><ele>196.8</ele></trkpt>
      <trkpt lat="46.579236" lon="4.691601"><ele>197.0</ele></trkpt>
      <trkpt lat="46.578903" lon="4.691847"><ele>196.8</ele></trkpt>
      <trkpt lat="46.578837" lon="4.691875"><ele>197.0</ele></trkpt>
      <trkpt lat="46.578647" lon="4.691915"><ele>197.0</ele></trkpt>
      <trkpt lat="46.578291" lon="4.691953"><ele>198.0</ele></trkpt>
      <trkpt lat="46.577900" lon="4.691943"><ele>198.5</ele></trkpt>
      <trkpt lat="46.577522" lon="4.691918"><ele>199.8</ele></trkpt>
      <trkpt lat="46.577415" lon="4.691924"><ele>199.8</ele></trkpt>
      <trkpt lat="46.577226" lon="4.691953"><ele>200.0</ele></trkpt>
      <trkpt lat="46.577043" lon="4.691992"><ele>200.8</ele></trkpt>
      <trkpt lat="46.576820" lon="4.692069"><ele>201.5</ele></trkpt>
      <trkpt lat="46.576492" lon="4.692199"><ele>202.8</ele></trkpt>
      <trkpt lat="46.576406" lon="4.692251"><ele>203.0</ele></trkpt>
      <trkpt lat="46.576316" lon="4.692321"><ele>203.5</ele></trkpt>
      <trkpt lat="46.576231" lon="4.692353"><ele>203.5</ele></trkpt>
      <trkpt lat="46.575972" lon="4.692401"><ele>203.5</ele></trkpt>
      <trkpt lat="46.575787" lon="4.692453"><ele>203.8</ele></trkpt>
      <trkpt lat="46.575574" lon="4.692554"><ele>204.0</ele></trkpt>
      <trkpt lat="46.575470" lon="4.692620"><ele>204.0</ele></trkpt>
      <trkpt lat="46.574977" lon="4.692994"><ele>205.0</ele></trkpt>
      <trkpt lat="46.574605" lon="4.693239"><ele>206.2</ele></trkpt>
      <trkpt lat="46.574564" lon="4.693298"><ele>206.5</ele></trkpt>
      <trkpt lat="46.574491" lon="4.693434"><ele>206.5</ele></trkpt>
      <trkpt lat="46.574423" lon="4.693379"><ele>206.8</ele></trkpt>
      <trkpt lat="46.574341" lon="4.693463"><ele>206.5</ele></trkpt>
      <trkpt lat="46.573949" lon="4.693674"><ele>207.5</ele></trkpt>
      <trkpt lat="46.573795" lon="4.693766"><ele>207.5</ele></trkpt>
      <trkpt lat="46.573472" lon="4.693941"><ele>208.0</ele></trkpt>
      <trkpt lat="46.573118" lon="4.694247"><ele>208.8</ele></trkpt>
      <trkpt lat="46.572982" lon="4.694388"><ele>209.0</ele></trkpt>
      <trkpt lat="46.572803" lon="4.694525"><ele>209.0</ele></trkpt>
      <trkpt lat="46.572656" lon="4.694611"><ele>209.2</ele></trkpt>
      <trkpt lat="46.572482" lon="4.694689"><ele>210.0</ele></trkpt>
      <trkpt lat="46.572170" lon="4.694791"><ele>210.0</ele></trkpt>
      <trkpt lat="46.572000" lon="4.694836"><ele>210.8</ele></trkpt>
      <trkpt lat="46.571621" lon="4.694905"><ele>211.5</ele></trkpt>
      <trkpt lat="46.571532" lon="4.694914"><ele>211.5</ele></trkpt>
      <trkpt lat="46.571454" lon="4.694906"><ele>211.5</ele></trkpt>
      <trkpt lat="46.571330" lon="4.695217"><ele>212.0</ele></trkpt>
      <trkpt lat="46.571079" lon="4.695768"><ele>213.0</ele></trkpt>
      <trkpt lat="46.570850" lon="4.696256"><ele>213.8</ele></trkpt>
      <trkpt lat="46.570538" lon="4.696982"><ele>216.0</ele></trkpt>
      <trkpt lat="46.570353" lon="4.697371"><ele>217.5</ele></trkpt>
      <trkpt lat="46.570224" lon="4.697626"><ele>219.0</ele></trkpt>
      <trkpt lat="46.570153" lon="4.697798"><ele>220.0</ele></trkpt>
      <trkpt lat="46.570097" lon="4.697989"><ele>221.5</ele></trkpt>
      <trkpt lat="46.570069" lon="4.698168"><ele>222.8</ele></trkpt>
      <trkpt lat="46.570046" lon="4.698366"><ele>224.0</ele></trkpt>
      <trkpt lat="46.570040" lon="4.698535"><ele>225.2</ele></trkpt>
      <trkpt lat="46.570053" lon="4.698623"><ele>226.0</ele></trkpt>
      <trkpt lat="46.570070" lon="4.698679"><ele>226.2</ele></trkpt>
      <trkpt lat="46.570022" lon="4.698755"><ele>227.0</ele></trkpt>
      <trkpt lat="46.569587" lon="4.699360"><ele>232.0</ele></trkpt>
      <trkpt lat="46.569482" lon="4.699468"><ele>232.8</ele></trkpt>
      <trkpt lat="46.569401" lon="4.699519"><ele>233.0</ele></trkpt>
      <trkpt lat="46.569269" lon="4.699548"><ele>233.0</ele></trkpt>
      <trkpt lat="46.569155" lon="4.699592"><ele>233.2</ele></trkpt>
      <trkpt lat="46.569073" lon="4.699636"><ele>233.2</ele></trkpt>
      <trkpt lat="46.568992" lon="4.699683"><ele>233.5</ele></trkpt>
      <trkpt lat="46.568848" lon="4.699800"><ele>233.5</ele></trkpt>
      <trkpt lat="46.568613" lon="4.700015"><ele>233.8</ele></trkpt>
      <trkpt lat="46.568541" lon="4.700086"><ele>233.2</ele></trkpt>
      <trkpt lat="46.568475" lon="4.700176"><ele>233.2</ele></trkpt>
      <trkpt lat="46.568460" lon="4.700233"><ele>233.5</ele></trkpt>
      <trkpt lat="46.568451" lon="4.700300"><ele>234.0</ele></trkpt>
      <trkpt lat="46.568460" lon="4.700353"><ele>234.0</ele></trkpt>
      <trkpt lat="46.568481" lon="4.700412"><ele>234.0</ele></trkpt>
      <trkpt lat="46.568492" lon="4.700472"><ele>234.0</ele></trkpt>
      <trkpt lat="46.568511" lon="4.700660"><ele>234.0</ele></trkpt>
      <trkpt lat="46.568535" lon="4.700743"><ele>234.2</ele></trkpt>
      <trkpt lat="46.568579" lon="4.700839"><ele>234.8</ele></trkpt>
      <trkpt lat="46.568785" lon="4.701201"><ele>234.5</ele></trkpt>
      <trkpt lat="46.568832" lon="4.701320"><ele>234.8</ele></trkpt>
      <trkpt lat="46.568878" lon="4.701473"><ele>235.0</ele></trkpt>
      <trkpt lat="46.568924" lon="4.701628"><ele>234.8</ele></trkpt>
      <trkpt lat="46.568967" lon="4.701828"><ele>234.8</ele></trkpt>
      <trkpt lat="46.569011" lon="4.702170"><ele>235.8</ele></trkpt>
      <trkpt lat="46.569100" lon="4.702350"><ele>236.5</ele></trkpt>
      <trkpt lat="46.569126" lon="4.702426"><ele>236.8</ele></trkpt>
      <trkpt lat="46.569137" lon="4.702502"><ele>237.0</ele></trkpt>
      <trkpt lat="46.569135" lon="4.702584"><ele>237.0</ele></trkpt>
      <trkpt lat="46.569103" lon="4.702803"><ele>237.8</ele></trkpt>
      <trkpt lat="46.569079" lon="4.702906"><ele>238.2</ele></trkpt>
      <trkpt lat="46.568862" lon="4.703554"><ele>242.0</ele></trkpt>
      <trkpt lat="46.568595" lon="4.704263"><ele>248.8</ele></trkpt>
      <trkpt lat="46.568548" lon="4.704357"><ele>249.8</ele></trkpt>
      <trkpt lat="46.568507" lon="4.704410"><ele>250.5</ele></trkpt>
      <trkpt lat="46.568481" lon="4.704425"><ele>250.8</ele></trkpt>
      <trkpt lat="46.568266" lon="4.704997"><ele>258.2</ele></trkpt>
      <trkpt lat="46.568059" lon="4.705303"><ele>263.2</ele></trkpt>
      <trkpt lat="46.567893" lon="4.705528"><ele>269.2</ele></trkpt>
      <trkpt lat="46.567716" lon="4.705566"><ele>271.8</ele></trkpt>
      <trkpt lat="46.567616" lon="4.705700"><ele>274.2</ele></trkpt>
      <trkpt lat="46.567458" lon="4.705689"><ele>275.8</ele></trkpt>
      <trkpt lat="46.566956" lon="4.705858"><ele>283.8</ele></trkpt>
      <trkpt lat="46.566913" lon="4.706074"><ele>285.0</ele></trkpt>
      <trkpt lat="46.566759" lon="4.706354"><ele>287.0</ele></trkpt>
      <trkpt lat="46.566210" lon="4.707253"><ele>288.2</ele></trkpt>
      <trkpt lat="46.566051" lon="4.707599"><ele>287.5</ele></trkpt>
      <trkpt lat="46.565938" lon="4.707888"><ele>286.0</ele></trkpt>
      <trkpt lat="46.565755" lon="4.708434"><ele>283.8</ele></trkpt>
      <trkpt lat="46.565655" lon="4.708888"><ele>281.2</ele></trkpt>
      <trkpt lat="46.565448" lon="4.709325"><ele>279.5</ele></trkpt>
      <trkpt lat="46.565276" lon="4.709630"><ele>279.2</ele></trkpt>
      <trkpt lat="46.565002" lon="4.710370"><ele>278.5</ele></trkpt>
      <trkpt lat="46.564799" lon="4.711237"><ele>279.5</ele></trkpt>
      <trkpt lat="46.564747" lon="4.711430"><ele>279.8</ele></trkpt>
      <trkpt lat="46.564687" lon="4.711529"><ele>280.0</ele></trkpt>
      <trkpt lat="46.564607" lon="4.711661"><ele>280.0</ele></trkpt>
      <trkpt lat="46.564452" lon="4.712090"><ele>279.8</ele></trkpt>
      <trkpt lat="46.564371" lon="4.712686"><ele>279.0</ele></trkpt>
      <trkpt lat="46.564205" lon="4.712884"><ele>278.5</ele></trkpt>
      <trkpt lat="46.564124" lon="4.712949"><ele>278.0</ele></trkpt>
      <trkpt lat="46.563947" lon="4.713587"><ele>274.5</ele></trkpt>
      <trkpt lat="46.563678" lon="4.714386"><ele>269.8</ele></trkpt>
      <trkpt lat="46.563387" lon="4.714890"><ele>267.2</ele></trkpt>
      <trkpt lat="46.562882" lon="4.715587"><ele>265.2</ele></trkpt>
      <trkpt lat="46.562784" lon="4.715754"><ele>264.2</ele></trkpt>
      <trkpt lat="46.562712" lon="4.715851"><ele>263.5</ele></trkpt>
      <trkpt lat="46.562653" lon="4.715910"><ele>263.2</ele></trkpt>
      <trkpt lat="46.562541" lon="4.715964"><ele>262.5</ele></trkpt>
      <trkpt lat="46.562387" lon="4.715977"><ele>261.8</ele></trkpt>
      <trkpt lat="46.562335" lon="4.715926"><ele>261.8</ele></trkpt>
      <trkpt lat="46.561970" lon="4.715561"><ele>260.2</ele></trkpt>
      <trkpt lat="46.561756" lon="4.715325"><ele>258.8</ele></trkpt>
      <trkpt lat="46.561665" lon="4.715235"><ele>258.0</ele></trkpt>
      <trkpt lat="46.561562" lon="4.715155"><ele>257.5</ele></trkpt>
      <trkpt lat="46.561254" lon="4.714999"><ele>256.0</ele></trkpt>
      <trkpt lat="46.560993" lon="4.714804"><ele>255.0</ele></trkpt>
      <trkpt lat="46.560687" lon="4.714500"><ele>254.2</ele></trkpt>
      <trkpt lat="46.560422" lon="4.714281"><ele>253.0</ele></trkpt>
      <trkpt lat="46.560259" lon="4.714170"><ele>251.8</ele></trkpt>
      <trkpt lat="46.560115" lon="4.714108"><ele>251.5</ele></trkpt>
      <trkpt lat="46.560019" lon="4.714094"><ele>251.2</ele></trkpt>
      <trkpt lat="46.559875" lon="4.714118"><ele>250.2</ele></trkpt>
      <trkpt lat="46.559658" lon="4.714169"><ele>248.8</ele></trkpt>
      <trkpt lat="46.559614" lon="4.714244"><ele>248.8</ele></trkpt>
      <trkpt lat="46.559511" lon="4.714314"><ele>248.5</ele></trkpt>
      <trkpt lat="46.559424" lon="4.714346"><ele>248.2</ele></trkpt>
      <trkpt lat="46.559347" lon="4.714343"><ele>248.0</ele></trkpt>
      <trkpt lat="46.559215" lon="4.714295"><ele>248.0</ele></trkpt>
      <trkpt lat="46.558871" lon="4.713962"><ele>248.5</ele></trkpt>
      <trkpt lat="46.558784" lon="4.713907"><ele>248.8</ele></trkpt>
      <trkpt lat="46.558634" lon="4.713840"><ele>249.0</ele></trkpt>
      <trkpt lat="46.558445" lon="4.713812"><ele>249.2</ele></trkpt>
      <trkpt lat="46.558326" lon="4.713776"><ele>249.2</ele></trkpt>
      <trkpt lat="46.558106" lon="4.713655"><ele>249.0</ele></trkpt>
      <trkpt lat="46.557968" lon="4.713521"><ele>248.5</ele></trkpt>
      <trkpt lat="46.557769" lon="4.713415"><ele>247.5</ele></trkpt>
      <trkpt lat="46.557704" lon="4.713364"><ele>247.5</ele></trkpt>
      <trkpt lat="46.557551" lon="4.713281"><ele>247.2</ele></trkpt>
      <trkpt lat="46.557412" lon="4.713243"><ele>247.0</ele></trkpt>
      <trkpt lat="46.557057" lon="4.713206"><ele>245.8</ele></trkpt>
      <trkpt lat="46.556847" lon="4.713115"><ele>245.5</ele></trkpt>
      <trkpt lat="46.556676" lon="4.713018"><ele>246.0</ele></trkpt>
      <trkpt lat="46.556502" lon="4.712955"><ele>245.8</ele></trkpt>
      <trkpt lat="46.556372" lon="4.712936"><ele>245.8</ele></trkpt>
      <trkpt lat="46.556288" lon="4.712939"><ele>245.8</ele></trkpt>
      <trkpt lat="46.556197" lon="4.712954"><ele>245.5</ele></trkpt>
      <trkpt lat="46.556107" lon="4.712999"><ele>245.2</ele></trkpt>
      <trkpt lat="46.556000" lon="4.713078"><ele>244.8</ele></trkpt>
      <trkpt lat="46.555939" lon="4.713136"><ele>244.5</ele></trkpt>
      <trkpt lat="46.555900" lon="4.713203"><ele>244.2</ele></trkpt>
      <trkpt lat="46.555886" lon="4.713260"><ele>244.2</ele></trkpt>
      <trkpt lat="46.555860" lon="4.713430"><ele>243.2</ele></trkpt>
      <trkpt lat="46.555837" lon="4.713523"><ele>242.5</ele></trkpt>
      <trkpt lat="46.555811" lon="4.713597"><ele>242.0</ele></trkpt>
      <trkpt lat="46.555772" lon="4.713691"><ele>241.5</ele></trkpt>
      <trkpt lat="46.555744" lon="4.713787"><ele>241.2</ele></trkpt>
      <trkpt lat="46.555657" lon="4.714139"><ele>239.0</ele></trkpt>
      <trkpt lat="46.555497" lon="4.714344"><ele>238.2</ele></trkpt>
      <trkpt lat="46.555406" lon="4.714512"><ele>237.8</ele></trkpt>
      <trkpt lat="46.555239" lon="4.714847"><ele>236.5</ele></trkpt>
      <trkpt lat="46.555149" lon="4.715065"><ele>236.0</ele></trkpt>
      <trkpt lat="46.555079" lon="4.715188"><ele>236.0</ele></trkpt>
      <trkpt lat="46.555003" lon="4.715258"><ele>236.0</ele></trkpt>
      <trkpt lat="46.554890" lon="4.715299"><ele>235.8</ele></trkpt>
      <trkpt lat="46.554029" lon="4.715464"><ele>234.2</ele></trkpt>
      <trkpt lat="46.553916" lon="4.715574"><ele>234.0</ele></trkpt>
      <trkpt lat="46.553819" lon="4.715724"><ele>234.0</ele></trkpt>
      <trkpt lat="46.553779" lon="4.716096"><ele>233.0</ele></trkpt>
      <trkpt lat="46.553704" lon="4.716974"><ele>231.5</ele></trkpt>
      <trkpt lat="46.553645" lon="4.717398"><ele>231.0</ele></trkpt>
      <trkpt lat="46.553615" lon="4.717543"><ele>230.8</ele></trkpt>
      <trkpt lat="46.553547" lon="4.717815"><ele>231.0</ele></trkpt>
      <trkpt lat="46.553441" lon="4.718132"><ele>230.8</ele></trkpt>
      <trkpt lat="46.553350" lon="4.718127"><ele>230.8</ele></trkpt>
      <trkpt lat="46.553265" lon="4.718170"><ele>231.0</ele></trkpt>
      <trkpt lat="46.553062" lon="4.718379"><ele>230.8</ele></trkpt>
      <trkpt lat="46.552127" lon="4.719551"><ele>231.0</ele></trkpt>
      <trkpt lat="46.551256" lon="4.720664"><ele>229.5</ele></trkpt>
      <trkpt lat="46.550959" lon="4.720991"><ele>228.2</ele></trkpt>
      <trkpt lat="46.550295" lon="4.721396"><ele>228.8</ele></trkpt>
      <trkpt lat="46.550270" lon="4.721442"><ele>229.0</ele></trkpt>
      <trkpt lat="46.550242" lon="4.721493"><ele>229.0</ele></trkpt>
      <trkpt lat="46.550223" lon="4.721660"><ele>229.0</ele></trkpt>
      <trkpt lat="46.550214" lon="4.721989"><ele>229.0</ele></trkpt>
      <trkpt lat="46.550208" lon="4.722074"><ele>229.2</ele></trkpt>
      <trkpt lat="46.550163" lon="4.722136"><ele>229.2</ele></trkpt>
      <trkpt lat="46.550106" lon="4.722181"><ele>229.5</ele></trkpt>
      <trkpt lat="46.549870" lon="4.722248"><ele>230.0</ele></trkpt>
      <trkpt lat="46.549661" lon="4.722360"><ele>230.2</ele></trkpt>
      <trkpt lat="46.548943" lon="4.722848"><ele>231.0</ele></trkpt>
      <trkpt lat="46.548497" lon="4.723116"><ele>232.2</ele></trkpt>
      <trkpt lat="46.548299" lon="4.723261"><ele>233.0</ele></trkpt>
      <trkpt lat="46.547838" lon="4.723623"><ele>234.5</ele></trkpt>
      <trkpt lat="46.547792" lon="4.723698"><ele>234.5</ele></trkpt>
      <trkpt lat="46.547727" lon="4.723767"><ele>234.5</ele></trkpt>
      <trkpt lat="46.544934" lon="4.724717"><ele>235.0</ele></trkpt>
      <trkpt lat="46.544956" lon="4.724953"><ele>234.0</ele></trkpt>
      <trkpt lat="46.545194" lon="4.726473"><ele>225.5</ele></trkpt>
      <trkpt lat="46.545220" lon="4.726632"><ele>225.0</ele></trkpt>
      <trkpt lat="46.544828" lon="4.726759"><ele>221.0</ele></trkpt>
      <trkpt lat="46.543589" lon="4.727163"><ele>221.0</ele></trkpt>
      <trkpt lat="46.542169" lon="4.727625"><ele>226.5</ele></trkpt>
      <trkpt lat="46.542135" lon="4.727383"><ele>227.2</ele></trkpt>
      <trkpt lat="46.542023" lon="4.726959"><ele>227.5</ele></trkpt>
      <trkpt lat="46.541853" lon="4.726390"><ele>228.5</ele></trkpt>
      <trkpt lat="46.541770" lon="4.726086"><ele>229.5</ele></trkpt>
      <trkpt lat="46.541709" lon="4.725862"><ele>230.5</ele></trkpt>
      <trkpt lat="46.541480" lon="4.725296"><ele>232.5</ele></trkpt>
      <trkpt lat="46.541432" lon="4.725114"><ele>233.8</ele></trkpt>
      <trkpt lat="46.541408" lon="4.724904"><ele>235.0</ele></trkpt>
      <trkpt lat="46.541381" lon="4.724564"><ele>236.5</ele></trkpt>
      <trkpt lat="46.540259" lon="4.725071"><ele>234.5</ele></trkpt>
      <trkpt lat="46.539237" lon="4.725501"><ele>231.0</ele></trkpt>
      <trkpt lat="46.539202" lon="4.725334"><ele>231.0</ele></trkpt>
      <trkpt lat="46.537117" lon="4.726270"><ele>227.8</ele></trkpt>
      <trkpt lat="46.537064" lon="4.725985"><ele>228.0</ele></trkpt>
      <trkpt lat="46.535050" lon="4.726892"><ele>231.0</ele></trkpt>
      <trkpt lat="46.535021" lon="4.726875"><ele>231.0</ele></trkpt>
      <trkpt lat="46.534704" lon="4.726376"><ele>232.0</ele></trkpt>
      <trkpt lat="46.534446" lon="4.725734"><ele>232.2</ele></trkpt>
      <trkpt lat="46.534268" lon="4.725952"><ele>232.5</ele></trkpt>
      <trkpt lat="46.534110" lon="4.726164"><ele>232.8</ele></trkpt>
      <trkpt lat="46.533976" lon="4.726329"><ele>232.0</ele></trkpt>
      <trkpt lat="46.533808" lon="4.726489"><ele>232.0</ele></trkpt>
      <trkpt lat="46.533530" lon="4.726725"><ele>231.2</ele></trkpt>
      <trkpt lat="46.532961" lon="4.727056"><ele>228.2</ele></trkpt>
      <trkpt lat="46.532516" lon="4.727255"><ele>227.5</ele></trkpt>
      <trkpt lat="46.532283" lon="4.727398"><ele>226.8</ele></trkpt>
      <trkpt lat="46.531994" lon="4.727605"><ele>226.5</ele></trkpt>
      <trkpt lat="46.531774" lon="4.727731"><ele>226.5</ele></trkpt>
      <trkpt lat="46.531639" lon="4.727788"><ele>226.8</ele></trkpt>
      <trkpt lat="46.531419" lon="4.727859"><ele>225.8</ele></trkpt>
      <trkpt lat="46.531097" lon="4.727948"><ele>226.0</ele></trkpt>
      <trkpt lat="46.530922" lon="4.728019"><ele>226.0</ele></trkpt>
      <trkpt lat="46.530751" lon="4.728113"><ele>225.8</ele></trkpt>
      <trkpt lat="46.530453" lon="4.728260"><ele>226.2</ele></trkpt>
      <trkpt lat="46.530324" lon="4.728362"><ele>226.5</ele></trkpt>
      <trkpt lat="46.530163" lon="4.728747"><ele>226.0</ele></trkpt>
      <trkpt lat="46.529783" lon="4.729593"><ele>225.2</ele></trkpt>
      <trkpt lat="46.529585" lon="4.730075"><ele>224.8</ele></trkpt>
      <trkpt lat="46.529496" lon="4.730254"><ele>225.5</ele></trkpt>
      <trkpt lat="46.529348" lon="4.730552"><ele>225.0</ele></trkpt>
      <trkpt lat="46.529097" lon="4.731056"><ele>225.5</ele></trkpt>
      <trkpt lat="46.528991" lon="4.731335"><ele>225.2</ele></trkpt>
      <trkpt lat="46.528906" lon="4.731692"><ele>225.8</ele></trkpt>
      <trkpt lat="46.528877" lon="4.731794"><ele>226.0</ele></trkpt>
      <trkpt lat="46.528861" lon="4.731861"><ele>226.2</ele></trkpt>
      <trkpt lat="46.528807" lon="4.731964"><ele>226.8</ele></trkpt>
      <trkpt lat="46.528782" lon="4.732033"><ele>227.2</ele></trkpt>
      <trkpt lat="46.528617" lon="4.732205"><ele>228.8</ele></trkpt>
      <trkpt lat="46.528601" lon="4.732103"><ele>229.0</ele></trkpt>
      <trkpt lat="46.528596" lon="4.731949"><ele>229.0</ele></trkpt>
      <trkpt lat="46.528573" lon="4.731831"><ele>229.2</ele></trkpt>
      <trkpt lat="46.528504" lon="4.731748"><ele>230.0</ele></trkpt>
      <trkpt lat="46.528355" lon="4.731597"><ele>231.8</ele></trkpt>
      <trkpt lat="46.528184" lon="4.731472"><ele>233.0</ele></trkpt>
      <trkpt lat="46.528062" lon="4.731412"><ele>233.8</ele></trkpt>
      <trkpt lat="46.527919" lon="4.731327"><ele>234.8</ele></trkpt>
      <trkpt lat="46.527849" lon="4.731383"><ele>235.2</ele></trkpt>
      <trkpt lat="46.527763" lon="4.731412"><ele>236.0</ele></trkpt>
      <trkpt lat="46.527309" lon="4.731449"><ele>241.0</ele></trkpt>
      <trkpt lat="46.527108" lon="4.731450"><ele>242.8</ele></trkpt>
      <trkpt lat="46.526931" lon="4.731407"><ele>244.0</ele></trkpt>
      <trkpt lat="46.526531" lon="4.731281"><ele>246.8</ele></trkpt>
      <trkpt lat="46.526383" lon="4.731203"><ele>248.0</ele></trkpt>
      <trkpt lat="46.525332" lon="4.730207"><ele>251.0</ele></trkpt>
      <trkpt lat="46.524851" lon="4.729847"><ele>252.5</ele></trkpt>
      <trkpt lat="46.524759" lon="4.729759"><ele>252.8</ele></trkpt>
      <trkpt lat="46.524714" lon="4.729730"><ele>253.0</ele></trkpt>
      <trkpt lat="46.524649" lon="4.729721"><ele>253.2</ele></trkpt>
      <trkpt lat="46.524267" lon="4.729603"><ele>253.5</ele></trkpt>
      <trkpt lat="46.524113" lon="4.729493"><ele>253.2</ele></trkpt>
      <trkpt lat="46.524029" lon="4.729423"><ele>253.2</ele></trkpt>
      <trkpt lat="46.523950" lon="4.729380"><ele>253.2</ele></trkpt>
      <trkpt lat="46.523872" lon="4.729361"><ele>253.2</ele></trkpt>
      <trkpt lat="46.523747" lon="4.729350"><ele>253.2</ele></trkpt>
      <trkpt lat="46.523618" lon="4.729355"><ele>253.5</ele></trkpt>
      <trkpt lat="46.523460" lon="4.729353"><ele>254.0</ele></trkpt>
      <trkpt lat="46.523160" lon="4.729326"><ele>255.0</ele></trkpt>
      <trkpt lat="46.522911" lon="4.729336"><ele>256.0</ele></trkpt>
      <trkpt lat="46.522706" lon="4.729344"><ele>256.8</ele></trkpt>
      <trkpt lat="46.522551" lon="4.729337"><ele>257.2</ele></trkpt>
      <trkpt lat="46.522457" lon="4.729320"><ele>257.8</ele></trkpt>
      <trkpt lat="46.522204" lon="4.729247"><ele>258.5</ele></trkpt>
      <trkpt lat="46.521903" lon="4.729134"><ele>260.0</ele></trkpt>
      <trkpt lat="46.521668" lon="4.729016"><ele>260.8</ele></trkpt>
      <trkpt lat="46.521120" lon="4.728625"><ele>263.8</ele></trkpt>
      <trkpt lat="46.520937" lon="4.728445"><ele>265.5</ele></trkpt>
      <trkpt lat="46.520788" lon="4.728249"><ele>266.2</ele></trkpt>
      <trkpt lat="46.520620" lon="4.727930"><ele>267.5</ele></trkpt>
      <trkpt lat="46.520340" lon="4.727337"><ele>268.5</ele></trkpt>
      <trkpt lat="46.520083" lon="4.726763"><ele>267.8</ele></trkpt>
      <trkpt lat="46.519562" lon="4.725554"><ele>264.0</ele></trkpt>
      <trkpt lat="46.519418" lon="4.725409"><ele>264.0</ele></trkpt>
      <trkpt lat="46.519208" lon="4.725264"><ele>263.5</ele></trkpt>
      <trkpt lat="46.518329" lon="4.724529"><ele>261.5</ele></trkpt>
      <trkpt lat="46.517949" lon="4.724153"><ele>261.5</ele></trkpt>
      <trkpt lat="46.517434" lon="4.723669"><ele>262.2</ele></trkpt>
      <trkpt lat="46.517315" lon="4.723580"><ele>262.2</ele></trkpt>
      <trkpt lat="46.517254" lon="4.723549"><ele>262.2</ele></trkpt>
      <trkpt lat="46.517131" lon="4.723504"><ele>262.5</ele></trkpt>
      <trkpt lat="46.517050" lon="4.723673"><ele>263.8</ele></trkpt>
      <trkpt lat="46.517019" lon="4.723766"><ele>264.2</ele></trkpt>
      <trkpt lat="46.516888" lon="4.724341"><ele>268.5</ele></trkpt>
      <trkpt lat="46.516851" lon="4.724391"><ele>269.2</ele></trkpt>
      <trkpt lat="46.516807" lon="4.724415"><ele>269.8</ele></trkpt>
      <trkpt lat="46.516749" lon="4.724410"><ele>270.0</ele></trkpt>
      <trkpt lat="46.516619" lon="4.724374"><ele>270.5</ele></trkpt>
      <trkpt lat="46.516164" lon="4.724105"><ele>271.0</ele></trkpt>
      <trkpt lat="46.515547" lon="4.723693"><ele>271.8</ele></trkpt>
      <trkpt lat="46.515394" lon="4.723585"><ele>272.5</ele></trkpt>
      <trkpt lat="46.515057" lon="4.723284"><ele>274.0</ele></trkpt>
      <trkpt lat="46.514713" lon="4.723038"><ele>275.8</ele></trkpt>
      <trkpt lat="46.514080" lon="4.722722"><ele>275.8</ele></trkpt>
      <trkpt lat="46.513271" lon="4.722282"><ele>274.0</ele></trkpt>
      <trkpt lat="46.513002" lon="4.722751"><ele>279.5</ele></trkpt>
      <trkpt lat="46.512937" lon="4.722928"><ele>281.2</ele></trkpt>
      <trkpt lat="46.512871" lon="4.723194"><ele>284.0</ele></trkpt>
      <trkpt lat="46.512825" lon="4.723328"><ele>285.8</ele></trkpt>
      <trkpt lat="46.512766" lon="4.723373"><ele>286.5</ele></trkpt>
      <trkpt lat="46.512662" lon="4.723376"><ele>287.5</ele></trkpt>
      <trkpt lat="46.512269" lon="4.723030"><ele>284.2</ele></trkpt>
      <trkpt lat="46.512116" lon="4.722963"><ele>284.0</ele></trkpt>
      <trkpt lat="46.512072" lon="4.722953"><ele>284.0</ele></trkpt>
      <trkpt lat="46.511695" lon="4.722866"><ele>284.0</ele></trkpt>
      <trkpt lat="46.510467" lon="4.722443"><ele>288.2</ele></trkpt>
      <trkpt lat="46.510266" lon="4.722405"><ele>291.0</ele></trkpt>
      <trkpt lat="46.509941" lon="4.722276"><ele>293.2</ele></trkpt>
      <trkpt lat="46.509908" lon="4.722225"><ele>293.0</ele></trkpt>
      <trkpt lat="46.509893" lon="4.721386"><ele>282.0</ele></trkpt>
      <trkpt lat="46.509903" lon="4.720452"><ele>272.8</ele></trkpt>
      <trkpt lat="46.509919" lon="4.719640"><ele>268.0</ele></trkpt>
      <trkpt lat="46.509936" lon="4.719176"><ele>268.0</ele></trkpt>
      <trkpt lat="46.509967" lon="4.718991"><ele>268.0</ele></trkpt>
      <trkpt lat="46.510093" lon="4.718614"><ele>267.5</ele></trkpt>
      <trkpt lat="46.509959" lon="4.718589"><ele>268.0</ele></trkpt>
      <trkpt lat="46.509887" lon="4.718594"><ele>268.2</ele></trkpt>
      <trkpt lat="46.509697" lon="4.718660"><ele>269.0</ele></trkpt>
      <trkpt lat="46.509510" lon="4.718751"><ele>269.2</ele></trkpt>
      <trkpt lat="46.509213" lon="4.718916"><ele>268.0</ele></trkpt>
      <trkpt lat="46.509145" lon="4.718940"><ele>267.8</ele></trkpt>
      <trkpt lat="46.509045" lon="4.718949"><ele>267.5</ele></trkpt>
      <trkpt lat="46.509023" lon="4.719045"><ele>267.5</ele></trkpt>
      <trkpt lat="46.508991" lon="4.719135"><ele>267.5</ele></trkpt>
      <trkpt lat="46.508959" lon="4.719192"><ele>267.8</ele></trkpt>
      <trkpt lat="46.508908" lon="4.719237"><ele>267.8</ele></trkpt>
      <trkpt lat="46.508834" lon="4.719271"><ele>268.2</ele></trkpt>
      <trkpt lat="46.508752" lon="4.719292"><ele>269.0</ele></trkpt>
      <trkpt lat="46.507824" lon="4.719441"><ele>282.2</ele></trkpt>
      <trkpt lat="46.507758" lon="4.719432"><ele>283.0</ele></trkpt>
      <trkpt lat="46.507499" lon="4.719237"><ele>287.0</ele></trkpt>
      <trkpt lat="46.507412" lon="4.719193"><ele>288.2</ele></trkpt>
      <trkpt lat="46.507148" lon="4.719084"><ele>291.8</ele></trkpt>
      <trkpt lat="46.507070" lon="4.719041"><ele>292.5</ele></trkpt>
      <trkpt lat="46.506998" lon="4.718990"><ele>292.8</ele></trkpt>
      <trkpt lat="46.506944" lon="4.718965"><ele>293.0</ele></trkpt>
      <trkpt lat="46.506882" lon="4.718949"><ele>293.0</ele></trkpt>
      <trkpt lat="46.506814" lon="4.718950"><ele>293.2</ele></trkpt>
      <trkpt lat="46.506742" lon="4.718966"><ele>293.8</ele></trkpt>
      <trkpt lat="46.506681" lon="4.718997"><ele>294.5</ele></trkpt>
      <trkpt lat="46.506557" lon="4.719103"><ele>295.8</ele></trkpt>
      <trkpt lat="46.506303" lon="4.719331"><ele>298.8</ele></trkpt>
      <trkpt lat="46.506227" lon="4.719411"><ele>299.2</ele></trkpt>
      <trkpt lat="46.506123" lon="4.719582"><ele>300.0</ele></trkpt>
      <trkpt lat="46.505893" lon="4.720018"><ele>302.8</ele></trkpt>
      <trkpt lat="46.505760" lon="4.720216"><ele>303.0</ele></trkpt>
      <trkpt lat="46.505631" lon="4.720447"><ele>303.2</ele></trkpt>
      <trkpt lat="46.505427" lon="4.720755"><ele>304.5</ele></trkpt>
      <trkpt lat="46.505327" lon="4.720868"><ele>304.8</ele></trkpt>
      <trkpt lat="46.505230" lon="4.720944"><ele>305.0</ele></trkpt>
      <trkpt lat="46.505114" lon="4.720971"><ele>306.2</ele></trkpt>
      <trkpt lat="46.504801" lon="4.721002"><ele>310.5</ele></trkpt>
      <trkpt lat="46.504623" lon="4.721041"><ele>312.5</ele></trkpt>
      <trkpt lat="46.504525" lon="4.721071"><ele>313.2</ele></trkpt>
      <trkpt lat="46.504405" lon="4.721139"><ele>314.0</ele></trkpt>
      <trkpt lat="46.504057" lon="4.721295"><ele>315.8</ele></trkpt>
      <trkpt lat="46.503964" lon="4.721326"><ele>316.5</ele></trkpt>
      <trkpt lat="46.503749" lon="4.721222"><ele>317.0</ele></trkpt>
      <trkpt lat="46.503528" lon="4.721155"><ele>316.2</ele></trkpt>
      <trkpt lat="46.503490" lon="4.721163"><ele>316.0</ele></trkpt>
      <trkpt lat="46.503459" lon="4.721176"><ele>316.0</ele></trkpt>
      <trkpt lat="46.503323" lon="4.721305"><ele>315.5</ele></trkpt>
      <trkpt lat="46.503374" lon="4.721443"><ele>316.2</ele></trkpt>
      <trkpt lat="46.503412" lon="4.721589"><ele>317.2</ele></trkpt>
      <trkpt lat="46.503423" lon="4.721684"><ele>317.8</ele></trkpt>
      <trkpt lat="46.503422" lon="4.721774"><ele>318.8</ele></trkpt>
      <trkpt lat="46.503404" lon="4.721954"><ele>320.8</ele></trkpt>
      <trkpt lat="46.503387" lon="4.722055"><ele>321.8</ele></trkpt>
      <trkpt lat="46.503362" lon="4.722142"><ele>322.8</ele></trkpt>
      <trkpt lat="46.503317" lon="4.722227"><ele>324.0</ele></trkpt>
      <trkpt lat="46.503250" lon="4.722324"><ele>325.8</ele></trkpt>
      <trkpt lat="46.503014" lon="4.722615"><ele>331.5</ele></trkpt>
      <trkpt lat="46.502935" lon="4.722739"><ele>333.8</ele></trkpt>
      <trkpt lat="46.502892" lon="4.722821"><ele>335.0</ele></trkpt>
      <trkpt lat="46.502797" lon="4.723014"><ele>337.2</ele></trkpt>
      <trkpt lat="46.502760" lon="4.723118"><ele>338.5</ele></trkpt>
      <trkpt lat="46.502733" lon="4.723227"><ele>339.5</ele></trkpt>
      <trkpt lat="46.502703" lon="4.723571"><ele>343.0</ele></trkpt>
      <trkpt lat="46.502690" lon="4.723655"><ele>344.2</ele></trkpt>
      <trkpt lat="46.502660" lon="4.723731"><ele>345.5</ele></trkpt>
      <trkpt lat="46.502612" lon="4.723783"><ele>346.5</ele></trkpt>
      <trkpt lat="46.502525" lon="4.723831"><ele>347.8</ele></trkpt>
      <trkpt lat="46.502308" lon="4.723927"><ele>350.5</ele></trkpt>
      <trkpt lat="46.501824" lon="4.724089"><ele>354.8</ele></trkpt>
      <trkpt lat="46.501631" lon="4.724172"><ele>356.0</ele></trkpt>
      <trkpt lat="46.501565" lon="4.724216"><ele>357.0</ele></trkpt>
      <trkpt lat="46.501381" lon="4.724368"><ele>359.8</ele></trkpt>
      <trkpt lat="46.501066" lon="4.724562"><ele>364.8</ele></trkpt>
      <trkpt lat="46.500921" lon="4.724676"><ele>367.0</ele></trkpt>
      <trkpt lat="46.500843" lon="4.724759"><ele>368.2</ele></trkpt>
      <trkpt lat="46.500777" lon="4.724843"><ele>369.8</ele></trkpt>
      <trkpt lat="46.500724" lon="4.724940"><ele>371.5</ele></trkpt>
      <trkpt lat="46.500680" lon="4.725046"><ele>373.2</ele></trkpt>
      <trkpt lat="46.500613" lon="4.725052"><ele>373.5</ele></trkpt>
      <trkpt lat="46.500551" lon="4.725042"><ele>373.8</ele></trkpt>
      <trkpt lat="46.500473" lon="4.725017"><ele>374.0</ele></trkpt>
      <trkpt lat="46.500245" lon="4.724888"><ele>374.2</ele></trkpt>
      <trkpt lat="46.499994" lon="4.724722"><ele>374.0</ele></trkpt>
      <trkpt lat="46.499434" lon="4.724408"><ele>376.5</ele></trkpt>
      <trkpt lat="46.498561" lon="4.723884"><ele>380.5</ele></trkpt>
      <trkpt lat="46.498226" lon="4.723719"><ele>382.5</ele></trkpt>
      <trkpt lat="46.498061" lon="4.723629"><ele>383.0</ele></trkpt>
      <trkpt lat="46.497995" lon="4.723604"><ele>383.2</ele></trkpt>
      <trkpt lat="46.497951" lon="4.723603"><ele>383.5</ele></trkpt>
      <trkpt lat="46.497910" lon="4.723621"><ele>384.0</ele></trkpt>
      <trkpt lat="46.497758" lon="4.723715"><ele>385.8</ele></trkpt>
      <trkpt lat="46.497697" lon="4.723737"><ele>386.2</ele></trkpt>
      <trkpt lat="46.497630" lon="4.723749"><ele>387.0</ele></trkpt>
      <trkpt lat="46.497361" lon="4.723734"><ele>388.5</ele></trkpt>
      <trkpt lat="46.497211" lon="4.723717"><ele>389.0</ele></trkpt>
      <trkpt lat="46.496911" lon="4.723662"><ele>390.5</ele></trkpt>
      <trkpt lat="46.496769" lon="4.723622"><ele>391.2</ele></trkpt>
      <trkpt lat="46.496416" lon="4.723481"><ele>392.2</ele></trkpt>
      <trkpt lat="46.496162" lon="4.723349"><ele>393.5</ele></trkpt>
      <trkpt lat="46.495726" lon="4.723009"><ele>396.5</ele></trkpt>
      <trkpt lat="46.495426" lon="4.722789"><ele>397.8</ele></trkpt>
      <trkpt lat="46.495261" lon="4.722684"><ele>398.8</ele></trkpt>
      <trkpt lat="46.495092" lon="4.722598"><ele>399.5</ele></trkpt>
      <trkpt lat="46.494876" lon="4.722514"><ele>400.5</ele></trkpt>
      <trkpt lat="46.494703" lon="4.722469"><ele>400.8</ele></trkpt>
      <trkpt lat="46.494271" lon="4.722401"><ele>400.0</ele></trkpt>
      <trkpt lat="46.493893" lon="4.722372"><ele>397.5</ele></trkpt>
      <trkpt lat="46.493854" lon="4.722876"><ele>400.8</ele></trkpt>
      <trkpt lat="46.493852" lon="4.723075"><ele>403.0</ele></trkpt>
      <trkpt lat="46.493719" lon="4.724317"><ele>415.5</ele></trkpt>
      <trkpt lat="46.493612" lon="4.725103"><ele>426.2</ele></trkpt>
      <trkpt lat="46.493588" lon="4.725370"><ele>429.8</ele></trkpt>
      <trkpt lat="46.493556" lon="4.725465"><ele>430.5</ele></trkpt>
      <trkpt lat="46.493446" lon="4.725631"><ele>432.0</ele></trkpt>
      <trkpt lat="46.493262" lon="4.725878"><ele>437.0</ele></trkpt>
      <trkpt lat="46.493193" lon="4.725940"><ele>439.2</ele></trkpt>
      <trkpt lat="46.493014" lon="4.726026"><ele>443.8</ele></trkpt>
      <trkpt lat="46.492940" lon="4.726093"><ele>447.0</ele></trkpt>
      <trkpt lat="46.492873" lon="4.726203"><ele>449.5</ele></trkpt>
      <trkpt lat="46.492830" lon="4.726429"><ele>451.5</ele></trkpt>
      <trkpt lat="46.492627" lon="4.726303"><ele>454.0</ele></trkpt>
      <trkpt lat="46.492478" lon="4.726039"><ele>456.8</ele></trkpt>
      <trkpt lat="46.492399" lon="4.725942"><ele>457.5</ele></trkpt>
      <trkpt lat="46.492090" lon="4.725749"><ele>459.5</ele></trkpt>
      <trkpt lat="46.491963" lon="4.725620"><ele>460.5</ele></trkpt>
      <trkpt lat="46.491854" lon="4.725443"><ele>460.5</ele></trkpt>
      <trkpt lat="46.491789" lon="4.725320"><ele>460.2</ele></trkpt>
      <trkpt lat="46.491673" lon="4.725218"><ele>460.2</ele></trkpt>
      <trkpt lat="46.491246" lon="4.725111"><ele>459.5</ele></trkpt>
      <trkpt lat="46.490491" lon="4.725095"><ele>459.2</ele></trkpt>
      <trkpt lat="46.489957" lon="4.725001"><ele>459.8</ele></trkpt>
      <trkpt lat="46.489577" lon="4.724918"><ele>459.8</ele></trkpt>
      <trkpt lat="46.489344" lon="4.724931"><ele>460.0</ele></trkpt>
      <trkpt lat="46.489162" lon="4.725028"><ele>460.8</ele></trkpt>
      <trkpt lat="46.488979" lon="4.725194"><ele>459.0</ele></trkpt>
      <trkpt lat="46.488705" lon="4.725722"><ele>461.2</ele></trkpt>
      <trkpt lat="46.488548" lon="4.725996"><ele>464.5</ele></trkpt>
      <trkpt lat="46.488342" lon="4.726157"><ele>466.5</ele></trkpt>
      <trkpt lat="46.488142" lon="4.726253"><ele>466.2</ele></trkpt>
      <trkpt lat="46.487660" lon="4.726302"><ele>466.8</ele></trkpt>
      <trkpt lat="46.487409" lon="4.726283"><ele>466.2</ele></trkpt>
      <trkpt lat="46.486521" lon="4.726026"><ele>465.8</ele></trkpt>
      <trkpt lat="46.486307" lon="4.726012"><ele>465.5</ele></trkpt>
      <trkpt lat="46.486185" lon="4.726034"><ele>465.0</ele></trkpt>
      <trkpt lat="46.486061" lon="4.726111"><ele>465.2</ele></trkpt>
      <trkpt lat="46.485987" lon="4.726127"><ele>464.5</ele></trkpt>
      <trkpt lat="46.485891" lon="4.726111"><ele>463.5</ele></trkpt>
      <trkpt lat="46.485354" lon="4.725881"><ele>460.0</ele></trkpt>
      <trkpt lat="46.484990" lon="4.725789"><ele>464.2</ele></trkpt>
      <trkpt lat="46.484628" lon="4.725623"><ele>468.8</ele></trkpt>
      <trkpt lat="46.484417" lon="4.725443"><ele>469.5</ele></trkpt>
      <trkpt lat="46.483980" lon="4.725277"><ele>470.2</ele></trkpt>
      <trkpt lat="46.483538" lon="4.725226"><ele>472.0</ele></trkpt>
      <trkpt lat="46.483461" lon="4.725283"><ele>473.5</ele></trkpt>
      <trkpt lat="46.483329" lon="4.725446"><ele>475.0</ele></trkpt>
      <trkpt lat="46.483215" lon="4.725511"><ele>476.0</ele></trkpt>
      <trkpt lat="46.482585" lon="4.725545"><ele>476.8</ele></trkpt>
      <trkpt lat="46.481148" lon="4.725709"><ele>476.0</ele></trkpt>
      <trkpt lat="46.480962" lon="4.725707"><ele>475.5</ele></trkpt>
      <trkpt lat="46.480481" lon="4.725675"><ele>475.8</ele></trkpt>
      <trkpt lat="46.480074" lon="4.725622"><ele>477.2</ele></trkpt>
      <trkpt lat="46.479539" lon="4.725488"><ele>478.5</ele></trkpt>
      <trkpt lat="46.478316" lon="4.725246"><ele>480.5</ele></trkpt>
      <trkpt lat="46.477685" lon="4.724800"><ele>480.5</ele></trkpt>
      <trkpt lat="46.476186" lon="4.724208"><ele>488.5</ele></trkpt>
      <trkpt lat="46.473574" lon="4.723251"><ele>491.0</ele></trkpt>
      <trkpt lat="46.471677" lon="4.722312"><ele>491.5</ele></trkpt>
      <trkpt lat="46.470724" lon="4.721716"><ele>495.5</ele></trkpt>
      <trkpt lat="46.470469" lon="4.721394"><ele>496.5</ele></trkpt>
      <trkpt lat="46.469970" lon="4.721239"><ele>499.5</ele></trkpt>
      <trkpt lat="46.469520" lon="4.720972"><ele>500.5</ele></trkpt>
      <trkpt lat="46.469325" lon="4.720900"><ele>500.8</ele></trkpt>
      <trkpt lat="46.469143" lon="4.720869"><ele>501.2</ele></trkpt>
      <trkpt lat="46.469066" lon="4.720876"><ele>501.5</ele></trkpt>
      <trkpt lat="46.468756" lon="4.720819"><ele>502.2</ele></trkpt>
      <trkpt lat="46.468514" lon="4.720779"><ele>502.2</ele></trkpt>
      <trkpt lat="46.468314" lon="4.720817"><ele>501.8</ele></trkpt>
      <trkpt lat="46.467708" lon="4.720766"><ele>501.8</ele></trkpt>
      <trkpt lat="46.467108" lon="4.720624"><ele>502.2</ele></trkpt>
      <trkpt lat="46.466908" lon="4.720608"><ele>503.8</ele></trkpt>
      <trkpt lat="46.466790" lon="4.720599"><ele>503.8</ele></trkpt>
      <trkpt lat="46.466297" lon="4.720637"><ele>504.5</ele></trkpt>
      <trkpt lat="46.466162" lon="4.720605"><ele>503.5</ele></trkpt>
      <trkpt lat="46.465948" lon="4.720599"><ele>502.0</ele></trkpt>
      <trkpt lat="46.465794" lon="4.720658"><ele>501.5</ele></trkpt>
      <trkpt lat="46.465680" lon="4.720677"><ele>501.2</ele></trkpt>
      <trkpt lat="46.464567" lon="4.720624"><ele>500.8</ele></trkpt>
      <trkpt lat="46.464301" lon="4.720656"><ele>500.8</ele></trkpt>
      <trkpt lat="46.464056" lon="4.720543"><ele>499.8</ele></trkpt>
      <trkpt lat="46.463743" lon="4.720465"><ele>498.2</ele></trkpt>
      <trkpt lat="46.463346" lon="4.720497"><ele>496.8</ele></trkpt>
      <trkpt lat="46.463101" lon="4.720465"><ele>494.2</ele></trkpt>
      <trkpt lat="46.462865" lon="4.720268"><ele>492.5</ele></trkpt>
      <trkpt lat="46.462483" lon="4.719972"><ele>488.5</ele></trkpt>
      <trkpt lat="46.462370" lon="4.719899"><ele>487.0</ele></trkpt>
      <trkpt lat="46.462291" lon="4.719881"><ele>486.0</ele></trkpt>
      <trkpt lat="46.462223" lon="4.719845"><ele>485.2</ele></trkpt>
      <trkpt lat="46.461841" lon="4.719596"><ele>479.5</ele></trkpt>
      <trkpt lat="46.461579" lon="4.719396"><ele>474.8</ele></trkpt>
      <trkpt lat="46.461519" lon="4.719317"><ele>473.5</ele></trkpt>
      <trkpt lat="46.461471" lon="4.719166"><ele>472.5</ele></trkpt>
      <trkpt lat="46.461463" lon="4.719014"><ele>471.2</ele></trkpt>
      <trkpt lat="46.461476" lon="4.718939"><ele>470.5</ele></trkpt>
      <trkpt lat="46.461507" lon="4.718856"><ele>470.2</ele></trkpt>
      <trkpt lat="46.461538" lon="4.718801"><ele>470.0</ele></trkpt>
      <trkpt lat="46.461531" lon="4.718717"><ele>469.5</ele></trkpt>
      <trkpt lat="46.461321" lon="4.718236"><ele>468.8</ele></trkpt>
      <trkpt lat="46.461075" lon="4.717982"><ele>469.2</ele></trkpt>
      <trkpt lat="46.460945" lon="4.717801"><ele>470.2</ele></trkpt>
      <trkpt lat="46.460929" lon="4.717670"><ele>471.2</ele></trkpt>
      <trkpt lat="46.460948" lon="4.717524"><ele>472.8</ele></trkpt>
      <trkpt lat="46.460907" lon="4.717414"><ele>471.0</ele></trkpt>
      <trkpt lat="46.460870" lon="4.717401"><ele>470.8</ele></trkpt>
      <trkpt lat="46.460829" lon="4.717428"><ele>471.2</ele></trkpt>
      <trkpt lat="46.460709" lon="4.717467"><ele>472.0</ele></trkpt>
      <trkpt lat="46.460616" lon="4.717453"><ele>471.8</ele></trkpt>
      <trkpt lat="46.460437" lon="4.717379"><ele>471.0</ele></trkpt>
      <trkpt lat="46.459823" lon="4.717441"><ele>471.0</ele></trkpt>
      <trkpt lat="46.459293" lon="4.717421"><ele>472.2</ele></trkpt>
      <trkpt lat="46.459138" lon="4.717344"><ele>471.8</ele></trkpt>
      <trkpt lat="46.458617" lon="4.717345"><ele>471.2</ele></trkpt>
      <trkpt lat="46.458493" lon="4.717323"><ele>471.5</ele></trkpt>
      <trkpt lat="46.458297" lon="4.717174"><ele>471.2</ele></trkpt>
      <trkpt lat="46.458219" lon="4.717134"><ele>471.2</ele></trkpt>
      <trkpt lat="46.458090" lon="4.717132"><ele>472.2</ele></trkpt>
      <trkpt lat="46.457739" lon="4.717289"><ele>473.5</ele></trkpt>
      <trkpt lat="46.457640" lon="4.717296"><ele>473.2</ele></trkpt>
      <trkpt lat="46.457549" lon="4.717272"><ele>473.5</ele></trkpt>
      <trkpt lat="46.457410" lon="4.717327"><ele>472.2</ele></trkpt>
      <trkpt lat="46.457334" lon="4.717252"><ele>472.0</ele></trkpt>
      <trkpt lat="46.457053" lon="4.717043"><ele>470.0</ele></trkpt>
      <trkpt lat="46.456973" lon="4.717014"><ele>469.2</ele></trkpt>
      <trkpt lat="46.456942" lon="4.717020"><ele>469.0</ele></trkpt>
      <trkpt lat="46.456912" lon="4.717043"><ele>469.0</ele></trkpt>
      <trkpt lat="46.456808" lon="4.717327"><ele>467.8</ele></trkpt>
      <trkpt lat="46.456772" lon="4.717357"><ele>467.2</ele></trkpt>
      <trkpt lat="46.456673" lon="4.717366"><ele>466.8</ele></trkpt>
      <trkpt lat="46.456724" lon="4.717291"><ele>468.0</ele></trkpt>
      <trkpt lat="46.456767" lon="4.717205"><ele>469.0</ele></trkpt>
      <trkpt lat="46.456898" lon="4.716825"><ele>468.5</ele></trkpt>
      <trkpt lat="46.456954" lon="4.716681"><ele>467.0</ele></trkpt>
      <trkpt lat="46.457004" lon="4.716604"><ele>466.0</ele></trkpt>
      <trkpt lat="46.457063" lon="4.716550"><ele>464.8</ele></trkpt>
      <trkpt lat="46.457134" lon="4.716510"><ele>463.5</ele></trkpt>
      <trkpt lat="46.457221" lon="4.716489"><ele>462.2</ele></trkpt>
      <trkpt lat="46.457314" lon="4.716500"><ele>461.0</ele></trkpt>
      <trkpt lat="46.458470" lon="4.716791"><ele>456.2</ele></trkpt>
      <trkpt lat="46.458737" lon="4.716850"><ele>453.5</ele></trkpt>
      <trkpt lat="46.458912" lon="4.716875"><ele>452.5</ele></trkpt>
      <trkpt lat="46.459119" lon="4.716890"><ele>451.2</ele></trkpt>
      <trkpt lat="46.459353" lon="4.716889"><ele>449.5</ele></trkpt>
      <trkpt lat="46.460085" lon="4.716858"><ele>448.5</ele></trkpt>
      <trkpt lat="46.460702" lon="4.716880"><ele>442.8</ele></trkpt>
      <trkpt lat="46.461351" lon="4.716807"><ele>440.5</ele></trkpt>
      <trkpt lat="46.461565" lon="4.716791"><ele>439.8</ele></trkpt>
      <trkpt lat="46.462186" lon="4.716807"><ele>437.5</ele></trkpt>
      <trkpt lat="46.462285" lon="4.716817"><ele>436.5</ele></trkpt>
      <trkpt lat="46.462410" lon="4.716829"><ele>434.8</ele></trkpt>
      <trkpt lat="46.462524" lon="4.716855"><ele>433.5</ele></trkpt>
      <trkpt lat="46.462607" lon="4.716885"><ele>433.0</ele></trkpt>
      <trkpt lat="46.462735" lon="4.716968"><ele>432.8</ele></trkpt>
      <trkpt lat="46.463014" lon="4.717201"><ele>431.0</ele></trkpt>
      <trkpt lat="46.463195" lon="4.717290"><ele>430.0</ele></trkpt>
      <trkpt lat="46.463373" lon="4.717348"><ele>428.5</ele></trkpt>
      <trkpt lat="46.463490" lon="4.717349"><ele>427.5</ele></trkpt>
      <trkpt lat="46.463642" lon="4.717311"><ele>425.2</ele></trkpt>
      <trkpt lat="46.463801" lon="4.717243"><ele>425.2</ele></trkpt>
      <trkpt lat="46.463889" lon="4.717189"><ele>425.5</ele></trkpt>
      <trkpt lat="46.464754" lon="4.716670"><ele>420.0</ele></trkpt>
      <trkpt lat="46.464907" lon="4.716592"><ele>419.0</ele></trkpt>
      <trkpt lat="46.465103" lon="4.716536"><ele>418.0</ele></trkpt>
      <trkpt lat="46.465454" lon="4.716474"><ele>415.8</ele></trkpt>
      <trkpt lat="46.465786" lon="4.716394"><ele>414.0</ele></trkpt>
      <trkpt lat="46.465959" lon="4.716340"><ele>413.5</ele></trkpt>
      <trkpt lat="46.466116" lon="4.716276"><ele>413.0</ele></trkpt>
      <trkpt lat="46.466317" lon="4.716142"><ele>412.0</ele></trkpt>
      <trkpt lat="46.466545" lon="4.715963"><ele>410.5</ele></trkpt>
      <trkpt lat="46.466825" lon="4.715742"><ele>408.8</ele></trkpt>
      <trkpt lat="46.467677" lon="4.715045"><ele>404.5</ele></trkpt>
      <trkpt lat="46.467495" lon="4.714968"><ele>403.2</ele></trkpt>
      <trkpt lat="46.467303" lon="4.714960"><ele>401.8</ele></trkpt>
      <trkpt lat="46.466909" lon="4.714972"><ele>400.0</ele></trkpt>
      <trkpt lat="46.465684" lon="4.715070"><ele>393.2</ele></trkpt>
      <trkpt lat="46.465310" lon="4.715086"><ele>390.5</ele></trkpt>
      <trkpt lat="46.465005" lon="4.715048"><ele>389.5</ele></trkpt>
      <trkpt lat="46.464825" lon="4.714975"><ele>388.5</ele></trkpt>
      <trkpt lat="46.464663" lon="4.714857"><ele>387.2</ele></trkpt>
      <trkpt lat="46.464425" lon="4.714596"><ele>385.8</ele></trkpt>
      <trkpt lat="46.464148" lon="4.714264"><ele>385.0</ele></trkpt>
      <trkpt lat="46.464011" lon="4.714067"><ele>384.0</ele></trkpt>
      <trkpt lat="46.463882" lon="4.713835"><ele>382.5</ele></trkpt>
      <trkpt lat="46.463791" lon="4.713627"><ele>381.8</ele></trkpt>
      <trkpt lat="46.463690" lon="4.713323"><ele>380.8</ele></trkpt>
      <trkpt lat="46.463426" lon="4.712455"><ele>377.0</ele></trkpt>
      <trkpt lat="46.463352" lon="4.712260"><ele>376.0</ele></trkpt>
      <trkpt lat="46.463270" lon="4.712079"><ele>374.8</ele></trkpt>
      <trkpt lat="46.463159" lon="4.711898"><ele>373.5</ele></trkpt>
      <trkpt lat="46.463068" lon="4.711797"><ele>372.8</ele></trkpt>
      <trkpt lat="46.462901" lon="4.711669"><ele>370.8</ele></trkpt>
      <trkpt lat="46.460961" lon="4.710353"><ele>353.8</ele></trkpt>
      <trkpt lat="46.460915" lon="4.710263"><ele>353.2</ele></trkpt>
      <trkpt lat="46.460910" lon="4.710175"><ele>352.0</ele></trkpt>
      <trkpt lat="46.460927" lon="4.710071"><ele>350.5</ele></trkpt>
      <trkpt lat="46.461006" lon="4.709884"><ele>349.2</ele></trkpt>
      <trkpt lat="46.461363" lon="4.709322"><ele>347.0</ele></trkpt>
      <trkpt lat="46.461610" lon="4.708993"><ele>344.5</ele></trkpt>
      <trkpt lat="46.461735" lon="4.708875"><ele>343.2</ele></trkpt>
      <trkpt lat="46.462238" lon="4.708440"><ele>338.2</ele></trkpt>
      <trkpt lat="46.462514" lon="4.708267"><ele>336.0</ele></trkpt>
      <trkpt lat="46.462741" lon="4.708157"><ele>334.2</ele></trkpt>
      <trkpt lat="46.463009" lon="4.708068"><ele>333.0</ele></trkpt>
      <trkpt lat="46.463499" lon="4.707931"><ele>330.0</ele></trkpt>
      <trkpt lat="46.463717" lon="4.707704"><ele>326.8</ele></trkpt>
      <trkpt lat="46.463771" lon="4.707623"><ele>325.8</ele></trkpt>
      <trkpt lat="46.463916" lon="4.707410"><ele>323.2</ele></trkpt>
      <trkpt lat="46.463958" lon="4.707026"><ele>320.2</ele></trkpt>
      <trkpt lat="46.464003" lon="4.706658"><ele>317.5</ele></trkpt>
      <trkpt lat="46.464052" lon="4.706481"><ele>316.0</ele></trkpt>
      <trkpt lat="46.464122" lon="4.706296"><ele>314.2</ele></trkpt>
      <trkpt lat="46.464198" lon="4.706173"><ele>313.2</ele></trkpt>
      <trkpt lat="46.463980" lon="4.705751"><ele>310.2</ele></trkpt>
      <trkpt lat="46.463838" lon="4.705509"><ele>308.8</ele></trkpt>
      <trkpt lat="46.463775" lon="4.705429"><ele>308.2</ele></trkpt>
      <trkpt lat="46.463714" lon="4.705379"><ele>307.8</ele></trkpt>
      <trkpt lat="46.463519" lon="4.705256"><ele>306.8</ele></trkpt>
      <trkpt lat="46.463448" lon="4.705198"><ele>306.2</ele></trkpt>
      <trkpt lat="46.463401" lon="4.705139"><ele>306.0</ele></trkpt>
      <trkpt lat="46.463357" lon="4.705058"><ele>305.2</ele></trkpt>
      <trkpt lat="46.463254" lon="4.704793"><ele>304.5</ele></trkpt>
      <trkpt lat="46.463190" lon="4.704679"><ele>304.2</ele></trkpt>
      <trkpt lat="46.462960" lon="4.704413"><ele>302.2</ele></trkpt>
      <trkpt lat="46.462896" lon="4.704319"><ele>301.8</ele></trkpt>
      <trkpt lat="46.462856" lon="4.704206"><ele>301.0</ele></trkpt>
      <trkpt lat="46.462838" lon="4.704093"><ele>300.5</ele></trkpt>
      <trkpt lat="46.462885" lon="4.703301"><ele>295.0</ele></trkpt>
      <trkpt lat="46.462411" lon="4.702926"><ele>294.8</ele></trkpt>
      <trkpt lat="46.461461" lon="4.702233"><ele>297.2</ele></trkpt>
      <trkpt lat="46.461216" lon="4.702122"><ele>299.5</ele></trkpt>
      <trkpt lat="46.460763" lon="4.701980"><ele>303.0</ele></trkpt>
      <trkpt lat="46.460642" lon="4.701917"><ele>303.8</ele></trkpt>
      <trkpt lat="46.460503" lon="4.701806"><ele>304.5</ele></trkpt>
      <trkpt lat="46.460366" lon="4.701671"><ele>305.0</ele></trkpt>
      <trkpt lat="46.459832" lon="4.700939"><ele>303.0</ele></trkpt>
      <trkpt lat="46.459692" lon="4.700727"><ele>304.2</ele></trkpt>
      <trkpt lat="46.459603" lon="4.700535"><ele>305.5</ele></trkpt>
      <trkpt lat="46.459496" lon="4.700228"><ele>305.0</ele></trkpt>
      <trkpt lat="46.459434" lon="4.700096"><ele>305.5</ele></trkpt>
      <trkpt lat="46.459324" lon="4.699914"><ele>306.5</ele></trkpt>
      <trkpt lat="46.459106" lon="4.699635"><ele>305.5</ele></trkpt>
      <trkpt lat="46.458915" lon="4.699412"><ele>305.2</ele></trkpt>
      <trkpt lat="46.458616" lon="4.699123"><ele>303.2</ele></trkpt>
      <trkpt lat="46.458425" lon="4.698994"><ele>303.0</ele></trkpt>
      <trkpt lat="46.458053" lon="4.698806"><ele>303.0</ele></trkpt>
      <trkpt lat="46.457756" lon="4.698615"><ele>302.0</ele></trkpt>
      <trkpt lat="46.457149" lon="4.698117"><ele>300.8</ele></trkpt>
      <trkpt lat="46.457011" lon="4.698037"><ele>300.5</ele></trkpt>
      <trkpt lat="46.456866" lon="4.697996"><ele>300.0</ele></trkpt>
      <trkpt lat="46.456582" lon="4.697953"><ele>299.8</ele></trkpt>
      <trkpt lat="46.456090" lon="4.697884"><ele>300.8</ele></trkpt>
      <trkpt lat="46.455987" lon="4.697835"><ele>300.5</ele></trkpt>
      <trkpt lat="46.455885" lon="4.697747"><ele>299.8</ele></trkpt>
      <trkpt lat="46.455814" lon="4.697637"><ele>299.5</ele></trkpt>
      <trkpt lat="46.455732" lon="4.697449"><ele>298.5</ele></trkpt>
      <trkpt lat="46.455575" lon="4.697039"><ele>295.5</ele></trkpt>
      <trkpt lat="46.455516" lon="4.696921"><ele>294.8</ele></trkpt>
      <trkpt lat="46.455436" lon="4.696819"><ele>294.0</ele></trkpt>
      <trkpt lat="46.455350" lon="4.696751"><ele>293.5</ele></trkpt>
      <trkpt lat="46.455030" lon="4.696593"><ele>292.0</ele></trkpt>
      <trkpt lat="46.454950" lon="4.696499"><ele>291.5</ele></trkpt>
      <trkpt lat="46.454902" lon="4.696373"><ele>291.2</ele></trkpt>
      <trkpt lat="46.454797" lon="4.695990"><ele>290.8</ele></trkpt>
      <trkpt lat="46.454730" lon="4.695770"><ele>289.5</ele></trkpt>
      <trkpt lat="46.454646" lon="4.695592"><ele>289.2</ele></trkpt>
      <trkpt lat="46.454555" lon="4.695446"><ele>288.2</ele></trkpt>
      <trkpt lat="46.454371" lon="4.695215"><ele>285.5</ele></trkpt>
      <trkpt lat="46.453952" lon="4.694759"><ele>281.0</ele></trkpt>
      <trkpt lat="46.453819" lon="4.694568"><ele>280.0</ele></trkpt>
      <trkpt lat="46.453755" lon="4.694405"><ele>279.8</ele></trkpt>
      <trkpt lat="46.453741" lon="4.694267"><ele>280.0</ele></trkpt>
      <trkpt lat="46.453745" lon="4.694136"><ele>280.0</ele></trkpt>
      <trkpt lat="46.453849" lon="4.693568"><ele>281.5</ele></trkpt>
      <trkpt lat="46.453867" lon="4.693324"><ele>283.0</ele></trkpt>
      <trkpt lat="46.453867" lon="4.693032"><ele>283.2</ele></trkpt>
      <trkpt lat="46.453824" lon="4.692775"><ele>284.0</ele></trkpt>
      <trkpt lat="46.453749" lon="4.692519"><ele>285.5</ele></trkpt>
      <trkpt lat="46.453621" lon="4.692267"><ele>287.0</ele></trkpt>
      <trkpt lat="46.453461" lon="4.692077"><ele>288.2</ele></trkpt>
      <trkpt lat="46.453271" lon="4.691929"><ele>289.0</ele></trkpt>
      <trkpt lat="46.452114" lon="4.691216"><ele>287.8</ele></trkpt>
      <trkpt lat="46.451753" lon="4.690977"><ele>286.8</ele></trkpt>
      <trkpt lat="46.451527" lon="4.690772"><ele>285.5</ele></trkpt>
      <trkpt lat="46.450894" lon="4.690140"><ele>282.8</ele></trkpt>
      <trkpt lat="46.450441" lon="4.689646"><ele>281.0</ele></trkpt>
      <trkpt lat="46.449616" lon="4.688632"><ele>278.0</ele></trkpt>
      <trkpt lat="46.449317" lon="4.688101"><ele>276.5</ele></trkpt>
      <trkpt lat="46.449107" lon="4.687711"><ele>275.8</ele></trkpt>
      <trkpt lat="46.448974" lon="4.687478"><ele>275.5</ele></trkpt>
      <trkpt lat="46.448864" lon="4.687324"><ele>275.2</ele></trkpt>
      <trkpt lat="46.447712" lon="4.686154"><ele>280.8</ele></trkpt>
      <trkpt lat="46.447507" lon="4.685980"><ele>280.8</ele></trkpt>
      <trkpt lat="46.447314" lon="4.685729"><ele>280.5</ele></trkpt>
      <trkpt lat="46.446518" lon="4.684156"><ele>276.8</ele></trkpt>
      <trkpt lat="46.445960" lon="4.683081"><ele>270.8</ele></trkpt>
      <trkpt lat="46.445833" lon="4.682853"><ele>269.2</ele></trkpt>
      <trkpt lat="46.445724" lon="4.682672"><ele>267.5</ele></trkpt>
      <trkpt lat="46.445581" lon="4.682459"><ele>266.5</ele></trkpt>
      <trkpt lat="46.445242" lon="4.681980"><ele>263.8</ele></trkpt>
      <trkpt lat="46.445174" lon="4.681871"><ele>263.2</ele></trkpt>
      <trkpt lat="46.445129" lon="4.681768"><ele>262.8</ele></trkpt>
      <trkpt lat="46.445089" lon="4.681644"><ele>262.5</ele></trkpt>
      <trkpt lat="46.445047" lon="4.681469"><ele>263.2</ele></trkpt>
      <trkpt lat="46.444952" lon="4.680937"><ele>263.8</ele></trkpt>
      <trkpt lat="46.444725" lon="4.679711"><ele>265.8</ele></trkpt>
      <trkpt lat="46.444683" lon="4.679521"><ele>266.2</ele></trkpt>
      <trkpt lat="46.444626" lon="4.679358"><ele>266.5</ele></trkpt>
      <trkpt lat="46.444568" lon="4.679230"><ele>266.8</ele></trkpt>
      <trkpt lat="46.444013" lon="4.678322"><ele>268.0</ele></trkpt>
      <trkpt lat="46.443860" lon="4.678161"><ele>268.2</ele></trkpt>
      <trkpt lat="46.443165" lon="4.677634"><ele>265.8</ele></trkpt>
      <trkpt lat="46.443006" lon="4.677545"><ele>265.2</ele></trkpt>
      <trkpt lat="46.442807" lon="4.677480"><ele>264.8</ele></trkpt>
      <trkpt lat="46.441557" lon="4.677370"><ele>261.2</ele></trkpt>
      <trkpt lat="46.441363" lon="4.677322"><ele>260.2</ele></trkpt>
      <trkpt lat="46.441219" lon="4.677241"><ele>260.5</ele></trkpt>
      <trkpt lat="46.440726" lon="4.676922"><ele>261.2</ele></trkpt>
      <trkpt lat="46.440343" lon="4.676653"><ele>260.8</ele></trkpt>
      <trkpt lat="46.438001" lon="4.675024"><ele>257.8</ele></trkpt>
      <trkpt lat="46.437860" lon="4.674994"><ele>257.2</ele></trkpt>
      <trkpt lat="46.436245" lon="4.675383"><ele>252.0</ele></trkpt>
      <trkpt lat="46.436160" lon="4.675255"><ele>251.0</ele></trkpt>
      <trkpt lat="46.436086" lon="4.675165"><ele>250.8</ele></trkpt>
      <trkpt lat="46.435762" lon="4.674857"><ele>249.5</ele></trkpt>
      <trkpt lat="46.435672" lon="4.674762"><ele>249.2</ele></trkpt>
      <trkpt lat="46.435630" lon="4.674687"><ele>249.0</ele></trkpt>
      <trkpt lat="46.435586" lon="4.674574"><ele>249.0</ele></trkpt>
      <trkpt lat="46.435562" lon="4.674471"><ele>249.0</ele></trkpt>
      <trkpt lat="46.435285" lon="4.672920"><ele>247.2</ele></trkpt>
      <trkpt lat="46.435194" lon="4.672541"><ele>247.0</ele></trkpt>
      <trkpt lat="46.435152" lon="4.672412"><ele>246.8</ele></trkpt>
      <trkpt lat="46.435182" lon="4.672407"><ele>246.8</ele></trkpt>
      <trkpt lat="46.435261" lon="4.672392"><ele>246.8</ele></trkpt>
      <trkpt lat="46.435078" lon="4.671966"><ele>246.5</ele></trkpt>
      <trkpt lat="46.434945" lon="4.671676"><ele>245.8</ele></trkpt>
      <trkpt lat="46.434800" lon="4.671397"><ele>245.5</ele></trkpt>
      <trkpt lat="46.434562" lon="4.671072"><ele>244.2</ele></trkpt>
      <trkpt lat="46.434556" lon="4.670996"><ele>244.0</ele></trkpt>
      <trkpt lat="46.434748" lon="4.670508"><ele>243.5</ele></trkpt>
      <trkpt lat="46.434775" lon="4.670483"><ele>243.5</ele></trkpt>
      <trkpt lat="46.434786" lon="4.670445"><ele>243.2</ele></trkpt>
      <trkpt lat="46.434747" lon="4.670395"><ele>243.2</ele></trkpt>
      <trkpt lat="46.434920" lon="4.669827"><ele>241.2</ele></trkpt>
      <trkpt lat="46.434896" lon="4.669782"><ele>241.0</ele></trkpt>
      <trkpt lat="46.434328" lon="4.669374"><ele>240.0</ele></trkpt>
      <trkpt lat="46.434273" lon="4.669300"><ele>240.0</ele></trkpt>
      <trkpt lat="46.434125" lon="4.668937"><ele>239.2</ele></trkpt>
      <trkpt lat="46.434076" lon="4.668789"><ele>238.5</ele></trkpt>
      <trkpt lat="46.434010" lon="4.668439"><ele>237.0</ele></trkpt>
      <trkpt lat="46.433955" lon="4.667041"><ele>235.0</ele></trkpt>
      <trkpt lat="46.434046" lon="4.665837"><ele>235.0</ele></trkpt>
      <trkpt lat="46.434378" lon="4.665876"><ele>235.0</ele></trkpt>
      <trkpt lat="46.434437" lon="4.665787"><ele>235.0</ele></trkpt>
      <trkpt lat="46.434507" lon="4.665585"><ele>235.0</ele></trkpt>
      <trkpt lat="46.434750" lon="4.664896"><ele>235.8</ele></trkpt>
      <trkpt lat="46.434822" lon="4.664689"><ele>235.2</ele></trkpt>
      <trkpt lat="46.434842" lon="4.664588"><ele>235.0</ele></trkpt>
      <trkpt lat="46.434836" lon="4.664382"><ele>234.8</ele></trkpt>
      <trkpt lat="46.434808" lon="4.664283"><ele>234.8</ele></trkpt>
      <trkpt lat="46.434686" lon="4.664127"><ele>235.0</ele></trkpt>
      <trkpt lat="46.434613" lon="4.664136"><ele>235.2</ele></trkpt>
      <trkpt lat="46.434406" lon="4.664161"><ele>235.8</ele></trkpt>
      <trkpt lat="46.434332" lon="4.664116"><ele>235.8</ele></trkpt>
      <trkpt lat="46.434074" lon="4.664134"><ele>235.8</ele></trkpt>
      <trkpt lat="46.434070" lon="4.664065"><ele>235.5</ele></trkpt>
      <trkpt lat="46.434065" lon="4.663979"><ele>235.2</ele></trkpt>
      <trkpt lat="46.433706" lon="4.664009"><ele>235.2</ele></trkpt>
      <trkpt lat="46.433665" lon="4.663941"><ele>235.0</ele></trkpt>
      <trkpt lat="46.433656" lon="4.663809"><ele>234.8</ele></trkpt>
      <trkpt lat="46.433698" lon="4.663608"><ele>234.5</ele></trkpt>
      <trkpt lat="46.433745" lon="4.663398"><ele>234.8</ele></trkpt>
      <trkpt lat="46.433756" lon="4.663351"><ele>234.8</ele></trkpt>
      <trkpt lat="46.433897" lon="4.662725"><ele>235.0</ele></trkpt>
      <trkpt lat="46.433936" lon="4.662553"><ele>235.8</ele></trkpt>
      <trkpt lat="46.433894" lon="4.662539"><ele>235.8</ele></trkpt>
      <trkpt lat="46.433601" lon="4.662426"><ele>236.0</ele></trkpt>
      <trkpt lat="46.433510" lon="4.662429"><ele>236.0</ele></trkpt>
      <trkpt lat="46.433372" lon="4.662367"><ele>235.8</ele></trkpt>
      <trkpt lat="46.433399" lon="4.662250"><ele>236.0</ele></trkpt>
      <trkpt lat="46.433418" lon="4.662171"><ele>236.0</ele></trkpt>
      <trkpt lat="46.433550" lon="4.661580"><ele>236.0</ele></trkpt>
      <trkpt lat="46.433897" lon="4.659947"><ele>238.0</ele></trkpt>
      <trkpt lat="46.434013" lon="4.659410"><ele>238.0</ele></trkpt>
    </trkseg>
  </trk>
</gpx>
