<?xml version="1.0" encoding="UTF-8"?>
<gpx version="1.1" creator="Gravel Kompass" xmlns="http://www.topografix.com/GPX/1/1">
  <metadata><name>Champagne-Gravel-Runde: Montagne de Reims, Côte des Blancs &amp; Côte des Bar</name></metadata>
  <trk>
    <name>Champagne-Gravel-Runde: Montagne de Reims, Côte des Blancs &amp; Côte des Bar (komplett)</name>
    <trkseg>
<trkpt lat="49.25839" lon="4.03198"><ele>87</ele></trkpt>
<trkpt lat="49.25781" lon="4.03247"><ele>86</ele></trkpt>
<trkpt lat="49.25750" lon="4.03156"><ele>85</ele></trkpt>
<trkpt lat="49.25664" lon="4.03216"><ele>85</ele></trkpt>
<trkpt lat="49.25658" lon="4.03214"><ele>85</ele></trkpt>
<trkpt lat="49.25653" lon="4.03221"><ele>85</ele></trkpt>
<trkpt lat="49.25644" lon="4.03258"><ele>85</ele></trkpt>
<trkpt lat="49.25608" lon="4.03290"><ele>86</ele></trkpt>
<trkpt lat="49.25599" lon="4.03315"><ele>86</ele></trkpt>
<trkpt lat="49.25464" lon="4.03443"><ele>87</ele></trkpt>
<trkpt lat="49.25452" lon="4.03466"><ele>87</ele></trkpt>
<trkpt lat="49.25453" lon="4.03476"><ele>87</ele></trkpt>
<trkpt lat="49.25449" lon="4.03510"><ele>87</ele></trkpt>
<trkpt lat="49.25275" lon="4.03672"><ele>89</ele></trkpt>
<trkpt lat="49.25271" lon="4.03681"><ele>89</ele></trkpt>
<trkpt lat="49.25241" lon="4.03709"><ele>88</ele></trkpt>
<trkpt lat="49.25183" lon="4.03752"><ele>88</ele></trkpt>
<trkpt lat="49.25149" lon="4.03766"><ele>87</ele></trkpt>
<trkpt lat="49.25091" lon="4.03825"><ele>87</ele></trkpt>
<trkpt lat="49.24755" lon="4.04119"><ele>90</ele></trkpt>
<trkpt lat="49.24667" lon="4.03909"><ele>87</ele></trkpt>
<trkpt lat="49.24636" lon="4.03942"><ele>87</ele></trkpt>
<trkpt lat="49.24564" lon="4.03995"><ele>87</ele></trkpt>
<trkpt lat="49.24526" lon="4.03897"><ele>86</ele></trkpt>
<trkpt lat="49.24317" lon="4.04021"><ele>90</ele></trkpt>
<trkpt lat="49.24289" lon="4.03925"><ele>87</ele></trkpt>
<trkpt lat="49.24237" lon="4.03725"><ele>82</ele></trkpt>
<trkpt lat="49.24226" lon="4.03707"><ele>81</ele></trkpt>
<trkpt lat="49.24200" lon="4.03687"><ele>81</ele></trkpt>
<trkpt lat="49.24196" lon="4.03681"><ele>81</ele></trkpt>
<trkpt lat="49.24183" lon="4.03621"><ele>82</ele></trkpt>
<trkpt lat="49.24176" lon="4.03606"><ele>82</ele></trkpt>
<trkpt lat="49.24156" lon="4.03506"><ele>81</ele></trkpt>
<trkpt lat="49.24139" lon="4.03449"><ele>80</ele></trkpt>
<trkpt lat="49.24046" lon="4.03287"><ele>80</ele></trkpt>
<trkpt lat="49.23912" lon="4.03411"><ele>79</ele></trkpt>
<trkpt lat="49.23739" lon="4.03472"><ele>80</ele></trkpt>
<trkpt lat="49.23630" lon="4.03567"><ele>80</ele></trkpt>
<trkpt lat="49.23625" lon="4.03578"><ele>80</ele></trkpt>
<trkpt lat="49.23556" lon="4.03641"><ele>80</ele></trkpt>
<trkpt lat="49.23446" lon="4.03783"><ele>80</ele></trkpt>
<trkpt lat="49.22977" lon="4.04131"><ele>80</ele></trkpt>
<trkpt lat="49.22859" lon="4.04250"><ele>81</ele></trkpt>
<trkpt lat="49.22742" lon="4.04441"><ele>81</ele></trkpt>
<trkpt lat="49.22693" lon="4.04537"><ele>80</ele></trkpt>
<trkpt lat="49.22580" lon="4.04714"><ele>81</ele></trkpt>
<trkpt lat="49.22566" lon="4.04711"><ele>81</ele></trkpt>
<trkpt lat="49.22496" lon="4.04770"><ele>82</ele></trkpt>
<trkpt lat="49.22489" lon="4.04781"><ele>82</ele></trkpt>
<trkpt lat="49.22390" lon="4.05013"><ele>84</ele></trkpt>
<trkpt lat="49.22324" lon="4.05110"><ele>83</ele></trkpt>
<trkpt lat="49.22320" lon="4.05108"><ele>84</ele></trkpt>
<trkpt lat="49.22297" lon="4.05201"><ele>84</ele></trkpt>
<trkpt lat="49.22258" lon="4.05341"><ele>84</ele></trkpt>
<trkpt lat="49.22210" lon="4.05458"><ele>84</ele></trkpt>
<trkpt lat="49.22202" lon="4.05463"><ele>84</ele></trkpt>
<trkpt lat="49.22182" lon="4.05509"><ele>83</ele></trkpt>
<trkpt lat="49.22161" lon="4.05535"><ele>83</ele></trkpt>
<trkpt lat="49.22118" lon="4.05558"><ele>84</ele></trkpt>
<trkpt lat="49.22111" lon="4.05546"><ele>84</ele></trkpt>
<trkpt lat="49.22097" lon="4.05537"><ele>85</ele></trkpt>
<trkpt lat="49.21742" lon="4.05181"><ele>88</ele></trkpt>
<trkpt lat="49.21693" lon="4.05110"><ele>89</ele></trkpt>
<trkpt lat="49.21688" lon="4.05101"><ele>89</ele></trkpt>
<trkpt lat="49.21687" lon="4.05084"><ele>89</ele></trkpt>
<trkpt lat="49.21659" lon="4.05070"><ele>89</ele></trkpt>
<trkpt lat="49.21656" lon="4.05061"><ele>89</ele></trkpt>
<trkpt lat="49.21645" lon="4.05049"><ele>89</ele></trkpt>
<trkpt lat="49.21631" lon="4.05048"><ele>89</ele></trkpt>
<trkpt lat="49.21625" lon="4.05052"><ele>88</ele></trkpt>
<trkpt lat="49.21608" lon="4.05075"><ele>88</ele></trkpt>
<trkpt lat="49.21585" lon="4.05081"><ele>88</ele></trkpt>
<trkpt lat="49.21519" lon="4.05083"><ele>88</ele></trkpt>
<trkpt lat="49.21496" lon="4.05064"><ele>88</ele></trkpt>
<trkpt lat="49.21471" lon="4.05081"><ele>89</ele></trkpt>
<trkpt lat="49.21384" lon="4.05084"><ele>92</ele></trkpt>
<trkpt lat="49.21372" lon="4.05088"><ele>92</ele></trkpt>
<trkpt lat="49.21184" lon="4.05093"><ele>100</ele></trkpt>
<trkpt lat="49.21176" lon="4.05074"><ele>100</ele></trkpt>
<trkpt lat="49.21166" lon="4.05070"><ele>100</ele></trkpt>
<trkpt lat="49.21158" lon="4.05075"><ele>100</ele></trkpt>
<trkpt lat="49.21151" lon="4.05094"><ele>100</ele></trkpt>
<trkpt lat="49.20968" lon="4.05099"><ele>102</ele></trkpt>
<trkpt lat="49.20962" lon="4.05084"><ele>102</ele></trkpt>
<trkpt lat="49.20955" lon="4.05081"><ele>102</ele></trkpt>
<trkpt lat="49.20954" lon="4.04907"><ele>96</ele></trkpt>
<trkpt lat="49.20951" lon="4.04866"><ele>97</ele></trkpt>
<trkpt lat="49.20941" lon="4.04824"><ele>97</ele></trkpt>
<trkpt lat="49.20929" lon="4.04795"><ele>97</ele></trkpt>
<trkpt lat="49.20900" lon="4.04758"><ele>98</ele></trkpt>
<trkpt lat="49.20635" lon="4.04482"><ele>106</ele></trkpt>
<trkpt lat="49.20548" lon="4.04403"><ele>107</ele></trkpt>
<trkpt lat="49.20517" lon="4.04379"><ele>108</ele></trkpt>
<trkpt lat="49.20461" lon="4.04354"><ele>110</ele></trkpt>
<trkpt lat="49.20289" lon="4.04246"><ele>112</ele></trkpt>
<trkpt lat="49.20198" lon="4.04161"><ele>114</ele></trkpt>
<trkpt lat="49.20151" lon="4.04126"><ele>116</ele></trkpt>
<trkpt lat="49.20016" lon="4.04083"><ele>121</ele></trkpt>
<trkpt lat="49.19974" lon="4.04075"><ele>122</ele></trkpt>
<trkpt lat="49.19693" lon="4.04066"><ele>124</ele></trkpt>
<trkpt lat="49.19652" lon="4.04070"><ele>124</ele></trkpt>
<trkpt lat="49.19588" lon="4.04099"><ele>124</ele></trkpt>
<trkpt lat="49.19530" lon="4.04102"><ele>124</ele></trkpt>
<trkpt lat="49.19509" lon="4.04108"><ele>124</ele></trkpt>
<trkpt lat="49.19426" lon="4.04161"><ele>121</ele></trkpt>
<trkpt lat="49.19290" lon="4.04034"><ele>122</ele></trkpt>
<trkpt lat="49.19218" lon="4.04166"><ele>119</ele></trkpt>
<trkpt lat="49.19152" lon="4.04256"><ele>122</ele></trkpt>
<trkpt lat="49.19172" lon="4.04295"><ele>121</ele></trkpt>
<trkpt lat="49.19193" lon="4.04316"><ele>120</ele></trkpt>
<trkpt lat="49.19172" lon="4.04295"><ele>121</ele></trkpt>
<trkpt lat="49.19158" lon="4.04296"><ele>122</ele></trkpt>
<trkpt lat="49.19138" lon="4.04280"><ele>123</ele></trkpt>
<trkpt lat="49.19096" lon="4.04355"><ele>126</ele></trkpt>
<trkpt lat="49.19042" lon="4.04386"><ele>132</ele></trkpt>
<trkpt lat="49.19012" lon="4.04422"><ele>134</ele></trkpt>
<trkpt lat="49.18877" lon="4.04638"><ele>146</ele></trkpt>
<trkpt lat="49.18725" lon="4.04903"><ele>148</ele></trkpt>
<trkpt lat="49.18673" lon="4.04984"><ele>145</ele></trkpt>
<trkpt lat="49.18563" lon="4.05186"><ele>149</ele></trkpt>
<trkpt lat="49.18546" lon="4.05206"><ele>150</ele></trkpt>
<trkpt lat="49.18469" lon="4.05273"><ele>150</ele></trkpt>
<trkpt lat="49.18449" lon="4.05297"><ele>148</ele></trkpt>
<trkpt lat="49.18359" lon="4.05450"><ele>142</ele></trkpt>
<trkpt lat="49.18346" lon="4.05487"><ele>141</ele></trkpt>
<trkpt lat="49.18316" lon="4.05517"><ele>138</ele></trkpt>
<trkpt lat="49.18407" lon="4.05897"><ele>142</ele></trkpt>
<trkpt lat="49.18384" lon="4.05911"><ele>140</ele></trkpt>
<trkpt lat="49.18527" lon="4.06484"><ele>124</ele></trkpt>
<trkpt lat="49.18419" lon="4.06546"><ele>117</ele></trkpt>
<trkpt lat="49.18472" lon="4.06723"><ele>114</ele></trkpt>
<trkpt lat="49.18167" lon="4.06895"><ele>112</ele></trkpt>
<trkpt lat="49.18326" lon="4.07142"><ele>108</ele></trkpt>
<trkpt lat="49.18567" lon="4.07537"><ele>105</ele></trkpt>
<trkpt lat="49.18862" lon="4.07987"><ele>104</ele></trkpt>
<trkpt lat="49.18857" lon="4.08002"><ele>104</ele></trkpt>
<trkpt lat="49.18857" lon="4.08011"><ele>103</ele></trkpt>
<trkpt lat="49.18862" lon="4.08023"><ele>103</ele></trkpt>
<trkpt lat="49.18984" lon="4.08203"><ele>109</ele></trkpt>
<trkpt lat="49.18979" lon="4.08238"><ele>107</ele></trkpt>
<trkpt lat="49.18901" lon="4.08515"><ele>106</ele></trkpt>
<trkpt lat="49.18792" lon="4.08946"><ele>105</ele></trkpt>
<trkpt lat="49.18919" lon="4.09085"><ele>113</ele></trkpt>
<trkpt lat="49.19260" lon="4.09408"><ele>115</ele></trkpt>
<trkpt lat="49.18966" lon="4.10270"><ele>92</ele></trkpt>
<trkpt lat="49.19228" lon="4.10818"><ele>94</ele></trkpt>
<trkpt lat="49.19309" lon="4.10979"><ele>93</ele></trkpt>
<trkpt lat="49.19313" lon="4.10994"><ele>92</ele></trkpt>
<trkpt lat="49.19320" lon="4.11037"><ele>91</ele></trkpt>
<trkpt lat="49.19317" lon="4.11126"><ele>89</ele></trkpt>
<trkpt lat="49.19253" lon="4.11344"><ele>88</ele></trkpt>
<trkpt lat="49.19138" lon="4.11708"><ele>92</ele></trkpt>
<trkpt lat="49.18916" lon="4.11949"><ele>96</ele></trkpt>
<trkpt lat="49.18897" lon="4.11964"><ele>96</ele></trkpt>
<trkpt lat="49.18877" lon="4.11972"><ele>97</ele></trkpt>
<trkpt lat="49.18563" lon="4.12038"><ele>99</ele></trkpt>
<trkpt lat="49.18459" lon="4.12056"><ele>104</ele></trkpt>
<trkpt lat="49.17994" lon="4.12292"><ele>102</ele></trkpt>
<trkpt lat="49.17886" lon="4.12444"><ele>105</ele></trkpt>
<trkpt lat="49.17711" lon="4.12671"><ele>124</ele></trkpt>
<trkpt lat="49.17638" lon="4.12843"><ele>122</ele></trkpt>
<trkpt lat="49.17622" lon="4.12863"><ele>121</ele></trkpt>
<trkpt lat="49.17555" lon="4.12893"><ele>120</ele></trkpt>
<trkpt lat="49.17511" lon="4.12939"><ele>121</ele></trkpt>
<trkpt lat="49.17416" lon="4.13048"><ele>129</ele></trkpt>
<trkpt lat="49.17325" lon="4.13119"><ele>138</ele></trkpt>
<trkpt lat="49.17300" lon="4.13145"><ele>140</ele></trkpt>
<trkpt lat="49.17267" lon="4.13188"><ele>144</ele></trkpt>
<trkpt lat="49.17038" lon="4.13579"><ele>148</ele></trkpt>
<trkpt lat="49.16954" lon="4.13715"><ele>158</ele></trkpt>
<trkpt lat="49.16926" lon="4.13774"><ele>158</ele></trkpt>
<trkpt lat="49.16882" lon="4.13925"><ele>154</ele></trkpt>
<trkpt lat="49.16798" lon="4.14143"><ele>149</ele></trkpt>
<trkpt lat="49.16790" lon="4.14178"><ele>147</ele></trkpt>
<trkpt lat="49.16707" lon="4.14381"><ele>137</ele></trkpt>
<trkpt lat="49.16656" lon="4.14518"><ele>132</ele></trkpt>
<trkpt lat="49.16604" lon="4.14644"><ele>129</ele></trkpt>
<trkpt lat="49.16590" lon="4.14688"><ele>129</ele></trkpt>
<trkpt lat="49.16566" lon="4.14783"><ele>127</ele></trkpt>
<trkpt lat="49.16548" lon="4.14878"><ele>127</ele></trkpt>
<trkpt lat="49.16517" lon="4.15149"><ele>132</ele></trkpt>
<trkpt lat="49.16495" lon="4.15309"><ele>133</ele></trkpt>
<trkpt lat="49.16490" lon="4.15360"><ele>131</ele></trkpt>
<trkpt lat="49.16491" lon="4.15510"><ele>134</ele></trkpt>
<trkpt lat="49.16479" lon="4.15624"><ele>137</ele></trkpt>
<trkpt lat="49.16468" lon="4.15699"><ele>137</ele></trkpt>
<trkpt lat="49.16456" lon="4.15733"><ele>137</ele></trkpt>
<trkpt lat="49.16363" lon="4.15963"><ele>126</ele></trkpt>
<trkpt lat="49.16339" lon="4.16036"><ele>124</ele></trkpt>
<trkpt lat="49.16318" lon="4.16115"><ele>124</ele></trkpt>
<trkpt lat="49.16242" lon="4.16347"><ele>130</ele></trkpt>
<trkpt lat="49.16173" lon="4.16474"><ele>131</ele></trkpt>
<trkpt lat="49.16121" lon="4.16536"><ele>126</ele></trkpt>
<trkpt lat="49.16072" lon="4.16581"><ele>124</ele></trkpt>
<trkpt lat="49.15919" lon="4.16704"><ele>120</ele></trkpt>
<trkpt lat="49.15814" lon="4.16814"><ele>122</ele></trkpt>
<trkpt lat="49.15716" lon="4.16903"><ele>130</ele></trkpt>
<trkpt lat="49.15708" lon="4.16902"><ele>131</ele></trkpt>
<trkpt lat="49.15634" lon="4.16995"><ele>134</ele></trkpt>
<trkpt lat="49.15538" lon="4.17130"><ele>126</ele></trkpt>
<trkpt lat="49.15429" lon="4.17261"><ele>117</ele></trkpt>
<trkpt lat="49.15292" lon="4.17467"><ele>110</ele></trkpt>
<trkpt lat="49.15205" lon="4.17567"><ele>111</ele></trkpt>
<trkpt lat="49.14906" lon="4.17931"><ele>125</ele></trkpt>
<trkpt lat="49.14930" lon="4.17997"><ele>124</ele></trkpt>
<trkpt lat="49.14993" lon="4.18129"><ele>123</ele></trkpt>
<trkpt lat="49.15026" lon="4.18186"><ele>122</ele></trkpt>
<trkpt lat="49.15082" lon="4.18315"><ele>120</ele></trkpt>
<trkpt lat="49.15127" lon="4.18399"><ele>118</ele></trkpt>
<trkpt lat="49.15155" lon="4.18501"><ele>115</ele></trkpt>
<trkpt lat="49.15161" lon="4.18544"><ele>115</ele></trkpt>
<trkpt lat="49.15192" lon="4.18674"><ele>114</ele></trkpt>
<trkpt lat="49.15239" lon="4.18812"><ele>112</ele></trkpt>
<trkpt lat="49.15322" lon="4.19024"><ele>110</ele></trkpt>
<trkpt lat="49.15345" lon="4.19072"><ele>110</ele></trkpt>
<trkpt lat="49.15433" lon="4.18942"><ele>101</ele></trkpt>
<trkpt lat="49.15248" lon="4.19216"><ele>106</ele></trkpt>
<trkpt lat="49.15082" lon="4.19445"><ele>102</ele></trkpt>
<trkpt lat="49.14822" lon="4.19780"><ele>102</ele></trkpt>
<trkpt lat="49.14625" lon="4.20025"><ele>102</ele></trkpt>
<trkpt lat="49.14616" lon="4.20041"><ele>102</ele></trkpt>
<trkpt lat="49.14436" lon="4.19681"><ele>105</ele></trkpt>
<trkpt lat="49.14436" lon="4.19704"><ele>105</ele></trkpt>
<trkpt lat="49.14430" lon="4.19714"><ele>105</ele></trkpt>
<trkpt lat="49.14133" lon="4.20052"><ele>117</ele></trkpt>
<trkpt lat="49.13913" lon="4.19939"><ele>123</ele></trkpt>
<trkpt lat="49.13879" lon="4.19939"><ele>124</ele></trkpt>
<trkpt lat="49.13805" lon="4.19952"><ele>124</ele></trkpt>
<trkpt lat="49.13736" lon="4.19805"><ele>126</ele></trkpt>
<trkpt lat="49.13632" lon="4.19903"><ele>130</ele></trkpt>
<trkpt lat="49.13669" lon="4.19990"><ele>128</ele></trkpt>
<trkpt lat="49.13632" lon="4.19903"><ele>130</ele></trkpt>
<trkpt lat="49.13590" lon="4.19757"><ele>132</ele></trkpt>
<trkpt lat="49.13569" lon="4.19716"><ele>133</ele></trkpt>
<trkpt lat="49.13525" lon="4.19645"><ele>135</ele></trkpt>
<trkpt lat="49.13507" lon="4.19620"><ele>136</ele></trkpt>
<trkpt lat="49.13484" lon="4.19599"><ele>137</ele></trkpt>
<trkpt lat="49.13494" lon="4.19573"><ele>137</ele></trkpt>
<trkpt lat="49.13515" lon="4.19545"><ele>135</ele></trkpt>
<trkpt lat="49.13516" lon="4.19533"><ele>135</ele></trkpt>
<trkpt lat="49.13514" lon="4.19519"><ele>135</ele></trkpt>
<trkpt lat="49.13526" lon="4.19507"><ele>133</ele></trkpt>
<trkpt lat="49.13532" lon="4.19469"><ele>133</ele></trkpt>
<trkpt lat="49.13544" lon="4.19426"><ele>132</ele></trkpt>
<trkpt lat="49.13565" lon="4.19368"><ele>130</ele></trkpt>
<trkpt lat="49.13523" lon="4.19277"><ele>134</ele></trkpt>
<trkpt lat="49.13521" lon="4.19217"><ele>137</ele></trkpt>
<trkpt lat="49.13533" lon="4.19090"><ele>146</ele></trkpt>
<trkpt lat="49.13539" lon="4.19075"><ele>148</ele></trkpt>
<trkpt lat="49.13582" lon="4.19034"><ele>150</ele></trkpt>
<trkpt lat="49.13594" lon="4.19015"><ele>150</ele></trkpt>
<trkpt lat="49.13559" lon="4.18908"><ele>158</ele></trkpt>
<trkpt lat="49.13545" lon="4.18881"><ele>161</ele></trkpt>
<trkpt lat="49.13504" lon="4.18826"><ele>166</ele></trkpt>
<trkpt lat="49.13492" lon="4.18823"><ele>168</ele></trkpt>
<trkpt lat="49.13470" lon="4.18835"><ele>169</ele></trkpt>
<trkpt lat="49.13393" lon="4.18853"><ele>172</ele></trkpt>
<trkpt lat="49.13349" lon="4.18814"><ele>174</ele></trkpt>
<trkpt lat="49.13316" lon="4.18794"><ele>174</ele></trkpt>
<trkpt lat="49.13284" lon="4.18814"><ele>172</ele></trkpt>
<trkpt lat="49.13217" lon="4.18845"><ele>174</ele></trkpt>
<trkpt lat="49.13174" lon="4.18851"><ele>177</ele></trkpt>
<trkpt lat="49.13110" lon="4.18877"><ele>177</ele></trkpt>
<trkpt lat="49.13089" lon="4.18878"><ele>177</ele></trkpt>
<trkpt lat="49.12988" lon="4.18856"><ele>179</ele></trkpt>
<trkpt lat="49.12941" lon="4.18860"><ele>180</ele></trkpt>
<trkpt lat="49.12911" lon="4.18870"><ele>180</ele></trkpt>
<trkpt lat="49.12850" lon="4.18917"><ele>180</ele></trkpt>
<trkpt lat="49.12704" lon="4.19071"><ele>182</ele></trkpt>
<trkpt lat="49.12669" lon="4.19093"><ele>184</ele></trkpt>
<trkpt lat="49.12645" lon="4.19097"><ele>186</ele></trkpt>
<trkpt lat="49.12605" lon="4.19085"><ele>189</ele></trkpt>
<trkpt lat="49.12577" lon="4.19061"><ele>190</ele></trkpt>
<trkpt lat="49.12561" lon="4.19039"><ele>191</ele></trkpt>
<trkpt lat="49.12506" lon="4.18930"><ele>190</ele></trkpt>
<trkpt lat="49.12493" lon="4.18910"><ele>191</ele></trkpt>
<trkpt lat="49.12475" lon="4.18893"><ele>192</ele></trkpt>
<trkpt lat="49.12403" lon="4.18840"><ele>196</ele></trkpt>
<trkpt lat="49.12328" lon="4.18754"><ele>193</ele></trkpt>
<trkpt lat="49.12299" lon="4.18727"><ele>193</ele></trkpt>
<trkpt lat="49.12262" lon="4.18718"><ele>193</ele></trkpt>
<trkpt lat="49.12237" lon="4.18719"><ele>191</ele></trkpt>
<trkpt lat="49.12207" lon="4.18734"><ele>189</ele></trkpt>
<trkpt lat="49.12184" lon="4.18755"><ele>191</ele></trkpt>
<trkpt lat="49.12173" lon="4.18773"><ele>193</ele></trkpt>
<trkpt lat="49.12156" lon="4.18829"><ele>194</ele></trkpt>
<trkpt lat="49.12152" lon="4.18860"><ele>194</ele></trkpt>
<trkpt lat="49.12141" lon="4.19037"><ele>192</ele></trkpt>
<trkpt lat="49.12123" lon="4.19119"><ele>193</ele></trkpt>
<trkpt lat="49.12077" lon="4.19182"><ele>197</ele></trkpt>
<trkpt lat="49.12044" lon="4.19205"><ele>197</ele></trkpt>
<trkpt lat="49.12018" lon="4.19210"><ele>197</ele></trkpt>
<trkpt lat="49.11946" lon="4.19207"><ele>195</ele></trkpt>
<trkpt lat="49.11930" lon="4.19212"><ele>194</ele></trkpt>
<trkpt lat="49.11874" lon="4.19206"><ele>194</ele></trkpt>
<trkpt lat="49.11818" lon="4.19208"><ele>196</ele></trkpt>
<trkpt lat="49.11785" lon="4.19224"><ele>192</ele></trkpt>
<trkpt lat="49.11761" lon="4.19248"><ele>187</ele></trkpt>
<trkpt lat="49.11751" lon="4.19269"><ele>186</ele></trkpt>
<trkpt lat="49.11739" lon="4.19308"><ele>186</ele></trkpt>
<trkpt lat="49.11734" lon="4.19345"><ele>187</ele></trkpt>
<trkpt lat="49.11738" lon="4.19393"><ele>188</ele></trkpt>
<trkpt lat="49.11787" lon="4.19567"><ele>186</ele></trkpt>
<trkpt lat="49.11786" lon="4.19619"><ele>186</ele></trkpt>
<trkpt lat="49.11780" lon="4.19653"><ele>185</ele></trkpt>
<trkpt lat="49.11771" lon="4.19683"><ele>185</ele></trkpt>
<trkpt lat="49.11751" lon="4.19727"><ele>186</ele></trkpt>
<trkpt lat="49.11721" lon="4.19763"><ele>186</ele></trkpt>
<trkpt lat="49.11706" lon="4.19775"><ele>186</ele></trkpt>
<trkpt lat="49.11626" lon="4.19821"><ele>188</ele></trkpt>
<trkpt lat="49.11603" lon="4.19827"><ele>187</ele></trkpt>
<trkpt lat="49.11577" lon="4.19826"><ele>186</ele></trkpt>
<trkpt lat="49.11566" lon="4.19808"><ele>186</ele></trkpt>
<trkpt lat="49.11566" lon="4.19786"><ele>187</ele></trkpt>
<trkpt lat="49.11547" lon="4.19653"><ele>191</ele></trkpt>
<trkpt lat="49.11505" lon="4.19494"><ele>192</ele></trkpt>
<trkpt lat="49.11475" lon="4.19447"><ele>191</ele></trkpt>
<trkpt lat="49.11448" lon="4.19413"><ele>188</ele></trkpt>
<trkpt lat="49.11424" lon="4.19395"><ele>186</ele></trkpt>
<trkpt lat="49.11324" lon="4.19335"><ele>187</ele></trkpt>
<trkpt lat="49.11297" lon="4.19311"><ele>188</ele></trkpt>
<trkpt lat="49.11246" lon="4.19243"><ele>191</ele></trkpt>
<trkpt lat="49.11210" lon="4.19180"><ele>194</ele></trkpt>
<trkpt lat="49.11152" lon="4.19100"><ele>196</ele></trkpt>
<trkpt lat="49.11115" lon="4.19032"><ele>195</ele></trkpt>
<trkpt lat="49.11065" lon="4.18924"><ele>192</ele></trkpt>
<trkpt lat="49.11045" lon="4.18874"><ele>190</ele></trkpt>
<trkpt lat="49.11012" lon="4.18810"><ele>190</ele></trkpt>
<trkpt lat="49.10995" lon="4.18744"><ele>192</ele></trkpt>
<trkpt lat="49.10987" lon="4.18696"><ele>193</ele></trkpt>
<trkpt lat="49.10981" lon="4.18624"><ele>193</ele></trkpt>
<trkpt lat="49.10982" lon="4.18538"><ele>188</ele></trkpt>
<trkpt lat="49.10985" lon="4.18493"><ele>188</ele></trkpt>
<trkpt lat="49.10993" lon="4.18452"><ele>188</ele></trkpt>
<trkpt lat="49.10992" lon="4.18425"><ele>188</ele></trkpt>
<trkpt lat="49.10955" lon="4.18362"><ele>190</ele></trkpt>
<trkpt lat="49.10936" lon="4.18274"><ele>187</ele></trkpt>
<trkpt lat="49.10923" lon="4.18231"><ele>185</ele></trkpt>
<trkpt lat="49.10906" lon="4.18214"><ele>182</ele></trkpt>
<trkpt lat="49.10862" lon="4.18191"><ele>177</ele></trkpt>
<trkpt lat="49.10851" lon="4.18161"><ele>177</ele></trkpt>
<trkpt lat="49.10835" lon="4.18079"><ele>176</ele></trkpt>
<trkpt lat="49.10820" lon="4.18048"><ele>176</ele></trkpt>
<trkpt lat="49.10701" lon="4.17957"><ele>178</ele></trkpt>
<trkpt lat="49.10649" lon="4.17929"><ele>180</ele></trkpt>
<trkpt lat="49.10605" lon="4.17879"><ele>183</ele></trkpt>
<trkpt lat="49.10520" lon="4.17759"><ele>196</ele></trkpt>
<trkpt lat="49.10515" lon="4.17758"><ele>196</ele></trkpt>
<trkpt lat="49.10458" lon="4.17805"><ele>198</ele></trkpt>
<trkpt lat="49.10387" lon="4.17848"><ele>195</ele></trkpt>
<trkpt lat="49.10372" lon="4.17862"><ele>195</ele></trkpt>
<trkpt lat="49.10350" lon="4.17901"><ele>193</ele></trkpt>
<trkpt lat="49.10342" lon="4.17902"><ele>193</ele></trkpt>
<trkpt lat="49.10327" lon="4.17893"><ele>192</ele></trkpt>
<trkpt lat="49.10271" lon="4.17843"><ele>189</ele></trkpt>
<trkpt lat="49.10200" lon="4.17767"><ele>187</ele></trkpt>
<trkpt lat="49.10152" lon="4.17701"><ele>189</ele></trkpt>
<trkpt lat="49.10049" lon="4.17490"><ele>189</ele></trkpt>
<trkpt lat="49.10041" lon="4.17489"><ele>188</ele></trkpt>
<trkpt lat="49.10006" lon="4.17523"><ele>183</ele></trkpt>
<trkpt lat="49.09911" lon="4.17630"><ele>176</ele></trkpt>
<trkpt lat="49.09814" lon="4.17779"><ele>166</ele></trkpt>
<trkpt lat="49.09766" lon="4.17862"><ele>162</ele></trkpt>
<trkpt lat="49.09755" lon="4.17904"><ele>160</ele></trkpt>
<trkpt lat="49.09692" lon="4.17852"><ele>158</ele></trkpt>
<trkpt lat="49.09648" lon="4.17800"><ele>157</ele></trkpt>
<trkpt lat="49.09562" lon="4.17681"><ele>156</ele></trkpt>
<trkpt lat="49.09535" lon="4.17653"><ele>154</ele></trkpt>
<trkpt lat="49.09461" lon="4.17602"><ele>151</ele></trkpt>
<trkpt lat="49.09405" lon="4.17575"><ele>148</ele></trkpt>
<trkpt lat="49.09327" lon="4.17547"><ele>145</ele></trkpt>
<trkpt lat="49.08514" lon="4.17306"><ele>114</ele></trkpt>
<trkpt lat="49.08487" lon="4.17289"><ele>112</ele></trkpt>
<trkpt lat="49.08459" lon="4.17256"><ele>110</ele></trkpt>
<trkpt lat="49.08405" lon="4.17159"><ele>107</ele></trkpt>
<trkpt lat="49.08401" lon="4.17124"><ele>107</ele></trkpt>
<trkpt lat="49.08340" lon="4.16806"><ele>108</ele></trkpt>
<trkpt lat="49.08291" lon="4.16561"><ele>114</ele></trkpt>
<trkpt lat="49.08262" lon="4.16448"><ele>118</ele></trkpt>
<trkpt lat="49.08282" lon="4.16420"><ele>118</ele></trkpt>
<trkpt lat="49.08267" lon="4.16407"><ele>118</ele></trkpt>
<trkpt lat="49.08087" lon="4.16319"><ele>116</ele></trkpt>
<trkpt lat="49.08195" lon="4.16210"><ele>121</ele></trkpt>
<trkpt lat="49.08148" lon="4.15914"><ele>122</ele></trkpt>
<trkpt lat="49.08114" lon="4.15724"><ele>124</ele></trkpt>
<trkpt lat="49.08065" lon="4.15566"><ele>120</ele></trkpt>
<trkpt lat="49.07989" lon="4.15348"><ele>113</ele></trkpt>
<trkpt lat="49.08035" lon="4.15294"><ele>114</ele></trkpt>
<trkpt lat="49.08082" lon="4.15217"><ele>115</ele></trkpt>
<trkpt lat="49.08163" lon="4.15102"><ele>117</ele></trkpt>
<trkpt lat="49.08234" lon="4.14994"><ele>118</ele></trkpt>
<trkpt lat="49.08199" lon="4.14933"><ele>119</ele></trkpt>
<trkpt lat="49.08136" lon="4.14841"><ele>120</ele></trkpt>
<trkpt lat="49.08123" lon="4.14806"><ele>120</ele></trkpt>
<trkpt lat="49.08117" lon="4.14770"><ele>121</ele></trkpt>
<trkpt lat="49.08120" lon="4.14740"><ele>121</ele></trkpt>
<trkpt lat="49.08101" lon="4.14728"><ele>121</ele></trkpt>
<trkpt lat="49.08137" lon="4.14288"><ele>122</ele></trkpt>
<trkpt lat="49.08193" lon="4.13928"><ele>120</ele></trkpt>
<trkpt lat="49.08232" lon="4.13747"><ele>118</ele></trkpt>
<trkpt lat="49.08268" lon="4.13595"><ele>119</ele></trkpt>
<trkpt lat="49.08308" lon="4.13328"><ele>122</ele></trkpt>
<trkpt lat="49.08307" lon="4.12980"><ele>125</ele></trkpt>
<trkpt lat="49.08299" lon="4.12821"><ele>128</ele></trkpt>
<trkpt lat="49.08300" lon="4.12689"><ele>132</ele></trkpt>
<trkpt lat="49.08294" lon="4.12520"><ele>140</ele></trkpt>
<trkpt lat="49.08300" lon="4.12464"><ele>142</ele></trkpt>
<trkpt lat="49.08308" lon="4.12429"><ele>144</ele></trkpt>
<trkpt lat="49.08346" lon="4.12305"><ele>150</ele></trkpt>
<trkpt lat="49.08361" lon="4.12177"><ele>154</ele></trkpt>
<trkpt lat="49.08365" lon="4.12108"><ele>155</ele></trkpt>
<trkpt lat="49.08363" lon="4.12046"><ele>154</ele></trkpt>
<trkpt lat="49.08356" lon="4.11969"><ele>152</ele></trkpt>
<trkpt lat="49.08338" lon="4.11863"><ele>149</ele></trkpt>
<trkpt lat="49.08337" lon="4.11783"><ele>146</ele></trkpt>
<trkpt lat="49.08339" lon="4.11726"><ele>144</ele></trkpt>
<trkpt lat="49.08371" lon="4.11656"><ele>142</ele></trkpt>
<trkpt lat="49.08409" lon="4.11553"><ele>140</ele></trkpt>
<trkpt lat="49.08514" lon="4.11352"><ele>134</ele></trkpt>
<trkpt lat="49.08567" lon="4.11081"><ele>121</ele></trkpt>
<trkpt lat="49.08605" lon="4.10924"><ele>116</ele></trkpt>
<trkpt lat="49.08613" lon="4.10880"><ele>114</ele></trkpt>
<trkpt lat="49.08625" lon="4.10772"><ele>113</ele></trkpt>
<trkpt lat="49.08637" lon="4.10726"><ele>111</ele></trkpt>
<trkpt lat="49.08645" lon="4.10710"><ele>111</ele></trkpt>
<trkpt lat="49.08680" lon="4.10670"><ele>109</ele></trkpt>
<trkpt lat="49.08762" lon="4.10592"><ele>105</ele></trkpt>
<trkpt lat="49.08672" lon="4.10437"><ele>108</ele></trkpt>
<trkpt lat="49.08540" lon="4.10192"><ele>106</ele></trkpt>
<trkpt lat="49.08489" lon="4.10090"><ele>106</ele></trkpt>
<trkpt lat="49.08438" lon="4.09958"><ele>108</ele></trkpt>
<trkpt lat="49.08423" lon="4.09908"><ele>108</ele></trkpt>
<trkpt lat="49.08365" lon="4.09546"><ele>104</ele></trkpt>
<trkpt lat="49.08264" lon="4.09254"><ele>100</ele></trkpt>
<trkpt lat="49.08255" lon="4.09240"><ele>101</ele></trkpt>
<trkpt lat="49.08204" lon="4.09088"><ele>104</ele></trkpt>
<trkpt lat="49.08086" lon="4.08687"><ele>100</ele></trkpt>
<trkpt lat="49.07983" lon="4.08305"><ele>101</ele></trkpt>
<trkpt lat="49.07959" lon="4.08195"><ele>101</ele></trkpt>
<trkpt lat="49.07932" lon="4.08174"><ele>102</ele></trkpt>
<trkpt lat="49.07920" lon="4.08156"><ele>103</ele></trkpt>
<trkpt lat="49.07916" lon="4.08136"><ele>102</ele></trkpt>
<trkpt lat="49.07934" lon="4.08075"><ele>101</ele></trkpt>
<trkpt lat="49.07929" lon="4.08038"><ele>100</ele></trkpt>
<trkpt lat="49.07796" lon="4.07536"><ele>104</ele></trkpt>
<trkpt lat="49.07653" lon="4.06972"><ele>125</ele></trkpt>
<trkpt lat="49.07627" lon="4.06890"><ele>127</ele></trkpt>
<trkpt lat="49.07365" lon="4.06180"><ele>107</ele></trkpt>
<trkpt lat="49.07274" lon="4.05945"><ele>97</ele></trkpt>
<trkpt lat="49.07222" lon="4.05798"><ele>96</ele></trkpt>
<trkpt lat="49.07141" lon="4.05754"><ele>101</ele></trkpt>
<trkpt lat="49.07042" lon="4.05710"><ele>104</ele></trkpt>
<trkpt lat="49.06957" lon="4.05681"><ele>108</ele></trkpt>
<trkpt lat="49.06892" lon="4.05654"><ele>106</ele></trkpt>
<trkpt lat="49.06760" lon="4.05625"><ele>107</ele></trkpt>
<trkpt lat="49.06435" lon="4.05597"><ele>98</ele></trkpt>
<trkpt lat="49.06231" lon="4.05518"><ele>85</ele></trkpt>
<trkpt lat="49.06243" lon="4.05504"><ele>86</ele></trkpt>
<trkpt lat="49.06269" lon="4.05484"><ele>86</ele></trkpt>
<trkpt lat="49.06163" lon="4.05418"><ele>82</ele></trkpt>
<trkpt lat="49.06135" lon="4.05386"><ele>81</ele></trkpt>
<trkpt lat="49.06102" lon="4.05319"><ele>80</ele></trkpt>
<trkpt lat="49.06051" lon="4.05242"><ele>78</ele></trkpt>
<trkpt lat="49.06044" lon="4.05192"><ele>78</ele></trkpt>
<trkpt lat="49.05996" lon="4.05128"><ele>78</ele></trkpt>
<trkpt lat="49.05982" lon="4.05139"><ele>78</ele></trkpt>
<trkpt lat="49.05976" lon="4.05129"><ele>78</ele></trkpt>
<trkpt lat="49.05944" lon="4.05025"><ele>82</ele></trkpt>
<trkpt lat="49.05905" lon="4.04956"><ele>92</ele></trkpt>
<trkpt lat="49.05900" lon="4.04926"><ele>94</ele></trkpt>
<trkpt lat="49.05900" lon="4.04856"><ele>96</ele></trkpt>
<trkpt lat="49.05883" lon="4.04547"><ele>103</ele></trkpt>
<trkpt lat="49.05892" lon="4.04205"><ele>110</ele></trkpt>
<trkpt lat="49.05899" lon="4.04138"><ele>110</ele></trkpt>
<trkpt lat="49.05881" lon="4.03988"><ele>105</ele></trkpt>
<trkpt lat="49.05878" lon="4.03988"><ele>106</ele></trkpt>
<trkpt lat="49.05875" lon="4.03971"><ele>104</ele></trkpt>
<trkpt lat="49.05841" lon="4.03892"><ele>103</ele></trkpt>
<trkpt lat="49.05783" lon="4.03738"><ele>98</ele></trkpt>
<trkpt lat="49.05760" lon="4.03662"><ele>97</ele></trkpt>
<trkpt lat="49.05699" lon="4.03420"><ele>98</ele></trkpt>
<trkpt lat="49.05690" lon="4.03410"><ele>97</ele></trkpt>
<trkpt lat="49.05669" lon="4.03407"><ele>96</ele></trkpt>
<trkpt lat="49.05667" lon="4.03360"><ele>96</ele></trkpt>
<trkpt lat="49.05647" lon="4.03225"><ele>98</ele></trkpt>
<trkpt lat="49.05587" lon="4.03009"><ele>102</ele></trkpt>
<trkpt lat="49.05482" lon="4.02566"><ele>90</ele></trkpt>
<trkpt lat="49.05444" lon="4.02426"><ele>88</ele></trkpt>
<trkpt lat="49.05438" lon="4.02420"><ele>88</ele></trkpt>
<trkpt lat="49.05424" lon="4.02418"><ele>88</ele></trkpt>
<trkpt lat="49.05330" lon="4.02418"><ele>83</ele></trkpt>
<trkpt lat="49.05219" lon="4.02409"><ele>79</ele></trkpt>
<trkpt lat="49.05251" lon="4.02056"><ele>77</ele></trkpt>
<trkpt lat="49.05255" lon="4.01995"><ele>76</ele></trkpt>
<trkpt lat="49.05256" lon="4.01889"><ele>76</ele></trkpt>
<trkpt lat="49.05266" lon="4.01781"><ele>79</ele></trkpt>
<trkpt lat="49.05265" lon="4.01761"><ele>80</ele></trkpt>
<trkpt lat="49.05256" lon="4.01726"><ele>78</ele></trkpt>
<trkpt lat="49.05157" lon="4.01332"><ele>77</ele></trkpt>
<trkpt lat="49.05180" lon="4.01311"><ele>77</ele></trkpt>
<trkpt lat="49.05190" lon="4.01290"><ele>76</ele></trkpt>
<trkpt lat="49.05206" lon="4.01161"><ele>76</ele></trkpt>
<trkpt lat="49.05213" lon="4.01145"><ele>76</ele></trkpt>
<trkpt lat="49.05229" lon="4.01156"><ele>76</ele></trkpt>
<trkpt lat="49.05515" lon="4.01274"><ele>84</ele></trkpt>
<trkpt lat="49.05526" lon="4.01273"><ele>84</ele></trkpt>
<trkpt lat="49.05533" lon="4.01261"><ele>84</ele></trkpt>
<trkpt lat="49.05542" lon="4.01256"><ele>85</ele></trkpt>
<trkpt lat="49.05694" lon="4.01231"><ele>86</ele></trkpt>
<trkpt lat="49.05713" lon="4.01232"><ele>86</ele></trkpt>
<trkpt lat="49.05754" lon="4.01204"><ele>88</ele></trkpt>
<trkpt lat="49.05811" lon="4.01187"><ele>93</ele></trkpt>
<trkpt lat="49.05950" lon="4.01070"><ele>98</ele></trkpt>
<trkpt lat="49.05984" lon="4.01049"><ele>98</ele></trkpt>
<trkpt lat="49.06000" lon="4.01045"><ele>99</ele></trkpt>
<trkpt lat="49.05955" lon="4.00863"><ele>95</ele></trkpt>
<trkpt lat="49.06204" lon="4.00814"><ele>100</ele></trkpt>
<trkpt lat="49.06300" lon="4.00781"><ele>103</ele></trkpt>
<trkpt lat="49.06363" lon="4.00766"><ele>103</ele></trkpt>
<trkpt lat="49.06390" lon="4.00751"><ele>105</ele></trkpt>
<trkpt lat="49.06466" lon="4.00673"><ele>109</ele></trkpt>
<trkpt lat="49.06509" lon="4.00608"><ele>112</ele></trkpt>
<trkpt lat="49.06531" lon="4.00520"><ele>116</ele></trkpt>
<trkpt lat="49.06541" lon="4.00461"><ele>119</ele></trkpt>
<trkpt lat="49.06550" lon="4.00438"><ele>120</ele></trkpt>
<trkpt lat="49.06567" lon="4.00407"><ele>122</ele></trkpt>
<trkpt lat="49.06587" lon="4.00387"><ele>124</ele></trkpt>
<trkpt lat="49.06692" lon="4.00316"><ele>129</ele></trkpt>
<trkpt lat="49.06736" lon="4.00275"><ele>134</ele></trkpt>
<trkpt lat="49.06750" lon="4.00253"><ele>136</ele></trkpt>
<trkpt lat="49.06686" lon="4.00262"><ele>134</ele></trkpt>
<trkpt lat="49.06546" lon="4.00300"><ele>134</ele></trkpt>
<trkpt lat="49.06450" lon="4.00340"><ele>134</ele></trkpt>
<trkpt lat="49.06430" lon="4.00341"><ele>134</ele></trkpt>
<trkpt lat="49.06392" lon="4.00324"><ele>132</ele></trkpt>
<trkpt lat="49.06565" lon="4.00158"><ele>148</ele></trkpt>
<trkpt lat="49.06640" lon="4.00120"><ele>154</ele></trkpt>
<trkpt lat="49.06673" lon="4.00093"><ele>157</ele></trkpt>
<trkpt lat="49.06695" lon="4.00070"><ele>159</ele></trkpt>
<trkpt lat="49.06706" lon="4.00052"><ele>160</ele></trkpt>
<trkpt lat="49.06756" lon="3.99956"><ele>168</ele></trkpt>
<trkpt lat="49.06872" lon="3.99799"><ele>177</ele></trkpt>
<trkpt lat="49.06847" lon="3.99763"><ele>179</ele></trkpt>
<trkpt lat="49.06823" lon="3.99604"><ele>183</ele></trkpt>
<trkpt lat="49.06862" lon="3.99351"><ele>186</ele></trkpt>
<trkpt lat="49.06886" lon="3.99330"><ele>188</ele></trkpt>
<trkpt lat="49.06888" lon="3.99321"><ele>189</ele></trkpt>
<trkpt lat="49.06886" lon="3.99278"><ele>190</ele></trkpt>
<trkpt lat="49.06898" lon="3.99156"><ele>193</ele></trkpt>
<trkpt lat="49.06896" lon="3.99123"><ele>192</ele></trkpt>
<trkpt lat="49.06838" lon="3.98828"><ele>189</ele></trkpt>
<trkpt lat="49.06872" lon="3.98667"><ele>185</ele></trkpt>
<trkpt lat="49.06872" lon="3.98607"><ele>186</ele></trkpt>
<trkpt lat="49.06827" lon="3.98418"><ele>186</ele></trkpt>
<trkpt lat="49.06796" lon="3.98361"><ele>186</ele></trkpt>
<trkpt lat="49.06772" lon="3.98327"><ele>184</ele></trkpt>
<trkpt lat="49.06802" lon="3.98235"><ele>186</ele></trkpt>
<trkpt lat="49.06815" lon="3.98158"><ele>180</ele></trkpt>
<trkpt lat="49.06811" lon="3.98099"><ele>177</ele></trkpt>
<trkpt lat="49.06822" lon="3.97989"><ele>164</ele></trkpt>
<trkpt lat="49.06810" lon="3.97937"><ele>161</ele></trkpt>
<trkpt lat="49.06774" lon="3.97866"><ele>157</ele></trkpt>
<trkpt lat="49.06723" lon="3.97786"><ele>152</ele></trkpt>
<trkpt lat="49.06655" lon="3.97612"><ele>143</ele></trkpt>
<trkpt lat="49.06640" lon="3.97517"><ele>134</ele></trkpt>
<trkpt lat="49.06628" lon="3.97468"><ele>128</ele></trkpt>
<trkpt lat="49.06586" lon="3.97343"><ele>115</ele></trkpt>
<trkpt lat="49.06573" lon="3.97311"><ele>112</ele></trkpt>
<trkpt lat="49.06552" lon="3.97282"><ele>109</ele></trkpt>
<trkpt lat="49.06488" lon="3.97161"><ele>98</ele></trkpt>
<trkpt lat="49.06469" lon="3.97114"><ele>94</ele></trkpt>
<trkpt lat="49.06469" lon="3.97101"><ele>94</ele></trkpt>
<trkpt lat="49.06408" lon="3.97063"><ele>88</ele></trkpt>
<trkpt lat="49.06379" lon="3.97037"><ele>82</ele></trkpt>
<trkpt lat="49.06400" lon="3.96957"><ele>79</ele></trkpt>
<trkpt lat="49.06415" lon="3.96920"><ele>77</ele></trkpt>
<trkpt lat="49.06434" lon="3.96898"><ele>77</ele></trkpt>
<trkpt lat="49.06443" lon="3.96879"><ele>76</ele></trkpt>
<trkpt lat="49.06466" lon="3.96805"><ele>76</ele></trkpt>
<trkpt lat="49.06546" lon="3.96862"><ele>78</ele></trkpt>
<trkpt lat="49.06662" lon="3.96912"><ele>79</ele></trkpt>
<trkpt lat="49.06809" lon="3.96930"><ele>82</ele></trkpt>
<trkpt lat="49.06817" lon="3.96930"><ele>82</ele></trkpt>
<trkpt lat="49.06828" lon="3.96918"><ele>82</ele></trkpt>
<trkpt lat="49.06837" lon="3.96929"><ele>82</ele></trkpt>
<trkpt lat="49.06849" lon="3.96935"><ele>82</ele></trkpt>
<trkpt lat="49.06879" lon="3.96939"><ele>83</ele></trkpt>
<trkpt lat="49.06950" lon="3.96958"><ele>85</ele></trkpt>
<trkpt lat="49.07127" lon="3.96891"><ele>87</ele></trkpt>
<trkpt lat="49.07138" lon="3.96879"><ele>87</ele></trkpt>
<trkpt lat="49.07144" lon="3.96863"><ele>87</ele></trkpt>
<trkpt lat="49.07211" lon="3.96835"><ele>88</ele></trkpt>
<trkpt lat="49.07259" lon="3.96822"><ele>90</ele></trkpt>
<trkpt lat="49.07285" lon="3.96822"><ele>92</ele></trkpt>
<trkpt lat="49.07278" lon="3.96772"><ele>91</ele></trkpt>
<trkpt lat="49.07216" lon="3.96764"><ele>90</ele></trkpt>
<trkpt lat="49.07153" lon="3.96742"><ele>88</ele></trkpt>
<trkpt lat="49.07090" lon="3.96747"><ele>88</ele></trkpt>
<trkpt lat="49.07046" lon="3.96746"><ele>89</ele></trkpt>
<trkpt lat="49.06951" lon="3.96718"><ele>89</ele></trkpt>
<trkpt lat="49.06801" lon="3.96698"><ele>88</ele></trkpt>
<trkpt lat="49.06632" lon="3.96632"><ele>82</ele></trkpt>
<trkpt lat="49.06604" lon="3.96615"><ele>82</ele></trkpt>
<trkpt lat="49.06582" lon="3.96719"><ele>80</ele></trkpt>
<trkpt lat="49.06566" lon="3.96757"><ele>79</ele></trkpt>
<trkpt lat="49.06542" lon="3.96803"><ele>77</ele></trkpt>
<trkpt lat="49.06511" lon="3.96906"><ele>78</ele></trkpt>
<trkpt lat="49.06485" lon="3.96965"><ele>80</ele></trkpt>
<trkpt lat="49.06422" lon="3.96914"><ele>77</ele></trkpt>
<trkpt lat="49.06228" lon="3.96779"><ele>73</ele></trkpt>
<trkpt lat="49.06176" lon="3.96735"><ele>72</ele></trkpt>
<trkpt lat="49.06150" lon="3.96697"><ele>73</ele></trkpt>
<trkpt lat="49.06141" lon="3.96677"><ele>73</ele></trkpt>
<trkpt lat="49.06112" lon="3.96585"><ele>73</ele></trkpt>
<trkpt lat="49.06089" lon="3.96528"><ele>74</ele></trkpt>
<trkpt lat="49.06099" lon="3.96515"><ele>73</ele></trkpt>
<trkpt lat="49.06091" lon="3.96501"><ele>73</ele></trkpt>
<trkpt lat="49.06079" lon="3.96497"><ele>73</ele></trkpt>
<trkpt lat="49.05927" lon="3.96499"><ele>71</ele></trkpt>
<trkpt lat="49.05920" lon="3.96493"><ele>72</ele></trkpt>
<trkpt lat="49.05892" lon="3.96487"><ele>72</ele></trkpt>
<trkpt lat="49.05887" lon="3.96483"><ele>72</ele></trkpt>
<trkpt lat="49.05882" lon="3.96476"><ele>72</ele></trkpt>
<trkpt lat="49.05892" lon="3.96028"><ele>69</ele></trkpt>
<trkpt lat="49.05856" lon="3.96093"><ele>69</ele></trkpt>
<trkpt lat="49.05829" lon="3.96131"><ele>69</ele></trkpt>
<trkpt lat="49.05753" lon="3.96183"><ele>69</ele></trkpt>
<trkpt lat="49.05715" lon="3.96190"><ele>70</ele></trkpt>
<trkpt lat="49.05662" lon="3.96189"><ele>69</ele></trkpt>
<trkpt lat="49.05580" lon="3.96154"><ele>68</ele></trkpt>
<trkpt lat="49.05515" lon="3.96131"><ele>69</ele></trkpt>
<trkpt lat="49.05465" lon="3.96129"><ele>70</ele></trkpt>
<trkpt lat="49.05440" lon="3.96131"><ele>69</ele></trkpt>
<trkpt lat="49.05328" lon="3.96179"><ele>69</ele></trkpt>
<trkpt lat="49.05223" lon="3.96205"><ele>70</ele></trkpt>
<trkpt lat="49.05190" lon="3.96224"><ele>71</ele></trkpt>
<trkpt lat="49.05162" lon="3.96252"><ele>70</ele></trkpt>
<trkpt lat="49.05085" lon="3.96353"><ele>70</ele></trkpt>
<trkpt lat="49.05057" lon="3.96366"><ele>71</ele></trkpt>
<trkpt lat="49.04924" lon="3.96421"><ele>70</ele></trkpt>
<trkpt lat="49.04858" lon="3.96437"><ele>70</ele></trkpt>
<trkpt lat="49.04816" lon="3.96436"><ele>70</ele></trkpt>
<trkpt lat="49.04777" lon="3.96442"><ele>70</ele></trkpt>
<trkpt lat="49.04713" lon="3.96459"><ele>71</ele></trkpt>
<trkpt lat="49.04686" lon="3.96477"><ele>72</ele></trkpt>
<trkpt lat="49.04626" lon="3.96379"><ele>73</ele></trkpt>
<trkpt lat="49.04616" lon="3.96377"><ele>74</ele></trkpt>
<trkpt lat="49.04595" lon="3.96333"><ele>74</ele></trkpt>
<trkpt lat="49.04586" lon="3.96299"><ele>75</ele></trkpt>
<trkpt lat="49.04561" lon="3.96199"><ele>74</ele></trkpt>
<trkpt lat="49.04576" lon="3.96094"><ele>73</ele></trkpt>
<trkpt lat="49.04554" lon="3.95941"><ele>73</ele></trkpt>
<trkpt lat="49.04553" lon="3.95936"><ele>73</ele></trkpt>
<trkpt lat="49.04547" lon="3.95932"><ele>73</ele></trkpt>
<trkpt lat="49.04543" lon="3.95909"><ele>73</ele></trkpt>
<trkpt lat="49.04552" lon="3.95888"><ele>73</ele></trkpt>
<trkpt lat="49.04543" lon="3.95847"><ele>73</ele></trkpt>
<trkpt lat="49.04536" lon="3.95827"><ele>74</ele></trkpt>
<trkpt lat="49.04528" lon="3.95824"><ele>74</ele></trkpt>
<trkpt lat="49.04519" lon="3.95790"><ele>74</ele></trkpt>
<trkpt lat="49.04500" lon="3.95764"><ele>73</ele></trkpt>
<trkpt lat="49.04496" lon="3.95714"><ele>74</ele></trkpt>
<trkpt lat="49.04490" lon="3.95701"><ele>74</ele></trkpt>
<trkpt lat="49.04444" lon="3.95714"><ele>75</ele></trkpt>
<trkpt lat="49.04438" lon="3.95711"><ele>75</ele></trkpt>
<trkpt lat="49.04402" lon="3.95664"><ele>77</ele></trkpt>
<trkpt lat="49.04369" lon="3.95629"><ele>77</ele></trkpt>
<trkpt lat="49.04363" lon="3.95676"><ele>77</ele></trkpt>
<trkpt lat="49.04347" lon="3.95681"><ele>78</ele></trkpt>
<trkpt lat="49.04339" lon="3.95703"><ele>78</ele></trkpt>
<trkpt lat="49.04341" lon="3.95721"><ele>78</ele></trkpt>
<trkpt lat="49.04355" lon="3.95736"><ele>78</ele></trkpt>
<trkpt lat="49.04336" lon="3.95845"><ele>79</ele></trkpt>
<trkpt lat="49.04262" lon="3.95808"><ele>80</ele></trkpt>
<trkpt lat="49.04243" lon="3.95809"><ele>81</ele></trkpt>
<trkpt lat="49.04177" lon="3.96046"><ele>86</ele></trkpt>
<trkpt lat="49.03985" lon="3.95918"><ele>92</ele></trkpt>
<trkpt lat="49.03809" lon="3.95788"><ele>96</ele></trkpt>
<trkpt lat="49.03837" lon="3.95656"><ele>88</ele></trkpt>
<trkpt lat="49.03728" lon="3.95595"><ele>87</ele></trkpt>
<trkpt lat="49.03674" lon="3.95544"><ele>87</ele></trkpt>
<trkpt lat="49.03664" lon="3.95598"><ele>91</ele></trkpt>
<trkpt lat="49.03658" lon="3.95601"><ele>92</ele></trkpt>
<trkpt lat="49.03646" lon="3.95603"><ele>94</ele></trkpt>
<trkpt lat="49.03623" lon="3.95588"><ele>97</ele></trkpt>
<trkpt lat="49.03596" lon="3.95581"><ele>100</ele></trkpt>
<trkpt lat="49.03543" lon="3.95529"><ele>102</ele></trkpt>
<trkpt lat="49.03522" lon="3.95522"><ele>103</ele></trkpt>
<trkpt lat="49.03515" lon="3.95515"><ele>103</ele></trkpt>
<trkpt lat="49.03332" lon="3.95432"><ele>92</ele></trkpt>
<trkpt lat="49.03308" lon="3.95336"><ele>89</ele></trkpt>
<trkpt lat="49.03231" lon="3.95342"><ele>85</ele></trkpt>
<trkpt lat="49.03229" lon="3.95335"><ele>85</ele></trkpt>
<trkpt lat="49.03224" lon="3.95332"><ele>85</ele></trkpt>
<trkpt lat="49.03219" lon="3.95338"><ele>85</ele></trkpt>
<trkpt lat="49.03219" lon="3.95346"><ele>85</ele></trkpt>
<trkpt lat="49.03163" lon="3.95354"><ele>83</ele></trkpt>
<trkpt lat="49.03159" lon="3.95367"><ele>84</ele></trkpt>
<trkpt lat="49.03002" lon="3.95390"><ele>85</ele></trkpt>
<trkpt lat="49.02988" lon="3.95400"><ele>86</ele></trkpt>
<trkpt lat="49.02965" lon="3.95429"><ele>86</ele></trkpt>
<trkpt lat="49.02892" lon="3.95571"><ele>89</ele></trkpt>
<trkpt lat="49.02891" lon="3.95581"><ele>89</ele></trkpt>
<trkpt lat="49.02895" lon="3.95586"><ele>88</ele></trkpt>
<trkpt lat="49.02891" lon="3.95607"><ele>87</ele></trkpt>
<trkpt lat="49.02878" lon="3.95605"><ele>88</ele></trkpt>
<trkpt lat="49.02872" lon="3.95610"><ele>89</ele></trkpt>
<trkpt lat="49.02825" lon="3.95701"><ele>87</ele></trkpt>
<trkpt lat="49.02813" lon="3.95709"><ele>88</ele></trkpt>
<trkpt lat="49.02809" lon="3.95704"><ele>88</ele></trkpt>
<trkpt lat="49.02597" lon="3.95796"><ele>94</ele></trkpt>
<trkpt lat="49.02487" lon="3.95874"><ele>98</ele></trkpt>
<trkpt lat="49.02296" lon="3.95999"><ele>104</ele></trkpt>
<trkpt lat="49.02253" lon="3.96014"><ele>107</ele></trkpt>
<trkpt lat="49.02243" lon="3.96007"><ele>108</ele></trkpt>
<trkpt lat="49.02230" lon="3.96008"><ele>108</ele></trkpt>
<trkpt lat="49.02221" lon="3.96017"><ele>108</ele></trkpt>
<trkpt lat="49.02215" lon="3.96041"><ele>108</ele></trkpt>
<trkpt lat="49.02203" lon="3.96064"><ele>108</ele></trkpt>
<trkpt lat="49.02105" lon="3.96131"><ele>111</ele></trkpt>
<trkpt lat="49.01872" lon="3.96351"><ele>113</ele></trkpt>
<trkpt lat="49.01852" lon="3.96362"><ele>113</ele></trkpt>
<trkpt lat="49.01834" lon="3.96364"><ele>114</ele></trkpt>
<trkpt lat="49.01811" lon="3.96404"><ele>114</ele></trkpt>
<trkpt lat="49.01799" lon="3.96418"><ele>113</ele></trkpt>
<trkpt lat="49.01490" lon="3.96649"><ele>111</ele></trkpt>
<trkpt lat="49.01405" lon="3.96708"><ele>112</ele></trkpt>
<trkpt lat="49.01335" lon="3.96780"><ele>111</ele></trkpt>
<trkpt lat="49.01311" lon="3.96794"><ele>111</ele></trkpt>
<trkpt lat="49.01282" lon="3.96817"><ele>112</ele></trkpt>
<trkpt lat="49.01157" lon="3.96925"><ele>114</ele></trkpt>
<trkpt lat="49.01006" lon="3.97112"><ele>120</ele></trkpt>
<trkpt lat="49.00880" lon="3.97277"><ele>122</ele></trkpt>
<trkpt lat="49.00761" lon="3.97056"><ele>123</ele></trkpt>
<trkpt lat="49.00285" lon="3.96788"><ele>146</ele></trkpt>
<trkpt lat="49.00276" lon="3.96788"><ele>146</ele></trkpt>
<trkpt lat="49.00267" lon="3.96780"><ele>146</ele></trkpt>
<trkpt lat="49.00098" lon="3.96719"><ele>132</ele></trkpt>
<trkpt lat="48.99885" lon="3.96651"><ele>140</ele></trkpt>
<trkpt lat="48.99861" lon="3.96647"><ele>143</ele></trkpt>
<trkpt lat="48.99824" lon="3.96630"><ele>146</ele></trkpt>
<trkpt lat="48.99814" lon="3.96622"><ele>147</ele></trkpt>
<trkpt lat="48.99744" lon="3.96604"><ele>152</ele></trkpt>
<trkpt lat="48.99694" lon="3.96524"><ele>152</ele></trkpt>
<trkpt lat="48.99635" lon="3.96516"><ele>152</ele></trkpt>
<trkpt lat="48.99635" lon="3.96618"><ele>158</ele></trkpt>
<trkpt lat="48.99628" lon="3.96660"><ele>158</ele></trkpt>
<trkpt lat="48.99589" lon="3.96651"><ele>162</ele></trkpt>
<trkpt lat="48.99576" lon="3.96644"><ele>163</ele></trkpt>
<trkpt lat="48.99548" lon="3.96615"><ele>166</ele></trkpt>
<trkpt lat="48.99532" lon="3.96612"><ele>168</ele></trkpt>
<trkpt lat="48.99512" lon="3.96620"><ele>171</ele></trkpt>
<trkpt lat="48.99498" lon="3.96613"><ele>173</ele></trkpt>
<trkpt lat="48.99456" lon="3.96579"><ele>177</ele></trkpt>
<trkpt lat="48.99440" lon="3.96561"><ele>178</ele></trkpt>
<trkpt lat="48.99419" lon="3.96522"><ele>180</ele></trkpt>
<trkpt lat="48.99414" lon="3.96540"><ele>182</ele></trkpt>
<trkpt lat="48.99412" lon="3.96573"><ele>182</ele></trkpt>
<trkpt lat="48.99422" lon="3.96696"><ele>183</ele></trkpt>
<trkpt lat="48.99419" lon="3.96777"><ele>182</ele></trkpt>
<trkpt lat="48.99408" lon="3.96919"><ele>184</ele></trkpt>
<trkpt lat="48.99391" lon="3.97059"><ele>184</ele></trkpt>
<trkpt lat="48.99388" lon="3.97147"><ele>186</ele></trkpt>
<trkpt lat="48.99387" lon="3.97280"><ele>189</ele></trkpt>
<trkpt lat="48.99382" lon="3.97369"><ele>189</ele></trkpt>
<trkpt lat="48.99361" lon="3.97494"><ele>189</ele></trkpt>
<trkpt lat="48.99316" lon="3.97629"><ele>188</ele></trkpt>
<trkpt lat="48.99307" lon="3.97632"><ele>188</ele></trkpt>
<trkpt lat="48.99272" lon="3.97580"><ele>191</ele></trkpt>
<trkpt lat="48.99269" lon="3.97578"><ele>192</ele></trkpt>
<trkpt lat="48.99262" lon="3.97582"><ele>192</ele></trkpt>
<trkpt lat="48.99184" lon="3.97682"><ele>192</ele></trkpt>
<trkpt lat="48.99144" lon="3.97753"><ele>192</ele></trkpt>
<trkpt lat="48.99138" lon="3.97760"><ele>192</ele></trkpt>
<trkpt lat="48.99104" lon="3.97782"><ele>196</ele></trkpt>
<trkpt lat="48.99054" lon="3.97860"><ele>196</ele></trkpt>
<trkpt lat="48.99036" lon="3.97878"><ele>196</ele></trkpt>
<trkpt lat="48.98967" lon="3.97895"><ele>194</ele></trkpt>
<trkpt lat="48.98947" lon="3.97878"><ele>195</ele></trkpt>
<trkpt lat="48.98904" lon="3.97817"><ele>199</ele></trkpt>
<trkpt lat="48.98890" lon="3.97807"><ele>200</ele></trkpt>
<trkpt lat="48.98813" lon="3.97991"><ele>194</ele></trkpt>
<trkpt lat="48.98776" lon="3.97943"><ele>199</ele></trkpt>
<trkpt lat="48.98739" lon="3.98093"><ele>199</ele></trkpt>
<trkpt lat="48.98731" lon="3.98150"><ele>198</ele></trkpt>
<trkpt lat="48.98718" lon="3.98318"><ele>197</ele></trkpt>
<trkpt lat="48.98697" lon="3.98412"><ele>195</ele></trkpt>
<trkpt lat="48.98693" lon="3.98442"><ele>196</ele></trkpt>
<trkpt lat="48.98709" lon="3.98546"><ele>195</ele></trkpt>
<trkpt lat="48.98760" lon="3.98729"><ele>192</ele></trkpt>
<trkpt lat="48.98762" lon="3.98743"><ele>192</ele></trkpt>
<trkpt lat="48.98748" lon="3.98854"><ele>196</ele></trkpt>
<trkpt lat="48.98742" lon="3.98871"><ele>197</ele></trkpt>
<trkpt lat="48.98696" lon="3.98973"><ele>200</ele></trkpt>
<trkpt lat="48.98663" lon="3.99007"><ele>204</ele></trkpt>
<trkpt lat="48.98647" lon="3.99040"><ele>206</ele></trkpt>
<trkpt lat="48.98649" lon="3.98987"><ele>208</ele></trkpt>
<trkpt lat="48.98644" lon="3.98960"><ele>210</ele></trkpt>
<trkpt lat="48.98623" lon="3.98901"><ele>216</ele></trkpt>
<trkpt lat="48.98560" lon="3.98753"><ele>231</ele></trkpt>
<trkpt lat="48.98554" lon="3.98746"><ele>232</ele></trkpt>
<trkpt lat="48.98538" lon="3.98739"><ele>234</ele></trkpt>
<trkpt lat="48.98095" lon="3.98764"><ele>238</ele></trkpt>
<trkpt lat="48.97915" lon="3.98780"><ele>240</ele></trkpt>
<trkpt lat="48.97817" lon="3.98779"><ele>240</ele></trkpt>
<trkpt lat="48.97775" lon="3.98788"><ele>240</ele></trkpt>
<trkpt lat="48.97763" lon="3.98795"><ele>240</ele></trkpt>
<trkpt lat="48.97770" lon="3.98841"><ele>241</ele></trkpt>
<trkpt lat="48.97765" lon="3.99073"><ele>240</ele></trkpt>
<trkpt lat="48.97069" lon="3.99011"><ele>242</ele></trkpt>
<trkpt lat="48.97038" lon="3.99015"><ele>242</ele></trkpt>
<trkpt lat="48.96964" lon="3.99073"><ele>242</ele></trkpt>
<trkpt lat="48.97100" lon="3.99771"><ele>241</ele></trkpt>
<trkpt lat="48.97088" lon="3.99928"><ele>233</ele></trkpt>
<trkpt lat="48.97064" lon="3.99937"><ele>234</ele></trkpt>
<trkpt lat="48.96942" lon="4.00038"><ele>234</ele></trkpt>
<trkpt lat="48.96895" lon="4.00041"><ele>238</ele></trkpt>
<trkpt lat="48.96749" lon="4.00194"><ele>239</ele></trkpt>
<trkpt lat="48.96649" lon="4.00310"><ele>238</ele></trkpt>
<trkpt lat="48.96553" lon="4.00388"><ele>239</ele></trkpt>
<trkpt lat="48.96543" lon="4.00429"><ele>236</ele></trkpt>
<trkpt lat="48.96517" lon="4.00461"><ele>231</ele></trkpt>
<trkpt lat="48.96489" lon="4.00455"><ele>231</ele></trkpt>
<trkpt lat="48.96448" lon="4.00401"><ele>232</ele></trkpt>
<trkpt lat="48.96408" lon="4.00286"><ele>235</ele></trkpt>
<trkpt lat="48.96277" lon="4.00215"><ele>229</ele></trkpt>
<trkpt lat="48.96227" lon="4.00198"><ele>231</ele></trkpt>
<trkpt lat="48.96167" lon="4.00226"><ele>223</ele></trkpt>
<trkpt lat="48.96139" lon="4.00218"><ele>221</ele></trkpt>
<trkpt lat="48.96135" lon="4.00224"><ele>219</ele></trkpt>
<trkpt lat="48.96131" lon="4.00260"><ele>216</ele></trkpt>
<trkpt lat="48.96115" lon="4.00247"><ele>217</ele></trkpt>
<trkpt lat="48.96075" lon="4.00189"><ele>220</ele></trkpt>
<trkpt lat="48.96036" lon="4.00158"><ele>222</ele></trkpt>
<trkpt lat="48.95970" lon="4.00117"><ele>216</ele></trkpt>
<trkpt lat="48.95943" lon="4.00094"><ele>214</ele></trkpt>
<trkpt lat="48.95923" lon="4.00073"><ele>212</ele></trkpt>
<trkpt lat="48.95847" lon="3.99968"><ele>218</ele></trkpt>
<trkpt lat="48.95777" lon="3.99918"><ele>221</ele></trkpt>
<trkpt lat="48.95700" lon="3.99873"><ele>227</ele></trkpt>
<trkpt lat="48.95610" lon="3.99803"><ele>226</ele></trkpt>
<trkpt lat="48.95611" lon="3.99817"><ele>226</ele></trkpt>
<trkpt lat="48.95636" lon="3.99873"><ele>224</ele></trkpt>
<trkpt lat="48.95668" lon="3.99916"><ele>220</ele></trkpt>
<trkpt lat="48.95751" lon="4.00051"><ele>206</ele></trkpt>
<trkpt lat="48.95767" lon="4.00079"><ele>205</ele></trkpt>
<trkpt lat="48.95772" lon="4.00097"><ele>204</ele></trkpt>
<trkpt lat="48.95784" lon="4.00160"><ele>199</ele></trkpt>
<trkpt lat="48.95788" lon="4.00224"><ele>192</ele></trkpt>
<trkpt lat="48.95817" lon="4.00427"><ele>165</ele></trkpt>
<trkpt lat="48.95757" lon="4.00467"><ele>158</ele></trkpt>
<trkpt lat="48.95755" lon="4.00476"><ele>157</ele></trkpt>
<trkpt lat="48.95759" lon="4.00539"><ele>153</ele></trkpt>
<trkpt lat="48.95630" lon="4.00597"><ele>156</ele></trkpt>
<trkpt lat="48.95610" lon="4.00545"><ele>160</ele></trkpt>
<trkpt lat="48.95586" lon="4.00507"><ele>164</ele></trkpt>
<trkpt lat="48.95517" lon="4.00432"><ele>171</ele></trkpt>
<trkpt lat="48.95511" lon="4.00435"><ele>171</ele></trkpt>
<trkpt lat="48.95414" lon="4.00515"><ele>167</ele></trkpt>
<trkpt lat="48.95398" lon="4.00524"><ele>168</ele></trkpt>
<trkpt lat="48.95372" lon="4.00546"><ele>168</ele></trkpt>
<trkpt lat="48.95351" lon="4.00571"><ele>168</ele></trkpt>
<trkpt lat="48.95202" lon="4.00822"><ele>167</ele></trkpt>
<trkpt lat="48.95086" lon="4.00984"><ele>172</ele></trkpt>
<trkpt lat="48.95007" lon="4.01071"><ele>168</ele></trkpt>
<trkpt lat="48.94983" lon="4.01109"><ele>167</ele></trkpt>
<trkpt lat="48.94962" lon="4.01117"><ele>168</ele></trkpt>
<trkpt lat="48.94921" lon="4.01121"><ele>172</ele></trkpt>
<trkpt lat="48.94869" lon="4.01152"><ele>173</ele></trkpt>
<trkpt lat="48.94813" lon="4.01161"><ele>178</ele></trkpt>
<trkpt lat="48.94803" lon="4.01167"><ele>179</ele></trkpt>
<trkpt lat="48.94769" lon="4.01202"><ele>185</ele></trkpt>
<trkpt lat="48.94735" lon="4.01215"><ele>188</ele></trkpt>
<trkpt lat="48.94688" lon="4.01222"><ele>188</ele></trkpt>
<trkpt lat="48.94644" lon="4.01243"><ele>188</ele></trkpt>
<trkpt lat="48.94558" lon="4.01314"><ele>183</ele></trkpt>
<trkpt lat="48.94509" lon="4.01382"><ele>180</ele></trkpt>
<trkpt lat="48.94489" lon="4.01407"><ele>179</ele></trkpt>
<trkpt lat="48.94472" lon="4.01420"><ele>178</ele></trkpt>
<trkpt lat="48.94461" lon="4.01417"><ele>178</ele></trkpt>
<trkpt lat="48.94447" lon="4.01407"><ele>178</ele></trkpt>
<trkpt lat="48.94378" lon="4.01403"><ele>176</ele></trkpt>
<trkpt lat="48.94313" lon="4.01378"><ele>178</ele></trkpt>
<trkpt lat="48.94279" lon="4.01387"><ele>177</ele></trkpt>
<trkpt lat="48.94249" lon="4.01385"><ele>176</ele></trkpt>
<trkpt lat="48.94222" lon="4.01393"><ele>176</ele></trkpt>
<trkpt lat="48.94148" lon="4.01430"><ele>178</ele></trkpt>
<trkpt lat="48.94074" lon="4.01475"><ele>182</ele></trkpt>
<trkpt lat="48.94047" lon="4.01511"><ele>185</ele></trkpt>
<trkpt lat="48.94031" lon="4.01524"><ele>187</ele></trkpt>
<trkpt lat="48.94025" lon="4.01554"><ele>184</ele></trkpt>
<trkpt lat="48.94024" lon="4.01588"><ele>180</ele></trkpt>
<trkpt lat="48.94039" lon="4.01714"><ele>167</ele></trkpt>
<trkpt lat="48.94052" lon="4.01784"><ele>161</ele></trkpt>
<trkpt lat="48.94000" lon="4.01773"><ele>164</ele></trkpt>
<trkpt lat="48.93936" lon="4.01741"><ele>166</ele></trkpt>
<trkpt lat="48.93902" lon="4.01709"><ele>165</ele></trkpt>
<trkpt lat="48.93838" lon="4.01633"><ele>167</ele></trkpt>
<trkpt lat="48.93814" lon="4.01616"><ele>169</ele></trkpt>
<trkpt lat="48.93778" lon="4.01613"><ele>170</ele></trkpt>
<trkpt lat="48.93727" lon="4.01623"><ele>176</ele></trkpt>
<trkpt lat="48.93690" lon="4.01610"><ele>178</ele></trkpt>
<trkpt lat="48.93669" lon="4.01588"><ele>180</ele></trkpt>
<trkpt lat="48.93619" lon="4.01513"><ele>180</ele></trkpt>
<trkpt lat="48.93601" lon="4.01493"><ele>180</ele></trkpt>
<trkpt lat="48.93582" lon="4.01478"><ele>180</ele></trkpt>
<trkpt lat="48.93530" lon="4.01448"><ele>181</ele></trkpt>
<trkpt lat="48.93352" lon="4.01416"><ele>184</ele></trkpt>
<trkpt lat="48.93215" lon="4.01366"><ele>180</ele></trkpt>
<trkpt lat="48.93139" lon="4.01353"><ele>177</ele></trkpt>
<trkpt lat="48.93021" lon="4.01296"><ele>167</ele></trkpt>
<trkpt lat="48.92956" lon="4.01246"><ele>164</ele></trkpt>
<trkpt lat="48.92922" lon="4.01245"><ele>163</ele></trkpt>
<trkpt lat="48.92882" lon="4.01260"><ele>166</ele></trkpt>
<trkpt lat="48.92841" lon="4.01269"><ele>169</ele></trkpt>
<trkpt lat="48.92801" lon="4.01272"><ele>168</ele></trkpt>
<trkpt lat="48.92744" lon="4.01259"><ele>166</ele></trkpt>
<trkpt lat="48.92726" lon="4.01261"><ele>166</ele></trkpt>
<trkpt lat="48.92676" lon="4.01304"><ele>173</ele></trkpt>
<trkpt lat="48.92653" lon="4.01315"><ele>175</ele></trkpt>
<trkpt lat="48.92392" lon="4.01325"><ele>162</ele></trkpt>
<trkpt lat="48.92348" lon="4.01317"><ele>161</ele></trkpt>
<trkpt lat="48.92228" lon="4.01258"><ele>158</ele></trkpt>
<trkpt lat="48.92215" lon="4.01248"><ele>158</ele></trkpt>
<trkpt lat="48.92187" lon="4.01210"><ele>156</ele></trkpt>
<trkpt lat="48.92146" lon="4.01181"><ele>154</ele></trkpt>
<trkpt lat="48.91938" lon="4.01047"><ele>157</ele></trkpt>
<trkpt lat="48.91891" lon="4.01024"><ele>159</ele></trkpt>
<trkpt lat="48.91850" lon="4.00972"><ele>158</ele></trkpt>
<trkpt lat="48.91774" lon="4.00844"><ele>155</ele></trkpt>
<trkpt lat="48.91697" lon="4.00775"><ele>154</ele></trkpt>
<trkpt lat="48.91612" lon="4.00753"><ele>152</ele></trkpt>
<trkpt lat="48.91418" lon="4.00902"><ele>139</ele></trkpt>
<trkpt lat="48.91359" lon="4.00960"><ele>135</ele></trkpt>
<trkpt lat="48.91243" lon="4.01032"><ele>128</ele></trkpt>
<trkpt lat="48.91185" lon="4.00989"><ele>125</ele></trkpt>
<trkpt lat="48.91104" lon="4.00904"><ele>120</ele></trkpt>
<trkpt lat="48.91014" lon="4.00826"><ele>118</ele></trkpt>
<trkpt lat="48.90941" lon="4.00719"><ele>117</ele></trkpt>
<trkpt lat="48.90885" lon="4.00707"><ele>116</ele></trkpt>
<trkpt lat="48.90853" lon="4.00684"><ele>115</ele></trkpt>
<trkpt lat="48.90840" lon="4.00590"><ele>113</ele></trkpt>
<trkpt lat="48.90835" lon="4.00573"><ele>112</ele></trkpt>
<trkpt lat="48.90837" lon="4.00556"><ele>112</ele></trkpt>
<trkpt lat="48.90833" lon="4.00521"><ele>112</ele></trkpt>
<trkpt lat="48.90790" lon="4.00267"><ele>114</ele></trkpt>
<trkpt lat="48.90783" lon="4.00238"><ele>114</ele></trkpt>
<trkpt lat="48.90787" lon="4.00221"><ele>115</ele></trkpt>
<trkpt lat="48.90774" lon="4.00166"><ele>116</ele></trkpt>
<trkpt lat="48.90774" lon="4.00152"><ele>116</ele></trkpt>
<trkpt lat="48.90767" lon="4.00144"><ele>116</ele></trkpt>
<trkpt lat="48.90754" lon="4.00107"><ele>119</ele></trkpt>
<trkpt lat="48.90767" lon="4.00144"><ele>116</ele></trkpt>
<trkpt lat="48.90758" lon="4.00149"><ele>116</ele></trkpt>
<trkpt lat="48.90757" lon="4.00165"><ele>115</ele></trkpt>
<trkpt lat="48.90716" lon="4.00212"><ele>113</ele></trkpt>
<trkpt lat="48.90678" lon="4.00263"><ele>111</ele></trkpt>
<trkpt lat="48.90643" lon="4.00240"><ele>110</ele></trkpt>
<trkpt lat="48.90589" lon="4.00228"><ele>109</ele></trkpt>
<trkpt lat="48.90538" lon="4.00231"><ele>108</ele></trkpt>
<trkpt lat="48.90507" lon="4.00132"><ele>109</ele></trkpt>
<trkpt lat="48.90492" lon="4.00120"><ele>109</ele></trkpt>
<trkpt lat="48.90420" lon="4.00111"><ele>110</ele></trkpt>
<trkpt lat="48.90316" lon="4.00117"><ele>112</ele></trkpt>
<trkpt lat="48.90270" lon="4.00111"><ele>112</ele></trkpt>
<trkpt lat="48.90087" lon="4.00104"><ele>113</ele></trkpt>
<trkpt lat="48.89507" lon="4.00091"><ele>116</ele></trkpt>
<trkpt lat="48.89370" lon="4.00093"><ele>122</ele></trkpt>
<trkpt lat="48.89211" lon="4.00118"><ele>115</ele></trkpt>
<trkpt lat="48.89134" lon="4.00374"><ele>109</ele></trkpt>
<trkpt lat="48.88666" lon="4.00412"><ele>114</ele></trkpt>
<trkpt lat="48.88376" lon="4.00426"><ele>113</ele></trkpt>
<trkpt lat="48.88338" lon="4.00436"><ele>112</ele></trkpt>
<trkpt lat="48.88224" lon="4.00247"><ele>115</ele></trkpt>
<trkpt lat="48.88183" lon="4.00172"><ele>115</ele></trkpt>
<trkpt lat="48.88111" lon="4.00058"><ele>114</ele></trkpt>
<trkpt lat="48.88077" lon="4.00105"><ele>112</ele></trkpt>
<trkpt lat="48.88067" lon="4.00137"><ele>111</ele></trkpt>
<trkpt lat="48.88063" lon="4.00170"><ele>110</ele></trkpt>
<trkpt lat="48.88005" lon="4.00194"><ele>109</ele></trkpt>
<trkpt lat="48.87915" lon="4.00251"><ele>110</ele></trkpt>
<trkpt lat="48.87896" lon="4.00274"><ele>110</ele></trkpt>
<trkpt lat="48.87886" lon="4.00260"><ele>110</ele></trkpt>
<trkpt lat="48.87876" lon="4.00270"><ele>110</ele></trkpt>
<trkpt lat="48.87858" lon="4.00278"><ele>111</ele></trkpt>
<trkpt lat="48.87770" lon="4.00362"><ele>117</ele></trkpt>
<trkpt lat="48.87758" lon="4.00362"><ele>118</ele></trkpt>
<trkpt lat="48.87782" lon="4.00394"><ele>117</ele></trkpt>
<trkpt lat="48.87810" lon="4.00450"><ele>116</ele></trkpt>
<trkpt lat="48.87639" lon="4.00602"><ele>125</ele></trkpt>
<trkpt lat="48.87174" lon="4.01069"><ele>118</ele></trkpt>
<trkpt lat="48.86844" lon="4.01361"><ele>128</ele></trkpt>
<trkpt lat="48.86613" lon="4.01579"><ele>125</ele></trkpt>
<trkpt lat="48.86436" lon="4.01727"><ele>132</ele></trkpt>
<trkpt lat="48.86114" lon="4.02046"><ele>141</ele></trkpt>
<trkpt lat="48.85754" lon="4.02255"><ele>158</ele></trkpt>
<trkpt lat="48.85052" lon="4.02491"><ele>152</ele></trkpt>
<trkpt lat="48.84642" lon="4.02568"><ele>158</ele></trkpt>
<trkpt lat="48.84450" lon="4.02596"><ele>159</ele></trkpt>
<trkpt lat="48.84241" lon="4.02618"><ele>156</ele></trkpt>
<trkpt lat="48.84160" lon="4.02624"><ele>155</ele></trkpt>
<trkpt lat="48.84110" lon="4.02621"><ele>154</ele></trkpt>
<trkpt lat="48.84065" lon="4.02609"><ele>154</ele></trkpt>
<trkpt lat="48.84018" lon="4.02584"><ele>153</ele></trkpt>
<trkpt lat="48.83965" lon="4.02543"><ele>152</ele></trkpt>
<trkpt lat="48.83923" lon="4.02505"><ele>152</ele></trkpt>
<trkpt lat="48.83831" lon="4.02602"><ele>150</ele></trkpt>
<trkpt lat="48.83815" lon="4.02612"><ele>150</ele></trkpt>
<trkpt lat="48.83798" lon="4.02577"><ele>150</ele></trkpt>
<trkpt lat="48.83788" lon="4.02569"><ele>150</ele></trkpt>
<trkpt lat="48.83723" lon="4.02545"><ele>150</ele></trkpt>
<trkpt lat="48.83707" lon="4.02522"><ele>150</ele></trkpt>
<trkpt lat="48.83558" lon="4.02473"><ele>151</ele></trkpt>
<trkpt lat="48.83516" lon="4.02356"><ele>150</ele></trkpt>
<trkpt lat="48.83487" lon="4.02260"><ele>150</ele></trkpt>
<trkpt lat="48.83475" lon="4.02234"><ele>150</ele></trkpt>
<trkpt lat="48.83422" lon="4.02152"><ele>150</ele></trkpt>
<trkpt lat="48.83392" lon="4.02122"><ele>150</ele></trkpt>
<trkpt lat="48.83373" lon="4.02093"><ele>150</ele></trkpt>
<trkpt lat="48.83273" lon="4.01919"><ele>150</ele></trkpt>
<trkpt lat="48.83269" lon="4.01898"><ele>149</ele></trkpt>
<trkpt lat="48.83273" lon="4.01851"><ele>149</ele></trkpt>
<trkpt lat="48.82560" lon="4.02576"><ele>150</ele></trkpt>
<trkpt lat="48.82526" lon="4.02597"><ele>152</ele></trkpt>
<trkpt lat="48.82362" lon="4.02638"><ele>158</ele></trkpt>
<trkpt lat="48.82359" lon="4.02624"><ele>157</ele></trkpt>
<trkpt lat="48.82218" lon="4.02257"><ele>155</ele></trkpt>
<trkpt lat="48.82056" lon="4.01813"><ele>152</ele></trkpt>
<trkpt lat="48.82046" lon="4.01792"><ele>152</ele></trkpt>
<trkpt lat="48.82026" lon="4.01764"><ele>151</ele></trkpt>
<trkpt lat="48.81832" lon="4.01551"><ele>148</ele></trkpt>
<trkpt lat="48.81937" lon="4.01340"><ele>146</ele></trkpt>
<trkpt lat="48.82119" lon="4.00994"><ele>145</ele></trkpt>
<trkpt lat="48.81686" lon="4.00502"><ele>146</ele></trkpt>
<trkpt lat="48.81332" lon="4.00056"><ele>146</ele></trkpt>
<trkpt lat="48.81352" lon="3.99936"><ele>146</ele></trkpt>
<trkpt lat="48.81294" lon="3.99398"><ele>144</ele></trkpt>
<trkpt lat="48.81308" lon="3.99330"><ele>144</ele></trkpt>
<trkpt lat="48.81251" lon="3.99227"><ele>143</ele></trkpt>
<trkpt lat="48.81242" lon="3.99218"><ele>143</ele></trkpt>
<trkpt lat="48.81240" lon="3.99205"><ele>143</ele></trkpt>
<trkpt lat="48.81212" lon="3.99133"><ele>143</ele></trkpt>
<trkpt lat="48.81191" lon="3.99087"><ele>143</ele></trkpt>
<trkpt lat="48.81155" lon="3.99040"><ele>143</ele></trkpt>
<trkpt lat="48.81121" lon="3.99010"><ele>143</ele></trkpt>
<trkpt lat="48.81040" lon="3.98995"><ele>143</ele></trkpt>
<trkpt lat="48.80952" lon="3.98985"><ele>143</ele></trkpt>
<trkpt lat="48.80840" lon="3.98932"><ele>142</ele></trkpt>
<trkpt lat="48.80820" lon="3.98918"><ele>142</ele></trkpt>
<trkpt lat="48.80808" lon="3.98902"><ele>143</ele></trkpt>
<trkpt lat="48.80678" lon="3.98660"><ele>143</ele></trkpt>
<trkpt lat="48.80656" lon="3.98612"><ele>143</ele></trkpt>
<trkpt lat="48.80607" lon="3.98483"><ele>144</ele></trkpt>
<trkpt lat="48.80450" lon="3.98053"><ele>145</ele></trkpt>
<trkpt lat="48.80406" lon="3.97832"><ele>145</ele></trkpt>
<trkpt lat="48.80270" lon="3.97423"><ele>144</ele></trkpt>
<trkpt lat="48.80084" lon="3.96823"><ele>146</ele></trkpt>
<trkpt lat="48.79968" lon="3.96459"><ele>146</ele></trkpt>
<trkpt lat="48.79812" lon="3.95949"><ele>146</ele></trkpt>
<trkpt lat="48.80100" lon="3.95681"><ele>143</ele></trkpt>
<trkpt lat="48.80131" lon="3.94408"><ele>142</ele></trkpt>
<trkpt lat="48.80161" lon="3.93388"><ele>142</ele></trkpt>
<trkpt lat="48.80170" lon="3.92967"><ele>142</ele></trkpt>
<trkpt lat="48.80158" lon="3.92948"><ele>142</ele></trkpt>
<trkpt lat="48.80141" lon="3.92937"><ele>142</ele></trkpt>
<trkpt lat="48.80094" lon="3.92928"><ele>142</ele></trkpt>
<trkpt lat="48.80085" lon="3.92937"><ele>142</ele></trkpt>
<trkpt lat="48.80083" lon="3.92921"><ele>143</ele></trkpt>
<trkpt lat="48.80102" lon="3.92677"><ele>143</ele></trkpt>
<trkpt lat="48.80121" lon="3.92570"><ele>143</ele></trkpt>
<trkpt lat="48.80124" lon="3.92490"><ele>143</ele></trkpt>
<trkpt lat="48.80121" lon="3.92387"><ele>143</ele></trkpt>
<trkpt lat="48.80062" lon="3.91731"><ele>146</ele></trkpt>
<trkpt lat="48.80039" lon="3.91506"><ele>145</ele></trkpt>
<trkpt lat="48.79686" lon="3.91540"><ele>153</ele></trkpt>
<trkpt lat="48.79687" lon="3.91523"><ele>153</ele></trkpt>
<trkpt lat="48.79627" lon="3.90923"><ele>157</ele></trkpt>
<trkpt lat="48.79390" lon="3.90975"><ele>153</ele></trkpt>
<trkpt lat="48.79320" lon="3.90293"><ele>148</ele></trkpt>
<trkpt lat="48.78907" lon="3.90402"><ele>141</ele></trkpt>
<trkpt lat="48.78880" lon="3.90393"><ele>141</ele></trkpt>
<trkpt lat="48.78825" lon="3.90359"><ele>141</ele></trkpt>
<trkpt lat="48.78807" lon="3.90353"><ele>141</ele></trkpt>
<trkpt lat="48.78766" lon="3.90348"><ele>142</ele></trkpt>
<trkpt lat="48.78735" lon="3.89553"><ele>141</ele></trkpt>
<trkpt lat="48.78519" lon="3.89571"><ele>143</ele></trkpt>
<trkpt lat="48.78440" lon="3.88672"><ele>149</ele></trkpt>
<trkpt lat="48.78374" lon="3.88276"><ele>148</ele></trkpt>
<trkpt lat="48.78516" lon="3.88220"><ele>144</ele></trkpt>
<trkpt lat="48.78506" lon="3.88130"><ele>144</ele></trkpt>
<trkpt lat="48.78569" lon="3.87866"><ele>143</ele></trkpt>
<trkpt lat="48.78650" lon="3.87501"><ele>142</ele></trkpt>
<trkpt lat="48.78713" lon="3.87482"><ele>142</ele></trkpt>
<trkpt lat="48.78829" lon="3.87466"><ele>140</ele></trkpt>
<trkpt lat="48.78844" lon="3.87394"><ele>140</ele></trkpt>
<trkpt lat="48.78847" lon="3.87335"><ele>140</ele></trkpt>
<trkpt lat="48.78838" lon="3.87234"><ele>140</ele></trkpt>
<trkpt lat="48.78840" lon="3.87213"><ele>140</ele></trkpt>
<trkpt lat="48.78818" lon="3.86760"><ele>140</ele></trkpt>
<trkpt lat="48.78808" lon="3.86476"><ele>141</ele></trkpt>
<trkpt lat="48.78791" lon="3.86126"><ele>141</ele></trkpt>
<trkpt lat="48.78792" lon="3.86048"><ele>140</ele></trkpt>
<trkpt lat="48.78784" lon="3.85962"><ele>141</ele></trkpt>
<trkpt lat="48.78753" lon="3.85737"><ele>142</ele></trkpt>
<trkpt lat="48.78721" lon="3.85573"><ele>142</ele></trkpt>
<trkpt lat="48.78749" lon="3.85559"><ele>142</ele></trkpt>
<trkpt lat="48.78734" lon="3.85490"><ele>142</ele></trkpt>
<trkpt lat="48.78715" lon="3.85432"><ele>142</ele></trkpt>
<trkpt lat="48.78679" lon="3.85372"><ele>141</ele></trkpt>
<trkpt lat="48.78641" lon="3.85297"><ele>141</ele></trkpt>
<trkpt lat="48.78599" lon="3.85182"><ele>141</ele></trkpt>
<trkpt lat="48.78596" lon="3.85162"><ele>141</ele></trkpt>
<trkpt lat="48.78657" lon="3.84680"><ele>141</ele></trkpt>
<trkpt lat="48.78668" lon="3.84634"><ele>142</ele></trkpt>
<trkpt lat="48.78801" lon="3.84222"><ele>143</ele></trkpt>
<trkpt lat="48.78337" lon="3.83088"><ele>154</ele></trkpt>
<trkpt lat="48.78232" lon="3.83149"><ele>153</ele></trkpt>
<trkpt lat="48.78171" lon="3.82993"><ele>148</ele></trkpt>
<trkpt lat="48.77796" lon="3.81992"><ele>147</ele></trkpt>
<trkpt lat="48.77565" lon="3.81875"><ele>149</ele></trkpt>
<trkpt lat="48.77493" lon="3.81814"><ele>150</ele></trkpt>
<trkpt lat="48.77459" lon="3.81769"><ele>150</ele></trkpt>
<trkpt lat="48.76676" lon="3.80552"><ele>192</ele></trkpt>
<trkpt lat="48.76661" lon="3.80518"><ele>194</ele></trkpt>
<trkpt lat="48.76651" lon="3.80417"><ele>198</ele></trkpt>
<trkpt lat="48.76631" lon="3.80384"><ele>203</ele></trkpt>
<trkpt lat="48.76609" lon="3.80367"><ele>207</ele></trkpt>
<trkpt lat="48.76584" lon="3.80373"><ele>208</ele></trkpt>
<trkpt lat="48.76518" lon="3.80418"><ele>208</ele></trkpt>
<trkpt lat="48.76472" lon="3.80439"><ele>210</ele></trkpt>
<trkpt lat="48.76438" lon="3.80436"><ele>216</ele></trkpt>
<trkpt lat="48.76266" lon="3.80376"><ele>225</ele></trkpt>
<trkpt lat="48.76252" lon="3.80364"><ele>223</ele></trkpt>
<trkpt lat="48.76192" lon="3.80273"><ele>219</ele></trkpt>
<trkpt lat="48.76141" lon="3.80164"><ele>219</ele></trkpt>
<trkpt lat="48.76105" lon="3.80071"><ele>220</ele></trkpt>
<trkpt lat="48.76086" lon="3.79956"><ele>219</ele></trkpt>
<trkpt lat="48.76074" lon="3.79963"><ele>219</ele></trkpt>
<trkpt lat="48.76063" lon="3.79976"><ele>218</ele></trkpt>
<trkpt lat="48.76038" lon="3.80014"><ele>213</ele></trkpt>
<trkpt lat="48.76030" lon="3.80048"><ele>207</ele></trkpt>
<trkpt lat="48.76024" lon="3.80106"><ele>202</ele></trkpt>
<trkpt lat="48.76039" lon="3.80259"><ele>187</ele></trkpt>
<trkpt lat="48.76040" lon="3.80294"><ele>184</ele></trkpt>
<trkpt lat="48.76023" lon="3.80335"><ele>182</ele></trkpt>
<trkpt lat="48.75974" lon="3.80374"><ele>180</ele></trkpt>
<trkpt lat="48.75919" lon="3.80402"><ele>178</ele></trkpt>
<trkpt lat="48.75916" lon="3.80387"><ele>177</ele></trkpt>
<trkpt lat="48.75841" lon="3.80309"><ele>168</ele></trkpt>
<trkpt lat="48.75790" lon="3.80231"><ele>166</ele></trkpt>
<trkpt lat="48.75775" lon="3.80224"><ele>166</ele></trkpt>
<trkpt lat="48.75765" lon="3.80226"><ele>165</ele></trkpt>
<trkpt lat="48.75700" lon="3.80281"><ele>160</ele></trkpt>
<trkpt lat="48.75673" lon="3.80244"><ele>160</ele></trkpt>
<trkpt lat="48.75637" lon="3.80206"><ele>160</ele></trkpt>
<trkpt lat="48.75613" lon="3.80156"><ele>160</ele></trkpt>
<trkpt lat="48.75524" lon="3.80017"><ele>159</ele></trkpt>
<trkpt lat="48.75470" lon="3.79958"><ele>159</ele></trkpt>
<trkpt lat="48.75424" lon="3.79870"><ele>158</ele></trkpt>
<trkpt lat="48.75365" lon="3.79791"><ele>155</ele></trkpt>
<trkpt lat="48.75225" lon="3.79553"><ele>152</ele></trkpt>
<trkpt lat="48.74960" lon="3.79039"><ele>141</ele></trkpt>
<trkpt lat="48.74903" lon="3.78919"><ele>138</ele></trkpt>
<trkpt lat="48.74441" lon="3.78002"><ele>127</ele></trkpt>
<trkpt lat="48.74391" lon="3.77994"><ele>130</ele></trkpt>
<trkpt lat="48.74367" lon="3.77970"><ele>132</ele></trkpt>
<trkpt lat="48.74326" lon="3.77877"><ele>130</ele></trkpt>
<trkpt lat="48.74245" lon="3.77736"><ele>130</ele></trkpt>
<trkpt lat="48.74240" lon="3.77717"><ele>130</ele></trkpt>
<trkpt lat="48.74229" lon="3.77705"><ele>130</ele></trkpt>
<trkpt lat="48.74181" lon="3.77620"><ele>132</ele></trkpt>
<trkpt lat="48.74132" lon="3.77547"><ele>134</ele></trkpt>
<trkpt lat="48.74129" lon="3.77529"><ele>135</ele></trkpt>
<trkpt lat="48.74133" lon="3.77510"><ele>135</ele></trkpt>
<trkpt lat="48.74160" lon="3.77462"><ele>136</ele></trkpt>
<trkpt lat="48.74231" lon="3.77358"><ele>134</ele></trkpt>
<trkpt lat="48.74187" lon="3.77258"><ele>137</ele></trkpt>
<trkpt lat="48.73927" lon="3.76700"><ele>159</ele></trkpt>
<trkpt lat="48.73919" lon="3.76587"><ele>160</ele></trkpt>
<trkpt lat="48.73886" lon="3.76468"><ele>164</ele></trkpt>
<trkpt lat="48.73841" lon="3.76374"><ele>167</ele></trkpt>
<trkpt lat="48.73705" lon="3.76150"><ele>167</ele></trkpt>
<trkpt lat="48.73404" lon="3.76067"><ele>155</ele></trkpt>
<trkpt lat="48.73306" lon="3.75917"><ele>155</ele></trkpt>
<trkpt lat="48.73367" lon="3.75757"><ele>164</ele></trkpt>
<trkpt lat="48.73283" lon="3.75567"><ele>159</ele></trkpt>
<trkpt lat="48.73255" lon="3.75515"><ele>162</ele></trkpt>
<trkpt lat="48.73212" lon="3.75450"><ele>166</ele></trkpt>
<trkpt lat="48.72900" lon="3.74461"><ele>162</ele></trkpt>
<trkpt lat="48.72777" lon="3.74187"><ele>146</ele></trkpt>
<trkpt lat="48.72730" lon="3.73955"><ele>135</ele></trkpt>
<trkpt lat="48.72775" lon="3.73408"><ele>134</ele></trkpt>
<trkpt lat="48.72844" lon="3.73320"><ele>136</ele></trkpt>
<trkpt lat="48.72915" lon="3.73207"><ele>141</ele></trkpt>
<trkpt lat="48.72930" lon="3.73189"><ele>142</ele></trkpt>
<trkpt lat="48.72951" lon="3.73143"><ele>144</ele></trkpt>
<trkpt lat="48.72991" lon="3.73081"><ele>149</ele></trkpt>
<trkpt lat="48.72910" lon="3.72988"><ele>147</ele></trkpt>
<trkpt lat="48.72803" lon="3.72879"><ele>143</ele></trkpt>
<trkpt lat="48.72780" lon="3.72851"><ele>142</ele></trkpt>
<trkpt lat="48.72697" lon="3.72687"><ele>132</ele></trkpt>
<trkpt lat="48.72678" lon="3.72665"><ele>130</ele></trkpt>
<trkpt lat="48.72657" lon="3.72650"><ele>128</ele></trkpt>
<trkpt lat="48.72661" lon="3.72639"><ele>128</ele></trkpt>
<trkpt lat="48.72653" lon="3.72629"><ele>127</ele></trkpt>
<trkpt lat="48.72639" lon="3.72616"><ele>127</ele></trkpt>
<trkpt lat="48.72579" lon="3.72583"><ele>126</ele></trkpt>
<trkpt lat="48.72561" lon="3.72566"><ele>126</ele></trkpt>
<trkpt lat="48.72525" lon="3.72512"><ele>128</ele></trkpt>
<trkpt lat="48.72525" lon="3.72465"><ele>129</ele></trkpt>
<trkpt lat="48.72512" lon="3.72438"><ele>131</ele></trkpt>
<trkpt lat="48.72425" lon="3.72353"><ele>139</ele></trkpt>
<trkpt lat="48.72403" lon="3.72313"><ele>140</ele></trkpt>
<trkpt lat="48.72396" lon="3.72306"><ele>139</ele></trkpt>
<trkpt lat="48.72354" lon="3.72286"><ele>136</ele></trkpt>
<trkpt lat="48.72358" lon="3.72237"><ele>137</ele></trkpt>
<trkpt lat="48.72354" lon="3.72185"><ele>138</ele></trkpt>
<trkpt lat="48.72294" lon="3.72187"><ele>136</ele></trkpt>
<trkpt lat="48.72192" lon="3.72143"><ele>135</ele></trkpt>
<trkpt lat="48.72183" lon="3.72142"><ele>135</ele></trkpt>
<trkpt lat="48.72167" lon="3.72157"><ele>134</ele></trkpt>
<trkpt lat="48.72135" lon="3.72196"><ele>134</ele></trkpt>
<trkpt lat="48.72116" lon="3.72103"><ele>137</ele></trkpt>
<trkpt lat="48.72115" lon="3.72085"><ele>138</ele></trkpt>
<trkpt lat="48.72107" lon="3.72073"><ele>138</ele></trkpt>
<trkpt lat="48.72069" lon="3.71995"><ele>142</ele></trkpt>
<trkpt lat="48.72111" lon="3.71947"><ele>142</ele></trkpt>
<trkpt lat="48.72100" lon="3.71925"><ele>143</ele></trkpt>
<trkpt lat="48.72111" lon="3.71947"><ele>142</ele></trkpt>
<trkpt lat="48.72069" lon="3.71995"><ele>142</ele></trkpt>
<trkpt lat="48.71835" lon="3.72173"><ele>139</ele></trkpt>
<trkpt lat="48.71639" lon="3.72331"><ele>134</ele></trkpt>
<trkpt lat="48.71619" lon="3.72350"><ele>132</ele></trkpt>
<trkpt lat="48.71560" lon="3.72425"><ele>127</ele></trkpt>
<trkpt lat="48.71547" lon="3.72430"><ele>126</ele></trkpt>
<trkpt lat="48.71422" lon="3.72440"><ele>125</ele></trkpt>
<trkpt lat="48.71531" lon="3.72756"><ele>123</ele></trkpt>
<trkpt lat="48.70778" lon="3.73470"><ele>114</ele></trkpt>
<trkpt lat="48.70669" lon="3.73577"><ele>112</ele></trkpt>
<trkpt lat="48.70632" lon="3.73622"><ele>112</ele></trkpt>
<trkpt lat="48.70586" lon="3.73670"><ele>111</ele></trkpt>
<trkpt lat="48.70557" lon="3.73674"><ele>112</ele></trkpt>
<trkpt lat="48.70544" lon="3.73684"><ele>112</ele></trkpt>
<trkpt lat="48.70537" lon="3.73707"><ele>111</ele></trkpt>
<trkpt lat="48.70537" lon="3.73719"><ele>112</ele></trkpt>
<trkpt lat="48.70544" lon="3.73741"><ele>112</ele></trkpt>
<trkpt lat="48.70557" lon="3.73751"><ele>112</ele></trkpt>
<trkpt lat="48.70590" lon="3.73744"><ele>111</ele></trkpt>
<trkpt lat="48.70615" lon="3.73753"><ele>111</ele></trkpt>
<trkpt lat="48.70698" lon="3.73814"><ele>111</ele></trkpt>
<trkpt lat="48.70709" lon="3.73852"><ele>110</ele></trkpt>
<trkpt lat="48.70707" lon="3.73864"><ele>110</ele></trkpt>
<trkpt lat="48.70552" lon="3.73994"><ele>109</ele></trkpt>
<trkpt lat="48.70062" lon="3.74785"><ele>107</ele></trkpt>
<trkpt lat="48.70018" lon="3.74877"><ele>106</ele></trkpt>
<trkpt lat="48.69913" lon="3.75054"><ele>106</ele></trkpt>
<trkpt lat="48.69808" lon="3.75321"><ele>105</ele></trkpt>
<trkpt lat="48.69318" lon="3.75566"><ele>103</ele></trkpt>
<trkpt lat="48.69125" lon="3.75443"><ele>103</ele></trkpt>
<trkpt lat="48.69001" lon="3.75602"><ele>103</ele></trkpt>
<trkpt lat="48.68989" lon="3.75612"><ele>103</ele></trkpt>
<trkpt lat="48.68962" lon="3.75617"><ele>103</ele></trkpt>
<trkpt lat="48.68901" lon="3.75608"><ele>103</ele></trkpt>
<trkpt lat="48.68872" lon="3.75658"><ele>102</ele></trkpt>
<trkpt lat="48.68859" lon="3.75697"><ele>102</ele></trkpt>
<trkpt lat="48.68836" lon="3.75815"><ele>102</ele></trkpt>
<trkpt lat="48.68829" lon="3.75917"><ele>102</ele></trkpt>
<trkpt lat="48.68812" lon="3.75978"><ele>103</ele></trkpt>
<trkpt lat="48.68791" lon="3.75983"><ele>103</ele></trkpt>
<trkpt lat="48.68445" lon="3.76468"><ele>101</ele></trkpt>
<trkpt lat="48.68124" lon="3.76670"><ele>109</ele></trkpt>
<trkpt lat="48.68097" lon="3.76690"><ele>110</ele></trkpt>
<trkpt lat="48.68078" lon="3.76712"><ele>110</ele></trkpt>
<trkpt lat="48.68047" lon="3.76762"><ele>108</ele></trkpt>
<trkpt lat="48.66753" lon="3.79367"><ele>100</ele></trkpt>
<trkpt lat="48.66575" lon="3.79751"><ele>101</ele></trkpt>
<trkpt lat="48.66297" lon="3.80425"><ele>103</ele></trkpt>
<trkpt lat="48.66225" lon="3.80407"><ele>103</ele></trkpt>
<trkpt lat="48.66149" lon="3.80409"><ele>103</ele></trkpt>
<trkpt lat="48.66077" lon="3.80425"><ele>104</ele></trkpt>
<trkpt lat="48.66010" lon="3.80460"><ele>104</ele></trkpt>
<trkpt lat="48.65950" lon="3.80509"><ele>104</ele></trkpt>
<trkpt lat="48.65903" lon="3.80560"><ele>105</ele></trkpt>
<trkpt lat="48.65859" lon="3.80628"><ele>106</ele></trkpt>
<trkpt lat="48.65819" lon="3.80700"><ele>106</ele></trkpt>
<trkpt lat="48.65782" lon="3.80799"><ele>106</ele></trkpt>
<trkpt lat="48.65744" lon="3.80937"><ele>105</ele></trkpt>
<trkpt lat="48.65600" lon="3.81500"><ele>100</ele></trkpt>
<trkpt lat="48.65567" lon="3.81603"><ele>99</ele></trkpt>
<trkpt lat="48.65527" lon="3.81701"><ele>98</ele></trkpt>
<trkpt lat="48.65467" lon="3.81820"><ele>96</ele></trkpt>
<trkpt lat="48.65404" lon="3.81920"><ele>94</ele></trkpt>
<trkpt lat="48.64695" lon="3.81191"><ele>90</ele></trkpt>
<trkpt lat="48.64684" lon="3.81190"><ele>90</ele></trkpt>
<trkpt lat="48.64675" lon="3.81197"><ele>90</ele></trkpt>
<trkpt lat="48.64631" lon="3.81274"><ele>90</ele></trkpt>
<trkpt lat="48.64643" lon="3.81281"><ele>90</ele></trkpt>
<trkpt lat="48.64646" lon="3.81293"><ele>90</ele></trkpt>
<trkpt lat="48.64274" lon="3.82363"><ele>85</ele></trkpt>
<trkpt lat="48.63461" lon="3.82000"><ele>82</ele></trkpt>
<trkpt lat="48.63209" lon="3.82736"><ele>79</ele></trkpt>
<trkpt lat="48.63014" lon="3.82603"><ele>78</ele></trkpt>
<trkpt lat="48.62940" lon="3.82542"><ele>78</ele></trkpt>
<trkpt lat="48.62784" lon="3.82462"><ele>79</ele></trkpt>
<trkpt lat="48.62598" lon="3.82329"><ele>78</ele></trkpt>
<trkpt lat="48.62570" lon="3.82301"><ele>78</ele></trkpt>
<trkpt lat="48.62424" lon="3.82010"><ele>79</ele></trkpt>
<trkpt lat="48.61742" lon="3.80454"><ele>81</ele></trkpt>
<trkpt lat="48.61703" lon="3.80382"><ele>81</ele></trkpt>
<trkpt lat="48.61592" lon="3.80213"><ele>79</ele></trkpt>
<trkpt lat="48.61185" lon="3.79655"><ele>78</ele></trkpt>
<trkpt lat="48.60866" lon="3.79198"><ele>76</ele></trkpt>
<trkpt lat="48.60811" lon="3.79092"><ele>76</ele></trkpt>
<trkpt lat="48.60704" lon="3.78926"><ele>76</ele></trkpt>
<trkpt lat="48.60605" lon="3.78816"><ele>77</ele></trkpt>
<trkpt lat="48.60568" lon="3.78765"><ele>77</ele></trkpt>
<trkpt lat="48.60507" lon="3.78715"><ele>77</ele></trkpt>
<trkpt lat="48.60479" lon="3.78709"><ele>77</ele></trkpt>
<trkpt lat="48.60446" lon="3.78727"><ele>77</ele></trkpt>
<trkpt lat="48.60391" lon="3.78672"><ele>76</ele></trkpt>
<trkpt lat="48.60377" lon="3.78666"><ele>76</ele></trkpt>
<trkpt lat="48.60368" lon="3.78672"><ele>76</ele></trkpt>
<trkpt lat="48.60260" lon="3.78784"><ele>77</ele></trkpt>
<trkpt lat="48.60187" lon="3.78877"><ele>76</ele></trkpt>
<trkpt lat="48.60176" lon="3.78889"><ele>76</ele></trkpt>
<trkpt lat="48.60156" lon="3.78895"><ele>76</ele></trkpt>
<trkpt lat="48.59731" lon="3.78786"><ele>76</ele></trkpt>
<trkpt lat="48.59722" lon="3.78781"><ele>76</ele></trkpt>
<trkpt lat="48.59476" lon="3.78378"><ele>76</ele></trkpt>
<trkpt lat="48.59389" lon="3.78506"><ele>75</ele></trkpt>
<trkpt lat="48.59317" lon="3.78522"><ele>76</ele></trkpt>
<trkpt lat="48.59290" lon="3.78544"><ele>76</ele></trkpt>
<trkpt lat="48.59266" lon="3.78581"><ele>76</ele></trkpt>
<trkpt lat="48.58907" lon="3.77862"><ele>81</ele></trkpt>
<trkpt lat="48.58776" lon="3.78003"><ele>83</ele></trkpt>
<trkpt lat="48.58572" lon="3.77380"><ele>90</ele></trkpt>
<trkpt lat="48.58461" lon="3.77468"><ele>91</ele></trkpt>
<trkpt lat="48.58058" lon="3.77714"><ele>93</ele></trkpt>
<trkpt lat="48.57976" lon="3.77397"><ele>86</ele></trkpt>
<trkpt lat="48.57826" lon="3.77489"><ele>82</ele></trkpt>
<trkpt lat="48.57556" lon="3.77593"><ele>83</ele></trkpt>
<trkpt lat="48.57563" lon="3.77655"><ele>82</ele></trkpt>
<trkpt lat="48.57278" lon="3.77862"><ele>73</ele></trkpt>
<trkpt lat="48.57244" lon="3.77873"><ele>72</ele></trkpt>
<trkpt lat="48.56560" lon="3.77862"><ele>73</ele></trkpt>
<trkpt lat="48.56286" lon="3.77853"><ele>74</ele></trkpt>
<trkpt lat="48.56274" lon="3.77858"><ele>74</ele></trkpt>
<trkpt lat="48.56260" lon="3.77890"><ele>74</ele></trkpt>
<trkpt lat="48.56235" lon="3.77871"><ele>74</ele></trkpt>
<trkpt lat="48.56192" lon="3.77854"><ele>74</ele></trkpt>
<trkpt lat="48.56087" lon="3.77852"><ele>74</ele></trkpt>
<trkpt lat="48.56083" lon="3.77869"><ele>74</ele></trkpt>
<trkpt lat="48.56059" lon="3.77929"><ele>73</ele></trkpt>
<trkpt lat="48.56045" lon="3.77953"><ele>72</ele></trkpt>
<trkpt lat="48.56008" lon="3.77996"><ele>73</ele></trkpt>
<trkpt lat="48.55965" lon="3.78062"><ele>73</ele></trkpt>
<trkpt lat="48.55853" lon="3.78162"><ele>74</ele></trkpt>
<trkpt lat="48.55604" lon="3.77868"><ele>74</ele></trkpt>
<trkpt lat="48.55519" lon="3.77788"><ele>74</ele></trkpt>
<trkpt lat="48.55429" lon="3.77728"><ele>74</ele></trkpt>
<trkpt lat="48.55015" lon="3.77490"><ele>75</ele></trkpt>
<trkpt lat="48.54754" lon="3.76748"><ele>74</ele></trkpt>
<trkpt lat="48.54789" lon="3.76674"><ele>74</ele></trkpt>
<trkpt lat="48.54791" lon="3.76655"><ele>74</ele></trkpt>
<trkpt lat="48.54779" lon="3.76587"><ele>74</ele></trkpt>
<trkpt lat="48.54777" lon="3.76532"><ele>74</ele></trkpt>
<trkpt lat="48.54778" lon="3.76511"><ele>74</ele></trkpt>
<trkpt lat="48.54738" lon="3.76499"><ele>74</ele></trkpt>
<trkpt lat="48.54733" lon="3.76355"><ele>73</ele></trkpt>
<trkpt lat="48.54700" lon="3.76198"><ele>74</ele></trkpt>
<trkpt lat="48.54700" lon="3.76134"><ele>74</ele></trkpt>
<trkpt lat="48.54664" lon="3.75999"><ele>74</ele></trkpt>
<trkpt lat="48.54602" lon="3.76021"><ele>74</ele></trkpt>
<trkpt lat="48.54575" lon="3.76024"><ele>74</ele></trkpt>
<trkpt lat="48.54534" lon="3.76025"><ele>73</ele></trkpt>
<trkpt lat="48.54503" lon="3.76012"><ele>73</ele></trkpt>
<trkpt lat="48.54490" lon="3.76014"><ele>72</ele></trkpt>
<trkpt lat="48.54474" lon="3.76036"><ele>72</ele></trkpt>
<trkpt lat="48.54422" lon="3.75966"><ele>73</ele></trkpt>
<trkpt lat="48.54299" lon="3.75781"><ele>74</ele></trkpt>
<trkpt lat="48.54239" lon="3.75699"><ele>73</ele></trkpt>
<trkpt lat="48.54008" lon="3.75287"><ele>74</ele></trkpt>
<trkpt lat="48.53978" lon="3.75241"><ele>73</ele></trkpt>
<trkpt lat="48.53934" lon="3.75187"><ele>73</ele></trkpt>
<trkpt lat="48.53898" lon="3.75152"><ele>73</ele></trkpt>
<trkpt lat="48.53853" lon="3.75116"><ele>73</ele></trkpt>
<trkpt lat="48.53767" lon="3.75074"><ele>73</ele></trkpt>
<trkpt lat="48.53639" lon="3.75031"><ele>74</ele></trkpt>
<trkpt lat="48.53277" lon="3.74941"><ele>74</ele></trkpt>
<trkpt lat="48.53215" lon="3.74921"><ele>73</ele></trkpt>
<trkpt lat="48.53150" lon="3.74876"><ele>74</ele></trkpt>
<trkpt lat="48.53117" lon="3.74839"><ele>74</ele></trkpt>
<trkpt lat="48.53085" lon="3.74780"><ele>74</ele></trkpt>
<trkpt lat="48.53064" lon="3.74705"><ele>73</ele></trkpt>
<trkpt lat="48.52968" lon="3.74859"><ele>73</ele></trkpt>
<trkpt lat="48.52643" lon="3.74434"><ele>73</ele></trkpt>
<trkpt lat="48.52002" lon="3.73613"><ele>73</ele></trkpt>
<trkpt lat="48.51912" lon="3.73491"><ele>73</ele></trkpt>
<trkpt lat="48.51881" lon="3.73456"><ele>73</ele></trkpt>
<trkpt lat="48.51849" lon="3.73410"><ele>73</ele></trkpt>
<trkpt lat="48.51902" lon="3.73294"><ele>73</ele></trkpt>
<trkpt lat="48.51729" lon="3.73143"><ele>73</ele></trkpt>
<trkpt lat="48.51729" lon="3.73136"><ele>73</ele></trkpt>
<trkpt lat="48.51713" lon="3.73121"><ele>73</ele></trkpt>
<trkpt lat="48.51707" lon="3.73125"><ele>73</ele></trkpt>
<trkpt lat="48.51587" lon="3.73017"><ele>75</ele></trkpt>
<trkpt lat="48.51358" lon="3.73351"><ele>75</ele></trkpt>
<trkpt lat="48.51381" lon="3.73358"><ele>74</ele></trkpt>
<trkpt lat="48.51388" lon="3.73389"><ele>74</ele></trkpt>
<trkpt lat="48.51411" lon="3.73448"><ele>74</ele></trkpt>
<trkpt lat="48.51312" lon="3.73525"><ele>73</ele></trkpt>
<trkpt lat="48.51275" lon="3.73549"><ele>73</ele></trkpt>
<trkpt lat="48.51262" lon="3.73564"><ele>73</ele></trkpt>
<trkpt lat="48.51089" lon="3.74017"><ele>75</ele></trkpt>
<trkpt lat="48.51073" lon="3.74055"><ele>75</ele></trkpt>
<trkpt lat="48.51047" lon="3.74105"><ele>75</ele></trkpt>
<trkpt lat="48.51032" lon="3.74119"><ele>74</ele></trkpt>
<trkpt lat="48.51009" lon="3.74126"><ele>74</ele></trkpt>
<trkpt lat="48.50898" lon="3.74086"><ele>76</ele></trkpt>
<trkpt lat="48.50801" lon="3.74042"><ele>77</ele></trkpt>
<trkpt lat="48.50729" lon="3.74472"><ele>76</ele></trkpt>
<trkpt lat="48.50714" lon="3.74468"><ele>77</ele></trkpt>
<trkpt lat="48.50688" lon="3.74505"><ele>77</ele></trkpt>
<trkpt lat="48.50680" lon="3.74509"><ele>76</ele></trkpt>
<trkpt lat="48.50627" lon="3.74514"><ele>76</ele></trkpt>
<trkpt lat="48.50627" lon="3.74528"><ele>76</ele></trkpt>
<trkpt lat="48.50621" lon="3.74542"><ele>76</ele></trkpt>
<trkpt lat="48.50604" lon="3.74642"><ele>77</ele></trkpt>
<trkpt lat="48.50565" lon="3.74782"><ele>77</ele></trkpt>
<trkpt lat="48.50503" lon="3.75164"><ele>76</ele></trkpt>
<trkpt lat="48.50490" lon="3.75163"><ele>76</ele></trkpt>
<trkpt lat="48.50478" lon="3.75172"><ele>76</ele></trkpt>
<trkpt lat="48.50475" lon="3.75190"><ele>76</ele></trkpt>
<trkpt lat="48.50482" lon="3.75209"><ele>76</ele></trkpt>
<trkpt lat="48.50442" lon="3.75450"><ele>75</ele></trkpt>
<trkpt lat="48.50423" lon="3.75520"><ele>76</ele></trkpt>
<trkpt lat="48.50415" lon="3.75524"><ele>76</ele></trkpt>
<trkpt lat="48.50408" lon="3.75534"><ele>76</ele></trkpt>
<trkpt lat="48.50406" lon="3.75548"><ele>76</ele></trkpt>
<trkpt lat="48.50408" lon="3.75562"><ele>76</ele></trkpt>
<trkpt lat="48.50388" lon="3.75632"><ele>76</ele></trkpt>
<trkpt lat="48.50377" lon="3.75699"><ele>76</ele></trkpt>
<trkpt lat="48.50374" lon="3.75772"><ele>76</ele></trkpt>
<trkpt lat="48.50364" lon="3.75797"><ele>76</ele></trkpt>
<trkpt lat="48.50366" lon="3.75808"><ele>76</ele></trkpt>
<trkpt lat="48.50377" lon="3.75828"><ele>76</ele></trkpt>
<trkpt lat="48.50370" lon="3.75903"><ele>76</ele></trkpt>
<trkpt lat="48.50375" lon="3.75906"><ele>76</ele></trkpt>
<trkpt lat="48.50325" lon="3.76207"><ele>77</ele></trkpt>
<trkpt lat="48.50319" lon="3.76209"><ele>77</ele></trkpt>
<trkpt lat="48.50317" lon="3.76215"><ele>77</ele></trkpt>
<trkpt lat="48.50322" lon="3.76228"><ele>77</ele></trkpt>
<trkpt lat="48.50328" lon="3.76227"><ele>77</ele></trkpt>
<trkpt lat="48.50331" lon="3.76220"><ele>77</ele></trkpt>
<trkpt lat="48.50391" lon="3.76242"><ele>78</ele></trkpt>
<trkpt lat="48.50411" lon="3.76263"><ele>78</ele></trkpt>
<trkpt lat="48.50416" lon="3.76278"><ele>79</ele></trkpt>
<trkpt lat="48.50424" lon="3.76284"><ele>78</ele></trkpt>
<trkpt lat="48.50433" lon="3.76284"><ele>78</ele></trkpt>
<trkpt lat="48.50443" lon="3.76274"><ele>78</ele></trkpt>
<trkpt lat="48.50456" lon="3.76274"><ele>78</ele></trkpt>
<trkpt lat="48.50516" lon="3.76294"><ele>76</ele></trkpt>
<trkpt lat="48.50536" lon="3.76323"><ele>76</ele></trkpt>
<trkpt lat="48.50527" lon="3.76374"><ele>76</ele></trkpt>
<trkpt lat="48.50517" lon="3.76377"><ele>76</ele></trkpt>
<trkpt lat="48.50514" lon="3.76387"><ele>76</ele></trkpt>
<trkpt lat="48.50453" lon="3.76360"><ele>76</ele></trkpt>
<trkpt lat="48.50438" lon="3.76371"><ele>76</ele></trkpt>
<trkpt lat="48.50415" lon="3.76507"><ele>76</ele></trkpt>
<trkpt lat="48.50422" lon="3.76523"><ele>76</ele></trkpt>
<trkpt lat="48.50393" lon="3.76694"><ele>76</ele></trkpt>
<trkpt lat="48.50387" lon="3.76697"><ele>76</ele></trkpt>
<trkpt lat="48.50383" lon="3.76746"><ele>76</ele></trkpt>
<trkpt lat="48.50537" lon="3.76825"><ele>76</ele></trkpt>
<trkpt lat="48.50426" lon="3.77067"><ele>76</ele></trkpt>
<trkpt lat="48.50379" lon="3.77196"><ele>75</ele></trkpt>
<trkpt lat="48.50345" lon="3.77278"><ele>76</ele></trkpt>
<trkpt lat="48.50316" lon="3.77336"><ele>76</ele></trkpt>
<trkpt lat="48.50307" lon="3.77346"><ele>76</ele></trkpt>
<trkpt lat="48.50301" lon="3.77419"><ele>76</ele></trkpt>
<trkpt lat="48.50289" lon="3.77489"><ele>76</ele></trkpt>
<trkpt lat="48.50394" lon="3.77481"><ele>75</ele></trkpt>
<trkpt lat="48.50423" lon="3.77491"><ele>75</ele></trkpt>
<trkpt lat="48.50437" lon="3.77504"><ele>75</ele></trkpt>
<trkpt lat="48.50443" lon="3.77522"><ele>75</ele></trkpt>
<trkpt lat="48.50442" lon="3.77612"><ele>75</ele></trkpt>
<trkpt lat="48.50412" lon="3.77695"><ele>76</ele></trkpt>
<trkpt lat="48.50410" lon="3.77711"><ele>75</ele></trkpt>
<trkpt lat="48.50415" lon="3.77758"><ele>76</ele></trkpt>
<trkpt lat="48.50406" lon="3.77835"><ele>76</ele></trkpt>
<trkpt lat="48.50317" lon="3.77800"><ele>76</ele></trkpt>
<trkpt lat="48.50283" lon="3.77894"><ele>76</ele></trkpt>
<trkpt lat="48.50228" lon="3.78008"><ele>76</ele></trkpt>
<trkpt lat="48.50216" lon="3.78026"><ele>76</ele></trkpt>
<trkpt lat="48.50232" lon="3.78092"><ele>76</ele></trkpt>
<trkpt lat="48.50183" lon="3.78122"><ele>76</ele></trkpt>
<trkpt lat="48.50161" lon="3.78124"><ele>77</ele></trkpt>
<trkpt lat="48.50127" lon="3.78118"><ele>78</ele></trkpt>
<trkpt lat="48.50121" lon="3.78437"><ele>79</ele></trkpt>
<trkpt lat="48.50044" lon="3.78403"><ele>78</ele></trkpt>
<trkpt lat="48.50002" lon="3.78389"><ele>78</ele></trkpt>
<trkpt lat="48.49856" lon="3.78356"><ele>79</ele></trkpt>
<trkpt lat="48.49704" lon="3.78330"><ele>80</ele></trkpt>
<trkpt lat="48.49502" lon="3.79314"><ele>82</ele></trkpt>
<trkpt lat="48.49458" lon="3.79517"><ele>82</ele></trkpt>
<trkpt lat="48.49295" lon="3.80309"><ele>84</ele></trkpt>
<trkpt lat="48.49244" lon="3.80542"><ele>85</ele></trkpt>
<trkpt lat="48.49241" lon="3.80569"><ele>85</ele></trkpt>
<trkpt lat="48.49238" lon="3.80700"><ele>84</ele></trkpt>
<trkpt lat="48.49209" lon="3.81289"><ele>86</ele></trkpt>
<trkpt lat="48.49581" lon="3.81497"><ele>86</ele></trkpt>
<trkpt lat="48.49950" lon="3.81733"><ele>84</ele></trkpt>
<trkpt lat="48.49957" lon="3.81753"><ele>85</ele></trkpt>
<trkpt lat="48.49959" lon="3.81783"><ele>86</ele></trkpt>
<trkpt lat="48.49952" lon="3.81853"><ele>86</ele></trkpt>
<trkpt lat="48.49948" lon="3.81875"><ele>86</ele></trkpt>
<trkpt lat="48.49938" lon="3.81899"><ele>87</ele></trkpt>
<trkpt lat="48.49939" lon="3.81917"><ele>87</ele></trkpt>
<trkpt lat="48.49949" lon="3.81928"><ele>87</ele></trkpt>
<trkpt lat="48.49967" lon="3.81932"><ele>87</ele></trkpt>
<trkpt lat="48.49973" lon="3.81948"><ele>87</ele></trkpt>
<trkpt lat="48.49967" lon="3.82063"><ele>86</ele></trkpt>
<trkpt lat="48.49970" lon="3.82080"><ele>86</ele></trkpt>
<trkpt lat="48.49963" lon="3.82099"><ele>86</ele></trkpt>
<trkpt lat="48.49956" lon="3.82274"><ele>87</ele></trkpt>
<trkpt lat="48.49953" lon="3.83136"><ele>86</ele></trkpt>
<trkpt lat="48.49948" lon="3.83425"><ele>86</ele></trkpt>
<trkpt lat="48.49947" lon="3.83727"><ele>85</ele></trkpt>
<trkpt lat="48.49944" lon="3.83746"><ele>85</ele></trkpt>
<trkpt lat="48.49930" lon="3.83762"><ele>85</ele></trkpt>
<trkpt lat="48.49933" lon="3.83774"><ele>84</ele></trkpt>
<trkpt lat="48.49927" lon="3.84996"><ele>80</ele></trkpt>
<trkpt lat="48.49913" lon="3.85055"><ele>81</ele></trkpt>
<trkpt lat="48.49874" lon="3.85117"><ele>82</ele></trkpt>
<trkpt lat="48.49611" lon="3.85353"><ele>86</ele></trkpt>
<trkpt lat="48.49614" lon="3.85363"><ele>87</ele></trkpt>
<trkpt lat="48.49621" lon="3.85371"><ele>86</ele></trkpt>
<trkpt lat="48.49888" lon="3.85548"><ele>83</ele></trkpt>
<trkpt lat="48.49892" lon="3.85559"><ele>83</ele></trkpt>
<trkpt lat="48.49888" lon="3.85577"><ele>84</ele></trkpt>
<trkpt lat="48.49851" lon="3.85679"><ele>84</ele></trkpt>
<trkpt lat="48.49816" lon="3.85757"><ele>84</ele></trkpt>
<trkpt lat="48.49510" lon="3.86345"><ele>82</ele></trkpt>
<trkpt lat="48.48982" lon="3.87380"><ele>85</ele></trkpt>
<trkpt lat="48.48700" lon="3.87898"><ele>89</ele></trkpt>
<trkpt lat="48.48636" lon="3.88027"><ele>91</ele></trkpt>
<trkpt lat="48.48551" lon="3.88211"><ele>92</ele></trkpt>
<trkpt lat="48.48662" lon="3.88327"><ele>87</ele></trkpt>
<trkpt lat="48.48644" lon="3.88362"><ele>88</ele></trkpt>
<trkpt lat="48.48460" lon="3.88784"><ele>85</ele></trkpt>
<trkpt lat="48.48315" lon="3.89159"><ele>87</ele></trkpt>
<trkpt lat="48.48269" lon="3.89228"><ele>90</ele></trkpt>
<trkpt lat="48.48211" lon="3.89272"><ele>93</ele></trkpt>
<trkpt lat="48.48062" lon="3.89336"><ele>96</ele></trkpt>
<trkpt lat="48.47967" lon="3.89386"><ele>97</ele></trkpt>
<trkpt lat="48.47876" lon="3.89464"><ele>97</ele></trkpt>
<trkpt lat="48.47411" lon="3.89967"><ele>95</ele></trkpt>
<trkpt lat="48.47334" lon="3.90022"><ele>92</ele></trkpt>
<trkpt lat="48.47209" lon="3.90101"><ele>87</ele></trkpt>
<trkpt lat="48.47159" lon="3.90137"><ele>85</ele></trkpt>
<trkpt lat="48.47037" lon="3.90239"><ele>84</ele></trkpt>
<trkpt lat="48.46963" lon="3.90348"><ele>85</ele></trkpt>
<trkpt lat="48.46887" lon="3.90467"><ele>84</ele></trkpt>
<trkpt lat="48.46948" lon="3.90792"><ele>84</ele></trkpt>
<trkpt lat="48.46957" lon="3.90830"><ele>84</ele></trkpt>
<trkpt lat="48.46972" lon="3.90861"><ele>86</ele></trkpt>
<trkpt lat="48.46994" lon="3.90884"><ele>86</ele></trkpt>
<trkpt lat="48.47064" lon="3.90937"><ele>84</ele></trkpt>
<trkpt lat="48.47078" lon="3.90952"><ele>84</ele></trkpt>
<trkpt lat="48.47119" lon="3.91009"><ele>84</ele></trkpt>
<trkpt lat="48.47267" lon="3.91271"><ele>84</ele></trkpt>
<trkpt lat="48.47305" lon="3.91318"><ele>84</ele></trkpt>
<trkpt lat="48.47502" lon="3.91482"><ele>84</ele></trkpt>
<trkpt lat="48.47554" lon="3.91531"><ele>84</ele></trkpt>
<trkpt lat="48.47576" lon="3.91563"><ele>84</ele></trkpt>
<trkpt lat="48.47653" lon="3.91709"><ele>84</ele></trkpt>
<trkpt lat="48.47692" lon="3.91793"><ele>84</ele></trkpt>
<trkpt lat="48.47819" lon="3.92124"><ele>83</ele></trkpt>
<trkpt lat="48.47637" lon="3.92265"><ele>84</ele></trkpt>
<trkpt lat="48.47613" lon="3.92295"><ele>83</ele></trkpt>
<trkpt lat="48.47452" lon="3.92656"><ele>83</ele></trkpt>
<trkpt lat="48.47340" lon="3.92759"><ele>84</ele></trkpt>
<trkpt lat="48.46943" lon="3.93112"><ele>84</ele></trkpt>
<trkpt lat="48.46873" lon="3.93179"><ele>84</ele></trkpt>
<trkpt lat="48.46976" lon="3.93376"><ele>84</ele></trkpt>
<trkpt lat="48.46876" lon="3.93491"><ele>84</ele></trkpt>
<trkpt lat="48.46801" lon="3.93421"><ele>84</ele></trkpt>
<trkpt lat="48.46784" lon="3.93427"><ele>84</ele></trkpt>
<trkpt lat="48.46750" lon="3.93476"><ele>84</ele></trkpt>
<trkpt lat="48.46747" lon="3.93504"><ele>84</ele></trkpt>
<trkpt lat="48.46716" lon="3.93578"><ele>84</ele></trkpt>
<trkpt lat="48.46713" lon="3.93602"><ele>84</ele></trkpt>
<trkpt lat="48.46713" lon="3.93661"><ele>84</ele></trkpt>
<trkpt lat="48.46693" lon="3.93691"><ele>84</ele></trkpt>
<trkpt lat="48.46592" lon="3.93748"><ele>84</ele></trkpt>
<trkpt lat="48.46587" lon="3.93759"><ele>85</ele></trkpt>
<trkpt lat="48.46552" lon="3.93687"><ele>85</ele></trkpt>
<trkpt lat="48.46587" lon="3.93759"><ele>85</ele></trkpt>
<trkpt lat="48.46637" lon="3.94046"><ele>84</ele></trkpt>
<trkpt lat="48.46656" lon="3.94177"><ele>84</ele></trkpt>
<trkpt lat="48.46661" lon="3.94279"><ele>85</ele></trkpt>
<trkpt lat="48.46674" lon="3.94336"><ele>85</ele></trkpt>
<trkpt lat="48.46719" lon="3.94454"><ele>88</ele></trkpt>
<trkpt lat="48.46702" lon="3.94456"><ele>88</ele></trkpt>
<trkpt lat="48.46618" lon="3.94427"><ele>88</ele></trkpt>
<trkpt lat="48.46545" lon="3.94421"><ele>88</ele></trkpt>
<trkpt lat="48.46504" lon="3.94425"><ele>89</ele></trkpt>
<trkpt lat="48.46406" lon="3.94461"><ele>89</ele></trkpt>
<trkpt lat="48.46310" lon="3.94511"><ele>88</ele></trkpt>
<trkpt lat="48.46258" lon="3.94552"><ele>88</ele></trkpt>
<trkpt lat="48.46074" lon="3.94745"><ele>88</ele></trkpt>
<trkpt lat="48.46017" lon="3.94791"><ele>88</ele></trkpt>
<trkpt lat="48.45988" lon="3.94808"><ele>88</ele></trkpt>
<trkpt lat="48.45178" lon="3.95218"><ele>87</ele></trkpt>
<trkpt lat="48.45157" lon="3.95228"><ele>88</ele></trkpt>
<trkpt lat="48.44991" lon="3.95269"><ele>88</ele></trkpt>
<trkpt lat="48.44913" lon="3.95293"><ele>88</ele></trkpt>
<trkpt lat="48.44860" lon="3.95322"><ele>88</ele></trkpt>
<trkpt lat="48.44858" lon="3.95297"><ele>88</ele></trkpt>
<trkpt lat="48.44850" lon="3.94497"><ele>86</ele></trkpt>
<trkpt lat="48.44838" lon="3.94444"><ele>87</ele></trkpt>
<trkpt lat="48.44826" lon="3.94415"><ele>86</ele></trkpt>
<trkpt lat="48.44752" lon="3.94290"><ele>88</ele></trkpt>
<trkpt lat="48.44698" lon="3.94344"><ele>86</ele></trkpt>
<trkpt lat="48.44664" lon="3.94358"><ele>86</ele></trkpt>
<trkpt lat="48.44580" lon="3.94359"><ele>88</ele></trkpt>
<trkpt lat="48.44539" lon="3.94367"><ele>88</ele></trkpt>
<trkpt lat="48.44507" lon="3.94365"><ele>88</ele></trkpt>
<trkpt lat="48.43831" lon="3.94395"><ele>88</ele></trkpt>
<trkpt lat="48.43716" lon="3.94412"><ele>88</ele></trkpt>
<trkpt lat="48.43599" lon="3.94441"><ele>88</ele></trkpt>
<trkpt lat="48.43410" lon="3.94498"><ele>88</ele></trkpt>
<trkpt lat="48.43282" lon="3.94559"><ele>88</ele></trkpt>
<trkpt lat="48.43097" lon="3.94660"><ele>88</ele></trkpt>
<trkpt lat="48.42862" lon="3.94824"><ele>88</ele></trkpt>
<trkpt lat="48.42371" lon="3.95268"><ele>90</ele></trkpt>
<trkpt lat="48.42330" lon="3.95317"><ele>89</ele></trkpt>
<trkpt lat="48.42310" lon="3.95337"><ele>89</ele></trkpt>
<trkpt lat="48.42303" lon="3.95338"><ele>89</ele></trkpt>
<trkpt lat="48.42276" lon="3.95242"><ele>88</ele></trkpt>
<trkpt lat="48.42263" lon="3.95162"><ele>88</ele></trkpt>
<trkpt lat="48.42260" lon="3.95124"><ele>88</ele></trkpt>
<trkpt lat="48.42266" lon="3.95083"><ele>89</ele></trkpt>
<trkpt lat="48.42261" lon="3.94995"><ele>88</ele></trkpt>
<trkpt lat="48.42250" lon="3.94976"><ele>88</ele></trkpt>
<trkpt lat="48.42239" lon="3.94931"><ele>88</ele></trkpt>
<trkpt lat="48.42226" lon="3.94903"><ele>88</ele></trkpt>
<trkpt lat="48.42110" lon="3.94503"><ele>89</ele></trkpt>
<trkpt lat="48.42056" lon="3.94524"><ele>89</ele></trkpt>
<trkpt lat="48.41954" lon="3.94542"><ele>89</ele></trkpt>
<trkpt lat="48.41920" lon="3.94534"><ele>90</ele></trkpt>
<trkpt lat="48.41900" lon="3.94534"><ele>90</ele></trkpt>
<trkpt lat="48.41854" lon="3.94552"><ele>90</ele></trkpt>
<trkpt lat="48.41718" lon="3.94114"><ele>93</ele></trkpt>
<trkpt lat="48.41129" lon="3.94548"><ele>94</ele></trkpt>
<trkpt lat="48.41110" lon="3.94555"><ele>94</ele></trkpt>
<trkpt lat="48.41049" lon="3.94560"><ele>95</ele></trkpt>
<trkpt lat="48.41018" lon="3.94621"><ele>94</ele></trkpt>
<trkpt lat="48.40991" lon="3.94653"><ele>93</ele></trkpt>
<trkpt lat="48.40463" lon="3.95040"><ele>93</ele></trkpt>
<trkpt lat="48.40057" lon="3.95329"><ele>98</ele></trkpt>
<trkpt lat="48.40047" lon="3.95325"><ele>98</ele></trkpt>
<trkpt lat="48.40030" lon="3.95288"><ele>98</ele></trkpt>
<trkpt lat="48.39894" lon="3.94968"><ele>102</ele></trkpt>
<trkpt lat="48.39719" lon="3.94567"><ele>106</ele></trkpt>
<trkpt lat="48.38406" lon="3.95632"><ele>104</ele></trkpt>
<trkpt lat="48.38393" lon="3.95653"><ele>103</ele></trkpt>
<trkpt lat="48.38383" lon="3.95707"><ele>104</ele></trkpt>
<trkpt lat="48.38387" lon="3.95726"><ele>104</ele></trkpt>
<trkpt lat="48.38408" lon="3.95779"><ele>104</ele></trkpt>
<trkpt lat="48.38383" lon="3.95800"><ele>105</ele></trkpt>
<trkpt lat="48.38352" lon="3.95723"><ele>105</ele></trkpt>
<trkpt lat="48.38325" lon="3.95710"><ele>105</ele></trkpt>
<trkpt lat="48.38314" lon="3.95710"><ele>105</ele></trkpt>
<trkpt lat="48.37884" lon="3.96053"><ele>110</ele></trkpt>
<trkpt lat="48.37797" lon="3.96117"><ele>111</ele></trkpt>
<trkpt lat="48.38028" lon="3.96618"><ele>102</ele></trkpt>
<trkpt lat="48.37738" lon="3.96919"><ele>105</ele></trkpt>
<trkpt lat="48.37735" lon="3.96910"><ele>105</ele></trkpt>
<trkpt lat="48.37715" lon="3.96931"><ele>105</ele></trkpt>
<trkpt lat="48.37693" lon="3.96948"><ele>105</ele></trkpt>
<trkpt lat="48.37857" lon="3.97263"><ele>102</ele></trkpt>
<trkpt lat="48.37861" lon="3.97281"><ele>102</ele></trkpt>
<trkpt lat="48.37833" lon="3.97349"><ele>102</ele></trkpt>
<trkpt lat="48.37828" lon="3.97368"><ele>102</ele></trkpt>
<trkpt lat="48.37756" lon="3.97435"><ele>102</ele></trkpt>
<trkpt lat="48.37638" lon="3.97571"><ele>100</ele></trkpt>
<trkpt lat="48.37775" lon="3.97822"><ele>98</ele></trkpt>
<trkpt lat="48.37662" lon="3.97963"><ele>95</ele></trkpt>
<trkpt lat="48.37662" lon="3.97979"><ele>94</ele></trkpt>
<trkpt lat="48.37705" lon="3.98035"><ele>94</ele></trkpt>
<trkpt lat="48.37786" lon="3.98066"><ele>94</ele></trkpt>
<trkpt lat="48.37835" lon="3.98194"><ele>94</ele></trkpt>
<trkpt lat="48.37890" lon="3.98381"><ele>94</ele></trkpt>
<trkpt lat="48.37817" lon="3.98459"><ele>94</ele></trkpt>
<trkpt lat="48.37373" lon="3.98906"><ele>94</ele></trkpt>
<trkpt lat="48.37302" lon="3.98976"><ele>94</ele></trkpt>
<trkpt lat="48.37286" lon="3.98984"><ele>94</ele></trkpt>
<trkpt lat="48.37255" lon="3.99015"><ele>94</ele></trkpt>
<trkpt lat="48.37296" lon="3.99151"><ele>95</ele></trkpt>
<trkpt lat="48.37126" lon="3.99322"><ele>95</ele></trkpt>
<trkpt lat="48.37109" lon="3.99326"><ele>95</ele></trkpt>
<trkpt lat="48.37127" lon="3.99376"><ele>94</ele></trkpt>
<trkpt lat="48.36975" lon="3.99521"><ele>96</ele></trkpt>
<trkpt lat="48.36940" lon="3.99578"><ele>96</ele></trkpt>
<trkpt lat="48.36919" lon="3.99627"><ele>96</ele></trkpt>
<trkpt lat="48.36898" lon="3.99667"><ele>95</ele></trkpt>
<trkpt lat="48.36778" lon="3.99875"><ele>96</ele></trkpt>
<trkpt lat="48.36695" lon="4.00004"><ele>96</ele></trkpt>
<trkpt lat="48.36623" lon="4.00106"><ele>96</ele></trkpt>
<trkpt lat="48.36586" lon="4.00140"><ele>97</ele></trkpt>
<trkpt lat="48.36549" lon="4.00164"><ele>96</ele></trkpt>
<trkpt lat="48.36493" lon="4.00211"><ele>97</ele></trkpt>
<trkpt lat="48.36443" lon="4.00248"><ele>97</ele></trkpt>
<trkpt lat="48.36414" lon="4.00261"><ele>97</ele></trkpt>
<trkpt lat="48.36393" lon="4.00265"><ele>97</ele></trkpt>
<trkpt lat="48.36353" lon="4.00257"><ele>98</ele></trkpt>
<trkpt lat="48.36326" lon="4.00265"><ele>97</ele></trkpt>
<trkpt lat="48.36264" lon="4.00309"><ele>97</ele></trkpt>
<trkpt lat="48.36258" lon="4.00326"><ele>98</ele></trkpt>
<trkpt lat="48.36280" lon="4.00396"><ele>96</ele></trkpt>
<trkpt lat="48.36203" lon="4.00451"><ele>97</ele></trkpt>
<trkpt lat="48.36138" lon="4.00508"><ele>97</ele></trkpt>
<trkpt lat="48.36220" lon="4.00691"><ele>96</ele></trkpt>
<trkpt lat="48.36242" lon="4.00725"><ele>96</ele></trkpt>
<trkpt lat="48.36308" lon="4.00813"><ele>96</ele></trkpt>
<trkpt lat="48.36331" lon="4.00849"><ele>96</ele></trkpt>
<trkpt lat="48.36340" lon="4.00874"><ele>96</ele></trkpt>
<trkpt lat="48.36347" lon="4.00908"><ele>95</ele></trkpt>
<trkpt lat="48.36346" lon="4.00958"><ele>95</ele></trkpt>
<trkpt lat="48.36334" lon="4.01027"><ele>96</ele></trkpt>
<trkpt lat="48.36240" lon="4.01496"><ele>96</ele></trkpt>
<trkpt lat="48.36239" lon="4.01539"><ele>95</ele></trkpt>
<trkpt lat="48.36247" lon="4.01575"><ele>96</ele></trkpt>
<trkpt lat="48.36256" lon="4.01598"><ele>96</ele></trkpt>
<trkpt lat="48.36274" lon="4.01626"><ele>97</ele></trkpt>
<trkpt lat="48.36384" lon="4.01783"><ele>97</ele></trkpt>
<trkpt lat="48.36415" lon="4.01846"><ele>96</ele></trkpt>
<trkpt lat="48.36432" lon="4.01903"><ele>96</ele></trkpt>
<trkpt lat="48.36439" lon="4.01940"><ele>96</ele></trkpt>
<trkpt lat="48.36448" lon="4.02086"><ele>97</ele></trkpt>
<trkpt lat="48.36457" lon="4.02147"><ele>96</ele></trkpt>
<trkpt lat="48.36475" lon="4.02207"><ele>97</ele></trkpt>
<trkpt lat="48.36486" lon="4.02233"><ele>96</ele></trkpt>
<trkpt lat="48.36695" lon="4.02556"><ele>97</ele></trkpt>
<trkpt lat="48.36729" lon="4.02613"><ele>96</ele></trkpt>
<trkpt lat="48.36748" lon="4.02652"><ele>96</ele></trkpt>
<trkpt lat="48.36872" lon="4.02967"><ele>100</ele></trkpt>
<trkpt lat="48.36813" lon="4.03036"><ele>103</ele></trkpt>
<trkpt lat="48.36662" lon="4.03236"><ele>103</ele></trkpt>
<trkpt lat="48.36416" lon="4.03653"><ele>104</ele></trkpt>
<trkpt lat="48.36349" lon="4.03732"><ele>103</ele></trkpt>
<trkpt lat="48.36315" lon="4.03781"><ele>102</ele></trkpt>
<trkpt lat="48.36291" lon="4.03831"><ele>101</ele></trkpt>
<trkpt lat="48.36256" lon="4.03917"><ele>102</ele></trkpt>
<trkpt lat="48.36242" lon="4.03942"><ele>102</ele></trkpt>
<trkpt lat="48.36214" lon="4.03975"><ele>103</ele></trkpt>
<trkpt lat="48.36159" lon="4.04011"><ele>104</ele></trkpt>
<trkpt lat="48.36117" lon="4.04045"><ele>106</ele></trkpt>
<trkpt lat="48.36094" lon="4.04070"><ele>106</ele></trkpt>
<trkpt lat="48.36075" lon="4.04100"><ele>107</ele></trkpt>
<trkpt lat="48.36042" lon="4.04176"><ele>108</ele></trkpt>
<trkpt lat="48.35939" lon="4.04536"><ele>104</ele></trkpt>
<trkpt lat="48.35918" lon="4.04575"><ele>103</ele></trkpt>
<trkpt lat="48.35902" lon="4.04596"><ele>102</ele></trkpt>
<trkpt lat="48.35851" lon="4.04640"><ele>102</ele></trkpt>
<trkpt lat="48.35725" lon="4.04786"><ele>101</ele></trkpt>
<trkpt lat="48.35708" lon="4.04813"><ele>102</ele></trkpt>
<trkpt lat="48.35687" lon="4.04779"><ele>102</ele></trkpt>
<trkpt lat="48.35577" lon="4.04625"><ele>98</ele></trkpt>
<trkpt lat="48.35571" lon="4.04636"><ele>98</ele></trkpt>
<trkpt lat="48.35551" lon="4.04688"><ele>98</ele></trkpt>
<trkpt lat="48.35434" lon="4.04774"><ele>98</ele></trkpt>
<trkpt lat="48.35284" lon="4.04954"><ele>98</ele></trkpt>
<trkpt lat="48.35261" lon="4.04963"><ele>98</ele></trkpt>
<trkpt lat="48.35171" lon="4.04946"><ele>99</ele></trkpt>
<trkpt lat="48.35084" lon="4.04915"><ele>99</ele></trkpt>
<trkpt lat="48.35065" lon="4.04915"><ele>98</ele></trkpt>
<trkpt lat="48.35042" lon="4.04888"><ele>98</ele></trkpt>
<trkpt lat="48.35029" lon="4.04861"><ele>99</ele></trkpt>
<trkpt lat="48.35016" lon="4.04852"><ele>98</ele></trkpt>
<trkpt lat="48.34995" lon="4.04861"><ele>98</ele></trkpt>
<trkpt lat="48.34958" lon="4.04913"><ele>98</ele></trkpt>
<trkpt lat="48.34937" lon="4.04923"><ele>99</ele></trkpt>
<trkpt lat="48.34915" lon="4.04925"><ele>99</ele></trkpt>
<trkpt lat="48.34893" lon="4.04964"><ele>99</ele></trkpt>
<trkpt lat="48.34882" lon="4.04992"><ele>98</ele></trkpt>
<trkpt lat="48.34883" lon="4.05007"><ele>98</ele></trkpt>
<trkpt lat="48.34898" lon="4.05096"><ele>98</ele></trkpt>
<trkpt lat="48.34898" lon="4.05144"><ele>98</ele></trkpt>
<trkpt lat="48.34880" lon="4.05232"><ele>98</ele></trkpt>
<trkpt lat="48.34859" lon="4.05319"><ele>99</ele></trkpt>
<trkpt lat="48.34840" lon="4.05379"><ele>98</ele></trkpt>
<trkpt lat="48.34787" lon="4.05472"><ele>98</ele></trkpt>
<trkpt lat="48.34764" lon="4.05497"><ele>98</ele></trkpt>
<trkpt lat="48.34711" lon="4.05532"><ele>99</ele></trkpt>
<trkpt lat="48.34679" lon="4.05565"><ele>99</ele></trkpt>
<trkpt lat="48.34654" lon="4.05601"><ele>99</ele></trkpt>
<trkpt lat="48.34623" lon="4.05625"><ele>99</ele></trkpt>
<trkpt lat="48.34571" lon="4.05640"><ele>100</ele></trkpt>
<trkpt lat="48.34475" lon="4.05695"><ele>100</ele></trkpt>
<trkpt lat="48.34439" lon="4.05639"><ele>99</ele></trkpt>
<trkpt lat="48.34356" lon="4.05494"><ele>99</ele></trkpt>
<trkpt lat="48.34297" lon="4.05382"><ele>99</ele></trkpt>
<trkpt lat="48.34273" lon="4.05355"><ele>99</ele></trkpt>
<trkpt lat="48.34260" lon="4.05347"><ele>99</ele></trkpt>
<trkpt lat="48.34228" lon="4.05351"><ele>99</ele></trkpt>
<trkpt lat="48.34042" lon="4.05393"><ele>99</ele></trkpt>
<trkpt lat="48.33992" lon="4.05414"><ele>99</ele></trkpt>
<trkpt lat="48.33965" lon="4.05429"><ele>99</ele></trkpt>
<trkpt lat="48.33857" lon="4.05551"><ele>100</ele></trkpt>
<trkpt lat="48.33797" lon="4.05538"><ele>99</ele></trkpt>
<trkpt lat="48.33781" lon="4.05525"><ele>99</ele></trkpt>
<trkpt lat="48.33674" lon="4.05607"><ele>99</ele></trkpt>
<trkpt lat="48.33627" lon="4.05636"><ele>100</ele></trkpt>
<trkpt lat="48.33609" lon="4.05628"><ele>100</ele></trkpt>
<trkpt lat="48.33565" lon="4.05671"><ele>100</ele></trkpt>
<trkpt lat="48.33513" lon="4.05739"><ele>100</ele></trkpt>
<trkpt lat="48.33347" lon="4.05911"><ele>100</ele></trkpt>
<trkpt lat="48.33326" lon="4.05941"><ele>100</ele></trkpt>
<trkpt lat="48.33246" lon="4.06102"><ele>101</ele></trkpt>
<trkpt lat="48.33177" lon="4.06269"><ele>101</ele></trkpt>
<trkpt lat="48.33126" lon="4.06356"><ele>101</ele></trkpt>
<trkpt lat="48.33091" lon="4.06408"><ele>101</ele></trkpt>
<trkpt lat="48.33084" lon="4.06425"><ele>102</ele></trkpt>
<trkpt lat="48.33061" lon="4.06430"><ele>100</ele></trkpt>
<trkpt lat="48.32941" lon="4.06517"><ele>102</ele></trkpt>
<trkpt lat="48.32708" lon="4.06754"><ele>107</ele></trkpt>
<trkpt lat="48.32634" lon="4.06802"><ele>104</ele></trkpt>
<trkpt lat="48.32551" lon="4.06845"><ele>102</ele></trkpt>
<trkpt lat="48.32383" lon="4.06969"><ele>102</ele></trkpt>
<trkpt lat="48.32310" lon="4.07001"><ele>103</ele></trkpt>
<trkpt lat="48.32274" lon="4.07006"><ele>103</ele></trkpt>
<trkpt lat="48.32246" lon="4.06997"><ele>103</ele></trkpt>
<trkpt lat="48.32182" lon="4.06950"><ele>102</ele></trkpt>
<trkpt lat="48.32173" lon="4.06933"><ele>103</ele></trkpt>
<trkpt lat="48.32166" lon="4.06935"><ele>104</ele></trkpt>
<trkpt lat="48.32085" lon="4.07135"><ele>102</ele></trkpt>
<trkpt lat="48.32065" lon="4.07160"><ele>102</ele></trkpt>
<trkpt lat="48.31994" lon="4.07216"><ele>102</ele></trkpt>
<trkpt lat="48.31843" lon="4.07315"><ele>102</ele></trkpt>
<trkpt lat="48.31722" lon="4.07405"><ele>104</ele></trkpt>
<trkpt lat="48.31702" lon="4.07417"><ele>103</ele></trkpt>
<trkpt lat="48.31695" lon="4.07414"><ele>103</ele></trkpt>
<trkpt lat="48.31665" lon="4.07434"><ele>103</ele></trkpt>
<trkpt lat="48.31609" lon="4.07461"><ele>103</ele></trkpt>
<trkpt lat="48.31535" lon="4.07478"><ele>103</ele></trkpt>
<trkpt lat="48.31504" lon="4.07479"><ele>103</ele></trkpt>
<trkpt lat="48.31488" lon="4.07474"><ele>103</ele></trkpt>
<trkpt lat="48.31467" lon="4.07478"><ele>103</ele></trkpt>
<trkpt lat="48.31290" lon="4.07477"><ele>103</ele></trkpt>
<trkpt lat="48.31277" lon="4.07471"><ele>103</ele></trkpt>
<trkpt lat="48.31269" lon="4.07477"><ele>103</ele></trkpt>
<trkpt lat="48.31230" lon="4.07477"><ele>103</ele></trkpt>
<trkpt lat="48.31189" lon="4.07475"><ele>103</ele></trkpt>
<trkpt lat="48.31106" lon="4.07449"><ele>103</ele></trkpt>
<trkpt lat="48.31075" lon="4.07451"><ele>103</ele></trkpt>
<trkpt lat="48.31070" lon="4.07456"><ele>103</ele></trkpt>
<trkpt lat="48.30959" lon="4.07102"><ele>103</ele></trkpt>
<trkpt lat="48.30931" lon="4.07052"><ele>103</ele></trkpt>
<trkpt lat="48.30899" lon="4.07015"><ele>103</ele></trkpt>
<trkpt lat="48.30860" lon="4.06912"><ele>105</ele></trkpt>
<trkpt lat="48.30798" lon="4.06949"><ele>104</ele></trkpt>
<trkpt lat="48.30534" lon="4.07174"><ele>104</ele></trkpt>
<trkpt lat="48.30530" lon="4.07182"><ele>104</ele></trkpt>
<trkpt lat="48.30380" lon="4.07306"><ele>105</ele></trkpt>
<trkpt lat="48.30369" lon="4.07324"><ele>105</ele></trkpt>
<trkpt lat="48.30186" lon="4.07480"><ele>107</ele></trkpt>
<trkpt lat="48.30176" lon="4.07505"><ele>107</ele></trkpt>
<trkpt lat="48.30162" lon="4.07522"><ele>107</ele></trkpt>
<trkpt lat="48.30148" lon="4.07512"><ele>107</ele></trkpt>
<trkpt lat="48.30076" lon="4.07575"><ele>107</ele></trkpt>
<trkpt lat="48.30060" lon="4.07575"><ele>107</ele></trkpt>
<trkpt lat="48.30029" lon="4.07610"><ele>107</ele></trkpt>
<trkpt lat="48.29903" lon="4.07790"><ele>107</ele></trkpt>
<trkpt lat="48.29886" lon="4.07762"><ele>107</ele></trkpt>
<trkpt lat="48.29848" lon="4.07666"><ele>108</ele></trkpt>
<trkpt lat="48.29804" lon="4.07572"><ele>108</ele></trkpt>
<trkpt lat="48.29751" lon="4.07471"><ele>109</ele></trkpt>
<trkpt lat="48.29731" lon="4.07437"><ele>109</ele></trkpt>
<trkpt lat="48.29729" lon="4.07439"><ele>108</ele></trkpt>
<trkpt lat="48.29731" lon="4.07437"><ele>109</ele></trkpt>
<trkpt lat="48.29751" lon="4.07471"><ele>109</ele></trkpt>
<trkpt lat="48.29914" lon="4.07313"><ele>108</ele></trkpt>
<trkpt lat="48.29938" lon="4.07316"><ele>109</ele></trkpt>
<trkpt lat="48.29969" lon="4.07312"><ele>109</ele></trkpt>
<trkpt lat="48.29993" lon="4.07368"><ele>108</ele></trkpt>
<trkpt lat="48.29999" lon="4.07368"><ele>108</ele></trkpt>
<trkpt lat="48.30057" lon="4.07325"><ele>108</ele></trkpt>
<trkpt lat="48.30066" lon="4.07323"><ele>108</ele></trkpt>
<trkpt lat="48.30161" lon="4.07268"><ele>104</ele></trkpt>
<trkpt lat="48.30186" lon="4.07354"><ele>105</ele></trkpt>
<trkpt lat="48.30329" lon="4.07215"><ele>104</ele></trkpt>
<trkpt lat="48.30369" lon="4.07324"><ele>105</ele></trkpt>
<trkpt lat="48.30380" lon="4.07306"><ele>105</ele></trkpt>
<trkpt lat="48.30530" lon="4.07182"><ele>104</ele></trkpt>
<trkpt lat="48.30534" lon="4.07174"><ele>104</ele></trkpt>
<trkpt lat="48.30798" lon="4.06949"><ele>104</ele></trkpt>
<trkpt lat="48.30860" lon="4.06912"><ele>105</ele></trkpt>
<trkpt lat="48.30899" lon="4.07015"><ele>103</ele></trkpt>
<trkpt lat="48.30931" lon="4.07052"><ele>103</ele></trkpt>
<trkpt lat="48.30959" lon="4.07102"><ele>103</ele></trkpt>
<trkpt lat="48.31070" lon="4.07456"><ele>103</ele></trkpt>
<trkpt lat="48.31082" lon="4.07461"><ele>103</ele></trkpt>
<trkpt lat="48.31106" lon="4.07459"><ele>103</ele></trkpt>
<trkpt lat="48.31199" lon="4.07486"><ele>103</ele></trkpt>
<trkpt lat="48.31533" lon="4.07488"><ele>103</ele></trkpt>
<trkpt lat="48.31533" lon="4.07482"><ele>103</ele></trkpt>
<trkpt lat="48.31614" lon="4.07464"><ele>103</ele></trkpt>
<trkpt lat="48.31722" lon="4.07405"><ele>104</ele></trkpt>
<trkpt lat="48.31843" lon="4.07315"><ele>102</ele></trkpt>
<trkpt lat="48.31994" lon="4.07216"><ele>102</ele></trkpt>
<trkpt lat="48.32065" lon="4.07160"><ele>102</ele></trkpt>
<trkpt lat="48.32085" lon="4.07135"><ele>102</ele></trkpt>
<trkpt lat="48.32148" lon="4.06977"><ele>102</ele></trkpt>
<trkpt lat="48.32171" lon="4.06951"><ele>104</ele></trkpt>
<trkpt lat="48.32182" lon="4.06950"><ele>102</ele></trkpt>
<trkpt lat="48.32246" lon="4.06997"><ele>103</ele></trkpt>
<trkpt lat="48.32274" lon="4.07006"><ele>103</ele></trkpt>
<trkpt lat="48.32310" lon="4.07001"><ele>103</ele></trkpt>
<trkpt lat="48.32383" lon="4.06969"><ele>102</ele></trkpt>
<trkpt lat="48.32551" lon="4.06845"><ele>102</ele></trkpt>
<trkpt lat="48.32634" lon="4.06802"><ele>104</ele></trkpt>
<trkpt lat="48.32708" lon="4.06754"><ele>107</ele></trkpt>
<trkpt lat="48.32941" lon="4.06517"><ele>102</ele></trkpt>
<trkpt lat="48.33061" lon="4.06430"><ele>100</ele></trkpt>
<trkpt lat="48.33075" lon="4.06425"><ele>101</ele></trkpt>
<trkpt lat="48.33093" lon="4.06429"><ele>102</ele></trkpt>
<trkpt lat="48.33120" lon="4.06465"><ele>102</ele></trkpt>
<trkpt lat="48.33177" lon="4.06571"><ele>102</ele></trkpt>
<trkpt lat="48.33202" lon="4.06627"><ele>101</ele></trkpt>
<trkpt lat="48.33207" lon="4.06656"><ele>101</ele></trkpt>
<trkpt lat="48.33217" lon="4.06830"><ele>102</ele></trkpt>
<trkpt lat="48.33230" lon="4.06961"><ele>101</ele></trkpt>
<trkpt lat="48.33243" lon="4.07030"><ele>102</ele></trkpt>
<trkpt lat="48.33282" lon="4.07100"><ele>101</ele></trkpt>
<trkpt lat="48.33334" lon="4.07183"><ele>102</ele></trkpt>
<trkpt lat="48.33395" lon="4.07311"><ele>102</ele></trkpt>
<trkpt lat="48.33413" lon="4.07337"><ele>103</ele></trkpt>
<trkpt lat="48.33507" lon="4.07281"><ele>103</ele></trkpt>
<trkpt lat="48.33590" lon="4.07437"><ele>111</ele></trkpt>
<trkpt lat="48.33609" lon="4.07465"><ele>112</ele></trkpt>
<trkpt lat="48.33613" lon="4.07458"><ele>111</ele></trkpt>
<trkpt lat="48.33660" lon="4.07489"><ele>112</ele></trkpt>
<trkpt lat="48.33700" lon="4.07528"><ele>114</ele></trkpt>
<trkpt lat="48.33750" lon="4.07554"><ele>113</ele></trkpt>
<trkpt lat="48.33770" lon="4.07568"><ele>112</ele></trkpt>
<trkpt lat="48.33857" lon="4.07644"><ele>110</ele></trkpt>
<trkpt lat="48.33877" lon="4.07674"><ele>110</ele></trkpt>
<trkpt lat="48.33932" lon="4.07797"><ele>112</ele></trkpt>
<trkpt lat="48.34123" lon="4.07538"><ele>112</ele></trkpt>
<trkpt lat="48.34294" lon="4.07832"><ele>117</ele></trkpt>
<trkpt lat="48.34640" lon="4.08374"><ele>128</ele></trkpt>
<trkpt lat="48.34772" lon="4.08587"><ele>133</ele></trkpt>
<trkpt lat="48.35023" lon="4.09009"><ele>142</ele></trkpt>
<trkpt lat="48.35171" lon="4.09244"><ele>145</ele></trkpt>
<trkpt lat="48.35261" lon="4.09404"><ele>145</ele></trkpt>
<trkpt lat="48.35286" lon="4.09462"><ele>144</ele></trkpt>
<trkpt lat="48.35311" lon="4.09564"><ele>143</ele></trkpt>
<trkpt lat="48.35325" lon="4.09610"><ele>142</ele></trkpt>
<trkpt lat="48.35340" lon="4.09643"><ele>141</ele></trkpt>
<trkpt lat="48.35504" lon="4.09878"><ele>134</ele></trkpt>
<trkpt lat="48.35901" lon="4.10421"><ele>132</ele></trkpt>
<trkpt lat="48.35908" lon="4.10433"><ele>132</ele></trkpt>
<trkpt lat="48.35908" lon="4.10446"><ele>132</ele></trkpt>
<trkpt lat="48.35971" lon="4.10454"><ele>133</ele></trkpt>
<trkpt lat="48.35970" lon="4.10471"><ele>133</ele></trkpt>
<trkpt lat="48.35973" lon="4.10485"><ele>132</ele></trkpt>
<trkpt lat="48.36011" lon="4.10585"><ele>132</ele></trkpt>
<trkpt lat="48.36035" lon="4.10672"><ele>132</ele></trkpt>
<trkpt lat="48.36091" lon="4.10842"><ele>131</ele></trkpt>
<trkpt lat="48.36138" lon="4.10966"><ele>131</ele></trkpt>
<trkpt lat="48.36407" lon="4.11503"><ele>132</ele></trkpt>
<trkpt lat="48.36420" lon="4.11515"><ele>132</ele></trkpt>
<trkpt lat="48.36553" lon="4.11552"><ele>133</ele></trkpt>
<trkpt lat="48.36582" lon="4.11563"><ele>134</ele></trkpt>
<trkpt lat="48.36609" lon="4.11579"><ele>134</ele></trkpt>
<trkpt lat="48.36733" lon="4.11686"><ele>135</ele></trkpt>
<trkpt lat="48.36757" lon="4.11716"><ele>136</ele></trkpt>
<trkpt lat="48.36787" lon="4.11770"><ele>136</ele></trkpt>
<trkpt lat="48.37038" lon="4.11421"><ele>141</ele></trkpt>
<trkpt lat="48.37378" lon="4.12067"><ele>162</ele></trkpt>
<trkpt lat="48.38157" lon="4.13326"><ele>190</ele></trkpt>
<trkpt lat="48.38168" lon="4.13323"><ele>189</ele></trkpt>
<trkpt lat="48.38725" lon="4.12667"><ele>176</ele></trkpt>
<trkpt lat="48.39146" lon="4.12324"><ele>177</ele></trkpt>
<trkpt lat="48.39159" lon="4.12318"><ele>178</ele></trkpt>
<trkpt lat="48.39187" lon="4.12318"><ele>180</ele></trkpt>
<trkpt lat="48.40082" lon="4.11899"><ele>156</ele></trkpt>
<trkpt lat="48.40085" lon="4.11909"><ele>156</ele></trkpt>
<trkpt lat="48.40100" lon="4.11900"><ele>156</ele></trkpt>
<trkpt lat="48.40108" lon="4.11923"><ele>156</ele></trkpt>
<trkpt lat="48.40354" lon="4.12621"><ele>158</ele></trkpt>
<trkpt lat="48.40406" lon="4.12790"><ele>160</ele></trkpt>
<trkpt lat="48.40644" lon="4.12608"><ele>147</ele></trkpt>
<trkpt lat="48.41091" lon="4.12255"><ele>140</ele></trkpt>
<trkpt lat="48.41536" lon="4.12003"><ele>140</ele></trkpt>
<trkpt lat="48.41829" lon="4.12705"><ele>133</ele></trkpt>
<trkpt lat="48.42520" lon="4.12129"><ele>139</ele></trkpt>
<trkpt lat="48.42431" lon="4.11924"><ele>136</ele></trkpt>
<trkpt lat="48.42437" lon="4.11920"><ele>136</ele></trkpt>
<trkpt lat="48.42592" lon="4.11892"><ele>132</ele></trkpt>
<trkpt lat="48.42642" lon="4.11867"><ele>130</ele></trkpt>
<trkpt lat="48.42670" lon="4.11869"><ele>129</ele></trkpt>
<trkpt lat="48.42716" lon="4.11912"><ele>127</ele></trkpt>
<trkpt lat="48.42727" lon="4.11914"><ele>127</ele></trkpt>
<trkpt lat="48.42745" lon="4.11965"><ele>127</ele></trkpt>
<trkpt lat="48.42883" lon="4.11963"><ele>125</ele></trkpt>
<trkpt lat="48.42932" lon="4.11953"><ele>124</ele></trkpt>
<trkpt lat="48.43022" lon="4.11895"><ele>126</ele></trkpt>
<trkpt lat="48.43125" lon="4.11854"><ele>128</ele></trkpt>
<trkpt lat="48.43159" lon="4.11834"><ele>128</ele></trkpt>
<trkpt lat="48.43306" lon="4.11804"><ele>126</ele></trkpt>
<trkpt lat="48.43315" lon="4.11799"><ele>126</ele></trkpt>
<trkpt lat="48.44257" lon="4.11990"><ele>121</ele></trkpt>
<trkpt lat="48.44249" lon="4.11952"><ele>121</ele></trkpt>
<trkpt lat="48.44918" lon="4.12084"><ele>120</ele></trkpt>
<trkpt lat="48.44926" lon="4.12083"><ele>120</ele></trkpt>
<trkpt lat="48.45083" lon="4.11985"><ele>124</ele></trkpt>
<trkpt lat="48.45122" lon="4.12123"><ele>122</ele></trkpt>
<trkpt lat="48.45109" lon="4.12143"><ele>122</ele></trkpt>
<trkpt lat="48.45542" lon="4.12231"><ele>113</ele></trkpt>
<trkpt lat="48.45588" lon="4.12247"><ele>112</ele></trkpt>
<trkpt lat="48.45589" lon="4.12257"><ele>112</ele></trkpt>
<trkpt lat="48.45597" lon="4.12263"><ele>112</ele></trkpt>
<trkpt lat="48.45594" lon="4.12277"><ele>112</ele></trkpt>
<trkpt lat="48.45740" lon="4.12452"><ele>109</ele></trkpt>
<trkpt lat="48.45761" lon="4.12482"><ele>109</ele></trkpt>
<trkpt lat="48.45752" lon="4.12521"><ele>109</ele></trkpt>
<trkpt lat="48.45739" lon="4.12556"><ele>109</ele></trkpt>
<trkpt lat="48.45708" lon="4.12603"><ele>109</ele></trkpt>
<trkpt lat="48.45737" lon="4.12678"><ele>109</ele></trkpt>
<trkpt lat="48.45760" lon="4.12760"><ele>110</ele></trkpt>
<trkpt lat="48.45742" lon="4.12778"><ele>111</ele></trkpt>
<trkpt lat="48.45812" lon="4.13051"><ele>119</ele></trkpt>
<trkpt lat="48.46195" lon="4.14693"><ele>155</ele></trkpt>
<trkpt lat="48.46280" lon="4.15147"><ele>167</ele></trkpt>
<trkpt lat="48.46384" lon="4.15737"><ele>177</ele></trkpt>
<trkpt lat="48.46473" lon="4.16372"><ele>172</ele></trkpt>
<trkpt lat="48.46483" lon="4.16372"><ele>172</ele></trkpt>
<trkpt lat="48.46484" lon="4.16354"><ele>172</ele></trkpt>
<trkpt lat="48.46464" lon="4.16210"><ele>174</ele></trkpt>
<trkpt lat="48.46464" lon="4.16187"><ele>174</ele></trkpt>
<trkpt lat="48.46475" lon="4.16175"><ele>174</ele></trkpt>
<trkpt lat="48.46532" lon="4.16157"><ele>175</ele></trkpt>
<trkpt lat="48.46678" lon="4.16220"><ele>171</ele></trkpt>
<trkpt lat="48.46801" lon="4.16279"><ele>162</ele></trkpt>
<trkpt lat="48.46878" lon="4.16323"><ele>157</ele></trkpt>
<trkpt lat="48.47307" lon="4.17896"><ele>158</ele></trkpt>
<trkpt lat="48.47453" lon="4.18462"><ele>151</ele></trkpt>
<trkpt lat="48.47826" lon="4.18240"><ele>147</ele></trkpt>
<trkpt lat="48.47835" lon="4.18238"><ele>147</ele></trkpt>
<trkpt lat="48.47980" lon="4.18160"><ele>142</ele></trkpt>
<trkpt lat="48.48026" lon="4.18140"><ele>142</ele></trkpt>
<trkpt lat="48.48093" lon="4.18119"><ele>140</ele></trkpt>
<trkpt lat="48.48211" lon="4.18113"><ele>138</ele></trkpt>
<trkpt lat="48.48437" lon="4.17978"><ele>140</ele></trkpt>
<trkpt lat="48.48474" lon="4.17952"><ele>141</ele></trkpt>
<trkpt lat="48.48515" lon="4.17916"><ele>142</ele></trkpt>
<trkpt lat="48.48559" lon="4.17855"><ele>143</ele></trkpt>
<trkpt lat="48.48598" lon="4.17808"><ele>145</ele></trkpt>
<trkpt lat="48.48661" lon="4.17743"><ele>150</ele></trkpt>
<trkpt lat="48.48717" lon="4.17694"><ele>153</ele></trkpt>
<trkpt lat="48.48708" lon="4.17673"><ele>152</ele></trkpt>
<trkpt lat="48.48670" lon="4.17550"><ele>149</ele></trkpt>
<trkpt lat="48.48431" lon="4.16749"><ele>131</ele></trkpt>
<trkpt lat="48.48409" lon="4.16710"><ele>132</ele></trkpt>
<trkpt lat="48.48364" lon="4.16665"><ele>134</ele></trkpt>
<trkpt lat="48.48349" lon="4.16641"><ele>132</ele></trkpt>
<trkpt lat="48.48339" lon="4.16611"><ele>135</ele></trkpt>
<trkpt lat="48.48334" lon="4.16579"><ele>137</ele></trkpt>
<trkpt lat="48.48332" lon="4.16545"><ele>136</ele></trkpt>
<trkpt lat="48.48330" lon="4.16319"><ele>132</ele></trkpt>
<trkpt lat="48.48339" lon="4.16289"><ele>131</ele></trkpt>
<trkpt lat="48.48361" lon="4.16261"><ele>130</ele></trkpt>
<trkpt lat="48.49071" lon="4.16072"><ele>136</ele></trkpt>
<trkpt lat="48.49081" lon="4.16053"><ele>135</ele></trkpt>
<trkpt lat="48.49073" lon="4.15971"><ele>134</ele></trkpt>
<trkpt lat="48.49076" lon="4.15922"><ele>132</ele></trkpt>
<trkpt lat="48.49054" lon="4.15764"><ele>129</ele></trkpt>
<trkpt lat="48.49415" lon="4.15811"><ele>124</ele></trkpt>
<trkpt lat="48.50223" lon="4.15639"><ele>126</ele></trkpt>
<trkpt lat="48.50313" lon="4.15624"><ele>123</ele></trkpt>
<trkpt lat="48.50326" lon="4.15616"><ele>123</ele></trkpt>
<trkpt lat="48.50334" lon="4.15603"><ele>123</ele></trkpt>
<trkpt lat="48.50344" lon="4.15545"><ele>122</ele></trkpt>
<trkpt lat="48.50359" lon="4.15530"><ele>122</ele></trkpt>
<trkpt lat="48.50923" lon="4.15505"><ele>120</ele></trkpt>
<trkpt lat="48.51768" lon="4.15632"><ele>109</ele></trkpt>
<trkpt lat="48.52020" lon="4.15642"><ele>112</ele></trkpt>
<trkpt lat="48.52358" lon="4.15668"><ele>105</ele></trkpt>
<trkpt lat="48.53348" lon="4.15871"><ele>94</ele></trkpt>
<trkpt lat="48.53352" lon="4.15847"><ele>94</ele></trkpt>
<trkpt lat="48.53341" lon="4.15841"><ele>94</ele></trkpt>
<trkpt lat="48.53341" lon="4.15829"><ele>94</ele></trkpt>
<trkpt lat="48.53557" lon="4.14789"><ele>97</ele></trkpt>
<trkpt lat="48.53432" lon="4.14655"><ele>98</ele></trkpt>
<trkpt lat="48.53448" lon="4.14496"><ele>98</ele></trkpt>
<trkpt lat="48.53411" lon="4.14487"><ele>99</ele></trkpt>
<trkpt lat="48.53409" lon="4.14286"><ele>98</ele></trkpt>
<trkpt lat="48.53356" lon="4.14284"><ele>98</ele></trkpt>
<trkpt lat="48.53360" lon="4.14140"><ele>99</ele></trkpt>
<trkpt lat="48.53776" lon="4.14085"><ele>89</ele></trkpt>
<trkpt lat="48.53783" lon="4.14198"><ele>90</ele></trkpt>
<trkpt lat="48.53888" lon="4.14207"><ele>89</ele></trkpt>
<trkpt lat="48.54170" lon="4.14311"><ele>89</ele></trkpt>
<trkpt lat="48.54297" lon="4.14347"><ele>88</ele></trkpt>
<trkpt lat="48.54617" lon="4.14382"><ele>89</ele></trkpt>
<trkpt lat="48.54749" lon="4.14401"><ele>90</ele></trkpt>
<trkpt lat="48.54776" lon="4.14437"><ele>89</ele></trkpt>
<trkpt lat="48.54802" lon="4.14441"><ele>89</ele></trkpt>
<trkpt lat="48.54845" lon="4.14787"><ele>88</ele></trkpt>
<trkpt lat="48.54841" lon="4.14837"><ele>88</ele></trkpt>
<trkpt lat="48.54836" lon="4.14863"><ele>89</ele></trkpt>
<trkpt lat="48.54827" lon="4.15002"><ele>88</ele></trkpt>
<trkpt lat="48.54812" lon="4.15127"><ele>88</ele></trkpt>
<trkpt lat="48.54798" lon="4.15179"><ele>89</ele></trkpt>
<trkpt lat="48.54798" lon="4.15394"><ele>88</ele></trkpt>
<trkpt lat="48.55063" lon="4.15417"><ele>91</ele></trkpt>
<trkpt lat="48.55063" lon="4.15437"><ele>91</ele></trkpt>
<trkpt lat="48.56495" lon="4.15754"><ele>114</ele></trkpt>
<trkpt lat="48.57297" lon="4.15927"><ele>133</ele></trkpt>
<trkpt lat="48.57292" lon="4.16480"><ele>132</ele></trkpt>
<trkpt lat="48.59422" lon="4.17476"><ele>128</ele></trkpt>
<trkpt lat="48.59438" lon="4.17476"><ele>127</ele></trkpt>
<trkpt lat="48.59861" lon="4.18880"><ele>148</ele></trkpt>
<trkpt lat="48.60372" lon="4.20394"><ele>137</ele></trkpt>
<trkpt lat="48.60385" lon="4.20423"><ele>136</ele></trkpt>
<trkpt lat="48.60903" lon="4.21412"><ele>117</ele></trkpt>
<trkpt lat="48.60918" lon="4.21449"><ele>117</ele></trkpt>
<trkpt lat="48.60927" lon="4.21505"><ele>116</ele></trkpt>
<trkpt lat="48.60967" lon="4.21937"><ele>113</ele></trkpt>
<trkpt lat="48.60967" lon="4.22006"><ele>114</ele></trkpt>
<trkpt lat="48.60960" lon="4.22127"><ele>116</ele></trkpt>
<trkpt lat="48.60939" lon="4.22261"><ele>115</ele></trkpt>
<trkpt lat="48.60932" lon="4.22342"><ele>116</ele></trkpt>
<trkpt lat="48.60932" lon="4.22412"><ele>116</ele></trkpt>
<trkpt lat="48.60937" lon="4.22457"><ele>116</ele></trkpt>
<trkpt lat="48.61007" lon="4.22780"><ele>111</ele></trkpt>
<trkpt lat="48.61011" lon="4.22821"><ele>111</ele></trkpt>
<trkpt lat="48.61082" lon="4.22897"><ele>110</ele></trkpt>
<trkpt lat="48.61159" lon="4.22997"><ele>110</ele></trkpt>
<trkpt lat="48.61183" lon="4.23023"><ele>110</ele></trkpt>
<trkpt lat="48.61294" lon="4.23114"><ele>109</ele></trkpt>
<trkpt lat="48.61401" lon="4.23217"><ele>110</ele></trkpt>
<trkpt lat="48.61438" lon="4.23238"><ele>111</ele></trkpt>
<trkpt lat="48.61487" lon="4.23244"><ele>111</ele></trkpt>
<trkpt lat="48.62322" lon="4.23252"><ele>115</ele></trkpt>
<trkpt lat="48.62398" lon="4.23263"><ele>114</ele></trkpt>
<trkpt lat="48.62549" lon="4.23305"><ele>116</ele></trkpt>
<trkpt lat="48.62593" lon="4.23322"><ele>116</ele></trkpt>
<trkpt lat="48.62639" lon="4.23354"><ele>114</ele></trkpt>
<trkpt lat="48.62727" lon="4.23434"><ele>112</ele></trkpt>
<trkpt lat="48.62915" lon="4.23596"><ele>112</ele></trkpt>
<trkpt lat="48.62938" lon="4.23604"><ele>112</ele></trkpt>
<trkpt lat="48.62979" lon="4.23602"><ele>112</ele></trkpt>
<trkpt lat="48.62982" lon="4.23738"><ele>112</ele></trkpt>
<trkpt lat="48.62973" lon="4.23848"><ele>113</ele></trkpt>
<trkpt lat="48.62967" lon="4.23884"><ele>113</ele></trkpt>
<trkpt lat="48.63041" lon="4.23863"><ele>114</ele></trkpt>
<trkpt lat="48.63211" lon="4.23833"><ele>114</ele></trkpt>
<trkpt lat="48.63340" lon="4.23836"><ele>116</ele></trkpt>
<trkpt lat="48.63433" lon="4.23832"><ele>118</ele></trkpt>
<trkpt lat="48.63465" lon="4.23839"><ele>119</ele></trkpt>
<trkpt lat="48.63495" lon="4.23851"><ele>119</ele></trkpt>
<trkpt lat="48.63539" lon="4.24046"><ele>125</ele></trkpt>
<trkpt lat="48.63773" lon="4.24910"><ele>146</ele></trkpt>
<trkpt lat="48.63783" lon="4.24931"><ele>146</ele></trkpt>
<trkpt lat="48.64587" lon="4.24580"><ele>133</ele></trkpt>
<trkpt lat="48.64594" lon="4.24571"><ele>134</ele></trkpt>
<trkpt lat="48.64592" lon="4.24551"><ele>135</ele></trkpt>
<trkpt lat="48.64448" lon="4.24018"><ele>136</ele></trkpt>
<trkpt lat="48.64444" lon="4.23995"><ele>136</ele></trkpt>
<trkpt lat="48.64447" lon="4.23985"><ele>136</ele></trkpt>
<trkpt lat="48.64456" lon="4.23978"><ele>136</ele></trkpt>
<trkpt lat="48.64533" lon="4.23972"><ele>138</ele></trkpt>
<trkpt lat="48.64544" lon="4.23964"><ele>138</ele></trkpt>
<trkpt lat="48.64551" lon="4.23953"><ele>138</ele></trkpt>
<trkpt lat="48.65391" lon="4.24026"><ele>124</ele></trkpt>
<trkpt lat="48.65476" lon="4.24048"><ele>127</ele></trkpt>
<trkpt lat="48.65536" lon="4.24077"><ele>128</ele></trkpt>
<trkpt lat="48.67056" lon="4.24967"><ele>151</ele></trkpt>
<trkpt lat="48.67111" lon="4.24988"><ele>150</ele></trkpt>
<trkpt lat="48.67784" lon="4.25100"><ele>135</ele></trkpt>
<trkpt lat="48.67964" lon="4.25270"><ele>134</ele></trkpt>
<trkpt lat="48.67989" lon="4.25288"><ele>134</ele></trkpt>
<trkpt lat="48.68153" lon="4.25373"><ele>133</ele></trkpt>
<trkpt lat="48.68184" lon="4.25396"><ele>134</ele></trkpt>
<trkpt lat="48.68203" lon="4.25417"><ele>134</ele></trkpt>
<trkpt lat="48.68234" lon="4.25463"><ele>134</ele></trkpt>
<trkpt lat="48.68272" lon="4.25544"><ele>135</ele></trkpt>
<trkpt lat="48.68351" lon="4.25660"><ele>136</ele></trkpt>
<trkpt lat="48.68394" lon="4.25761"><ele>141</ele></trkpt>
<trkpt lat="48.68407" lon="4.25782"><ele>142</ele></trkpt>
<trkpt lat="48.68549" lon="4.25871"><ele>139</ele></trkpt>
<trkpt lat="48.68602" lon="4.25920"><ele>138</ele></trkpt>
<trkpt lat="48.68662" lon="4.25957"><ele>137</ele></trkpt>
<trkpt lat="48.68678" lon="4.25983"><ele>137</ele></trkpt>
<trkpt lat="48.68750" lon="4.26167"><ele>139</ele></trkpt>
<trkpt lat="48.68759" lon="4.26180"><ele>139</ele></trkpt>
<trkpt lat="48.68779" lon="4.26189"><ele>139</ele></trkpt>
<trkpt lat="48.68915" lon="4.26173"><ele>145</ele></trkpt>
<trkpt lat="48.68959" lon="4.26173"><ele>147</ele></trkpt>
<trkpt lat="48.69010" lon="4.26180"><ele>149</ele></trkpt>
<trkpt lat="48.69038" lon="4.26186"><ele>150</ele></trkpt>
<trkpt lat="48.69192" lon="4.26246"><ele>156</ele></trkpt>
<trkpt lat="48.69233" lon="4.26267"><ele>158</ele></trkpt>
<trkpt lat="48.69639" lon="4.26562"><ele>183</ele></trkpt>
<trkpt lat="48.69705" lon="4.26616"><ele>185</ele></trkpt>
<trkpt lat="48.69760" lon="4.26669"><ele>185</ele></trkpt>
<trkpt lat="48.70142" lon="4.27092"><ele>190</ele></trkpt>
<trkpt lat="48.70219" lon="4.27171"><ele>191</ele></trkpt>
<trkpt lat="48.70798" lon="4.27672"><ele>187</ele></trkpt>
<trkpt lat="48.70927" lon="4.27552"><ele>190</ele></trkpt>
<trkpt lat="48.70955" lon="4.27533"><ele>191</ele></trkpt>
<trkpt lat="48.71046" lon="4.27297"><ele>200</ele></trkpt>
<trkpt lat="48.71167" lon="4.26996"><ele>196</ele></trkpt>
<trkpt lat="48.71171" lon="4.27011"><ele>196</ele></trkpt>
<trkpt lat="48.71644" lon="4.27474"><ele>194</ele></trkpt>
<trkpt lat="48.72001" lon="4.27821"><ele>204</ele></trkpt>
<trkpt lat="48.72779" lon="4.28563"><ele>200</ele></trkpt>
<trkpt lat="48.72799" lon="4.28591"><ele>201</ele></trkpt>
<trkpt lat="48.73652" lon="4.30321"><ele>163</ele></trkpt>
<trkpt lat="48.74041" lon="4.30046"><ele>174</ele></trkpt>
<trkpt lat="48.74067" lon="4.30120"><ele>171</ele></trkpt>
<trkpt lat="48.74128" lon="4.30271"><ele>166</ele></trkpt>
<trkpt lat="48.74172" lon="4.30391"><ele>164</ele></trkpt>
<trkpt lat="48.74338" lon="4.30260"><ele>166</ele></trkpt>
<trkpt lat="48.74383" lon="4.30419"><ele>162</ele></trkpt>
<trkpt lat="48.74400" lon="4.30467"><ele>162</ele></trkpt>
<trkpt lat="48.74450" lon="4.30580"><ele>162</ele></trkpt>
<trkpt lat="48.74477" lon="4.30628"><ele>161</ele></trkpt>
<trkpt lat="48.74553" lon="4.30739"><ele>160</ele></trkpt>
<trkpt lat="48.74594" lon="4.30780"><ele>159</ele></trkpt>
<trkpt lat="48.74602" lon="4.30783"><ele>159</ele></trkpt>
<trkpt lat="48.74627" lon="4.30806"><ele>158</ele></trkpt>
<trkpt lat="48.74685" lon="4.30923"><ele>153</ele></trkpt>
<trkpt lat="48.74725" lon="4.31023"><ele>152</ele></trkpt>
<trkpt lat="48.74793" lon="4.31139"><ele>155</ele></trkpt>
<trkpt lat="48.74809" lon="4.31156"><ele>155</ele></trkpt>
<trkpt lat="48.74858" lon="4.31180"><ele>156</ele></trkpt>
<trkpt lat="48.74900" lon="4.31216"><ele>156</ele></trkpt>
<trkpt lat="48.74928" lon="4.31247"><ele>156</ele></trkpt>
<trkpt lat="48.74957" lon="4.31294"><ele>156</ele></trkpt>
<trkpt lat="48.75042" lon="4.31410"><ele>158</ele></trkpt>
<trkpt lat="48.75070" lon="4.31459"><ele>159</ele></trkpt>
<trkpt lat="48.75092" lon="4.31503"><ele>160</ele></trkpt>
<trkpt lat="48.75145" lon="4.31649"><ele>161</ele></trkpt>
<trkpt lat="48.75244" lon="4.31958"><ele>165</ele></trkpt>
<trkpt lat="48.75285" lon="4.32061"><ele>166</ele></trkpt>
<trkpt lat="48.75670" lon="4.32869"><ele>175</ele></trkpt>
<trkpt lat="48.75720" lon="4.32967"><ele>176</ele></trkpt>
<trkpt lat="48.75790" lon="4.33090"><ele>178</ele></trkpt>
<trkpt lat="48.75847" lon="4.33211"><ele>179</ele></trkpt>
<trkpt lat="48.76179" lon="4.34070"><ele>194</ele></trkpt>
<trkpt lat="48.76182" lon="4.34091"><ele>194</ele></trkpt>
<trkpt lat="48.76179" lon="4.34100"><ele>194</ele></trkpt>
<trkpt lat="48.76007" lon="4.34252"><ele>195</ele></trkpt>
<trkpt lat="48.76004" lon="4.34274"><ele>195</ele></trkpt>
<trkpt lat="48.76659" lon="4.35839"><ele>157</ele></trkpt>
<trkpt lat="48.76758" lon="4.36066"><ele>159</ele></trkpt>
<trkpt lat="48.77130" lon="4.36825"><ele>150</ele></trkpt>
<trkpt lat="48.77247" lon="4.37097"><ele>148</ele></trkpt>
<trkpt lat="48.77368" lon="4.37344"><ele>147</ele></trkpt>
<trkpt lat="48.77494" lon="4.37653"><ele>146</ele></trkpt>
<trkpt lat="48.77521" lon="4.37713"><ele>145</ele></trkpt>
<trkpt lat="48.78042" lon="4.38659"><ele>136</ele></trkpt>
<trkpt lat="48.78344" lon="4.39215"><ele>134</ele></trkpt>
<trkpt lat="48.78478" lon="4.39432"><ele>133</ele></trkpt>
<trkpt lat="48.78486" lon="4.39428"><ele>133</ele></trkpt>
<trkpt lat="48.78501" lon="4.39450"><ele>132</ele></trkpt>
<trkpt lat="48.78524" lon="4.39496"><ele>130</ele></trkpt>
<trkpt lat="48.78528" lon="4.39514"><ele>129</ele></trkpt>
<trkpt lat="48.78529" lon="4.39587"><ele>128</ele></trkpt>
<trkpt lat="48.78538" lon="4.39604"><ele>128</ele></trkpt>
<trkpt lat="48.78548" lon="4.39606"><ele>128</ele></trkpt>
<trkpt lat="48.78688" lon="4.39593"><ele>131</ele></trkpt>
<trkpt lat="48.78704" lon="4.39597"><ele>132</ele></trkpt>
<trkpt lat="48.78749" lon="4.39612"><ele>137</ele></trkpt>
<trkpt lat="48.78857" lon="4.39684"><ele>137</ele></trkpt>
<trkpt lat="48.78893" lon="4.39687"><ele>138</ele></trkpt>
<trkpt lat="48.78948" lon="4.39684"><ele>138</ele></trkpt>
<trkpt lat="48.78991" lon="4.39690"><ele>135</ele></trkpt>
<trkpt lat="48.79036" lon="4.39707"><ele>134</ele></trkpt>
<trkpt lat="48.79118" lon="4.39752"><ele>139</ele></trkpt>
<trkpt lat="48.79168" lon="4.39766"><ele>144</ele></trkpt>
<trkpt lat="48.79279" lon="4.39774"><ele>149</ele></trkpt>
<trkpt lat="48.79446" lon="4.39759"><ele>144</ele></trkpt>
<trkpt lat="48.79490" lon="4.39767"><ele>142</ele></trkpt>
<trkpt lat="48.79568" lon="4.39798"><ele>139</ele></trkpt>
<trkpt lat="48.79597" lon="4.39799"><ele>139</ele></trkpt>
<trkpt lat="48.79625" lon="4.39790"><ele>140</ele></trkpt>
<trkpt lat="48.79640" lon="4.39778"><ele>140</ele></trkpt>
<trkpt lat="48.80167" lon="4.39248"><ele>159</ele></trkpt>
<trkpt lat="48.80184" lon="4.39283"><ele>160</ele></trkpt>
<trkpt lat="48.80250" lon="4.39450"><ele>165</ele></trkpt>
<trkpt lat="48.80275" lon="4.39525"><ele>166</ele></trkpt>
<trkpt lat="48.80292" lon="4.39591"><ele>167</ele></trkpt>
<trkpt lat="48.80319" lon="4.39740"><ele>168</ele></trkpt>
<trkpt lat="48.81007" lon="4.39484"><ele>149</ele></trkpt>
<trkpt lat="48.83184" lon="4.38698"><ele>155</ele></trkpt>
<trkpt lat="48.83636" lon="4.38529"><ele>152</ele></trkpt>
<trkpt lat="48.84280" lon="4.38300"><ele>140</ele></trkpt>
<trkpt lat="48.84724" lon="4.38133"><ele>132</ele></trkpt>
<trkpt lat="48.85589" lon="4.37823"><ele>116</ele></trkpt>
<trkpt lat="48.86187" lon="4.37602"><ele>108</ele></trkpt>
<trkpt lat="48.86196" lon="4.37603"><ele>108</ele></trkpt>
<trkpt lat="48.87053" lon="4.37295"><ele>120</ele></trkpt>
<trkpt lat="48.87059" lon="4.37336"><ele>120</ele></trkpt>
<trkpt lat="48.87113" lon="4.37566"><ele>119</ele></trkpt>
<trkpt lat="48.87159" lon="4.37812"><ele>117</ele></trkpt>
<trkpt lat="48.87246" lon="4.38098"><ele>115</ele></trkpt>
<trkpt lat="48.87291" lon="4.38222"><ele>113</ele></trkpt>
<trkpt lat="48.87317" lon="4.38284"><ele>113</ele></trkpt>
<trkpt lat="48.87456" lon="4.38553"><ele>111</ele></trkpt>
<trkpt lat="48.87492" lon="4.38634"><ele>110</ele></trkpt>
<trkpt lat="48.87874" lon="4.38498"><ele>104</ele></trkpt>
<trkpt lat="48.87898" lon="4.38483"><ele>105</ele></trkpt>
<trkpt lat="48.87918" lon="4.38451"><ele>106</ele></trkpt>
<trkpt lat="48.87931" lon="4.38421"><ele>106</ele></trkpt>
<trkpt lat="48.88050" lon="4.38068"><ele>116</ele></trkpt>
<trkpt lat="48.88118" lon="4.37911"><ele>123</ele></trkpt>
<trkpt lat="48.88128" lon="4.37882"><ele>124</ele></trkpt>
<trkpt lat="48.88139" lon="4.37843"><ele>126</ele></trkpt>
<trkpt lat="48.88182" lon="4.37596"><ele>130</ele></trkpt>
<trkpt lat="48.88189" lon="4.37534"><ele>132</ele></trkpt>
<trkpt lat="48.88188" lon="4.37415"><ele>134</ele></trkpt>
<trkpt lat="48.88192" lon="4.37375"><ele>134</ele></trkpt>
<trkpt lat="48.88260" lon="4.36906"><ele>139</ele></trkpt>
<trkpt lat="48.88265" lon="4.36929"><ele>139</ele></trkpt>
<trkpt lat="48.88278" lon="4.36955"><ele>138</ele></trkpt>
<trkpt lat="48.88793" lon="4.37648"><ele>132</ele></trkpt>
<trkpt lat="48.88820" lon="4.37675"><ele>131</ele></trkpt>
<trkpt lat="48.89216" lon="4.37982"><ele>128</ele></trkpt>
<trkpt lat="48.89244" lon="4.38009"><ele>128</ele></trkpt>
<trkpt lat="48.89431" lon="4.38214"><ele>128</ele></trkpt>
<trkpt lat="48.89554" lon="4.38394"><ele>128</ele></trkpt>
<trkpt lat="48.89790" lon="4.38706"><ele>124</ele></trkpt>
<trkpt lat="48.90091" lon="4.39043"><ele>110</ele></trkpt>
<trkpt lat="48.90148" lon="4.39129"><ele>108</ele></trkpt>
<trkpt lat="48.90266" lon="4.39347"><ele>104</ele></trkpt>
<trkpt lat="48.90298" lon="4.39471"><ele>99</ele></trkpt>
<trkpt lat="48.90322" lon="4.39596"><ele>94</ele></trkpt>
<trkpt lat="48.90291" lon="4.39635"><ele>90</ele></trkpt>
<trkpt lat="48.90257" lon="4.39688"><ele>88</ele></trkpt>
<trkpt lat="48.90265" lon="4.39694"><ele>87</ele></trkpt>
<trkpt lat="48.90312" lon="4.39760"><ele>85</ele></trkpt>
<trkpt lat="48.90384" lon="4.39835"><ele>86</ele></trkpt>
<trkpt lat="48.90416" lon="4.39863"><ele>86</ele></trkpt>
<trkpt lat="48.90432" lon="4.39870"><ele>85</ele></trkpt>
<trkpt lat="48.90512" lon="4.39877"><ele>84</ele></trkpt>
<trkpt lat="48.90641" lon="4.39879"><ele>84</ele></trkpt>
<trkpt lat="48.90722" lon="4.39730"><ele>84</ele></trkpt>
<trkpt lat="48.90777" lon="4.39652"><ele>84</ele></trkpt>
<trkpt lat="48.90814" lon="4.39539"><ele>83</ele></trkpt>
<trkpt lat="48.90827" lon="4.39509"><ele>84</ele></trkpt>
<trkpt lat="48.90876" lon="4.39453"><ele>83</ele></trkpt>
<trkpt lat="48.90824" lon="4.39355"><ele>83</ele></trkpt>
<trkpt lat="48.90829" lon="4.39342"><ele>83</ele></trkpt>
<trkpt lat="48.90899" lon="4.39245"><ele>83</ele></trkpt>
<trkpt lat="48.90954" lon="4.39145"><ele>83</ele></trkpt>
<trkpt lat="48.91040" lon="4.39027"><ele>84</ele></trkpt>
<trkpt lat="48.91089" lon="4.38977"><ele>84</ele></trkpt>
<trkpt lat="48.91220" lon="4.38912"><ele>84</ele></trkpt>
<trkpt lat="48.91338" lon="4.38825"><ele>83</ele></trkpt>
<trkpt lat="48.91817" lon="4.39656"><ele>83</ele></trkpt>
<trkpt lat="48.91819" lon="4.39673"><ele>84</ele></trkpt>
<trkpt lat="48.91793" lon="4.39702"><ele>84</ele></trkpt>
<trkpt lat="48.91823" lon="4.39707"><ele>84</ele></trkpt>
<trkpt lat="48.91838" lon="4.39698"><ele>84</ele></trkpt>
<trkpt lat="48.91841" lon="4.39700"><ele>84</ele></trkpt>
<trkpt lat="48.94008" lon="4.37018"><ele>82</ele></trkpt>
<trkpt lat="48.94230" lon="4.36750"><ele>84</ele></trkpt>
<trkpt lat="48.94222" lon="4.36732"><ele>83</ele></trkpt>
<trkpt lat="48.94243" lon="4.36713"><ele>84</ele></trkpt>
<trkpt lat="48.94259" lon="4.36716"><ele>84</ele></trkpt>
<trkpt lat="48.94281" lon="4.36741"><ele>84</ele></trkpt>
<trkpt lat="48.94294" lon="4.36750"><ele>84</ele></trkpt>
<trkpt lat="48.94315" lon="4.36748"><ele>83</ele></trkpt>
<trkpt lat="48.94382" lon="4.36708"><ele>82</ele></trkpt>
<trkpt lat="48.94738" lon="4.36456"><ele>82</ele></trkpt>
<trkpt lat="48.94896" lon="4.36357"><ele>83</ele></trkpt>
<trkpt lat="48.95033" lon="4.36632"><ele>83</ele></trkpt>
<trkpt lat="48.95056" lon="4.36668"><ele>84</ele></trkpt>
<trkpt lat="48.95158" lon="4.36877"><ele>84</ele></trkpt>
<trkpt lat="48.95191" lon="4.36838"><ele>84</ele></trkpt>
<trkpt lat="48.95202" lon="4.36835"><ele>84</ele></trkpt>
<trkpt lat="48.95213" lon="4.36839"><ele>84</ele></trkpt>
<trkpt lat="48.95307" lon="4.36924"><ele>84</ele></trkpt>
<trkpt lat="48.95328" lon="4.36951"><ele>84</ele></trkpt>
<trkpt lat="48.95351" lon="4.36991"><ele>84</ele></trkpt>
<trkpt lat="48.95394" lon="4.37072"><ele>84</ele></trkpt>
<trkpt lat="48.95400" lon="4.37077"><ele>84</ele></trkpt>
<trkpt lat="48.95402" lon="4.37091"><ele>84</ele></trkpt>
<trkpt lat="48.95408" lon="4.37095"><ele>84</ele></trkpt>
<trkpt lat="48.95414" lon="4.37094"><ele>84</ele></trkpt>
<trkpt lat="48.95419" lon="4.37086"><ele>84</ele></trkpt>
<trkpt lat="48.95419" lon="4.37076"><ele>84</ele></trkpt>
<trkpt lat="48.95414" lon="4.37066"><ele>84</ele></trkpt>
<trkpt lat="48.95408" lon="4.37065"><ele>84</ele></trkpt>
<trkpt lat="48.95403" lon="4.37019"><ele>84</ele></trkpt>
<trkpt lat="48.95416" lon="4.36928"><ele>84</ele></trkpt>
<trkpt lat="48.95446" lon="4.36931"><ele>84</ele></trkpt>
<trkpt lat="48.95538" lon="4.36893"><ele>85</ele></trkpt>
<trkpt lat="48.95520" lon="4.36837"><ele>85</ele></trkpt>
<trkpt lat="48.95509" lon="4.36782"><ele>84</ele></trkpt>
<trkpt lat="48.95692" lon="4.36584"><ele>83</ele></trkpt>
<trkpt lat="48.95712" lon="4.36650"><ele>84</ele></trkpt>
<trkpt lat="48.95778" lon="4.36623"><ele>83</ele></trkpt>
<trkpt lat="48.95755" lon="4.36493"><ele>83</ele></trkpt>
<trkpt lat="48.95775" lon="4.36441"><ele>83</ele></trkpt>
<trkpt lat="48.95745" lon="4.36420"><ele>83</ele></trkpt>
<trkpt lat="48.95736" lon="4.36423"><ele>83</ele></trkpt>
<trkpt lat="48.95723" lon="4.36351"><ele>84</ele></trkpt>
<trkpt lat="48.95723" lon="4.36343"><ele>84</ele></trkpt>
<trkpt lat="48.95732" lon="4.36326"><ele>84</ele></trkpt>
<trkpt lat="48.95863" lon="4.36191"><ele>83</ele></trkpt>
<trkpt lat="48.95868" lon="4.36183"><ele>83</ele></trkpt>
<trkpt lat="48.95869" lon="4.36170"><ele>83</ele></trkpt>
<trkpt lat="48.95864" lon="4.36157"><ele>82</ele></trkpt>
<trkpt lat="48.95853" lon="4.36147"><ele>82</ele></trkpt>
<trkpt lat="48.95832" lon="4.36137"><ele>83</ele></trkpt>
<trkpt lat="48.95734" lon="4.36073"><ele>84</ele></trkpt>
<trkpt lat="48.95727" lon="4.36063"><ele>84</ele></trkpt>
<trkpt lat="48.95721" lon="4.36063"><ele>84</ele></trkpt>
<trkpt lat="48.95707" lon="4.35962"><ele>83</ele></trkpt>
<trkpt lat="48.95669" lon="4.35884"><ele>83</ele></trkpt>
<trkpt lat="48.95657" lon="4.35852"><ele>84</ele></trkpt>
<trkpt lat="48.95637" lon="4.35681"><ele>84</ele></trkpt>
<trkpt lat="48.95668" lon="4.35608"><ele>83</ele></trkpt>
<trkpt lat="48.95673" lon="4.35609"><ele>83</ele></trkpt>
<trkpt lat="48.95679" lon="4.35604"><ele>83</ele></trkpt>
<trkpt lat="48.95680" lon="4.35590"><ele>83</ele></trkpt>
<trkpt lat="48.95676" lon="4.35583"><ele>83</ele></trkpt>
<trkpt lat="48.95703" lon="4.35517"><ele>81</ele></trkpt>
<trkpt lat="48.95725" lon="4.35492"><ele>82</ele></trkpt>
<trkpt lat="48.95826" lon="4.35438"><ele>82</ele></trkpt>
<trkpt lat="48.95893" lon="4.35382"><ele>82</ele></trkpt>
<trkpt lat="48.96222" lon="4.34997"><ele>81</ele></trkpt>
<trkpt lat="48.96427" lon="4.34751"><ele>81</ele></trkpt>
<trkpt lat="48.96472" lon="4.34703"><ele>81</ele></trkpt>
<trkpt lat="48.96525" lon="4.34665"><ele>81</ele></trkpt>
<trkpt lat="48.96584" lon="4.34601"><ele>81</ele></trkpt>
<trkpt lat="48.96782" lon="4.34363"><ele>81</ele></trkpt>
<trkpt lat="48.96809" lon="4.34309"><ele>81</ele></trkpt>
<trkpt lat="48.96846" lon="4.34271"><ele>81</ele></trkpt>
<trkpt lat="48.97333" lon="4.33707"><ele>80</ele></trkpt>
<trkpt lat="48.97387" lon="4.33615"><ele>80</ele></trkpt>
<trkpt lat="48.97405" lon="4.33593"><ele>81</ele></trkpt>
<trkpt lat="48.97421" lon="4.33585"><ele>82</ele></trkpt>
<trkpt lat="48.97443" lon="4.33566"><ele>82</ele></trkpt>
<trkpt lat="48.97422" lon="4.33524"><ele>82</ele></trkpt>
<trkpt lat="48.97456" lon="4.33497"><ele>80</ele></trkpt>
<trkpt lat="48.97663" lon="4.33255"><ele>80</ele></trkpt>
<trkpt lat="48.97711" lon="4.33198"><ele>81</ele></trkpt>
<trkpt lat="48.97736" lon="4.33162"><ele>80</ele></trkpt>
<trkpt lat="48.97787" lon="4.33108"><ele>80</ele></trkpt>
<trkpt lat="48.97845" lon="4.33029"><ele>80</ele></trkpt>
<trkpt lat="48.97906" lon="4.32930"><ele>80</ele></trkpt>
<trkpt lat="48.97945" lon="4.32857"><ele>81</ele></trkpt>
<trkpt lat="48.98025" lon="4.32669"><ele>81</ele></trkpt>
<trkpt lat="48.98051" lon="4.32618"><ele>80</ele></trkpt>
<trkpt lat="48.98063" lon="4.32582"><ele>81</ele></trkpt>
<trkpt lat="48.98231" lon="4.32171"><ele>80</ele></trkpt>
<trkpt lat="48.98247" lon="4.32119"><ele>82</ele></trkpt>
<trkpt lat="48.98265" lon="4.32084"><ele>81</ele></trkpt>
<trkpt lat="48.98291" lon="4.32022"><ele>81</ele></trkpt>
<trkpt lat="48.98716" lon="4.31002"><ele>80</ele></trkpt>
<trkpt lat="48.98739" lon="4.30934"><ele>81</ele></trkpt>
<trkpt lat="48.98765" lon="4.30958"><ele>80</ele></trkpt>
<trkpt lat="48.98936" lon="4.31160"><ele>80</ele></trkpt>
<trkpt lat="48.99013" lon="4.31112"><ele>80</ele></trkpt>
<trkpt lat="48.99030" lon="4.31094"><ele>80</ele></trkpt>
<trkpt lat="48.99054" lon="4.31028"><ele>80</ele></trkpt>
<trkpt lat="48.99082" lon="4.30972"><ele>80</ele></trkpt>
<trkpt lat="48.99205" lon="4.30775"><ele>81</ele></trkpt>
<trkpt lat="48.99319" lon="4.30634"><ele>80</ele></trkpt>
<trkpt lat="48.99334" lon="4.30624"><ele>80</ele></trkpt>
<trkpt lat="48.99379" lon="4.30564"><ele>80</ele></trkpt>
<trkpt lat="48.99403" lon="4.30515"><ele>79</ele></trkpt>
<trkpt lat="48.99492" lon="4.30227"><ele>79</ele></trkpt>
<trkpt lat="48.99546" lon="4.30162"><ele>78</ele></trkpt>
<trkpt lat="48.99610" lon="4.30030"><ele>79</ele></trkpt>
<trkpt lat="48.99622" lon="4.29986"><ele>79</ele></trkpt>
<trkpt lat="48.99623" lon="4.29972"><ele>79</ele></trkpt>
<trkpt lat="48.99572" lon="4.29899"><ele>79</ele></trkpt>
<trkpt lat="48.99568" lon="4.29892"><ele>79</ele></trkpt>
<trkpt lat="48.99567" lon="4.29873"><ele>79</ele></trkpt>
<trkpt lat="48.99644" lon="4.29716"><ele>80</ele></trkpt>
<trkpt lat="48.99768" lon="4.29753"><ele>80</ele></trkpt>
<trkpt lat="48.99805" lon="4.29769"><ele>81</ele></trkpt>
<trkpt lat="48.99854" lon="4.29838"><ele>80</ele></trkpt>
<trkpt lat="48.99948" lon="4.29959"><ele>80</ele></trkpt>
<trkpt lat="49.00058" lon="4.29766"><ele>82</ele></trkpt>
<trkpt lat="49.00129" lon="4.29648"><ele>80</ele></trkpt>
<trkpt lat="49.00138" lon="4.29631"><ele>80</ele></trkpt>
<trkpt lat="49.00136" lon="4.29616"><ele>81</ele></trkpt>
<trkpt lat="48.99947" lon="4.29321"><ele>78</ele></trkpt>
<trkpt lat="48.99943" lon="4.29302"><ele>79</ele></trkpt>
<trkpt lat="48.99947" lon="4.29291"><ele>79</ele></trkpt>
<trkpt lat="49.00140" lon="4.28932"><ele>78</ele></trkpt>
<trkpt lat="49.00177" lon="4.28853"><ele>78</ele></trkpt>
<trkpt lat="49.00272" lon="4.28624"><ele>78</ele></trkpt>
<trkpt lat="49.00299" lon="4.28566"><ele>78</ele></trkpt>
<trkpt lat="49.00304" lon="4.28539"><ele>78</ele></trkpt>
<trkpt lat="49.00327" lon="4.28185"><ele>78</ele></trkpt>
<trkpt lat="49.00335" lon="4.28158"><ele>78</ele></trkpt>
<trkpt lat="49.00360" lon="4.28116"><ele>78</ele></trkpt>
<trkpt lat="49.00522" lon="4.27884"><ele>77</ele></trkpt>
<trkpt lat="49.00706" lon="4.27673"><ele>78</ele></trkpt>
<trkpt lat="49.00732" lon="4.27666"><ele>78</ele></trkpt>
<trkpt lat="49.00754" lon="4.27671"><ele>78</ele></trkpt>
<trkpt lat="49.00764" lon="4.27681"><ele>78</ele></trkpt>
<trkpt lat="49.01027" lon="4.28036"><ele>78</ele></trkpt>
<trkpt lat="49.01036" lon="4.28042"><ele>78</ele></trkpt>
<trkpt lat="49.01043" lon="4.28037"><ele>78</ele></trkpt>
<trkpt lat="49.01065" lon="4.27999"><ele>79</ele></trkpt>
<trkpt lat="49.01077" lon="4.28001"><ele>79</ele></trkpt>
<trkpt lat="49.01158" lon="4.28160"><ele>80</ele></trkpt>
<trkpt lat="49.01250" lon="4.28002"><ele>80</ele></trkpt>
<trkpt lat="49.01363" lon="4.27829"><ele>81</ele></trkpt>
<trkpt lat="49.01458" lon="4.27671"><ele>80</ele></trkpt>
<trkpt lat="49.01472" lon="4.27664"><ele>80</ele></trkpt>
<trkpt lat="49.01491" lon="4.27663"><ele>79</ele></trkpt>
<trkpt lat="49.01603" lon="4.27704"><ele>80</ele></trkpt>
<trkpt lat="49.01623" lon="4.27699"><ele>80</ele></trkpt>
<trkpt lat="49.01635" lon="4.27690"><ele>79</ele></trkpt>
<trkpt lat="49.01783" lon="4.27514"><ele>79</ele></trkpt>
<trkpt lat="49.02182" lon="4.27208"><ele>88</ele></trkpt>
<trkpt lat="49.02348" lon="4.26989"><ele>94</ele></trkpt>
<trkpt lat="49.02366" lon="4.26973"><ele>95</ele></trkpt>
<trkpt lat="49.02380" lon="4.26969"><ele>95</ele></trkpt>
<trkpt lat="49.02401" lon="4.26975"><ele>95</ele></trkpt>
<trkpt lat="49.02413" lon="4.26987"><ele>96</ele></trkpt>
<trkpt lat="49.02465" lon="4.27085"><ele>96</ele></trkpt>
<trkpt lat="49.02500" lon="4.27140"><ele>97</ele></trkpt>
<trkpt lat="49.02759" lon="4.27503"><ele>96</ele></trkpt>
<trkpt lat="49.03144" lon="4.28322"><ele>98</ele></trkpt>
<trkpt lat="49.03665" lon="4.29410"><ele>104</ele></trkpt>
<trkpt lat="49.03660" lon="4.29419"><ele>104</ele></trkpt>
<trkpt lat="49.03662" lon="4.29436"><ele>103</ele></trkpt>
<trkpt lat="49.03669" lon="4.29442"><ele>103</ele></trkpt>
<trkpt lat="49.03679" lon="4.29436"><ele>103</ele></trkpt>
<trkpt lat="49.03690" lon="4.29464"><ele>103</ele></trkpt>
<trkpt lat="49.03985" lon="4.30077"><ele>108</ele></trkpt>
<trkpt lat="49.03990" lon="4.30082"><ele>108</ele></trkpt>
<trkpt lat="49.04005" lon="4.30080"><ele>108</ele></trkpt>
<trkpt lat="49.04866" lon="4.29219"><ele>125</ele></trkpt>
<trkpt lat="49.04932" lon="4.29157"><ele>121</ele></trkpt>
<trkpt lat="49.05110" lon="4.29368"><ele>124</ele></trkpt>
<trkpt lat="49.05180" lon="4.29447"><ele>125</ele></trkpt>
<trkpt lat="49.05230" lon="4.29488"><ele>125</ele></trkpt>
<trkpt lat="49.05280" lon="4.29507"><ele>125</ele></trkpt>
<trkpt lat="49.05337" lon="4.29505"><ele>124</ele></trkpt>
<trkpt lat="49.05383" lon="4.29486"><ele>122</ele></trkpt>
<trkpt lat="49.05446" lon="4.29434"><ele>117</ele></trkpt>
<trkpt lat="49.05527" lon="4.29353"><ele>111</ele></trkpt>
<trkpt lat="49.05561" lon="4.29327"><ele>110</ele></trkpt>
<trkpt lat="49.05618" lon="4.29305"><ele>108</ele></trkpt>
<trkpt lat="49.05953" lon="4.29333"><ele>107</ele></trkpt>
<trkpt lat="49.06198" lon="4.29291"><ele>103</ele></trkpt>
<trkpt lat="49.06314" lon="4.29277"><ele>100</ele></trkpt>
<trkpt lat="49.06390" lon="4.29460"><ele>101</ele></trkpt>
<trkpt lat="49.06405" lon="4.29450"><ele>100</ele></trkpt>
<trkpt lat="49.06504" lon="4.29737"><ele>102</ele></trkpt>
<trkpt lat="49.06578" lon="4.29713"><ele>106</ele></trkpt>
<trkpt lat="49.06747" lon="4.29641"><ele>112</ele></trkpt>
<trkpt lat="49.06778" lon="4.29642"><ele>113</ele></trkpt>
<trkpt lat="49.06813" lon="4.29669"><ele>114</ele></trkpt>
<trkpt lat="49.06962" lon="4.29812"><ele>118</ele></trkpt>
<trkpt lat="49.07162" lon="4.29972"><ele>121</ele></trkpt>
<trkpt lat="49.07185" lon="4.29984"><ele>121</ele></trkpt>
<trkpt lat="49.07379" lon="4.30057"><ele>126</ele></trkpt>
<trkpt lat="49.07475" lon="4.30079"><ele>127</ele></trkpt>
<trkpt lat="49.07498" lon="4.30093"><ele>127</ele></trkpt>
<trkpt lat="49.07614" lon="4.30184"><ele>129</ele></trkpt>
<trkpt lat="49.07640" lon="4.30191"><ele>130</ele></trkpt>
<trkpt lat="49.07659" lon="4.30189"><ele>130</ele></trkpt>
<trkpt lat="49.07785" lon="4.30151"><ele>134</ele></trkpt>
<trkpt lat="49.07808" lon="4.30148"><ele>135</ele></trkpt>
<trkpt lat="49.07827" lon="4.30152"><ele>135</ele></trkpt>
<trkpt lat="49.08171" lon="4.30277"><ele>126</ele></trkpt>
<trkpt lat="49.09357" lon="4.30678"><ele>121</ele></trkpt>
<trkpt lat="49.09489" lon="4.30750"><ele>120</ele></trkpt>
<trkpt lat="49.10005" lon="4.31085"><ele>109</ele></trkpt>
<trkpt lat="49.10031" lon="4.31111"><ele>109</ele></trkpt>
<trkpt lat="49.10283" lon="4.31483"><ele>107</ele></trkpt>
<trkpt lat="49.10531" lon="4.31832"><ele>106</ele></trkpt>
<trkpt lat="49.10747" lon="4.31979"><ele>102</ele></trkpt>
<trkpt lat="49.10776" lon="4.31958"><ele>102</ele></trkpt>
<trkpt lat="49.10875" lon="4.31815"><ele>103</ele></trkpt>
<trkpt lat="49.11134" lon="4.32093"><ele>108</ele></trkpt>
<trkpt lat="49.11184" lon="4.32175"><ele>110</ele></trkpt>
<trkpt lat="49.11818" lon="4.33324"><ele>121</ele></trkpt>
<trkpt lat="49.11954" lon="4.33578"><ele>122</ele></trkpt>
<trkpt lat="49.11962" lon="4.33582"><ele>122</ele></trkpt>
<trkpt lat="49.11971" lon="4.33575"><ele>123</ele></trkpt>
<trkpt lat="49.11983" lon="4.33502"><ele>123</ele></trkpt>
<trkpt lat="49.11990" lon="4.33507"><ele>123</ele></trkpt>
<trkpt lat="49.12070" lon="4.33594"><ele>124</ele></trkpt>
<trkpt lat="49.12105" lon="4.33639"><ele>124</ele></trkpt>
<trkpt lat="49.12144" lon="4.33702"><ele>125</ele></trkpt>
<trkpt lat="49.12222" lon="4.33845"><ele>127</ele></trkpt>
<trkpt lat="49.12236" lon="4.33863"><ele>127</ele></trkpt>
<trkpt lat="49.12391" lon="4.33989"><ele>126</ele></trkpt>
<trkpt lat="49.12417" lon="4.34000"><ele>126</ele></trkpt>
<trkpt lat="49.12468" lon="4.34012"><ele>126</ele></trkpt>
<trkpt lat="49.12494" lon="4.34024"><ele>125</ele></trkpt>
<trkpt lat="49.12558" lon="4.34093"><ele>124</ele></trkpt>
<trkpt lat="49.12643" lon="4.34201"><ele>122</ele></trkpt>
<trkpt lat="49.12674" lon="4.34265"><ele>121</ele></trkpt>
<trkpt lat="49.12687" lon="4.34302"><ele>121</ele></trkpt>
<trkpt lat="49.12700" lon="4.34325"><ele>121</ele></trkpt>
<trkpt lat="49.12721" lon="4.34343"><ele>120</ele></trkpt>
<trkpt lat="49.12805" lon="4.34390"><ele>118</ele></trkpt>
<trkpt lat="49.12826" lon="4.34405"><ele>118</ele></trkpt>
<trkpt lat="49.12873" lon="4.34457"><ele>116</ele></trkpt>
<trkpt lat="49.12816" lon="4.34562"><ele>118</ele></trkpt>
<trkpt lat="49.12784" lon="4.34630"><ele>119</ele></trkpt>
<trkpt lat="49.12737" lon="4.34745"><ele>121</ele></trkpt>
<trkpt lat="49.12646" lon="4.34917"><ele>126</ele></trkpt>
<trkpt lat="49.12644" lon="4.34926"><ele>126</ele></trkpt>
<trkpt lat="49.12649" lon="4.35002"><ele>126</ele></trkpt>
<trkpt lat="49.12732" lon="4.35447"><ele>126</ele></trkpt>
<trkpt lat="49.12739" lon="4.35475"><ele>125</ele></trkpt>
<trkpt lat="49.12758" lon="4.35477"><ele>124</ele></trkpt>
<trkpt lat="49.12764" lon="4.35488"><ele>124</ele></trkpt>
<trkpt lat="49.12775" lon="4.35579"><ele>125</ele></trkpt>
<trkpt lat="49.12775" lon="4.35689"><ele>124</ele></trkpt>
<trkpt lat="49.12766" lon="4.35781"><ele>124</ele></trkpt>
<trkpt lat="49.12749" lon="4.35867"><ele>124</ele></trkpt>
<trkpt lat="49.12680" lon="4.36132"><ele>122</ele></trkpt>
<trkpt lat="49.12677" lon="4.36205"><ele>122</ele></trkpt>
<trkpt lat="49.12679" lon="4.36240"><ele>121</ele></trkpt>
<trkpt lat="49.13883" lon="4.36583"><ele>112</ele></trkpt>
<trkpt lat="49.13910" lon="4.36595"><ele>112</ele></trkpt>
<trkpt lat="49.13914" lon="4.36592"><ele>112</ele></trkpt>
<trkpt lat="49.14002" lon="4.36609"><ele>112</ele></trkpt>
<trkpt lat="49.14006" lon="4.36569"><ele>112</ele></trkpt>
<trkpt lat="49.14220" lon="4.36576"><ele>114</ele></trkpt>
<trkpt lat="49.14249" lon="4.36285"><ele>114</ele></trkpt>
<trkpt lat="49.14295" lon="4.36257"><ele>116</ele></trkpt>
<trkpt lat="49.14381" lon="4.36175"><ele>117</ele></trkpt>
<trkpt lat="49.14499" lon="4.35994"><ele>117</ele></trkpt>
<trkpt lat="49.14856" lon="4.35324"><ele>116</ele></trkpt>
<trkpt lat="49.14923" lon="4.35210"><ele>116</ele></trkpt>
<trkpt lat="49.15483" lon="4.34508"><ele>122</ele></trkpt>
<trkpt lat="49.15676" lon="4.34213"><ele>124</ele></trkpt>
<trkpt lat="49.15710" lon="4.34168"><ele>124</ele></trkpt>
<trkpt lat="49.15748" lon="4.34138"><ele>125</ele></trkpt>
<trkpt lat="49.15868" lon="4.34088"><ele>122</ele></trkpt>
<trkpt lat="49.15906" lon="4.34029"><ele>122</ele></trkpt>
<trkpt lat="49.15950" lon="4.34007"><ele>122</ele></trkpt>
<trkpt lat="49.15953" lon="4.33992"><ele>122</ele></trkpt>
<trkpt lat="49.15950" lon="4.33917"><ele>122</ele></trkpt>
<trkpt lat="49.15987" lon="4.33837"><ele>122</ele></trkpt>
<trkpt lat="49.16066" lon="4.33753"><ele>123</ele></trkpt>
<trkpt lat="49.16081" lon="4.33731"><ele>123</ele></trkpt>
<trkpt lat="49.16525" lon="4.32454"><ele>145</ele></trkpt>
<trkpt lat="49.16674" lon="4.32177"><ele>148</ele></trkpt>
<trkpt lat="49.16662" lon="4.32141"><ele>148</ele></trkpt>
<trkpt lat="49.16626" lon="4.31954"><ele>150</ele></trkpt>
<trkpt lat="49.16619" lon="4.31907"><ele>150</ele></trkpt>
<trkpt lat="49.16621" lon="4.31850"><ele>152</ele></trkpt>
<trkpt lat="49.16671" lon="4.31496"><ele>161</ele></trkpt>
<trkpt lat="49.16667" lon="4.31436"><ele>161</ele></trkpt>
<trkpt lat="49.16640" lon="4.31239"><ele>163</ele></trkpt>
<trkpt lat="49.16617" lon="4.31136"><ele>164</ele></trkpt>
<trkpt lat="49.16586" lon="4.30918"><ele>165</ele></trkpt>
<trkpt lat="49.16573" lon="4.30858"><ele>164</ele></trkpt>
<trkpt lat="49.16536" lon="4.30730"><ele>164</ele></trkpt>
<trkpt lat="49.16528" lon="4.30686"><ele>164</ele></trkpt>
<trkpt lat="49.16526" lon="4.30664"><ele>163</ele></trkpt>
<trkpt lat="49.16524" lon="4.30593"><ele>161</ele></trkpt>
<trkpt lat="49.16520" lon="4.30573"><ele>161</ele></trkpt>
<trkpt lat="49.16382" lon="4.30092"><ele>149</ele></trkpt>
<trkpt lat="49.16342" lon="4.29971"><ele>146</ele></trkpt>
<trkpt lat="49.16282" lon="4.29767"><ele>138</ele></trkpt>
<trkpt lat="49.16288" lon="4.29758"><ele>138</ele></trkpt>
<trkpt lat="49.16298" lon="4.29753"><ele>138</ele></trkpt>
<trkpt lat="49.16675" lon="4.29724"><ele>131</ele></trkpt>
<trkpt lat="49.16682" lon="4.29719"><ele>131</ele></trkpt>
<trkpt lat="49.16684" lon="4.29707"><ele>131</ele></trkpt>
<trkpt lat="49.16642" lon="4.29541"><ele>127</ele></trkpt>
<trkpt lat="49.16622" lon="4.29471"><ele>126</ele></trkpt>
<trkpt lat="49.16595" lon="4.29409"><ele>125</ele></trkpt>
<trkpt lat="49.16421" lon="4.29110"><ele>120</ele></trkpt>
<trkpt lat="49.16191" lon="4.28724"><ele>123</ele></trkpt>
<trkpt lat="49.16243" lon="4.28654"><ele>121</ele></trkpt>
<trkpt lat="49.16139" lon="4.28447"><ele>123</ele></trkpt>
<trkpt lat="49.16004" lon="4.28163"><ele>121</ele></trkpt>
<trkpt lat="49.15846" lon="4.27808"><ele>114</ele></trkpt>
<trkpt lat="49.15792" lon="4.27665"><ele>111</ele></trkpt>
<trkpt lat="49.15759" lon="4.27355"><ele>109</ele></trkpt>
<trkpt lat="49.15763" lon="4.27347"><ele>108</ele></trkpt>
<trkpt lat="49.15820" lon="4.27318"><ele>110</ele></trkpt>
<trkpt lat="49.15632" lon="4.26912"><ele>103</ele></trkpt>
<trkpt lat="49.15504" lon="4.26626"><ele>103</ele></trkpt>
<trkpt lat="49.15980" lon="4.26032"><ele>101</ele></trkpt>
<trkpt lat="49.15875" lon="4.25814"><ele>99</ele></trkpt>
<trkpt lat="49.15816" lon="4.25701"><ele>99</ele></trkpt>
<trkpt lat="49.15504" lon="4.25259"><ele>96</ele></trkpt>
<trkpt lat="49.15487" lon="4.25231"><ele>96</ele></trkpt>
<trkpt lat="49.15479" lon="4.25222"><ele>96</ele></trkpt>
<trkpt lat="49.15438" lon="4.25207"><ele>95</ele></trkpt>
<trkpt lat="49.15419" lon="4.25192"><ele>95</ele></trkpt>
<trkpt lat="49.15403" lon="4.25174"><ele>95</ele></trkpt>
<trkpt lat="49.15357" lon="4.25108"><ele>94</ele></trkpt>
<trkpt lat="49.15357" lon="4.25095"><ele>94</ele></trkpt>
<trkpt lat="49.15351" lon="4.25086"><ele>94</ele></trkpt>
<trkpt lat="49.15344" lon="4.25087"><ele>94</ele></trkpt>
<trkpt lat="49.15339" lon="4.25093"><ele>94</ele></trkpt>
<trkpt lat="49.15322" lon="4.25087"><ele>94</ele></trkpt>
<trkpt lat="49.15305" lon="4.25088"><ele>95</ele></trkpt>
<trkpt lat="49.15252" lon="4.25112"><ele>95</ele></trkpt>
<trkpt lat="49.15246" lon="4.25102"><ele>95</ele></trkpt>
<trkpt lat="49.15210" lon="4.25036"><ele>94</ele></trkpt>
<trkpt lat="49.15203" lon="4.25007"><ele>94</ele></trkpt>
<trkpt lat="49.15189" lon="4.24893"><ele>94</ele></trkpt>
<trkpt lat="49.15182" lon="4.24801"><ele>94</ele></trkpt>
<trkpt lat="49.15184" lon="4.24748"><ele>94</ele></trkpt>
<trkpt lat="49.15188" lon="4.24728"><ele>94</ele></trkpt>
<trkpt lat="49.15251" lon="4.24656"><ele>95</ele></trkpt>
<trkpt lat="49.15380" lon="4.24449"><ele>94</ele></trkpt>
<trkpt lat="49.15448" lon="4.24332"><ele>95</ele></trkpt>
<trkpt lat="49.15519" lon="4.24223"><ele>94</ele></trkpt>
<trkpt lat="49.15527" lon="4.24203"><ele>92</ele></trkpt>
<trkpt lat="49.15518" lon="4.24153"><ele>94</ele></trkpt>
<trkpt lat="49.15510" lon="4.24135"><ele>94</ele></trkpt>
<trkpt lat="49.15509" lon="4.24111"><ele>94</ele></trkpt>
<trkpt lat="49.15519" lon="4.24071"><ele>94</ele></trkpt>
<trkpt lat="49.15568" lon="4.23919"><ele>94</ele></trkpt>
<trkpt lat="49.15645" lon="4.23780"><ele>94</ele></trkpt>
<trkpt lat="49.15679" lon="4.23733"><ele>94</ele></trkpt>
<trkpt lat="49.15707" lon="4.23679"><ele>94</ele></trkpt>
<trkpt lat="49.15738" lon="4.23611"><ele>93</ele></trkpt>
<trkpt lat="49.15752" lon="4.23558"><ele>94</ele></trkpt>
<trkpt lat="49.15674" lon="4.23466"><ele>95</ele></trkpt>
<trkpt lat="49.16059" lon="4.22152"><ele>93</ele></trkpt>
<trkpt lat="49.16082" lon="4.22105"><ele>94</ele></trkpt>
<trkpt lat="49.16135" lon="4.22032"><ele>94</ele></trkpt>
<trkpt lat="49.16200" lon="4.21959"><ele>94</ele></trkpt>
<trkpt lat="49.16294" lon="4.21878"><ele>95</ele></trkpt>
<trkpt lat="49.16320" lon="4.21848"><ele>94</ele></trkpt>
<trkpt lat="49.16339" lon="4.21815"><ele>94</ele></trkpt>
<trkpt lat="49.16412" lon="4.21642"><ele>93</ele></trkpt>
<trkpt lat="49.16473" lon="4.21502"><ele>92</ele></trkpt>
<trkpt lat="49.16511" lon="4.21424"><ele>92</ele></trkpt>
<trkpt lat="49.16591" lon="4.21227"><ele>92</ele></trkpt>
<trkpt lat="49.16605" lon="4.21149"><ele>92</ele></trkpt>
<trkpt lat="49.16623" lon="4.20960"><ele>92</ele></trkpt>
<trkpt lat="49.16638" lon="4.20886"><ele>92</ele></trkpt>
<trkpt lat="49.16679" lon="4.20713"><ele>92</ele></trkpt>
<trkpt lat="49.16788" lon="4.20304"><ele>92</ele></trkpt>
<trkpt lat="49.16808" lon="4.20258"><ele>92</ele></trkpt>
<trkpt lat="49.16849" lon="4.20192"><ele>93</ele></trkpt>
<trkpt lat="49.16785" lon="4.20081"><ele>96</ele></trkpt>
<trkpt lat="49.17375" lon="4.19215"><ele>93</ele></trkpt>
<trkpt lat="49.17386" lon="4.19194"><ele>94</ele></trkpt>
<trkpt lat="49.17387" lon="4.19175"><ele>94</ele></trkpt>
<trkpt lat="49.17385" lon="4.19140"><ele>94</ele></trkpt>
<trkpt lat="49.17389" lon="4.19124"><ele>94</ele></trkpt>
<trkpt lat="49.17458" lon="4.19023"><ele>94</ele></trkpt>
<trkpt lat="49.17466" lon="4.19008"><ele>94</ele></trkpt>
<trkpt lat="49.17471" lon="4.18985"><ele>94</ele></trkpt>
<trkpt lat="49.17584" lon="4.18810"><ele>93</ele></trkpt>
<trkpt lat="49.17637" lon="4.18745"><ele>92</ele></trkpt>
<trkpt lat="49.17667" lon="4.18717"><ele>92</ele></trkpt>
<trkpt lat="49.17675" lon="4.18703"><ele>92</ele></trkpt>
<trkpt lat="49.17709" lon="4.18603"><ele>93</ele></trkpt>
<trkpt lat="49.17754" lon="4.18612"><ele>91</ele></trkpt>
<trkpt lat="49.18202" lon="4.17570"><ele>90</ele></trkpt>
<trkpt lat="49.18499" lon="4.16891"><ele>92</ele></trkpt>
<trkpt lat="49.18501" lon="4.16878"><ele>92</ele></trkpt>
<trkpt lat="49.18636" lon="4.16554"><ele>91</ele></trkpt>
<trkpt lat="49.18817" lon="4.16137"><ele>91</ele></trkpt>
<trkpt lat="49.18940" lon="4.15861"><ele>92</ele></trkpt>
<trkpt lat="49.18949" lon="4.15831"><ele>92</ele></trkpt>
<trkpt lat="49.19047" lon="4.15606"><ele>89</ele></trkpt>
<trkpt lat="49.19062" lon="4.15581"><ele>90</ele></trkpt>
<trkpt lat="49.19209" lon="4.15231"><ele>89</ele></trkpt>
<trkpt lat="49.19249" lon="4.15105"><ele>89</ele></trkpt>
<trkpt lat="49.19252" lon="4.15085"><ele>89</ele></trkpt>
<trkpt lat="49.19233" lon="4.15064"><ele>89</ele></trkpt>
<trkpt lat="49.19156" lon="4.14998"><ele>89</ele></trkpt>
<trkpt lat="49.19237" lon="4.14836"><ele>89</ele></trkpt>
<trkpt lat="49.19232" lon="4.14814"><ele>89</ele></trkpt>
<trkpt lat="49.19172" lon="4.14763"><ele>90</ele></trkpt>
<trkpt lat="49.19401" lon="4.14295"><ele>89</ele></trkpt>
<trkpt lat="49.19397" lon="4.14291"><ele>89</ele></trkpt>
<trkpt lat="49.19535" lon="4.14001"><ele>88</ele></trkpt>
<trkpt lat="49.19547" lon="4.13964"><ele>90</ele></trkpt>
<trkpt lat="49.19577" lon="4.13840"><ele>89</ele></trkpt>
<trkpt lat="49.19586" lon="4.13828"><ele>89</ele></trkpt>
<trkpt lat="49.19611" lon="4.13702"><ele>89</ele></trkpt>
<trkpt lat="49.19442" lon="4.13621"><ele>91</ele></trkpt>
<trkpt lat="49.19220" lon="4.13471"><ele>97</ele></trkpt>
<trkpt lat="49.19099" lon="4.13362"><ele>94</ele></trkpt>
<trkpt lat="49.18973" lon="4.13215"><ele>94</ele></trkpt>
<trkpt lat="49.18934" lon="4.13178"><ele>93</ele></trkpt>
<trkpt lat="49.18755" lon="4.13047"><ele>93</ele></trkpt>
<trkpt lat="49.18744" lon="4.13025"><ele>93</ele></trkpt>
<trkpt lat="49.18499" lon="4.12809"><ele>96</ele></trkpt>
<trkpt lat="49.18496" lon="4.12785"><ele>96</ele></trkpt>
<trkpt lat="49.18547" lon="4.12365"><ele>98</ele></trkpt>
<trkpt lat="49.18572" lon="4.12062"><ele>101</ele></trkpt>
<trkpt lat="49.18575" lon="4.12053"><ele>102</ele></trkpt>
<trkpt lat="49.18593" lon="4.12043"><ele>102</ele></trkpt>
<trkpt lat="49.18604" lon="4.12046"><ele>102</ele></trkpt>
<trkpt lat="49.18644" lon="4.12080"><ele>102</ele></trkpt>
<trkpt lat="49.18665" lon="4.12016"><ele>100</ele></trkpt>
<trkpt lat="49.18877" lon="4.11972"><ele>97</ele></trkpt>
<trkpt lat="49.18897" lon="4.11964"><ele>96</ele></trkpt>
<trkpt lat="49.18916" lon="4.11949"><ele>96</ele></trkpt>
<trkpt lat="49.19138" lon="4.11708"><ele>92</ele></trkpt>
<trkpt lat="49.19206" lon="4.11783"><ele>92</ele></trkpt>
<trkpt lat="49.19273" lon="4.11792"><ele>91</ele></trkpt>
<trkpt lat="49.19461" lon="4.11898"><ele>89</ele></trkpt>
<trkpt lat="49.19480" lon="4.11901"><ele>89</ele></trkpt>
<trkpt lat="49.19506" lon="4.11886"><ele>88</ele></trkpt>
<trkpt lat="49.19519" lon="4.11899"><ele>88</ele></trkpt>
<trkpt lat="49.19558" lon="4.12007"><ele>92</ele></trkpt>
<trkpt lat="49.19638" lon="4.12273"><ele>96</ele></trkpt>
<trkpt lat="49.19657" lon="4.12258"><ele>94</ele></trkpt>
<trkpt lat="49.19673" lon="4.12235"><ele>92</ele></trkpt>
<trkpt lat="49.19678" lon="4.12215"><ele>90</ele></trkpt>
<trkpt lat="49.19684" lon="4.12112"><ele>89</ele></trkpt>
<trkpt lat="49.19692" lon="4.12073"><ele>90</ele></trkpt>
<trkpt lat="49.19716" lon="4.12002"><ele>89</ele></trkpt>
<trkpt lat="49.19828" lon="4.11702"><ele>88</ele></trkpt>
<trkpt lat="49.19843" lon="4.11688"><ele>89</ele></trkpt>
<trkpt lat="49.19858" lon="4.11687"><ele>90</ele></trkpt>
<trkpt lat="49.19883" lon="4.11701"><ele>90</ele></trkpt>
<trkpt lat="49.19948" lon="4.11755"><ele>91</ele></trkpt>
<trkpt lat="49.20277" lon="4.12125"><ele>88</ele></trkpt>
<trkpt lat="49.20314" lon="4.12154"><ele>88</ele></trkpt>
<trkpt lat="49.20353" lon="4.12173"><ele>88</ele></trkpt>
<trkpt lat="49.20581" lon="4.12252"><ele>85</ele></trkpt>
<trkpt lat="49.20602" lon="4.12240"><ele>85</ele></trkpt>
<trkpt lat="49.20626" lon="4.12245"><ele>84</ele></trkpt>
<trkpt lat="49.20704" lon="4.12326"><ele>85</ele></trkpt>
<trkpt lat="49.20818" lon="4.12407"><ele>86</ele></trkpt>
<trkpt lat="49.20828" lon="4.12433"><ele>86</ele></trkpt>
<trkpt lat="49.20841" lon="4.12508"><ele>85</ele></trkpt>
<trkpt lat="49.20871" lon="4.12424"><ele>86</ele></trkpt>
<trkpt lat="49.21088" lon="4.11751"><ele>85</ele></trkpt>
<trkpt lat="49.21109" lon="4.11696"><ele>85</ele></trkpt>
<trkpt lat="49.21149" lon="4.11611"><ele>85</ele></trkpt>
<trkpt lat="49.21207" lon="4.11515"><ele>85</ele></trkpt>
<trkpt lat="49.21647" lon="4.10897"><ele>84</ele></trkpt>
<trkpt lat="49.21696" lon="4.10821"><ele>84</ele></trkpt>
<trkpt lat="49.21748" lon="4.10725"><ele>85</ele></trkpt>
<trkpt lat="49.22159" lon="4.09802"><ele>84</ele></trkpt>
<trkpt lat="49.22213" lon="4.09666"><ele>84</ele></trkpt>
<trkpt lat="49.22257" lon="4.09513"><ele>87</ele></trkpt>
<trkpt lat="49.22378" lon="4.08905"><ele>84</ele></trkpt>
<trkpt lat="49.22662" lon="4.07530"><ele>85</ele></trkpt>
<trkpt lat="49.22722" lon="4.07232"><ele>85</ele></trkpt>
<trkpt lat="49.22715" lon="4.07206"><ele>84</ele></trkpt>
<trkpt lat="49.22732" lon="4.07118"><ele>84</ele></trkpt>
<trkpt lat="49.22721" lon="4.07056"><ele>86</ele></trkpt>
<trkpt lat="49.22723" lon="4.07036"><ele>86</ele></trkpt>
<trkpt lat="49.22731" lon="4.07015"><ele>85</ele></trkpt>
<trkpt lat="49.22761" lon="4.06981"><ele>84</ele></trkpt>
<trkpt lat="49.22767" lon="4.06961"><ele>84</ele></trkpt>
<trkpt lat="49.22975" lon="4.05956"><ele>84</ele></trkpt>
<trkpt lat="49.23255" lon="4.04872"><ele>85</ele></trkpt>
<trkpt lat="49.23262" lon="4.04840"><ele>85</ele></trkpt>
<trkpt lat="49.23308" lon="4.04868"><ele>86</ele></trkpt>
<trkpt lat="49.23317" lon="4.04800"><ele>84</ele></trkpt>
<trkpt lat="49.23322" lon="4.04795"><ele>84</ele></trkpt>
<trkpt lat="49.23394" lon="4.04528"><ele>83</ele></trkpt>
<trkpt lat="49.23444" lon="4.04582"><ele>86</ele></trkpt>
<trkpt lat="49.23498" lon="4.04499"><ele>87</ele></trkpt>
<trkpt lat="49.23522" lon="4.04430"><ele>87</ele></trkpt>
<trkpt lat="49.23621" lon="4.04281"><ele>88</ele></trkpt>
<trkpt lat="49.23703" lon="4.04149"><ele>85</ele></trkpt>
<trkpt lat="49.24001" lon="4.04148"><ele>88</ele></trkpt>
<trkpt lat="49.24077" lon="4.04389"><ele>96</ele></trkpt>
<trkpt lat="49.24083" lon="4.04424"><ele>97</ele></trkpt>
<trkpt lat="49.24095" lon="4.04423"><ele>97</ele></trkpt>
<trkpt lat="49.24106" lon="4.04414"><ele>97</ele></trkpt>
<trkpt lat="49.24137" lon="4.04427"><ele>98</ele></trkpt>
<trkpt lat="49.24155" lon="4.04450"><ele>98</ele></trkpt>
<trkpt lat="49.24162" lon="4.04469"><ele>98</ele></trkpt>
<trkpt lat="49.24255" lon="4.04434"><ele>100</ele></trkpt>
<trkpt lat="49.24316" lon="4.04386"><ele>100</ele></trkpt>
<trkpt lat="49.24337" lon="4.04362"><ele>99</ele></trkpt>
<trkpt lat="49.24377" lon="4.04368"><ele>99</ele></trkpt>
<trkpt lat="49.24438" lon="4.04352"><ele>98</ele></trkpt>
<trkpt lat="49.24451" lon="4.04353"><ele>98</ele></trkpt>
<trkpt lat="49.24466" lon="4.04363"><ele>98</ele></trkpt>
<trkpt lat="49.24494" lon="4.04407"><ele>97</ele></trkpt>
<trkpt lat="49.24527" lon="4.04373"><ele>95</ele></trkpt>
<trkpt lat="49.24573" lon="4.04315"><ele>93</ele></trkpt>
<trkpt lat="49.24611" lon="4.04260"><ele>92</ele></trkpt>
<trkpt lat="49.24676" lon="4.04370"><ele>94</ele></trkpt>
<trkpt lat="49.24681" lon="4.04386"><ele>95</ele></trkpt>
<trkpt lat="49.24803" lon="4.04284"><ele>92</ele></trkpt>
<trkpt lat="49.24934" lon="4.04183"><ele>91</ele></trkpt>
<trkpt lat="49.25107" lon="4.04076"><ele>88</ele></trkpt>
<trkpt lat="49.25188" lon="4.04030"><ele>89</ele></trkpt>
<trkpt lat="49.25350" lon="4.03951"><ele>91</ele></trkpt>
<trkpt lat="49.25364" lon="4.03967"><ele>91</ele></trkpt>
<trkpt lat="49.25370" lon="4.03956"><ele>91</ele></trkpt>
<trkpt lat="49.25374" lon="4.03955"><ele>91</ele></trkpt>
<trkpt lat="49.25435" lon="4.03947"><ele>90</ele></trkpt>
<trkpt lat="49.25489" lon="4.03933"><ele>90</ele></trkpt>
<trkpt lat="49.25532" lon="4.03920"><ele>89</ele></trkpt>
<trkpt lat="49.25564" lon="4.03905"><ele>88</ele></trkpt>
<trkpt lat="49.25616" lon="4.03875"><ele>87</ele></trkpt>
<trkpt lat="49.25671" lon="4.03824"><ele>86</ele></trkpt>
<trkpt lat="49.25779" lon="4.03746"><ele>87</ele></trkpt>
<trkpt lat="49.25783" lon="4.03718"><ele>87</ele></trkpt>
<trkpt lat="49.25779" lon="4.03654"><ele>87</ele></trkpt>
<trkpt lat="49.25790" lon="4.03540"><ele>88</ele></trkpt>
<trkpt lat="49.25787" lon="4.03486"><ele>88</ele></trkpt>
<trkpt lat="49.25797" lon="4.03263"><ele>86</ele></trkpt>
<trkpt lat="49.25796" lon="4.03236"><ele>86</ele></trkpt>
<trkpt lat="49.25802" lon="4.03231"><ele>86</ele></trkpt>
<trkpt lat="49.25801" lon="4.03227"><ele>86</ele></trkpt>
<trkpt lat="49.25839" lon="4.03198"><ele>87</ele></trkpt>
    </trkseg>
  </trk>
</gpx>
