<?xml version="1.0" encoding="UTF-8"?>
<gpx version="1.1" creator="Gravel Kompass" xmlns="http://www.topografix.com/GPX/1/1">
  <metadata><name>Champagne-Gravel-Runde: Montagne de Reims, Côte des Blancs &amp; Côte des Bar – Etappe 3</name></metadata>
  <trk>
    <name>Etappe 3: Sézanne – Troyes</name>
    <trkseg>
      <trkpt lat="48.721002" lon="3.719247"><ele>142.8</ele></trkpt>
      <trkpt lat="48.721107" lon="3.719465"><ele>142.0</ele></trkpt>
      <trkpt lat="48.720723" lon="3.719906"><ele>142.5</ele></trkpt>
      <trkpt lat="48.720706" lon="3.719926"><ele>142.5</ele></trkpt>
      <trkpt lat="48.720688" lon="3.719948"><ele>142.5</ele></trkpt>
      <trkpt lat="48.720664" lon="3.719968"><ele>142.5</ele></trkpt>
      <trkpt lat="48.720633" lon="3.719992"><ele>142.8</ele></trkpt>
      <trkpt lat="48.719834" lon="3.720610"><ele>145.2</ele></trkpt>
      <trkpt lat="48.719740" lon="3.720683"><ele>145.5</ele></trkpt>
      <trkpt lat="48.718846" lon="3.721357"><ele>140.8</ele></trkpt>
      <trkpt lat="48.718350" lon="3.721730"><ele>138.8</ele></trkpt>
      <trkpt lat="48.718213" lon="3.721845"><ele>137.8</ele></trkpt>
      <trkpt lat="48.717720" lon="3.722240"><ele>135.8</ele></trkpt>
      <trkpt lat="48.717512" lon="3.722415"><ele>135.2</ele></trkpt>
      <trkpt lat="48.717150" lon="3.722698"><ele>134.5</ele></trkpt>
      <trkpt lat="48.717073" lon="3.722764"><ele>134.5</ele></trkpt>
      <trkpt lat="48.717020" lon="3.722808"><ele>134.5</ele></trkpt>
      <trkpt lat="48.716387" lon="3.723306"><ele>134.0</ele></trkpt>
      <trkpt lat="48.716189" lon="3.723496"><ele>132.5</ele></trkpt>
      <trkpt lat="48.715915" lon="3.723858"><ele>129.2</ele></trkpt>
      <trkpt lat="48.715882" lon="3.723922"><ele>129.0</ele></trkpt>
      <trkpt lat="48.715856" lon="3.723952"><ele>129.0</ele></trkpt>
      <trkpt lat="48.715817" lon="3.723993"><ele>128.8</ele></trkpt>
      <trkpt lat="48.715766" lon="3.724039"><ele>128.5</ele></trkpt>
      <trkpt lat="48.715654" lon="3.724190"><ele>127.5</ele></trkpt>
      <trkpt lat="48.715597" lon="3.724251"><ele>127.2</ele></trkpt>
      <trkpt lat="48.715547" lon="3.724277"><ele>126.8</ele></trkpt>
      <trkpt lat="48.715467" lon="3.724295"><ele>126.5</ele></trkpt>
      <trkpt lat="48.714943" lon="3.724329"><ele>125.2</ele></trkpt>
      <trkpt lat="48.714256" lon="3.724399"><ele>125.0</ele></trkpt>
      <trkpt lat="48.714223" lon="3.724403"><ele>125.0</ele></trkpt>
      <trkpt lat="48.714567" lon="3.725431"><ele>122.8</ele></trkpt>
      <trkpt lat="48.714762" lon="3.726013"><ele>122.0</ele></trkpt>
      <trkpt lat="48.714859" lon="3.726298"><ele>122.2</ele></trkpt>
      <trkpt lat="48.715227" lon="3.727328"><ele>122.8</ele></trkpt>
      <trkpt lat="48.715267" lon="3.727442"><ele>122.8</ele></trkpt>
      <trkpt lat="48.715308" lon="3.727557"><ele>122.8</ele></trkpt>
      <trkpt lat="48.714897" lon="3.727939"><ele>121.2</ele></trkpt>
      <trkpt lat="48.714761" lon="3.728065"><ele>120.8</ele></trkpt>
      <trkpt lat="48.714678" lon="3.728142"><ele>120.5</ele></trkpt>
      <trkpt lat="48.714498" lon="3.728321"><ele>120.0</ele></trkpt>
      <trkpt lat="48.714470" lon="3.728346"><ele>120.0</ele></trkpt>
      <trkpt lat="48.714402" lon="3.728402"><ele>119.8</ele></trkpt>
      <trkpt lat="48.714347" lon="3.728451"><ele>119.8</ele></trkpt>
      <trkpt lat="48.714254" lon="3.728537"><ele>119.2</ele></trkpt>
      <trkpt lat="48.713994" lon="3.728780"><ele>119.0</ele></trkpt>
      <trkpt lat="48.713680" lon="3.729079"><ele>118.2</ele></trkpt>
      <trkpt lat="48.713473" lon="3.729272"><ele>118.0</ele></trkpt>
      <trkpt lat="48.713447" lon="3.729297"><ele>118.0</ele></trkpt>
      <trkpt lat="48.713282" lon="3.729453"><ele>117.8</ele></trkpt>
      <trkpt lat="48.713128" lon="3.729599"><ele>117.5</ele></trkpt>
      <trkpt lat="48.713080" lon="3.729644"><ele>117.2</ele></trkpt>
      <trkpt lat="48.712514" lon="3.730180"><ele>117.0</ele></trkpt>
      <trkpt lat="48.711532" lon="3.731116"><ele>115.0</ele></trkpt>
      <trkpt lat="48.710983" lon="3.731639"><ele>114.5</ele></trkpt>
      <trkpt lat="48.709376" lon="3.733183"><ele>113.0</ele></trkpt>
      <trkpt lat="48.708350" lon="3.734154"><ele>113.8</ele></trkpt>
      <trkpt lat="48.707776" lon="3.734698"><ele>113.8</ele></trkpt>
      <trkpt lat="48.707629" lon="3.734845"><ele>113.2</ele></trkpt>
      <trkpt lat="48.706984" lon="3.735478"><ele>112.0</ele></trkpt>
      <trkpt lat="48.706690" lon="3.735767"><ele>112.0</ele></trkpt>
      <trkpt lat="48.706476" lon="3.736044"><ele>111.8</ele></trkpt>
      <trkpt lat="48.706357" lon="3.736184"><ele>111.8</ele></trkpt>
      <trkpt lat="48.706324" lon="3.736222"><ele>111.5</ele></trkpt>
      <trkpt lat="48.706206" lon="3.736338"><ele>111.5</ele></trkpt>
      <trkpt lat="48.705859" lon="3.736703"><ele>111.0</ele></trkpt>
      <trkpt lat="48.705798" lon="3.736735"><ele>111.2</ele></trkpt>
      <trkpt lat="48.705708" lon="3.736748"><ele>111.5</ele></trkpt>
      <trkpt lat="48.705638" lon="3.736727"><ele>111.8</ele></trkpt>
      <trkpt lat="48.705566" lon="3.736737"><ele>111.8</ele></trkpt>
      <trkpt lat="48.705501" lon="3.736774"><ele>111.8</ele></trkpt>
      <trkpt lat="48.705445" lon="3.736836"><ele>111.8</ele></trkpt>
      <trkpt lat="48.705401" lon="3.736918"><ele>111.2</ele></trkpt>
      <trkpt lat="48.705374" lon="3.737014"><ele>111.2</ele></trkpt>
      <trkpt lat="48.705366" lon="3.737071"><ele>111.2</ele></trkpt>
      <trkpt lat="48.705368" lon="3.737194"><ele>111.5</ele></trkpt>
      <trkpt lat="48.705395" lon="3.737311"><ele>111.5</ele></trkpt>
      <trkpt lat="48.705444" lon="3.737409"><ele>111.8</ele></trkpt>
      <trkpt lat="48.705504" lon="3.737474"><ele>111.8</ele></trkpt>
      <trkpt lat="48.705573" lon="3.737511"><ele>111.8</ele></trkpt>
      <trkpt lat="48.705647" lon="3.737517"><ele>111.5</ele></trkpt>
      <trkpt lat="48.705719" lon="3.737492"><ele>111.2</ele></trkpt>
      <trkpt lat="48.705783" lon="3.737438"><ele>111.0</ele></trkpt>
      <trkpt lat="48.705901" lon="3.737438"><ele>111.0</ele></trkpt>
      <trkpt lat="48.705965" lon="3.737454"><ele>111.0</ele></trkpt>
      <trkpt lat="48.706039" lon="3.737486"><ele>110.8</ele></trkpt>
      <trkpt lat="48.706154" lon="3.737529"><ele>111.0</ele></trkpt>
      <trkpt lat="48.706195" lon="3.737561"><ele>110.8</ele></trkpt>
      <trkpt lat="48.706983" lon="3.738144"><ele>110.8</ele></trkpt>
      <trkpt lat="48.707045" lon="3.738420"><ele>110.5</ele></trkpt>
      <trkpt lat="48.707090" lon="3.738523"><ele>110.2</ele></trkpt>
      <trkpt lat="48.707065" lon="3.738644"><ele>110.0</ele></trkpt>
      <trkpt lat="48.705517" lon="3.739936"><ele>109.0</ele></trkpt>
      <trkpt lat="48.703908" lon="3.742554"><ele>107.8</ele></trkpt>
      <trkpt lat="48.700620" lon="3.747848"><ele>106.8</ele></trkpt>
      <trkpt lat="48.700432" lon="3.748193"><ele>106.2</ele></trkpt>
      <trkpt lat="48.700176" lon="3.748769"><ele>106.2</ele></trkpt>
      <trkpt lat="48.699131" lon="3.750540"><ele>106.0</ele></trkpt>
      <trkpt lat="48.698956" lon="3.750959"><ele>106.0</ele></trkpt>
      <trkpt lat="48.698326" lon="3.752542"><ele>105.0</ele></trkpt>
      <trkpt lat="48.698081" lon="3.753215"><ele>105.2</ele></trkpt>
      <trkpt lat="48.697721" lon="3.753376"><ele>105.0</ele></trkpt>
      <trkpt lat="48.696176" lon="3.754150"><ele>103.8</ele></trkpt>
      <trkpt lat="48.694804" lon="3.754856"><ele>103.5</ele></trkpt>
      <trkpt lat="48.693184" lon="3.755656"><ele>103.0</ele></trkpt>
      <trkpt lat="48.693029" lon="3.755586"><ele>103.0</ele></trkpt>
      <trkpt lat="48.691997" lon="3.754903"><ele>103.8</ele></trkpt>
      <trkpt lat="48.691249" lon="3.754432"><ele>103.2</ele></trkpt>
      <trkpt lat="48.691018" lon="3.754695"><ele>104.0</ele></trkpt>
      <trkpt lat="48.690575" lon="3.755269"><ele>104.0</ele></trkpt>
      <trkpt lat="48.690532" lon="3.755332"><ele>103.8</ele></trkpt>
      <trkpt lat="48.690014" lon="3.756018"><ele>103.2</ele></trkpt>
      <trkpt lat="48.689890" lon="3.756120"><ele>103.0</ele></trkpt>
      <trkpt lat="48.689757" lon="3.756167"><ele>103.0</ele></trkpt>
      <trkpt lat="48.689624" lon="3.756170"><ele>103.0</ele></trkpt>
      <trkpt lat="48.689120" lon="3.756093"><ele>103.0</ele></trkpt>
      <trkpt lat="48.689015" lon="3.756076"><ele>103.0</ele></trkpt>
      <trkpt lat="48.688941" lon="3.756190"><ele>103.0</ele></trkpt>
      <trkpt lat="48.688718" lon="3.756585"><ele>102.5</ele></trkpt>
      <trkpt lat="48.688585" lon="3.756966"><ele>102.0</ele></trkpt>
      <trkpt lat="48.688408" lon="3.757862"><ele>102.0</ele></trkpt>
      <trkpt lat="48.688357" lon="3.758155"><ele>102.0</ele></trkpt>
      <trkpt lat="48.688285" lon="3.759172"><ele>102.0</ele></trkpt>
      <trkpt lat="48.688120" lon="3.759777"><ele>102.8</ele></trkpt>
      <trkpt lat="48.687914" lon="3.759833"><ele>103.0</ele></trkpt>
      <trkpt lat="48.686775" lon="3.761438"><ele>104.0</ele></trkpt>
      <trkpt lat="48.684722" lon="3.764308"><ele>101.5</ele></trkpt>
      <trkpt lat="48.684454" lon="3.764684"><ele>101.0</ele></trkpt>
      <trkpt lat="48.684239" lon="3.764845"><ele>101.0</ele></trkpt>
      <trkpt lat="48.683674" lon="3.765157"><ele>101.2</ele></trkpt>
      <trkpt lat="48.683539" lon="3.765231"><ele>101.8</ele></trkpt>
      <trkpt lat="48.681243" lon="3.766701"><ele>109.0</ele></trkpt>
      <trkpt lat="48.680967" lon="3.766905"><ele>109.8</ele></trkpt>
      <trkpt lat="48.680776" lon="3.767116"><ele>109.8</ele></trkpt>
      <trkpt lat="48.680471" lon="3.767624"><ele>108.0</ele></trkpt>
      <trkpt lat="48.676584" lon="3.775463"><ele>102.5</ele></trkpt>
      <trkpt lat="48.672110" lon="3.784486"><ele>102.0</ele></trkpt>
      <trkpt lat="48.667532" lon="3.793673"><ele>100.5</ele></trkpt>
      <trkpt lat="48.665749" lon="3.797509"><ele>101.0</ele></trkpt>
      <trkpt lat="48.662969" lon="3.804247"><ele>103.0</ele></trkpt>
      <trkpt lat="48.662253" lon="3.804066"><ele>102.8</ele></trkpt>
      <trkpt lat="48.661491" lon="3.804086"><ele>103.0</ele></trkpt>
      <trkpt lat="48.660768" lon="3.804254"><ele>103.5</ele></trkpt>
      <trkpt lat="48.660103" lon="3.804599"><ele>104.0</ele></trkpt>
      <trkpt lat="48.659504" lon="3.805092"><ele>104.2</ele></trkpt>
      <trkpt lat="48.659028" lon="3.805605"><ele>105.0</ele></trkpt>
      <trkpt lat="48.658590" lon="3.806277"><ele>105.5</ele></trkpt>
      <trkpt lat="48.658194" lon="3.806996"><ele>106.0</ele></trkpt>
      <trkpt lat="48.657817" lon="3.807992"><ele>106.0</ele></trkpt>
      <trkpt lat="48.657439" lon="3.809372"><ele>105.0</ele></trkpt>
      <trkpt lat="48.656806" lon="3.811874"><ele>103.0</ele></trkpt>
      <trkpt lat="48.655998" lon="3.815000"><ele>100.0</ele></trkpt>
      <trkpt lat="48.655666" lon="3.816027"><ele>99.0</ele></trkpt>
      <trkpt lat="48.655269" lon="3.817010"><ele>97.5</ele></trkpt>
      <trkpt lat="48.654665" lon="3.818202"><ele>95.8</ele></trkpt>
      <trkpt lat="48.654044" lon="3.819201"><ele>93.8</ele></trkpt>
      <trkpt lat="48.649561" lon="3.814589"><ele>91.0</ele></trkpt>
      <trkpt lat="48.646946" lon="3.811912"><ele>90.0</ele></trkpt>
      <trkpt lat="48.646840" lon="3.811898"><ele>90.0</ele></trkpt>
      <trkpt lat="48.646755" lon="3.811966"><ele>90.0</ele></trkpt>
      <trkpt lat="48.646308" lon="3.812739"><ele>90.0</ele></trkpt>
      <trkpt lat="48.646429" lon="3.812814"><ele>90.0</ele></trkpt>
      <trkpt lat="48.646464" lon="3.812932"><ele>90.0</ele></trkpt>
      <trkpt lat="48.642743" lon="3.823635"><ele>84.8</ele></trkpt>
      <trkpt lat="48.638444" lon="3.821715"><ele>82.0</ele></trkpt>
      <trkpt lat="48.634611" lon="3.820003"><ele>82.0</ele></trkpt>
      <trkpt lat="48.632093" lon="3.827357"><ele>79.2</ele></trkpt>
      <trkpt lat="48.631519" lon="3.826975"><ele>79.0</ele></trkpt>
      <trkpt lat="48.630937" lon="3.826558"><ele>79.0</ele></trkpt>
      <trkpt lat="48.630143" lon="3.826032"><ele>78.0</ele></trkpt>
      <trkpt lat="48.629397" lon="3.825418"><ele>78.0</ele></trkpt>
      <trkpt lat="48.629183" lon="3.825286"><ele>78.0</ele></trkpt>
      <trkpt lat="48.627841" lon="3.824616"><ele>79.0</ele></trkpt>
      <trkpt lat="48.627229" lon="3.824180"><ele>78.8</ele></trkpt>
      <trkpt lat="48.626693" lon="3.823799"><ele>78.8</ele></trkpt>
      <trkpt lat="48.626331" lon="3.823541"><ele>78.5</ele></trkpt>
      <trkpt lat="48.625984" lon="3.823295"><ele>78.0</ele></trkpt>
      <trkpt lat="48.625846" lon="3.823185"><ele>78.0</ele></trkpt>
      <trkpt lat="48.625782" lon="3.823124"><ele>77.8</ele></trkpt>
      <trkpt lat="48.625696" lon="3.823006"><ele>78.0</ele></trkpt>
      <trkpt lat="48.625623" lon="3.822879"><ele>78.0</ele></trkpt>
      <trkpt lat="48.624638" lon="3.820914"><ele>79.0</ele></trkpt>
      <trkpt lat="48.624505" lon="3.820649"><ele>79.0</ele></trkpt>
      <trkpt lat="48.624243" lon="3.820099"><ele>79.0</ele></trkpt>
      <trkpt lat="48.623134" lon="3.817598"><ele>79.8</ele></trkpt>
      <trkpt lat="48.621729" lon="3.814400"><ele>81.0</ele></trkpt>
      <trkpt lat="48.620160" lon="3.810831"><ele>82.5</ele></trkpt>
      <trkpt lat="48.617419" lon="3.804538"><ele>81.0</ele></trkpt>
      <trkpt lat="48.617028" lon="3.803820"><ele>81.0</ele></trkpt>
      <trkpt lat="48.616170" lon="3.802512"><ele>79.8</ele></trkpt>
      <trkpt lat="48.615922" lon="3.802133"><ele>79.0</ele></trkpt>
      <trkpt lat="48.613934" lon="3.799385"><ele>78.0</ele></trkpt>
      <trkpt lat="48.611849" lon="3.796551"><ele>77.8</ele></trkpt>
      <trkpt lat="48.611698" lon="3.796327"><ele>77.2</ele></trkpt>
      <trkpt lat="48.608658" lon="3.791977"><ele>76.0</ele></trkpt>
      <trkpt lat="48.608114" lon="3.790922"><ele>76.2</ele></trkpt>
      <trkpt lat="48.607038" lon="3.789261"><ele>76.0</ele></trkpt>
      <trkpt lat="48.606801" lon="3.788996"><ele>76.5</ele></trkpt>
      <trkpt lat="48.606722" lon="3.788907"><ele>76.8</ele></trkpt>
      <trkpt lat="48.606053" lon="3.788158"><ele>77.0</ele></trkpt>
      <trkpt lat="48.605684" lon="3.787647"><ele>77.0</ele></trkpt>
      <trkpt lat="48.605074" lon="3.787148"><ele>77.0</ele></trkpt>
      <trkpt lat="48.604791" lon="3.787086"><ele>77.0</ele></trkpt>
      <trkpt lat="48.604658" lon="3.787158"><ele>77.0</ele></trkpt>
      <trkpt lat="48.604456" lon="3.787266"><ele>77.0</ele></trkpt>
      <trkpt lat="48.604007" lon="3.786832"><ele>76.8</ele></trkpt>
      <trkpt lat="48.603909" lon="3.786724"><ele>76.2</ele></trkpt>
      <trkpt lat="48.603858" lon="3.786683"><ele>76.0</ele></trkpt>
      <trkpt lat="48.603815" lon="3.786660"><ele>76.0</ele></trkpt>
      <trkpt lat="48.603773" lon="3.786662"><ele>76.0</ele></trkpt>
      <trkpt lat="48.603726" lon="3.786679"><ele>76.0</ele></trkpt>
      <trkpt lat="48.603678" lon="3.786715"><ele>76.0</ele></trkpt>
      <trkpt lat="48.603375" lon="3.787047"><ele>76.5</ele></trkpt>
      <trkpt lat="48.602984" lon="3.787456"><ele>76.2</ele></trkpt>
      <trkpt lat="48.602702" lon="3.787738"><ele>77.0</ele></trkpt>
      <trkpt lat="48.602600" lon="3.787840"><ele>76.8</ele></trkpt>
      <trkpt lat="48.602036" lon="3.788560"><ele>76.8</ele></trkpt>
      <trkpt lat="48.601873" lon="3.788772"><ele>76.2</ele></trkpt>
      <trkpt lat="48.601756" lon="3.788887"><ele>76.0</ele></trkpt>
      <trkpt lat="48.601629" lon="3.788939"><ele>76.0</ele></trkpt>
      <trkpt lat="48.601556" lon="3.788945"><ele>76.0</ele></trkpt>
      <trkpt lat="48.601467" lon="3.788938"><ele>75.8</ele></trkpt>
      <trkpt lat="48.601352" lon="3.788916"><ele>75.8</ele></trkpt>
      <trkpt lat="48.601104" lon="3.788855"><ele>76.0</ele></trkpt>
      <trkpt lat="48.599712" lon="3.788478"><ele>74.0</ele></trkpt>
      <trkpt lat="48.599641" lon="3.788460"><ele>74.0</ele></trkpt>
      <trkpt lat="48.598150" lon="3.788088"><ele>74.8</ele></trkpt>
      <trkpt lat="48.597313" lon="3.787864"><ele>75.8</ele></trkpt>
      <trkpt lat="48.597265" lon="3.787840"><ele>75.8</ele></trkpt>
      <trkpt lat="48.597224" lon="3.787807"><ele>75.8</ele></trkpt>
      <trkpt lat="48.597066" lon="3.787531"><ele>75.5</ele></trkpt>
      <trkpt lat="48.595907" lon="3.785640"><ele>75.8</ele></trkpt>
      <trkpt lat="48.594956" lon="3.784078"><ele>76.0</ele></trkpt>
      <trkpt lat="48.594761" lon="3.783778"><ele>76.5</ele></trkpt>
      <trkpt lat="48.593894" lon="3.785059"><ele>75.0</ele></trkpt>
      <trkpt lat="48.593592" lon="3.785144"><ele>75.2</ele></trkpt>
      <trkpt lat="48.593172" lon="3.785224"><ele>75.5</ele></trkpt>
      <trkpt lat="48.592900" lon="3.785438"><ele>75.5</ele></trkpt>
      <trkpt lat="48.592657" lon="3.785810"><ele>76.0</ele></trkpt>
      <trkpt lat="48.589069" lon="3.778625"><ele>81.2</ele></trkpt>
      <trkpt lat="48.587764" lon="3.780026"><ele>83.0</ele></trkpt>
      <trkpt lat="48.585721" lon="3.773797"><ele>89.8</ele></trkpt>
      <trkpt lat="48.584607" lon="3.774681"><ele>91.0</ele></trkpt>
      <trkpt lat="48.582694" lon="3.775875"><ele>91.2</ele></trkpt>
      <trkpt lat="48.580883" lon="3.776975"><ele>94.0</ele></trkpt>
      <trkpt lat="48.580579" lon="3.777145"><ele>93.0</ele></trkpt>
      <trkpt lat="48.579762" lon="3.773970"><ele>86.5</ele></trkpt>
      <trkpt lat="48.578261" lon="3.774893"><ele>81.8</ele></trkpt>
      <trkpt lat="48.575564" lon="3.775934"><ele>83.0</ele></trkpt>
      <trkpt lat="48.575590" lon="3.776193"><ele>82.8</ele></trkpt>
      <trkpt lat="48.575625" lon="3.776548"><ele>82.5</ele></trkpt>
      <trkpt lat="48.574682" lon="3.777234"><ele>74.5</ele></trkpt>
      <trkpt lat="48.574439" lon="3.777411"><ele>73.5</ele></trkpt>
      <trkpt lat="48.573887" lon="3.777812"><ele>74.2</ele></trkpt>
      <trkpt lat="48.573240" lon="3.778267"><ele>72.5</ele></trkpt>
      <trkpt lat="48.572783" lon="3.778616"><ele>72.8</ele></trkpt>
      <trkpt lat="48.572668" lon="3.778655"><ele>72.8</ele></trkpt>
      <trkpt lat="48.572439" lon="3.778733"><ele>72.2</ele></trkpt>
      <trkpt lat="48.570147" lon="3.778675"><ele>72.0</ele></trkpt>
      <trkpt lat="48.569804" lon="3.778668"><ele>72.2</ele></trkpt>
      <trkpt lat="48.569029" lon="3.778673"><ele>72.5</ele></trkpt>
      <trkpt lat="48.565595" lon="3.778625"><ele>73.0</ele></trkpt>
      <trkpt lat="48.562856" lon="3.778531"><ele>73.5</ele></trkpt>
      <trkpt lat="48.562737" lon="3.778583"><ele>74.0</ele></trkpt>
      <trkpt lat="48.562680" lon="3.778669"><ele>74.0</ele></trkpt>
      <trkpt lat="48.562619" lon="3.778835"><ele>73.8</ele></trkpt>
      <trkpt lat="48.562596" lon="3.778896"><ele>73.5</ele></trkpt>
      <trkpt lat="48.562351" lon="3.778714"><ele>74.2</ele></trkpt>
      <trkpt lat="48.562000" lon="3.778569"><ele>73.5</ele></trkpt>
      <trkpt lat="48.561923" lon="3.778541"><ele>73.5</ele></trkpt>
      <trkpt lat="48.561726" lon="3.778517"><ele>74.0</ele></trkpt>
      <trkpt lat="48.561571" lon="3.778513"><ele>74.5</ele></trkpt>
      <trkpt lat="48.561391" lon="3.778510"><ele>74.8</ele></trkpt>
      <trkpt lat="48.561072" lon="3.778513"><ele>74.5</ele></trkpt>
      <trkpt lat="48.560868" lon="3.778521"><ele>74.5</ele></trkpt>
      <trkpt lat="48.560829" lon="3.778687"><ele>74.0</ele></trkpt>
      <trkpt lat="48.560724" lon="3.778968"><ele>72.5</ele></trkpt>
      <trkpt lat="48.560588" lon="3.779294"><ele>72.8</ele></trkpt>
      <trkpt lat="48.560447" lon="3.779530"><ele>72.5</ele></trkpt>
      <trkpt lat="48.560079" lon="3.779956"><ele>72.8</ele></trkpt>
      <trkpt lat="48.559925" lon="3.780195"><ele>72.5</ele></trkpt>
      <trkpt lat="48.559649" lon="3.780623"><ele>72.8</ele></trkpt>
      <trkpt lat="48.558533" lon="3.781619"><ele>74.5</ele></trkpt>
      <trkpt lat="48.557359" lon="3.780227"><ele>74.8</ele></trkpt>
      <trkpt lat="48.556237" lon="3.778914"><ele>74.8</ele></trkpt>
      <trkpt lat="48.556038" lon="3.778683"><ele>74.0</ele></trkpt>
      <trkpt lat="48.555193" lon="3.777885"><ele>74.0</ele></trkpt>
      <trkpt lat="48.554293" lon="3.777276"><ele>74.2</ele></trkpt>
      <trkpt lat="48.552629" lon="3.776308"><ele>74.8</ele></trkpt>
      <trkpt lat="48.552001" lon="3.775961"><ele>73.8</ele></trkpt>
      <trkpt lat="48.551635" lon="3.775745"><ele>72.2</ele></trkpt>
      <trkpt lat="48.550155" lon="3.774899"><ele>74.8</ele></trkpt>
      <trkpt lat="48.550041" lon="3.774555"><ele>74.2</ele></trkpt>
      <trkpt lat="48.548876" lon="3.771258"><ele>73.0</ele></trkpt>
      <trkpt lat="48.548553" lon="3.770360"><ele>73.0</ele></trkpt>
      <trkpt lat="48.548253" lon="3.769511"><ele>72.8</ele></trkpt>
      <trkpt lat="48.548024" lon="3.768876"><ele>74.0</ele></trkpt>
      <trkpt lat="48.547620" lon="3.767703"><ele>74.5</ele></trkpt>
      <trkpt lat="48.547538" lon="3.767484"><ele>74.2</ele></trkpt>
      <trkpt lat="48.547747" lon="3.767084"><ele>74.2</ele></trkpt>
      <trkpt lat="48.547889" lon="3.766737"><ele>74.0</ele></trkpt>
      <trkpt lat="48.547911" lon="3.766549"><ele>74.0</ele></trkpt>
      <trkpt lat="48.547786" lon="3.765869"><ele>74.0</ele></trkpt>
      <trkpt lat="48.547766" lon="3.765315"><ele>74.0</ele></trkpt>
      <trkpt lat="48.547785" lon="3.765105"><ele>73.8</ele></trkpt>
      <trkpt lat="48.547378" lon="3.764994"><ele>74.0</ele></trkpt>
      <trkpt lat="48.547349" lon="3.763931"><ele>73.2</ele></trkpt>
      <trkpt lat="48.547329" lon="3.763548"><ele>73.2</ele></trkpt>
      <trkpt lat="48.547269" lon="3.763213"><ele>73.0</ele></trkpt>
      <trkpt lat="48.547161" lon="3.762829"><ele>73.5</ele></trkpt>
      <trkpt lat="48.547002" lon="3.761976"><ele>74.0</ele></trkpt>
      <trkpt lat="48.546998" lon="3.761336"><ele>73.8</ele></trkpt>
      <trkpt lat="48.546640" lon="3.759988"><ele>74.0</ele></trkpt>
      <trkpt lat="48.546016" lon="3.760212"><ele>73.8</ele></trkpt>
      <trkpt lat="48.545841" lon="3.760228"><ele>73.8</ele></trkpt>
      <trkpt lat="48.545748" lon="3.760237"><ele>73.5</ele></trkpt>
      <trkpt lat="48.545335" lon="3.760250"><ele>73.0</ele></trkpt>
      <trkpt lat="48.545033" lon="3.760119"><ele>73.0</ele></trkpt>
      <trkpt lat="48.544900" lon="3.760136"><ele>72.2</ele></trkpt>
      <trkpt lat="48.544743" lon="3.760362"><ele>72.2</ele></trkpt>
      <trkpt lat="48.544727" lon="3.760330"><ele>72.0</ele></trkpt>
      <trkpt lat="48.544515" lon="3.760048"><ele>72.0</ele></trkpt>
      <trkpt lat="48.544305" lon="3.759780"><ele>72.8</ele></trkpt>
      <trkpt lat="48.544215" lon="3.759659"><ele>72.8</ele></trkpt>
      <trkpt lat="48.544128" lon="3.759490"><ele>72.0</ele></trkpt>
      <trkpt lat="48.543111" lon="3.758016"><ele>72.2</ele></trkpt>
      <trkpt lat="48.543009" lon="3.757849"><ele>73.2</ele></trkpt>
      <trkpt lat="48.542987" lon="3.757813"><ele>73.5</ele></trkpt>
      <trkpt lat="48.542388" lon="3.756990"><ele>73.0</ele></trkpt>
      <trkpt lat="48.541526" lon="3.755451"><ele>74.0</ele></trkpt>
      <trkpt lat="48.541115" lon="3.754718"><ele>73.8</ele></trkpt>
      <trkpt lat="48.540739" lon="3.754034"><ele>73.5</ele></trkpt>
      <trkpt lat="48.540080" lon="3.752874"><ele>73.8</ele></trkpt>
      <trkpt lat="48.539778" lon="3.752410"><ele>73.2</ele></trkpt>
      <trkpt lat="48.539335" lon="3.751870"><ele>73.0</ele></trkpt>
      <trkpt lat="48.538975" lon="3.751517"><ele>72.8</ele></trkpt>
      <trkpt lat="48.538799" lon="3.751364"><ele>73.0</ele></trkpt>
      <trkpt lat="48.538529" lon="3.751164"><ele>73.0</ele></trkpt>
      <trkpt lat="48.537829" lon="3.750822"><ele>73.0</ele></trkpt>
      <trkpt lat="48.537669" lon="3.750744"><ele>73.2</ele></trkpt>
      <trkpt lat="48.536395" lon="3.750309"><ele>73.8</ele></trkpt>
      <trkpt lat="48.536265" lon="3.750275"><ele>74.0</ele></trkpt>
      <trkpt lat="48.535469" lon="3.750072"><ele>73.8</ele></trkpt>
      <trkpt lat="48.533822" lon="3.749653"><ele>73.8</ele></trkpt>
      <trkpt lat="48.533777" lon="3.749644"><ele>73.5</ele></trkpt>
      <trkpt lat="48.533713" lon="3.749631"><ele>73.5</ele></trkpt>
      <trkpt lat="48.532854" lon="3.749429"><ele>73.8</ele></trkpt>
      <trkpt lat="48.532768" lon="3.749411"><ele>74.0</ele></trkpt>
      <trkpt lat="48.532471" lon="3.749331"><ele>74.0</ele></trkpt>
      <trkpt lat="48.532333" lon="3.749285"><ele>74.0</ele></trkpt>
      <trkpt lat="48.532151" lon="3.749209"><ele>73.2</ele></trkpt>
      <trkpt lat="48.532008" lon="3.749123"><ele>71.5</ele></trkpt>
      <trkpt lat="48.531823" lon="3.748992"><ele>72.5</ele></trkpt>
      <trkpt lat="48.531616" lon="3.748846"><ele>74.5</ele></trkpt>
      <trkpt lat="48.531503" lon="3.748755"><ele>74.0</ele></trkpt>
      <trkpt lat="48.531412" lon="3.748676"><ele>74.0</ele></trkpt>
      <trkpt lat="48.531284" lon="3.748540"><ele>73.8</ele></trkpt>
      <trkpt lat="48.531169" lon="3.748388"><ele>73.8</ele></trkpt>
      <trkpt lat="48.530990" lon="3.748099"><ele>73.8</ele></trkpt>
      <trkpt lat="48.530854" lon="3.747804"><ele>73.8</ele></trkpt>
      <trkpt lat="48.530801" lon="3.747665"><ele>73.5</ele></trkpt>
      <trkpt lat="48.530689" lon="3.747300"><ele>73.0</ele></trkpt>
      <trkpt lat="48.530636" lon="3.747053"><ele>73.0</ele></trkpt>
      <trkpt lat="48.529684" lon="3.748589"><ele>73.0</ele></trkpt>
      <trkpt lat="48.526430" lon="3.744344"><ele>73.0</ele></trkpt>
      <trkpt lat="48.521614" lon="3.738191"><ele>72.0</ele></trkpt>
      <trkpt lat="48.520566" lon="3.736834"><ele>72.0</ele></trkpt>
      <trkpt lat="48.520021" lon="3.736130"><ele>72.8</ele></trkpt>
      <trkpt lat="48.520004" lon="3.736083"><ele>72.8</ele></trkpt>
      <trkpt lat="48.519872" lon="3.735899"><ele>71.5</ele></trkpt>
      <trkpt lat="48.519817" lon="3.735827"><ele>71.5</ele></trkpt>
      <trkpt lat="48.519123" lon="3.734915"><ele>73.0</ele></trkpt>
      <trkpt lat="48.518950" lon="3.734732"><ele>73.0</ele></trkpt>
      <trkpt lat="48.518806" lon="3.734558"><ele>73.0</ele></trkpt>
      <trkpt lat="48.518493" lon="3.734102"><ele>73.0</ele></trkpt>
      <trkpt lat="48.519016" lon="3.732940"><ele>73.0</ele></trkpt>
      <trkpt lat="48.519005" lon="3.732926"><ele>73.0</ele></trkpt>
      <trkpt lat="48.518828" lon="3.732772"><ele>72.8</ele></trkpt>
      <trkpt lat="48.518040" lon="3.732072"><ele>73.0</ele></trkpt>
      <trkpt lat="48.517973" lon="3.732013"><ele>73.0</ele></trkpt>
      <trkpt lat="48.517898" lon="3.731959"><ele>73.0</ele></trkpt>
      <trkpt lat="48.517324" lon="3.731456"><ele>73.0</ele></trkpt>
      <trkpt lat="48.517288" lon="3.731433"><ele>73.0</ele></trkpt>
      <trkpt lat="48.517290" lon="3.731421"><ele>73.0</ele></trkpt>
      <trkpt lat="48.517294" lon="3.731395"><ele>73.0</ele></trkpt>
      <trkpt lat="48.517287" lon="3.731364"><ele>73.0</ele></trkpt>
      <trkpt lat="48.517131" lon="3.731214"><ele>73.0</ele></trkpt>
      <trkpt lat="48.517114" lon="3.731208"><ele>73.0</ele></trkpt>
      <trkpt lat="48.517090" lon="3.731216"><ele>73.0</ele></trkpt>
      <trkpt lat="48.517070" lon="3.731251"><ele>73.0</ele></trkpt>
      <trkpt lat="48.517016" lon="3.731187"><ele>73.0</ele></trkpt>
      <trkpt lat="48.516011" lon="3.730298"><ele>74.2</ele></trkpt>
      <trkpt lat="48.515871" lon="3.730174"><ele>74.8</ele></trkpt>
      <trkpt lat="48.515816" lon="3.730255"><ele>75.0</ele></trkpt>
      <trkpt lat="48.515743" lon="3.730366"><ele>75.0</ele></trkpt>
      <trkpt lat="48.515400" lon="3.730881"><ele>75.0</ele></trkpt>
      <trkpt lat="48.514559" lon="3.732090"><ele>74.8</ele></trkpt>
      <trkpt lat="48.513575" lon="3.733505"><ele>75.2</ele></trkpt>
      <trkpt lat="48.513813" lon="3.733580"><ele>74.2</ele></trkpt>
      <trkpt lat="48.513877" lon="3.733888"><ele>74.0</ele></trkpt>
      <trkpt lat="48.514109" lon="3.734484"><ele>73.8</ele></trkpt>
      <trkpt lat="48.513760" lon="3.734760"><ele>73.0</ele></trkpt>
      <trkpt lat="48.513605" lon="3.734878"><ele>73.0</ele></trkpt>
      <trkpt lat="48.513116" lon="3.735254"><ele>73.0</ele></trkpt>
      <trkpt lat="48.512947" lon="3.735358"><ele>73.0</ele></trkpt>
      <trkpt lat="48.512751" lon="3.735491"><ele>73.0</ele></trkpt>
      <trkpt lat="48.512662" lon="3.735580"><ele>73.2</ele></trkpt>
      <trkpt lat="48.512621" lon="3.735644"><ele>73.2</ele></trkpt>
      <trkpt lat="48.512299" lon="3.736492"><ele>73.0</ele></trkpt>
      <trkpt lat="48.512205" lon="3.736744"><ele>73.0</ele></trkpt>
      <trkpt lat="48.511760" lon="3.737902"><ele>73.2</ele></trkpt>
      <trkpt lat="48.511683" lon="3.738109"><ele>73.0</ele></trkpt>
      <trkpt lat="48.511618" lon="3.738280"><ele>73.5</ele></trkpt>
      <trkpt lat="48.510973" lon="3.739964"><ele>75.0</ele></trkpt>
      <trkpt lat="48.510894" lon="3.740170"><ele>74.8</ele></trkpt>
      <trkpt lat="48.510828" lon="3.740334"><ele>75.0</ele></trkpt>
      <trkpt lat="48.510733" lon="3.740548"><ele>75.0</ele></trkpt>
      <trkpt lat="48.510468" lon="3.741046"><ele>74.8</ele></trkpt>
      <trkpt lat="48.510421" lon="3.741118"><ele>74.5</ele></trkpt>
      <trkpt lat="48.510324" lon="3.741194"><ele>74.0</ele></trkpt>
      <trkpt lat="48.510258" lon="3.741230"><ele>74.0</ele></trkpt>
      <trkpt lat="48.510197" lon="3.741252"><ele>74.0</ele></trkpt>
      <trkpt lat="48.510091" lon="3.741262"><ele>74.0</ele></trkpt>
      <trkpt lat="48.509837" lon="3.741148"><ele>74.2</ele></trkpt>
      <trkpt lat="48.509317" lon="3.740989"><ele>75.0</ele></trkpt>
      <trkpt lat="48.508979" lon="3.740862"><ele>75.5</ele></trkpt>
      <trkpt lat="48.508188" lon="3.740500"><ele>77.0</ele></trkpt>
      <trkpt lat="48.508009" lon="3.740420"><ele>77.0</ele></trkpt>
      <trkpt lat="48.507996" lon="3.740491"><ele>77.0</ele></trkpt>
      <trkpt lat="48.507294" lon="3.744716"><ele>76.5</ele></trkpt>
      <trkpt lat="48.507262" lon="3.744706"><ele>76.8</ele></trkpt>
      <trkpt lat="48.507182" lon="3.744688"><ele>76.8</ele></trkpt>
      <trkpt lat="48.507143" lon="3.744679"><ele>76.8</ele></trkpt>
      <trkpt lat="48.507118" lon="3.744742"><ele>77.0</ele></trkpt>
      <trkpt lat="48.507075" lon="3.744791"><ele>77.0</ele></trkpt>
      <trkpt lat="48.507012" lon="3.744839"><ele>77.0</ele></trkpt>
      <trkpt lat="48.506969" lon="3.744899"><ele>77.0</ele></trkpt>
      <trkpt lat="48.506932" lon="3.744983"><ele>76.8</ele></trkpt>
      <trkpt lat="48.506881" lon="3.745045"><ele>76.8</ele></trkpt>
      <trkpt lat="48.506801" lon="3.745094"><ele>76.2</ele></trkpt>
      <trkpt lat="48.506630" lon="3.745114"><ele>76.0</ele></trkpt>
      <trkpt lat="48.506272" lon="3.745137"><ele>76.0</ele></trkpt>
      <trkpt lat="48.506272" lon="3.745203"><ele>76.2</ele></trkpt>
      <trkpt lat="48.506273" lon="3.745284"><ele>76.2</ele></trkpt>
      <trkpt lat="48.506240" lon="3.745335"><ele>76.2</ele></trkpt>
      <trkpt lat="48.506208" lon="3.745419"><ele>76.2</ele></trkpt>
      <trkpt lat="48.506201" lon="3.745461"><ele>76.0</ele></trkpt>
      <trkpt lat="48.506134" lon="3.745914"><ele>76.8</ele></trkpt>
      <trkpt lat="48.506043" lon="3.746417"><ele>77.0</ele></trkpt>
      <trkpt lat="48.505938" lon="3.746791"><ele>77.0</ele></trkpt>
      <trkpt lat="48.505915" lon="3.746868"><ele>77.0</ele></trkpt>
      <trkpt lat="48.505877" lon="3.746981"><ele>77.0</ele></trkpt>
      <trkpt lat="48.505654" lon="3.747818"><ele>77.0</ele></trkpt>
      <trkpt lat="48.505500" lon="3.748694"><ele>77.0</ele></trkpt>
      <trkpt lat="48.505485" lon="3.748773"><ele>77.0</ele></trkpt>
      <trkpt lat="48.505283" lon="3.750062"><ele>76.0</ele></trkpt>
      <trkpt lat="48.505251" lon="3.750253"><ele>76.0</ele></trkpt>
      <trkpt lat="48.505241" lon="3.750314"><ele>76.0</ele></trkpt>
      <trkpt lat="48.505225" lon="3.750408"><ele>76.0</ele></trkpt>
      <trkpt lat="48.505031" lon="3.751641"><ele>76.0</ele></trkpt>
      <trkpt lat="48.505014" lon="3.751664"><ele>76.0</ele></trkpt>
      <trkpt lat="48.504956" lon="3.751648"><ele>76.0</ele></trkpt>
      <trkpt lat="48.504896" lon="3.751633"><ele>76.0</ele></trkpt>
      <trkpt lat="48.504782" lon="3.751721"><ele>76.0</ele></trkpt>
      <trkpt lat="48.504766" lon="3.751818"><ele>76.0</ele></trkpt>
      <trkpt lat="48.504754" lon="3.751904"><ele>76.0</ele></trkpt>
      <trkpt lat="48.504821" lon="3.752086"><ele>76.0</ele></trkpt>
      <trkpt lat="48.504680" lon="3.752943"><ele>76.0</ele></trkpt>
      <trkpt lat="48.504660" lon="3.753058"><ele>76.0</ele></trkpt>
      <trkpt lat="48.504635" lon="3.753236"><ele>76.0</ele></trkpt>
      <trkpt lat="48.504615" lon="3.753354"><ele>76.0</ele></trkpt>
      <trkpt lat="48.504518" lon="3.753962"><ele>75.8</ele></trkpt>
      <trkpt lat="48.504424" lon="3.754503"><ele>75.2</ele></trkpt>
      <trkpt lat="48.504342" lon="3.754853"><ele>76.0</ele></trkpt>
      <trkpt lat="48.504284" lon="3.755059"><ele>76.0</ele></trkpt>
      <trkpt lat="48.504231" lon="3.755204"><ele>76.0</ele></trkpt>
      <trkpt lat="48.504146" lon="3.755237"><ele>76.0</ele></trkpt>
      <trkpt lat="48.504099" lon="3.755286"><ele>76.0</ele></trkpt>
      <trkpt lat="48.504080" lon="3.755339"><ele>76.0</ele></trkpt>
      <trkpt lat="48.504068" lon="3.755400"><ele>76.0</ele></trkpt>
      <trkpt lat="48.504055" lon="3.755484"><ele>76.0</ele></trkpt>
      <trkpt lat="48.504081" lon="3.755582"><ele>76.0</ele></trkpt>
      <trkpt lat="48.504083" lon="3.755617"><ele>76.0</ele></trkpt>
      <trkpt lat="48.503928" lon="3.756124"><ele>76.0</ele></trkpt>
      <trkpt lat="48.503882" lon="3.756322"><ele>76.0</ele></trkpt>
      <trkpt lat="48.503799" lon="3.756791"><ele>76.0</ele></trkpt>
      <trkpt lat="48.503773" lon="3.756992"><ele>76.0</ele></trkpt>
      <trkpt lat="48.503755" lon="3.757196"><ele>76.0</ele></trkpt>
      <trkpt lat="48.503742" lon="3.757465"><ele>76.0</ele></trkpt>
      <trkpt lat="48.503737" lon="3.757718"><ele>76.0</ele></trkpt>
      <trkpt lat="48.503731" lon="3.757753"><ele>76.0</ele></trkpt>
      <trkpt lat="48.503678" lon="3.757817"><ele>76.0</ele></trkpt>
      <trkpt lat="48.503647" lon="3.757912"><ele>76.0</ele></trkpt>
      <trkpt lat="48.503637" lon="3.757973"><ele>76.0</ele></trkpt>
      <trkpt lat="48.503636" lon="3.758020"><ele>76.0</ele></trkpt>
      <trkpt lat="48.503657" lon="3.758077"><ele>76.0</ele></trkpt>
      <trkpt lat="48.503752" lon="3.758229"><ele>76.0</ele></trkpt>
      <trkpt lat="48.503766" lon="3.758283"><ele>76.0</ele></trkpt>
      <trkpt lat="48.503764" lon="3.758436"><ele>76.0</ele></trkpt>
      <trkpt lat="48.503754" lon="3.758600"><ele>76.0</ele></trkpt>
      <trkpt lat="48.503705" lon="3.758970"><ele>76.2</ele></trkpt>
      <trkpt lat="48.503696" lon="3.759031"><ele>76.5</ele></trkpt>
      <trkpt lat="48.503750" lon="3.759058"><ele>76.5</ele></trkpt>
      <trkpt lat="48.503714" lon="3.759274"><ele>76.8</ele></trkpt>
      <trkpt lat="48.503513" lon="3.760481"><ele>76.0</ele></trkpt>
      <trkpt lat="48.503495" lon="3.760587"><ele>76.0</ele></trkpt>
      <trkpt lat="48.503478" lon="3.760688"><ele>76.0</ele></trkpt>
      <trkpt lat="48.503359" lon="3.761398"><ele>76.8</ele></trkpt>
      <trkpt lat="48.503352" lon="3.761441"><ele>76.8</ele></trkpt>
      <trkpt lat="48.503253" lon="3.762069"><ele>77.0</ele></trkpt>
      <trkpt lat="48.503215" lon="3.762073"><ele>77.0</ele></trkpt>
      <trkpt lat="48.503195" lon="3.762091"><ele>77.0</ele></trkpt>
      <trkpt lat="48.503171" lon="3.762150"><ele>77.0</ele></trkpt>
      <trkpt lat="48.503176" lon="3.762219"><ele>77.0</ele></trkpt>
      <trkpt lat="48.503189" lon="3.762248"><ele>77.0</ele></trkpt>
      <trkpt lat="48.503216" lon="3.762276"><ele>77.0</ele></trkpt>
      <trkpt lat="48.503253" lon="3.762281"><ele>77.0</ele></trkpt>
      <trkpt lat="48.503275" lon="3.762269"><ele>77.0</ele></trkpt>
      <trkpt lat="48.503294" lon="3.762246"><ele>77.0</ele></trkpt>
      <trkpt lat="48.503310" lon="3.762201"><ele>77.0</ele></trkpt>
      <trkpt lat="48.503422" lon="3.762245"><ele>76.8</ele></trkpt>
      <trkpt lat="48.503883" lon="3.762414"><ele>77.5</ele></trkpt>
      <trkpt lat="48.503905" lon="3.762423"><ele>77.5</ele></trkpt>
      <trkpt lat="48.504054" lon="3.762592"><ele>78.0</ele></trkpt>
      <trkpt lat="48.504106" lon="3.762635"><ele>78.2</ele></trkpt>
      <trkpt lat="48.504136" lon="3.762735"><ele>78.5</ele></trkpt>
      <trkpt lat="48.504163" lon="3.762780"><ele>78.8</ele></trkpt>
      <trkpt lat="48.504197" lon="3.762816"><ele>78.8</ele></trkpt>
      <trkpt lat="48.504239" lon="3.762841"><ele>78.5</ele></trkpt>
      <trkpt lat="48.504285" lon="3.762850"><ele>78.2</ele></trkpt>
      <trkpt lat="48.504330" lon="3.762841"><ele>78.2</ele></trkpt>
      <trkpt lat="48.504385" lon="3.762805"><ele>78.0</ele></trkpt>
      <trkpt lat="48.504429" lon="3.762744"><ele>78.0</ele></trkpt>
      <trkpt lat="48.504560" lon="3.762745"><ele>77.5</ele></trkpt>
      <trkpt lat="48.504808" lon="3.762799"><ele>76.5</ele></trkpt>
      <trkpt lat="48.505157" lon="3.762937"><ele>76.0</ele></trkpt>
      <trkpt lat="48.505223" lon="3.763010"><ele>76.0</ele></trkpt>
      <trkpt lat="48.505249" lon="3.763034"><ele>76.0</ele></trkpt>
      <trkpt lat="48.505261" lon="3.763100"><ele>76.0</ele></trkpt>
      <trkpt lat="48.505284" lon="3.763157"><ele>76.0</ele></trkpt>
      <trkpt lat="48.505318" lon="3.763202"><ele>76.0</ele></trkpt>
      <trkpt lat="48.505359" lon="3.763230"><ele>76.0</ele></trkpt>
      <trkpt lat="48.505313" lon="3.763490"><ele>76.0</ele></trkpt>
      <trkpt lat="48.505271" lon="3.763743"><ele>76.0</ele></trkpt>
      <trkpt lat="48.505236" lon="3.763737"><ele>76.0</ele></trkpt>
      <trkpt lat="48.505202" lon="3.763748"><ele>76.0</ele></trkpt>
      <trkpt lat="48.505172" lon="3.763775"><ele>76.0</ele></trkpt>
      <trkpt lat="48.505150" lon="3.763816"><ele>76.0</ele></trkpt>
      <trkpt lat="48.505137" lon="3.763865"><ele>76.0</ele></trkpt>
      <trkpt lat="48.504959" lon="3.763784"><ele>75.8</ele></trkpt>
      <trkpt lat="48.504815" lon="3.763720"><ele>75.5</ele></trkpt>
      <trkpt lat="48.504677" lon="3.763663"><ele>75.8</ele></trkpt>
      <trkpt lat="48.504534" lon="3.763604"><ele>76.0</ele></trkpt>
      <trkpt lat="48.504493" lon="3.763647"><ele>75.8</ele></trkpt>
      <trkpt lat="48.504413" lon="3.763666"><ele>76.0</ele></trkpt>
      <trkpt lat="48.504385" lon="3.763712"><ele>76.0</ele></trkpt>
      <trkpt lat="48.504154" lon="3.765070"><ele>76.0</ele></trkpt>
      <trkpt lat="48.504223" lon="3.765233"><ele>76.0</ele></trkpt>
      <trkpt lat="48.503934" lon="3.766939"><ele>76.0</ele></trkpt>
      <trkpt lat="48.503872" lon="3.766969"><ele>76.0</ele></trkpt>
      <trkpt lat="48.503841" lon="3.767161"><ele>76.0</ele></trkpt>
      <trkpt lat="48.503861" lon="3.767226"><ele>76.0</ele></trkpt>
      <trkpt lat="48.503831" lon="3.767457"><ele>76.0</ele></trkpt>
      <trkpt lat="48.504710" lon="3.767887"><ele>75.5</ele></trkpt>
      <trkpt lat="48.505366" lon="3.768252"><ele>75.5</ele></trkpt>
      <trkpt lat="48.504258" lon="3.770670"><ele>76.0</ele></trkpt>
      <trkpt lat="48.503786" lon="3.771962"><ele>75.0</ele></trkpt>
      <trkpt lat="48.503449" lon="3.772784"><ele>76.0</ele></trkpt>
      <trkpt lat="48.503164" lon="3.773355"><ele>75.5</ele></trkpt>
      <trkpt lat="48.503073" lon="3.773464"><ele>75.8</ele></trkpt>
      <trkpt lat="48.503073" lon="3.773629"><ele>75.8</ele></trkpt>
      <trkpt lat="48.503013" lon="3.774186"><ele>76.0</ele></trkpt>
      <trkpt lat="48.502951" lon="3.774601"><ele>76.0</ele></trkpt>
      <trkpt lat="48.502890" lon="3.774892"><ele>76.0</ele></trkpt>
      <trkpt lat="48.503940" lon="3.774809"><ele>75.0</ele></trkpt>
      <trkpt lat="48.504229" lon="3.774912"><ele>75.0</ele></trkpt>
      <trkpt lat="48.504373" lon="3.775037"><ele>75.0</ele></trkpt>
      <trkpt lat="48.504429" lon="3.775215"><ele>75.0</ele></trkpt>
      <trkpt lat="48.504436" lon="3.775876"><ele>75.0</ele></trkpt>
      <trkpt lat="48.504417" lon="3.776116"><ele>75.0</ele></trkpt>
      <trkpt lat="48.504351" lon="3.776323"><ele>75.0</ele></trkpt>
      <trkpt lat="48.504163" lon="3.776798"><ele>75.2</ele></trkpt>
      <trkpt lat="48.504117" lon="3.776951"><ele>75.8</ele></trkpt>
      <trkpt lat="48.504100" lon="3.777105"><ele>75.2</ele></trkpt>
      <trkpt lat="48.504115" lon="3.777297"><ele>75.0</ele></trkpt>
      <trkpt lat="48.504150" lon="3.777575"><ele>75.8</ele></trkpt>
      <trkpt lat="48.504065" lon="3.778355"><ele>76.0</ele></trkpt>
      <trkpt lat="48.503400" lon="3.778094"><ele>76.0</ele></trkpt>
      <trkpt lat="48.503169" lon="3.778003"><ele>75.5</ele></trkpt>
      <trkpt lat="48.503158" lon="3.778055"><ele>75.2</ele></trkpt>
      <trkpt lat="48.502994" lon="3.778526"><ele>75.8</ele></trkpt>
      <trkpt lat="48.502828" lon="3.778942"><ele>76.0</ele></trkpt>
      <trkpt lat="48.502279" lon="3.780081"><ele>76.0</ele></trkpt>
      <trkpt lat="48.502163" lon="3.780261"><ele>76.0</ele></trkpt>
      <trkpt lat="48.502323" lon="3.780921"><ele>76.5</ele></trkpt>
      <trkpt lat="48.502049" lon="3.781106"><ele>76.2</ele></trkpt>
      <trkpt lat="48.501834" lon="3.781221"><ele>76.2</ele></trkpt>
      <trkpt lat="48.501705" lon="3.781242"><ele>76.2</ele></trkpt>
      <trkpt lat="48.501612" lon="3.781239"><ele>76.8</ele></trkpt>
      <trkpt lat="48.501312" lon="3.781189"><ele>77.8</ele></trkpt>
      <trkpt lat="48.501267" lon="3.781176"><ele>77.5</ele></trkpt>
      <trkpt lat="48.501252" lon="3.781923"><ele>78.0</ele></trkpt>
      <trkpt lat="48.501235" lon="3.782862"><ele>78.0</ele></trkpt>
      <trkpt lat="48.501212" lon="3.784130"><ele>78.5</ele></trkpt>
      <trkpt lat="48.501206" lon="3.784367"><ele>79.2</ele></trkpt>
      <trkpt lat="48.501154" lon="3.784342"><ele>79.2</ele></trkpt>
      <trkpt lat="48.501091" lon="3.784312"><ele>79.2</ele></trkpt>
      <trkpt lat="48.500444" lon="3.784032"><ele>78.2</ele></trkpt>
      <trkpt lat="48.500168" lon="3.783936"><ele>78.0</ele></trkpt>
      <trkpt lat="48.500021" lon="3.783892"><ele>78.0</ele></trkpt>
      <trkpt lat="48.499231" lon="3.783697"><ele>78.0</ele></trkpt>
      <trkpt lat="48.498565" lon="3.783563"><ele>79.0</ele></trkpt>
      <trkpt lat="48.497041" lon="3.783299"><ele>79.8</ele></trkpt>
      <trkpt lat="48.497018" lon="3.783469"><ele>79.8</ele></trkpt>
      <trkpt lat="48.496630" lon="3.785308"><ele>80.0</ele></trkpt>
      <trkpt lat="48.495567" lon="3.790445"><ele>81.8</ele></trkpt>
      <trkpt lat="48.495385" lon="3.791329"><ele>82.0</ele></trkpt>
      <trkpt lat="48.495082" lon="3.792857"><ele>82.0</ele></trkpt>
      <trkpt lat="48.495025" lon="3.793145"><ele>82.0</ele></trkpt>
      <trkpt lat="48.494580" lon="3.795166"><ele>82.0</ele></trkpt>
      <trkpt lat="48.493659" lon="3.799619"><ele>83.0</ele></trkpt>
      <trkpt lat="48.493471" lon="3.800555"><ele>83.0</ele></trkpt>
      <trkpt lat="48.493279" lon="3.801506"><ele>84.0</ele></trkpt>
      <trkpt lat="48.492950" lon="3.803093"><ele>84.0</ele></trkpt>
      <trkpt lat="48.492444" lon="3.805422"><ele>85.0</ele></trkpt>
      <trkpt lat="48.492411" lon="3.805687"><ele>85.0</ele></trkpt>
      <trkpt lat="48.492380" lon="3.806997"><ele>84.2</ele></trkpt>
      <trkpt lat="48.492093" lon="3.812894"><ele>86.0</ele></trkpt>
      <trkpt lat="48.493255" lon="3.813543"><ele>85.0</ele></trkpt>
      <trkpt lat="48.495812" lon="3.814972"><ele>86.0</ele></trkpt>
      <trkpt lat="48.499272" lon="3.817207"><ele>84.5</ele></trkpt>
      <trkpt lat="48.499501" lon="3.817331"><ele>84.5</ele></trkpt>
      <trkpt lat="48.499573" lon="3.817534"><ele>85.2</ele></trkpt>
      <trkpt lat="48.499589" lon="3.817833"><ele>85.5</ele></trkpt>
      <trkpt lat="48.499519" lon="3.818533"><ele>86.0</ele></trkpt>
      <trkpt lat="48.499477" lon="3.818754"><ele>86.5</ele></trkpt>
      <trkpt lat="48.499381" lon="3.818994"><ele>86.8</ele></trkpt>
      <trkpt lat="48.499394" lon="3.819166"><ele>86.8</ele></trkpt>
      <trkpt lat="48.499486" lon="3.819285"><ele>87.0</ele></trkpt>
      <trkpt lat="48.499523" lon="3.819295"><ele>87.0</ele></trkpt>
      <trkpt lat="48.499540" lon="3.819300"><ele>87.0</ele></trkpt>
      <trkpt lat="48.499559" lon="3.819304"><ele>87.0</ele></trkpt>
      <trkpt lat="48.499621" lon="3.819317"><ele>87.0</ele></trkpt>
      <trkpt lat="48.499668" lon="3.819318"><ele>87.0</ele></trkpt>
      <trkpt lat="48.499734" lon="3.819475"><ele>86.8</ele></trkpt>
      <trkpt lat="48.499671" lon="3.820631"><ele>86.2</ele></trkpt>
      <trkpt lat="48.499699" lon="3.820797"><ele>86.0</ele></trkpt>
      <trkpt lat="48.499634" lon="3.820987"><ele>86.5</ele></trkpt>
      <trkpt lat="48.499564" lon="3.822737"><ele>87.0</ele></trkpt>
      <trkpt lat="48.499542" lon="3.828526"><ele>87.5</ele></trkpt>
      <trkpt lat="48.499532" lon="3.831363"><ele>86.2</ele></trkpt>
      <trkpt lat="48.499485" lon="3.833818"><ele>85.8</ele></trkpt>
      <trkpt lat="48.499477" lon="3.834247"><ele>85.8</ele></trkpt>
      <trkpt lat="48.499471" lon="3.837268"><ele>84.8</ele></trkpt>
      <trkpt lat="48.499466" lon="3.837366"><ele>84.8</ele></trkpt>
      <trkpt lat="48.499440" lon="3.837460"><ele>85.0</ele></trkpt>
      <trkpt lat="48.499369" lon="3.837557"><ele>84.8</ele></trkpt>
      <trkpt lat="48.499305" lon="3.837622"><ele>84.8</ele></trkpt>
      <trkpt lat="48.499328" lon="3.837743"><ele>84.2</ele></trkpt>
      <trkpt lat="48.499322" lon="3.839322"><ele>84.0</ele></trkpt>
      <trkpt lat="48.499309" lon="3.844198"><ele>82.8</ele></trkpt>
      <trkpt lat="48.499301" lon="3.847351"><ele>81.5</ele></trkpt>
      <trkpt lat="48.499300" lon="3.847423"><ele>81.2</ele></trkpt>
      <trkpt lat="48.499299" lon="3.847887"><ele>81.0</ele></trkpt>
      <trkpt lat="48.499300" lon="3.847953"><ele>81.0</ele></trkpt>
      <trkpt lat="48.499291" lon="3.849786"><ele>80.5</ele></trkpt>
      <trkpt lat="48.499275" lon="3.849964"><ele>80.5</ele></trkpt>
      <trkpt lat="48.499258" lon="3.850078"><ele>80.5</ele></trkpt>
      <trkpt lat="48.499211" lon="3.850283"><ele>80.8</ele></trkpt>
      <trkpt lat="48.499132" lon="3.850550"><ele>81.0</ele></trkpt>
      <trkpt lat="48.499077" lon="3.850670"><ele>81.0</ele></trkpt>
      <trkpt lat="48.499005" lon="3.850774"><ele>81.2</ele></trkpt>
      <trkpt lat="48.498967" lon="3.850835"><ele>81.5</ele></trkpt>
      <trkpt lat="48.498939" lon="3.850879"><ele>81.8</ele></trkpt>
      <trkpt lat="48.498813" lon="3.851073"><ele>82.0</ele></trkpt>
      <trkpt lat="48.498738" lon="3.851168"><ele>81.8</ele></trkpt>
      <trkpt lat="48.496584" lon="3.853097"><ele>85.5</ele></trkpt>
      <trkpt lat="48.496105" lon="3.853532"><ele>86.5</ele></trkpt>
      <trkpt lat="48.496120" lon="3.853579"><ele>86.8</ele></trkpt>
      <trkpt lat="48.496135" lon="3.853626"><ele>86.8</ele></trkpt>
      <trkpt lat="48.496165" lon="3.853668"><ele>86.2</ele></trkpt>
      <trkpt lat="48.496214" lon="3.853709"><ele>86.0</ele></trkpt>
      <trkpt lat="48.497138" lon="3.854333"><ele>84.0</ele></trkpt>
      <trkpt lat="48.498349" lon="3.855131"><ele>83.0</ele></trkpt>
      <trkpt lat="48.498881" lon="3.855476"><ele>83.0</ele></trkpt>
      <trkpt lat="48.498904" lon="3.855503"><ele>83.0</ele></trkpt>
      <trkpt lat="48.498917" lon="3.855537"><ele>83.0</ele></trkpt>
      <trkpt lat="48.498921" lon="3.855590"><ele>83.0</ele></trkpt>
      <trkpt lat="48.498883" lon="3.855767"><ele>83.5</ele></trkpt>
      <trkpt lat="48.498505" lon="3.856794"><ele>84.0</ele></trkpt>
      <trkpt lat="48.498347" lon="3.857174"><ele>84.0</ele></trkpt>
      <trkpt lat="48.498158" lon="3.857568"><ele>84.0</ele></trkpt>
      <trkpt lat="48.497986" lon="3.857894"><ele>84.0</ele></trkpt>
      <trkpt lat="48.497683" lon="3.858493"><ele>84.0</ele></trkpt>
      <trkpt lat="48.496655" lon="3.860430"><ele>84.0</ele></trkpt>
      <trkpt lat="48.496295" lon="3.861139"><ele>83.8</ele></trkpt>
      <trkpt lat="48.495097" lon="3.863451"><ele>82.5</ele></trkpt>
      <trkpt lat="48.494675" lon="3.864291"><ele>81.2</ele></trkpt>
      <trkpt lat="48.493129" lon="3.867310"><ele>82.2</ele></trkpt>
      <trkpt lat="48.492300" lon="3.868915"><ele>82.5</ele></trkpt>
      <trkpt lat="48.491746" lon="3.870012"><ele>82.5</ele></trkpt>
      <trkpt lat="48.491169" lon="3.871110"><ele>82.0</ele></trkpt>
      <trkpt lat="48.490688" lon="3.872085"><ele>83.0</ele></trkpt>
      <trkpt lat="48.489816" lon="3.873801"><ele>85.0</ele></trkpt>
      <trkpt lat="48.489025" lon="3.875257"><ele>86.0</ele></trkpt>
      <trkpt lat="48.488856" lon="3.875540"><ele>87.0</ele></trkpt>
      <trkpt lat="48.488351" lon="3.876508"><ele>87.2</ele></trkpt>
      <trkpt lat="48.487687" lon="3.877750"><ele>87.8</ele></trkpt>
      <trkpt lat="48.487303" lon="3.878453"><ele>88.8</ele></trkpt>
      <trkpt lat="48.487004" lon="3.878980"><ele>89.2</ele></trkpt>
      <trkpt lat="48.486724" lon="3.879524"><ele>90.0</ele></trkpt>
      <trkpt lat="48.486359" lon="3.880271"><ele>91.0</ele></trkpt>
      <trkpt lat="48.486051" lon="3.880954"><ele>91.0</ele></trkpt>
      <trkpt lat="48.485848" lon="3.881360"><ele>91.8</ele></trkpt>
      <trkpt lat="48.485757" lon="3.881579"><ele>90.8</ele></trkpt>
      <trkpt lat="48.485602" lon="3.881917"><ele>92.0</ele></trkpt>
      <trkpt lat="48.485507" lon="3.882105"><ele>91.5</ele></trkpt>
      <trkpt lat="48.485525" lon="3.882123"><ele>91.2</ele></trkpt>
      <trkpt lat="48.485726" lon="3.882331"><ele>90.8</ele></trkpt>
      <trkpt lat="48.486047" lon="3.882674"><ele>90.0</ele></trkpt>
      <trkpt lat="48.486158" lon="3.882788"><ele>89.8</ele></trkpt>
      <trkpt lat="48.486517" lon="3.883165"><ele>87.8</ele></trkpt>
      <trkpt lat="48.486619" lon="3.883273"><ele>87.0</ele></trkpt>
      <trkpt lat="48.486603" lon="3.883304"><ele>87.2</ele></trkpt>
      <trkpt lat="48.486440" lon="3.883621"><ele>87.8</ele></trkpt>
      <trkpt lat="48.486406" lon="3.883700"><ele>87.8</ele></trkpt>
      <trkpt lat="48.486286" lon="3.883975"><ele>88.5</ele></trkpt>
      <trkpt lat="48.486245" lon="3.884069"><ele>88.5</ele></trkpt>
      <trkpt lat="48.486192" lon="3.884193"><ele>88.8</ele></trkpt>
      <trkpt lat="48.485839" lon="3.885039"><ele>90.0</ele></trkpt>
      <trkpt lat="48.485530" lon="3.885742"><ele>90.2</ele></trkpt>
      <trkpt lat="48.484963" lon="3.886991"><ele>88.8</ele></trkpt>
      <trkpt lat="48.484928" lon="3.887070"><ele>88.2</ele></trkpt>
      <trkpt lat="48.484600" lon="3.887839"><ele>85.2</ele></trkpt>
      <trkpt lat="48.484492" lon="3.888117"><ele>85.0</ele></trkpt>
      <trkpt lat="48.483730" lon="3.890073"><ele>83.0</ele></trkpt>
      <trkpt lat="48.483149" lon="3.891587"><ele>87.0</ele></trkpt>
      <trkpt lat="48.482689" lon="3.892280"><ele>90.2</ele></trkpt>
      <trkpt lat="48.482107" lon="3.892725"><ele>93.2</ele></trkpt>
      <trkpt lat="48.480620" lon="3.893364"><ele>95.8</ele></trkpt>
      <trkpt lat="48.479672" lon="3.893863"><ele>97.0</ele></trkpt>
      <trkpt lat="48.478759" lon="3.894643"><ele>97.2</ele></trkpt>
      <trkpt lat="48.474611" lon="3.899131"><ele>97.5</ele></trkpt>
      <trkpt lat="48.474524" lon="3.899226"><ele>97.0</ele></trkpt>
      <trkpt lat="48.474111" lon="3.899672"><ele>94.8</ele></trkpt>
      <trkpt lat="48.473341" lon="3.900219"><ele>92.0</ele></trkpt>
      <trkpt lat="48.472230" lon="3.900930"><ele>88.0</ele></trkpt>
      <trkpt lat="48.472086" lon="3.901008"><ele>87.0</ele></trkpt>
      <trkpt lat="48.472011" lon="3.901064"><ele>86.2</ele></trkpt>
      <trkpt lat="48.471841" lon="3.901190"><ele>85.5</ele></trkpt>
      <trkpt lat="48.471737" lon="3.901268"><ele>85.2</ele></trkpt>
      <trkpt lat="48.471659" lon="3.901327"><ele>85.0</ele></trkpt>
      <trkpt lat="48.471594" lon="3.901369"><ele>85.0</ele></trkpt>
      <trkpt lat="48.471017" lon="3.901836"><ele>84.2</ele></trkpt>
      <trkpt lat="48.470367" lon="3.902393"><ele>84.0</ele></trkpt>
      <trkpt lat="48.470248" lon="3.902567"><ele>84.0</ele></trkpt>
      <trkpt lat="48.469626" lon="3.903480"><ele>85.0</ele></trkpt>
      <trkpt lat="48.469458" lon="3.903752"><ele>84.2</ele></trkpt>
      <trkpt lat="48.469431" lon="3.903788"><ele>84.2</ele></trkpt>
      <trkpt lat="48.469352" lon="3.903917"><ele>84.2</ele></trkpt>
      <trkpt lat="48.469229" lon="3.904099"><ele>84.0</ele></trkpt>
      <trkpt lat="48.468873" lon="3.904669"><ele>84.0</ele></trkpt>
      <trkpt lat="48.469126" lon="3.906073"><ele>84.8</ele></trkpt>
      <trkpt lat="48.469272" lon="3.906812"><ele>84.2</ele></trkpt>
      <trkpt lat="48.469376" lon="3.907376"><ele>84.2</ele></trkpt>
      <trkpt lat="48.469420" lon="3.907610"><ele>84.8</ele></trkpt>
      <trkpt lat="48.469476" lon="3.907916"><ele>84.2</ele></trkpt>
      <trkpt lat="48.469566" lon="3.908300"><ele>84.0</ele></trkpt>
      <trkpt lat="48.469722" lon="3.908609"><ele>85.8</ele></trkpt>
      <trkpt lat="48.469938" lon="3.908838"><ele>85.5</ele></trkpt>
      <trkpt lat="48.470259" lon="3.909075"><ele>82.5</ele></trkpt>
      <trkpt lat="48.470639" lon="3.909366"><ele>83.8</ele></trkpt>
      <trkpt lat="48.470784" lon="3.909522"><ele>84.5</ele></trkpt>
      <trkpt lat="48.471193" lon="3.910085"><ele>84.5</ele></trkpt>
      <trkpt lat="48.471324" lon="3.910344"><ele>85.5</ele></trkpt>
      <trkpt lat="48.471491" lon="3.910639"><ele>85.5</ele></trkpt>
      <trkpt lat="48.471537" lon="3.910705"><ele>85.2</ele></trkpt>
      <trkpt lat="48.471719" lon="3.911015"><ele>85.2</ele></trkpt>
      <trkpt lat="48.472151" lon="3.911796"><ele>83.8</ele></trkpt>
      <trkpt lat="48.472522" lon="3.912443"><ele>83.8</ele></trkpt>
      <trkpt lat="48.472674" lon="3.912709"><ele>83.5</ele></trkpt>
      <trkpt lat="48.473053" lon="3.913181"><ele>83.8</ele></trkpt>
      <trkpt lat="48.475022" lon="3.914817"><ele>83.8</ele></trkpt>
      <trkpt lat="48.475536" lon="3.915311"><ele>83.8</ele></trkpt>
      <trkpt lat="48.475763" lon="3.915634"><ele>83.5</ele></trkpt>
      <trkpt lat="48.476534" lon="3.917094"><ele>83.5</ele></trkpt>
      <trkpt lat="48.476916" lon="3.917934"><ele>83.5</ele></trkpt>
      <trkpt lat="48.477196" lon="3.918674"><ele>83.0</ele></trkpt>
      <trkpt lat="48.477975" lon="3.920637"><ele>83.0</ele></trkpt>
      <trkpt lat="48.478188" lon="3.921238"><ele>83.0</ele></trkpt>
      <trkpt lat="48.477008" lon="3.922182"><ele>83.0</ele></trkpt>
      <trkpt lat="48.476368" lon="3.922654"><ele>83.5</ele></trkpt>
      <trkpt lat="48.476126" lon="3.922955"><ele>83.0</ele></trkpt>
      <trkpt lat="48.475528" lon="3.924328"><ele>83.5</ele></trkpt>
      <trkpt lat="48.474518" lon="3.926560"><ele>83.0</ele></trkpt>
      <trkpt lat="48.473405" lon="3.927591"><ele>84.0</ele></trkpt>
      <trkpt lat="48.471727" lon="3.929050"><ele>83.8</ele></trkpt>
      <trkpt lat="48.469432" lon="3.931119"><ele>84.0</ele></trkpt>
      <trkpt lat="48.468732" lon="3.931786"><ele>84.0</ele></trkpt>
      <trkpt lat="48.469756" lon="3.933760"><ele>84.0</ele></trkpt>
      <trkpt lat="48.468760" lon="3.934908"><ele>84.0</ele></trkpt>
      <trkpt lat="48.468006" lon="3.934210"><ele>84.0</ele></trkpt>
      <trkpt lat="48.467843" lon="3.934275"><ele>84.0</ele></trkpt>
      <trkpt lat="48.467498" lon="3.934756"><ele>84.0</ele></trkpt>
      <trkpt lat="48.467469" lon="3.935035"><ele>84.0</ele></trkpt>
      <trkpt lat="48.467163" lon="3.935776"><ele>84.0</ele></trkpt>
      <trkpt lat="48.467131" lon="3.936024"><ele>84.0</ele></trkpt>
      <trkpt lat="48.467131" lon="3.936614"><ele>84.0</ele></trkpt>
      <trkpt lat="48.466932" lon="3.936914"><ele>84.0</ele></trkpt>
      <trkpt lat="48.466100" lon="3.937369"><ele>84.2</ele></trkpt>
      <trkpt lat="48.465923" lon="3.937475"><ele>84.5</ele></trkpt>
      <trkpt lat="48.465874" lon="3.937590"><ele>84.8</ele></trkpt>
      <trkpt lat="48.465777" lon="3.937360"><ele>84.8</ele></trkpt>
      <trkpt lat="48.465516" lon="3.936867"><ele>85.0</ele></trkpt>
      <trkpt lat="48.465777" lon="3.937360"><ele>84.8</ele></trkpt>
      <trkpt lat="48.465874" lon="3.937590"><ele>84.8</ele></trkpt>
      <trkpt lat="48.465901" lon="3.937782"><ele>84.8</ele></trkpt>
      <trkpt lat="48.465929" lon="3.937928"><ele>84.5</ele></trkpt>
      <trkpt lat="48.465943" lon="3.938014"><ele>84.2</ele></trkpt>
      <trkpt lat="48.465998" lon="3.938250"><ele>84.8</ele></trkpt>
      <trkpt lat="48.466371" lon="3.940459"><ele>84.5</ele></trkpt>
      <trkpt lat="48.466562" lon="3.941774"><ele>84.0</ele></trkpt>
      <trkpt lat="48.466607" lon="3.942793"><ele>85.0</ele></trkpt>
      <trkpt lat="48.466744" lon="3.943364"><ele>85.0</ele></trkpt>
      <trkpt lat="48.466814" lon="3.943546"><ele>85.0</ele></trkpt>
      <trkpt lat="48.467186" lon="3.944543"><ele>87.5</ele></trkpt>
      <trkpt lat="48.467021" lon="3.944562"><ele>88.2</ele></trkpt>
      <trkpt lat="48.466752" lon="3.944483"><ele>88.8</ele></trkpt>
      <trkpt lat="48.466473" lon="3.944363"><ele>88.5</ele></trkpt>
      <trkpt lat="48.466178" lon="3.944272"><ele>88.5</ele></trkpt>
      <trkpt lat="48.465872" lon="3.944226"><ele>88.2</ele></trkpt>
      <trkpt lat="48.465447" lon="3.944210"><ele>88.2</ele></trkpt>
      <trkpt lat="48.465042" lon="3.944248"><ele>88.8</ele></trkpt>
      <trkpt lat="48.464590" lon="3.944390"><ele>88.5</ele></trkpt>
      <trkpt lat="48.464062" lon="3.944610"><ele>88.8</ele></trkpt>
      <trkpt lat="48.463554" lon="3.944848"><ele>88.5</ele></trkpt>
      <trkpt lat="48.463096" lon="3.945111"><ele>88.0</ele></trkpt>
      <trkpt lat="48.462583" lon="3.945525"><ele>88.2</ele></trkpt>
      <trkpt lat="48.461399" lon="3.946772"><ele>88.2</ele></trkpt>
      <trkpt lat="48.460743" lon="3.947449"><ele>87.8</ele></trkpt>
      <trkpt lat="48.460172" lon="3.947906"><ele>87.8</ele></trkpt>
      <trkpt lat="48.459885" lon="3.948083"><ele>88.5</ele></trkpt>
      <trkpt lat="48.456636" lon="3.949736"><ele>87.0</ele></trkpt>
      <trkpt lat="48.455857" lon="3.950133"><ele>87.0</ele></trkpt>
      <trkpt lat="48.454477" lon="3.950835"><ele>87.0</ele></trkpt>
      <trkpt lat="48.453913" lon="3.951120"><ele>87.0</ele></trkpt>
      <trkpt lat="48.453506" lon="3.951326"><ele>87.2</ele></trkpt>
      <trkpt lat="48.453433" lon="3.951367"><ele>87.2</ele></trkpt>
      <trkpt lat="48.453300" lon="3.951442"><ele>87.0</ele></trkpt>
      <trkpt lat="48.453199" lon="3.951492"><ele>87.0</ele></trkpt>
      <trkpt lat="48.452053" lon="3.952051"><ele>87.0</ele></trkpt>
      <trkpt lat="48.451784" lon="3.952183"><ele>87.0</ele></trkpt>
      <trkpt lat="48.451572" lon="3.952275"><ele>87.5</ele></trkpt>
      <trkpt lat="48.451078" lon="3.952393"><ele>87.5</ele></trkpt>
      <trkpt lat="48.449907" lon="3.952693"><ele>88.5</ele></trkpt>
      <trkpt lat="48.449131" lon="3.952931"><ele>88.2</ele></trkpt>
      <trkpt lat="48.449041" lon="3.952967"><ele>88.2</ele></trkpt>
      <trkpt lat="48.448875" lon="3.953051"><ele>87.8</ele></trkpt>
      <trkpt lat="48.448598" lon="3.953215"><ele>88.0</ele></trkpt>
      <trkpt lat="48.448586" lon="3.953167"><ele>88.0</ele></trkpt>
      <trkpt lat="48.448577" lon="3.952972"><ele>87.8</ele></trkpt>
      <trkpt lat="48.448569" lon="3.951938"><ele>86.8</ele></trkpt>
      <trkpt lat="48.448547" lon="3.948833"><ele>86.5</ele></trkpt>
      <trkpt lat="48.448545" lon="3.948628"><ele>86.0</ele></trkpt>
      <trkpt lat="48.448521" lon="3.946725"><ele>86.5</ele></trkpt>
      <trkpt lat="48.448513" lon="3.945203"><ele>86.0</ele></trkpt>
      <trkpt lat="48.448498" lon="3.944973"><ele>86.0</ele></trkpt>
      <trkpt lat="48.448469" lon="3.944781"><ele>86.0</ele></trkpt>
      <trkpt lat="48.448445" lon="3.944660"><ele>86.0</ele></trkpt>
      <trkpt lat="48.448383" lon="3.944438"><ele>86.8</ele></trkpt>
      <trkpt lat="48.448334" lon="3.944306"><ele>86.8</ele></trkpt>
      <trkpt lat="48.448260" lon="3.944148"><ele>86.5</ele></trkpt>
      <trkpt lat="48.448103" lon="3.943869"><ele>87.5</ele></trkpt>
      <trkpt lat="48.447730" lon="3.943273"><ele>89.0</ele></trkpt>
      <trkpt lat="48.447548" lon="3.942944"><ele>88.0</ele></trkpt>
      <trkpt lat="48.447520" lon="3.942899"><ele>88.2</ele></trkpt>
      <trkpt lat="48.447496" lon="3.942924"><ele>88.2</ele></trkpt>
      <trkpt lat="48.447451" lon="3.942973"><ele>88.0</ele></trkpt>
      <trkpt lat="48.446982" lon="3.943444"><ele>86.5</ele></trkpt>
      <trkpt lat="48.446906" lon="3.943481"><ele>86.2</ele></trkpt>
      <trkpt lat="48.446644" lon="3.943578"><ele>86.0</ele></trkpt>
      <trkpt lat="48.445804" lon="3.943592"><ele>87.8</ele></trkpt>
      <trkpt lat="48.445465" lon="3.943669"><ele>88.0</ele></trkpt>
      <trkpt lat="48.445391" lon="3.943673"><ele>88.0</ele></trkpt>
      <trkpt lat="48.445216" lon="3.943649"><ele>87.8</ele></trkpt>
      <trkpt lat="48.445066" lon="3.943650"><ele>87.8</ele></trkpt>
      <trkpt lat="48.443227" lon="3.943753"><ele>87.5</ele></trkpt>
      <trkpt lat="48.438310" lon="3.943952"><ele>87.8</ele></trkpt>
      <trkpt lat="48.437729" lon="3.944019"><ele>87.0</ele></trkpt>
      <trkpt lat="48.437159" lon="3.944124"><ele>87.8</ele></trkpt>
      <trkpt lat="48.435992" lon="3.944406"><ele>87.5</ele></trkpt>
      <trkpt lat="48.434100" lon="3.944984"><ele>87.8</ele></trkpt>
      <trkpt lat="48.432821" lon="3.945587"><ele>87.8</ele></trkpt>
      <trkpt lat="48.430965" lon="3.946599"><ele>87.5</ele></trkpt>
      <trkpt lat="48.429947" lon="3.947314"><ele>88.5</ele></trkpt>
      <trkpt lat="48.428622" lon="3.948244"><ele>88.0</ele></trkpt>
      <trkpt lat="48.427432" lon="3.949313"><ele>88.2</ele></trkpt>
      <trkpt lat="48.424137" lon="3.952310"><ele>88.2</ele></trkpt>
      <trkpt lat="48.423712" lon="3.952678"><ele>89.5</ele></trkpt>
      <trkpt lat="48.423683" lon="3.952722"><ele>89.8</ele></trkpt>
      <trkpt lat="48.423644" lon="3.952791"><ele>90.5</ele></trkpt>
      <trkpt lat="48.423322" lon="3.953107"><ele>90.0</ele></trkpt>
      <trkpt lat="48.423299" lon="3.953166"><ele>89.0</ele></trkpt>
      <trkpt lat="48.423100" lon="3.953368"><ele>88.8</ele></trkpt>
      <trkpt lat="48.423025" lon="3.953384"><ele>89.2</ele></trkpt>
      <trkpt lat="48.423003" lon="3.953319"><ele>88.8</ele></trkpt>
      <trkpt lat="48.422947" lon="3.953150"><ele>88.0</ele></trkpt>
      <trkpt lat="48.422844" lon="3.952780"><ele>88.5</ele></trkpt>
      <trkpt lat="48.422761" lon="3.952423"><ele>88.5</ele></trkpt>
      <trkpt lat="48.422633" lon="3.951619"><ele>88.2</ele></trkpt>
      <trkpt lat="48.422598" lon="3.951243"><ele>88.2</ele></trkpt>
      <trkpt lat="48.422662" lon="3.950825"><ele>89.0</ele></trkpt>
      <trkpt lat="48.422612" lon="3.949945"><ele>88.2</ele></trkpt>
      <trkpt lat="48.422498" lon="3.949763"><ele>87.8</ele></trkpt>
      <trkpt lat="48.422391" lon="3.949312"><ele>87.5</ele></trkpt>
      <trkpt lat="48.422256" lon="3.949033"><ele>87.8</ele></trkpt>
      <trkpt lat="48.421843" lon="3.947542"><ele>88.0</ele></trkpt>
      <trkpt lat="48.421395" lon="3.945997"><ele>87.8</ele></trkpt>
      <trkpt lat="48.421256" lon="3.945537"><ele>88.5</ele></trkpt>
      <trkpt lat="48.421181" lon="3.945257"><ele>89.5</ele></trkpt>
      <trkpt lat="48.421101" lon="3.945027"><ele>89.0</ele></trkpt>
      <trkpt lat="48.420897" lon="3.945131"><ele>89.5</ele></trkpt>
      <trkpt lat="48.420555" lon="3.945240"><ele>89.0</ele></trkpt>
      <trkpt lat="48.419921" lon="3.945356"><ele>89.0</ele></trkpt>
      <trkpt lat="48.419545" lon="3.945418"><ele>89.2</ele></trkpt>
      <trkpt lat="48.419428" lon="3.945416"><ele>89.5</ele></trkpt>
      <trkpt lat="48.419304" lon="3.945382"><ele>89.5</ele></trkpt>
      <trkpt lat="48.419197" lon="3.945340"><ele>89.8</ele></trkpt>
      <trkpt lat="48.419004" lon="3.945340"><ele>89.8</ele></trkpt>
      <trkpt lat="48.418794" lon="3.945429"><ele>90.0</ele></trkpt>
      <trkpt lat="48.418540" lon="3.945523"><ele>90.2</ele></trkpt>
      <trkpt lat="48.418192" lon="3.944346"><ele>93.0</ele></trkpt>
      <trkpt lat="48.418143" lon="3.944258"><ele>93.0</ele></trkpt>
      <trkpt lat="48.417263" lon="3.941397"><ele>92.8</ele></trkpt>
      <trkpt lat="48.417232" lon="3.941298"><ele>92.8</ele></trkpt>
      <trkpt lat="48.417218" lon="3.941251"><ele>92.8</ele></trkpt>
      <trkpt lat="48.417183" lon="3.941138"><ele>92.8</ele></trkpt>
      <trkpt lat="48.414991" lon="3.942775"><ele>93.8</ele></trkpt>
      <trkpt lat="48.413852" lon="3.943602"><ele>94.0</ele></trkpt>
      <trkpt lat="48.412763" lon="3.944406"><ele>94.0</ele></trkpt>
      <trkpt lat="48.412200" lon="3.944796"><ele>94.2</ele></trkpt>
      <trkpt lat="48.411644" lon="3.945210"><ele>94.0</ele></trkpt>
      <trkpt lat="48.411288" lon="3.945475"><ele>93.5</ele></trkpt>
      <trkpt lat="48.411192" lon="3.945521"><ele>93.8</ele></trkpt>
      <trkpt lat="48.411103" lon="3.945552"><ele>94.0</ele></trkpt>
      <trkpt lat="48.411006" lon="3.945567"><ele>93.8</ele></trkpt>
      <trkpt lat="48.410707" lon="3.945562"><ele>94.2</ele></trkpt>
      <trkpt lat="48.410485" lon="3.945601"><ele>94.8</ele></trkpt>
      <trkpt lat="48.410342" lon="3.945876"><ele>94.5</ele></trkpt>
      <trkpt lat="48.410184" lon="3.946213"><ele>93.5</ele></trkpt>
      <trkpt lat="48.409910" lon="3.946530"><ele>93.0</ele></trkpt>
      <trkpt lat="48.408996" lon="3.947176"><ele>92.2</ele></trkpt>
      <trkpt lat="48.407675" lon="3.948140"><ele>92.0</ele></trkpt>
      <trkpt lat="48.405834" lon="3.949491"><ele>93.0</ele></trkpt>
      <trkpt lat="48.404632" lon="3.950398"><ele>93.2</ele></trkpt>
      <trkpt lat="48.404229" lon="3.950660"><ele>94.0</ele></trkpt>
      <trkpt lat="48.403094" lon="3.951506"><ele>94.0</ele></trkpt>
      <trkpt lat="48.402809" lon="3.951685"><ele>94.8</ele></trkpt>
      <trkpt lat="48.402250" lon="3.952075"><ele>95.0</ele></trkpt>
      <trkpt lat="48.400656" lon="3.953244"><ele>97.0</ele></trkpt>
      <trkpt lat="48.400570" lon="3.953292"><ele>97.8</ele></trkpt>
      <trkpt lat="48.400512" lon="3.953289"><ele>97.8</ele></trkpt>
      <trkpt lat="48.400467" lon="3.953249"><ele>98.0</ele></trkpt>
      <trkpt lat="48.400296" lon="3.952881"><ele>98.0</ele></trkpt>
      <trkpt lat="48.399856" lon="3.951822"><ele>98.2</ele></trkpt>
      <trkpt lat="48.399482" lon="3.950975"><ele>99.8</ele></trkpt>
      <trkpt lat="48.399383" lon="3.950749"><ele>100.0</ele></trkpt>
      <trkpt lat="48.398941" lon="3.949676"><ele>102.0</ele></trkpt>
      <trkpt lat="48.397986" lon="3.947501"><ele>104.8</ele></trkpt>
      <trkpt lat="48.397192" lon="3.945672"><ele>105.5</ele></trkpt>
      <trkpt lat="48.394686" lon="3.947697"><ele>98.5</ele></trkpt>
      <trkpt lat="48.392537" lon="3.949448"><ele>97.8</ele></trkpt>
      <trkpt lat="48.391648" lon="3.950167"><ele>98.2</ele></trkpt>
      <trkpt lat="48.390048" lon="3.951479"><ele>100.5</ele></trkpt>
      <trkpt lat="48.388420" lon="3.952782"><ele>98.8</ele></trkpt>
      <trkpt lat="48.386563" lon="3.954306"><ele>99.0</ele></trkpt>
      <trkpt lat="48.385538" lon="3.955105"><ele>100.5</ele></trkpt>
      <trkpt lat="48.384064" lon="3.956316"><ele>103.5</ele></trkpt>
      <trkpt lat="48.384000" lon="3.956388"><ele>103.5</ele></trkpt>
      <trkpt lat="48.383961" lon="3.956446"><ele>103.5</ele></trkpt>
      <trkpt lat="48.383929" lon="3.956528"><ele>103.2</ele></trkpt>
      <trkpt lat="48.383838" lon="3.956989"><ele>104.0</ele></trkpt>
      <trkpt lat="48.383834" lon="3.957074"><ele>104.0</ele></trkpt>
      <trkpt lat="48.383839" lon="3.957154"><ele>104.0</ele></trkpt>
      <trkpt lat="48.383868" lon="3.957260"><ele>104.0</ele></trkpt>
      <trkpt lat="48.384076" lon="3.957795"><ele>104.0</ele></trkpt>
      <trkpt lat="48.383962" lon="3.957886"><ele>104.2</ele></trkpt>
      <trkpt lat="48.383825" lon="3.958004"><ele>104.8</ele></trkpt>
      <trkpt lat="48.383648" lon="3.957567"><ele>104.0</ele></trkpt>
      <trkpt lat="48.383562" lon="3.957304"><ele>104.8</ele></trkpt>
      <trkpt lat="48.383518" lon="3.957233"><ele>104.8</ele></trkpt>
      <trkpt lat="48.383470" lon="3.957192"><ele>105.0</ele></trkpt>
      <trkpt lat="48.383247" lon="3.957103"><ele>105.2</ele></trkpt>
      <trkpt lat="48.383194" lon="3.957093"><ele>105.2</ele></trkpt>
      <trkpt lat="48.383144" lon="3.957099"><ele>105.2</ele></trkpt>
      <trkpt lat="48.383079" lon="3.957137"><ele>105.2</ele></trkpt>
      <trkpt lat="48.382957" lon="3.957229"><ele>105.5</ele></trkpt>
      <trkpt lat="48.381844" lon="3.958144"><ele>107.2</ele></trkpt>
      <trkpt lat="48.381001" lon="3.958788"><ele>109.0</ele></trkpt>
      <trkpt lat="48.379751" lon="3.959815"><ele>111.0</ele></trkpt>
      <trkpt lat="48.378844" lon="3.960534"><ele>110.2</ele></trkpt>
      <trkpt lat="48.377969" lon="3.961167"><ele>111.0</ele></trkpt>
      <trkpt lat="48.378590" lon="3.962513"><ele>102.0</ele></trkpt>
      <trkpt lat="48.380282" lon="3.966180"><ele>102.0</ele></trkpt>
      <trkpt lat="48.379619" lon="3.966869"><ele>101.2</ele></trkpt>
      <trkpt lat="48.379058" lon="3.967467"><ele>102.0</ele></trkpt>
      <trkpt lat="48.378471" lon="3.968072"><ele>103.0</ele></trkpt>
      <trkpt lat="48.378296" lon="3.968266"><ele>103.0</ele></trkpt>
      <trkpt lat="48.378049" lon="3.968529"><ele>104.0</ele></trkpt>
      <trkpt lat="48.377383" lon="3.969189"><ele>105.0</ele></trkpt>
      <trkpt lat="48.377348" lon="3.969098"><ele>105.0</ele></trkpt>
      <trkpt lat="48.377315" lon="3.969129"><ele>105.0</ele></trkpt>
      <trkpt lat="48.377152" lon="3.969315"><ele>105.0</ele></trkpt>
      <trkpt lat="48.377012" lon="3.969424"><ele>105.0</ele></trkpt>
      <trkpt lat="48.376933" lon="3.969483"><ele>105.0</ele></trkpt>
      <trkpt lat="48.378147" lon="3.971821"><ele>102.8</ele></trkpt>
      <trkpt lat="48.378188" lon="3.971900"><ele>103.0</ele></trkpt>
      <trkpt lat="48.378574" lon="3.972626"><ele>102.0</ele></trkpt>
      <trkpt lat="48.378597" lon="3.972678"><ele>102.0</ele></trkpt>
      <trkpt lat="48.378608" lon="3.972722"><ele>102.0</ele></trkpt>
      <trkpt lat="48.378607" lon="3.972814"><ele>102.0</ele></trkpt>
      <trkpt lat="48.378593" lon="3.972863"><ele>102.0</ele></trkpt>
      <trkpt lat="48.378328" lon="3.973494"><ele>102.5</ele></trkpt>
      <trkpt lat="48.378294" lon="3.973628"><ele>102.8</ele></trkpt>
      <trkpt lat="48.378284" lon="3.973682"><ele>102.5</ele></trkpt>
      <trkpt lat="48.377971" lon="3.973962"><ele>102.0</ele></trkpt>
      <trkpt lat="48.377859" lon="3.974062"><ele>102.0</ele></trkpt>
      <trkpt lat="48.377564" lon="3.974347"><ele>102.0</ele></trkpt>
      <trkpt lat="48.377496" lon="3.974425"><ele>102.0</ele></trkpt>
      <trkpt lat="48.377321" lon="3.974626"><ele>101.5</ele></trkpt>
      <trkpt lat="48.376383" lon="3.975706"><ele>99.8</ele></trkpt>
      <trkpt lat="48.376601" lon="3.976091"><ele>99.8</ele></trkpt>
      <trkpt lat="48.376871" lon="3.976625"><ele>100.0</ele></trkpt>
      <trkpt lat="48.377242" lon="3.977312"><ele>100.0</ele></trkpt>
      <trkpt lat="48.377500" lon="3.977768"><ele>97.0</ele></trkpt>
      <trkpt lat="48.377575" lon="3.977910"><ele>97.5</ele></trkpt>
      <trkpt lat="48.377746" lon="3.978224"><ele>98.2</ele></trkpt>
      <trkpt lat="48.377046" lon="3.979110"><ele>96.5</ele></trkpt>
      <trkpt lat="48.376622" lon="3.979633"><ele>95.0</ele></trkpt>
      <trkpt lat="48.376603" lon="3.979688"><ele>94.8</ele></trkpt>
      <trkpt lat="48.376604" lon="3.979739"><ele>94.5</ele></trkpt>
      <trkpt lat="48.376616" lon="3.979793"><ele>94.5</ele></trkpt>
      <trkpt lat="48.376640" lon="3.979838"><ele>94.5</ele></trkpt>
      <trkpt lat="48.376983" lon="3.980295"><ele>94.0</ele></trkpt>
      <trkpt lat="48.377045" lon="3.980349"><ele>94.2</ele></trkpt>
      <trkpt lat="48.377240" lon="3.980423"><ele>94.8</ele></trkpt>
      <trkpt lat="48.377454" lon="3.980478"><ele>94.2</ele></trkpt>
      <trkpt lat="48.377813" lon="3.980621"><ele>94.0</ele></trkpt>
      <trkpt lat="48.377865" lon="3.980657"><ele>94.0</ele></trkpt>
      <trkpt lat="48.378351" lon="3.981942"><ele>94.0</ele></trkpt>
      <trkpt lat="48.378536" lon="3.982507"><ele>94.0</ele></trkpt>
      <trkpt lat="48.378632" lon="3.982925"><ele>94.0</ele></trkpt>
      <trkpt lat="48.378889" lon="3.983767"><ele>94.2</ele></trkpt>
      <trkpt lat="48.378902" lon="3.983811"><ele>94.2</ele></trkpt>
      <trkpt lat="48.378231" lon="3.984524"><ele>93.5</ele></trkpt>
      <trkpt lat="48.378174" lon="3.984587"><ele>93.5</ele></trkpt>
      <trkpt lat="48.377822" lon="3.984942"><ele>93.8</ele></trkpt>
      <trkpt lat="48.377736" lon="3.985029"><ele>94.0</ele></trkpt>
      <trkpt lat="48.377292" lon="3.985475"><ele>94.0</ele></trkpt>
      <trkpt lat="48.376749" lon="3.986020"><ele>94.0</ele></trkpt>
      <trkpt lat="48.376061" lon="3.986710"><ele>94.0</ele></trkpt>
      <trkpt lat="48.374945" lon="3.987836"><ele>93.5</ele></trkpt>
      <trkpt lat="48.374338" lon="3.988441"><ele>93.8</ele></trkpt>
      <trkpt lat="48.373730" lon="3.989061"><ele>93.5</ele></trkpt>
      <trkpt lat="48.373016" lon="3.989760"><ele>94.0</ele></trkpt>
      <trkpt lat="48.372859" lon="3.989837"><ele>94.0</ele></trkpt>
      <trkpt lat="48.372733" lon="3.989948"><ele>94.0</ele></trkpt>
      <trkpt lat="48.372547" lon="3.990146"><ele>94.0</ele></trkpt>
      <trkpt lat="48.372572" lon="3.990227"><ele>94.0</ele></trkpt>
      <trkpt lat="48.372584" lon="3.990266"><ele>94.0</ele></trkpt>
      <trkpt lat="48.372963" lon="3.991506"><ele>95.0</ele></trkpt>
      <trkpt lat="48.372268" lon="3.992177"><ele>95.0</ele></trkpt>
      <trkpt lat="48.371758" lon="3.992719"><ele>95.0</ele></trkpt>
      <trkpt lat="48.371261" lon="3.993223"><ele>95.0</ele></trkpt>
      <trkpt lat="48.371202" lon="3.993246"><ele>95.0</ele></trkpt>
      <trkpt lat="48.371094" lon="3.993262"><ele>95.0</ele></trkpt>
      <trkpt lat="48.371151" lon="3.993416"><ele>94.8</ele></trkpt>
      <trkpt lat="48.371266" lon="3.993765"><ele>94.2</ele></trkpt>
      <trkpt lat="48.370710" lon="3.994312"><ele>94.5</ele></trkpt>
      <trkpt lat="48.370122" lon="3.994838"><ele>95.0</ele></trkpt>
      <trkpt lat="48.369748" lon="3.995208"><ele>95.8</ele></trkpt>
      <trkpt lat="48.369531" lon="3.995541"><ele>95.5</ele></trkpt>
      <trkpt lat="48.369403" lon="3.995777"><ele>95.8</ele></trkpt>
      <trkpt lat="48.369194" lon="3.996274"><ele>95.8</ele></trkpt>
      <trkpt lat="48.369146" lon="3.996357"><ele>95.8</ele></trkpt>
      <trkpt lat="48.368983" lon="3.996674"><ele>95.0</ele></trkpt>
      <trkpt lat="48.368574" lon="3.997347"><ele>95.2</ele></trkpt>
      <trkpt lat="48.367776" lon="3.998753"><ele>96.0</ele></trkpt>
      <trkpt lat="48.367441" lon="3.999289"><ele>96.2</ele></trkpt>
      <trkpt lat="48.366949" lon="4.000040"><ele>96.0</ele></trkpt>
      <trkpt lat="48.366357" lon="4.000886"><ele>96.0</ele></trkpt>
      <trkpt lat="48.366324" lon="4.000927"><ele>96.0</ele></trkpt>
      <trkpt lat="48.366278" lon="4.000967"><ele>96.0</ele></trkpt>
      <trkpt lat="48.366254" lon="4.000991"><ele>96.0</ele></trkpt>
      <trkpt lat="48.366229" lon="4.001062"><ele>96.0</ele></trkpt>
      <trkpt lat="48.365956" lon="4.001330"><ele>96.2</ele></trkpt>
      <trkpt lat="48.365864" lon="4.001404"><ele>96.8</ele></trkpt>
      <trkpt lat="48.365727" lon="4.001495"><ele>96.2</ele></trkpt>
      <trkpt lat="48.365594" lon="4.001565"><ele>96.0</ele></trkpt>
      <trkpt lat="48.365488" lon="4.001640"><ele>96.0</ele></trkpt>
      <trkpt lat="48.365371" lon="4.001730"><ele>96.0</ele></trkpt>
      <trkpt lat="48.364932" lon="4.002111"><ele>97.0</ele></trkpt>
      <trkpt lat="48.364426" lon="4.002476"><ele>97.0</ele></trkpt>
      <trkpt lat="48.364141" lon="4.002615"><ele>97.0</ele></trkpt>
      <trkpt lat="48.363927" lon="4.002647"><ele>97.0</ele></trkpt>
      <trkpt lat="48.363781" lon="4.002604"><ele>97.0</ele></trkpt>
      <trkpt lat="48.363676" lon="4.002584"><ele>97.5</ele></trkpt>
      <trkpt lat="48.363525" lon="4.002571"><ele>97.5</ele></trkpt>
      <trkpt lat="48.363257" lon="4.002647"><ele>97.0</ele></trkpt>
      <trkpt lat="48.362636" lon="4.003087"><ele>97.2</ele></trkpt>
      <trkpt lat="48.362579" lon="4.003259"><ele>97.5</ele></trkpt>
      <trkpt lat="48.362804" lon="4.003956"><ele>96.0</ele></trkpt>
      <trkpt lat="48.362030" lon="4.004509"><ele>97.0</ele></trkpt>
      <trkpt lat="48.361970" lon="4.004562"><ele>97.0</ele></trkpt>
      <trkpt lat="48.361432" lon="4.005036"><ele>96.8</ele></trkpt>
      <trkpt lat="48.361376" lon="4.005079"><ele>97.0</ele></trkpt>
      <trkpt lat="48.361411" lon="4.005149"><ele>96.8</ele></trkpt>
      <trkpt lat="48.361787" lon="4.006012"><ele>96.0</ele></trkpt>
      <trkpt lat="48.361970" lon="4.006417"><ele>95.0</ele></trkpt>
      <trkpt lat="48.362146" lon="4.006790"><ele>94.5</ele></trkpt>
      <trkpt lat="48.362200" lon="4.006912"><ele>96.2</ele></trkpt>
      <trkpt lat="48.362285" lon="4.007062"><ele>96.2</ele></trkpt>
      <trkpt lat="48.362417" lon="4.007250"><ele>95.8</ele></trkpt>
      <trkpt lat="48.363083" lon="4.008127"><ele>95.5</ele></trkpt>
      <trkpt lat="48.363239" lon="4.008363"><ele>95.5</ele></trkpt>
      <trkpt lat="48.363308" lon="4.008494"><ele>95.8</ele></trkpt>
      <trkpt lat="48.363359" lon="4.008615"><ele>95.8</ele></trkpt>
      <trkpt lat="48.363403" lon="4.008743"><ele>95.5</ele></trkpt>
      <trkpt lat="48.363470" lon="4.009076"><ele>95.2</ele></trkpt>
      <trkpt lat="48.363479" lon="4.009256"><ele>95.2</ele></trkpt>
      <trkpt lat="48.363475" lon="4.009404"><ele>95.0</ele></trkpt>
      <trkpt lat="48.363460" lon="4.009584"><ele>95.0</ele></trkpt>
      <trkpt lat="48.363432" lon="4.009762"><ele>95.0</ele></trkpt>
      <trkpt lat="48.363340" lon="4.010271"><ele>95.8</ele></trkpt>
      <trkpt lat="48.363107" lon="4.011406"><ele>94.8</ele></trkpt>
      <trkpt lat="48.362429" lon="4.014784"><ele>96.2</ele></trkpt>
      <trkpt lat="48.362402" lon="4.014960"><ele>96.2</ele></trkpt>
      <trkpt lat="48.362385" lon="4.015237"><ele>95.5</ele></trkpt>
      <trkpt lat="48.362393" lon="4.015385"><ele>95.2</ele></trkpt>
      <trkpt lat="48.362408" lon="4.015514"><ele>95.5</ele></trkpt>
      <trkpt lat="48.362471" lon="4.015746"><ele>96.5</ele></trkpt>
      <trkpt lat="48.362564" lon="4.015977"><ele>96.2</ele></trkpt>
      <trkpt lat="48.362740" lon="4.016264"><ele>96.8</ele></trkpt>
      <trkpt lat="48.363304" lon="4.017063"><ele>98.2</ele></trkpt>
      <trkpt lat="48.363337" lon="4.017110"><ele>98.0</ele></trkpt>
      <trkpt lat="48.363462" lon="4.017297"><ele>97.5</ele></trkpt>
      <trkpt lat="48.363507" lon="4.017356"><ele>98.0</ele></trkpt>
      <trkpt lat="48.363702" lon="4.017627"><ele>97.0</ele></trkpt>
      <trkpt lat="48.363836" lon="4.017831"><ele>97.2</ele></trkpt>
      <trkpt lat="48.363942" lon="4.018016"><ele>96.8</ele></trkpt>
      <trkpt lat="48.364100" lon="4.018340"><ele>96.2</ele></trkpt>
      <trkpt lat="48.364148" lon="4.018460"><ele>95.5</ele></trkpt>
      <trkpt lat="48.364232" lon="4.018707"><ele>95.0</ele></trkpt>
      <trkpt lat="48.364319" lon="4.019029"><ele>96.5</ele></trkpt>
      <trkpt lat="48.364388" lon="4.019399"><ele>96.5</ele></trkpt>
      <trkpt lat="48.364413" lon="4.019616"><ele>96.8</ele></trkpt>
      <trkpt lat="48.364436" lon="4.019976"><ele>96.8</ele></trkpt>
      <trkpt lat="48.364482" lon="4.020858"><ele>96.8</ele></trkpt>
      <trkpt lat="48.364533" lon="4.021259"><ele>96.5</ele></trkpt>
      <trkpt lat="48.364568" lon="4.021470"><ele>96.5</ele></trkpt>
      <trkpt lat="48.364586" lon="4.021539"><ele>96.2</ele></trkpt>
      <trkpt lat="48.364636" lon="4.021728"><ele>96.2</ele></trkpt>
      <trkpt lat="48.364748" lon="4.022070"><ele>96.8</ele></trkpt>
      <trkpt lat="48.364862" lon="4.022335"><ele>96.2</ele></trkpt>
      <trkpt lat="48.364952" lon="4.022502"><ele>96.8</ele></trkpt>
      <trkpt lat="48.365327" lon="4.023090"><ele>96.5</ele></trkpt>
      <trkpt lat="48.366952" lon="4.025557"><ele>96.8</ele></trkpt>
      <trkpt lat="48.367125" lon="4.025836"><ele>96.5</ele></trkpt>
      <trkpt lat="48.367289" lon="4.026133"><ele>95.5</ele></trkpt>
      <trkpt lat="48.367476" lon="4.026523"><ele>95.8</ele></trkpt>
      <trkpt lat="48.367716" lon="4.027136"><ele>96.5</ele></trkpt>
      <trkpt lat="48.368340" lon="4.028706"><ele>97.2</ele></trkpt>
      <trkpt lat="48.368565" lon="4.029268"><ele>99.0</ele></trkpt>
      <trkpt lat="48.368702" lon="4.029623"><ele>100.0</ele></trkpt>
      <trkpt lat="48.368723" lon="4.029668"><ele>100.2</ele></trkpt>
      <trkpt lat="48.368582" lon="4.029858"><ele>100.8</ele></trkpt>
      <trkpt lat="48.368530" lon="4.029916"><ele>101.0</ele></trkpt>
      <trkpt lat="48.368134" lon="4.030357"><ele>102.8</ele></trkpt>
      <trkpt lat="48.367224" lon="4.031563"><ele>104.5</ele></trkpt>
      <trkpt lat="48.366625" lon="4.032356"><ele>103.0</ele></trkpt>
      <trkpt lat="48.366179" lon="4.033090"><ele>102.2</ele></trkpt>
      <trkpt lat="48.365749" lon="4.033879"><ele>103.0</ele></trkpt>
      <trkpt lat="48.364161" lon="4.036525"><ele>103.8</ele></trkpt>
      <trkpt lat="48.364126" lon="4.036578"><ele>103.8</ele></trkpt>
      <trkpt lat="48.364029" lon="4.036716"><ele>103.5</ele></trkpt>
      <trkpt lat="48.363703" lon="4.037088"><ele>103.8</ele></trkpt>
      <trkpt lat="48.363493" lon="4.037319"><ele>103.0</ele></trkpt>
      <trkpt lat="48.363322" lon="4.037539"><ele>102.8</ele></trkpt>
      <trkpt lat="48.363145" lon="4.037809"><ele>102.0</ele></trkpt>
      <trkpt lat="48.362907" lon="4.038305"><ele>101.2</ele></trkpt>
      <trkpt lat="48.362557" lon="4.039171"><ele>102.0</ele></trkpt>
      <trkpt lat="48.362417" lon="4.039425"><ele>102.2</ele></trkpt>
      <trkpt lat="48.362245" lon="4.039648"><ele>102.5</ele></trkpt>
      <trkpt lat="48.362138" lon="4.039753"><ele>102.8</ele></trkpt>
      <trkpt lat="48.361924" lon="4.039915"><ele>103.2</ele></trkpt>
      <trkpt lat="48.361593" lon="4.040110"><ele>104.5</ele></trkpt>
      <trkpt lat="48.361166" lon="4.040445"><ele>106.2</ele></trkpt>
      <trkpt lat="48.360936" lon="4.040705"><ele>106.5</ele></trkpt>
      <trkpt lat="48.360745" lon="4.041002"><ele>107.0</ele></trkpt>
      <trkpt lat="48.360416" lon="4.041758"><ele>108.5</ele></trkpt>
      <trkpt lat="48.360219" lon="4.042439"><ele>107.0</ele></trkpt>
      <trkpt lat="48.359922" lon="4.043472"><ele>107.0</ele></trkpt>
      <trkpt lat="48.359741" lon="4.044133"><ele>105.0</ele></trkpt>
      <trkpt lat="48.359691" lon="4.044318"><ele>104.5</ele></trkpt>
      <trkpt lat="48.359430" lon="4.045244"><ele>103.8</ele></trkpt>
      <trkpt lat="48.359391" lon="4.045358"><ele>103.5</ele></trkpt>
      <trkpt lat="48.359287" lon="4.045577"><ele>103.2</ele></trkpt>
      <trkpt lat="48.359178" lon="4.045754"><ele>103.0</ele></trkpt>
      <trkpt lat="48.359019" lon="4.045959"><ele>102.2</ele></trkpt>
      <trkpt lat="48.358921" lon="4.046061"><ele>102.0</ele></trkpt>
      <trkpt lat="48.358607" lon="4.046306"><ele>101.8</ele></trkpt>
      <trkpt lat="48.358505" lon="4.046395"><ele>101.5</ele></trkpt>
      <trkpt lat="48.357250" lon="4.047863"><ele>101.2</ele></trkpt>
      <trkpt lat="48.357077" lon="4.048132"><ele>102.2</ele></trkpt>
      <trkpt lat="48.356867" lon="4.047786"><ele>102.2</ele></trkpt>
      <trkpt lat="48.356492" lon="4.047270"><ele>100.0</ele></trkpt>
      <trkpt lat="48.355983" lon="4.046558"><ele>98.0</ele></trkpt>
      <trkpt lat="48.355798" lon="4.046299"><ele>97.2</ele></trkpt>
      <trkpt lat="48.355774" lon="4.046251"><ele>97.5</ele></trkpt>
      <trkpt lat="48.355708" lon="4.046356"><ele>97.5</ele></trkpt>
      <trkpt lat="48.355614" lon="4.046630"><ele>97.8</ele></trkpt>
      <trkpt lat="48.355510" lon="4.046878"><ele>98.0</ele></trkpt>
      <trkpt lat="48.354898" lon="4.047335"><ele>98.0</ele></trkpt>
      <trkpt lat="48.354338" lon="4.047740"><ele>98.0</ele></trkpt>
      <trkpt lat="48.352836" lon="4.049540"><ele>98.0</ele></trkpt>
      <trkpt lat="48.352606" lon="4.049634"><ele>97.8</ele></trkpt>
      <trkpt lat="48.351706" lon="4.049460"><ele>98.8</ele></trkpt>
      <trkpt lat="48.350841" lon="4.049154"><ele>98.8</ele></trkpt>
      <trkpt lat="48.350645" lon="4.049151"><ele>98.2</ele></trkpt>
      <trkpt lat="48.350420" lon="4.048880"><ele>98.5</ele></trkpt>
      <trkpt lat="48.350294" lon="4.048615"><ele>98.8</ele></trkpt>
      <trkpt lat="48.350159" lon="4.048518"><ele>98.5</ele></trkpt>
      <trkpt lat="48.349954" lon="4.048615"><ele>98.0</ele></trkpt>
      <trkpt lat="48.349579" lon="4.049130"><ele>98.5</ele></trkpt>
      <trkpt lat="48.349374" lon="4.049226"><ele>98.8</ele></trkpt>
      <trkpt lat="48.349146" lon="4.049253"><ele>99.0</ele></trkpt>
      <trkpt lat="48.348929" lon="4.049645"><ele>98.8</ele></trkpt>
      <trkpt lat="48.348825" lon="4.049918"><ele>98.2</ele></trkpt>
      <trkpt lat="48.348827" lon="4.050066"><ele>98.2</ele></trkpt>
      <trkpt lat="48.348941" lon="4.050669"><ele>98.5</ele></trkpt>
      <trkpt lat="48.348980" lon="4.050962"><ele>98.2</ele></trkpt>
      <trkpt lat="48.348975" lon="4.051439"><ele>98.5</ele></trkpt>
      <trkpt lat="48.348800" lon="4.052319"><ele>98.2</ele></trkpt>
      <trkpt lat="48.348590" lon="4.053188"><ele>99.0</ele></trkpt>
      <trkpt lat="48.348403" lon="4.053789"><ele>98.5</ele></trkpt>
      <trkpt lat="48.347868" lon="4.054717"><ele>98.5</ele></trkpt>
      <trkpt lat="48.347642" lon="4.054965"><ele>98.5</ele></trkpt>
      <trkpt lat="48.347106" lon="4.055322"><ele>98.8</ele></trkpt>
      <trkpt lat="48.346790" lon="4.055650"><ele>98.8</ele></trkpt>
      <trkpt lat="48.346536" lon="4.056010"><ele>99.2</ele></trkpt>
      <trkpt lat="48.346386" lon="4.056140"><ele>100.5</ele></trkpt>
      <trkpt lat="48.346227" lon="4.056254"><ele>99.0</ele></trkpt>
      <trkpt lat="48.345714" lon="4.056402"><ele>99.8</ele></trkpt>
      <trkpt lat="48.344748" lon="4.056948"><ele>99.8</ele></trkpt>
      <trkpt lat="48.344385" lon="4.056391"><ele>99.0</ele></trkpt>
      <trkpt lat="48.343964" lon="4.055629"><ele>99.0</ele></trkpt>
      <trkpt lat="48.343558" lon="4.054942"><ele>99.0</ele></trkpt>
      <trkpt lat="48.342973" lon="4.053816"><ele>99.0</ele></trkpt>
      <trkpt lat="48.342730" lon="4.053547"><ele>99.0</ele></trkpt>
      <trkpt lat="48.342595" lon="4.053472"><ele>99.0</ele></trkpt>
      <trkpt lat="48.342281" lon="4.053505"><ele>99.0</ele></trkpt>
      <trkpt lat="48.341219" lon="4.053762"><ele>99.0</ele></trkpt>
      <trkpt lat="48.340423" lon="4.053934"><ele>99.0</ele></trkpt>
      <trkpt lat="48.339917" lon="4.054138"><ele>99.0</ele></trkpt>
      <trkpt lat="48.339646" lon="4.054288"><ele>99.0</ele></trkpt>
      <trkpt lat="48.338811" lon="4.055222"><ele>99.5</ele></trkpt>
      <trkpt lat="48.338573" lon="4.055511"><ele>99.5</ele></trkpt>
      <trkpt lat="48.338316" lon="4.055479"><ele>98.8</ele></trkpt>
      <trkpt lat="48.337970" lon="4.055383"><ele>99.0</ele></trkpt>
      <trkpt lat="48.337806" lon="4.055254"><ele>99.0</ele></trkpt>
      <trkpt lat="48.337563" lon="4.055415"><ele>99.0</ele></trkpt>
      <trkpt lat="48.336743" lon="4.056069"><ele>99.0</ele></trkpt>
      <trkpt lat="48.336269" lon="4.056358"><ele>99.8</ele></trkpt>
      <trkpt lat="48.336094" lon="4.056284"><ele>99.8</ele></trkpt>
      <trkpt lat="48.335816" lon="4.056541"><ele>99.2</ele></trkpt>
      <trkpt lat="48.335649" lon="4.056712"><ele>99.5</ele></trkpt>
      <trkpt lat="48.335495" lon="4.056921"><ele>100.0</ele></trkpt>
      <trkpt lat="48.335131" lon="4.057388"><ele>100.0</ele></trkpt>
      <trkpt lat="48.333474" lon="4.059107"><ele>100.2</ele></trkpt>
      <trkpt lat="48.333320" lon="4.059332"><ele>100.2</ele></trkpt>
      <trkpt lat="48.333264" lon="4.059413"><ele>100.0</ele></trkpt>
      <trkpt lat="48.332997" lon="4.059942"><ele>100.2</ele></trkpt>
      <trkpt lat="48.332710" lon="4.060552"><ele>100.8</ele></trkpt>
      <trkpt lat="48.332461" lon="4.061022"><ele>100.8</ele></trkpt>
      <trkpt lat="48.332279" lon="4.061456"><ele>100.8</ele></trkpt>
      <trkpt lat="48.331905" lon="4.062414"><ele>101.0</ele></trkpt>
      <trkpt lat="48.331771" lon="4.062690"><ele>101.0</ele></trkpt>
      <trkpt lat="48.331262" lon="4.063556"><ele>101.0</ele></trkpt>
      <trkpt lat="48.330914" lon="4.064079"><ele>101.2</ele></trkpt>
      <trkpt lat="48.330839" lon="4.064254"><ele>101.8</ele></trkpt>
      <trkpt lat="48.330748" lon="4.064248"><ele>101.0</ele></trkpt>
      <trkpt lat="48.330614" lon="4.064304"><ele>99.5</ele></trkpt>
      <trkpt lat="48.330478" lon="4.064400"><ele>99.8</ele></trkpt>
      <trkpt lat="48.330424" lon="4.064437"><ele>100.2</ele></trkpt>
      <trkpt lat="48.330057" lon="4.064687"><ele>101.5</ele></trkpt>
      <trkpt lat="48.329610" lon="4.065006"><ele>101.5</ele></trkpt>
      <trkpt lat="48.329413" lon="4.065167"><ele>101.5</ele></trkpt>
      <trkpt lat="48.329186" lon="4.065373"><ele>101.8</ele></trkpt>
      <trkpt lat="48.328973" lon="4.065585"><ele>102.5</ele></trkpt>
      <trkpt lat="48.328569" lon="4.066002"><ele>104.2</ele></trkpt>
      <trkpt lat="48.327844" lon="4.066773"><ele>104.2</ele></trkpt>
      <trkpt lat="48.327560" lon="4.067068"><ele>106.8</ele></trkpt>
      <trkpt lat="48.327298" lon="4.067337"><ele>107.2</ele></trkpt>
      <trkpt lat="48.327078" lon="4.067536"><ele>107.2</ele></trkpt>
      <trkpt lat="48.326848" lon="4.067702"><ele>105.8</ele></trkpt>
      <trkpt lat="48.326631" lon="4.067843"><ele>104.8</ele></trkpt>
      <trkpt lat="48.326335" lon="4.068016"><ele>103.5</ele></trkpt>
      <trkpt lat="48.325737" lon="4.068334"><ele>101.8</ele></trkpt>
      <trkpt lat="48.325508" lon="4.068451"><ele>101.8</ele></trkpt>
      <trkpt lat="48.325222" lon="4.068648"><ele>102.0</ele></trkpt>
      <trkpt lat="48.324199" lon="4.069440"><ele>102.0</ele></trkpt>
      <trkpt lat="48.323834" lon="4.069689"><ele>102.0</ele></trkpt>
      <trkpt lat="48.323698" lon="4.069755"><ele>101.8</ele></trkpt>
      <trkpt lat="48.323426" lon="4.069878"><ele>102.0</ele></trkpt>
      <trkpt lat="48.323095" lon="4.070011"><ele>102.8</ele></trkpt>
      <trkpt lat="48.322989" lon="4.070046"><ele>102.5</ele></trkpt>
      <trkpt lat="48.322871" lon="4.070070"><ele>102.8</ele></trkpt>
      <trkpt lat="48.322745" lon="4.070065"><ele>103.0</ele></trkpt>
      <trkpt lat="48.322648" lon="4.070047"><ele>103.0</ele></trkpt>
      <trkpt lat="48.322548" lon="4.070014"><ele>103.0</ele></trkpt>
      <trkpt lat="48.322456" lon="4.069972"><ele>102.8</ele></trkpt>
      <trkpt lat="48.322328" lon="4.069886"><ele>102.8</ele></trkpt>
      <trkpt lat="48.322110" lon="4.069722"><ele>101.8</ele></trkpt>
      <trkpt lat="48.321842" lon="4.069512"><ele>102.2</ele></trkpt>
      <trkpt lat="48.321818" lon="4.069497"><ele>102.5</ele></trkpt>
      <trkpt lat="48.321763" lon="4.069425"><ele>103.2</ele></trkpt>
      <trkpt lat="48.321757" lon="4.069378"><ele>103.2</ele></trkpt>
      <trkpt lat="48.321728" lon="4.069335"><ele>103.2</ele></trkpt>
      <trkpt lat="48.321696" lon="4.069326"><ele>103.2</ele></trkpt>
      <trkpt lat="48.321661" lon="4.069346"><ele>103.5</ele></trkpt>
      <trkpt lat="48.321644" lon="4.069379"><ele>103.5</ele></trkpt>
      <trkpt lat="48.321584" lon="4.069560"><ele>103.2</ele></trkpt>
      <trkpt lat="48.321540" lon="4.069676"><ele>103.0</ele></trkpt>
      <trkpt lat="48.321483" lon="4.069775"><ele>102.5</ele></trkpt>
      <trkpt lat="48.320947" lon="4.071126"><ele>101.5</ele></trkpt>
      <trkpt lat="48.320849" lon="4.071349"><ele>101.8</ele></trkpt>
      <trkpt lat="48.320752" lon="4.071500"><ele>102.0</ele></trkpt>
      <trkpt lat="48.320653" lon="4.071603"><ele>102.0</ele></trkpt>
      <trkpt lat="48.320253" lon="4.071923"><ele>102.0</ele></trkpt>
      <trkpt lat="48.320054" lon="4.072073"><ele>102.2</ele></trkpt>
      <trkpt lat="48.319940" lon="4.072162"><ele>102.0</ele></trkpt>
      <trkpt lat="48.319274" lon="4.072594"><ele>102.2</ele></trkpt>
      <trkpt lat="48.319243" lon="4.072613"><ele>102.0</ele></trkpt>
      <trkpt lat="48.319205" lon="4.072636"><ele>102.0</ele></trkpt>
      <trkpt lat="48.318563" lon="4.073063"><ele>102.0</ele></trkpt>
      <trkpt lat="48.318433" lon="4.073149"><ele>102.2</ele></trkpt>
      <trkpt lat="48.318306" lon="4.073244"><ele>102.2</ele></trkpt>
      <trkpt lat="48.318260" lon="4.073286"><ele>102.2</ele></trkpt>
      <trkpt lat="48.317870" lon="4.073575"><ele>103.2</ele></trkpt>
      <trkpt lat="48.317837" lon="4.073599"><ele>103.5</ele></trkpt>
      <trkpt lat="48.317664" lon="4.073726"><ele>104.0</ele></trkpt>
      <trkpt lat="48.317599" lon="4.073774"><ele>104.2</ele></trkpt>
      <trkpt lat="48.317539" lon="4.073820"><ele>104.5</ele></trkpt>
      <trkpt lat="48.317470" lon="4.073874"><ele>104.8</ele></trkpt>
      <trkpt lat="48.317451" lon="4.073888"><ele>104.8</ele></trkpt>
      <trkpt lat="48.317370" lon="4.073944"><ele>104.5</ele></trkpt>
      <trkpt lat="48.317289" lon="4.074000"><ele>104.0</ele></trkpt>
      <trkpt lat="48.317220" lon="4.074048"><ele>103.8</ele></trkpt>
      <trkpt lat="48.317023" lon="4.074173"><ele>103.2</ele></trkpt>
      <trkpt lat="48.316990" lon="4.074142"><ele>103.0</ele></trkpt>
      <trkpt lat="48.316950" lon="4.074135"><ele>102.8</ele></trkpt>
      <trkpt lat="48.316893" lon="4.074174"><ele>103.0</ele></trkpt>
      <trkpt lat="48.316881" lon="4.074202"><ele>103.0</ele></trkpt>
      <trkpt lat="48.316649" lon="4.074343"><ele>103.0</ele></trkpt>
      <trkpt lat="48.316089" lon="4.074613"><ele>102.8</ele></trkpt>
      <trkpt lat="48.315904" lon="4.074658"><ele>103.0</ele></trkpt>
      <trkpt lat="48.315660" lon="4.074717"><ele>103.0</ele></trkpt>
      <trkpt lat="48.315426" lon="4.074775"><ele>103.0</ele></trkpt>
      <trkpt lat="48.315348" lon="4.074784"><ele>103.0</ele></trkpt>
      <trkpt lat="48.315037" lon="4.074786"><ele>103.0</ele></trkpt>
      <trkpt lat="48.314961" lon="4.074740"><ele>102.8</ele></trkpt>
      <trkpt lat="48.314883" lon="4.074739"><ele>103.0</ele></trkpt>
      <trkpt lat="48.314825" lon="4.074777"><ele>103.0</ele></trkpt>
      <trkpt lat="48.314669" lon="4.074784"><ele>103.0</ele></trkpt>
      <trkpt lat="48.313022" lon="4.074770"><ele>103.0</ele></trkpt>
      <trkpt lat="48.312903" lon="4.074769"><ele>103.0</ele></trkpt>
      <trkpt lat="48.312867" lon="4.074741"><ele>103.0</ele></trkpt>
      <trkpt lat="48.312815" lon="4.074715"><ele>103.0</ele></trkpt>
      <trkpt lat="48.312771" lon="4.074710"><ele>103.0</ele></trkpt>
      <trkpt lat="48.312733" lon="4.074731"><ele>103.0</ele></trkpt>
      <trkpt lat="48.312689" lon="4.074770"><ele>103.0</ele></trkpt>
      <trkpt lat="48.312488" lon="4.074770"><ele>103.0</ele></trkpt>
      <trkpt lat="48.312304" lon="4.074770"><ele>103.0</ele></trkpt>
      <trkpt lat="48.311997" lon="4.074766"><ele>103.0</ele></trkpt>
      <trkpt lat="48.311891" lon="4.074748"><ele>103.0</ele></trkpt>
      <trkpt lat="48.311061" lon="4.074493"><ele>103.0</ele></trkpt>
      <trkpt lat="48.310894" lon="4.074492"><ele>103.0</ele></trkpt>
      <trkpt lat="48.310752" lon="4.074505"><ele>103.0</ele></trkpt>
      <trkpt lat="48.310703" lon="4.074559"><ele>103.0</ele></trkpt>
      <trkpt lat="48.310676" lon="4.074467"><ele>103.0</ele></trkpt>
      <trkpt lat="48.310468" lon="4.073807"><ele>103.0</ele></trkpt>
      <trkpt lat="48.310264" lon="4.073162"><ele>103.0</ele></trkpt>
      <trkpt lat="48.310093" lon="4.072621"><ele>103.0</ele></trkpt>
      <trkpt lat="48.310070" lon="4.072551"><ele>103.0</ele></trkpt>
      <trkpt lat="48.309804" lon="4.071686"><ele>103.0</ele></trkpt>
      <trkpt lat="48.309784" lon="4.071623"><ele>103.0</ele></trkpt>
      <trkpt lat="48.309592" lon="4.071025"><ele>103.0</ele></trkpt>
      <trkpt lat="48.309540" lon="4.070918"><ele>103.0</ele></trkpt>
      <trkpt lat="48.309406" lon="4.070685"><ele>103.0</ele></trkpt>
      <trkpt lat="48.309311" lon="4.070521"><ele>103.0</ele></trkpt>
      <trkpt lat="48.309187" lon="4.070377"><ele>103.0</ele></trkpt>
      <trkpt lat="48.309037" lon="4.070202"><ele>103.0</ele></trkpt>
      <trkpt lat="48.308986" lon="4.070149"><ele>103.0</ele></trkpt>
      <trkpt lat="48.308970" lon="4.070105"><ele>103.0</ele></trkpt>
      <trkpt lat="48.308947" lon="4.070042"><ele>103.0</ele></trkpt>
      <trkpt lat="48.308636" lon="4.069216"><ele>104.5</ele></trkpt>
      <trkpt lat="48.308607" lon="4.069142"><ele>105.0</ele></trkpt>
      <trkpt lat="48.308598" lon="4.069116"><ele>105.0</ele></trkpt>
      <trkpt lat="48.308540" lon="4.069148"><ele>105.0</ele></trkpt>
      <trkpt lat="48.308408" lon="4.069206"><ele>104.8</ele></trkpt>
      <trkpt lat="48.308372" lon="4.069227"><ele>104.8</ele></trkpt>
      <trkpt lat="48.308357" lon="4.069238"><ele>104.5</ele></trkpt>
      <trkpt lat="48.307977" lon="4.069491"><ele>103.8</ele></trkpt>
      <trkpt lat="48.306983" lon="4.070336"><ele>103.5</ele></trkpt>
      <trkpt lat="48.306875" lon="4.070434"><ele>103.5</ele></trkpt>
      <trkpt lat="48.306857" lon="4.070450"><ele>103.5</ele></trkpt>
      <trkpt lat="48.306378" lon="4.070853"><ele>104.0</ele></trkpt>
      <trkpt lat="48.305669" lon="4.071467"><ele>104.0</ele></trkpt>
      <trkpt lat="48.305336" lon="4.071745"><ele>104.5</ele></trkpt>
      <trkpt lat="48.305311" lon="4.071804"><ele>104.2</ele></trkpt>
      <trkpt lat="48.305303" lon="4.071823"><ele>104.2</ele></trkpt>
      <trkpt lat="48.305232" lon="4.071877"><ele>104.2</ele></trkpt>
      <trkpt lat="48.305081" lon="4.072007"><ele>104.5</ele></trkpt>
      <trkpt lat="48.305054" lon="4.072030"><ele>104.5</ele></trkpt>
      <trkpt lat="48.304938" lon="4.072132"><ele>104.2</ele></trkpt>
      <trkpt lat="48.304832" lon="4.072181"><ele>104.5</ele></trkpt>
      <trkpt lat="48.304790" lon="4.072215"><ele>104.8</ele></trkpt>
      <trkpt lat="48.304454" lon="4.072496"><ele>105.0</ele></trkpt>
      <trkpt lat="48.304387" lon="4.072553"><ele>105.0</ele></trkpt>
      <trkpt lat="48.303796" lon="4.073063"><ele>105.2</ele></trkpt>
      <trkpt lat="48.303737" lon="4.073193"><ele>105.0</ele></trkpt>
      <trkpt lat="48.303690" lon="4.073237"><ele>105.0</ele></trkpt>
      <trkpt lat="48.303558" lon="4.073350"><ele>105.0</ele></trkpt>
      <trkpt lat="48.303165" lon="4.073684"><ele>105.8</ele></trkpt>
      <trkpt lat="48.302009" lon="4.074660"><ele>106.5</ele></trkpt>
      <trkpt lat="48.301985" lon="4.074688"><ele>106.5</ele></trkpt>
      <trkpt lat="48.301863" lon="4.074801"><ele>107.0</ele></trkpt>
      <trkpt lat="48.301843" lon="4.074871"><ele>107.0</ele></trkpt>
      <trkpt lat="48.301838" lon="4.074888"><ele>107.0</ele></trkpt>
      <trkpt lat="48.301829" lon="4.074903"><ele>107.0</ele></trkpt>
      <trkpt lat="48.301821" lon="4.074917"><ele>107.0</ele></trkpt>
      <trkpt lat="48.301815" lon="4.074949"><ele>107.0</ele></trkpt>
      <trkpt lat="48.301759" lon="4.075048"><ele>107.0</ele></trkpt>
      <trkpt lat="48.301710" lon="4.075105"><ele>107.0</ele></trkpt>
      <trkpt lat="48.301691" lon="4.075131"><ele>107.0</ele></trkpt>
      <trkpt lat="48.301690" lon="4.075132"><ele>107.0</ele></trkpt>
      <trkpt lat="48.301623" lon="4.075216"><ele>107.0</ele></trkpt>
      <trkpt lat="48.301550" lon="4.075140"><ele>107.0</ele></trkpt>
      <trkpt lat="48.301481" lon="4.075116"><ele>107.0</ele></trkpt>
      <trkpt lat="48.301444" lon="4.075136"><ele>107.0</ele></trkpt>
      <trkpt lat="48.301043" lon="4.075497"><ele>107.0</ele></trkpt>
      <trkpt lat="48.301018" lon="4.075515"><ele>107.0</ele></trkpt>
      <trkpt lat="48.300760" lon="4.075746"><ele>107.0</ele></trkpt>
      <trkpt lat="48.300705" lon="4.075751"><ele>107.0</ele></trkpt>
      <trkpt lat="48.300643" lon="4.075732"><ele>107.0</ele></trkpt>
      <trkpt lat="48.300603" lon="4.075746"><ele>107.2</ele></trkpt>
      <trkpt lat="48.300431" lon="4.075922"><ele>107.0</ele></trkpt>
      <trkpt lat="48.300366" lon="4.076001"><ele>107.0</ele></trkpt>
      <trkpt lat="48.300360" lon="4.076008"><ele>107.0</ele></trkpt>
      <trkpt lat="48.300286" lon="4.076097"><ele>107.0</ele></trkpt>
      <trkpt lat="48.300148" lon="4.076290"><ele>107.2</ele></trkpt>
      <trkpt lat="48.299771" lon="4.076810"><ele>107.0</ele></trkpt>
      <trkpt lat="48.299656" lon="4.077038"><ele>107.0</ele></trkpt>
      <trkpt lat="48.299642" lon="4.077057"><ele>107.0</ele></trkpt>
      <trkpt lat="48.299627" lon="4.077077"><ele>107.0</ele></trkpt>
      <trkpt lat="48.299340" lon="4.077491"><ele>107.0</ele></trkpt>
      <trkpt lat="48.299087" lon="4.077825"><ele>107.0</ele></trkpt>
      <trkpt lat="48.299073" lon="4.077843"><ele>107.0</ele></trkpt>
      <trkpt lat="48.299055" lon="4.077869"><ele>107.0</ele></trkpt>
      <trkpt lat="48.299040" lon="4.077888"><ele>107.0</ele></trkpt>
      <trkpt lat="48.299027" lon="4.077904"><ele>107.0</ele></trkpt>
      <trkpt lat="48.298899" lon="4.077695"><ele>107.0</ele></trkpt>
      <trkpt lat="48.298862" lon="4.077616"><ele>107.0</ele></trkpt>
      <trkpt lat="48.298673" lon="4.077146"><ele>107.0</ele></trkpt>
      <trkpt lat="48.298606" lon="4.076950"><ele>107.0</ele></trkpt>
      <trkpt lat="48.298482" lon="4.076658"><ele>108.0</ele></trkpt>
      <trkpt lat="48.298184" lon="4.076040"><ele>108.0</ele></trkpt>
      <trkpt lat="48.298037" lon="4.075721"><ele>108.0</ele></trkpt>
      <trkpt lat="48.297960" lon="4.075572"><ele>108.0</ele></trkpt>
      <trkpt lat="48.297571" lon="4.074841"><ele>108.2</ele></trkpt>
      <trkpt lat="48.297537" lon="4.074777"><ele>108.5</ele></trkpt>
      <trkpt lat="48.297507" lon="4.074714"><ele>108.8</ele></trkpt>
      <trkpt lat="48.297462" lon="4.074637"><ele>108.8</ele></trkpt>
      <trkpt lat="48.297452" lon="4.074618"><ele>108.8</ele></trkpt>
      <trkpt lat="48.297309" lon="4.074369"><ele>109.0</ele></trkpt>
      <trkpt lat="48.297294" lon="4.074390"><ele>108.5</ele></trkpt>
    </trkseg>
  </trk>
</gpx>
