<?xml version="1.0" encoding="UTF-8"?>
<gpx version="1.1" creator="Gravel Kompass" xmlns="http://www.topografix.com/GPX/1/1">
  <metadata><name>Eichenau–Salzburg: Mangfalltal, Chiemsee-Nordufer &amp; Königssee</name></metadata>
  <trk>
    <name>Eichenau–Salzburg: Mangfalltal, Chiemsee-Nordufer &amp; Königssee (komplett)</name>
    <trkseg>
<trkpt lat="48.16713" lon="11.33316"><ele>524</ele></trkpt>
<trkpt lat="48.16558" lon="11.33484"><ele>524</ele></trkpt>
<trkpt lat="48.16469" lon="11.33603"><ele>524</ele></trkpt>
<trkpt lat="48.16366" lon="11.33545"><ele>525</ele></trkpt>
<trkpt lat="48.16280" lon="11.33468"><ele>525</ele></trkpt>
<trkpt lat="48.16256" lon="11.33441"><ele>526</ele></trkpt>
<trkpt lat="48.16158" lon="11.33563"><ele>525</ele></trkpt>
<trkpt lat="48.15940" lon="11.33813"><ele>526</ele></trkpt>
<trkpt lat="48.15738" lon="11.34058"><ele>526</ele></trkpt>
<trkpt lat="48.15635" lon="11.34153"><ele>526</ele></trkpt>
<trkpt lat="48.15608" lon="11.34174"><ele>527</ele></trkpt>
<trkpt lat="48.15578" lon="11.34190"><ele>527</ele></trkpt>
<trkpt lat="48.15465" lon="11.34235"><ele>527</ele></trkpt>
<trkpt lat="48.15287" lon="11.34327"><ele>528</ele></trkpt>
<trkpt lat="48.15268" lon="11.34350"><ele>528</ele></trkpt>
<trkpt lat="48.15177" lon="11.34400"><ele>529</ele></trkpt>
<trkpt lat="48.15186" lon="11.34526"><ele>528</ele></trkpt>
<trkpt lat="48.15184" lon="11.34538"><ele>528</ele></trkpt>
<trkpt lat="48.15177" lon="11.34544"><ele>527</ele></trkpt>
<trkpt lat="48.15158" lon="11.34547"><ele>527</ele></trkpt>
<trkpt lat="48.15062" lon="11.34514"><ele>528</ele></trkpt>
<trkpt lat="48.15016" lon="11.34524"><ele>527</ele></trkpt>
<trkpt lat="48.15004" lon="11.34537"><ele>527</ele></trkpt>
<trkpt lat="48.15013" lon="11.34631"><ele>527</ele></trkpt>
<trkpt lat="48.15011" lon="11.34669"><ele>526</ele></trkpt>
<trkpt lat="48.14979" lon="11.34739"><ele>527</ele></trkpt>
<trkpt lat="48.14980" lon="11.34801"><ele>527</ele></trkpt>
<trkpt lat="48.14917" lon="11.34859"><ele>527</ele></trkpt>
<trkpt lat="48.14919" lon="11.34875"><ele>527</ele></trkpt>
<trkpt lat="48.14817" lon="11.35019"><ele>528</ele></trkpt>
<trkpt lat="48.14809" lon="11.35019"><ele>528</ele></trkpt>
<trkpt lat="48.14734" lon="11.35068"><ele>528</ele></trkpt>
<trkpt lat="48.14668" lon="11.35080"><ele>529</ele></trkpt>
<trkpt lat="48.14601" lon="11.35084"><ele>529</ele></trkpt>
<trkpt lat="48.14591" lon="11.35090"><ele>529</ele></trkpt>
<trkpt lat="48.14550" lon="11.35153"><ele>529</ele></trkpt>
<trkpt lat="48.14543" lon="11.35157"><ele>529</ele></trkpt>
<trkpt lat="48.14520" lon="11.35155"><ele>530</ele></trkpt>
<trkpt lat="48.14509" lon="11.35163"><ele>530</ele></trkpt>
<trkpt lat="48.14469" lon="11.35216"><ele>531</ele></trkpt>
<trkpt lat="48.14420" lon="11.35301"><ele>530</ele></trkpt>
<trkpt lat="48.14382" lon="11.35408"><ele>530</ele></trkpt>
<trkpt lat="48.14366" lon="11.35483"><ele>531</ele></trkpt>
<trkpt lat="48.14360" lon="11.35529"><ele>531</ele></trkpt>
<trkpt lat="48.14341" lon="11.35693"><ele>531</ele></trkpt>
<trkpt lat="48.14345" lon="11.35771"><ele>532</ele></trkpt>
<trkpt lat="48.14343" lon="11.35784"><ele>532</ele></trkpt>
<trkpt lat="48.14333" lon="11.35805"><ele>531</ele></trkpt>
<trkpt lat="48.14323" lon="11.36022"><ele>531</ele></trkpt>
<trkpt lat="48.14320" lon="11.36159"><ele>531</ele></trkpt>
<trkpt lat="48.14319" lon="11.36329"><ele>531</ele></trkpt>
<trkpt lat="48.14322" lon="11.36499"><ele>530</ele></trkpt>
<trkpt lat="48.14332" lon="11.36561"><ele>530</ele></trkpt>
<trkpt lat="48.14327" lon="11.36639"><ele>530</ele></trkpt>
<trkpt lat="48.14333" lon="11.36695"><ele>530</ele></trkpt>
<trkpt lat="48.14338" lon="11.36712"><ele>530</ele></trkpt>
<trkpt lat="48.14368" lon="11.36736"><ele>530</ele></trkpt>
<trkpt lat="48.14380" lon="11.36765"><ele>530</ele></trkpt>
<trkpt lat="48.14397" lon="11.36788"><ele>531</ele></trkpt>
<trkpt lat="48.14408" lon="11.36816"><ele>531</ele></trkpt>
<trkpt lat="48.14411" lon="11.36853"><ele>531</ele></trkpt>
<trkpt lat="48.14402" lon="11.36891"><ele>532</ele></trkpt>
<trkpt lat="48.14391" lon="11.36913"><ele>530</ele></trkpt>
<trkpt lat="48.14370" lon="11.36933"><ele>531</ele></trkpt>
<trkpt lat="48.14341" lon="11.36943"><ele>530</ele></trkpt>
<trkpt lat="48.14332" lon="11.36959"><ele>530</ele></trkpt>
<trkpt lat="48.14328" lon="11.37081"><ele>530</ele></trkpt>
<trkpt lat="48.14317" lon="11.37275"><ele>531</ele></trkpt>
<trkpt lat="48.14305" lon="11.37435"><ele>530</ele></trkpt>
<trkpt lat="48.14305" lon="11.37479"><ele>530</ele></trkpt>
<trkpt lat="48.14291" lon="11.37582"><ele>532</ele></trkpt>
<trkpt lat="48.14284" lon="11.37729"><ele>531</ele></trkpt>
<trkpt lat="48.14287" lon="11.37853"><ele>531</ele></trkpt>
<trkpt lat="48.14295" lon="11.37949"><ele>531</ele></trkpt>
<trkpt lat="48.14312" lon="11.38071"><ele>531</ele></trkpt>
<trkpt lat="48.14339" lon="11.38204"><ele>531</ele></trkpt>
<trkpt lat="48.14353" lon="11.38251"><ele>531</ele></trkpt>
<trkpt lat="48.14380" lon="11.38307"><ele>530</ele></trkpt>
<trkpt lat="48.14422" lon="11.38412"><ele>530</ele></trkpt>
<trkpt lat="48.14431" lon="11.38433"><ele>530</ele></trkpt>
<trkpt lat="48.14456" lon="11.38468"><ele>530</ele></trkpt>
<trkpt lat="48.14420" lon="11.38560"><ele>529</ele></trkpt>
<trkpt lat="48.14406" lon="11.38585"><ele>530</ele></trkpt>
<trkpt lat="48.14390" lon="11.38598"><ele>530</ele></trkpt>
<trkpt lat="48.14255" lon="11.38677"><ele>532</ele></trkpt>
<trkpt lat="48.14087" lon="11.38785"><ele>533</ele></trkpt>
<trkpt lat="48.14071" lon="11.38786"><ele>533</ele></trkpt>
<trkpt lat="48.13849" lon="11.38919"><ele>535</ele></trkpt>
<trkpt lat="48.13631" lon="11.39041"><ele>536</ele></trkpt>
<trkpt lat="48.13600" lon="11.38934"><ele>536</ele></trkpt>
<trkpt lat="48.13594" lon="11.38895"><ele>536</ele></trkpt>
<trkpt lat="48.13572" lon="11.38905"><ele>536</ele></trkpt>
<trkpt lat="48.13566" lon="11.38903"><ele>536</ele></trkpt>
<trkpt lat="48.13549" lon="11.38910"><ele>536</ele></trkpt>
<trkpt lat="48.13510" lon="11.38912"><ele>536</ele></trkpt>
<trkpt lat="48.13453" lon="11.38933"><ele>536</ele></trkpt>
<trkpt lat="48.13445" lon="11.38933"><ele>536</ele></trkpt>
<trkpt lat="48.13436" lon="11.38927"><ele>536</ele></trkpt>
<trkpt lat="48.13434" lon="11.38930"><ele>537</ele></trkpt>
<trkpt lat="48.13424" lon="11.38920"><ele>537</ele></trkpt>
<trkpt lat="48.13403" lon="11.38941"><ele>537</ele></trkpt>
<trkpt lat="48.13392" lon="11.38936"><ele>537</ele></trkpt>
<trkpt lat="48.13384" lon="11.38904"><ele>537</ele></trkpt>
<trkpt lat="48.13381" lon="11.38901"><ele>537</ele></trkpt>
<trkpt lat="48.13375" lon="11.38906"><ele>537</ele></trkpt>
<trkpt lat="48.13362" lon="11.38875"><ele>538</ele></trkpt>
<trkpt lat="48.13356" lon="11.38868"><ele>538</ele></trkpt>
<trkpt lat="48.13343" lon="11.38866"><ele>538</ele></trkpt>
<trkpt lat="48.13300" lon="11.38886"><ele>538</ele></trkpt>
<trkpt lat="48.13254" lon="11.38894"><ele>539</ele></trkpt>
<trkpt lat="48.13201" lon="11.38913"><ele>539</ele></trkpt>
<trkpt lat="48.13169" lon="11.38932"><ele>539</ele></trkpt>
<trkpt lat="48.13155" lon="11.38936"><ele>539</ele></trkpt>
<trkpt lat="48.13133" lon="11.38935"><ele>540</ele></trkpt>
<trkpt lat="48.13112" lon="11.38926"><ele>540</ele></trkpt>
<trkpt lat="48.13112" lon="11.38937"><ele>540</ele></trkpt>
<trkpt lat="48.13157" lon="11.39131"><ele>539</ele></trkpt>
<trkpt lat="48.13249" lon="11.39487"><ele>538</ele></trkpt>
<trkpt lat="48.13362" lon="11.39880"><ele>538</ele></trkpt>
<trkpt lat="48.13365" lon="11.39904"><ele>538</ele></trkpt>
<trkpt lat="48.13291" lon="11.39941"><ele>539</ele></trkpt>
<trkpt lat="48.13265" lon="11.39956"><ele>539</ele></trkpt>
<trkpt lat="48.13258" lon="11.39964"><ele>539</ele></trkpt>
<trkpt lat="48.13249" lon="11.39960"><ele>539</ele></trkpt>
<trkpt lat="48.12539" lon="11.39445"><ele>544</ele></trkpt>
<trkpt lat="48.12334" lon="11.39267"><ele>545</ele></trkpt>
<trkpt lat="48.12299" lon="11.39246"><ele>546</ele></trkpt>
<trkpt lat="48.12024" lon="11.39093"><ele>548</ele></trkpt>
<trkpt lat="48.11876" lon="11.39071"><ele>548</ele></trkpt>
<trkpt lat="48.11859" lon="11.39064"><ele>548</ele></trkpt>
<trkpt lat="48.11841" lon="11.39045"><ele>548</ele></trkpt>
<trkpt lat="48.11767" lon="11.39040"><ele>549</ele></trkpt>
<trkpt lat="48.11731" lon="11.39018"><ele>549</ele></trkpt>
<trkpt lat="48.11371" lon="11.38867"><ele>552</ele></trkpt>
<trkpt lat="48.11270" lon="11.38816"><ele>553</ele></trkpt>
<trkpt lat="48.11304" lon="11.38763"><ele>552</ele></trkpt>
<trkpt lat="48.11306" lon="11.38750"><ele>551</ele></trkpt>
<trkpt lat="48.11299" lon="11.38700"><ele>551</ele></trkpt>
<trkpt lat="48.11300" lon="11.38682"><ele>552</ele></trkpt>
<trkpt lat="48.11307" lon="11.38667"><ele>552</ele></trkpt>
<trkpt lat="48.11335" lon="11.38640"><ele>553</ele></trkpt>
<trkpt lat="48.11311" lon="11.38613"><ele>553</ele></trkpt>
<trkpt lat="48.11211" lon="11.38536"><ele>554</ele></trkpt>
<trkpt lat="48.11126" lon="11.38449"><ele>554</ele></trkpt>
<trkpt lat="48.11023" lon="11.38318"><ele>555</ele></trkpt>
<trkpt lat="48.10811" lon="11.38093"><ele>557</ele></trkpt>
<trkpt lat="48.10796" lon="11.38113"><ele>557</ele></trkpt>
<trkpt lat="48.10684" lon="11.38208"><ele>558</ele></trkpt>
<trkpt lat="48.10651" lon="11.38256"><ele>558</ele></trkpt>
<trkpt lat="48.10620" lon="11.38268"><ele>558</ele></trkpt>
<trkpt lat="48.10542" lon="11.38350"><ele>558</ele></trkpt>
<trkpt lat="48.10533" lon="11.38431"><ele>558</ele></trkpt>
<trkpt lat="48.10535" lon="11.38486"><ele>558</ele></trkpt>
<trkpt lat="48.10384" lon="11.38409"><ele>559</ele></trkpt>
<trkpt lat="48.10254" lon="11.38336"><ele>560</ele></trkpt>
<trkpt lat="48.10185" lon="11.38275"><ele>561</ele></trkpt>
<trkpt lat="48.10142" lon="11.38232"><ele>561</ele></trkpt>
<trkpt lat="48.10077" lon="11.38157"><ele>561</ele></trkpt>
<trkpt lat="48.10069" lon="11.38173"><ele>562</ele></trkpt>
<trkpt lat="48.10049" lon="11.38194"><ele>562</ele></trkpt>
<trkpt lat="48.10041" lon="11.38222"><ele>562</ele></trkpt>
<trkpt lat="48.09447" lon="11.39300"><ele>565</ele></trkpt>
<trkpt lat="48.09425" lon="11.39360"><ele>565</ele></trkpt>
<trkpt lat="48.09346" lon="11.39635"><ele>566</ele></trkpt>
<trkpt lat="48.09310" lon="11.39740"><ele>566</ele></trkpt>
<trkpt lat="48.09275" lon="11.39826"><ele>566</ele></trkpt>
<trkpt lat="48.09251" lon="11.39897"><ele>565</ele></trkpt>
<trkpt lat="48.09252" lon="11.39921"><ele>564</ele></trkpt>
<trkpt lat="48.09271" lon="11.39976"><ele>564</ele></trkpt>
<trkpt lat="48.09224" lon="11.40058"><ele>562</ele></trkpt>
<trkpt lat="48.09218" lon="11.40076"><ele>563</ele></trkpt>
<trkpt lat="48.09215" lon="11.40099"><ele>563</ele></trkpt>
<trkpt lat="48.09230" lon="11.40264"><ele>554</ele></trkpt>
<trkpt lat="48.09217" lon="11.40381"><ele>552</ele></trkpt>
<trkpt lat="48.09213" lon="11.40479"><ele>551</ele></trkpt>
<trkpt lat="48.09217" lon="11.40523"><ele>551</ele></trkpt>
<trkpt lat="48.09235" lon="11.40589"><ele>550</ele></trkpt>
<trkpt lat="48.09238" lon="11.40608"><ele>550</ele></trkpt>
<trkpt lat="48.09234" lon="11.40646"><ele>549</ele></trkpt>
<trkpt lat="48.09194" lon="11.40751"><ele>550</ele></trkpt>
<trkpt lat="48.09186" lon="11.40754"><ele>550</ele></trkpt>
<trkpt lat="48.09156" lon="11.40744"><ele>550</ele></trkpt>
<trkpt lat="48.09142" lon="11.40744"><ele>551</ele></trkpt>
<trkpt lat="48.09124" lon="11.40760"><ele>552</ele></trkpt>
<trkpt lat="48.09106" lon="11.40791"><ele>552</ele></trkpt>
<trkpt lat="48.08986" lon="11.41022"><ele>552</ele></trkpt>
<trkpt lat="48.08851" lon="11.41324"><ele>558</ele></trkpt>
<trkpt lat="48.08833" lon="11.41379"><ele>559</ele></trkpt>
<trkpt lat="48.08817" lon="11.41417"><ele>560</ele></trkpt>
<trkpt lat="48.08823" lon="11.41447"><ele>562</ele></trkpt>
<trkpt lat="48.08846" lon="11.41469"><ele>565</ele></trkpt>
<trkpt lat="48.08860" lon="11.41495"><ele>567</ele></trkpt>
<trkpt lat="48.08862" lon="11.41568"><ele>567</ele></trkpt>
<trkpt lat="48.08867" lon="11.41612"><ele>567</ele></trkpt>
<trkpt lat="48.08865" lon="11.41619"><ele>567</ele></trkpt>
<trkpt lat="48.08857" lon="11.41624"><ele>567</ele></trkpt>
<trkpt lat="48.08825" lon="11.41629"><ele>567</ele></trkpt>
<trkpt lat="48.08808" lon="11.41637"><ele>567</ele></trkpt>
<trkpt lat="48.08792" lon="11.41654"><ele>567</ele></trkpt>
<trkpt lat="48.08785" lon="11.41667"><ele>567</ele></trkpt>
<trkpt lat="48.08772" lon="11.41733"><ele>567</ele></trkpt>
<trkpt lat="48.08739" lon="11.41848"><ele>568</ele></trkpt>
<trkpt lat="48.08463" lon="11.42794"><ele>566</ele></trkpt>
<trkpt lat="48.08472" lon="11.42811"><ele>566</ele></trkpt>
<trkpt lat="48.08529" lon="11.42879"><ele>566</ele></trkpt>
<trkpt lat="48.08903" lon="11.43355"><ele>564</ele></trkpt>
<trkpt lat="48.08980" lon="11.43518"><ele>565</ele></trkpt>
<trkpt lat="48.08976" lon="11.43540"><ele>565</ele></trkpt>
<trkpt lat="48.08677" lon="11.44592"><ele>566</ele></trkpt>
<trkpt lat="48.08573" lon="11.44950"><ele>566</ele></trkpt>
<trkpt lat="48.08544" lon="11.45039"><ele>566</ele></trkpt>
<trkpt lat="48.08505" lon="11.45062"><ele>565</ele></trkpt>
<trkpt lat="48.08498" lon="11.45071"><ele>565</ele></trkpt>
<trkpt lat="48.08485" lon="11.45103"><ele>566</ele></trkpt>
<trkpt lat="48.08462" lon="11.45142"><ele>567</ele></trkpt>
<trkpt lat="48.08279" lon="11.45448"><ele>568</ele></trkpt>
<trkpt lat="48.08134" lon="11.45683"><ele>569</ele></trkpt>
<trkpt lat="48.08121" lon="11.45718"><ele>568</ele></trkpt>
<trkpt lat="48.08120" lon="11.45735"><ele>568</ele></trkpt>
<trkpt lat="48.08244" lon="11.45881"><ele>567</ele></trkpt>
<trkpt lat="48.08424" lon="11.45918"><ele>566</ele></trkpt>
<trkpt lat="48.08442" lon="11.45925"><ele>566</ele></trkpt>
<trkpt lat="48.08600" lon="11.46045"><ele>567</ele></trkpt>
<trkpt lat="48.08596" lon="11.46061"><ele>566</ele></trkpt>
<trkpt lat="48.08600" lon="11.46071"><ele>566</ele></trkpt>
<trkpt lat="48.08617" lon="11.46082"><ele>566</ele></trkpt>
<trkpt lat="48.08622" lon="11.46097"><ele>564</ele></trkpt>
<trkpt lat="48.08619" lon="11.46243"><ele>564</ele></trkpt>
<trkpt lat="48.08621" lon="11.46317"><ele>564</ele></trkpt>
<trkpt lat="48.08630" lon="11.46385"><ele>562</ele></trkpt>
<trkpt lat="48.08646" lon="11.46457"><ele>563</ele></trkpt>
<trkpt lat="48.08684" lon="11.46557"><ele>562</ele></trkpt>
<trkpt lat="48.08723" lon="11.46628"><ele>562</ele></trkpt>
<trkpt lat="48.08815" lon="11.46748"><ele>561</ele></trkpt>
<trkpt lat="48.08835" lon="11.46780"><ele>562</ele></trkpt>
<trkpt lat="48.08841" lon="11.46794"><ele>561</ele></trkpt>
<trkpt lat="48.08838" lon="11.46808"><ele>561</ele></trkpt>
<trkpt lat="48.08822" lon="11.46841"><ele>562</ele></trkpt>
<trkpt lat="48.08823" lon="11.46856"><ele>562</ele></trkpt>
<trkpt lat="48.08830" lon="11.46865"><ele>561</ele></trkpt>
<trkpt lat="48.08764" lon="11.47046"><ele>562</ele></trkpt>
<trkpt lat="48.08854" lon="11.47149"><ele>561</ele></trkpt>
<trkpt lat="48.08764" lon="11.47046"><ele>562</ele></trkpt>
<trkpt lat="48.08695" lon="11.47293"><ele>563</ele></trkpt>
<trkpt lat="48.08665" lon="11.47372"><ele>563</ele></trkpt>
<trkpt lat="48.08656" lon="11.47355"><ele>563</ele></trkpt>
<trkpt lat="48.08542" lon="11.47266"><ele>564</ele></trkpt>
<trkpt lat="48.08428" lon="11.47166"><ele>565</ele></trkpt>
<trkpt lat="48.08375" lon="11.47129"><ele>565</ele></trkpt>
<trkpt lat="48.08330" lon="11.47228"><ele>565</ele></trkpt>
<trkpt lat="48.08267" lon="11.47380"><ele>566</ele></trkpt>
<trkpt lat="48.08215" lon="11.47327"><ele>566</ele></trkpt>
<trkpt lat="48.07844" lon="11.46871"><ele>570</ele></trkpt>
<trkpt lat="48.07704" lon="11.47114"><ele>570</ele></trkpt>
<trkpt lat="48.07684" lon="11.47157"><ele>570</ele></trkpt>
<trkpt lat="48.07357" lon="11.47747"><ele>571</ele></trkpt>
<trkpt lat="48.07168" lon="11.48094"><ele>572</ele></trkpt>
<trkpt lat="48.07131" lon="11.48160"><ele>569</ele></trkpt>
<trkpt lat="48.07123" lon="11.48168"><ele>570</ele></trkpt>
<trkpt lat="48.07119" lon="11.48184"><ele>569</ele></trkpt>
<trkpt lat="48.07086" lon="11.48243"><ele>569</ele></trkpt>
<trkpt lat="48.07083" lon="11.48257"><ele>568</ele></trkpt>
<trkpt lat="48.07074" lon="11.48263"><ele>570</ele></trkpt>
<trkpt lat="48.06878" lon="11.48618"><ele>574</ele></trkpt>
<trkpt lat="48.06935" lon="11.48681"><ele>573</ele></trkpt>
<trkpt lat="48.07079" lon="11.48865"><ele>573</ele></trkpt>
<trkpt lat="48.07059" lon="11.48937"><ele>573</ele></trkpt>
<trkpt lat="48.06997" lon="11.49259"><ele>573</ele></trkpt>
<trkpt lat="48.06980" lon="11.49369"><ele>573</ele></trkpt>
<trkpt lat="48.06980" lon="11.49391"><ele>573</ele></trkpt>
<trkpt lat="48.06985" lon="11.49422"><ele>573</ele></trkpt>
<trkpt lat="48.06995" lon="11.49454"><ele>573</ele></trkpt>
<trkpt lat="48.07003" lon="11.49504"><ele>573</ele></trkpt>
<trkpt lat="48.07009" lon="11.49676"><ele>574</ele></trkpt>
<trkpt lat="48.07006" lon="11.49713"><ele>574</ele></trkpt>
<trkpt lat="48.06999" lon="11.49744"><ele>574</ele></trkpt>
<trkpt lat="48.06973" lon="11.49793"><ele>574</ele></trkpt>
<trkpt lat="48.06905" lon="11.49902"><ele>574</ele></trkpt>
<trkpt lat="48.06882" lon="11.49934"><ele>574</ele></trkpt>
<trkpt lat="48.06827" lon="11.49964"><ele>575</ele></trkpt>
<trkpt lat="48.06820" lon="11.49973"><ele>575</ele></trkpt>
<trkpt lat="48.06814" lon="11.49990"><ele>575</ele></trkpt>
<trkpt lat="48.06800" lon="11.50228"><ele>575</ele></trkpt>
<trkpt lat="48.06833" lon="11.50723"><ele>575</ele></trkpt>
<trkpt lat="48.06839" lon="11.50749"><ele>576</ele></trkpt>
<trkpt lat="48.06860" lon="11.50796"><ele>576</ele></trkpt>
<trkpt lat="48.06863" lon="11.50822"><ele>576</ele></trkpt>
<trkpt lat="48.06858" lon="11.50871"><ele>577</ele></trkpt>
<trkpt lat="48.06860" lon="11.50884"><ele>578</ele></trkpt>
<trkpt lat="48.06848" lon="11.50921"><ele>578</ele></trkpt>
<trkpt lat="48.06843" lon="11.50975"><ele>579</ele></trkpt>
<trkpt lat="48.06790" lon="11.51311"><ele>575</ele></trkpt>
<trkpt lat="48.06788" lon="11.51344"><ele>575</ele></trkpt>
<trkpt lat="48.06791" lon="11.51402"><ele>575</ele></trkpt>
<trkpt lat="48.06802" lon="11.51449"><ele>575</ele></trkpt>
<trkpt lat="48.06901" lon="11.51696"><ele>574</ele></trkpt>
<trkpt lat="48.07034" lon="11.51551"><ele>573</ele></trkpt>
<trkpt lat="48.07090" lon="11.51509"><ele>573</ele></trkpt>
<trkpt lat="48.07102" lon="11.51552"><ele>572</ele></trkpt>
<trkpt lat="48.07111" lon="11.51606"><ele>572</ele></trkpt>
<trkpt lat="48.07115" lon="11.51611"><ele>572</ele></trkpt>
<trkpt lat="48.07114" lon="11.51731"><ele>572</ele></trkpt>
<trkpt lat="48.07117" lon="11.51753"><ele>572</ele></trkpt>
<trkpt lat="48.07132" lon="11.51767"><ele>572</ele></trkpt>
<trkpt lat="48.07185" lon="11.51792"><ele>571</ele></trkpt>
<trkpt lat="48.07245" lon="11.51801"><ele>571</ele></trkpt>
<trkpt lat="48.07235" lon="11.51979"><ele>571</ele></trkpt>
<trkpt lat="48.07172" lon="11.52566"><ele>570</ele></trkpt>
<trkpt lat="48.07173" lon="11.52635"><ele>570</ele></trkpt>
<trkpt lat="48.07193" lon="11.52859"><ele>569</ele></trkpt>
<trkpt lat="48.07195" lon="11.52918"><ele>570</ele></trkpt>
<trkpt lat="48.07192" lon="11.53075"><ele>566</ele></trkpt>
<trkpt lat="48.07182" lon="11.53208"><ele>569</ele></trkpt>
<trkpt lat="48.07164" lon="11.53547"><ele>570</ele></trkpt>
<trkpt lat="48.07169" lon="11.53557"><ele>570</ele></trkpt>
<trkpt lat="48.07177" lon="11.53564"><ele>569</ele></trkpt>
<trkpt lat="48.07310" lon="11.53655"><ele>565</ele></trkpt>
<trkpt lat="48.07321" lon="11.53660"><ele>565</ele></trkpt>
<trkpt lat="48.07382" lon="11.53718"><ele>560</ele></trkpt>
<trkpt lat="48.07395" lon="11.53722"><ele>560</ele></trkpt>
<trkpt lat="48.07402" lon="11.53783"><ele>559</ele></trkpt>
<trkpt lat="48.07416" lon="11.53818"><ele>558</ele></trkpt>
<trkpt lat="48.07421" lon="11.53840"><ele>556</ele></trkpt>
<trkpt lat="48.07424" lon="11.53884"><ele>552</ele></trkpt>
<trkpt lat="48.07429" lon="11.53891"><ele>552</ele></trkpt>
<trkpt lat="48.07437" lon="11.53890"><ele>553</ele></trkpt>
<trkpt lat="48.07470" lon="11.54237"><ele>553</ele></trkpt>
<trkpt lat="48.07479" lon="11.54236"><ele>554</ele></trkpt>
<trkpt lat="48.07485" lon="11.54244"><ele>558</ele></trkpt>
<trkpt lat="48.07484" lon="11.54294"><ele>561</ele></trkpt>
<trkpt lat="48.07489" lon="11.54308"><ele>560</ele></trkpt>
<trkpt lat="48.07495" lon="11.54312"><ele>561</ele></trkpt>
<trkpt lat="48.07534" lon="11.54291"><ele>562</ele></trkpt>
<trkpt lat="48.07528" lon="11.54267"><ele>562</ele></trkpt>
<trkpt lat="48.07502" lon="11.54279"><ele>564</ele></trkpt>
<trkpt lat="48.07441" lon="11.54294"><ele>560</ele></trkpt>
<trkpt lat="48.07429" lon="11.54303"><ele>561</ele></trkpt>
<trkpt lat="48.07418" lon="11.54327"><ele>562</ele></trkpt>
<trkpt lat="48.07397" lon="11.54356"><ele>562</ele></trkpt>
<trkpt lat="48.07342" lon="11.54390"><ele>563</ele></trkpt>
<trkpt lat="48.07310" lon="11.54422"><ele>563</ele></trkpt>
<trkpt lat="48.07288" lon="11.54429"><ele>562</ele></trkpt>
<trkpt lat="48.07248" lon="11.54459"><ele>562</ele></trkpt>
<trkpt lat="48.07229" lon="11.54467"><ele>562</ele></trkpt>
<trkpt lat="48.07216" lon="11.54477"><ele>563</ele></trkpt>
<trkpt lat="48.07197" lon="11.54501"><ele>565</ele></trkpt>
<trkpt lat="48.07182" lon="11.54509"><ele>565</ele></trkpt>
<trkpt lat="48.07169" lon="11.54623"><ele>565</ele></trkpt>
<trkpt lat="48.07166" lon="11.54631"><ele>565</ele></trkpt>
<trkpt lat="48.07154" lon="11.54752"><ele>564</ele></trkpt>
<trkpt lat="48.07149" lon="11.54772"><ele>564</ele></trkpt>
<trkpt lat="48.07137" lon="11.54796"><ele>565</ele></trkpt>
<trkpt lat="48.07034" lon="11.54928"><ele>566</ele></trkpt>
<trkpt lat="48.06783" lon="11.55232"><ele>567</ele></trkpt>
<trkpt lat="48.06749" lon="11.55277"><ele>568</ele></trkpt>
<trkpt lat="48.06640" lon="11.55404"><ele>568</ele></trkpt>
<trkpt lat="48.06600" lon="11.55463"><ele>568</ele></trkpt>
<trkpt lat="48.06206" lon="11.56080"><ele>569</ele></trkpt>
<trkpt lat="48.07588" lon="11.58035"><ele>558</ele></trkpt>
<trkpt lat="48.07056" lon="11.58866"><ele>557</ele></trkpt>
<trkpt lat="48.07009" lon="11.58947"><ele>557</ele></trkpt>
<trkpt lat="48.06979" lon="11.59035"><ele>557</ele></trkpt>
<trkpt lat="48.06879" lon="11.59369"><ele>556</ele></trkpt>
<trkpt lat="48.06849" lon="11.59458"><ele>556</ele></trkpt>
<trkpt lat="48.06713" lon="11.60298"><ele>556</ele></trkpt>
<trkpt lat="48.06677" lon="11.60577"><ele>556</ele></trkpt>
<trkpt lat="48.06669" lon="11.60712"><ele>557</ele></trkpt>
<trkpt lat="48.06659" lon="11.60804"><ele>557</ele></trkpt>
<trkpt lat="48.06654" lon="11.60830"><ele>557</ele></trkpt>
<trkpt lat="48.06649" lon="11.60898"><ele>557</ele></trkpt>
<trkpt lat="48.06649" lon="11.60912"><ele>557</ele></trkpt>
<trkpt lat="48.06700" lon="11.60920"><ele>557</ele></trkpt>
<trkpt lat="48.06715" lon="11.60929"><ele>557</ele></trkpt>
<trkpt lat="48.06729" lon="11.60943"><ele>557</ele></trkpt>
<trkpt lat="48.06740" lon="11.60973"><ele>557</ele></trkpt>
<trkpt lat="48.06753" lon="11.61042"><ele>556</ele></trkpt>
<trkpt lat="48.06747" lon="11.61047"><ele>556</ele></trkpt>
<trkpt lat="48.06749" lon="11.61060"><ele>556</ele></trkpt>
<trkpt lat="48.06745" lon="11.61073"><ele>556</ele></trkpt>
<trkpt lat="48.06711" lon="11.61105"><ele>556</ele></trkpt>
<trkpt lat="48.06689" lon="11.61115"><ele>556</ele></trkpt>
<trkpt lat="48.06661" lon="11.61154"><ele>555</ele></trkpt>
<trkpt lat="48.06636" lon="11.61200"><ele>554</ele></trkpt>
<trkpt lat="48.06623" lon="11.61252"><ele>556</ele></trkpt>
<trkpt lat="48.06616" lon="11.61419"><ele>554</ele></trkpt>
<trkpt lat="48.06607" lon="11.61433"><ele>555</ele></trkpt>
<trkpt lat="48.06606" lon="11.61441"><ele>555</ele></trkpt>
<trkpt lat="48.06607" lon="11.61460"><ele>555</ele></trkpt>
<trkpt lat="48.06613" lon="11.61472"><ele>555</ele></trkpt>
<trkpt lat="48.06614" lon="11.61485"><ele>555</ele></trkpt>
<trkpt lat="48.06609" lon="11.61553"><ele>555</ele></trkpt>
<trkpt lat="48.06600" lon="11.61617"><ele>555</ele></trkpt>
<trkpt lat="48.06578" lon="11.61722"><ele>554</ele></trkpt>
<trkpt lat="48.06574" lon="11.61725"><ele>554</ele></trkpt>
<trkpt lat="48.06572" lon="11.61746"><ele>554</ele></trkpt>
<trkpt lat="48.06577" lon="11.61762"><ele>554</ele></trkpt>
<trkpt lat="48.06573" lon="11.61806"><ele>554</ele></trkpt>
<trkpt lat="48.06581" lon="11.61810"><ele>554</ele></trkpt>
<trkpt lat="48.06598" lon="11.61792"><ele>554</ele></trkpt>
<trkpt lat="48.06581" lon="11.61810"><ele>554</ele></trkpt>
<trkpt lat="48.06575" lon="11.61833"><ele>554</ele></trkpt>
<trkpt lat="48.06552" lon="11.62072"><ele>554</ele></trkpt>
<trkpt lat="48.06530" lon="11.62361"><ele>553</ele></trkpt>
<trkpt lat="48.06522" lon="11.62399"><ele>553</ele></trkpt>
<trkpt lat="48.06515" lon="11.62418"><ele>553</ele></trkpt>
<trkpt lat="48.06491" lon="11.62457"><ele>553</ele></trkpt>
<trkpt lat="48.06453" lon="11.62491"><ele>554</ele></trkpt>
<trkpt lat="48.06402" lon="11.62507"><ele>554</ele></trkpt>
<trkpt lat="48.06285" lon="11.62522"><ele>554</ele></trkpt>
<trkpt lat="48.06278" lon="11.62632"><ele>554</ele></trkpt>
<trkpt lat="48.06263" lon="11.62756"><ele>555</ele></trkpt>
<trkpt lat="48.06242" lon="11.62878"><ele>555</ele></trkpt>
<trkpt lat="48.06231" lon="11.62915"><ele>555</ele></trkpt>
<trkpt lat="48.06215" lon="11.62947"><ele>555</ele></trkpt>
<trkpt lat="48.06192" lon="11.62958"><ele>555</ele></trkpt>
<trkpt lat="48.06100" lon="11.62952"><ele>556</ele></trkpt>
<trkpt lat="48.06061" lon="11.62959"><ele>557</ele></trkpt>
<trkpt lat="48.05987" lon="11.62951"><ele>557</ele></trkpt>
<trkpt lat="48.05999" lon="11.62979"><ele>557</ele></trkpt>
<trkpt lat="48.06000" lon="11.62991"><ele>557</ele></trkpt>
<trkpt lat="48.05998" lon="11.63232"><ele>557</ele></trkpt>
<trkpt lat="48.05993" lon="11.63243"><ele>557</ele></trkpt>
<trkpt lat="48.05993" lon="11.63258"><ele>557</ele></trkpt>
<trkpt lat="48.05919" lon="11.63261"><ele>557</ele></trkpt>
<trkpt lat="48.05914" lon="11.63255"><ele>557</ele></trkpt>
<trkpt lat="48.05634" lon="11.63253"><ele>559</ele></trkpt>
<trkpt lat="48.05639" lon="11.63964"><ele>559</ele></trkpt>
<trkpt lat="48.05635" lon="11.64623"><ele>559</ele></trkpt>
<trkpt lat="48.05980" lon="11.64736"><ele>557</ele></trkpt>
<trkpt lat="48.05980" lon="11.64916"><ele>556</ele></trkpt>
<trkpt lat="48.05975" lon="11.65249"><ele>556</ele></trkpt>
<trkpt lat="48.06084" lon="11.65278"><ele>556</ele></trkpt>
<trkpt lat="48.06087" lon="11.65285"><ele>556</ele></trkpt>
<trkpt lat="48.06099" lon="11.65789"><ele>557</ele></trkpt>
<trkpt lat="48.06126" lon="11.65786"><ele>557</ele></trkpt>
<trkpt lat="48.06134" lon="11.66065"><ele>556</ele></trkpt>
<trkpt lat="48.06129" lon="11.66361"><ele>558</ele></trkpt>
<trkpt lat="48.06131" lon="11.66378"><ele>558</ele></trkpt>
<trkpt lat="48.06175" lon="11.66526"><ele>557</ele></trkpt>
<trkpt lat="48.06080" lon="11.66589"><ele>558</ele></trkpt>
<trkpt lat="48.06166" lon="11.66912"><ele>558</ele></trkpt>
<trkpt lat="48.06170" lon="11.66922"><ele>558</ele></trkpt>
<trkpt lat="48.06176" lon="11.66925"><ele>558</ele></trkpt>
<trkpt lat="48.06174" lon="11.66936"><ele>558</ele></trkpt>
<trkpt lat="48.06246" lon="11.67273"><ele>559</ele></trkpt>
<trkpt lat="48.06277" lon="11.67382"><ele>559</ele></trkpt>
<trkpt lat="48.06366" lon="11.67632"><ele>559</ele></trkpt>
<trkpt lat="48.06466" lon="11.67794"><ele>559</ele></trkpt>
<trkpt lat="48.06477" lon="11.67822"><ele>559</ele></trkpt>
<trkpt lat="48.06477" lon="11.67848"><ele>559</ele></trkpt>
<trkpt lat="48.06480" lon="11.67855"><ele>559</ele></trkpt>
<trkpt lat="48.06380" lon="11.67939"><ele>559</ele></trkpt>
<trkpt lat="48.06371" lon="11.67988"><ele>560</ele></trkpt>
<trkpt lat="48.06384" lon="11.68022"><ele>559</ele></trkpt>
<trkpt lat="48.06341" lon="11.68061"><ele>560</ele></trkpt>
<trkpt lat="48.06306" lon="11.68078"><ele>560</ele></trkpt>
<trkpt lat="48.06313" lon="11.68114"><ele>560</ele></trkpt>
<trkpt lat="48.06242" lon="11.68183"><ele>560</ele></trkpt>
<trkpt lat="48.06197" lon="11.68054"><ele>561</ele></trkpt>
<trkpt lat="48.05737" lon="11.68721"><ele>563</ele></trkpt>
<trkpt lat="48.05734" lon="11.68728"><ele>564</ele></trkpt>
<trkpt lat="48.05744" lon="11.68850"><ele>563</ele></trkpt>
<trkpt lat="48.05742" lon="11.68858"><ele>563</ele></trkpt>
<trkpt lat="48.05727" lon="11.68872"><ele>563</ele></trkpt>
<trkpt lat="48.05723" lon="11.68880"><ele>564</ele></trkpt>
<trkpt lat="48.05756" lon="11.69090"><ele>563</ele></trkpt>
<trkpt lat="48.05774" lon="11.69158"><ele>563</ele></trkpt>
<trkpt lat="48.05589" lon="11.69302"><ele>564</ele></trkpt>
<trkpt lat="48.05455" lon="11.69416"><ele>563</ele></trkpt>
<trkpt lat="48.05408" lon="11.69442"><ele>565</ele></trkpt>
<trkpt lat="48.05202" lon="11.69609"><ele>567</ele></trkpt>
<trkpt lat="48.05047" lon="11.69729"><ele>567</ele></trkpt>
<trkpt lat="48.04918" lon="11.69787"><ele>568</ele></trkpt>
<trkpt lat="48.04906" lon="11.69786"><ele>568</ele></trkpt>
<trkpt lat="48.04898" lon="11.69809"><ele>568</ele></trkpt>
<trkpt lat="48.04873" lon="11.69852"><ele>568</ele></trkpt>
<trkpt lat="48.04814" lon="11.69939"><ele>568</ele></trkpt>
<trkpt lat="48.04784" lon="11.69972"><ele>568</ele></trkpt>
<trkpt lat="48.04760" lon="11.69985"><ele>568</ele></trkpt>
<trkpt lat="48.04728" lon="11.69995"><ele>569</ele></trkpt>
<trkpt lat="48.04700" lon="11.69868"><ele>570</ele></trkpt>
<trkpt lat="48.04684" lon="11.69887"><ele>570</ele></trkpt>
<trkpt lat="48.04664" lon="11.69919"><ele>570</ele></trkpt>
<trkpt lat="48.04531" lon="11.70059"><ele>570</ele></trkpt>
<trkpt lat="48.04503" lon="11.70099"><ele>571</ele></trkpt>
<trkpt lat="48.04566" lon="11.70248"><ele>570</ele></trkpt>
<trkpt lat="48.04544" lon="11.70264"><ele>570</ele></trkpt>
<trkpt lat="48.04357" lon="11.70247"><ele>572</ele></trkpt>
<trkpt lat="48.04340" lon="11.70250"><ele>572</ele></trkpt>
<trkpt lat="48.04164" lon="11.70457"><ele>572</ele></trkpt>
<trkpt lat="48.04098" lon="11.70518"><ele>573</ele></trkpt>
<trkpt lat="48.04013" lon="11.70588"><ele>573</ele></trkpt>
<trkpt lat="48.03661" lon="11.70963"><ele>575</ele></trkpt>
<trkpt lat="48.03658" lon="11.70971"><ele>575</ele></trkpt>
<trkpt lat="48.03659" lon="11.70989"><ele>575</ele></trkpt>
<trkpt lat="48.03762" lon="11.71165"><ele>575</ele></trkpt>
<trkpt lat="48.03766" lon="11.71183"><ele>575</ele></trkpt>
<trkpt lat="48.03763" lon="11.71284"><ele>575</ele></trkpt>
<trkpt lat="48.03707" lon="11.71323"><ele>576</ele></trkpt>
<trkpt lat="48.03674" lon="11.71356"><ele>576</ele></trkpt>
<trkpt lat="48.03648" lon="11.71356"><ele>576</ele></trkpt>
<trkpt lat="48.03639" lon="11.71370"><ele>576</ele></trkpt>
<trkpt lat="48.03637" lon="11.71397"><ele>576</ele></trkpt>
<trkpt lat="48.03624" lon="11.71411"><ele>576</ele></trkpt>
<trkpt lat="48.03573" lon="11.71462"><ele>577</ele></trkpt>
<trkpt lat="48.03379" lon="11.71618"><ele>578</ele></trkpt>
<trkpt lat="48.03271" lon="11.71738"><ele>578</ele></trkpt>
<trkpt lat="48.03224" lon="11.71796"><ele>578</ele></trkpt>
<trkpt lat="48.03228" lon="11.71803"><ele>578</ele></trkpt>
<trkpt lat="48.03232" lon="11.71822"><ele>578</ele></trkpt>
<trkpt lat="48.03232" lon="11.72068"><ele>578</ele></trkpt>
<trkpt lat="48.03239" lon="11.72474"><ele>578</ele></trkpt>
<trkpt lat="48.03240" lon="11.72761"><ele>578</ele></trkpt>
<trkpt lat="48.03202" lon="11.72768"><ele>578</ele></trkpt>
<trkpt lat="48.03055" lon="11.72814"><ele>580</ele></trkpt>
<trkpt lat="48.02979" lon="11.72814"><ele>580</ele></trkpt>
<trkpt lat="48.02838" lon="11.72837"><ele>581</ele></trkpt>
<trkpt lat="48.02802" lon="11.72829"><ele>581</ele></trkpt>
<trkpt lat="48.02764" lon="11.72828"><ele>581</ele></trkpt>
<trkpt lat="48.02594" lon="11.72849"><ele>582</ele></trkpt>
<trkpt lat="48.02599" lon="11.73131"><ele>582</ele></trkpt>
<trkpt lat="48.02592" lon="11.73154"><ele>582</ele></trkpt>
<trkpt lat="48.02563" lon="11.73197"><ele>582</ele></trkpt>
<trkpt lat="48.02533" lon="11.73162"><ele>582</ele></trkpt>
<trkpt lat="48.02518" lon="11.73181"><ele>582</ele></trkpt>
<trkpt lat="48.02374" lon="11.73195"><ele>583</ele></trkpt>
<trkpt lat="48.02374" lon="11.73258"><ele>584</ele></trkpt>
<trkpt lat="48.02385" lon="11.73553"><ele>584</ele></trkpt>
<trkpt lat="48.02012" lon="11.73585"><ele>586</ele></trkpt>
<trkpt lat="48.02021" lon="11.73730"><ele>586</ele></trkpt>
<trkpt lat="48.02041" lon="11.73941"><ele>586</ele></trkpt>
<trkpt lat="48.02067" lon="11.74138"><ele>586</ele></trkpt>
<trkpt lat="48.02069" lon="11.74250"><ele>585</ele></trkpt>
<trkpt lat="48.02056" lon="11.74408"><ele>586</ele></trkpt>
<trkpt lat="48.02060" lon="11.74479"><ele>586</ele></trkpt>
<trkpt lat="48.02073" lon="11.74598"><ele>585</ele></trkpt>
<trkpt lat="48.02074" lon="11.74665"><ele>584</ele></trkpt>
<trkpt lat="48.02059" lon="11.74759"><ele>583</ele></trkpt>
<trkpt lat="48.02036" lon="11.74825"><ele>582</ele></trkpt>
<trkpt lat="48.02017" lon="11.74862"><ele>582</ele></trkpt>
<trkpt lat="48.01973" lon="11.74996"><ele>583</ele></trkpt>
<trkpt lat="48.01971" lon="11.75048"><ele>583</ele></trkpt>
<trkpt lat="48.01983" lon="11.75155"><ele>583</ele></trkpt>
<trkpt lat="48.01541" lon="11.75261"><ele>585</ele></trkpt>
<trkpt lat="48.01447" lon="11.75281"><ele>585</ele></trkpt>
<trkpt lat="48.01423" lon="11.75281"><ele>586</ele></trkpt>
<trkpt lat="48.01090" lon="11.75367"><ele>587</ele></trkpt>
<trkpt lat="48.00640" lon="11.75475"><ele>589</ele></trkpt>
<trkpt lat="48.00191" lon="11.75592"><ele>590</ele></trkpt>
<trkpt lat="47.99264" lon="11.75824"><ele>596</ele></trkpt>
<trkpt lat="47.99218" lon="11.75897"><ele>596</ele></trkpt>
<trkpt lat="47.99177" lon="11.75953"><ele>596</ele></trkpt>
<trkpt lat="47.99106" lon="11.76084"><ele>596</ele></trkpt>
<trkpt lat="47.99075" lon="11.76128"><ele>597</ele></trkpt>
<trkpt lat="47.99049" lon="11.76152"><ele>597</ele></trkpt>
<trkpt lat="47.99004" lon="11.76179"><ele>597</ele></trkpt>
<trkpt lat="47.98821" lon="11.76302"><ele>599</ele></trkpt>
<trkpt lat="47.98631" lon="11.76437"><ele>600</ele></trkpt>
<trkpt lat="47.98380" lon="11.76600"><ele>600</ele></trkpt>
<trkpt lat="47.98362" lon="11.76619"><ele>601</ele></trkpt>
<trkpt lat="47.98332" lon="11.76664"><ele>601</ele></trkpt>
<trkpt lat="47.98261" lon="11.76787"><ele>601</ele></trkpt>
<trkpt lat="47.98164" lon="11.76922"><ele>601</ele></trkpt>
<trkpt lat="47.98083" lon="11.77047"><ele>602</ele></trkpt>
<trkpt lat="47.98043" lon="11.77191"><ele>601</ele></trkpt>
<trkpt lat="47.98037" lon="11.77209"><ele>601</ele></trkpt>
<trkpt lat="47.98028" lon="11.77223"><ele>601</ele></trkpt>
<trkpt lat="47.97985" lon="11.77262"><ele>598</ele></trkpt>
<trkpt lat="47.97729" lon="11.77469"><ele>598</ele></trkpt>
<trkpt lat="47.97707" lon="11.77495"><ele>598</ele></trkpt>
<trkpt lat="47.97670" lon="11.77573"><ele>598</ele></trkpt>
<trkpt lat="47.97631" lon="11.77602"><ele>598</ele></trkpt>
<trkpt lat="47.97506" lon="11.77637"><ele>600</ele></trkpt>
<trkpt lat="47.97393" lon="11.77687"><ele>602</ele></trkpt>
<trkpt lat="47.97354" lon="11.77697"><ele>604</ele></trkpt>
<trkpt lat="47.97294" lon="11.77698"><ele>606</ele></trkpt>
<trkpt lat="47.97277" lon="11.77726"><ele>607</ele></trkpt>
<trkpt lat="47.97264" lon="11.77820"><ele>607</ele></trkpt>
<trkpt lat="47.97262" lon="11.77864"><ele>608</ele></trkpt>
<trkpt lat="47.97270" lon="11.77935"><ele>608</ele></trkpt>
<trkpt lat="47.97262" lon="11.77974"><ele>608</ele></trkpt>
<trkpt lat="47.97246" lon="11.77976"><ele>608</ele></trkpt>
<trkpt lat="47.97214" lon="11.77973"><ele>608</ele></trkpt>
<trkpt lat="47.97187" lon="11.77982"><ele>608</ele></trkpt>
<trkpt lat="47.97124" lon="11.78012"><ele>608</ele></trkpt>
<trkpt lat="47.97076" lon="11.78041"><ele>609</ele></trkpt>
<trkpt lat="47.97066" lon="11.78051"><ele>609</ele></trkpt>
<trkpt lat="47.97055" lon="11.78054"><ele>609</ele></trkpt>
<trkpt lat="47.97042" lon="11.78053"><ele>609</ele></trkpt>
<trkpt lat="47.97028" lon="11.78044"><ele>609</ele></trkpt>
<trkpt lat="47.97015" lon="11.78029"><ele>609</ele></trkpt>
<trkpt lat="47.97001" lon="11.78003"><ele>610</ele></trkpt>
<trkpt lat="47.96986" lon="11.77989"><ele>609</ele></trkpt>
<trkpt lat="47.96880" lon="11.77942"><ele>610</ele></trkpt>
<trkpt lat="47.96861" lon="11.77938"><ele>610</ele></trkpt>
<trkpt lat="47.96841" lon="11.77998"><ele>610</ele></trkpt>
<trkpt lat="47.96824" lon="11.78014"><ele>611</ele></trkpt>
<trkpt lat="47.96816" lon="11.78058"><ele>611</ele></trkpt>
<trkpt lat="47.96818" lon="11.78211"><ele>618</ele></trkpt>
<trkpt lat="47.96814" lon="11.78248"><ele>620</ele></trkpt>
<trkpt lat="47.96795" lon="11.78329"><ele>624</ele></trkpt>
<trkpt lat="47.96791" lon="11.78350"><ele>625</ele></trkpt>
<trkpt lat="47.96789" lon="11.78421"><ele>628</ele></trkpt>
<trkpt lat="47.96785" lon="11.78439"><ele>628</ele></trkpt>
<trkpt lat="47.96771" lon="11.78471"><ele>629</ele></trkpt>
<trkpt lat="47.96742" lon="11.78522"><ele>632</ele></trkpt>
<trkpt lat="47.96719" lon="11.78551"><ele>634</ele></trkpt>
<trkpt lat="47.96671" lon="11.78590"><ele>636</ele></trkpt>
<trkpt lat="47.96657" lon="11.78608"><ele>637</ele></trkpt>
<trkpt lat="47.96647" lon="11.78632"><ele>638</ele></trkpt>
<trkpt lat="47.96633" lon="11.78685"><ele>640</ele></trkpt>
<trkpt lat="47.96595" lon="11.78759"><ele>644</ele></trkpt>
<trkpt lat="47.96565" lon="11.78830"><ele>646</ele></trkpt>
<trkpt lat="47.96544" lon="11.78862"><ele>647</ele></trkpt>
<trkpt lat="47.96515" lon="11.78891"><ele>646</ele></trkpt>
<trkpt lat="47.96499" lon="11.78901"><ele>646</ele></trkpt>
<trkpt lat="47.96343" lon="11.78960"><ele>642</ele></trkpt>
<trkpt lat="47.96274" lon="11.78963"><ele>641</ele></trkpt>
<trkpt lat="47.96265" lon="11.78980"><ele>641</ele></trkpt>
<trkpt lat="47.96218" lon="11.78984"><ele>643</ele></trkpt>
<trkpt lat="47.96116" lon="11.79014"><ele>646</ele></trkpt>
<trkpt lat="47.96056" lon="11.79004"><ele>648</ele></trkpt>
<trkpt lat="47.96008" lon="11.79029"><ele>650</ele></trkpt>
<trkpt lat="47.95914" lon="11.79107"><ele>648</ele></trkpt>
<trkpt lat="47.95839" lon="11.79231"><ele>654</ele></trkpt>
<trkpt lat="47.95817" lon="11.79258"><ele>655</ele></trkpt>
<trkpt lat="47.95796" lon="11.79277"><ele>655</ele></trkpt>
<trkpt lat="47.95702" lon="11.79326"><ele>649</ele></trkpt>
<trkpt lat="47.95672" lon="11.79357"><ele>647</ele></trkpt>
<trkpt lat="47.95600" lon="11.79417"><ele>644</ele></trkpt>
<trkpt lat="47.95445" lon="11.79536"><ele>638</ele></trkpt>
<trkpt lat="47.95380" lon="11.79639"><ele>639</ele></trkpt>
<trkpt lat="47.95289" lon="11.79743"><ele>640</ele></trkpt>
<trkpt lat="47.95274" lon="11.79749"><ele>640</ele></trkpt>
<trkpt lat="47.95205" lon="11.79752"><ele>641</ele></trkpt>
<trkpt lat="47.95199" lon="11.79550"><ele>640</ele></trkpt>
<trkpt lat="47.95171" lon="11.79538"><ele>639</ele></trkpt>
<trkpt lat="47.95072" lon="11.79464"><ele>638</ele></trkpt>
<trkpt lat="47.95036" lon="11.79449"><ele>638</ele></trkpt>
<trkpt lat="47.94946" lon="11.79443"><ele>639</ele></trkpt>
<trkpt lat="47.94838" lon="11.79425"><ele>641</ele></trkpt>
<trkpt lat="47.94734" lon="11.79395"><ele>642</ele></trkpt>
<trkpt lat="47.94717" lon="11.79385"><ele>642</ele></trkpt>
<trkpt lat="47.94714" lon="11.79379"><ele>642</ele></trkpt>
<trkpt lat="47.94705" lon="11.79387"><ele>642</ele></trkpt>
<trkpt lat="47.94682" lon="11.79450"><ele>642</ele></trkpt>
<trkpt lat="47.94627" lon="11.79565"><ele>645</ele></trkpt>
<trkpt lat="47.94579" lon="11.79629"><ele>646</ele></trkpt>
<trkpt lat="47.94557" lon="11.79664"><ele>646</ele></trkpt>
<trkpt lat="47.94512" lon="11.79750"><ele>647</ele></trkpt>
<trkpt lat="47.94472" lon="11.79819"><ele>648</ele></trkpt>
<trkpt lat="47.94454" lon="11.79864"><ele>648</ele></trkpt>
<trkpt lat="47.94410" lon="11.79998"><ele>650</ele></trkpt>
<trkpt lat="47.94355" lon="11.80119"><ele>651</ele></trkpt>
<trkpt lat="47.94344" lon="11.80154"><ele>650</ele></trkpt>
<trkpt lat="47.94319" lon="11.80271"><ele>650</ele></trkpt>
<trkpt lat="47.94318" lon="11.80283"><ele>650</ele></trkpt>
<trkpt lat="47.94326" lon="11.80317"><ele>650</ele></trkpt>
<trkpt lat="47.94329" lon="11.80365"><ele>648</ele></trkpt>
<trkpt lat="47.94308" lon="11.80376"><ele>648</ele></trkpt>
<trkpt lat="47.94259" lon="11.80389"><ele>647</ele></trkpt>
<trkpt lat="47.94238" lon="11.80533"><ele>647</ele></trkpt>
<trkpt lat="47.94234" lon="11.80532"><ele>647</ele></trkpt>
<trkpt lat="47.94213" lon="11.80553"><ele>645</ele></trkpt>
<trkpt lat="47.94187" lon="11.80563"><ele>644</ele></trkpt>
<trkpt lat="47.94123" lon="11.80566"><ele>645</ele></trkpt>
<trkpt lat="47.94083" lon="11.80580"><ele>647</ele></trkpt>
<trkpt lat="47.94038" lon="11.80612"><ele>652</ele></trkpt>
<trkpt lat="47.93966" lon="11.80642"><ele>654</ele></trkpt>
<trkpt lat="47.93765" lon="11.80756"><ele>648</ele></trkpt>
<trkpt lat="47.93660" lon="11.80787"><ele>644</ele></trkpt>
<trkpt lat="47.93585" lon="11.80794"><ele>642</ele></trkpt>
<trkpt lat="47.93566" lon="11.80805"><ele>642</ele></trkpt>
<trkpt lat="47.93532" lon="11.80839"><ele>642</ele></trkpt>
<trkpt lat="47.93508" lon="11.80868"><ele>642</ele></trkpt>
<trkpt lat="47.93468" lon="11.80889"><ele>641</ele></trkpt>
<trkpt lat="47.93430" lon="11.80919"><ele>640</ele></trkpt>
<trkpt lat="47.93349" lon="11.81007"><ele>633</ele></trkpt>
<trkpt lat="47.93327" lon="11.81017"><ele>632</ele></trkpt>
<trkpt lat="47.93183" lon="11.81053"><ele>638</ele></trkpt>
<trkpt lat="47.93084" lon="11.81118"><ele>648</ele></trkpt>
<trkpt lat="47.93080" lon="11.81143"><ele>649</ele></trkpt>
<trkpt lat="47.93007" lon="11.81183"><ele>650</ele></trkpt>
<trkpt lat="47.92921" lon="11.81175"><ele>643</ele></trkpt>
<trkpt lat="47.92890" lon="11.81175"><ele>642</ele></trkpt>
<trkpt lat="47.92860" lon="11.81184"><ele>640</ele></trkpt>
<trkpt lat="47.92796" lon="11.81231"><ele>639</ele></trkpt>
<trkpt lat="47.92760" lon="11.81271"><ele>638</ele></trkpt>
<trkpt lat="47.92736" lon="11.81292"><ele>637</ele></trkpt>
<trkpt lat="47.92683" lon="11.81331"><ele>637</ele></trkpt>
<trkpt lat="47.92605" lon="11.81374"><ele>636</ele></trkpt>
<trkpt lat="47.92556" lon="11.81379"><ele>635</ele></trkpt>
<trkpt lat="47.92466" lon="11.81403"><ele>635</ele></trkpt>
<trkpt lat="47.92452" lon="11.81401"><ele>636</ele></trkpt>
<trkpt lat="47.92375" lon="11.81369"><ele>634</ele></trkpt>
<trkpt lat="47.92308" lon="11.81355"><ele>634</ele></trkpt>
<trkpt lat="47.92289" lon="11.81345"><ele>635</ele></trkpt>
<trkpt lat="47.92272" lon="11.81323"><ele>636</ele></trkpt>
<trkpt lat="47.92216" lon="11.81331"><ele>634</ele></trkpt>
<trkpt lat="47.92097" lon="11.81333"><ele>639</ele></trkpt>
<trkpt lat="47.92070" lon="11.81348"><ele>643</ele></trkpt>
<trkpt lat="47.92015" lon="11.81397"><ele>646</ele></trkpt>
<trkpt lat="47.91973" lon="11.81320"><ele>645</ele></trkpt>
<trkpt lat="47.91928" lon="11.81267"><ele>642</ele></trkpt>
<trkpt lat="47.91906" lon="11.81257"><ele>640</ele></trkpt>
<trkpt lat="47.91879" lon="11.81264"><ele>639</ele></trkpt>
<trkpt lat="47.91794" lon="11.81301"><ele>639</ele></trkpt>
<trkpt lat="47.91778" lon="11.81303"><ele>640</ele></trkpt>
<trkpt lat="47.91722" lon="11.81289"><ele>638</ele></trkpt>
<trkpt lat="47.91602" lon="11.81273"><ele>633</ele></trkpt>
<trkpt lat="47.91593" lon="11.81277"><ele>632</ele></trkpt>
<trkpt lat="47.91571" lon="11.81305"><ele>630</ele></trkpt>
<trkpt lat="47.91560" lon="11.81325"><ele>630</ele></trkpt>
<trkpt lat="47.91532" lon="11.81401"><ele>632</ele></trkpt>
<trkpt lat="47.91510" lon="11.81427"><ele>632</ele></trkpt>
<trkpt lat="47.91498" lon="11.81432"><ele>632</ele></trkpt>
<trkpt lat="47.91477" lon="11.81433"><ele>632</ele></trkpt>
<trkpt lat="47.91463" lon="11.81428"><ele>631</ele></trkpt>
<trkpt lat="47.91422" lon="11.81394"><ele>628</ele></trkpt>
<trkpt lat="47.91407" lon="11.81386"><ele>627</ele></trkpt>
<trkpt lat="47.91382" lon="11.81395"><ele>626</ele></trkpt>
<trkpt lat="47.91373" lon="11.81406"><ele>626</ele></trkpt>
<trkpt lat="47.91358" lon="11.81457"><ele>624</ele></trkpt>
<trkpt lat="47.91333" lon="11.81572"><ele>621</ele></trkpt>
<trkpt lat="47.91275" lon="11.81780"><ele>612</ele></trkpt>
<trkpt lat="47.91268" lon="11.81795"><ele>611</ele></trkpt>
<trkpt lat="47.91232" lon="11.81835"><ele>610</ele></trkpt>
<trkpt lat="47.91224" lon="11.81854"><ele>612</ele></trkpt>
<trkpt lat="47.91214" lon="11.81893"><ele>612</ele></trkpt>
<trkpt lat="47.91212" lon="11.81909"><ele>612</ele></trkpt>
<trkpt lat="47.91227" lon="11.81976"><ele>610</ele></trkpt>
<trkpt lat="47.91235" lon="11.82064"><ele>607</ele></trkpt>
<trkpt lat="47.91233" lon="11.82227"><ele>606</ele></trkpt>
<trkpt lat="47.91248" lon="11.82503"><ele>605</ele></trkpt>
<trkpt lat="47.91235" lon="11.82548"><ele>604</ele></trkpt>
<trkpt lat="47.91224" lon="11.82570"><ele>603</ele></trkpt>
<trkpt lat="47.91190" lon="11.82621"><ele>600</ele></trkpt>
<trkpt lat="47.91165" lon="11.82673"><ele>600</ele></trkpt>
<trkpt lat="47.91150" lon="11.82692"><ele>600</ele></trkpt>
<trkpt lat="47.91118" lon="11.82720"><ele>600</ele></trkpt>
<trkpt lat="47.91052" lon="11.82762"><ele>599</ele></trkpt>
<trkpt lat="47.91034" lon="11.82784"><ele>598</ele></trkpt>
<trkpt lat="47.91022" lon="11.82809"><ele>598</ele></trkpt>
<trkpt lat="47.91012" lon="11.82843"><ele>597</ele></trkpt>
<trkpt lat="47.90971" lon="11.82921"><ele>598</ele></trkpt>
<trkpt lat="47.90934" lon="11.83004"><ele>594</ele></trkpt>
<trkpt lat="47.90886" lon="11.83099"><ele>590</ele></trkpt>
<trkpt lat="47.90871" lon="11.83118"><ele>590</ele></trkpt>
<trkpt lat="47.90846" lon="11.83145"><ele>588</ele></trkpt>
<trkpt lat="47.90787" lon="11.83197"><ele>580</ele></trkpt>
<trkpt lat="47.90759" lon="11.83209"><ele>576</ele></trkpt>
<trkpt lat="47.90738" lon="11.83183"><ele>573</ele></trkpt>
<trkpt lat="47.90711" lon="11.83177"><ele>570</ele></trkpt>
<trkpt lat="47.90696" lon="11.83179"><ele>568</ele></trkpt>
<trkpt lat="47.90678" lon="11.83188"><ele>565</ele></trkpt>
<trkpt lat="47.90615" lon="11.83239"><ele>557</ele></trkpt>
<trkpt lat="47.90472" lon="11.83460"><ele>554</ele></trkpt>
<trkpt lat="47.90209" lon="11.83836"><ele>551</ele></trkpt>
<trkpt lat="47.90079" lon="11.83694"><ele>552</ele></trkpt>
<trkpt lat="47.89951" lon="11.84041"><ele>550</ele></trkpt>
<trkpt lat="47.89649" lon="11.84837"><ele>545</ele></trkpt>
<trkpt lat="47.89607" lon="11.84970"><ele>545</ele></trkpt>
<trkpt lat="47.89580" lon="11.85071"><ele>544</ele></trkpt>
<trkpt lat="47.89540" lon="11.85261"><ele>543</ele></trkpt>
<trkpt lat="47.89521" lon="11.85316"><ele>538</ele></trkpt>
<trkpt lat="47.89511" lon="11.85317"><ele>538</ele></trkpt>
<trkpt lat="47.89487" lon="11.85308"><ele>536</ele></trkpt>
<trkpt lat="47.89483" lon="11.85341"><ele>536</ele></trkpt>
<trkpt lat="47.89425" lon="11.85356"><ele>535</ele></trkpt>
<trkpt lat="47.89402" lon="11.85367"><ele>536</ele></trkpt>
<trkpt lat="47.89381" lon="11.85384"><ele>535</ele></trkpt>
<trkpt lat="47.89349" lon="11.85431"><ele>534</ele></trkpt>
<trkpt lat="47.89325" lon="11.85493"><ele>534</ele></trkpt>
<trkpt lat="47.89310" lon="11.85516"><ele>534</ele></trkpt>
<trkpt lat="47.89284" lon="11.85543"><ele>534</ele></trkpt>
<trkpt lat="47.89253" lon="11.85559"><ele>534</ele></trkpt>
<trkpt lat="47.89162" lon="11.85569"><ele>534</ele></trkpt>
<trkpt lat="47.89159" lon="11.85747"><ele>534</ele></trkpt>
<trkpt lat="47.89132" lon="11.86020"><ele>533</ele></trkpt>
<trkpt lat="47.89126" lon="11.86050"><ele>532</ele></trkpt>
<trkpt lat="47.89120" lon="11.86138"><ele>533</ele></trkpt>
<trkpt lat="47.89083" lon="11.86531"><ele>531</ele></trkpt>
<trkpt lat="47.89069" lon="11.86647"><ele>529</ele></trkpt>
<trkpt lat="47.89068" lon="11.86675"><ele>529</ele></trkpt>
<trkpt lat="47.89041" lon="11.86931"><ele>528</ele></trkpt>
<trkpt lat="47.89023" lon="11.87075"><ele>528</ele></trkpt>
<trkpt lat="47.89019" lon="11.87093"><ele>528</ele></trkpt>
<trkpt lat="47.89019" lon="11.87111"><ele>528</ele></trkpt>
<trkpt lat="47.89005" lon="11.87218"><ele>527</ele></trkpt>
<trkpt lat="47.88995" lon="11.87286"><ele>527</ele></trkpt>
<trkpt lat="47.88979" lon="11.87341"><ele>526</ele></trkpt>
<trkpt lat="47.88951" lon="11.87409"><ele>526</ele></trkpt>
<trkpt lat="47.88938" lon="11.87452"><ele>526</ele></trkpt>
<trkpt lat="47.88924" lon="11.87474"><ele>526</ele></trkpt>
<trkpt lat="47.88923" lon="11.87488"><ele>527</ele></trkpt>
<trkpt lat="47.88903" lon="11.87514"><ele>530</ele></trkpt>
<trkpt lat="47.88882" lon="11.87525"><ele>530</ele></trkpt>
<trkpt lat="47.88875" lon="11.87540"><ele>530</ele></trkpt>
<trkpt lat="47.88931" lon="11.87546"><ele>526</ele></trkpt>
<trkpt lat="47.88987" lon="11.87565"><ele>527</ele></trkpt>
<trkpt lat="47.88945" lon="11.87671"><ele>527</ele></trkpt>
<trkpt lat="47.88927" lon="11.87697"><ele>526</ele></trkpt>
<trkpt lat="47.88879" lon="11.87741"><ele>525</ele></trkpt>
<trkpt lat="47.88842" lon="11.87762"><ele>525</ele></trkpt>
<trkpt lat="47.88816" lon="11.87850"><ele>525</ele></trkpt>
<trkpt lat="47.88776" lon="11.87908"><ele>525</ele></trkpt>
<trkpt lat="47.88743" lon="11.87947"><ele>524</ele></trkpt>
<trkpt lat="47.88726" lon="11.87958"><ele>524</ele></trkpt>
<trkpt lat="47.88684" lon="11.87951"><ele>524</ele></trkpt>
<trkpt lat="47.88674" lon="11.87962"><ele>524</ele></trkpt>
<trkpt lat="47.88539" lon="11.88173"><ele>523</ele></trkpt>
<trkpt lat="47.88486" lon="11.88269"><ele>523</ele></trkpt>
<trkpt lat="47.88471" lon="11.88317"><ele>523</ele></trkpt>
<trkpt lat="47.88472" lon="11.88336"><ele>523</ele></trkpt>
<trkpt lat="47.88484" lon="11.88379"><ele>523</ele></trkpt>
<trkpt lat="47.88482" lon="11.88395"><ele>523</ele></trkpt>
<trkpt lat="47.88479" lon="11.88405"><ele>522</ele></trkpt>
<trkpt lat="47.88454" lon="11.88438"><ele>522</ele></trkpt>
<trkpt lat="47.88444" lon="11.88459"><ele>522</ele></trkpt>
<trkpt lat="47.88430" lon="11.88532"><ele>521</ele></trkpt>
<trkpt lat="47.88095" lon="11.89235"><ele>518</ele></trkpt>
<trkpt lat="47.88070" lon="11.89277"><ele>518</ele></trkpt>
<trkpt lat="47.88042" lon="11.89334"><ele>518</ele></trkpt>
<trkpt lat="47.87995" lon="11.89445"><ele>518</ele></trkpt>
<trkpt lat="47.87967" lon="11.89528"><ele>518</ele></trkpt>
<trkpt lat="47.87952" lon="11.89552"><ele>517</ele></trkpt>
<trkpt lat="47.87943" lon="11.89575"><ele>518</ele></trkpt>
<trkpt lat="47.87931" lon="11.89640"><ele>517</ele></trkpt>
<trkpt lat="47.87923" lon="11.89698"><ele>517</ele></trkpt>
<trkpt lat="47.87920" lon="11.89743"><ele>517</ele></trkpt>
<trkpt lat="47.87918" lon="11.89814"><ele>517</ele></trkpt>
<trkpt lat="47.87921" lon="11.89874"><ele>517</ele></trkpt>
<trkpt lat="47.87925" lon="11.89891"><ele>517</ele></trkpt>
<trkpt lat="47.87890" lon="11.89922"><ele>517</ele></trkpt>
<trkpt lat="47.87882" lon="11.89938"><ele>516</ele></trkpt>
<trkpt lat="47.87878" lon="11.89962"><ele>516</ele></trkpt>
<trkpt lat="47.87863" lon="11.89961"><ele>516</ele></trkpt>
<trkpt lat="47.87857" lon="11.89951"><ele>516</ele></trkpt>
<trkpt lat="47.87796" lon="11.89980"><ele>514</ele></trkpt>
<trkpt lat="47.88029" lon="11.91037"><ele>511</ele></trkpt>
<trkpt lat="47.88033" lon="11.91063"><ele>511</ele></trkpt>
<trkpt lat="47.88033" lon="11.91094"><ele>510</ele></trkpt>
<trkpt lat="47.88021" lon="11.91133"><ele>509</ele></trkpt>
<trkpt lat="47.88001" lon="11.91175"><ele>510</ele></trkpt>
<trkpt lat="47.87866" lon="11.91367"><ele>510</ele></trkpt>
<trkpt lat="47.87845" lon="11.91403"><ele>510</ele></trkpt>
<trkpt lat="47.87810" lon="11.91500"><ele>510</ele></trkpt>
<trkpt lat="47.87789" lon="11.91648"><ele>509</ele></trkpt>
<trkpt lat="47.87809" lon="11.91837"><ele>508</ele></trkpt>
<trkpt lat="47.87811" lon="11.91878"><ele>508</ele></trkpt>
<trkpt lat="47.87805" lon="11.91944"><ele>508</ele></trkpt>
<trkpt lat="47.87793" lon="11.91979"><ele>507</ele></trkpt>
<trkpt lat="47.87769" lon="11.92020"><ele>507</ele></trkpt>
<trkpt lat="47.87622" lon="11.92166"><ele>506</ele></trkpt>
<trkpt lat="47.87595" lon="11.92197"><ele>506</ele></trkpt>
<trkpt lat="47.87569" lon="11.92234"><ele>506</ele></trkpt>
<trkpt lat="47.87540" lon="11.92297"><ele>506</ele></trkpt>
<trkpt lat="47.87528" lon="11.92332"><ele>507</ele></trkpt>
<trkpt lat="47.87522" lon="11.92370"><ele>506</ele></trkpt>
<trkpt lat="47.87520" lon="11.92470"><ele>505</ele></trkpt>
<trkpt lat="47.87531" lon="11.92598"><ele>506</ele></trkpt>
<trkpt lat="47.87533" lon="11.92712"><ele>505</ele></trkpt>
<trkpt lat="47.87528" lon="11.92757"><ele>505</ele></trkpt>
<trkpt lat="47.87510" lon="11.92839"><ele>504</ele></trkpt>
<trkpt lat="47.87478" lon="11.92937"><ele>504</ele></trkpt>
<trkpt lat="47.87413" lon="11.93066"><ele>503</ele></trkpt>
<trkpt lat="47.87354" lon="11.93164"><ele>502</ele></trkpt>
<trkpt lat="47.87221" lon="11.93369"><ele>502</ele></trkpt>
<trkpt lat="47.87211" lon="11.93391"><ele>502</ele></trkpt>
<trkpt lat="47.87179" lon="11.93442"><ele>500</ele></trkpt>
<trkpt lat="47.87088" lon="11.93581"><ele>500</ele></trkpt>
<trkpt lat="47.86980" lon="11.93756"><ele>499</ele></trkpt>
<trkpt lat="47.86965" lon="11.93788"><ele>500</ele></trkpt>
<trkpt lat="47.86939" lon="11.93852"><ele>500</ele></trkpt>
<trkpt lat="47.86928" lon="11.93871"><ele>500</ele></trkpt>
<trkpt lat="47.86917" lon="11.93912"><ele>500</ele></trkpt>
<trkpt lat="47.86917" lon="11.93931"><ele>500</ele></trkpt>
<trkpt lat="47.86847" lon="11.94190"><ele>498</ele></trkpt>
<trkpt lat="47.86842" lon="11.94248"><ele>497</ele></trkpt>
<trkpt lat="47.86800" lon="11.94399"><ele>497</ele></trkpt>
<trkpt lat="47.86792" lon="11.94418"><ele>497</ele></trkpt>
<trkpt lat="47.86779" lon="11.94438"><ele>498</ele></trkpt>
<trkpt lat="47.86840" lon="11.94463"><ele>498</ele></trkpt>
<trkpt lat="47.86832" lon="11.94483"><ele>498</ele></trkpt>
<trkpt lat="47.86821" lon="11.94569"><ele>496</ele></trkpt>
<trkpt lat="47.86818" lon="11.94641"><ele>496</ele></trkpt>
<trkpt lat="47.86820" lon="11.94688"><ele>496</ele></trkpt>
<trkpt lat="47.86850" lon="11.94883"><ele>496</ele></trkpt>
<trkpt lat="47.86863" lon="11.94989"><ele>497</ele></trkpt>
<trkpt lat="47.86866" lon="11.95038"><ele>496</ele></trkpt>
<trkpt lat="47.86886" lon="11.95181"><ele>496</ele></trkpt>
<trkpt lat="47.86896" lon="11.95282"><ele>495</ele></trkpt>
<trkpt lat="47.86900" lon="11.95382"><ele>494</ele></trkpt>
<trkpt lat="47.86897" lon="11.95521"><ele>494</ele></trkpt>
<trkpt lat="47.86879" lon="11.95729"><ele>493</ele></trkpt>
<trkpt lat="47.86831" lon="11.95928"><ele>493</ele></trkpt>
<trkpt lat="47.86818" lon="11.96006"><ele>492</ele></trkpt>
<trkpt lat="47.86787" lon="11.96142"><ele>492</ele></trkpt>
<trkpt lat="47.86713" lon="11.96446"><ele>490</ele></trkpt>
<trkpt lat="47.86708" lon="11.96462"><ele>491</ele></trkpt>
<trkpt lat="47.86690" lon="11.96490"><ele>491</ele></trkpt>
<trkpt lat="47.86682" lon="11.96515"><ele>490</ele></trkpt>
<trkpt lat="47.86646" lon="11.96660"><ele>489</ele></trkpt>
<trkpt lat="47.86632" lon="11.96755"><ele>489</ele></trkpt>
<trkpt lat="47.86628" lon="11.96824"><ele>490</ele></trkpt>
<trkpt lat="47.86629" lon="11.96994"><ele>489</ele></trkpt>
<trkpt lat="47.86635" lon="11.97039"><ele>489</ele></trkpt>
<trkpt lat="47.86643" lon="11.97069"><ele>490</ele></trkpt>
<trkpt lat="47.86635" lon="11.97109"><ele>489</ele></trkpt>
<trkpt lat="47.86611" lon="11.97187"><ele>489</ele></trkpt>
<trkpt lat="47.86610" lon="11.97240"><ele>490</ele></trkpt>
<trkpt lat="47.86614" lon="11.97312"><ele>490</ele></trkpt>
<trkpt lat="47.86591" lon="11.97418"><ele>488</ele></trkpt>
<trkpt lat="47.86413" lon="11.98176"><ele>486</ele></trkpt>
<trkpt lat="47.86392" lon="11.98229"><ele>485</ele></trkpt>
<trkpt lat="47.86306" lon="11.98384"><ele>485</ele></trkpt>
<trkpt lat="47.86257" lon="11.98525"><ele>482</ele></trkpt>
<trkpt lat="47.86215" lon="11.98622"><ele>482</ele></trkpt>
<trkpt lat="47.86177" lon="11.98794"><ele>482</ele></trkpt>
<trkpt lat="47.86171" lon="11.98813"><ele>481</ele></trkpt>
<trkpt lat="47.86170" lon="11.98936"><ele>481</ele></trkpt>
<trkpt lat="47.86150" lon="11.99029"><ele>481</ele></trkpt>
<trkpt lat="47.86129" lon="11.99105"><ele>481</ele></trkpt>
<trkpt lat="47.86103" lon="11.99172"><ele>481</ele></trkpt>
<trkpt lat="47.86043" lon="11.99357"><ele>480</ele></trkpt>
<trkpt lat="47.85990" lon="11.99592"><ele>479</ele></trkpt>
<trkpt lat="47.85964" lon="11.99688"><ele>479</ele></trkpt>
<trkpt lat="47.85970" lon="11.99700"><ele>479</ele></trkpt>
<trkpt lat="47.86010" lon="11.99756"><ele>480</ele></trkpt>
<trkpt lat="47.86017" lon="11.99746"><ele>480</ele></trkpt>
<trkpt lat="47.86028" lon="11.99750"><ele>480</ele></trkpt>
<trkpt lat="47.86046" lon="11.99724"><ele>480</ele></trkpt>
<trkpt lat="47.86087" lon="11.99695"><ele>480</ele></trkpt>
<trkpt lat="47.86060" lon="11.99713"><ele>480</ele></trkpt>
<trkpt lat="47.86077" lon="11.99729"><ele>480</ele></trkpt>
<trkpt lat="47.86193" lon="11.99900"><ele>480</ele></trkpt>
<trkpt lat="47.86176" lon="11.99928"><ele>479</ele></trkpt>
<trkpt lat="47.86080" lon="12.00117"><ele>478</ele></trkpt>
<trkpt lat="47.86036" lon="12.00596"><ele>478</ele></trkpt>
<trkpt lat="47.86115" lon="12.00629"><ele>480</ele></trkpt>
<trkpt lat="47.86115" lon="12.00642"><ele>480</ele></trkpt>
<trkpt lat="47.86092" lon="12.00677"><ele>478</ele></trkpt>
<trkpt lat="47.85993" lon="12.00897"><ele>476</ele></trkpt>
<trkpt lat="47.85991" lon="12.00911"><ele>476</ele></trkpt>
<trkpt lat="47.85998" lon="12.00956"><ele>476</ele></trkpt>
<trkpt lat="47.86044" lon="12.01027"><ele>474</ele></trkpt>
<trkpt lat="47.86053" lon="12.01058"><ele>475</ele></trkpt>
<trkpt lat="47.86073" lon="12.01059"><ele>476</ele></trkpt>
<trkpt lat="47.86080" lon="12.01065"><ele>476</ele></trkpt>
<trkpt lat="47.86073" lon="12.01105"><ele>475</ele></trkpt>
<trkpt lat="47.86037" lon="12.01240"><ele>474</ele></trkpt>
<trkpt lat="47.86024" lon="12.01273"><ele>475</ele></trkpt>
<trkpt lat="47.85995" lon="12.01321"><ele>474</ele></trkpt>
<trkpt lat="47.85963" lon="12.01363"><ele>474</ele></trkpt>
<trkpt lat="47.85962" lon="12.01373"><ele>475</ele></trkpt>
<trkpt lat="47.85969" lon="12.01389"><ele>476</ele></trkpt>
<trkpt lat="47.85888" lon="12.01440"><ele>476</ele></trkpt>
<trkpt lat="47.85792" lon="12.01481"><ele>475</ele></trkpt>
<trkpt lat="47.85758" lon="12.01500"><ele>475</ele></trkpt>
<trkpt lat="47.85775" lon="12.01632"><ele>477</ele></trkpt>
<trkpt lat="47.85737" lon="12.01753"><ele>485</ele></trkpt>
<trkpt lat="47.85722" lon="12.01826"><ele>490</ele></trkpt>
<trkpt lat="47.85715" lon="12.01881"><ele>492</ele></trkpt>
<trkpt lat="47.85717" lon="12.01948"><ele>496</ele></trkpt>
<trkpt lat="47.85693" lon="12.02018"><ele>498</ele></trkpt>
<trkpt lat="47.85683" lon="12.02081"><ele>499</ele></trkpt>
<trkpt lat="47.85649" lon="12.02093"><ele>499</ele></trkpt>
<trkpt lat="47.85612" lon="12.02123"><ele>499</ele></trkpt>
<trkpt lat="47.85603" lon="12.02121"><ele>499</ele></trkpt>
<trkpt lat="47.85584" lon="12.02136"><ele>500</ele></trkpt>
<trkpt lat="47.85516" lon="12.02156"><ele>498</ele></trkpt>
<trkpt lat="47.85381" lon="12.02222"><ele>499</ele></trkpt>
<trkpt lat="47.85367" lon="12.02225"><ele>499</ele></trkpt>
<trkpt lat="47.85332" lon="12.02216"><ele>499</ele></trkpt>
<trkpt lat="47.85298" lon="12.02200"><ele>499</ele></trkpt>
<trkpt lat="47.85273" lon="12.02383"><ele>496</ele></trkpt>
<trkpt lat="47.85235" lon="12.02429"><ele>495</ele></trkpt>
<trkpt lat="47.85203" lon="12.02475"><ele>493</ele></trkpt>
<trkpt lat="47.85163" lon="12.02578"><ele>492</ele></trkpt>
<trkpt lat="47.85153" lon="12.02624"><ele>491</ele></trkpt>
<trkpt lat="47.85153" lon="12.02667"><ele>489</ele></trkpt>
<trkpt lat="47.85157" lon="12.02698"><ele>487</ele></trkpt>
<trkpt lat="47.85171" lon="12.02715"><ele>487</ele></trkpt>
<trkpt lat="47.85169" lon="12.02724"><ele>487</ele></trkpt>
<trkpt lat="47.85160" lon="12.02754"><ele>484</ele></trkpt>
<trkpt lat="47.85150" lon="12.02772"><ele>482</ele></trkpt>
<trkpt lat="47.85122" lon="12.02796"><ele>480</ele></trkpt>
<trkpt lat="47.85117" lon="12.02831"><ele>479</ele></trkpt>
<trkpt lat="47.85091" lon="12.02891"><ele>480</ele></trkpt>
<trkpt lat="47.85090" lon="12.02924"><ele>480</ele></trkpt>
<trkpt lat="47.85097" lon="12.02955"><ele>481</ele></trkpt>
<trkpt lat="47.85102" lon="12.02958"><ele>481</ele></trkpt>
<trkpt lat="47.85100" lon="12.02971"><ele>481</ele></trkpt>
<trkpt lat="47.85064" lon="12.03064"><ele>484</ele></trkpt>
<trkpt lat="47.85051" lon="12.03090"><ele>485</ele></trkpt>
<trkpt lat="47.85048" lon="12.03115"><ele>484</ele></trkpt>
<trkpt lat="47.85053" lon="12.03128"><ele>485</ele></trkpt>
<trkpt lat="47.85066" lon="12.03137"><ele>485</ele></trkpt>
<trkpt lat="47.85077" lon="12.03135"><ele>486</ele></trkpt>
<trkpt lat="47.85067" lon="12.03180"><ele>486</ele></trkpt>
<trkpt lat="47.85066" lon="12.03202"><ele>486</ele></trkpt>
<trkpt lat="47.85069" lon="12.03217"><ele>487</ele></trkpt>
<trkpt lat="47.85058" lon="12.03233"><ele>486</ele></trkpt>
<trkpt lat="47.85046" lon="12.03258"><ele>486</ele></trkpt>
<trkpt lat="47.85043" lon="12.03341"><ele>484</ele></trkpt>
<trkpt lat="47.85045" lon="12.03393"><ele>478</ele></trkpt>
<trkpt lat="47.85059" lon="12.03433"><ele>480</ele></trkpt>
<trkpt lat="47.85061" lon="12.03479"><ele>478</ele></trkpt>
<trkpt lat="47.85058" lon="12.03588"><ele>474</ele></trkpt>
<trkpt lat="47.85030" lon="12.03620"><ele>472</ele></trkpt>
<trkpt lat="47.85021" lon="12.03625"><ele>472</ele></trkpt>
<trkpt lat="47.84944" lon="12.03647"><ele>467</ele></trkpt>
<trkpt lat="47.84929" lon="12.03656"><ele>466</ele></trkpt>
<trkpt lat="47.84882" lon="12.03663"><ele>469</ele></trkpt>
<trkpt lat="47.84896" lon="12.03859"><ele>468</ele></trkpt>
<trkpt lat="47.84916" lon="12.03983"><ele>466</ele></trkpt>
<trkpt lat="47.84922" lon="12.04104"><ele>464</ele></trkpt>
<trkpt lat="47.84921" lon="12.04151"><ele>464</ele></trkpt>
<trkpt lat="47.84925" lon="12.04259"><ele>463</ele></trkpt>
<trkpt lat="47.84936" lon="12.04434"><ele>464</ele></trkpt>
<trkpt lat="47.84998" lon="12.05316"><ele>462</ele></trkpt>
<trkpt lat="47.85021" lon="12.05592"><ele>463</ele></trkpt>
<trkpt lat="47.85023" lon="12.05645"><ele>463</ele></trkpt>
<trkpt lat="47.85017" lon="12.05836"><ele>463</ele></trkpt>
<trkpt lat="47.85023" lon="12.05843"><ele>463</ele></trkpt>
<trkpt lat="47.85020" lon="12.05972"><ele>461</ele></trkpt>
<trkpt lat="47.85012" lon="12.05988"><ele>459</ele></trkpt>
<trkpt lat="47.85003" lon="12.06080"><ele>461</ele></trkpt>
<trkpt lat="47.84999" lon="12.06079"><ele>461</ele></trkpt>
<trkpt lat="47.84855" lon="12.07147"><ele>458</ele></trkpt>
<trkpt lat="47.84933" lon="12.07172"><ele>458</ele></trkpt>
<trkpt lat="47.84905" lon="12.07375"><ele>458</ele></trkpt>
<trkpt lat="47.84897" lon="12.07467"><ele>457</ele></trkpt>
<trkpt lat="47.84910" lon="12.07625"><ele>457</ele></trkpt>
<trkpt lat="47.84922" lon="12.07717"><ele>457</ele></trkpt>
<trkpt lat="47.84926" lon="12.07805"><ele>457</ele></trkpt>
<trkpt lat="47.84916" lon="12.07896"><ele>456</ele></trkpt>
<trkpt lat="47.84893" lon="12.07984"><ele>456</ele></trkpt>
<trkpt lat="47.84881" lon="12.08058"><ele>456</ele></trkpt>
<trkpt lat="47.84870" lon="12.08183"><ele>456</ele></trkpt>
<trkpt lat="47.84826" lon="12.08534"><ele>455</ele></trkpt>
<trkpt lat="47.84821" lon="12.08603"><ele>455</ele></trkpt>
<trkpt lat="47.84821" lon="12.08719"><ele>454</ele></trkpt>
<trkpt lat="47.84869" lon="12.09104"><ele>453</ele></trkpt>
<trkpt lat="47.84870" lon="12.09155"><ele>453</ele></trkpt>
<trkpt lat="47.84867" lon="12.09202"><ele>453</ele></trkpt>
<trkpt lat="47.84865" lon="12.09229"><ele>453</ele></trkpt>
<trkpt lat="47.84854" lon="12.09273"><ele>453</ele></trkpt>
<trkpt lat="47.84840" lon="12.09297"><ele>453</ele></trkpt>
<trkpt lat="47.84828" lon="12.09333"><ele>453</ele></trkpt>
<trkpt lat="47.84800" lon="12.09390"><ele>452</ele></trkpt>
<trkpt lat="47.84791" lon="12.09417"><ele>452</ele></trkpt>
<trkpt lat="47.84785" lon="12.09446"><ele>452</ele></trkpt>
<trkpt lat="47.84782" lon="12.09539"><ele>452</ele></trkpt>
<trkpt lat="47.84800" lon="12.09646"><ele>452</ele></trkpt>
<trkpt lat="47.84808" lon="12.09678"><ele>452</ele></trkpt>
<trkpt lat="47.84836" lon="12.09722"><ele>452</ele></trkpt>
<trkpt lat="47.85030" lon="12.09995"><ele>451</ele></trkpt>
<trkpt lat="47.84858" lon="12.10213"><ele>451</ele></trkpt>
<trkpt lat="47.84953" lon="12.10536"><ele>450</ele></trkpt>
<trkpt lat="47.84976" lon="12.10611"><ele>450</ele></trkpt>
<trkpt lat="47.84990" lon="12.10645"><ele>450</ele></trkpt>
<trkpt lat="47.85005" lon="12.10670"><ele>450</ele></trkpt>
<trkpt lat="47.85019" lon="12.10684"><ele>450</ele></trkpt>
<trkpt lat="47.85059" lon="12.10706"><ele>450</ele></trkpt>
<trkpt lat="47.85228" lon="12.10739"><ele>450</ele></trkpt>
<trkpt lat="47.85254" lon="12.10748"><ele>450</ele></trkpt>
<trkpt lat="47.85264" lon="12.10761"><ele>450</ele></trkpt>
<trkpt lat="47.85275" lon="12.10758"><ele>450</ele></trkpt>
<trkpt lat="47.85285" lon="12.10793"><ele>450</ele></trkpt>
<trkpt lat="47.85296" lon="12.10819"><ele>450</ele></trkpt>
<trkpt lat="47.85308" lon="12.10838"><ele>452</ele></trkpt>
<trkpt lat="47.85366" lon="12.10908"><ele>454</ele></trkpt>
<trkpt lat="47.85379" lon="12.10933"><ele>454</ele></trkpt>
<trkpt lat="47.85388" lon="12.10958"><ele>454</ele></trkpt>
<trkpt lat="47.85397" lon="12.11027"><ele>450</ele></trkpt>
<trkpt lat="47.85492" lon="12.11029"><ele>448</ele></trkpt>
<trkpt lat="47.85492" lon="12.11071"><ele>448</ele></trkpt>
<trkpt lat="47.85495" lon="12.11098"><ele>448</ele></trkpt>
<trkpt lat="47.85585" lon="12.11689"><ele>447</ele></trkpt>
<trkpt lat="47.85588" lon="12.11709"><ele>447</ele></trkpt>
<trkpt lat="47.85585" lon="12.11740"><ele>447</ele></trkpt>
<trkpt lat="47.85626" lon="12.12026"><ele>447</ele></trkpt>
<trkpt lat="47.85648" lon="12.12159"><ele>446</ele></trkpt>
<trkpt lat="47.85611" lon="12.12187"><ele>447</ele></trkpt>
<trkpt lat="47.85531" lon="12.12258"><ele>446</ele></trkpt>
<trkpt lat="47.85530" lon="12.12273"><ele>446</ele></trkpt>
<trkpt lat="47.85608" lon="12.12402"><ele>445</ele></trkpt>
<trkpt lat="47.85654" lon="12.12452"><ele>445</ele></trkpt>
<trkpt lat="47.85685" lon="12.12480"><ele>445</ele></trkpt>
<trkpt lat="47.85644" lon="12.12576"><ele>445</ele></trkpt>
<trkpt lat="47.85705" lon="12.12634"><ele>445</ele></trkpt>
<trkpt lat="47.85745" lon="12.12665"><ele>445</ele></trkpt>
<trkpt lat="47.85722" lon="12.12773"><ele>445</ele></trkpt>
<trkpt lat="47.85698" lon="12.12813"><ele>445</ele></trkpt>
<trkpt lat="47.85690" lon="12.12842"><ele>445</ele></trkpt>
<trkpt lat="47.85667" lon="12.12865"><ele>445</ele></trkpt>
<trkpt lat="47.85609" lon="12.12908"><ele>445</ele></trkpt>
<trkpt lat="47.85605" lon="12.12903"><ele>445</ele></trkpt>
<trkpt lat="47.85600" lon="12.12905"><ele>445</ele></trkpt>
<trkpt lat="47.85599" lon="12.12914"><ele>445</ele></trkpt>
<trkpt lat="47.85603" lon="12.12918"><ele>445</ele></trkpt>
<trkpt lat="47.85594" lon="12.12937"><ele>445</ele></trkpt>
<trkpt lat="47.85528" lon="12.12998"><ele>445</ele></trkpt>
<trkpt lat="47.85495" lon="12.13053"><ele>445</ele></trkpt>
<trkpt lat="47.85489" lon="12.13072"><ele>444</ele></trkpt>
<trkpt lat="47.85484" lon="12.13108"><ele>444</ele></trkpt>
<trkpt lat="47.85468" lon="12.13314"><ele>444</ele></trkpt>
<trkpt lat="47.85436" lon="12.13559"><ele>445</ele></trkpt>
<trkpt lat="47.85433" lon="12.13631"><ele>446</ele></trkpt>
<trkpt lat="47.85440" lon="12.13755"><ele>446</ele></trkpt>
<trkpt lat="47.85454" lon="12.13854"><ele>445</ele></trkpt>
<trkpt lat="47.85490" lon="12.14012"><ele>445</ele></trkpt>
<trkpt lat="47.85502" lon="12.14043"><ele>445</ele></trkpt>
<trkpt lat="47.85520" lon="12.14075"><ele>446</ele></trkpt>
<trkpt lat="47.85621" lon="12.14215"><ele>444</ele></trkpt>
<trkpt lat="47.85648" lon="12.14265"><ele>452</ele></trkpt>
<trkpt lat="47.85657" lon="12.14296"><ele>456</ele></trkpt>
<trkpt lat="47.85676" lon="12.14419"><ele>461</ele></trkpt>
<trkpt lat="47.85689" lon="12.14462"><ele>462</ele></trkpt>
<trkpt lat="47.85707" lon="12.14490"><ele>464</ele></trkpt>
<trkpt lat="47.85759" lon="12.14543"><ele>468</ele></trkpt>
<trkpt lat="47.85771" lon="12.14562"><ele>469</ele></trkpt>
<trkpt lat="47.85778" lon="12.14583"><ele>469</ele></trkpt>
<trkpt lat="47.85786" lon="12.14625"><ele>470</ele></trkpt>
<trkpt lat="47.85800" lon="12.14734"><ele>470</ele></trkpt>
<trkpt lat="47.85802" lon="12.14818"><ele>470</ele></trkpt>
<trkpt lat="47.85727" lon="12.14856"><ele>470</ele></trkpt>
<trkpt lat="47.85630" lon="12.14879"><ele>470</ele></trkpt>
<trkpt lat="47.85600" lon="12.14880"><ele>470</ele></trkpt>
<trkpt lat="47.85605" lon="12.14973"><ele>470</ele></trkpt>
<trkpt lat="47.85601" lon="12.15101"><ele>470</ele></trkpt>
<trkpt lat="47.85575" lon="12.15318"><ele>470</ele></trkpt>
<trkpt lat="47.85551" lon="12.15481"><ele>470</ele></trkpt>
<trkpt lat="47.85546" lon="12.15554"><ele>470</ele></trkpt>
<trkpt lat="47.85551" lon="12.15618"><ele>470</ele></trkpt>
<trkpt lat="47.85551" lon="12.15680"><ele>470</ele></trkpt>
<trkpt lat="47.85544" lon="12.15739"><ele>471</ele></trkpt>
<trkpt lat="47.85509" lon="12.15914"><ele>470</ele></trkpt>
<trkpt lat="47.85506" lon="12.15950"><ele>470</ele></trkpt>
<trkpt lat="47.85507" lon="12.15982"><ele>470</ele></trkpt>
<trkpt lat="47.85517" lon="12.16019"><ele>470</ele></trkpt>
<trkpt lat="47.85540" lon="12.16073"><ele>471</ele></trkpt>
<trkpt lat="47.85571" lon="12.16125"><ele>472</ele></trkpt>
<trkpt lat="47.85592" lon="12.16192"><ele>472</ele></trkpt>
<trkpt lat="47.85601" lon="12.16231"><ele>474</ele></trkpt>
<trkpt lat="47.85604" lon="12.16286"><ele>474</ele></trkpt>
<trkpt lat="47.85622" lon="12.16385"><ele>473</ele></trkpt>
<trkpt lat="47.85632" lon="12.16420"><ele>473</ele></trkpt>
<trkpt lat="47.85659" lon="12.16487"><ele>474</ele></trkpt>
<trkpt lat="47.85665" lon="12.16512"><ele>474</ele></trkpt>
<trkpt lat="47.85668" lon="12.16563"><ele>474</ele></trkpt>
<trkpt lat="47.85666" lon="12.16757"><ele>475</ele></trkpt>
<trkpt lat="47.85668" lon="12.16784"><ele>475</ele></trkpt>
<trkpt lat="47.85736" lon="12.17263"><ele>474</ele></trkpt>
<trkpt lat="47.85746" lon="12.17290"><ele>475</ele></trkpt>
<trkpt lat="47.85761" lon="12.17310"><ele>475</ele></trkpt>
<trkpt lat="47.85691" lon="12.17496"><ele>476</ele></trkpt>
<trkpt lat="47.85484" lon="12.17913"><ele>477</ele></trkpt>
<trkpt lat="47.85458" lon="12.17982"><ele>478</ele></trkpt>
<trkpt lat="47.85453" lon="12.18012"><ele>477</ele></trkpt>
<trkpt lat="47.85438" lon="12.18060"><ele>477</ele></trkpt>
<trkpt lat="47.85397" lon="12.18334"><ele>479</ele></trkpt>
<trkpt lat="47.85381" lon="12.18388"><ele>480</ele></trkpt>
<trkpt lat="47.85362" lon="12.18429"><ele>480</ele></trkpt>
<trkpt lat="47.85350" lon="12.18470"><ele>482</ele></trkpt>
<trkpt lat="47.85347" lon="12.18544"><ele>482</ele></trkpt>
<trkpt lat="47.85352" lon="12.18642"><ele>478</ele></trkpt>
<trkpt lat="47.85348" lon="12.18662"><ele>478</ele></trkpt>
<trkpt lat="47.85389" lon="12.18786"><ele>476</ele></trkpt>
<trkpt lat="47.85453" lon="12.18959"><ele>478</ele></trkpt>
<trkpt lat="47.85509" lon="12.19077"><ele>479</ele></trkpt>
<trkpt lat="47.85540" lon="12.19151"><ele>480</ele></trkpt>
<trkpt lat="47.85621" lon="12.19365"><ele>480</ele></trkpt>
<trkpt lat="47.85709" lon="12.19578"><ele>478</ele></trkpt>
<trkpt lat="47.85730" lon="12.19615"><ele>479</ele></trkpt>
<trkpt lat="47.85860" lon="12.19788"><ele>479</ele></trkpt>
<trkpt lat="47.85881" lon="12.19835"><ele>478</ele></trkpt>
<trkpt lat="47.85904" lon="12.19939"><ele>478</ele></trkpt>
<trkpt lat="47.85932" lon="12.19991"><ele>478</ele></trkpt>
<trkpt lat="47.85971" lon="12.20073"><ele>477</ele></trkpt>
<trkpt lat="47.86015" lon="12.20232"><ele>476</ele></trkpt>
<trkpt lat="47.86057" lon="12.20402"><ele>474</ele></trkpt>
<trkpt lat="47.86057" lon="12.20414"><ele>474</ele></trkpt>
<trkpt lat="47.86054" lon="12.20432"><ele>474</ele></trkpt>
<trkpt lat="47.86039" lon="12.20451"><ele>474</ele></trkpt>
<trkpt lat="47.86016" lon="12.20448"><ele>474</ele></trkpt>
<trkpt lat="47.86001" lon="12.20385"><ele>476</ele></trkpt>
<trkpt lat="47.85938" lon="12.20256"><ele>477</ele></trkpt>
<trkpt lat="47.85913" lon="12.20246"><ele>475</ele></trkpt>
<trkpt lat="47.85874" lon="12.20235"><ele>474</ele></trkpt>
<trkpt lat="47.85851" lon="12.20234"><ele>474</ele></trkpt>
<trkpt lat="47.85830" lon="12.20243"><ele>474</ele></trkpt>
<trkpt lat="47.85812" lon="12.20258"><ele>474</ele></trkpt>
<trkpt lat="47.85775" lon="12.20300"><ele>474</ele></trkpt>
<trkpt lat="47.85760" lon="12.20311"><ele>474</ele></trkpt>
<trkpt lat="47.85662" lon="12.20335"><ele>474</ele></trkpt>
<trkpt lat="47.85647" lon="12.20328"><ele>473</ele></trkpt>
<trkpt lat="47.85612" lon="12.20267"><ele>473</ele></trkpt>
<trkpt lat="47.85600" lon="12.20250"><ele>473</ele></trkpt>
<trkpt lat="47.85513" lon="12.20229"><ele>476</ele></trkpt>
<trkpt lat="47.85506" lon="12.20230"><ele>476</ele></trkpt>
<trkpt lat="47.85440" lon="12.20277"><ele>475</ele></trkpt>
<trkpt lat="47.85405" lon="12.20293"><ele>475</ele></trkpt>
<trkpt lat="47.85373" lon="12.20297"><ele>475</ele></trkpt>
<trkpt lat="47.85360" lon="12.20291"><ele>475</ele></trkpt>
<trkpt lat="47.85338" lon="12.20273"><ele>475</ele></trkpt>
<trkpt lat="47.85323" lon="12.20289"><ele>474</ele></trkpt>
<trkpt lat="47.85293" lon="12.20347"><ele>473</ele></trkpt>
<trkpt lat="47.85162" lon="12.20542"><ele>470</ele></trkpt>
<trkpt lat="47.85144" lon="12.20565"><ele>470</ele></trkpt>
<trkpt lat="47.85106" lon="12.20589"><ele>471</ele></trkpt>
<trkpt lat="47.84940" lon="12.20619"><ele>470</ele></trkpt>
<trkpt lat="47.84874" lon="12.20651"><ele>470</ele></trkpt>
<trkpt lat="47.84827" lon="12.20641"><ele>471</ele></trkpt>
<trkpt lat="47.84821" lon="12.20643"><ele>471</ele></trkpt>
<trkpt lat="47.84816" lon="12.20647"><ele>471</ele></trkpt>
<trkpt lat="47.84698" lon="12.20873"><ele>472</ele></trkpt>
<trkpt lat="47.84691" lon="12.20892"><ele>472</ele></trkpt>
<trkpt lat="47.84679" lon="12.20945"><ele>472</ele></trkpt>
<trkpt lat="47.84470" lon="12.21697"><ele>481</ele></trkpt>
<trkpt lat="47.84495" lon="12.21729"><ele>481</ele></trkpt>
<trkpt lat="47.84537" lon="12.21805"><ele>481</ele></trkpt>
<trkpt lat="47.84564" lon="12.21815"><ele>479</ele></trkpt>
<trkpt lat="47.84650" lon="12.21906"><ele>478</ele></trkpt>
<trkpt lat="47.84743" lon="12.22020"><ele>478</ele></trkpt>
<trkpt lat="47.84784" lon="12.22078"><ele>478</ele></trkpt>
<trkpt lat="47.84811" lon="12.22127"><ele>480</ele></trkpt>
<trkpt lat="47.84847" lon="12.22152"><ele>478</ele></trkpt>
<trkpt lat="47.84879" lon="12.22195"><ele>479</ele></trkpt>
<trkpt lat="47.84910" lon="12.22224"><ele>478</ele></trkpt>
<trkpt lat="47.84956" lon="12.22308"><ele>480</ele></trkpt>
<trkpt lat="47.84991" lon="12.22384"><ele>483</ele></trkpt>
<trkpt lat="47.85054" lon="12.22488"><ele>485</ele></trkpt>
<trkpt lat="47.85069" lon="12.22490"><ele>483</ele></trkpt>
<trkpt lat="47.85105" lon="12.22518"><ele>481</ele></trkpt>
<trkpt lat="47.85113" lon="12.22516"><ele>480</ele></trkpt>
<trkpt lat="47.85119" lon="12.22511"><ele>479</ele></trkpt>
<trkpt lat="47.85128" lon="12.22485"><ele>476</ele></trkpt>
<trkpt lat="47.85136" lon="12.22434"><ele>473</ele></trkpt>
<trkpt lat="47.85144" lon="12.22425"><ele>473</ele></trkpt>
<trkpt lat="47.85154" lon="12.22426"><ele>472</ele></trkpt>
<trkpt lat="47.85161" lon="12.22429"><ele>472</ele></trkpt>
<trkpt lat="47.85216" lon="12.22496"><ele>472</ele></trkpt>
<trkpt lat="47.85243" lon="12.22515"><ele>472</ele></trkpt>
<trkpt lat="47.85258" lon="12.22514"><ele>472</ele></trkpt>
<trkpt lat="47.85286" lon="12.22496"><ele>472</ele></trkpt>
<trkpt lat="47.85296" lon="12.22495"><ele>471</ele></trkpt>
<trkpt lat="47.85349" lon="12.22516"><ele>471</ele></trkpt>
<trkpt lat="47.85428" lon="12.22599"><ele>472</ele></trkpt>
<trkpt lat="47.85473" lon="12.22651"><ele>473</ele></trkpt>
<trkpt lat="47.85476" lon="12.22657"><ele>474</ele></trkpt>
<trkpt lat="47.85477" lon="12.22670"><ele>474</ele></trkpt>
<trkpt lat="47.85460" lon="12.22705"><ele>474</ele></trkpt>
<trkpt lat="47.85459" lon="12.22713"><ele>474</ele></trkpt>
<trkpt lat="47.85466" lon="12.22728"><ele>474</ele></trkpt>
<trkpt lat="47.85487" lon="12.22751"><ele>474</ele></trkpt>
<trkpt lat="47.85491" lon="12.22763"><ele>474</ele></trkpt>
<trkpt lat="47.85447" lon="12.22840"><ele>476</ele></trkpt>
<trkpt lat="47.85442" lon="12.22857"><ele>476</ele></trkpt>
<trkpt lat="47.85435" lon="12.22924"><ele>477</ele></trkpt>
<trkpt lat="47.85492" lon="12.22935"><ele>476</ele></trkpt>
<trkpt lat="47.85519" lon="12.22932"><ele>476</ele></trkpt>
<trkpt lat="47.85589" lon="12.22904"><ele>474</ele></trkpt>
<trkpt lat="47.85610" lon="12.22890"><ele>474</ele></trkpt>
<trkpt lat="47.85652" lon="12.22944"><ele>474</ele></trkpt>
<trkpt lat="47.85699" lon="12.23024"><ele>472</ele></trkpt>
<trkpt lat="47.85707" lon="12.23044"><ele>472</ele></trkpt>
<trkpt lat="47.85711" lon="12.23149"><ele>472</ele></trkpt>
<trkpt lat="47.85706" lon="12.23168"><ele>472</ele></trkpt>
<trkpt lat="47.85684" lon="12.23207"><ele>472</ele></trkpt>
<trkpt lat="47.85676" lon="12.23293"><ele>475</ele></trkpt>
<trkpt lat="47.85682" lon="12.23367"><ele>479</ele></trkpt>
<trkpt lat="47.85703" lon="12.23419"><ele>481</ele></trkpt>
<trkpt lat="47.85773" lon="12.23507"><ele>482</ele></trkpt>
<trkpt lat="47.85792" lon="12.23545"><ele>482</ele></trkpt>
<trkpt lat="47.85815" lon="12.23615"><ele>483</ele></trkpt>
<trkpt lat="47.85842" lon="12.23658"><ele>480</ele></trkpt>
<trkpt lat="47.85858" lon="12.23738"><ele>484</ele></trkpt>
<trkpt lat="47.85882" lon="12.23819"><ele>484</ele></trkpt>
<trkpt lat="47.85924" lon="12.23923"><ele>484</ele></trkpt>
<trkpt lat="47.85962" lon="12.23967"><ele>482</ele></trkpt>
<trkpt lat="47.86052" lon="12.24046"><ele>478</ele></trkpt>
<trkpt lat="47.86078" lon="12.24073"><ele>478</ele></trkpt>
<trkpt lat="47.86124" lon="12.24136"><ele>477</ele></trkpt>
<trkpt lat="47.86117" lon="12.24146"><ele>478</ele></trkpt>
<trkpt lat="47.86142" lon="12.24208"><ele>478</ele></trkpt>
<trkpt lat="47.86211" lon="12.24414"><ele>484</ele></trkpt>
<trkpt lat="47.86238" lon="12.24465"><ele>490</ele></trkpt>
<trkpt lat="47.86312" lon="12.24580"><ele>496</ele></trkpt>
<trkpt lat="47.86342" lon="12.24636"><ele>499</ele></trkpt>
<trkpt lat="47.86372" lon="12.24705"><ele>502</ele></trkpt>
<trkpt lat="47.86392" lon="12.24759"><ele>505</ele></trkpt>
<trkpt lat="47.86410" lon="12.24837"><ele>511</ele></trkpt>
<trkpt lat="47.86401" lon="12.24791"><ele>507</ele></trkpt>
<trkpt lat="47.86409" lon="12.24793"><ele>507</ele></trkpt>
<trkpt lat="47.86419" lon="12.24864"><ele>513</ele></trkpt>
<trkpt lat="47.86420" lon="12.24934"><ele>518</ele></trkpt>
<trkpt lat="47.86416" lon="12.25003"><ele>520</ele></trkpt>
<trkpt lat="47.86407" lon="12.25088"><ele>522</ele></trkpt>
<trkpt lat="47.86326" lon="12.25393"><ele>537</ele></trkpt>
<trkpt lat="47.86319" lon="12.25446"><ele>540</ele></trkpt>
<trkpt lat="47.86312" lon="12.25450"><ele>540</ele></trkpt>
<trkpt lat="47.86286" lon="12.25665"><ele>550</ele></trkpt>
<trkpt lat="47.86287" lon="12.25775"><ele>551</ele></trkpt>
<trkpt lat="47.86292" lon="12.25824"><ele>548</ele></trkpt>
<trkpt lat="47.86300" lon="12.25857"><ele>548</ele></trkpt>
<trkpt lat="47.86332" lon="12.25932"><ele>546</ele></trkpt>
<trkpt lat="47.86356" lon="12.25971"><ele>544</ele></trkpt>
<trkpt lat="47.86375" lon="12.25993"><ele>544</ele></trkpt>
<trkpt lat="47.86346" lon="12.26033"><ele>546</ele></trkpt>
<trkpt lat="47.86357" lon="12.26049"><ele>546</ele></trkpt>
<trkpt lat="47.86381" lon="12.26060"><ele>546</ele></trkpt>
<trkpt lat="47.86384" lon="12.26066"><ele>546</ele></trkpt>
<trkpt lat="47.86395" lon="12.26161"><ele>551</ele></trkpt>
<trkpt lat="47.86404" lon="12.26209"><ele>555</ele></trkpt>
<trkpt lat="47.86417" lon="12.26250"><ele>557</ele></trkpt>
<trkpt lat="47.86510" lon="12.26404"><ele>562</ele></trkpt>
<trkpt lat="47.86561" lon="12.26516"><ele>558</ele></trkpt>
<trkpt lat="47.86647" lon="12.26644"><ele>554</ele></trkpt>
<trkpt lat="47.86683" lon="12.26691"><ele>550</ele></trkpt>
<trkpt lat="47.86698" lon="12.26704"><ele>548</ele></trkpt>
<trkpt lat="47.86723" lon="12.26718"><ele>546</ele></trkpt>
<trkpt lat="47.86761" lon="12.26752"><ele>544</ele></trkpt>
<trkpt lat="47.86809" lon="12.26781"><ele>544</ele></trkpt>
<trkpt lat="47.86853" lon="12.26830"><ele>538</ele></trkpt>
<trkpt lat="47.86883" lon="12.26844"><ele>537</ele></trkpt>
<trkpt lat="47.86935" lon="12.26978"><ele>538</ele></trkpt>
<trkpt lat="47.86962" lon="12.27054"><ele>537</ele></trkpt>
<trkpt lat="47.86972" lon="12.27112"><ele>538</ele></trkpt>
<trkpt lat="47.86980" lon="12.27273"><ele>540</ele></trkpt>
<trkpt lat="47.86985" lon="12.27307"><ele>541</ele></trkpt>
<trkpt lat="47.86998" lon="12.27368"><ele>542</ele></trkpt>
<trkpt lat="47.87011" lon="12.27387"><ele>540</ele></trkpt>
<trkpt lat="47.87046" lon="12.27412"><ele>537</ele></trkpt>
<trkpt lat="47.87113" lon="12.27455"><ele>529</ele></trkpt>
<trkpt lat="47.87179" lon="12.27486"><ele>522</ele></trkpt>
<trkpt lat="47.87190" lon="12.27500"><ele>518</ele></trkpt>
<trkpt lat="47.87190" lon="12.27521"><ele>516</ele></trkpt>
<trkpt lat="47.87177" lon="12.27559"><ele>512</ele></trkpt>
<trkpt lat="47.87176" lon="12.27581"><ele>511</ele></trkpt>
<trkpt lat="47.87179" lon="12.27608"><ele>502</ele></trkpt>
<trkpt lat="47.87195" lon="12.27684"><ele>499</ele></trkpt>
<trkpt lat="47.87190" lon="12.27694"><ele>498</ele></trkpt>
<trkpt lat="47.87166" lon="12.27719"><ele>496</ele></trkpt>
<trkpt lat="47.87164" lon="12.27729"><ele>496</ele></trkpt>
<trkpt lat="47.87171" lon="12.27747"><ele>496</ele></trkpt>
<trkpt lat="47.87184" lon="12.27767"><ele>496</ele></trkpt>
<trkpt lat="47.87208" lon="12.27783"><ele>496</ele></trkpt>
<trkpt lat="47.87244" lon="12.27790"><ele>496</ele></trkpt>
<trkpt lat="47.87276" lon="12.27806"><ele>495</ele></trkpt>
<trkpt lat="47.87301" lon="12.27826"><ele>496</ele></trkpt>
<trkpt lat="47.87335" lon="12.27870"><ele>494</ele></trkpt>
<trkpt lat="47.87355" lon="12.27883"><ele>494</ele></trkpt>
<trkpt lat="47.87399" lon="12.27900"><ele>494</ele></trkpt>
<trkpt lat="47.87423" lon="12.27928"><ele>494</ele></trkpt>
<trkpt lat="47.87496" lon="12.28048"><ele>492</ele></trkpt>
<trkpt lat="47.87509" lon="12.28059"><ele>491</ele></trkpt>
<trkpt lat="47.87557" lon="12.28077"><ele>490</ele></trkpt>
<trkpt lat="47.87594" lon="12.28105"><ele>490</ele></trkpt>
<trkpt lat="47.87650" lon="12.28184"><ele>489</ele></trkpt>
<trkpt lat="47.87653" lon="12.28198"><ele>488</ele></trkpt>
<trkpt lat="47.87655" lon="12.28258"><ele>488</ele></trkpt>
<trkpt lat="47.87664" lon="12.28278"><ele>487</ele></trkpt>
<trkpt lat="47.87684" lon="12.28304"><ele>488</ele></trkpt>
<trkpt lat="47.87708" lon="12.28317"><ele>490</ele></trkpt>
<trkpt lat="47.87775" lon="12.28328"><ele>490</ele></trkpt>
<trkpt lat="47.87786" lon="12.28334"><ele>491</ele></trkpt>
<trkpt lat="47.87803" lon="12.28352"><ele>493</ele></trkpt>
<trkpt lat="47.87815" lon="12.28374"><ele>492</ele></trkpt>
<trkpt lat="47.87828" lon="12.28388"><ele>493</ele></trkpt>
<trkpt lat="47.87891" lon="12.28417"><ele>490</ele></trkpt>
<trkpt lat="47.87962" lon="12.28469"><ele>488</ele></trkpt>
<trkpt lat="47.87973" lon="12.28487"><ele>488</ele></trkpt>
<trkpt lat="47.87981" lon="12.28514"><ele>490</ele></trkpt>
<trkpt lat="47.87985" lon="12.28517"><ele>490</ele></trkpt>
<trkpt lat="47.88013" lon="12.28514"><ele>488</ele></trkpt>
<trkpt lat="47.88049" lon="12.28519"><ele>487</ele></trkpt>
<trkpt lat="47.88019" lon="12.28363"><ele>486</ele></trkpt>
<trkpt lat="47.88015" lon="12.28324"><ele>486</ele></trkpt>
<trkpt lat="47.88094" lon="12.28288"><ele>484</ele></trkpt>
<trkpt lat="47.88186" lon="12.28231"><ele>482</ele></trkpt>
<trkpt lat="47.88243" lon="12.28225"><ele>484</ele></trkpt>
<trkpt lat="47.88309" lon="12.28256"><ele>483</ele></trkpt>
<trkpt lat="47.88324" lon="12.28267"><ele>484</ele></trkpt>
<trkpt lat="47.88332" lon="12.28280"><ele>483</ele></trkpt>
<trkpt lat="47.88337" lon="12.28324"><ele>481</ele></trkpt>
<trkpt lat="47.88346" lon="12.28342"><ele>480</ele></trkpt>
<trkpt lat="47.88366" lon="12.28354"><ele>480</ele></trkpt>
<trkpt lat="47.88387" lon="12.28353"><ele>480</ele></trkpt>
<trkpt lat="47.88401" lon="12.28348"><ele>480</ele></trkpt>
<trkpt lat="47.88440" lon="12.28312"><ele>480</ele></trkpt>
<trkpt lat="47.88465" lon="12.28283"><ele>480</ele></trkpt>
<trkpt lat="47.88491" lon="12.28245"><ele>479</ele></trkpt>
<trkpt lat="47.88516" lon="12.28186"><ele>479</ele></trkpt>
<trkpt lat="47.88531" lon="12.28134"><ele>478</ele></trkpt>
<trkpt lat="47.88588" lon="12.27765"><ele>476</ele></trkpt>
<trkpt lat="47.88623" lon="12.27587"><ele>475</ele></trkpt>
<trkpt lat="47.88628" lon="12.27540"><ele>474</ele></trkpt>
<trkpt lat="47.88631" lon="12.27459"><ele>474</ele></trkpt>
<trkpt lat="47.88623" lon="12.27221"><ele>473</ele></trkpt>
<trkpt lat="47.88632" lon="12.27165"><ele>473</ele></trkpt>
<trkpt lat="47.88650" lon="12.27118"><ele>473</ele></trkpt>
<trkpt lat="47.88677" lon="12.27080"><ele>473</ele></trkpt>
<trkpt lat="47.88715" lon="12.27054"><ele>473</ele></trkpt>
<trkpt lat="47.88817" lon="12.27039"><ele>472</ele></trkpt>
<trkpt lat="47.88842" lon="12.27030"><ele>472</ele></trkpt>
<trkpt lat="47.88961" lon="12.26976"><ele>471</ele></trkpt>
<trkpt lat="47.89026" lon="12.26938"><ele>471</ele></trkpt>
<trkpt lat="47.89097" lon="12.26879"><ele>471</ele></trkpt>
<trkpt lat="47.89127" lon="12.26847"><ele>471</ele></trkpt>
<trkpt lat="47.89189" lon="12.26764"><ele>471</ele></trkpt>
<trkpt lat="47.89213" lon="12.26718"><ele>471</ele></trkpt>
<trkpt lat="47.89302" lon="12.26861"><ele>472</ele></trkpt>
<trkpt lat="47.89329" lon="12.26913"><ele>473</ele></trkpt>
<trkpt lat="47.89400" lon="12.27067"><ele>473</ele></trkpt>
<trkpt lat="47.89418" lon="12.27096"><ele>472</ele></trkpt>
<trkpt lat="47.89473" lon="12.27140"><ele>475</ele></trkpt>
<trkpt lat="47.89545" lon="12.27302"><ele>475</ele></trkpt>
<trkpt lat="47.89581" lon="12.27346"><ele>478</ele></trkpt>
<trkpt lat="47.89594" lon="12.27353"><ele>478</ele></trkpt>
<trkpt lat="47.89599" lon="12.27353"><ele>478</ele></trkpt>
<trkpt lat="47.89623" lon="12.27332"><ele>481</ele></trkpt>
<trkpt lat="47.89643" lon="12.27321"><ele>483</ele></trkpt>
<trkpt lat="47.89654" lon="12.27320"><ele>484</ele></trkpt>
<trkpt lat="47.89669" lon="12.27326"><ele>486</ele></trkpt>
<trkpt lat="47.89775" lon="12.27442"><ele>498</ele></trkpt>
<trkpt lat="47.89788" lon="12.27467"><ele>499</ele></trkpt>
<trkpt lat="47.89795" lon="12.27501"><ele>499</ele></trkpt>
<trkpt lat="47.89773" lon="12.27573"><ele>500</ele></trkpt>
<trkpt lat="47.89768" lon="12.27603"><ele>500</ele></trkpt>
<trkpt lat="47.89768" lon="12.27619"><ele>501</ele></trkpt>
<trkpt lat="47.89780" lon="12.27678"><ele>502</ele></trkpt>
<trkpt lat="47.89787" lon="12.27699"><ele>502</ele></trkpt>
<trkpt lat="47.89799" lon="12.27719"><ele>502</ele></trkpt>
<trkpt lat="47.89856" lon="12.27755"><ele>504</ele></trkpt>
<trkpt lat="47.89915" lon="12.27842"><ele>505</ele></trkpt>
<trkpt lat="47.89936" lon="12.27862"><ele>506</ele></trkpt>
<trkpt lat="47.89950" lon="12.27864"><ele>506</ele></trkpt>
<trkpt lat="47.90019" lon="12.27960"><ele>510</ele></trkpt>
<trkpt lat="47.90033" lon="12.27975"><ele>511</ele></trkpt>
<trkpt lat="47.90109" lon="12.28033"><ele>512</ele></trkpt>
<trkpt lat="47.90118" lon="12.28035"><ele>512</ele></trkpt>
<trkpt lat="47.90123" lon="12.28047"><ele>512</ele></trkpt>
<trkpt lat="47.90140" lon="12.28060"><ele>511</ele></trkpt>
<trkpt lat="47.90179" lon="12.28068"><ele>510</ele></trkpt>
<trkpt lat="47.90185" lon="12.28074"><ele>510</ele></trkpt>
<trkpt lat="47.90189" lon="12.28082"><ele>510</ele></trkpt>
<trkpt lat="47.90192" lon="12.28118"><ele>510</ele></trkpt>
<trkpt lat="47.90195" lon="12.28217"><ele>516</ele></trkpt>
<trkpt lat="47.90174" lon="12.28302"><ele>514</ele></trkpt>
<trkpt lat="47.90163" lon="12.28379"><ele>512</ele></trkpt>
<trkpt lat="47.90157" lon="12.28403"><ele>508</ele></trkpt>
<trkpt lat="47.90158" lon="12.28497"><ele>498</ele></trkpt>
<trkpt lat="47.90163" lon="12.28525"><ele>497</ele></trkpt>
<trkpt lat="47.90204" lon="12.28652"><ele>496</ele></trkpt>
<trkpt lat="47.90232" lon="12.28681"><ele>497</ele></trkpt>
<trkpt lat="47.90287" lon="12.28707"><ele>500</ele></trkpt>
<trkpt lat="47.90506" lon="12.28940"><ele>507</ele></trkpt>
<trkpt lat="47.90539" lon="12.28990"><ele>508</ele></trkpt>
<trkpt lat="47.90619" lon="12.29158"><ele>514</ele></trkpt>
<trkpt lat="47.90626" lon="12.29191"><ele>515</ele></trkpt>
<trkpt lat="47.90648" lon="12.29358"><ele>511</ele></trkpt>
<trkpt lat="47.90670" lon="12.29473"><ele>518</ele></trkpt>
<trkpt lat="47.90673" lon="12.29506"><ele>519</ele></trkpt>
<trkpt lat="47.90673" lon="12.29545"><ele>519</ele></trkpt>
<trkpt lat="47.90663" lon="12.29656"><ele>520</ele></trkpt>
<trkpt lat="47.90633" lon="12.29794"><ele>520</ele></trkpt>
<trkpt lat="47.90673" lon="12.29816"><ele>520</ele></trkpt>
<trkpt lat="47.90711" lon="12.29799"><ele>520</ele></trkpt>
<trkpt lat="47.90764" lon="12.29928"><ele>521</ele></trkpt>
<trkpt lat="47.90661" lon="12.29992"><ele>521</ele></trkpt>
<trkpt lat="47.90616" lon="12.30034"><ele>521</ele></trkpt>
<trkpt lat="47.90670" lon="12.30063"><ele>522</ele></trkpt>
<trkpt lat="47.90665" lon="12.30081"><ele>522</ele></trkpt>
<trkpt lat="47.90632" lon="12.30111"><ele>522</ele></trkpt>
<trkpt lat="47.90665" lon="12.30081"><ele>522</ele></trkpt>
<trkpt lat="47.90670" lon="12.30063"><ele>522</ele></trkpt>
<trkpt lat="47.90739" lon="12.30097"><ele>523</ele></trkpt>
<trkpt lat="47.90761" lon="12.30101"><ele>523</ele></trkpt>
<trkpt lat="47.90784" lon="12.30148"><ele>523</ele></trkpt>
<trkpt lat="47.90737" lon="12.30200"><ele>524</ele></trkpt>
<trkpt lat="47.90780" lon="12.30304"><ele>529</ele></trkpt>
<trkpt lat="47.90734" lon="12.30347"><ele>532</ele></trkpt>
<trkpt lat="47.90669" lon="12.30398"><ele>532</ele></trkpt>
<trkpt lat="47.90594" lon="12.30478"><ele>531</ele></trkpt>
<trkpt lat="47.90541" lon="12.30504"><ele>529</ele></trkpt>
<trkpt lat="47.90488" lon="12.30590"><ele>532</ele></trkpt>
<trkpt lat="47.90439" lon="12.30615"><ele>531</ele></trkpt>
<trkpt lat="47.90305" lon="12.30588"><ele>530</ele></trkpt>
<trkpt lat="47.90292" lon="12.30599"><ele>530</ele></trkpt>
<trkpt lat="47.90307" lon="12.30634"><ele>532</ele></trkpt>
<trkpt lat="47.90338" lon="12.30784"><ele>540</ele></trkpt>
<trkpt lat="47.90355" lon="12.30887"><ele>546</ele></trkpt>
<trkpt lat="47.90375" lon="12.31069"><ele>554</ele></trkpt>
<trkpt lat="47.90385" lon="12.31101"><ele>555</ele></trkpt>
<trkpt lat="47.90394" lon="12.31123"><ele>556</ele></trkpt>
<trkpt lat="47.90409" lon="12.31143"><ele>558</ele></trkpt>
<trkpt lat="47.90555" lon="12.31276"><ele>566</ele></trkpt>
<trkpt lat="47.90539" lon="12.31303"><ele>567</ele></trkpt>
<trkpt lat="47.90528" lon="12.31340"><ele>568</ele></trkpt>
<trkpt lat="47.90511" lon="12.31411"><ele>573</ele></trkpt>
<trkpt lat="47.90491" lon="12.31531"><ele>576</ele></trkpt>
<trkpt lat="47.90410" lon="12.31853"><ele>570</ele></trkpt>
<trkpt lat="47.90404" lon="12.31910"><ele>568</ele></trkpt>
<trkpt lat="47.90403" lon="12.32011"><ele>566</ele></trkpt>
<trkpt lat="47.90396" lon="12.32048"><ele>566</ele></trkpt>
<trkpt lat="47.90334" lon="12.32257"><ele>564</ele></trkpt>
<trkpt lat="47.90305" lon="12.32318"><ele>561</ele></trkpt>
<trkpt lat="47.90293" lon="12.32333"><ele>559</ele></trkpt>
<trkpt lat="47.90275" lon="12.32348"><ele>556</ele></trkpt>
<trkpt lat="47.90307" lon="12.32437"><ele>556</ele></trkpt>
<trkpt lat="47.90341" lon="12.32513"><ele>556</ele></trkpt>
<trkpt lat="47.90350" lon="12.32562"><ele>556</ele></trkpt>
<trkpt lat="47.90366" lon="12.32593"><ele>556</ele></trkpt>
<trkpt lat="47.90375" lon="12.32619"><ele>555</ele></trkpt>
<trkpt lat="47.90380" lon="12.32671"><ele>555</ele></trkpt>
<trkpt lat="47.90435" lon="12.32902"><ele>554</ele></trkpt>
<trkpt lat="47.90443" lon="12.32926"><ele>554</ele></trkpt>
<trkpt lat="47.90480" lon="12.32997"><ele>557</ele></trkpt>
<trkpt lat="47.90522" lon="12.33122"><ele>551</ele></trkpt>
<trkpt lat="47.90543" lon="12.33166"><ele>550</ele></trkpt>
<trkpt lat="47.90562" lon="12.33183"><ele>550</ele></trkpt>
<trkpt lat="47.90595" lon="12.33194"><ele>551</ele></trkpt>
<trkpt lat="47.90746" lon="12.33321"><ele>550</ele></trkpt>
<trkpt lat="47.90763" lon="12.33347"><ele>548</ele></trkpt>
<trkpt lat="47.90772" lon="12.33369"><ele>548</ele></trkpt>
<trkpt lat="47.90773" lon="12.33399"><ele>548</ele></trkpt>
<trkpt lat="47.90776" lon="12.33409"><ele>548</ele></trkpt>
<trkpt lat="47.90834" lon="12.33453"><ele>548</ele></trkpt>
<trkpt lat="47.90868" lon="12.33501"><ele>546</ele></trkpt>
<trkpt lat="47.90873" lon="12.33513"><ele>546</ele></trkpt>
<trkpt lat="47.90905" lon="12.33504"><ele>548</ele></trkpt>
<trkpt lat="47.90909" lon="12.33520"><ele>548</ele></trkpt>
<trkpt lat="47.90925" lon="12.33555"><ele>549</ele></trkpt>
<trkpt lat="47.90946" lon="12.33581"><ele>550</ele></trkpt>
<trkpt lat="47.90968" lon="12.33594"><ele>551</ele></trkpt>
<trkpt lat="47.90973" lon="12.33617"><ele>551</ele></trkpt>
<trkpt lat="47.90987" lon="12.33622"><ele>550</ele></trkpt>
<trkpt lat="47.90997" lon="12.33646"><ele>549</ele></trkpt>
<trkpt lat="47.91019" lon="12.33670"><ele>548</ele></trkpt>
<trkpt lat="47.91046" lon="12.33689"><ele>547</ele></trkpt>
<trkpt lat="47.91064" lon="12.33696"><ele>547</ele></trkpt>
<trkpt lat="47.91112" lon="12.33704"><ele>547</ele></trkpt>
<trkpt lat="47.91139" lon="12.33713"><ele>547</ele></trkpt>
<trkpt lat="47.91162" lon="12.33713"><ele>546</ele></trkpt>
<trkpt lat="47.91173" lon="12.33719"><ele>546</ele></trkpt>
<trkpt lat="47.91188" lon="12.33740"><ele>544</ele></trkpt>
<trkpt lat="47.91209" lon="12.33752"><ele>543</ele></trkpt>
<trkpt lat="47.91264" lon="12.33806"><ele>542</ele></trkpt>
<trkpt lat="47.91292" lon="12.33840"><ele>543</ele></trkpt>
<trkpt lat="47.91346" lon="12.33890"><ele>545</ele></trkpt>
<trkpt lat="47.91387" lon="12.33919"><ele>545</ele></trkpt>
<trkpt lat="47.91444" lon="12.34003"><ele>545</ele></trkpt>
<trkpt lat="47.91477" lon="12.34031"><ele>546</ele></trkpt>
<trkpt lat="47.91530" lon="12.34085"><ele>545</ele></trkpt>
<trkpt lat="47.91570" lon="12.34114"><ele>544</ele></trkpt>
<trkpt lat="47.91669" lon="12.34170"><ele>545</ele></trkpt>
<trkpt lat="47.91725" lon="12.34196"><ele>545</ele></trkpt>
<trkpt lat="47.91792" lon="12.34210"><ele>548</ele></trkpt>
<trkpt lat="47.91911" lon="12.34296"><ele>548</ele></trkpt>
<trkpt lat="47.91935" lon="12.34341"><ele>548</ele></trkpt>
<trkpt lat="47.91961" lon="12.34369"><ele>548</ele></trkpt>
<trkpt lat="47.91998" lon="12.34439"><ele>549</ele></trkpt>
<trkpt lat="47.92026" lon="12.34470"><ele>548</ele></trkpt>
<trkpt lat="47.92037" lon="12.34473"><ele>548</ele></trkpt>
<trkpt lat="47.92081" lon="12.34536"><ele>546</ele></trkpt>
<trkpt lat="47.92111" lon="12.34586"><ele>544</ele></trkpt>
<trkpt lat="47.92134" lon="12.34633"><ele>539</ele></trkpt>
<trkpt lat="47.92150" lon="12.34647"><ele>537</ele></trkpt>
<trkpt lat="47.92198" lon="12.34668"><ele>532</ele></trkpt>
<trkpt lat="47.92212" lon="12.34682"><ele>531</ele></trkpt>
<trkpt lat="47.92249" lon="12.34735"><ele>530</ele></trkpt>
<trkpt lat="47.92257" lon="12.34759"><ele>530</ele></trkpt>
<trkpt lat="47.92260" lon="12.34783"><ele>530</ele></trkpt>
<trkpt lat="47.92256" lon="12.34798"><ele>531</ele></trkpt>
<trkpt lat="47.92249" lon="12.34811"><ele>531</ele></trkpt>
<trkpt lat="47.92098" lon="12.34942"><ele>530</ele></trkpt>
<trkpt lat="47.92065" lon="12.34977"><ele>532</ele></trkpt>
<trkpt lat="47.92040" lon="12.35009"><ele>532</ele></trkpt>
<trkpt lat="47.91988" lon="12.35038"><ele>531</ele></trkpt>
<trkpt lat="47.91969" lon="12.35061"><ele>530</ele></trkpt>
<trkpt lat="47.91919" lon="12.35151"><ele>531</ele></trkpt>
<trkpt lat="47.91890" lon="12.35220"><ele>533</ele></trkpt>
<trkpt lat="47.91870" lon="12.35250"><ele>534</ele></trkpt>
<trkpt lat="47.91882" lon="12.35317"><ele>539</ele></trkpt>
<trkpt lat="47.91906" lon="12.35361"><ele>539</ele></trkpt>
<trkpt lat="47.91924" lon="12.35416"><ele>540</ele></trkpt>
<trkpt lat="47.91998" lon="12.35684"><ele>538</ele></trkpt>
<trkpt lat="47.92020" lon="12.35753"><ele>538</ele></trkpt>
<trkpt lat="47.92054" lon="12.35920"><ele>533</ele></trkpt>
<trkpt lat="47.92063" lon="12.35946"><ele>533</ele></trkpt>
<trkpt lat="47.92068" lon="12.36016"><ele>532</ele></trkpt>
<trkpt lat="47.92081" lon="12.36097"><ele>531</ele></trkpt>
<trkpt lat="47.92040" lon="12.36174"><ele>534</ele></trkpt>
<trkpt lat="47.92019" lon="12.36202"><ele>534</ele></trkpt>
<trkpt lat="47.91999" lon="12.36214"><ele>534</ele></trkpt>
<trkpt lat="47.91942" lon="12.36210"><ele>534</ele></trkpt>
<trkpt lat="47.91932" lon="12.36215"><ele>535</ele></trkpt>
<trkpt lat="47.91909" lon="12.36278"><ele>535</ele></trkpt>
<trkpt lat="47.91881" lon="12.36309"><ele>536</ele></trkpt>
<trkpt lat="47.91869" lon="12.36332"><ele>535</ele></trkpt>
<trkpt lat="47.91865" lon="12.36369"><ele>534</ele></trkpt>
<trkpt lat="47.91869" lon="12.36431"><ele>536</ele></trkpt>
<trkpt lat="47.91872" lon="12.36451"><ele>536</ele></trkpt>
<trkpt lat="47.91913" lon="12.36502"><ele>539</ele></trkpt>
<trkpt lat="47.91959" lon="12.36658"><ele>541</ele></trkpt>
<trkpt lat="47.91995" lon="12.36730"><ele>542</ele></trkpt>
<trkpt lat="47.92039" lon="12.36759"><ele>542</ele></trkpt>
<trkpt lat="47.92093" lon="12.36808"><ele>542</ele></trkpt>
<trkpt lat="47.92109" lon="12.36829"><ele>542</ele></trkpt>
<trkpt lat="47.92128" lon="12.36877"><ele>542</ele></trkpt>
<trkpt lat="47.92147" lon="12.36979"><ele>541</ele></trkpt>
<trkpt lat="47.92153" lon="12.36994"><ele>540</ele></trkpt>
<trkpt lat="47.92255" lon="12.37128"><ele>542</ele></trkpt>
<trkpt lat="47.92314" lon="12.37240"><ele>540</ele></trkpt>
<trkpt lat="47.92346" lon="12.37270"><ele>540</ele></trkpt>
<trkpt lat="47.92360" lon="12.37307"><ele>540</ele></trkpt>
<trkpt lat="47.92368" lon="12.37338"><ele>539</ele></trkpt>
<trkpt lat="47.92390" lon="12.37390"><ele>541</ele></trkpt>
<trkpt lat="47.92411" lon="12.37406"><ele>541</ele></trkpt>
<trkpt lat="47.92435" lon="12.37431"><ele>541</ele></trkpt>
<trkpt lat="47.92455" lon="12.37460"><ele>540</ele></trkpt>
<trkpt lat="47.92473" lon="12.37497"><ele>541</ele></trkpt>
<trkpt lat="47.92482" lon="12.37528"><ele>540</ele></trkpt>
<trkpt lat="47.92482" lon="12.37556"><ele>540</ele></trkpt>
<trkpt lat="47.92488" lon="12.37597"><ele>540</ele></trkpt>
<trkpt lat="47.92471" lon="12.37599"><ele>540</ele></trkpt>
<trkpt lat="47.92331" lon="12.37505"><ele>534</ele></trkpt>
<trkpt lat="47.92315" lon="12.37508"><ele>534</ele></trkpt>
<trkpt lat="47.92294" lon="12.37519"><ele>533</ele></trkpt>
<trkpt lat="47.92243" lon="12.37564"><ele>534</ele></trkpt>
<trkpt lat="47.92213" lon="12.37562"><ele>534</ele></trkpt>
<trkpt lat="47.92149" lon="12.37536"><ele>536</ele></trkpt>
<trkpt lat="47.92098" lon="12.37519"><ele>536</ele></trkpt>
<trkpt lat="47.92088" lon="12.37520"><ele>536</ele></trkpt>
<trkpt lat="47.92074" lon="12.37514"><ele>535</ele></trkpt>
<trkpt lat="47.91955" lon="12.37419"><ele>536</ele></trkpt>
<trkpt lat="47.91892" lon="12.37389"><ele>538</ele></trkpt>
<trkpt lat="47.91831" lon="12.37365"><ele>538</ele></trkpt>
<trkpt lat="47.91820" lon="12.37364"><ele>538</ele></trkpt>
<trkpt lat="47.91798" lon="12.37415"><ele>537</ele></trkpt>
<trkpt lat="47.91788" lon="12.37424"><ele>537</ele></trkpt>
<trkpt lat="47.91698" lon="12.37539"><ele>533</ele></trkpt>
<trkpt lat="47.91664" lon="12.37567"><ele>534</ele></trkpt>
<trkpt lat="47.91644" lon="12.37593"><ele>535</ele></trkpt>
<trkpt lat="47.91564" lon="12.37672"><ele>535</ele></trkpt>
<trkpt lat="47.91551" lon="12.37707"><ele>536</ele></trkpt>
<trkpt lat="47.91546" lon="12.37736"><ele>535</ele></trkpt>
<trkpt lat="47.91538" lon="12.37855"><ele>537</ele></trkpt>
<trkpt lat="47.91530" lon="12.37882"><ele>538</ele></trkpt>
<trkpt lat="47.91501" lon="12.37941"><ele>538</ele></trkpt>
<trkpt lat="47.91461" lon="12.37991"><ele>536</ele></trkpt>
<trkpt lat="47.91386" lon="12.38188"><ele>535</ele></trkpt>
<trkpt lat="47.91372" lon="12.38251"><ele>533</ele></trkpt>
<trkpt lat="47.91342" lon="12.38306"><ele>532</ele></trkpt>
<trkpt lat="47.91311" lon="12.38400"><ele>533</ele></trkpt>
<trkpt lat="47.91258" lon="12.38520"><ele>534</ele></trkpt>
<trkpt lat="47.91227" lon="12.38617"><ele>534</ele></trkpt>
<trkpt lat="47.91214" lon="12.38630"><ele>535</ele></trkpt>
<trkpt lat="47.91191" lon="12.38633"><ele>535</ele></trkpt>
<trkpt lat="47.91197" lon="12.38679"><ele>536</ele></trkpt>
<trkpt lat="47.91186" lon="12.38696"><ele>537</ele></trkpt>
<trkpt lat="47.91175" lon="12.38724"><ele>537</ele></trkpt>
<trkpt lat="47.91194" lon="12.38756"><ele>537</ele></trkpt>
<trkpt lat="47.91199" lon="12.38761"><ele>537</ele></trkpt>
<trkpt lat="47.91189" lon="12.38793"><ele>536</ele></trkpt>
<trkpt lat="47.91198" lon="12.38847"><ele>536</ele></trkpt>
<trkpt lat="47.91225" lon="12.38911"><ele>537</ele></trkpt>
<trkpt lat="47.91242" lon="12.38961"><ele>538</ele></trkpt>
<trkpt lat="47.91204" lon="12.38986"><ele>538</ele></trkpt>
<trkpt lat="47.91136" lon="12.39016"><ele>540</ele></trkpt>
<trkpt lat="47.91083" lon="12.39107"><ele>540</ele></trkpt>
<trkpt lat="47.91064" lon="12.39177"><ele>538</ele></trkpt>
<trkpt lat="47.90962" lon="12.39400"><ele>542</ele></trkpt>
<trkpt lat="47.90905" lon="12.39465"><ele>544</ele></trkpt>
<trkpt lat="47.90871" lon="12.39544"><ele>545</ele></trkpt>
<trkpt lat="47.90794" lon="12.39654"><ele>545</ele></trkpt>
<trkpt lat="47.90732" lon="12.39766"><ele>550</ele></trkpt>
<trkpt lat="47.90694" lon="12.39816"><ele>551</ele></trkpt>
<trkpt lat="47.90645" lon="12.39898"><ele>551</ele></trkpt>
<trkpt lat="47.90588" lon="12.39896"><ele>550</ele></trkpt>
<trkpt lat="47.90462" lon="12.39914"><ele>540</ele></trkpt>
<trkpt lat="47.90369" lon="12.39892"><ele>539</ele></trkpt>
<trkpt lat="47.90312" lon="12.39846"><ele>540</ele></trkpt>
<trkpt lat="47.90288" lon="12.39840"><ele>540</ele></trkpt>
<trkpt lat="47.90263" lon="12.39841"><ele>540</ele></trkpt>
<trkpt lat="47.90141" lon="12.39890"><ele>540</ele></trkpt>
<trkpt lat="47.90075" lon="12.39940"><ele>540</ele></trkpt>
<trkpt lat="47.90069" lon="12.39955"><ele>539</ele></trkpt>
<trkpt lat="47.90042" lon="12.39965"><ele>539</ele></trkpt>
<trkpt lat="47.89998" lon="12.39972"><ele>540</ele></trkpt>
<trkpt lat="47.89952" lon="12.39965"><ele>541</ele></trkpt>
<trkpt lat="47.89889" lon="12.39937"><ele>540</ele></trkpt>
<trkpt lat="47.89869" lon="12.39936"><ele>540</ele></trkpt>
<trkpt lat="47.89858" lon="12.39940"><ele>540</ele></trkpt>
<trkpt lat="47.89765" lon="12.39997"><ele>541</ele></trkpt>
<trkpt lat="47.89645" lon="12.40075"><ele>540</ele></trkpt>
<trkpt lat="47.89606" lon="12.40089"><ele>540</ele></trkpt>
<trkpt lat="47.89541" lon="12.40095"><ele>539</ele></trkpt>
<trkpt lat="47.89451" lon="12.40101"><ele>538</ele></trkpt>
<trkpt lat="47.89382" lon="12.40100"><ele>537</ele></trkpt>
<trkpt lat="47.89335" lon="12.40097"><ele>538</ele></trkpt>
<trkpt lat="47.89291" lon="12.40084"><ele>536</ele></trkpt>
<trkpt lat="47.89224" lon="12.40087"><ele>534</ele></trkpt>
<trkpt lat="47.89174" lon="12.40048"><ele>534</ele></trkpt>
<trkpt lat="47.89144" lon="12.40038"><ele>534</ele></trkpt>
<trkpt lat="47.89149" lon="12.40017"><ele>534</ele></trkpt>
<trkpt lat="47.89133" lon="12.40019"><ele>534</ele></trkpt>
<trkpt lat="47.89093" lon="12.39998"><ele>532</ele></trkpt>
<trkpt lat="47.89080" lon="12.39997"><ele>532</ele></trkpt>
<trkpt lat="47.88983" lon="12.40031"><ele>529</ele></trkpt>
<trkpt lat="47.88984" lon="12.40045"><ele>529</ele></trkpt>
<trkpt lat="47.88976" lon="12.40062"><ele>529</ele></trkpt>
<trkpt lat="47.88938" lon="12.40119"><ele>531</ele></trkpt>
<trkpt lat="47.88911" lon="12.40146"><ele>532</ele></trkpt>
<trkpt lat="47.88847" lon="12.40198"><ele>537</ele></trkpt>
<trkpt lat="47.88814" lon="12.40230"><ele>539</ele></trkpt>
<trkpt lat="47.88811" lon="12.40226"><ele>539</ele></trkpt>
<trkpt lat="47.88782" lon="12.40270"><ele>540</ele></trkpt>
<trkpt lat="47.88754" lon="12.40324"><ele>540</ele></trkpt>
<trkpt lat="47.88737" lon="12.40373"><ele>540</ele></trkpt>
<trkpt lat="47.88730" lon="12.40407"><ele>539</ele></trkpt>
<trkpt lat="47.88723" lon="12.40474"><ele>540</ele></trkpt>
<trkpt lat="47.88664" lon="12.40499"><ele>541</ele></trkpt>
<trkpt lat="47.88661" lon="12.40644"><ele>544</ele></trkpt>
<trkpt lat="47.88634" lon="12.40926"><ele>548</ele></trkpt>
<trkpt lat="47.88624" lon="12.40988"><ele>550</ele></trkpt>
<trkpt lat="47.88608" lon="12.41033"><ele>552</ele></trkpt>
<trkpt lat="47.88571" lon="12.41115"><ele>553</ele></trkpt>
<trkpt lat="47.88553" lon="12.41168"><ele>554</ele></trkpt>
<trkpt lat="47.88547" lon="12.41226"><ele>551</ele></trkpt>
<trkpt lat="47.88516" lon="12.41389"><ele>538</ele></trkpt>
<trkpt lat="47.88493" lon="12.41495"><ele>536</ele></trkpt>
<trkpt lat="47.88482" lon="12.41522"><ele>535</ele></trkpt>
<trkpt lat="47.88476" lon="12.41573"><ele>536</ele></trkpt>
<trkpt lat="47.88481" lon="12.41593"><ele>536</ele></trkpt>
<trkpt lat="47.88475" lon="12.41626"><ele>536</ele></trkpt>
<trkpt lat="47.88464" lon="12.41752"><ele>530</ele></trkpt>
<trkpt lat="47.88507" lon="12.41749"><ele>534</ele></trkpt>
<trkpt lat="47.88569" lon="12.41734"><ele>538</ele></trkpt>
<trkpt lat="47.88656" lon="12.41730"><ele>540</ele></trkpt>
<trkpt lat="47.88708" lon="12.41737"><ele>541</ele></trkpt>
<trkpt lat="47.88706" lon="12.41788"><ele>542</ele></trkpt>
<trkpt lat="47.88708" lon="12.41737"><ele>541</ele></trkpt>
<trkpt lat="47.88811" lon="12.41749"><ele>543</ele></trkpt>
<trkpt lat="47.88920" lon="12.41777"><ele>541</ele></trkpt>
<trkpt lat="47.88955" lon="12.41780"><ele>540</ele></trkpt>
<trkpt lat="47.89177" lon="12.41764"><ele>536</ele></trkpt>
<trkpt lat="47.89214" lon="12.41758"><ele>534</ele></trkpt>
<trkpt lat="47.89229" lon="12.41751"><ele>534</ele></trkpt>
<trkpt lat="47.89263" lon="12.41722"><ele>533</ele></trkpt>
<trkpt lat="47.89348" lon="12.41670"><ele>531</ele></trkpt>
<trkpt lat="47.89363" lon="12.41665"><ele>531</ele></trkpt>
<trkpt lat="47.89419" lon="12.41656"><ele>530</ele></trkpt>
<trkpt lat="47.89429" lon="12.41663"><ele>530</ele></trkpt>
<trkpt lat="47.89436" lon="12.41675"><ele>530</ele></trkpt>
<trkpt lat="47.89445" lon="12.41743"><ele>530</ele></trkpt>
<trkpt lat="47.89451" lon="12.41758"><ele>530</ele></trkpt>
<trkpt lat="47.89461" lon="12.41765"><ele>529</ele></trkpt>
<trkpt lat="47.89521" lon="12.41753"><ele>530</ele></trkpt>
<trkpt lat="47.89596" lon="12.41763"><ele>530</ele></trkpt>
<trkpt lat="47.89606" lon="12.41745"><ele>530</ele></trkpt>
<trkpt lat="47.89604" lon="12.41715"><ele>530</ele></trkpt>
<trkpt lat="47.89613" lon="12.41704"><ele>530</ele></trkpt>
<trkpt lat="47.89640" lon="12.41712"><ele>532</ele></trkpt>
<trkpt lat="47.89693" lon="12.41716"><ele>536</ele></trkpt>
<trkpt lat="47.89785" lon="12.41732"><ele>536</ele></trkpt>
<trkpt lat="47.89883" lon="12.41707"><ele>538</ele></trkpt>
<trkpt lat="47.89901" lon="12.41708"><ele>538</ele></trkpt>
<trkpt lat="47.89952" lon="12.41732"><ele>538</ele></trkpt>
<trkpt lat="47.89978" lon="12.41733"><ele>538</ele></trkpt>
<trkpt lat="47.90025" lon="12.41728"><ele>538</ele></trkpt>
<trkpt lat="47.90064" lon="12.41743"><ele>537</ele></trkpt>
<trkpt lat="47.90209" lon="12.41769"><ele>542</ele></trkpt>
<trkpt lat="47.90262" lon="12.41759"><ele>542</ele></trkpt>
<trkpt lat="47.90341" lon="12.41860"><ele>540</ele></trkpt>
<trkpt lat="47.90359" lon="12.41891"><ele>541</ele></trkpt>
<trkpt lat="47.90383" lon="12.42028"><ele>537</ele></trkpt>
<trkpt lat="47.90402" lon="12.42160"><ele>536</ele></trkpt>
<trkpt lat="47.90417" lon="12.42203"><ele>536</ele></trkpt>
<trkpt lat="47.90450" lon="12.42266"><ele>536</ele></trkpt>
<trkpt lat="47.90572" lon="12.42461"><ele>538</ele></trkpt>
<trkpt lat="47.90602" lon="12.42503"><ele>538</ele></trkpt>
<trkpt lat="47.90637" lon="12.42547"><ele>536</ele></trkpt>
<trkpt lat="47.90746" lon="12.42660"><ele>532</ele></trkpt>
<trkpt lat="47.90785" lon="12.42705"><ele>532</ele></trkpt>
<trkpt lat="47.90911" lon="12.42906"><ele>532</ele></trkpt>
<trkpt lat="47.90955" lon="12.42984"><ele>534</ele></trkpt>
<trkpt lat="47.90969" lon="12.42994"><ele>534</ele></trkpt>
<trkpt lat="47.91022" lon="12.43010"><ele>534</ele></trkpt>
<trkpt lat="47.91082" lon="12.43038"><ele>532</ele></trkpt>
<trkpt lat="47.91117" lon="12.43082"><ele>533</ele></trkpt>
<trkpt lat="47.91139" lon="12.43101"><ele>534</ele></trkpt>
<trkpt lat="47.91203" lon="12.43120"><ele>533</ele></trkpt>
<trkpt lat="47.91219" lon="12.43128"><ele>533</ele></trkpt>
<trkpt lat="47.91371" lon="12.43250"><ele>533</ele></trkpt>
<trkpt lat="47.91375" lon="12.43248"><ele>533</ele></trkpt>
<trkpt lat="47.91383" lon="12.43261"><ele>533</ele></trkpt>
<trkpt lat="47.91447" lon="12.43337"><ele>532</ele></trkpt>
<trkpt lat="47.91581" lon="12.43482"><ele>532</ele></trkpt>
<trkpt lat="47.91613" lon="12.43521"><ele>532</ele></trkpt>
<trkpt lat="47.91629" lon="12.43551"><ele>532</ele></trkpt>
<trkpt lat="47.91647" lon="12.43605"><ele>531</ele></trkpt>
<trkpt lat="47.91767" lon="12.43573"><ele>527</ele></trkpt>
<trkpt lat="47.91795" lon="12.43562"><ele>528</ele></trkpt>
<trkpt lat="47.91854" lon="12.43585"><ele>530</ele></trkpt>
<trkpt lat="47.91896" lon="12.43615"><ele>529</ele></trkpt>
<trkpt lat="47.91964" lon="12.43649"><ele>529</ele></trkpt>
<trkpt lat="47.91996" lon="12.43675"><ele>529</ele></trkpt>
<trkpt lat="47.92045" lon="12.43731"><ele>530</ele></trkpt>
<trkpt lat="47.92121" lon="12.43839"><ele>529</ele></trkpt>
<trkpt lat="47.92209" lon="12.43919"><ele>530</ele></trkpt>
<trkpt lat="47.92222" lon="12.43928"><ele>530</ele></trkpt>
<trkpt lat="47.92248" lon="12.43938"><ele>530</ele></trkpt>
<trkpt lat="47.92308" lon="12.43936"><ele>530</ele></trkpt>
<trkpt lat="47.92360" lon="12.43943"><ele>530</ele></trkpt>
<trkpt lat="47.92364" lon="12.44024"><ele>529</ele></trkpt>
<trkpt lat="47.92377" lon="12.44067"><ele>529</ele></trkpt>
<trkpt lat="47.92391" lon="12.44156"><ele>527</ele></trkpt>
<trkpt lat="47.92406" lon="12.44220"><ele>524</ele></trkpt>
<trkpt lat="47.92425" lon="12.44319"><ele>524</ele></trkpt>
<trkpt lat="47.92428" lon="12.44356"><ele>523</ele></trkpt>
<trkpt lat="47.92422" lon="12.44385"><ele>524</ele></trkpt>
<trkpt lat="47.92426" lon="12.44421"><ele>523</ele></trkpt>
<trkpt lat="47.92413" lon="12.44440"><ele>523</ele></trkpt>
<trkpt lat="47.92426" lon="12.44456"><ele>523</ele></trkpt>
<trkpt lat="47.92447" lon="12.44492"><ele>523</ele></trkpt>
<trkpt lat="47.92459" lon="12.44529"><ele>522</ele></trkpt>
<trkpt lat="47.92430" lon="12.44555"><ele>521</ele></trkpt>
<trkpt lat="47.92490" lon="12.44712"><ele>520</ele></trkpt>
<trkpt lat="47.92508" lon="12.44738"><ele>520</ele></trkpt>
<trkpt lat="47.92557" lon="12.44765"><ele>521</ele></trkpt>
<trkpt lat="47.92577" lon="12.44783"><ele>521</ele></trkpt>
<trkpt lat="47.92595" lon="12.44804"><ele>521</ele></trkpt>
<trkpt lat="47.92599" lon="12.44818"><ele>520</ele></trkpt>
<trkpt lat="47.92605" lon="12.44827"><ele>520</ele></trkpt>
<trkpt lat="47.92682" lon="12.44904"><ele>520</ele></trkpt>
<trkpt lat="47.92736" lon="12.44963"><ele>520</ele></trkpt>
<trkpt lat="47.92756" lon="12.44995"><ele>520</ele></trkpt>
<trkpt lat="47.92772" lon="12.45002"><ele>520</ele></trkpt>
<trkpt lat="47.92851" lon="12.45099"><ele>520</ele></trkpt>
<trkpt lat="47.92883" lon="12.45151"><ele>520</ele></trkpt>
<trkpt lat="47.92896" lon="12.45194"><ele>519</ele></trkpt>
<trkpt lat="47.92941" lon="12.45255"><ele>520</ele></trkpt>
<trkpt lat="47.92966" lon="12.45266"><ele>519</ele></trkpt>
<trkpt lat="47.93039" lon="12.45326"><ele>520</ele></trkpt>
<trkpt lat="47.93067" lon="12.45354"><ele>520</ele></trkpt>
<trkpt lat="47.93144" lon="12.45449"><ele>520</ele></trkpt>
<trkpt lat="47.93230" lon="12.45576"><ele>519</ele></trkpt>
<trkpt lat="47.93261" lon="12.45630"><ele>520</ele></trkpt>
<trkpt lat="47.93272" lon="12.45661"><ele>519</ele></trkpt>
<trkpt lat="47.93282" lon="12.45705"><ele>519</ele></trkpt>
<trkpt lat="47.93290" lon="12.45816"><ele>519</ele></trkpt>
<trkpt lat="47.93298" lon="12.45871"><ele>520</ele></trkpt>
<trkpt lat="47.93304" lon="12.45882"><ele>520</ele></trkpt>
<trkpt lat="47.93315" lon="12.45893"><ele>520</ele></trkpt>
<trkpt lat="47.93361" lon="12.45995"><ele>520</ele></trkpt>
<trkpt lat="47.93374" lon="12.46035"><ele>520</ele></trkpt>
<trkpt lat="47.93412" lon="12.46191"><ele>520</ele></trkpt>
<trkpt lat="47.93445" lon="12.46301"><ele>521</ele></trkpt>
<trkpt lat="47.93456" lon="12.46399"><ele>520</ele></trkpt>
<trkpt lat="47.93450" lon="12.46410"><ele>520</ele></trkpt>
<trkpt lat="47.93443" lon="12.46438"><ele>520</ele></trkpt>
<trkpt lat="47.93408" lon="12.46617"><ele>520</ele></trkpt>
<trkpt lat="47.93381" lon="12.46834"><ele>522</ele></trkpt>
<trkpt lat="47.93321" lon="12.47126"><ele>520</ele></trkpt>
<trkpt lat="47.93311" lon="12.47362"><ele>521</ele></trkpt>
<trkpt lat="47.93311" lon="12.47430"><ele>521</ele></trkpt>
<trkpt lat="47.93296" lon="12.47562"><ele>522</ele></trkpt>
<trkpt lat="47.93298" lon="12.47592"><ele>522</ele></trkpt>
<trkpt lat="47.93306" lon="12.47621"><ele>523</ele></trkpt>
<trkpt lat="47.93319" lon="12.47645"><ele>524</ele></trkpt>
<trkpt lat="47.93335" lon="12.47662"><ele>524</ele></trkpt>
<trkpt lat="47.93358" lon="12.47709"><ele>525</ele></trkpt>
<trkpt lat="47.93365" lon="12.47760"><ele>523</ele></trkpt>
<trkpt lat="47.93371" lon="12.47784"><ele>522</ele></trkpt>
<trkpt lat="47.93382" lon="12.47807"><ele>521</ele></trkpt>
<trkpt lat="47.93387" lon="12.47803"><ele>521</ele></trkpt>
<trkpt lat="47.93401" lon="12.47804"><ele>522</ele></trkpt>
<trkpt lat="47.93387" lon="12.47803"><ele>521</ele></trkpt>
<trkpt lat="47.93382" lon="12.47807"><ele>521</ele></trkpt>
<trkpt lat="47.93375" lon="12.47826"><ele>520</ele></trkpt>
<trkpt lat="47.93375" lon="12.47834"><ele>520</ele></trkpt>
<trkpt lat="47.93379" lon="12.47835"><ele>520</ele></trkpt>
<trkpt lat="47.93375" lon="12.48065"><ele>520</ele></trkpt>
<trkpt lat="47.93372" lon="12.48107"><ele>520</ele></trkpt>
<trkpt lat="47.93375" lon="12.48127"><ele>520</ele></trkpt>
<trkpt lat="47.93398" lon="12.48139"><ele>520</ele></trkpt>
<trkpt lat="47.93416" lon="12.48153"><ele>520</ele></trkpt>
<trkpt lat="47.93429" lon="12.48174"><ele>520</ele></trkpt>
<trkpt lat="47.93440" lon="12.48199"><ele>520</ele></trkpt>
<trkpt lat="47.93447" lon="12.48243"><ele>520</ele></trkpt>
<trkpt lat="47.93447" lon="12.48293"><ele>520</ele></trkpt>
<trkpt lat="47.93430" lon="12.48392"><ele>520</ele></trkpt>
<trkpt lat="47.93406" lon="12.48487"><ele>520</ele></trkpt>
<trkpt lat="47.93388" lon="12.48542"><ele>520</ele></trkpt>
<trkpt lat="47.93336" lon="12.48672"><ele>520</ele></trkpt>
<trkpt lat="47.93325" lon="12.48709"><ele>520</ele></trkpt>
<trkpt lat="47.93316" lon="12.48747"><ele>520</ele></trkpt>
<trkpt lat="47.93295" lon="12.48879"><ele>520</ele></trkpt>
<trkpt lat="47.93282" lon="12.48908"><ele>520</ele></trkpt>
<trkpt lat="47.93226" lon="12.48962"><ele>520</ele></trkpt>
<trkpt lat="47.93153" lon="12.49059"><ele>520</ele></trkpt>
<trkpt lat="47.93131" lon="12.49071"><ele>520</ele></trkpt>
<trkpt lat="47.93094" lon="12.49076"><ele>520</ele></trkpt>
<trkpt lat="47.93073" lon="12.49071"><ele>520</ele></trkpt>
<trkpt lat="47.93054" lon="12.49059"><ele>521</ele></trkpt>
<trkpt lat="47.92961" lon="12.49169"><ele>521</ele></trkpt>
<trkpt lat="47.92959" lon="12.49188"><ele>521</ele></trkpt>
<trkpt lat="47.92954" lon="12.49194"><ele>521</ele></trkpt>
<trkpt lat="47.92945" lon="12.49172"><ele>521</ele></trkpt>
<trkpt lat="47.92923" lon="12.49189"><ele>521</ele></trkpt>
<trkpt lat="47.92863" lon="12.49222"><ele>521</ele></trkpt>
<trkpt lat="47.92754" lon="12.49271"><ele>522</ele></trkpt>
<trkpt lat="47.92645" lon="12.49307"><ele>522</ele></trkpt>
<trkpt lat="47.92562" lon="12.49324"><ele>522</ele></trkpt>
<trkpt lat="47.92582" lon="12.49532"><ele>524</ele></trkpt>
<trkpt lat="47.92587" lon="12.49613"><ele>524</ele></trkpt>
<trkpt lat="47.92482" lon="12.49591"><ele>525</ele></trkpt>
<trkpt lat="47.92448" lon="12.49590"><ele>525</ele></trkpt>
<trkpt lat="47.92367" lon="12.49598"><ele>524</ele></trkpt>
<trkpt lat="47.92345" lon="12.49595"><ele>524</ele></trkpt>
<trkpt lat="47.92283" lon="12.49562"><ele>524</ele></trkpt>
<trkpt lat="47.92273" lon="12.49552"><ele>524</ele></trkpt>
<trkpt lat="47.92253" lon="12.49549"><ele>523</ele></trkpt>
<trkpt lat="47.92214" lon="12.49562"><ele>523</ele></trkpt>
<trkpt lat="47.92150" lon="12.49602"><ele>524</ele></trkpt>
<trkpt lat="47.92132" lon="12.49605"><ele>524</ele></trkpt>
<trkpt lat="47.92108" lon="12.49618"><ele>524</ele></trkpt>
<trkpt lat="47.91877" lon="12.49763"><ele>525</ele></trkpt>
<trkpt lat="47.91854" lon="12.49762"><ele>525</ele></trkpt>
<trkpt lat="47.91821" lon="12.49730"><ele>524</ele></trkpt>
<trkpt lat="47.91774" lon="12.49720"><ele>524</ele></trkpt>
<trkpt lat="47.91735" lon="12.49728"><ele>523</ele></trkpt>
<trkpt lat="47.91674" lon="12.49751"><ele>522</ele></trkpt>
<trkpt lat="47.91359" lon="12.49931"><ele>529</ele></trkpt>
<trkpt lat="47.91245" lon="12.50036"><ele>531</ele></trkpt>
<trkpt lat="47.91193" lon="12.50066"><ele>531</ele></trkpt>
<trkpt lat="47.91137" lon="12.50115"><ele>531</ele></trkpt>
<trkpt lat="47.91046" lon="12.50154"><ele>530</ele></trkpt>
<trkpt lat="47.90991" lon="12.50156"><ele>530</ele></trkpt>
<trkpt lat="47.90957" lon="12.50163"><ele>531</ele></trkpt>
<trkpt lat="47.90935" lon="12.50173"><ele>531</ele></trkpt>
<trkpt lat="47.90921" lon="12.50185"><ele>531</ele></trkpt>
<trkpt lat="47.90907" lon="12.50206"><ele>530</ele></trkpt>
<trkpt lat="47.90884" lon="12.50263"><ele>531</ele></trkpt>
<trkpt lat="47.90875" lon="12.50273"><ele>531</ele></trkpt>
<trkpt lat="47.90858" lon="12.50281"><ele>531</ele></trkpt>
<trkpt lat="47.90819" lon="12.50289"><ele>529</ele></trkpt>
<trkpt lat="47.90808" lon="12.50296"><ele>529</ele></trkpt>
<trkpt lat="47.90788" lon="12.50319"><ele>528</ele></trkpt>
<trkpt lat="47.90781" lon="12.50334"><ele>528</ele></trkpt>
<trkpt lat="47.90760" lon="12.50416"><ele>525</ele></trkpt>
<trkpt lat="47.90674" lon="12.50712"><ele>521</ele></trkpt>
<trkpt lat="47.90673" lon="12.50733"><ele>521</ele></trkpt>
<trkpt lat="47.90690" lon="12.50786"><ele>524</ele></trkpt>
<trkpt lat="47.90699" lon="12.50828"><ele>525</ele></trkpt>
<trkpt lat="47.90702" lon="12.50875"><ele>526</ele></trkpt>
<trkpt lat="47.90700" lon="12.50906"><ele>526</ele></trkpt>
<trkpt lat="47.90694" lon="12.50927"><ele>526</ele></trkpt>
<trkpt lat="47.90679" lon="12.50955"><ele>526</ele></trkpt>
<trkpt lat="47.90626" lon="12.51022"><ele>526</ele></trkpt>
<trkpt lat="47.90597" lon="12.51127"><ele>526</ele></trkpt>
<trkpt lat="47.90593" lon="12.51164"><ele>525</ele></trkpt>
<trkpt lat="47.90596" lon="12.51201"><ele>524</ele></trkpt>
<trkpt lat="47.90616" lon="12.51273"><ele>527</ele></trkpt>
<trkpt lat="47.90637" lon="12.51329"><ele>527</ele></trkpt>
<trkpt lat="47.90642" lon="12.51355"><ele>526</ele></trkpt>
<trkpt lat="47.90640" lon="12.51387"><ele>526</ele></trkpt>
<trkpt lat="47.90635" lon="12.51411"><ele>526</ele></trkpt>
<trkpt lat="47.90611" lon="12.51497"><ele>527</ele></trkpt>
<trkpt lat="47.90610" lon="12.51556"><ele>528</ele></trkpt>
<trkpt lat="47.90569" lon="12.51586"><ele>526</ele></trkpt>
<trkpt lat="47.90525" lon="12.51589"><ele>523</ele></trkpt>
<trkpt lat="47.90505" lon="12.51596"><ele>523</ele></trkpt>
<trkpt lat="47.90489" lon="12.51605"><ele>524</ele></trkpt>
<trkpt lat="47.90479" lon="12.51621"><ele>524</ele></trkpt>
<trkpt lat="47.90477" lon="12.51713"><ele>522</ele></trkpt>
<trkpt lat="47.90463" lon="12.51803"><ele>525</ele></trkpt>
<trkpt lat="47.90425" lon="12.51932"><ele>523</ele></trkpt>
<trkpt lat="47.90421" lon="12.51960"><ele>523</ele></trkpt>
<trkpt lat="47.90410" lon="12.51993"><ele>523</ele></trkpt>
<trkpt lat="47.90411" lon="12.52009"><ele>523</ele></trkpt>
<trkpt lat="47.90425" lon="12.52088"><ele>527</ele></trkpt>
<trkpt lat="47.90423" lon="12.52147"><ele>529</ele></trkpt>
<trkpt lat="47.90370" lon="12.52317"><ele>530</ele></trkpt>
<trkpt lat="47.90395" lon="12.52330"><ele>530</ele></trkpt>
<trkpt lat="47.90460" lon="12.52351"><ele>529</ele></trkpt>
<trkpt lat="47.90464" lon="12.52374"><ele>529</ele></trkpt>
<trkpt lat="47.90465" lon="12.52432"><ele>528</ele></trkpt>
<trkpt lat="47.90500" lon="12.52453"><ele>528</ele></trkpt>
<trkpt lat="47.90518" lon="12.52490"><ele>528</ele></trkpt>
<trkpt lat="47.90478" lon="12.52536"><ele>529</ele></trkpt>
<trkpt lat="47.90463" lon="12.52581"><ele>528</ele></trkpt>
<trkpt lat="47.90454" lon="12.52598"><ele>528</ele></trkpt>
<trkpt lat="47.90413" lon="12.52637"><ele>529</ele></trkpt>
<trkpt lat="47.90391" lon="12.52676"><ele>530</ele></trkpt>
<trkpt lat="47.90368" lon="12.52749"><ele>530</ele></trkpt>
<trkpt lat="47.90342" lon="12.52891"><ele>531</ele></trkpt>
<trkpt lat="47.90305" lon="12.53045"><ele>533</ele></trkpt>
<trkpt lat="47.90289" lon="12.53091"><ele>533</ele></trkpt>
<trkpt lat="47.90268" lon="12.53135"><ele>533</ele></trkpt>
<trkpt lat="47.90202" lon="12.53229"><ele>534</ele></trkpt>
<trkpt lat="47.90109" lon="12.53344"><ele>535</ele></trkpt>
<trkpt lat="47.90085" lon="12.53380"><ele>535</ele></trkpt>
<trkpt lat="47.90025" lon="12.53488"><ele>536</ele></trkpt>
<trkpt lat="47.89970" lon="12.53572"><ele>536</ele></trkpt>
<trkpt lat="47.89832" lon="12.53829"><ele>538</ele></trkpt>
<trkpt lat="47.89822" lon="12.53856"><ele>538</ele></trkpt>
<trkpt lat="47.89819" lon="12.53878"><ele>538</ele></trkpt>
<trkpt lat="47.89812" lon="12.53896"><ele>538</ele></trkpt>
<trkpt lat="47.89795" lon="12.53921"><ele>538</ele></trkpt>
<trkpt lat="47.89729" lon="12.53989"><ele>538</ele></trkpt>
<trkpt lat="47.89676" lon="12.54015"><ele>539</ele></trkpt>
<trkpt lat="47.89630" lon="12.54062"><ele>540</ele></trkpt>
<trkpt lat="47.89568" lon="12.54111"><ele>540</ele></trkpt>
<trkpt lat="47.89563" lon="12.54099"><ele>540</ele></trkpt>
<trkpt lat="47.89550" lon="12.54094"><ele>540</ele></trkpt>
<trkpt lat="47.89527" lon="12.54103"><ele>539</ele></trkpt>
<trkpt lat="47.89503" lon="12.54106"><ele>539</ele></trkpt>
<trkpt lat="47.89408" lon="12.54094"><ele>537</ele></trkpt>
<trkpt lat="47.89303" lon="12.54107"><ele>536</ele></trkpt>
<trkpt lat="47.89237" lon="12.54129"><ele>534</ele></trkpt>
<trkpt lat="47.89191" lon="12.54126"><ele>533</ele></trkpt>
<trkpt lat="47.89130" lon="12.54178"><ele>527</ele></trkpt>
<trkpt lat="47.89112" lon="12.54172"><ele>526</ele></trkpt>
<trkpt lat="47.89109" lon="12.54160"><ele>526</ele></trkpt>
<trkpt lat="47.89092" lon="12.54163"><ele>526</ele></trkpt>
<trkpt lat="47.89074" lon="12.54156"><ele>526</ele></trkpt>
<trkpt lat="47.89062" lon="12.54148"><ele>525</ele></trkpt>
<trkpt lat="47.89021" lon="12.54101"><ele>524</ele></trkpt>
<trkpt lat="47.89014" lon="12.54099"><ele>525</ele></trkpt>
<trkpt lat="47.88991" lon="12.54117"><ele>526</ele></trkpt>
<trkpt lat="47.88966" lon="12.54089"><ele>526</ele></trkpt>
<trkpt lat="47.88902" lon="12.54091"><ele>533</ele></trkpt>
<trkpt lat="47.88890" lon="12.54088"><ele>534</ele></trkpt>
<trkpt lat="47.88881" lon="12.54080"><ele>536</ele></trkpt>
<trkpt lat="47.88828" lon="12.53995"><ele>538</ele></trkpt>
<trkpt lat="47.88789" lon="12.53951"><ele>540</ele></trkpt>
<trkpt lat="47.88751" lon="12.53925"><ele>542</ele></trkpt>
<trkpt lat="47.88699" lon="12.53900"><ele>544</ele></trkpt>
<trkpt lat="47.88625" lon="12.53841"><ele>542</ele></trkpt>
<trkpt lat="47.88585" lon="12.53837"><ele>542</ele></trkpt>
<trkpt lat="47.88518" lon="12.53842"><ele>543</ele></trkpt>
<trkpt lat="47.88461" lon="12.53836"><ele>542</ele></trkpt>
<trkpt lat="47.88334" lon="12.53841"><ele>541</ele></trkpt>
<trkpt lat="47.88256" lon="12.53863"><ele>542</ele></trkpt>
<trkpt lat="47.88052" lon="12.53947"><ele>542</ele></trkpt>
<trkpt lat="47.88008" lon="12.53958"><ele>543</ele></trkpt>
<trkpt lat="47.87913" lon="12.53951"><ele>544</ele></trkpt>
<trkpt lat="47.87860" lon="12.53956"><ele>546</ele></trkpt>
<trkpt lat="47.87749" lon="12.53893"><ele>543</ele></trkpt>
<trkpt lat="47.87718" lon="12.53883"><ele>542</ele></trkpt>
<trkpt lat="47.87679" lon="12.53883"><ele>541</ele></trkpt>
<trkpt lat="47.87661" lon="12.53890"><ele>540</ele></trkpt>
<trkpt lat="47.87636" lon="12.53910"><ele>538</ele></trkpt>
<trkpt lat="47.87596" lon="12.53971"><ele>536</ele></trkpt>
<trkpt lat="47.87587" lon="12.53979"><ele>536</ele></trkpt>
<trkpt lat="47.87494" lon="12.54014"><ele>535</ele></trkpt>
<trkpt lat="47.87457" lon="12.54033"><ele>534</ele></trkpt>
<trkpt lat="47.87381" lon="12.54056"><ele>534</ele></trkpt>
<trkpt lat="47.87308" lon="12.54110"><ele>533</ele></trkpt>
<trkpt lat="47.87262" lon="12.54125"><ele>532</ele></trkpt>
<trkpt lat="47.87195" lon="12.54130"><ele>530</ele></trkpt>
<trkpt lat="47.87171" lon="12.54124"><ele>530</ele></trkpt>
<trkpt lat="47.87132" lon="12.54100"><ele>530</ele></trkpt>
<trkpt lat="47.87117" lon="12.54096"><ele>530</ele></trkpt>
<trkpt lat="47.87084" lon="12.54096"><ele>530</ele></trkpt>
<trkpt lat="47.87084" lon="12.54099"><ele>530</ele></trkpt>
<trkpt lat="47.87027" lon="12.54113"><ele>530</ele></trkpt>
<trkpt lat="47.86996" lon="12.54114"><ele>528</ele></trkpt>
<trkpt lat="47.86961" lon="12.54096"><ele>527</ele></trkpt>
<trkpt lat="47.86947" lon="12.54078"><ele>527</ele></trkpt>
<trkpt lat="47.86919" lon="12.54028"><ele>526</ele></trkpt>
<trkpt lat="47.86908" lon="12.54015"><ele>526</ele></trkpt>
<trkpt lat="47.86877" lon="12.53990"><ele>526</ele></trkpt>
<trkpt lat="47.86809" lon="12.53949"><ele>526</ele></trkpt>
<trkpt lat="47.86778" lon="12.53921"><ele>527</ele></trkpt>
<trkpt lat="47.86735" lon="12.53890"><ele>526</ele></trkpt>
<trkpt lat="47.86683" lon="12.53862"><ele>526</ele></trkpt>
<trkpt lat="47.86642" lon="12.53817"><ele>526</ele></trkpt>
<trkpt lat="47.86612" lon="12.53796"><ele>526</ele></trkpt>
<trkpt lat="47.86592" lon="12.53799"><ele>526</ele></trkpt>
<trkpt lat="47.86567" lon="12.53818"><ele>525</ele></trkpt>
<trkpt lat="47.86484" lon="12.53941"><ele>524</ele></trkpt>
<trkpt lat="47.86469" lon="12.53954"><ele>525</ele></trkpt>
<trkpt lat="47.86292" lon="12.53886"><ele>527</ele></trkpt>
<trkpt lat="47.86249" lon="12.53889"><ele>527</ele></trkpt>
<trkpt lat="47.86126" lon="12.53923"><ele>525</ele></trkpt>
<trkpt lat="47.86073" lon="12.53907"><ele>525</ele></trkpt>
<trkpt lat="47.86051" lon="12.53889"><ele>525</ele></trkpt>
<trkpt lat="47.86021" lon="12.53845"><ele>524</ele></trkpt>
<trkpt lat="47.85979" lon="12.53795"><ele>524</ele></trkpt>
<trkpt lat="47.85948" lon="12.53773"><ele>524</ele></trkpt>
<trkpt lat="47.85911" lon="12.53760"><ele>525</ele></trkpt>
<trkpt lat="47.85870" lon="12.53765"><ele>526</ele></trkpt>
<trkpt lat="47.85842" lon="12.53778"><ele>528</ele></trkpt>
<trkpt lat="47.85807" lon="12.53806"><ele>530</ele></trkpt>
<trkpt lat="47.85757" lon="12.53833"><ele>529</ele></trkpt>
<trkpt lat="47.85748" lon="12.53833"><ele>529</ele></trkpt>
<trkpt lat="47.85669" lon="12.53805"><ele>525</ele></trkpt>
<trkpt lat="47.85645" lon="12.53790"><ele>525</ele></trkpt>
<trkpt lat="47.85639" lon="12.53797"><ele>525</ele></trkpt>
<trkpt lat="47.85457" lon="12.53856"><ele>521</ele></trkpt>
<trkpt lat="47.85442" lon="12.53851"><ele>521</ele></trkpt>
<trkpt lat="47.85378" lon="12.53926"><ele>521</ele></trkpt>
<trkpt lat="47.85294" lon="12.54006"><ele>522</ele></trkpt>
<trkpt lat="47.85213" lon="12.54070"><ele>522</ele></trkpt>
<trkpt lat="47.85126" lon="12.54121"><ele>522</ele></trkpt>
<trkpt lat="47.85121" lon="12.54135"><ele>523</ele></trkpt>
<trkpt lat="47.85124" lon="12.54176"><ele>524</ele></trkpt>
<trkpt lat="47.85117" lon="12.54180"><ele>524</ele></trkpt>
<trkpt lat="47.85110" lon="12.54182"><ele>524</ele></trkpt>
<trkpt lat="47.85106" lon="12.54159"><ele>523</ele></trkpt>
<trkpt lat="47.85095" lon="12.54148"><ele>523</ele></trkpt>
<trkpt lat="47.85074" lon="12.54150"><ele>523</ele></trkpt>
<trkpt lat="47.85044" lon="12.54163"><ele>524</ele></trkpt>
<trkpt lat="47.85042" lon="12.54153"><ele>523</ele></trkpt>
<trkpt lat="47.84955" lon="12.54186"><ele>524</ele></trkpt>
<trkpt lat="47.84833" lon="12.54214"><ele>524</ele></trkpt>
<trkpt lat="47.84708" lon="12.54256"><ele>523</ele></trkpt>
<trkpt lat="47.84627" lon="12.54265"><ele>522</ele></trkpt>
<trkpt lat="47.84599" lon="12.54276"><ele>522</ele></trkpt>
<trkpt lat="47.84555" lon="12.54304"><ele>522</ele></trkpt>
<trkpt lat="47.84538" lon="12.54309"><ele>522</ele></trkpt>
<trkpt lat="47.84515" lon="12.54303"><ele>522</ele></trkpt>
<trkpt lat="47.84462" lon="12.54265"><ele>523</ele></trkpt>
<trkpt lat="47.84379" lon="12.54239"><ele>524</ele></trkpt>
<trkpt lat="47.84367" lon="12.54229"><ele>524</ele></trkpt>
<trkpt lat="47.84363" lon="12.54218"><ele>524</ele></trkpt>
<trkpt lat="47.84342" lon="12.54223"><ele>524</ele></trkpt>
<trkpt lat="47.84341" lon="12.54205"><ele>524</ele></trkpt>
<trkpt lat="47.84338" lon="12.54202"><ele>524</ele></trkpt>
<trkpt lat="47.84309" lon="12.54194"><ele>525</ele></trkpt>
<trkpt lat="47.84338" lon="12.54202"><ele>524</ele></trkpt>
<trkpt lat="47.84341" lon="12.54205"><ele>524</ele></trkpt>
<trkpt lat="47.84342" lon="12.54223"><ele>524</ele></trkpt>
<trkpt lat="47.84281" lon="12.54250"><ele>524</ele></trkpt>
<trkpt lat="47.84265" lon="12.54209"><ele>525</ele></trkpt>
<trkpt lat="47.84255" lon="12.54165"><ele>526</ele></trkpt>
<trkpt lat="47.84039" lon="12.54267"><ele>529</ele></trkpt>
<trkpt lat="47.83975" lon="12.54304"><ele>530</ele></trkpt>
<trkpt lat="47.83851" lon="12.54390"><ele>532</ele></trkpt>
<trkpt lat="47.83799" lon="12.54419"><ele>534</ele></trkpt>
<trkpt lat="47.83775" lon="12.54430"><ele>536</ele></trkpt>
<trkpt lat="47.83708" lon="12.54451"><ele>540</ele></trkpt>
<trkpt lat="47.83642" lon="12.54454"><ele>545</ele></trkpt>
<trkpt lat="47.83599" lon="12.54461"><ele>548</ele></trkpt>
<trkpt lat="47.83573" lon="12.54472"><ele>552</ele></trkpt>
<trkpt lat="47.83442" lon="12.54554"><ele>563</ele></trkpt>
<trkpt lat="47.83349" lon="12.54569"><ele>561</ele></trkpt>
<trkpt lat="47.83176" lon="12.54553"><ele>558</ele></trkpt>
<trkpt lat="47.83103" lon="12.54558"><ele>558</ele></trkpt>
<trkpt lat="47.83064" lon="12.54571"><ele>560</ele></trkpt>
<trkpt lat="47.83005" lon="12.54601"><ele>561</ele></trkpt>
<trkpt lat="47.82931" lon="12.54653"><ele>563</ele></trkpt>
<trkpt lat="47.82869" lon="12.54675"><ele>558</ele></trkpt>
<trkpt lat="47.82793" lon="12.54717"><ele>552</ele></trkpt>
<trkpt lat="47.82770" lon="12.54720"><ele>552</ele></trkpt>
<trkpt lat="47.82732" lon="12.54713"><ele>552</ele></trkpt>
<trkpt lat="47.82715" lon="12.54716"><ele>551</ele></trkpt>
<trkpt lat="47.82700" lon="12.54730"><ele>551</ele></trkpt>
<trkpt lat="47.82690" lon="12.54756"><ele>550</ele></trkpt>
<trkpt lat="47.82684" lon="12.54792"><ele>550</ele></trkpt>
<trkpt lat="47.82678" lon="12.54808"><ele>550</ele></trkpt>
<trkpt lat="47.82667" lon="12.54812"><ele>549</ele></trkpt>
<trkpt lat="47.82637" lon="12.54803"><ele>546</ele></trkpt>
<trkpt lat="47.82621" lon="12.54809"><ele>545</ele></trkpt>
<trkpt lat="47.82610" lon="12.54821"><ele>546</ele></trkpt>
<trkpt lat="47.82579" lon="12.54877"><ele>549</ele></trkpt>
<trkpt lat="47.82541" lon="12.54911"><ele>552</ele></trkpt>
<trkpt lat="47.82459" lon="12.55080"><ele>556</ele></trkpt>
<trkpt lat="47.82424" lon="12.55132"><ele>557</ele></trkpt>
<trkpt lat="47.82390" lon="12.55173"><ele>558</ele></trkpt>
<trkpt lat="47.82344" lon="12.55218"><ele>560</ele></trkpt>
<trkpt lat="47.82315" lon="12.55239"><ele>560</ele></trkpt>
<trkpt lat="47.82191" lon="12.55307"><ele>556</ele></trkpt>
<trkpt lat="47.82152" lon="12.55334"><ele>555</ele></trkpt>
<trkpt lat="47.82121" lon="12.55361"><ele>554</ele></trkpt>
<trkpt lat="47.82126" lon="12.55414"><ele>556</ele></trkpt>
<trkpt lat="47.82126" lon="12.55533"><ele>563</ele></trkpt>
<trkpt lat="47.82124" lon="12.55554"><ele>564</ele></trkpt>
<trkpt lat="47.82116" lon="12.55582"><ele>564</ele></trkpt>
<trkpt lat="47.82067" lon="12.55670"><ele>566</ele></trkpt>
<trkpt lat="47.82045" lon="12.55703"><ele>567</ele></trkpt>
<trkpt lat="47.82003" lon="12.55788"><ele>566</ele></trkpt>
<trkpt lat="47.81984" lon="12.55866"><ele>561</ele></trkpt>
<trkpt lat="47.81959" lon="12.55936"><ele>561</ele></trkpt>
<trkpt lat="47.81942" lon="12.55972"><ele>562</ele></trkpt>
<trkpt lat="47.81905" lon="12.56021"><ele>562</ele></trkpt>
<trkpt lat="47.81890" lon="12.56048"><ele>563</ele></trkpt>
<trkpt lat="47.81880" lon="12.56116"><ele>564</ele></trkpt>
<trkpt lat="47.81858" lon="12.56123"><ele>565</ele></trkpt>
<trkpt lat="47.81825" lon="12.56161"><ele>569</ele></trkpt>
<trkpt lat="47.81806" lon="12.56174"><ele>570</ele></trkpt>
<trkpt lat="47.81731" lon="12.56282"><ele>558</ele></trkpt>
<trkpt lat="47.81701" lon="12.56334"><ele>555</ele></trkpt>
<trkpt lat="47.81670" lon="12.56346"><ele>553</ele></trkpt>
<trkpt lat="47.81652" lon="12.56364"><ele>554</ele></trkpt>
<trkpt lat="47.81634" lon="12.56322"><ele>551</ele></trkpt>
<trkpt lat="47.81580" lon="12.56281"><ele>544</ele></trkpt>
<trkpt lat="47.81566" lon="12.56262"><ele>544</ele></trkpt>
<trkpt lat="47.81558" lon="12.56246"><ele>544</ele></trkpt>
<trkpt lat="47.81539" lon="12.56155"><ele>540</ele></trkpt>
<trkpt lat="47.81525" lon="12.56106"><ele>535</ele></trkpt>
<trkpt lat="47.81509" lon="12.56069"><ele>533</ele></trkpt>
<trkpt lat="47.81488" lon="12.56032"><ele>532</ele></trkpt>
<trkpt lat="47.81452" lon="12.55986"><ele>532</ele></trkpt>
<trkpt lat="47.81433" lon="12.55944"><ele>534</ele></trkpt>
<trkpt lat="47.81424" lon="12.55932"><ele>534</ele></trkpt>
<trkpt lat="47.81411" lon="12.55943"><ele>535</ele></trkpt>
<trkpt lat="47.81350" lon="12.55974"><ele>532</ele></trkpt>
<trkpt lat="47.81361" lon="12.55998"><ele>532</ele></trkpt>
<trkpt lat="47.81401" lon="12.56128"><ele>532</ele></trkpt>
<trkpt lat="47.81435" lon="12.56208"><ele>532</ele></trkpt>
<trkpt lat="47.81459" lon="12.56282"><ele>532</ele></trkpt>
<trkpt lat="47.81505" lon="12.56526"><ele>533</ele></trkpt>
<trkpt lat="47.81549" lon="12.56706"><ele>534</ele></trkpt>
<trkpt lat="47.81582" lon="12.56814"><ele>533</ele></trkpt>
<trkpt lat="47.81641" lon="12.56991"><ele>534</ele></trkpt>
<trkpt lat="47.81686" lon="12.57142"><ele>534</ele></trkpt>
<trkpt lat="47.81511" lon="12.57281"><ele>536</ele></trkpt>
<trkpt lat="47.81509" lon="12.57290"><ele>536</ele></trkpt>
<trkpt lat="47.81506" lon="12.57364"><ele>535</ele></trkpt>
<trkpt lat="47.81506" lon="12.57467"><ele>535</ele></trkpt>
<trkpt lat="47.81520" lon="12.57636"><ele>535</ele></trkpt>
<trkpt lat="47.81535" lon="12.57725"><ele>536</ele></trkpt>
<trkpt lat="47.81598" lon="12.57996"><ele>536</ele></trkpt>
<trkpt lat="47.81625" lon="12.58158"><ele>538</ele></trkpt>
<trkpt lat="47.81651" lon="12.58274"><ele>538</ele></trkpt>
<trkpt lat="47.81684" lon="12.58383"><ele>538</ele></trkpt>
<trkpt lat="47.81689" lon="12.58390"><ele>538</ele></trkpt>
<trkpt lat="47.81718" lon="12.58400"><ele>539</ele></trkpt>
<trkpt lat="47.81754" lon="12.58448"><ele>540</ele></trkpt>
<trkpt lat="47.81762" lon="12.58478"><ele>540</ele></trkpt>
<trkpt lat="47.81761" lon="12.58505"><ele>540</ele></trkpt>
<trkpt lat="47.81756" lon="12.58518"><ele>540</ele></trkpt>
<trkpt lat="47.81713" lon="12.58568"><ele>540</ele></trkpt>
<trkpt lat="47.81706" lon="12.58586"><ele>540</ele></trkpt>
<trkpt lat="47.81706" lon="12.58597"><ele>540</ele></trkpt>
<trkpt lat="47.81736" lon="12.58796"><ele>540</ele></trkpt>
<trkpt lat="47.81754" lon="12.58856"><ele>540</ele></trkpt>
<trkpt lat="47.81758" lon="12.58878"><ele>540</ele></trkpt>
<trkpt lat="47.81769" lon="12.59140"><ele>539</ele></trkpt>
<trkpt lat="47.81851" lon="12.59154"><ele>540</ele></trkpt>
<trkpt lat="47.81881" lon="12.59169"><ele>540</ele></trkpt>
<trkpt lat="47.81952" lon="12.59226"><ele>540</ele></trkpt>
<trkpt lat="47.82008" lon="12.59287"><ele>542</ele></trkpt>
<trkpt lat="47.82035" lon="12.59324"><ele>544</ele></trkpt>
<trkpt lat="47.82022" lon="12.59343"><ele>544</ele></trkpt>
<trkpt lat="47.81969" lon="12.59588"><ele>547</ele></trkpt>
<trkpt lat="47.81935" lon="12.59771"><ele>552</ele></trkpt>
<trkpt lat="47.81907" lon="12.60021"><ele>552</ele></trkpt>
<trkpt lat="47.81908" lon="12.60061"><ele>553</ele></trkpt>
<trkpt lat="47.81922" lon="12.60174"><ele>556</ele></trkpt>
<trkpt lat="47.81924" lon="12.60343"><ele>559</ele></trkpt>
<trkpt lat="47.81942" lon="12.60340"><ele>560</ele></trkpt>
<trkpt lat="47.81953" lon="12.60319"><ele>562</ele></trkpt>
<trkpt lat="47.81954" lon="12.60476"><ele>569</ele></trkpt>
<trkpt lat="47.81959" lon="12.60558"><ele>574</ele></trkpt>
<trkpt lat="47.81957" lon="12.60572"><ele>574</ele></trkpt>
<trkpt lat="47.81962" lon="12.60597"><ele>576</ele></trkpt>
<trkpt lat="47.81972" lon="12.60620"><ele>578</ele></trkpt>
<trkpt lat="47.81982" lon="12.60657"><ele>580</ele></trkpt>
<trkpt lat="47.81982" lon="12.60677"><ele>580</ele></trkpt>
<trkpt lat="47.82002" lon="12.60767"><ele>584</ele></trkpt>
<trkpt lat="47.81995" lon="12.60799"><ele>587</ele></trkpt>
<trkpt lat="47.82002" lon="12.60870"><ele>595</ele></trkpt>
<trkpt lat="47.82019" lon="12.60873"><ele>596</ele></trkpt>
<trkpt lat="47.82025" lon="12.60869"><ele>596</ele></trkpt>
<trkpt lat="47.82048" lon="12.60883"><ele>592</ele></trkpt>
<trkpt lat="47.82067" lon="12.60883"><ele>592</ele></trkpt>
<trkpt lat="47.82090" lon="12.60898"><ele>590</ele></trkpt>
<trkpt lat="47.82114" lon="12.60904"><ele>592</ele></trkpt>
<trkpt lat="47.82118" lon="12.60910"><ele>591</ele></trkpt>
<trkpt lat="47.82146" lon="12.60914"><ele>593</ele></trkpt>
<trkpt lat="47.82174" lon="12.60932"><ele>592</ele></trkpt>
<trkpt lat="47.82176" lon="12.60938"><ele>592</ele></trkpt>
<trkpt lat="47.82173" lon="12.61021"><ele>592</ele></trkpt>
<trkpt lat="47.82193" lon="12.61029"><ele>593</ele></trkpt>
<trkpt lat="47.82290" lon="12.61131"><ele>598</ele></trkpt>
<trkpt lat="47.82261" lon="12.61237"><ele>598</ele></trkpt>
<trkpt lat="47.82239" lon="12.61291"><ele>596</ele></trkpt>
<trkpt lat="47.82218" lon="12.61325"><ele>596</ele></trkpt>
<trkpt lat="47.82183" lon="12.61369"><ele>597</ele></trkpt>
<trkpt lat="47.82152" lon="12.61398"><ele>597</ele></trkpt>
<trkpt lat="47.82070" lon="12.61450"><ele>598</ele></trkpt>
<trkpt lat="47.82076" lon="12.61466"><ele>599</ele></trkpt>
<trkpt lat="47.82106" lon="12.61501"><ele>600</ele></trkpt>
<trkpt lat="47.82123" lon="12.61528"><ele>600</ele></trkpt>
<trkpt lat="47.82153" lon="12.61623"><ele>603</ele></trkpt>
<trkpt lat="47.82179" lon="12.61682"><ele>603</ele></trkpt>
<trkpt lat="47.82218" lon="12.61794"><ele>604</ele></trkpt>
<trkpt lat="47.82222" lon="12.61826"><ele>605</ele></trkpt>
<trkpt lat="47.82228" lon="12.61905"><ele>608</ele></trkpt>
<trkpt lat="47.82248" lon="12.62042"><ele>611</ele></trkpt>
<trkpt lat="47.82247" lon="12.62101"><ele>614</ele></trkpt>
<trkpt lat="47.82291" lon="12.62267"><ele>617</ele></trkpt>
<trkpt lat="47.82314" lon="12.62428"><ele>623</ele></trkpt>
<trkpt lat="47.82312" lon="12.62511"><ele>628</ele></trkpt>
<trkpt lat="47.82320" lon="12.62696"><ele>634</ele></trkpt>
<trkpt lat="47.82320" lon="12.62740"><ele>636</ele></trkpt>
<trkpt lat="47.82313" lon="12.62848"><ele>643</ele></trkpt>
<trkpt lat="47.82301" lon="12.62904"><ele>642</ele></trkpt>
<trkpt lat="47.82288" lon="12.62939"><ele>642</ele></trkpt>
<trkpt lat="47.82253" lon="12.63019"><ele>642</ele></trkpt>
<trkpt lat="47.82187" lon="12.63185"><ele>648</ele></trkpt>
<trkpt lat="47.82183" lon="12.63211"><ele>648</ele></trkpt>
<trkpt lat="47.82176" lon="12.63330"><ele>646</ele></trkpt>
<trkpt lat="47.82153" lon="12.63398"><ele>642</ele></trkpt>
<trkpt lat="47.82131" lon="12.63534"><ele>636</ele></trkpt>
<trkpt lat="47.82079" lon="12.63710"><ele>626</ele></trkpt>
<trkpt lat="47.82091" lon="12.63793"><ele>622</ele></trkpt>
<trkpt lat="47.82096" lon="12.63797"><ele>622</ele></trkpt>
<trkpt lat="47.82123" lon="12.63862"><ele>620</ele></trkpt>
<trkpt lat="47.82130" lon="12.63873"><ele>619</ele></trkpt>
<trkpt lat="47.82127" lon="12.63894"><ele>618</ele></trkpt>
<trkpt lat="47.82127" lon="12.63912"><ele>619</ele></trkpt>
<trkpt lat="47.82146" lon="12.63978"><ele>622</ele></trkpt>
<trkpt lat="47.82147" lon="12.64011"><ele>622</ele></trkpt>
<trkpt lat="47.82145" lon="12.64031"><ele>622</ele></trkpt>
<trkpt lat="47.82139" lon="12.64046"><ele>622</ele></trkpt>
<trkpt lat="47.82135" lon="12.64095"><ele>622</ele></trkpt>
<trkpt lat="47.82120" lon="12.64136"><ele>620</ele></trkpt>
<trkpt lat="47.82110" lon="12.64146"><ele>620</ele></trkpt>
<trkpt lat="47.82083" lon="12.64151"><ele>619</ele></trkpt>
<trkpt lat="47.82073" lon="12.64172"><ele>616</ele></trkpt>
<trkpt lat="47.82107" lon="12.64206"><ele>611</ele></trkpt>
<trkpt lat="47.82118" lon="12.64222"><ele>608</ele></trkpt>
<trkpt lat="47.82142" lon="12.64264"><ele>606</ele></trkpt>
<trkpt lat="47.82140" lon="12.64271"><ele>607</ele></trkpt>
<trkpt lat="47.82141" lon="12.64282"><ele>606</ele></trkpt>
<trkpt lat="47.82149" lon="12.64288"><ele>605</ele></trkpt>
<trkpt lat="47.82154" lon="12.64284"><ele>605</ele></trkpt>
<trkpt lat="47.82197" lon="12.64356"><ele>606</ele></trkpt>
<trkpt lat="47.82204" lon="12.64372"><ele>606</ele></trkpt>
<trkpt lat="47.82232" lon="12.64461"><ele>606</ele></trkpt>
<trkpt lat="47.82243" lon="12.64480"><ele>606</ele></trkpt>
<trkpt lat="47.82260" lon="12.64502"><ele>605</ele></trkpt>
<trkpt lat="47.82275" lon="12.64510"><ele>605</ele></trkpt>
<trkpt lat="47.82267" lon="12.64545"><ele>606</ele></trkpt>
<trkpt lat="47.82273" lon="12.64582"><ele>606</ele></trkpt>
<trkpt lat="47.82274" lon="12.64616"><ele>606</ele></trkpt>
<trkpt lat="47.82272" lon="12.64637"><ele>606</ele></trkpt>
<trkpt lat="47.82251" lon="12.64714"><ele>606</ele></trkpt>
<trkpt lat="47.82229" lon="12.64756"><ele>607</ele></trkpt>
<trkpt lat="47.82201" lon="12.64792"><ele>607</ele></trkpt>
<trkpt lat="47.82185" lon="12.64801"><ele>607</ele></trkpt>
<trkpt lat="47.82140" lon="12.64805"><ele>607</ele></trkpt>
<trkpt lat="47.82002" lon="12.64809"><ele>608</ele></trkpt>
<trkpt lat="47.82038" lon="12.64851"><ele>610</ele></trkpt>
<trkpt lat="47.82119" lon="12.64857"><ele>619</ele></trkpt>
<trkpt lat="47.82177" lon="12.64847"><ele>619</ele></trkpt>
<trkpt lat="47.82199" lon="12.64849"><ele>621</ele></trkpt>
<trkpt lat="47.82156" lon="12.64888"><ele>627</ele></trkpt>
<trkpt lat="47.82107" lon="12.64978"><ele>629</ele></trkpt>
<trkpt lat="47.82100" lon="12.65001"><ele>630</ele></trkpt>
<trkpt lat="47.82100" lon="12.65026"><ele>630</ele></trkpt>
<trkpt lat="47.82104" lon="12.65049"><ele>631</ele></trkpt>
<trkpt lat="47.82099" lon="12.65057"><ele>631</ele></trkpt>
<trkpt lat="47.82099" lon="12.65064"><ele>631</ele></trkpt>
<trkpt lat="47.82104" lon="12.65073"><ele>630</ele></trkpt>
<trkpt lat="47.82113" lon="12.65071"><ele>630</ele></trkpt>
<trkpt lat="47.82243" lon="12.65281"><ele>626</ele></trkpt>
<trkpt lat="47.82266" lon="12.65313"><ele>626</ele></trkpt>
<trkpt lat="47.82269" lon="12.65352"><ele>626</ele></trkpt>
<trkpt lat="47.82245" lon="12.65535"><ele>618</ele></trkpt>
<trkpt lat="47.82235" lon="12.65575"><ele>617</ele></trkpt>
<trkpt lat="47.82227" lon="12.65594"><ele>616</ele></trkpt>
<trkpt lat="47.82215" lon="12.65614"><ele>618</ele></trkpt>
<trkpt lat="47.82192" lon="12.65635"><ele>618</ele></trkpt>
<trkpt lat="47.82170" lon="12.65650"><ele>619</ele></trkpt>
<trkpt lat="47.82144" lon="12.65660"><ele>621</ele></trkpt>
<trkpt lat="47.82126" lon="12.65660"><ele>622</ele></trkpt>
<trkpt lat="47.82053" lon="12.65645"><ele>629</ele></trkpt>
<trkpt lat="47.82036" lon="12.65684"><ele>630</ele></trkpt>
<trkpt lat="47.82015" lon="12.65772"><ele>632</ele></trkpt>
<trkpt lat="47.82007" lon="12.65919"><ele>631</ele></trkpt>
<trkpt lat="47.81997" lon="12.65939"><ele>630</ele></trkpt>
<trkpt lat="47.81988" lon="12.65946"><ele>629</ele></trkpt>
<trkpt lat="47.81946" lon="12.65940"><ele>629</ele></trkpt>
<trkpt lat="47.81943" lon="12.65951"><ele>629</ele></trkpt>
<trkpt lat="47.81915" lon="12.65955"><ele>630</ele></trkpt>
<trkpt lat="47.81930" lon="12.65998"><ele>633</ele></trkpt>
<trkpt lat="47.81932" lon="12.66063"><ele>633</ele></trkpt>
<trkpt lat="47.81913" lon="12.66228"><ele>633</ele></trkpt>
<trkpt lat="47.81911" lon="12.66334"><ele>634</ele></trkpt>
<trkpt lat="47.81914" lon="12.66526"><ele>635</ele></trkpt>
<trkpt lat="47.81917" lon="12.66566"><ele>636</ele></trkpt>
<trkpt lat="47.81916" lon="12.66651"><ele>636</ele></trkpt>
<trkpt lat="47.81929" lon="12.66651"><ele>636</ele></trkpt>
<trkpt lat="47.81933" lon="12.66647"><ele>636</ele></trkpt>
<trkpt lat="47.81934" lon="12.66611"><ele>636</ele></trkpt>
<trkpt lat="47.81956" lon="12.66608"><ele>636</ele></trkpt>
<trkpt lat="47.81991" lon="12.66630"><ele>636</ele></trkpt>
<trkpt lat="47.82011" lon="12.66656"><ele>636</ele></trkpt>
<trkpt lat="47.82024" lon="12.66685"><ele>634</ele></trkpt>
<trkpt lat="47.82036" lon="12.66732"><ele>635</ele></trkpt>
<trkpt lat="47.82041" lon="12.66843"><ele>625</ele></trkpt>
<trkpt lat="47.82050" lon="12.66905"><ele>623</ele></trkpt>
<trkpt lat="47.82061" lon="12.66935"><ele>623</ele></trkpt>
<trkpt lat="47.82076" lon="12.66967"><ele>623</ele></trkpt>
<trkpt lat="47.82130" lon="12.67047"><ele>621</ele></trkpt>
<trkpt lat="47.82161" lon="12.67117"><ele>618</ele></trkpt>
<trkpt lat="47.82177" lon="12.67172"><ele>615</ele></trkpt>
<trkpt lat="47.82183" lon="12.67211"><ele>614</ele></trkpt>
<trkpt lat="47.82185" lon="12.67265"><ele>615</ele></trkpt>
<trkpt lat="47.82185" lon="12.67376"><ele>617</ele></trkpt>
<trkpt lat="47.82190" lon="12.67437"><ele>619</ele></trkpt>
<trkpt lat="47.82212" lon="12.67510"><ele>624</ele></trkpt>
<trkpt lat="47.82272" lon="12.67655"><ele>631</ele></trkpt>
<trkpt lat="47.82260" lon="12.67716"><ele>634</ele></trkpt>
<trkpt lat="47.82256" lon="12.67815"><ele>637</ele></trkpt>
<trkpt lat="47.82249" lon="12.67828"><ele>638</ele></trkpt>
<trkpt lat="47.82242" lon="12.67833"><ele>639</ele></trkpt>
<trkpt lat="47.82210" lon="12.67830"><ele>643</ele></trkpt>
<trkpt lat="47.82182" lon="12.67845"><ele>647</ele></trkpt>
<trkpt lat="47.82176" lon="12.67897"><ele>649</ele></trkpt>
<trkpt lat="47.82153" lon="12.68009"><ele>655</ele></trkpt>
<trkpt lat="47.82153" lon="12.68026"><ele>657</ele></trkpt>
<trkpt lat="47.82175" lon="12.68174"><ele>669</ele></trkpt>
<trkpt lat="47.82195" lon="12.68264"><ele>675</ele></trkpt>
<trkpt lat="47.82191" lon="12.68332"><ele>675</ele></trkpt>
<trkpt lat="47.82169" lon="12.68464"><ele>680</ele></trkpt>
<trkpt lat="47.82157" lon="12.68512"><ele>684</ele></trkpt>
<trkpt lat="47.82148" lon="12.68616"><ele>690</ele></trkpt>
<trkpt lat="47.82143" lon="12.68638"><ele>692</ele></trkpt>
<trkpt lat="47.82121" lon="12.68696"><ele>696</ele></trkpt>
<trkpt lat="47.82109" lon="12.68796"><ele>701</ele></trkpt>
<trkpt lat="47.82088" lon="12.68860"><ele>704</ele></trkpt>
<trkpt lat="47.82071" lon="12.68937"><ele>706</ele></trkpt>
<trkpt lat="47.82029" lon="12.69180"><ele>707</ele></trkpt>
<trkpt lat="47.81999" lon="12.69302"><ele>708</ele></trkpt>
<trkpt lat="47.81978" lon="12.69371"><ele>708</ele></trkpt>
<trkpt lat="47.81961" lon="12.69394"><ele>708</ele></trkpt>
<trkpt lat="47.81948" lon="12.69403"><ele>708</ele></trkpt>
<trkpt lat="47.81932" lon="12.69407"><ele>707</ele></trkpt>
<trkpt lat="47.81901" lon="12.69407"><ele>705</ele></trkpt>
<trkpt lat="47.81889" lon="12.69400"><ele>705</ele></trkpt>
<trkpt lat="47.81865" lon="12.69368"><ele>704</ele></trkpt>
<trkpt lat="47.81822" lon="12.69299"><ele>705</ele></trkpt>
<trkpt lat="47.81807" lon="12.69259"><ele>706</ele></trkpt>
<trkpt lat="47.81750" lon="12.69270"><ele>700</ele></trkpt>
<trkpt lat="47.81729" lon="12.69287"><ele>696</ele></trkpt>
<trkpt lat="47.81722" lon="12.69317"><ele>692</ele></trkpt>
<trkpt lat="47.81722" lon="12.69340"><ele>689</ele></trkpt>
<trkpt lat="47.81732" lon="12.69386"><ele>686</ele></trkpt>
<trkpt lat="47.81729" lon="12.69413"><ele>684</ele></trkpt>
<trkpt lat="47.81721" lon="12.69417"><ele>682</ele></trkpt>
<trkpt lat="47.81688" lon="12.69401"><ele>676</ele></trkpt>
<trkpt lat="47.81657" lon="12.69406"><ele>671</ele></trkpt>
<trkpt lat="47.81649" lon="12.69417"><ele>670</ele></trkpt>
<trkpt lat="47.81625" lon="12.69485"><ele>663</ele></trkpt>
<trkpt lat="47.81621" lon="12.69488"><ele>662</ele></trkpt>
<trkpt lat="47.81610" lon="12.69486"><ele>660</ele></trkpt>
<trkpt lat="47.81599" lon="12.69476"><ele>658</ele></trkpt>
<trkpt lat="47.81588" lon="12.69462"><ele>656</ele></trkpt>
<trkpt lat="47.81581" lon="12.69444"><ele>655</ele></trkpt>
<trkpt lat="47.81566" lon="12.69388"><ele>654</ele></trkpt>
<trkpt lat="47.81510" lon="12.69117"><ele>645</ele></trkpt>
<trkpt lat="47.81482" lon="12.69050"><ele>648</ele></trkpt>
<trkpt lat="47.81463" lon="12.68971"><ele>650</ele></trkpt>
<trkpt lat="47.81451" lon="12.68793"><ele>642</ele></trkpt>
<trkpt lat="47.81442" lon="12.68771"><ele>642</ele></trkpt>
<trkpt lat="47.81405" lon="12.68734"><ele>641</ele></trkpt>
<trkpt lat="47.81386" lon="12.68691"><ele>641</ele></trkpt>
<trkpt lat="47.81384" lon="12.68661"><ele>641</ele></trkpt>
<trkpt lat="47.81387" lon="12.68629"><ele>640</ele></trkpt>
<trkpt lat="47.81401" lon="12.68591"><ele>637</ele></trkpt>
<trkpt lat="47.81417" lon="12.68568"><ele>635</ele></trkpt>
<trkpt lat="47.81424" lon="12.68550"><ele>632</ele></trkpt>
<trkpt lat="47.81422" lon="12.68522"><ele>630</ele></trkpt>
<trkpt lat="47.81419" lon="12.68510"><ele>629</ele></trkpt>
<trkpt lat="47.81408" lon="12.68498"><ele>627</ele></trkpt>
<trkpt lat="47.81392" lon="12.68495"><ele>626</ele></trkpt>
<trkpt lat="47.81388" lon="12.68520"><ele>629</ele></trkpt>
<trkpt lat="47.81375" lon="12.68530"><ele>629</ele></trkpt>
<trkpt lat="47.81302" lon="12.68552"><ele>629</ele></trkpt>
<trkpt lat="47.81253" lon="12.68572"><ele>630</ele></trkpt>
<trkpt lat="47.81224" lon="12.68596"><ele>631</ele></trkpt>
<trkpt lat="47.81191" lon="12.68641"><ele>630</ele></trkpt>
<trkpt lat="47.81166" lon="12.68667"><ele>629</ele></trkpt>
<trkpt lat="47.81110" lon="12.68713"><ele>628</ele></trkpt>
<trkpt lat="47.81109" lon="12.68780"><ele>630</ele></trkpt>
<trkpt lat="47.81114" lon="12.68843"><ele>630</ele></trkpt>
<trkpt lat="47.81113" lon="12.68866"><ele>629</ele></trkpt>
<trkpt lat="47.81107" lon="12.68919"><ele>630</ele></trkpt>
<trkpt lat="47.81098" lon="12.68967"><ele>632</ele></trkpt>
<trkpt lat="47.81092" lon="12.68989"><ele>632</ele></trkpt>
<trkpt lat="47.81063" lon="12.69068"><ele>633</ele></trkpt>
<trkpt lat="47.81039" lon="12.69143"><ele>634</ele></trkpt>
<trkpt lat="47.80979" lon="12.69282"><ele>634</ele></trkpt>
<trkpt lat="47.80929" lon="12.69434"><ele>632</ele></trkpt>
<trkpt lat="47.80906" lon="12.69576"><ele>633</ele></trkpt>
<trkpt lat="47.80901" lon="12.69674"><ele>633</ele></trkpt>
<trkpt lat="47.80879" lon="12.69745"><ele>633</ele></trkpt>
<trkpt lat="47.80845" lon="12.69817"><ele>634</ele></trkpt>
<trkpt lat="47.80829" lon="12.69878"><ele>635</ele></trkpt>
<trkpt lat="47.80813" lon="12.69959"><ele>636</ele></trkpt>
<trkpt lat="47.80816" lon="12.70035"><ele>638</ele></trkpt>
<trkpt lat="47.80808" lon="12.70073"><ele>636</ele></trkpt>
<trkpt lat="47.80790" lon="12.70133"><ele>637</ele></trkpt>
<trkpt lat="47.80765" lon="12.70198"><ele>639</ele></trkpt>
<trkpt lat="47.80758" lon="12.70213"><ele>639</ele></trkpt>
<trkpt lat="47.80744" lon="12.70230"><ele>638</ele></trkpt>
<trkpt lat="47.80709" lon="12.70261"><ele>638</ele></trkpt>
<trkpt lat="47.80696" lon="12.70265"><ele>638</ele></trkpt>
<trkpt lat="47.80564" lon="12.70272"><ele>640</ele></trkpt>
<trkpt lat="47.80529" lon="12.70281"><ele>640</ele></trkpt>
<trkpt lat="47.80445" lon="12.70322"><ele>640</ele></trkpt>
<trkpt lat="47.80265" lon="12.70425"><ele>641</ele></trkpt>
<trkpt lat="47.80205" lon="12.70444"><ele>641</ele></trkpt>
<trkpt lat="47.80197" lon="12.70452"><ele>642</ele></trkpt>
<trkpt lat="47.80185" lon="12.70494"><ele>642</ele></trkpt>
<trkpt lat="47.80175" lon="12.70516"><ele>642</ele></trkpt>
<trkpt lat="47.80147" lon="12.70555"><ele>643</ele></trkpt>
<trkpt lat="47.80142" lon="12.70587"><ele>644</ele></trkpt>
<trkpt lat="47.80123" lon="12.70597"><ele>646</ele></trkpt>
<trkpt lat="47.80098" lon="12.70601"><ele>646</ele></trkpt>
<trkpt lat="47.80081" lon="12.70622"><ele>648</ele></trkpt>
<trkpt lat="47.80073" lon="12.70627"><ele>648</ele></trkpt>
<trkpt lat="47.80054" lon="12.70653"><ele>648</ele></trkpt>
<trkpt lat="47.80040" lon="12.70643"><ele>648</ele></trkpt>
<trkpt lat="47.80025" lon="12.70638"><ele>649</ele></trkpt>
<trkpt lat="47.79957" lon="12.70666"><ele>649</ele></trkpt>
<trkpt lat="47.79866" lon="12.70673"><ele>647</ele></trkpt>
<trkpt lat="47.79845" lon="12.70679"><ele>647</ele></trkpt>
<trkpt lat="47.79805" lon="12.70707"><ele>647</ele></trkpt>
<trkpt lat="47.79737" lon="12.70788"><ele>648</ele></trkpt>
<trkpt lat="47.79636" lon="12.70865"><ele>650</ele></trkpt>
<trkpt lat="47.79600" lon="12.70909"><ele>650</ele></trkpt>
<trkpt lat="47.79575" lon="12.70956"><ele>650</ele></trkpt>
<trkpt lat="47.79521" lon="12.71131"><ele>652</ele></trkpt>
<trkpt lat="47.79509" lon="12.71163"><ele>653</ele></trkpt>
<trkpt lat="47.79494" lon="12.71190"><ele>653</ele></trkpt>
<trkpt lat="47.79469" lon="12.71222"><ele>653</ele></trkpt>
<trkpt lat="47.79368" lon="12.71312"><ele>654</ele></trkpt>
<trkpt lat="47.79337" lon="12.71331"><ele>655</ele></trkpt>
<trkpt lat="47.79287" lon="12.71337"><ele>656</ele></trkpt>
<trkpt lat="47.79282" lon="12.71421"><ele>658</ele></trkpt>
<trkpt lat="47.79277" lon="12.71447"><ele>657</ele></trkpt>
<trkpt lat="47.79257" lon="12.71492"><ele>658</ele></trkpt>
<trkpt lat="47.79216" lon="12.71556"><ele>658</ele></trkpt>
<trkpt lat="47.79178" lon="12.71604"><ele>657</ele></trkpt>
<trkpt lat="47.79140" lon="12.71644"><ele>658</ele></trkpt>
<trkpt lat="47.78928" lon="12.71840"><ele>662</ele></trkpt>
<trkpt lat="47.78909" lon="12.71871"><ele>663</ele></trkpt>
<trkpt lat="47.78867" lon="12.71972"><ele>663</ele></trkpt>
<trkpt lat="47.78840" lon="12.72027"><ele>664</ele></trkpt>
<trkpt lat="47.78820" lon="12.72056"><ele>664</ele></trkpt>
<trkpt lat="47.78794" lon="12.72086"><ele>664</ele></trkpt>
<trkpt lat="47.78771" lon="12.72105"><ele>665</ele></trkpt>
<trkpt lat="47.78732" lon="12.72129"><ele>666</ele></trkpt>
<trkpt lat="47.78673" lon="12.72149"><ele>665</ele></trkpt>
<trkpt lat="47.78506" lon="12.72165"><ele>667</ele></trkpt>
<trkpt lat="47.78467" lon="12.72162"><ele>668</ele></trkpt>
<trkpt lat="47.78217" lon="12.72113"><ele>671</ele></trkpt>
<trkpt lat="47.78164" lon="12.72110"><ele>672</ele></trkpt>
<trkpt lat="47.78111" lon="12.72116"><ele>674</ele></trkpt>
<trkpt lat="47.78071" lon="12.72131"><ele>675</ele></trkpt>
<trkpt lat="47.77963" lon="12.72194"><ele>676</ele></trkpt>
<trkpt lat="47.77932" lon="12.72221"><ele>678</ele></trkpt>
<trkpt lat="47.77889" lon="12.72306"><ele>677</ele></trkpt>
<trkpt lat="47.77844" lon="12.72347"><ele>680</ele></trkpt>
<trkpt lat="47.77820" lon="12.72362"><ele>679</ele></trkpt>
<trkpt lat="47.77747" lon="12.72389"><ele>682</ele></trkpt>
<trkpt lat="47.77717" lon="12.72384"><ele>682</ele></trkpt>
<trkpt lat="47.77711" lon="12.72389"><ele>682</ele></trkpt>
<trkpt lat="47.77707" lon="12.72401"><ele>685</ele></trkpt>
<trkpt lat="47.77631" lon="12.72400"><ele>682</ele></trkpt>
<trkpt lat="47.77591" lon="12.72469"><ele>683</ele></trkpt>
<trkpt lat="47.77584" lon="12.72607"><ele>681</ele></trkpt>
<trkpt lat="47.77555" lon="12.72752"><ele>681</ele></trkpt>
<trkpt lat="47.77571" lon="12.72831"><ele>681</ele></trkpt>
<trkpt lat="47.77571" lon="12.72863"><ele>681</ele></trkpt>
<trkpt lat="47.77568" lon="12.72882"><ele>680</ele></trkpt>
<trkpt lat="47.77560" lon="12.72906"><ele>681</ele></trkpt>
<trkpt lat="47.77527" lon="12.72974"><ele>681</ele></trkpt>
<trkpt lat="47.77531" lon="12.73028"><ele>682</ele></trkpt>
<trkpt lat="47.77487" lon="12.73097"><ele>681</ele></trkpt>
<trkpt lat="47.77482" lon="12.73146"><ele>681</ele></trkpt>
<trkpt lat="47.77456" lon="12.73216"><ele>681</ele></trkpt>
<trkpt lat="47.77438" lon="12.73242"><ele>681</ele></trkpt>
<trkpt lat="47.77431" lon="12.73286"><ele>681</ele></trkpt>
<trkpt lat="47.77420" lon="12.73314"><ele>681</ele></trkpt>
<trkpt lat="47.77417" lon="12.73400"><ele>682</ele></trkpt>
<trkpt lat="47.77408" lon="12.73409"><ele>682</ele></trkpt>
<trkpt lat="47.77386" lon="12.73415"><ele>682</ele></trkpt>
<trkpt lat="47.77358" lon="12.73454"><ele>682</ele></trkpt>
<trkpt lat="47.77331" lon="12.73465"><ele>682</ele></trkpt>
<trkpt lat="47.77310" lon="12.73498"><ele>682</ele></trkpt>
<trkpt lat="47.77301" lon="12.73516"><ele>682</ele></trkpt>
<trkpt lat="47.77272" lon="12.73642"><ele>683</ele></trkpt>
<trkpt lat="47.77270" lon="12.73726"><ele>683</ele></trkpt>
<trkpt lat="47.77289" lon="12.73841"><ele>684</ele></trkpt>
<trkpt lat="47.77287" lon="12.73877"><ele>684</ele></trkpt>
<trkpt lat="47.77249" lon="12.73994"><ele>685</ele></trkpt>
<trkpt lat="47.77264" lon="12.74026"><ele>686</ele></trkpt>
<trkpt lat="47.77312" lon="12.74094"><ele>687</ele></trkpt>
<trkpt lat="47.77322" lon="12.74116"><ele>688</ele></trkpt>
<trkpt lat="47.77346" lon="12.74216"><ele>689</ele></trkpt>
<trkpt lat="47.77383" lon="12.74296"><ele>690</ele></trkpt>
<trkpt lat="47.77388" lon="12.74318"><ele>691</ele></trkpt>
<trkpt lat="47.77399" lon="12.74312"><ele>692</ele></trkpt>
<trkpt lat="47.77409" lon="12.74313"><ele>692</ele></trkpt>
<trkpt lat="47.77391" lon="12.74334"><ele>692</ele></trkpt>
<trkpt lat="47.77365" lon="12.74342"><ele>692</ele></trkpt>
<trkpt lat="47.77332" lon="12.74359"><ele>690</ele></trkpt>
<trkpt lat="47.77290" lon="12.74389"><ele>690</ele></trkpt>
<trkpt lat="47.77192" lon="12.74478"><ele>691</ele></trkpt>
<trkpt lat="47.77152" lon="12.74506"><ele>691</ele></trkpt>
<trkpt lat="47.77036" lon="12.74564"><ele>691</ele></trkpt>
<trkpt lat="47.76834" lon="12.74650"><ele>690</ele></trkpt>
<trkpt lat="47.76691" lon="12.74733"><ele>690</ele></trkpt>
<trkpt lat="47.76679" lon="12.74743"><ele>690</ele></trkpt>
<trkpt lat="47.76644" lon="12.74791"><ele>690</ele></trkpt>
<trkpt lat="47.76624" lon="12.74771"><ele>690</ele></trkpt>
<trkpt lat="47.76615" lon="12.74766"><ele>690</ele></trkpt>
<trkpt lat="47.76556" lon="12.74782"><ele>691</ele></trkpt>
<trkpt lat="47.76447" lon="12.74819"><ele>692</ele></trkpt>
<trkpt lat="47.76302" lon="12.74875"><ele>691</ele></trkpt>
<trkpt lat="47.76297" lon="12.74882"><ele>691</ele></trkpt>
<trkpt lat="47.76264" lon="12.74894"><ele>692</ele></trkpt>
<trkpt lat="47.76259" lon="12.74905"><ele>692</ele></trkpt>
<trkpt lat="47.76250" lon="12.74906"><ele>692</ele></trkpt>
<trkpt lat="47.76240" lon="12.74898"><ele>692</ele></trkpt>
<trkpt lat="47.76044" lon="12.74975"><ele>689</ele></trkpt>
<trkpt lat="47.75948" lon="12.75008"><ele>689</ele></trkpt>
<trkpt lat="47.75809" lon="12.75007"><ele>690</ele></trkpt>
<trkpt lat="47.75699" lon="12.75032"><ele>691</ele></trkpt>
<trkpt lat="47.75603" lon="12.75037"><ele>690</ele></trkpt>
<trkpt lat="47.75557" lon="12.75046"><ele>688</ele></trkpt>
<trkpt lat="47.75476" lon="12.75050"><ele>690</ele></trkpt>
<trkpt lat="47.75467" lon="12.75047"><ele>690</ele></trkpt>
<trkpt lat="47.75450" lon="12.75048"><ele>690</ele></trkpt>
<trkpt lat="47.75446" lon="12.75053"><ele>690</ele></trkpt>
<trkpt lat="47.75336" lon="12.75058"><ele>694</ele></trkpt>
<trkpt lat="47.75322" lon="12.75072"><ele>694</ele></trkpt>
<trkpt lat="47.75317" lon="12.75145"><ele>692</ele></trkpt>
<trkpt lat="47.75261" lon="12.75129"><ele>693</ele></trkpt>
<trkpt lat="47.75205" lon="12.75097"><ele>693</ele></trkpt>
<trkpt lat="47.75175" lon="12.75095"><ele>692</ele></trkpt>
<trkpt lat="47.75160" lon="12.75150"><ele>692</ele></trkpt>
<trkpt lat="47.75157" lon="12.75185"><ele>692</ele></trkpt>
<trkpt lat="47.75159" lon="12.75203"><ele>692</ele></trkpt>
<trkpt lat="47.75125" lon="12.75205"><ele>694</ele></trkpt>
<trkpt lat="47.75083" lon="12.75196"><ele>692</ele></trkpt>
<trkpt lat="47.75034" lon="12.75174"><ele>694</ele></trkpt>
<trkpt lat="47.74989" lon="12.75177"><ele>694</ele></trkpt>
<trkpt lat="47.74881" lon="12.75143"><ele>695</ele></trkpt>
<trkpt lat="47.74838" lon="12.75100"><ele>701</ele></trkpt>
<trkpt lat="47.74824" lon="12.75080"><ele>704</ele></trkpt>
<trkpt lat="47.74791" lon="12.75015"><ele>708</ele></trkpt>
<trkpt lat="47.74774" lon="12.75000"><ele>708</ele></trkpt>
<trkpt lat="47.74695" lon="12.75018"><ele>712</ele></trkpt>
<trkpt lat="47.74670" lon="12.75029"><ele>711</ele></trkpt>
<trkpt lat="47.74527" lon="12.75019"><ele>714</ele></trkpt>
<trkpt lat="47.74484" lon="12.75026"><ele>712</ele></trkpt>
<trkpt lat="47.74420" lon="12.75059"><ele>714</ele></trkpt>
<trkpt lat="47.74323" lon="12.75137"><ele>712</ele></trkpt>
<trkpt lat="47.74247" lon="12.75185"><ele>712</ele></trkpt>
<trkpt lat="47.74213" lon="12.75252"><ele>712</ele></trkpt>
<trkpt lat="47.74189" lon="12.75290"><ele>711</ele></trkpt>
<trkpt lat="47.74145" lon="12.75335"><ele>710</ele></trkpt>
<trkpt lat="47.74129" lon="12.75374"><ele>710</ele></trkpt>
<trkpt lat="47.74124" lon="12.75413"><ele>711</ele></trkpt>
<trkpt lat="47.74122" lon="12.75452"><ele>712</ele></trkpt>
<trkpt lat="47.74094" lon="12.75576"><ele>714</ele></trkpt>
<trkpt lat="47.74077" lon="12.75621"><ele>716</ele></trkpt>
<trkpt lat="47.74050" lon="12.75663"><ele>716</ele></trkpt>
<trkpt lat="47.74039" lon="12.75694"><ele>716</ele></trkpt>
<trkpt lat="47.74037" lon="12.75726"><ele>715</ele></trkpt>
<trkpt lat="47.74051" lon="12.75772"><ele>714</ele></trkpt>
<trkpt lat="47.74053" lon="12.75801"><ele>714</ele></trkpt>
<trkpt lat="47.73998" lon="12.75804"><ele>714</ele></trkpt>
<trkpt lat="47.73979" lon="12.75815"><ele>715</ele></trkpt>
<trkpt lat="47.73951" lon="12.75802"><ele>718</ele></trkpt>
<trkpt lat="47.73928" lon="12.75765"><ele>720</ele></trkpt>
<trkpt lat="47.73873" lon="12.75707"><ele>720</ele></trkpt>
<trkpt lat="47.73817" lon="12.75687"><ele>721</ele></trkpt>
<trkpt lat="47.73741" lon="12.75691"><ele>722</ele></trkpt>
<trkpt lat="47.73713" lon="12.75712"><ele>723</ele></trkpt>
<trkpt lat="47.73702" lon="12.75714"><ele>724</ele></trkpt>
<trkpt lat="47.73635" lon="12.75706"><ele>723</ele></trkpt>
<trkpt lat="47.73593" lon="12.75690"><ele>722</ele></trkpt>
<trkpt lat="47.73575" lon="12.75688"><ele>722</ele></trkpt>
<trkpt lat="47.73532" lon="12.75707"><ele>724</ele></trkpt>
<trkpt lat="47.73495" lon="12.75710"><ele>727</ele></trkpt>
<trkpt lat="47.73474" lon="12.75699"><ele>726</ele></trkpt>
<trkpt lat="47.73426" lon="12.75658"><ele>725</ele></trkpt>
<trkpt lat="47.73410" lon="12.75651"><ele>725</ele></trkpt>
<trkpt lat="47.73373" lon="12.75651"><ele>733</ele></trkpt>
<trkpt lat="47.73325" lon="12.75620"><ele>729</ele></trkpt>
<trkpt lat="47.73304" lon="12.75618"><ele>729</ele></trkpt>
<trkpt lat="47.73267" lon="12.75623"><ele>728</ele></trkpt>
<trkpt lat="47.73223" lon="12.75633"><ele>728</ele></trkpt>
<trkpt lat="47.73195" lon="12.75623"><ele>726</ele></trkpt>
<trkpt lat="47.73172" lon="12.75608"><ele>726</ele></trkpt>
<trkpt lat="47.73161" lon="12.75614"><ele>727</ele></trkpt>
<trkpt lat="47.73152" lon="12.75625"><ele>726</ele></trkpt>
<trkpt lat="47.73137" lon="12.75657"><ele>728</ele></trkpt>
<trkpt lat="47.73132" lon="12.75684"><ele>727</ele></trkpt>
<trkpt lat="47.73112" lon="12.75723"><ele>727</ele></trkpt>
<trkpt lat="47.73042" lon="12.75825"><ele>712</ele></trkpt>
<trkpt lat="47.73033" lon="12.75833"><ele>710</ele></trkpt>
<trkpt lat="47.73018" lon="12.75838"><ele>707</ele></trkpt>
<trkpt lat="47.72976" lon="12.75872"><ele>701</ele></trkpt>
<trkpt lat="47.72971" lon="12.75869"><ele>699</ele></trkpt>
<trkpt lat="47.73016" lon="12.75744"><ele>687</ele></trkpt>
<trkpt lat="47.73017" lon="12.75727"><ele>685</ele></trkpt>
<trkpt lat="47.73013" lon="12.75727"><ele>683</ele></trkpt>
<trkpt lat="47.72996" lon="12.75743"><ele>680</ele></trkpt>
<trkpt lat="47.72922" lon="12.75786"><ele>666</ele></trkpt>
<trkpt lat="47.72868" lon="12.75860"><ele>658</ele></trkpt>
<trkpt lat="47.72857" lon="12.75882"><ele>655</ele></trkpt>
<trkpt lat="47.72848" lon="12.75890"><ele>653</ele></trkpt>
<trkpt lat="47.72845" lon="12.75875"><ele>650</ele></trkpt>
<trkpt lat="47.72852" lon="12.75848"><ele>651</ele></trkpt>
<trkpt lat="47.72857" lon="12.75833"><ele>652</ele></trkpt>
<trkpt lat="47.72878" lon="12.75799"><ele>648</ele></trkpt>
<trkpt lat="47.72886" lon="12.75774"><ele>644</ele></trkpt>
<trkpt lat="47.72888" lon="12.75726"><ele>639</ele></trkpt>
<trkpt lat="47.72883" lon="12.75721"><ele>638</ele></trkpt>
<trkpt lat="47.72875" lon="12.75760"><ele>638</ele></trkpt>
<trkpt lat="47.72862" lon="12.75787"><ele>638</ele></trkpt>
<trkpt lat="47.72852" lon="12.75802"><ele>638</ele></trkpt>
<trkpt lat="47.72798" lon="12.75863"><ele>635</ele></trkpt>
<trkpt lat="47.72746" lon="12.75955"><ele>634</ele></trkpt>
<trkpt lat="47.72734" lon="12.75951"><ele>633</ele></trkpt>
<trkpt lat="47.72718" lon="12.75970"><ele>631</ele></trkpt>
<trkpt lat="47.72694" lon="12.76014"><ele>630</ele></trkpt>
<trkpt lat="47.72689" lon="12.76045"><ele>631</ele></trkpt>
<trkpt lat="47.72680" lon="12.76063"><ele>630</ele></trkpt>
<trkpt lat="47.72645" lon="12.76116"><ele>629</ele></trkpt>
<trkpt lat="47.72576" lon="12.76210"><ele>628</ele></trkpt>
<trkpt lat="47.72565" lon="12.76209"><ele>626</ele></trkpt>
<trkpt lat="47.72566" lon="12.76181"><ele>626</ele></trkpt>
<trkpt lat="47.72583" lon="12.76069"><ele>623</ele></trkpt>
<trkpt lat="47.72581" lon="12.76032"><ele>624</ele></trkpt>
<trkpt lat="47.72563" lon="12.76047"><ele>627</ele></trkpt>
<trkpt lat="47.72527" lon="12.76118"><ele>625</ele></trkpt>
<trkpt lat="47.72472" lon="12.76174"><ele>628</ele></trkpt>
<trkpt lat="47.72442" lon="12.76243"><ele>626</ele></trkpt>
<trkpt lat="47.72435" lon="12.76253"><ele>625</ele></trkpt>
<trkpt lat="47.72421" lon="12.76259"><ele>625</ele></trkpt>
<trkpt lat="47.72404" lon="12.76256"><ele>627</ele></trkpt>
<trkpt lat="47.72376" lon="12.76230"><ele>628</ele></trkpt>
<trkpt lat="47.72328" lon="12.76271"><ele>627</ele></trkpt>
<trkpt lat="47.72299" lon="12.76303"><ele>627</ele></trkpt>
<trkpt lat="47.72344" lon="12.76346"><ele>624</ele></trkpt>
<trkpt lat="47.72347" lon="12.76351"><ele>622</ele></trkpt>
<trkpt lat="47.72344" lon="12.76367"><ele>621</ele></trkpt>
<trkpt lat="47.72297" lon="12.76413"><ele>620</ele></trkpt>
<trkpt lat="47.72223" lon="12.76435"><ele>623</ele></trkpt>
<trkpt lat="47.72195" lon="12.76460"><ele>622</ele></trkpt>
<trkpt lat="47.72191" lon="12.76471"><ele>621</ele></trkpt>
<trkpt lat="47.72191" lon="12.76504"><ele>620</ele></trkpt>
<trkpt lat="47.72185" lon="12.76519"><ele>620</ele></trkpt>
<trkpt lat="47.72154" lon="12.76533"><ele>620</ele></trkpt>
<trkpt lat="47.72101" lon="12.76605"><ele>618</ele></trkpt>
<trkpt lat="47.72084" lon="12.76612"><ele>619</ele></trkpt>
<trkpt lat="47.72073" lon="12.76637"><ele>618</ele></trkpt>
<trkpt lat="47.72039" lon="12.76683"><ele>617</ele></trkpt>
<trkpt lat="47.72007" lon="12.76750"><ele>615</ele></trkpt>
<trkpt lat="47.71956" lon="12.76808"><ele>614</ele></trkpt>
<trkpt lat="47.71937" lon="12.76845"><ele>613</ele></trkpt>
<trkpt lat="47.71933" lon="12.76861"><ele>614</ele></trkpt>
<trkpt lat="47.71923" lon="12.76954"><ele>612</ele></trkpt>
<trkpt lat="47.71916" lon="12.76982"><ele>612</ele></trkpt>
<trkpt lat="47.71888" lon="12.77055"><ele>610</ele></trkpt>
<trkpt lat="47.71852" lon="12.77118"><ele>608</ele></trkpt>
<trkpt lat="47.71757" lon="12.77239"><ele>606</ele></trkpt>
<trkpt lat="47.71727" lon="12.77269"><ele>605</ele></trkpt>
<trkpt lat="47.71671" lon="12.77310"><ele>604</ele></trkpt>
<trkpt lat="47.71648" lon="12.77332"><ele>603</ele></trkpt>
<trkpt lat="47.71632" lon="12.77355"><ele>603</ele></trkpt>
<trkpt lat="47.71593" lon="12.77435"><ele>603</ele></trkpt>
<trkpt lat="47.71611" lon="12.77466"><ele>602</ele></trkpt>
<trkpt lat="47.71598" lon="12.77492"><ele>601</ele></trkpt>
<trkpt lat="47.71548" lon="12.77551"><ele>600</ele></trkpt>
<trkpt lat="47.71496" lon="12.77599"><ele>600</ele></trkpt>
<trkpt lat="47.71439" lon="12.77642"><ele>599</ele></trkpt>
<trkpt lat="47.71354" lon="12.77693"><ele>597</ele></trkpt>
<trkpt lat="47.71340" lon="12.77717"><ele>595</ele></trkpt>
<trkpt lat="47.71322" lon="12.77764"><ele>594</ele></trkpt>
<trkpt lat="47.71311" lon="12.77815"><ele>593</ele></trkpt>
<trkpt lat="47.71304" lon="12.77928"><ele>593</ele></trkpt>
<trkpt lat="47.71297" lon="12.77949"><ele>594</ele></trkpt>
<trkpt lat="47.71274" lon="12.77983"><ele>591</ele></trkpt>
<trkpt lat="47.71235" lon="12.78028"><ele>591</ele></trkpt>
<trkpt lat="47.71196" lon="12.78158"><ele>597</ele></trkpt>
<trkpt lat="47.71184" lon="12.78230"><ele>603</ele></trkpt>
<trkpt lat="47.71185" lon="12.78271"><ele>607</ele></trkpt>
<trkpt lat="47.71175" lon="12.78305"><ele>610</ele></trkpt>
<trkpt lat="47.71174" lon="12.78359"><ele>620</ele></trkpt>
<trkpt lat="47.71151" lon="12.78419"><ele>625</ele></trkpt>
<trkpt lat="47.71151" lon="12.78450"><ele>626</ele></trkpt>
<trkpt lat="47.71155" lon="12.78447"><ele>627</ele></trkpt>
<trkpt lat="47.71167" lon="12.78423"><ele>630</ele></trkpt>
<trkpt lat="47.71173" lon="12.78424"><ele>630</ele></trkpt>
<trkpt lat="47.71166" lon="12.78481"><ele>630</ele></trkpt>
<trkpt lat="47.71166" lon="12.78492"><ele>629</ele></trkpt>
<trkpt lat="47.71172" lon="12.78509"><ele>630</ele></trkpt>
<trkpt lat="47.71170" lon="12.78545"><ele>630</ele></trkpt>
<trkpt lat="47.71173" lon="12.78555"><ele>630</ele></trkpt>
<trkpt lat="47.71187" lon="12.78575"><ele>626</ele></trkpt>
<trkpt lat="47.71218" lon="12.78593"><ele>633</ele></trkpt>
<trkpt lat="47.71245" lon="12.78630"><ele>631</ele></trkpt>
<trkpt lat="47.71243" lon="12.78657"><ele>633</ele></trkpt>
<trkpt lat="47.71238" lon="12.78664"><ele>634</ele></trkpt>
<trkpt lat="47.71224" lon="12.78673"><ele>632</ele></trkpt>
<trkpt lat="47.71198" lon="12.78679"><ele>632</ele></trkpt>
<trkpt lat="47.71199" lon="12.78757"><ele>637</ele></trkpt>
<trkpt lat="47.71182" lon="12.78865"><ele>638</ele></trkpt>
<trkpt lat="47.71159" lon="12.78939"><ele>639</ele></trkpt>
<trkpt lat="47.71158" lon="12.78962"><ele>641</ele></trkpt>
<trkpt lat="47.71170" lon="12.79124"><ele>638</ele></trkpt>
<trkpt lat="47.71167" lon="12.79161"><ele>639</ele></trkpt>
<trkpt lat="47.71162" lon="12.79178"><ele>639</ele></trkpt>
<trkpt lat="47.71149" lon="12.79201"><ele>639</ele></trkpt>
<trkpt lat="47.71128" lon="12.79220"><ele>640</ele></trkpt>
<trkpt lat="47.70943" lon="12.79340"><ele>642</ele></trkpt>
<trkpt lat="47.70924" lon="12.79365"><ele>644</ele></trkpt>
<trkpt lat="47.70860" lon="12.79501"><ele>641</ele></trkpt>
<trkpt lat="47.70834" lon="12.79568"><ele>638</ele></trkpt>
<trkpt lat="47.70817" lon="12.79590"><ele>634</ele></trkpt>
<trkpt lat="47.70778" lon="12.79616"><ele>636</ele></trkpt>
<trkpt lat="47.70751" lon="12.79657"><ele>642</ele></trkpt>
<trkpt lat="47.70710" lon="12.79711"><ele>642</ele></trkpt>
<trkpt lat="47.70646" lon="12.79837"><ele>635</ele></trkpt>
<trkpt lat="47.70597" lon="12.79943"><ele>635</ele></trkpt>
<trkpt lat="47.70582" lon="12.79963"><ele>632</ele></trkpt>
<trkpt lat="47.70512" lon="12.80013"><ele>626</ele></trkpt>
<trkpt lat="47.70501" lon="12.80024"><ele>627</ele></trkpt>
<trkpt lat="47.70487" lon="12.80049"><ele>627</ele></trkpt>
<trkpt lat="47.70480" lon="12.80066"><ele>627</ele></trkpt>
<trkpt lat="47.70474" lon="12.80097"><ele>626</ele></trkpt>
<trkpt lat="47.70481" lon="12.80244"><ele>626</ele></trkpt>
<trkpt lat="47.70466" lon="12.80512"><ele>615</ele></trkpt>
<trkpt lat="47.70468" lon="12.80620"><ele>618</ele></trkpt>
<trkpt lat="47.70459" lon="12.80650"><ele>618</ele></trkpt>
<trkpt lat="47.70458" lon="12.80669"><ele>618</ele></trkpt>
<trkpt lat="47.70465" lon="12.80684"><ele>618</ele></trkpt>
<trkpt lat="47.70483" lon="12.80702"><ele>617</ele></trkpt>
<trkpt lat="47.70507" lon="12.80770"><ele>618</ele></trkpt>
<trkpt lat="47.70532" lon="12.80819"><ele>616</ele></trkpt>
<trkpt lat="47.70573" lon="12.80880"><ele>616</ele></trkpt>
<trkpt lat="47.70608" lon="12.80915"><ele>615</ele></trkpt>
<trkpt lat="47.70643" lon="12.80928"><ele>615</ele></trkpt>
<trkpt lat="47.70676" lon="12.80929"><ele>615</ele></trkpt>
<trkpt lat="47.70801" lon="12.80894"><ele>630</ele></trkpt>
<trkpt lat="47.70823" lon="12.80893"><ele>614</ele></trkpt>
<trkpt lat="47.70855" lon="12.80898"><ele>606</ele></trkpt>
<trkpt lat="47.70894" lon="12.80919"><ele>606</ele></trkpt>
<trkpt lat="47.70933" lon="12.80953"><ele>603</ele></trkpt>
<trkpt lat="47.70957" lon="12.80979"><ele>597</ele></trkpt>
<trkpt lat="47.70983" lon="12.80998"><ele>598</ele></trkpt>
<trkpt lat="47.71059" lon="12.81031"><ele>592</ele></trkpt>
<trkpt lat="47.71078" lon="12.81048"><ele>590</ele></trkpt>
<trkpt lat="47.71088" lon="12.81059"><ele>590</ele></trkpt>
<trkpt lat="47.71155" lon="12.81175"><ele>584</ele></trkpt>
<trkpt lat="47.71240" lon="12.81267"><ele>576</ele></trkpt>
<trkpt lat="47.71253" lon="12.81286"><ele>576</ele></trkpt>
<trkpt lat="47.71311" lon="12.81408"><ele>568</ele></trkpt>
<trkpt lat="47.71434" lon="12.81593"><ele>555</ele></trkpt>
<trkpt lat="47.71533" lon="12.81706"><ele>546</ele></trkpt>
<trkpt lat="47.71552" lon="12.81747"><ele>546</ele></trkpt>
<trkpt lat="47.71605" lon="12.81894"><ele>541</ele></trkpt>
<trkpt lat="47.71646" lon="12.81845"><ele>538</ele></trkpt>
<trkpt lat="47.71664" lon="12.81839"><ele>536</ele></trkpt>
<trkpt lat="47.71674" lon="12.81841"><ele>535</ele></trkpt>
<trkpt lat="47.71693" lon="12.81861"><ele>532</ele></trkpt>
<trkpt lat="47.71730" lon="12.81931"><ele>531</ele></trkpt>
<trkpt lat="47.71777" lon="12.81995"><ele>532</ele></trkpt>
<trkpt lat="47.71801" lon="12.82020"><ele>533</ele></trkpt>
<trkpt lat="47.71860" lon="12.82053"><ele>532</ele></trkpt>
<trkpt lat="47.71877" lon="12.82067"><ele>532</ele></trkpt>
<trkpt lat="47.71935" lon="12.82164"><ele>531</ele></trkpt>
<trkpt lat="47.71977" lon="12.82266"><ele>536</ele></trkpt>
<trkpt lat="47.72069" lon="12.82448"><ele>539</ele></trkpt>
<trkpt lat="47.72075" lon="12.82467"><ele>539</ele></trkpt>
<trkpt lat="47.72077" lon="12.82516"><ele>538</ele></trkpt>
<trkpt lat="47.72082" lon="12.82540"><ele>539</ele></trkpt>
<trkpt lat="47.72103" lon="12.82588"><ele>542</ele></trkpt>
<trkpt lat="47.72125" lon="12.82695"><ele>542</ele></trkpt>
<trkpt lat="47.72148" lon="12.82766"><ele>542</ele></trkpt>
<trkpt lat="47.72165" lon="12.82808"><ele>542</ele></trkpt>
<trkpt lat="47.72169" lon="12.82846"><ele>543</ele></trkpt>
<trkpt lat="47.72170" lon="12.82886"><ele>545</ele></trkpt>
<trkpt lat="47.72175" lon="12.82920"><ele>548</ele></trkpt>
<trkpt lat="47.72214" lon="12.83025"><ele>547</ele></trkpt>
<trkpt lat="47.72221" lon="12.83056"><ele>548</ele></trkpt>
<trkpt lat="47.72226" lon="12.83111"><ele>551</ele></trkpt>
<trkpt lat="47.72223" lon="12.83203"><ele>555</ele></trkpt>
<trkpt lat="47.72198" lon="12.83202"><ele>551</ele></trkpt>
<trkpt lat="47.72162" lon="12.83211"><ele>549</ele></trkpt>
<trkpt lat="47.72127" lon="12.83199"><ele>548</ele></trkpt>
<trkpt lat="47.72111" lon="12.83209"><ele>548</ele></trkpt>
<trkpt lat="47.72080" lon="12.83243"><ele>546</ele></trkpt>
<trkpt lat="47.72066" lon="12.83247"><ele>547</ele></trkpt>
<trkpt lat="47.72051" lon="12.83234"><ele>547</ele></trkpt>
<trkpt lat="47.72012" lon="12.83160"><ele>544</ele></trkpt>
<trkpt lat="47.71977" lon="12.83116"><ele>538</ele></trkpt>
<trkpt lat="47.71958" lon="12.83101"><ele>537</ele></trkpt>
<trkpt lat="47.71932" lon="12.83087"><ele>534</ele></trkpt>
<trkpt lat="47.71922" lon="12.83088"><ele>534</ele></trkpt>
<trkpt lat="47.71891" lon="12.83107"><ele>532</ele></trkpt>
<trkpt lat="47.71843" lon="12.83164"><ele>529</ele></trkpt>
<trkpt lat="47.71838" lon="12.83286"><ele>531</ele></trkpt>
<trkpt lat="47.71823" lon="12.83493"><ele>533</ele></trkpt>
<trkpt lat="47.71825" lon="12.83659"><ele>524</ele></trkpt>
<trkpt lat="47.71817" lon="12.83700"><ele>522</ele></trkpt>
<trkpt lat="47.71803" lon="12.83735"><ele>520</ele></trkpt>
<trkpt lat="47.71782" lon="12.83809"><ele>516</ele></trkpt>
<trkpt lat="47.71774" lon="12.83862"><ele>512</ele></trkpt>
<trkpt lat="47.71770" lon="12.83922"><ele>510</ele></trkpt>
<trkpt lat="47.71770" lon="12.84012"><ele>506</ele></trkpt>
<trkpt lat="47.71779" lon="12.84128"><ele>502</ele></trkpt>
<trkpt lat="47.71800" lon="12.84215"><ele>500</ele></trkpt>
<trkpt lat="47.71846" lon="12.84344"><ele>494</ele></trkpt>
<trkpt lat="47.71854" lon="12.84413"><ele>490</ele></trkpt>
<trkpt lat="47.71867" lon="12.84462"><ele>488</ele></trkpt>
<trkpt lat="47.71871" lon="12.84474"><ele>487</ele></trkpt>
<trkpt lat="47.71886" lon="12.84492"><ele>486</ele></trkpt>
<trkpt lat="47.71962" lon="12.84569"><ele>483</ele></trkpt>
<trkpt lat="47.71978" lon="12.84596"><ele>483</ele></trkpt>
<trkpt lat="47.71985" lon="12.84618"><ele>482</ele></trkpt>
<trkpt lat="47.72000" lon="12.84775"><ele>479</ele></trkpt>
<trkpt lat="47.72019" lon="12.84845"><ele>478</ele></trkpt>
<trkpt lat="47.72037" lon="12.84934"><ele>473</ele></trkpt>
<trkpt lat="47.72044" lon="12.85055"><ele>470</ele></trkpt>
<trkpt lat="47.72043" lon="12.85074"><ele>470</ele></trkpt>
<trkpt lat="47.72032" lon="12.85078"><ele>470</ele></trkpt>
<trkpt lat="47.72028" lon="12.85224"><ele>468</ele></trkpt>
<trkpt lat="47.72023" lon="12.85259"><ele>468</ele></trkpt>
<trkpt lat="47.72024" lon="12.85285"><ele>468</ele></trkpt>
<trkpt lat="47.72021" lon="12.85354"><ele>467</ele></trkpt>
<trkpt lat="47.71969" lon="12.85474"><ele>468</ele></trkpt>
<trkpt lat="47.71985" lon="12.85657"><ele>468</ele></trkpt>
<trkpt lat="47.71994" lon="12.85798"><ele>468</ele></trkpt>
<trkpt lat="47.71981" lon="12.85848"><ele>468</ele></trkpt>
<trkpt lat="47.71965" lon="12.85878"><ele>468</ele></trkpt>
<trkpt lat="47.71951" lon="12.85896"><ele>469</ele></trkpt>
<trkpt lat="47.71926" lon="12.85914"><ele>470</ele></trkpt>
<trkpt lat="47.71954" lon="12.86051"><ele>469</ele></trkpt>
<trkpt lat="47.71958" lon="12.86126"><ele>469</ele></trkpt>
<trkpt lat="47.71958" lon="12.86290"><ele>468</ele></trkpt>
<trkpt lat="47.71966" lon="12.86492"><ele>471</ele></trkpt>
<trkpt lat="47.71986" lon="12.86626"><ele>472</ele></trkpt>
<trkpt lat="47.71981" lon="12.86657"><ele>470</ele></trkpt>
<trkpt lat="47.71974" lon="12.86676"><ele>470</ele></trkpt>
<trkpt lat="47.71939" lon="12.86725"><ele>470</ele></trkpt>
<trkpt lat="47.71925" lon="12.86759"><ele>471</ele></trkpt>
<trkpt lat="47.71890" lon="12.86882"><ele>471</ele></trkpt>
<trkpt lat="47.71856" lon="12.86978"><ele>472</ele></trkpt>
<trkpt lat="47.71816" lon="12.87077"><ele>473</ele></trkpt>
<trkpt lat="47.71813" lon="12.87095"><ele>473</ele></trkpt>
<trkpt lat="47.71817" lon="12.87120"><ele>473</ele></trkpt>
<trkpt lat="47.71826" lon="12.87142"><ele>473</ele></trkpt>
<trkpt lat="47.71880" lon="12.87299"><ele>474</ele></trkpt>
<trkpt lat="47.71873" lon="12.87307"><ele>475</ele></trkpt>
<trkpt lat="47.71870" lon="12.87321"><ele>475</ele></trkpt>
<trkpt lat="47.71892" lon="12.87388"><ele>474</ele></trkpt>
<trkpt lat="47.71900" lon="12.87389"><ele>474</ele></trkpt>
<trkpt lat="47.71908" lon="12.87410"><ele>473</ele></trkpt>
<trkpt lat="47.71959" lon="12.87404"><ele>473</ele></trkpt>
<trkpt lat="47.72017" lon="12.87405"><ele>473</ele></trkpt>
<trkpt lat="47.72064" lon="12.87423"><ele>472</ele></trkpt>
<trkpt lat="47.72134" lon="12.87430"><ele>472</ele></trkpt>
<trkpt lat="47.72143" lon="12.87438"><ele>471</ele></trkpt>
<trkpt lat="47.72098" lon="12.87590"><ele>471</ele></trkpt>
<trkpt lat="47.72205" lon="12.87664"><ele>471</ele></trkpt>
<trkpt lat="47.72223" lon="12.87614"><ele>470</ele></trkpt>
<trkpt lat="47.72248" lon="12.87605"><ele>470</ele></trkpt>
<trkpt lat="47.72338" lon="12.87632"><ele>470</ele></trkpt>
<trkpt lat="47.72377" lon="12.87668"><ele>469</ele></trkpt>
<trkpt lat="47.72382" lon="12.87678"><ele>469</ele></trkpt>
<trkpt lat="47.72410" lon="12.87697"><ele>469</ele></trkpt>
<trkpt lat="47.72435" lon="12.87731"><ele>469</ele></trkpt>
<trkpt lat="47.72401" lon="12.87840"><ele>470</ele></trkpt>
<trkpt lat="47.72390" lon="12.87830"><ele>470</ele></trkpt>
<trkpt lat="47.72450" lon="12.87908"><ele>469</ele></trkpt>
<trkpt lat="47.72413" lon="12.87971"><ele>469</ele></trkpt>
<trkpt lat="47.72406" lon="12.87989"><ele>469</ele></trkpt>
<trkpt lat="47.72448" lon="12.88029"><ele>469</ele></trkpt>
<trkpt lat="47.72480" lon="12.88042"><ele>469</ele></trkpt>
<trkpt lat="47.72506" lon="12.88046"><ele>469</ele></trkpt>
<trkpt lat="47.72532" lon="12.88044"><ele>469</ele></trkpt>
<trkpt lat="47.72454" lon="12.88225"><ele>470</ele></trkpt>
<trkpt lat="47.72458" lon="12.88243"><ele>471</ele></trkpt>
<trkpt lat="47.72500" lon="12.88320"><ele>478</ele></trkpt>
<trkpt lat="47.72558" lon="12.88375"><ele>479</ele></trkpt>
<trkpt lat="47.72585" lon="12.88386"><ele>482</ele></trkpt>
<trkpt lat="47.72579" lon="12.88393"><ele>484</ele></trkpt>
<trkpt lat="47.72577" lon="12.88410"><ele>487</ele></trkpt>
<trkpt lat="47.72601" lon="12.88522"><ele>494</ele></trkpt>
<trkpt lat="47.72597" lon="12.88560"><ele>497</ele></trkpt>
<trkpt lat="47.72517" lon="12.88640"><ele>511</ele></trkpt>
<trkpt lat="47.72474" lon="12.88651"><ele>517</ele></trkpt>
<trkpt lat="47.72461" lon="12.88665"><ele>519</ele></trkpt>
<trkpt lat="47.72412" lon="12.88676"><ele>524</ele></trkpt>
<trkpt lat="47.72389" lon="12.88686"><ele>526</ele></trkpt>
<trkpt lat="47.72346" lon="12.88725"><ele>528</ele></trkpt>
<trkpt lat="47.72328" lon="12.88762"><ele>530</ele></trkpt>
<trkpt lat="47.72314" lon="12.88832"><ele>531</ele></trkpt>
<trkpt lat="47.72323" lon="12.88830"><ele>531</ele></trkpt>
<trkpt lat="47.72329" lon="12.88979"><ele>526</ele></trkpt>
<trkpt lat="47.72330" lon="12.89131"><ele>518</ele></trkpt>
<trkpt lat="47.72324" lon="12.89316"><ele>516</ele></trkpt>
<trkpt lat="47.72335" lon="12.89392"><ele>517</ele></trkpt>
<trkpt lat="47.72362" lon="12.89642"><ele>522</ele></trkpt>
<trkpt lat="47.72391" lon="12.89799"><ele>523</ele></trkpt>
<trkpt lat="47.72382" lon="12.89821"><ele>523</ele></trkpt>
<trkpt lat="47.72331" lon="12.89862"><ele>527</ele></trkpt>
<trkpt lat="47.72264" lon="12.89906"><ele>531</ele></trkpt>
<trkpt lat="47.72231" lon="12.89936"><ele>533</ele></trkpt>
<trkpt lat="47.72223" lon="12.89925"><ele>534</ele></trkpt>
<trkpt lat="47.72164" lon="12.89990"><ele>536</ele></trkpt>
<trkpt lat="47.72133" lon="12.90040"><ele>536</ele></trkpt>
<trkpt lat="47.72125" lon="12.90043"><ele>536</ele></trkpt>
<trkpt lat="47.72100" lon="12.90075"><ele>537</ele></trkpt>
<trkpt lat="47.72032" lon="12.90137"><ele>539</ele></trkpt>
<trkpt lat="47.72012" lon="12.90147"><ele>539</ele></trkpt>
<trkpt lat="47.71994" lon="12.90145"><ele>540</ele></trkpt>
<trkpt lat="47.71993" lon="12.90166"><ele>539</ele></trkpt>
<trkpt lat="47.72009" lon="12.90327"><ele>536</ele></trkpt>
<trkpt lat="47.72007" lon="12.90334"><ele>536</ele></trkpt>
<trkpt lat="47.71900" lon="12.90355"><ele>538</ele></trkpt>
<trkpt lat="47.71897" lon="12.90409"><ele>538</ele></trkpt>
<trkpt lat="47.71890" lon="12.90463"><ele>538</ele></trkpt>
<trkpt lat="47.71880" lon="12.90515"><ele>538</ele></trkpt>
<trkpt lat="47.71857" lon="12.90593"><ele>540</ele></trkpt>
<trkpt lat="47.71807" lon="12.90738"><ele>545</ele></trkpt>
<trkpt lat="47.71778" lon="12.90958"><ele>551</ele></trkpt>
<trkpt lat="47.71763" lon="12.91040"><ele>554</ele></trkpt>
<trkpt lat="47.71733" lon="12.91151"><ele>557</ele></trkpt>
<trkpt lat="47.71744" lon="12.91161"><ele>556</ele></trkpt>
<trkpt lat="47.71724" lon="12.91229"><ele>557</ele></trkpt>
<trkpt lat="47.71705" lon="12.91278"><ele>558</ele></trkpt>
<trkpt lat="47.71652" lon="12.91391"><ele>563</ele></trkpt>
<trkpt lat="47.71597" lon="12.91496"><ele>567</ele></trkpt>
<trkpt lat="47.71523" lon="12.91660"><ele>570</ele></trkpt>
<trkpt lat="47.71494" lon="12.91743"><ele>573</ele></trkpt>
<trkpt lat="47.71446" lon="12.91846"><ele>576</ele></trkpt>
<trkpt lat="47.71348" lon="12.92116"><ele>586</ele></trkpt>
<trkpt lat="47.71317" lon="12.92180"><ele>588</ele></trkpt>
<trkpt lat="47.71249" lon="12.92282"><ele>593</ele></trkpt>
<trkpt lat="47.71208" lon="12.92315"><ele>595</ele></trkpt>
<trkpt lat="47.71140" lon="12.92381"><ele>598</ele></trkpt>
<trkpt lat="47.71101" lon="12.92414"><ele>600</ele></trkpt>
<trkpt lat="47.71069" lon="12.92434"><ele>604</ele></trkpt>
<trkpt lat="47.71036" lon="12.92446"><ele>606</ele></trkpt>
<trkpt lat="47.71026" lon="12.92480"><ele>604</ele></trkpt>
<trkpt lat="47.71021" lon="12.92574"><ele>608</ele></trkpt>
<trkpt lat="47.71017" lon="12.92608"><ele>608</ele></trkpt>
<trkpt lat="47.70995" lon="12.92680"><ele>611</ele></trkpt>
<trkpt lat="47.70961" lon="12.92753"><ele>622</ele></trkpt>
<trkpt lat="47.70935" lon="12.92780"><ele>627</ele></trkpt>
<trkpt lat="47.70918" lon="12.92788"><ele>628</ele></trkpt>
<trkpt lat="47.70879" lon="12.92795"><ele>634</ele></trkpt>
<trkpt lat="47.70820" lon="12.92798"><ele>642</ele></trkpt>
<trkpt lat="47.70795" lon="12.92839"><ele>648</ele></trkpt>
<trkpt lat="47.70777" lon="12.92903"><ele>652</ele></trkpt>
<trkpt lat="47.70769" lon="12.92921"><ele>654</ele></trkpt>
<trkpt lat="47.70747" lon="12.92952"><ele>654</ele></trkpt>
<trkpt lat="47.70738" lon="12.92958"><ele>655</ele></trkpt>
<trkpt lat="47.70690" lon="12.92972"><ele>655</ele></trkpt>
<trkpt lat="47.70639" lon="12.92997"><ele>658</ele></trkpt>
<trkpt lat="47.70619" lon="12.93002"><ele>662</ele></trkpt>
<trkpt lat="47.70595" lon="12.93024"><ele>665</ele></trkpt>
<trkpt lat="47.70553" lon="12.93036"><ele>671</ele></trkpt>
<trkpt lat="47.70509" lon="12.93094"><ele>678</ele></trkpt>
<trkpt lat="47.70468" lon="12.93132"><ele>680</ele></trkpt>
<trkpt lat="47.70419" lon="12.93204"><ele>683</ele></trkpt>
<trkpt lat="47.70379" lon="12.93246"><ele>686</ele></trkpt>
<trkpt lat="47.70318" lon="12.93287"><ele>690</ele></trkpt>
<trkpt lat="47.70273" lon="12.93326"><ele>695</ele></trkpt>
<trkpt lat="47.70140" lon="12.93401"><ele>697</ele></trkpt>
<trkpt lat="47.70108" lon="12.93434"><ele>696</ele></trkpt>
<trkpt lat="47.70101" lon="12.93461"><ele>697</ele></trkpt>
<trkpt lat="47.70101" lon="12.93482"><ele>698</ele></trkpt>
<trkpt lat="47.70096" lon="12.93500"><ele>699</ele></trkpt>
<trkpt lat="47.70036" lon="12.93665"><ele>692</ele></trkpt>
<trkpt lat="47.70025" lon="12.93682"><ele>691</ele></trkpt>
<trkpt lat="47.69973" lon="12.93694"><ele>689</ele></trkpt>
<trkpt lat="47.69933" lon="12.93714"><ele>688</ele></trkpt>
<trkpt lat="47.69915" lon="12.93730"><ele>687</ele></trkpt>
<trkpt lat="47.69863" lon="12.93818"><ele>684</ele></trkpt>
<trkpt lat="47.69840" lon="12.93843"><ele>682</ele></trkpt>
<trkpt lat="47.69813" lon="12.93914"><ele>680</ele></trkpt>
<trkpt lat="47.69804" lon="12.93990"><ele>679</ele></trkpt>
<trkpt lat="47.69744" lon="12.94049"><ele>680</ele></trkpt>
<trkpt lat="47.69694" lon="12.94120"><ele>682</ele></trkpt>
<trkpt lat="47.69633" lon="12.94155"><ele>686</ele></trkpt>
<trkpt lat="47.69578" lon="12.94218"><ele>691</ele></trkpt>
<trkpt lat="47.69546" lon="12.94236"><ele>689</ele></trkpt>
<trkpt lat="47.69531" lon="12.94253"><ele>690</ele></trkpt>
<trkpt lat="47.69501" lon="12.94274"><ele>690</ele></trkpt>
<trkpt lat="47.69463" lon="12.94261"><ele>691</ele></trkpt>
<trkpt lat="47.69390" lon="12.94226"><ele>689</ele></trkpt>
<trkpt lat="47.69364" lon="12.94224"><ele>689</ele></trkpt>
<trkpt lat="47.69334" lon="12.94232"><ele>688</ele></trkpt>
<trkpt lat="47.69297" lon="12.94248"><ele>686</ele></trkpt>
<trkpt lat="47.69267" lon="12.94266"><ele>685</ele></trkpt>
<trkpt lat="47.69210" lon="12.94313"><ele>684</ele></trkpt>
<trkpt lat="47.69186" lon="12.94287"><ele>680</ele></trkpt>
<trkpt lat="47.69137" lon="12.94252"><ele>679</ele></trkpt>
<trkpt lat="47.69045" lon="12.94209"><ele>680</ele></trkpt>
<trkpt lat="47.68957" lon="12.94180"><ele>682</ele></trkpt>
<trkpt lat="47.68876" lon="12.94122"><ele>682</ele></trkpt>
<trkpt lat="47.68822" lon="12.94089"><ele>683</ele></trkpt>
<trkpt lat="47.68776" lon="12.94074"><ele>684</ele></trkpt>
<trkpt lat="47.68770" lon="12.94069"><ele>684</ele></trkpt>
<trkpt lat="47.68757" lon="12.94024"><ele>684</ele></trkpt>
<trkpt lat="47.68765" lon="12.93982"><ele>682</ele></trkpt>
<trkpt lat="47.68759" lon="12.93891"><ele>682</ele></trkpt>
<trkpt lat="47.68725" lon="12.93890"><ele>682</ele></trkpt>
<trkpt lat="47.68520" lon="12.93819"><ele>682</ele></trkpt>
<trkpt lat="47.68525" lon="12.93779"><ele>685</ele></trkpt>
<trkpt lat="47.68475" lon="12.93768"><ele>684</ele></trkpt>
<trkpt lat="47.68336" lon="12.93721"><ele>680</ele></trkpt>
<trkpt lat="47.68326" lon="12.93715"><ele>680</ele></trkpt>
<trkpt lat="47.68316" lon="12.93689"><ele>681</ele></trkpt>
<trkpt lat="47.68309" lon="12.93682"><ele>681</ele></trkpt>
<trkpt lat="47.68086" lon="12.93590"><ele>675</ele></trkpt>
<trkpt lat="47.68053" lon="12.93563"><ele>676</ele></trkpt>
<trkpt lat="47.68045" lon="12.93560"><ele>676</ele></trkpt>
<trkpt lat="47.67991" lon="12.93557"><ele>674</ele></trkpt>
<trkpt lat="47.67930" lon="12.93577"><ele>672</ele></trkpt>
<trkpt lat="47.67776" lon="12.93661"><ele>669</ele></trkpt>
<trkpt lat="47.67763" lon="12.93662"><ele>668</ele></trkpt>
<trkpt lat="47.67744" lon="12.93687"><ele>668</ele></trkpt>
<trkpt lat="47.67710" lon="12.93713"><ele>667</ele></trkpt>
<trkpt lat="47.67677" lon="12.93724"><ele>667</ele></trkpt>
<trkpt lat="47.67627" lon="12.93759"><ele>665</ele></trkpt>
<trkpt lat="47.67599" lon="12.93770"><ele>664</ele></trkpt>
<trkpt lat="47.67548" lon="12.93771"><ele>664</ele></trkpt>
<trkpt lat="47.67521" lon="12.93801"><ele>663</ele></trkpt>
<trkpt lat="47.67470" lon="12.93821"><ele>663</ele></trkpt>
<trkpt lat="47.67433" lon="12.93856"><ele>662</ele></trkpt>
<trkpt lat="47.67401" lon="12.93904"><ele>660</ele></trkpt>
<trkpt lat="47.67354" lon="12.93920"><ele>659</ele></trkpt>
<trkpt lat="47.67333" lon="12.93913"><ele>659</ele></trkpt>
<trkpt lat="47.67324" lon="12.93915"><ele>659</ele></trkpt>
<trkpt lat="47.67230" lon="12.94003"><ele>656</ele></trkpt>
<trkpt lat="47.67166" lon="12.94056"><ele>656</ele></trkpt>
<trkpt lat="47.67167" lon="12.94138"><ele>657</ele></trkpt>
<trkpt lat="47.67143" lon="12.94156"><ele>657</ele></trkpt>
<trkpt lat="47.67121" lon="12.94179"><ele>656</ele></trkpt>
<trkpt lat="47.67101" lon="12.94192"><ele>656</ele></trkpt>
<trkpt lat="47.67066" lon="12.94206"><ele>654</ele></trkpt>
<trkpt lat="47.67027" lon="12.94232"><ele>653</ele></trkpt>
<trkpt lat="47.67038" lon="12.94274"><ele>654</ele></trkpt>
<trkpt lat="47.67042" lon="12.94311"><ele>656</ele></trkpt>
<trkpt lat="47.67037" lon="12.94331"><ele>658</ele></trkpt>
<trkpt lat="47.66967" lon="12.94480"><ele>650</ele></trkpt>
<trkpt lat="47.66940" lon="12.94562"><ele>651</ele></trkpt>
<trkpt lat="47.66918" lon="12.94592"><ele>651</ele></trkpt>
<trkpt lat="47.66903" lon="12.94621"><ele>652</ele></trkpt>
<trkpt lat="47.66873" lon="12.94696"><ele>656</ele></trkpt>
<trkpt lat="47.66864" lon="12.94706"><ele>656</ele></trkpt>
<trkpt lat="47.66843" lon="12.94715"><ele>655</ele></trkpt>
<trkpt lat="47.66818" lon="12.94718"><ele>653</ele></trkpt>
<trkpt lat="47.66710" lon="12.94798"><ele>646</ele></trkpt>
<trkpt lat="47.66692" lon="12.94807"><ele>644</ele></trkpt>
<trkpt lat="47.66635" lon="12.94954"><ele>641</ele></trkpt>
<trkpt lat="47.66617" lon="12.94988"><ele>640</ele></trkpt>
<trkpt lat="47.66578" lon="12.95034"><ele>638</ele></trkpt>
<trkpt lat="47.66543" lon="12.95087"><ele>637</ele></trkpt>
<trkpt lat="47.66472" lon="12.95161"><ele>636</ele></trkpt>
<trkpt lat="47.66405" lon="12.95242"><ele>634</ele></trkpt>
<trkpt lat="47.66349" lon="12.95289"><ele>634</ele></trkpt>
<trkpt lat="47.66262" lon="12.95338"><ele>634</ele></trkpt>
<trkpt lat="47.66238" lon="12.95361"><ele>634</ele></trkpt>
<trkpt lat="47.66159" lon="12.95418"><ele>632</ele></trkpt>
<trkpt lat="47.66125" lon="12.95435"><ele>632</ele></trkpt>
<trkpt lat="47.65962" lon="12.95504"><ele>627</ele></trkpt>
<trkpt lat="47.65926" lon="12.95526"><ele>626</ele></trkpt>
<trkpt lat="47.65893" lon="12.95533"><ele>626</ele></trkpt>
<trkpt lat="47.65800" lon="12.95573"><ele>625</ele></trkpt>
<trkpt lat="47.65681" lon="12.95632"><ele>624</ele></trkpt>
<trkpt lat="47.65659" lon="12.95655"><ele>624</ele></trkpt>
<trkpt lat="47.65616" lon="12.95715"><ele>623</ele></trkpt>
<trkpt lat="47.65546" lon="12.95793"><ele>621</ele></trkpt>
<trkpt lat="47.65523" lon="12.95759"><ele>619</ele></trkpt>
<trkpt lat="47.65487" lon="12.95801"><ele>619</ele></trkpt>
<trkpt lat="47.65456" lon="12.95826"><ele>620</ele></trkpt>
<trkpt lat="47.65369" lon="12.95880"><ele>618</ele></trkpt>
<trkpt lat="47.65296" lon="12.95932"><ele>619</ele></trkpt>
<trkpt lat="47.65167" lon="12.95999"><ele>615</ele></trkpt>
<trkpt lat="47.65164" lon="12.96011"><ele>615</ele></trkpt>
<trkpt lat="47.65158" lon="12.96016"><ele>616</ele></trkpt>
<trkpt lat="47.65088" lon="12.96071"><ele>614</ele></trkpt>
<trkpt lat="47.65075" lon="12.96069"><ele>616</ele></trkpt>
<trkpt lat="47.65063" lon="12.96078"><ele>616</ele></trkpt>
<trkpt lat="47.65015" lon="12.96125"><ele>614</ele></trkpt>
<trkpt lat="47.64994" lon="12.96152"><ele>613</ele></trkpt>
<trkpt lat="47.64999" lon="12.96158"><ele>612</ele></trkpt>
<trkpt lat="47.65064" lon="12.96100"><ele>614</ele></trkpt>
<trkpt lat="47.65067" lon="12.96102"><ele>614</ele></trkpt>
<trkpt lat="47.65076" lon="12.96126"><ele>612</ele></trkpt>
<trkpt lat="47.65019" lon="12.96163"><ele>611</ele></trkpt>
<trkpt lat="47.64981" lon="12.96202"><ele>610</ele></trkpt>
<trkpt lat="47.64967" lon="12.96224"><ele>610</ele></trkpt>
<trkpt lat="47.64946" lon="12.96267"><ele>610</ele></trkpt>
<trkpt lat="47.64911" lon="12.96356"><ele>609</ele></trkpt>
<trkpt lat="47.64901" lon="12.96389"><ele>608</ele></trkpt>
<trkpt lat="47.64886" lon="12.96420"><ele>608</ele></trkpt>
<trkpt lat="47.64878" lon="12.96448"><ele>607</ele></trkpt>
<trkpt lat="47.64834" lon="12.96542"><ele>606</ele></trkpt>
<trkpt lat="47.64726" lon="12.96796"><ele>604</ele></trkpt>
<trkpt lat="47.64715" lon="12.96825"><ele>604</ele></trkpt>
<trkpt lat="47.64708" lon="12.96861"><ele>604</ele></trkpt>
<trkpt lat="47.64694" lon="12.96887"><ele>604</ele></trkpt>
<trkpt lat="47.64679" lon="12.96867"><ele>604</ele></trkpt>
<trkpt lat="47.64659" lon="12.96893"><ele>603</ele></trkpt>
<trkpt lat="47.64639" lon="12.96906"><ele>603</ele></trkpt>
<trkpt lat="47.64631" lon="12.96908"><ele>603</ele></trkpt>
<trkpt lat="47.64623" lon="12.96903"><ele>602</ele></trkpt>
<trkpt lat="47.64603" lon="12.96888"><ele>603</ele></trkpt>
<trkpt lat="47.64553" lon="12.96878"><ele>605</ele></trkpt>
<trkpt lat="47.64539" lon="12.96869"><ele>606</ele></trkpt>
<trkpt lat="47.64533" lon="12.96857"><ele>607</ele></trkpt>
<trkpt lat="47.64506" lon="12.96774"><ele>610</ele></trkpt>
<trkpt lat="47.64482" lon="12.96724"><ele>612</ele></trkpt>
<trkpt lat="47.64469" lon="12.96665"><ele>615</ele></trkpt>
<trkpt lat="47.64437" lon="12.96662"><ele>612</ele></trkpt>
<trkpt lat="47.64390" lon="12.96643"><ele>610</ele></trkpt>
<trkpt lat="47.64373" lon="12.96627"><ele>610</ele></trkpt>
<trkpt lat="47.64351" lon="12.96594"><ele>610</ele></trkpt>
<trkpt lat="47.64308" lon="12.96569"><ele>612</ele></trkpt>
<trkpt lat="47.64206" lon="12.96480"><ele>614</ele></trkpt>
<trkpt lat="47.64196" lon="12.96454"><ele>614</ele></trkpt>
<trkpt lat="47.64194" lon="12.96420"><ele>615</ele></trkpt>
<trkpt lat="47.64198" lon="12.96379"><ele>617</ele></trkpt>
<trkpt lat="47.64199" lon="12.96348"><ele>620</ele></trkpt>
<trkpt lat="47.64158" lon="12.96322"><ele>619</ele></trkpt>
<trkpt lat="47.64147" lon="12.96321"><ele>619</ele></trkpt>
<trkpt lat="47.64122" lon="12.96324"><ele>618</ele></trkpt>
<trkpt lat="47.64092" lon="12.96346"><ele>617</ele></trkpt>
<trkpt lat="47.64061" lon="12.96357"><ele>616</ele></trkpt>
<trkpt lat="47.63967" lon="12.96349"><ele>618</ele></trkpt>
<trkpt lat="47.63927" lon="12.96340"><ele>619</ele></trkpt>
<trkpt lat="47.63889" lon="12.96319"><ele>618</ele></trkpt>
<trkpt lat="47.63861" lon="12.96319"><ele>618</ele></trkpt>
<trkpt lat="47.63820" lon="12.96340"><ele>617</ele></trkpt>
<trkpt lat="47.63765" lon="12.96377"><ele>614</ele></trkpt>
<trkpt lat="47.63629" lon="12.96401"><ele>612</ele></trkpt>
<trkpt lat="47.63574" lon="12.96436"><ele>608</ele></trkpt>
<trkpt lat="47.63544" lon="12.96441"><ele>608</ele></trkpt>
<trkpt lat="47.63488" lon="12.96459"><ele>608</ele></trkpt>
<trkpt lat="47.63416" lon="12.96505"><ele>608</ele></trkpt>
<trkpt lat="47.63312" lon="12.96529"><ele>610</ele></trkpt>
<trkpt lat="47.63300" lon="12.96529"><ele>610</ele></trkpt>
<trkpt lat="47.63262" lon="12.96515"><ele>610</ele></trkpt>
<trkpt lat="47.63213" lon="12.96468"><ele>609</ele></trkpt>
<trkpt lat="47.63179" lon="12.96443"><ele>608</ele></trkpt>
<trkpt lat="47.63165" lon="12.96444"><ele>607</ele></trkpt>
<trkpt lat="47.63153" lon="12.96456"><ele>606</ele></trkpt>
<trkpt lat="47.63144" lon="12.96494"><ele>609</ele></trkpt>
<trkpt lat="47.63096" lon="12.96588"><ele>611</ele></trkpt>
<trkpt lat="47.63071" lon="12.96651"><ele>612</ele></trkpt>
<trkpt lat="47.63020" lon="12.96685"><ele>614</ele></trkpt>
<trkpt lat="47.62982" lon="12.96724"><ele>616</ele></trkpt>
<trkpt lat="47.62953" lon="12.96746"><ele>620</ele></trkpt>
<trkpt lat="47.62922" lon="12.96758"><ele>627</ele></trkpt>
<trkpt lat="47.62901" lon="12.96776"><ele>632</ele></trkpt>
<trkpt lat="47.62879" lon="12.96782"><ele>630</ele></trkpt>
<trkpt lat="47.62822" lon="12.96785"><ele>628</ele></trkpt>
<trkpt lat="47.62817" lon="12.96774"><ele>628</ele></trkpt>
<trkpt lat="47.62707" lon="12.96662"><ele>626</ele></trkpt>
<trkpt lat="47.62676" lon="12.96583"><ele>625</ele></trkpt>
<trkpt lat="47.62651" lon="12.96500"><ele>624</ele></trkpt>
<trkpt lat="47.62650" lon="12.96473"><ele>624</ele></trkpt>
<trkpt lat="47.62654" lon="12.96426"><ele>623</ele></trkpt>
<trkpt lat="47.62646" lon="12.96407"><ele>623</ele></trkpt>
<trkpt lat="47.62633" lon="12.96389"><ele>624</ele></trkpt>
<trkpt lat="47.62613" lon="12.96377"><ele>625</ele></trkpt>
<trkpt lat="47.62546" lon="12.96384"><ele>630</ele></trkpt>
<trkpt lat="47.62528" lon="12.96440"><ele>628</ele></trkpt>
<trkpt lat="47.62499" lon="12.96455"><ele>628</ele></trkpt>
<trkpt lat="47.62469" lon="12.96458"><ele>628</ele></trkpt>
<trkpt lat="47.62416" lon="12.96434"><ele>628</ele></trkpt>
<trkpt lat="47.62346" lon="12.96457"><ele>627</ele></trkpt>
<trkpt lat="47.62326" lon="12.96468"><ele>627</ele></trkpt>
<trkpt lat="47.62303" lon="12.96490"><ele>626</ele></trkpt>
<trkpt lat="47.62302" lon="12.96474"><ele>628</ele></trkpt>
<trkpt lat="47.62135" lon="12.96578"><ele>626</ele></trkpt>
<trkpt lat="47.62097" lon="12.96493"><ele>629</ele></trkpt>
<trkpt lat="47.62025" lon="12.96369"><ele>643</ele></trkpt>
<trkpt lat="47.61976" lon="12.96319"><ele>648</ele></trkpt>
<trkpt lat="47.61960" lon="12.96308"><ele>649</ele></trkpt>
<trkpt lat="47.61907" lon="12.96287"><ele>648</ele></trkpt>
<trkpt lat="47.61891" lon="12.96274"><ele>648</ele></trkpt>
<trkpt lat="47.61883" lon="12.96261"><ele>648</ele></trkpt>
<trkpt lat="47.61848" lon="12.96188"><ele>648</ele></trkpt>
<trkpt lat="47.61811" lon="12.96018"><ele>653</ele></trkpt>
<trkpt lat="47.61809" lon="12.95931"><ele>664</ele></trkpt>
<trkpt lat="47.61864" lon="12.95779"><ele>691</ele></trkpt>
<trkpt lat="47.61932" lon="12.95650"><ele>686</ele></trkpt>
<trkpt lat="47.61919" lon="12.95420"><ele>679</ele></trkpt>
<trkpt lat="47.61903" lon="12.95316"><ele>680</ele></trkpt>
<trkpt lat="47.61876" lon="12.95191"><ele>680</ele></trkpt>
<trkpt lat="47.61863" lon="12.95162"><ele>679</ele></trkpt>
<trkpt lat="47.61827" lon="12.95122"><ele>680</ele></trkpt>
<trkpt lat="47.61820" lon="12.95120"><ele>679</ele></trkpt>
<trkpt lat="47.61805" lon="12.95096"><ele>678</ele></trkpt>
<trkpt lat="47.61800" lon="12.95093"><ele>678</ele></trkpt>
<trkpt lat="47.61711" lon="12.95126"><ele>667</ele></trkpt>
<trkpt lat="47.61703" lon="12.95118"><ele>665</ele></trkpt>
<trkpt lat="47.61702" lon="12.95098"><ele>663</ele></trkpt>
<trkpt lat="47.61689" lon="12.95046"><ele>656</ele></trkpt>
<trkpt lat="47.61657" lon="12.95010"><ele>650</ele></trkpt>
<trkpt lat="47.61655" lon="12.94988"><ele>648</ele></trkpt>
<trkpt lat="47.61663" lon="12.94956"><ele>647</ele></trkpt>
<trkpt lat="47.61662" lon="12.94947"><ele>645</ele></trkpt>
<trkpt lat="47.61641" lon="12.94902"><ele>640</ele></trkpt>
<trkpt lat="47.61615" lon="12.94885"><ele>636</ele></trkpt>
<trkpt lat="47.61603" lon="12.94866"><ele>634</ele></trkpt>
<trkpt lat="47.61592" lon="12.94837"><ele>631</ele></trkpt>
<trkpt lat="47.61559" lon="12.94850"><ele>624</ele></trkpt>
<trkpt lat="47.61489" lon="12.94924"><ele>620</ele></trkpt>
<trkpt lat="47.61478" lon="12.94952"><ele>619</ele></trkpt>
<trkpt lat="47.61475" lon="12.95001"><ele>612</ele></trkpt>
<trkpt lat="47.61480" lon="12.95050"><ele>606</ele></trkpt>
<trkpt lat="47.61498" lon="12.95101"><ele>604</ele></trkpt>
<trkpt lat="47.61503" lon="12.95147"><ele>600</ele></trkpt>
<trkpt lat="47.61517" lon="12.95191"><ele>596</ele></trkpt>
<trkpt lat="47.61522" lon="12.95216"><ele>594</ele></trkpt>
<trkpt lat="47.61519" lon="12.95225"><ele>592</ele></trkpt>
<trkpt lat="47.61494" lon="12.95218"><ele>587</ele></trkpt>
<trkpt lat="47.61486" lon="12.95222"><ele>586</ele></trkpt>
<trkpt lat="47.61483" lon="12.95231"><ele>585</ele></trkpt>
<trkpt lat="47.61480" lon="12.95305"><ele>579</ele></trkpt>
<trkpt lat="47.61475" lon="12.95341"><ele>579</ele></trkpt>
<trkpt lat="47.61469" lon="12.95346"><ele>578</ele></trkpt>
<trkpt lat="47.61442" lon="12.95265"><ele>579</ele></trkpt>
<trkpt lat="47.61422" lon="12.95273"><ele>580</ele></trkpt>
<trkpt lat="47.61419" lon="12.95334"><ele>578</ele></trkpt>
<trkpt lat="47.61412" lon="12.95363"><ele>576</ele></trkpt>
<trkpt lat="47.61400" lon="12.95461"><ele>574</ele></trkpt>
<trkpt lat="47.61415" lon="12.95592"><ele>575</ele></trkpt>
<trkpt lat="47.61429" lon="12.95662"><ele>573</ele></trkpt>
<trkpt lat="47.61435" lon="12.95754"><ele>573</ele></trkpt>
<trkpt lat="47.61436" lon="12.95860"><ele>572</ele></trkpt>
<trkpt lat="47.61440" lon="12.95891"><ele>572</ele></trkpt>
<trkpt lat="47.61458" lon="12.95942"><ele>571</ele></trkpt>
<trkpt lat="47.61469" lon="12.95961"><ele>571</ele></trkpt>
<trkpt lat="47.61495" lon="12.95986"><ele>571</ele></trkpt>
<trkpt lat="47.61530" lon="12.96035"><ele>571</ele></trkpt>
<trkpt lat="47.61525" lon="12.96059"><ele>570</ele></trkpt>
<trkpt lat="47.61525" lon="12.96083"><ele>570</ele></trkpt>
<trkpt lat="47.61532" lon="12.96139"><ele>570</ele></trkpt>
<trkpt lat="47.61537" lon="12.96158"><ele>568</ele></trkpt>
<trkpt lat="47.61603" lon="12.96310"><ele>568</ele></trkpt>
<trkpt lat="47.61660" lon="12.96410"><ele>567</ele></trkpt>
<trkpt lat="47.61707" lon="12.96486"><ele>566</ele></trkpt>
<trkpt lat="47.61714" lon="12.96518"><ele>566</ele></trkpt>
<trkpt lat="47.61714" lon="12.96541"><ele>566</ele></trkpt>
<trkpt lat="47.61707" lon="12.96594"><ele>565</ele></trkpt>
<trkpt lat="47.61707" lon="12.96614"><ele>565</ele></trkpt>
<trkpt lat="47.61714" lon="12.96638"><ele>565</ele></trkpt>
<trkpt lat="47.61715" lon="12.96720"><ele>565</ele></trkpt>
<trkpt lat="47.61703" lon="12.96831"><ele>564</ele></trkpt>
<trkpt lat="47.61703" lon="12.96859"><ele>564</ele></trkpt>
<trkpt lat="47.61714" lon="12.96901"><ele>564</ele></trkpt>
<trkpt lat="47.61732" lon="12.96938"><ele>564</ele></trkpt>
<trkpt lat="47.61680" lon="12.97007"><ele>572</ele></trkpt>
<trkpt lat="47.61669" lon="12.97030"><ele>576</ele></trkpt>
<trkpt lat="47.61664" lon="12.97055"><ele>580</ele></trkpt>
<trkpt lat="47.61667" lon="12.97091"><ele>584</ele></trkpt>
<trkpt lat="47.61661" lon="12.97119"><ele>586</ele></trkpt>
<trkpt lat="47.61651" lon="12.97131"><ele>588</ele></trkpt>
<trkpt lat="47.61636" lon="12.97141"><ele>590</ele></trkpt>
<trkpt lat="47.61620" lon="12.97324"><ele>592</ele></trkpt>
<trkpt lat="47.61616" lon="12.97412"><ele>596</ele></trkpt>
<trkpt lat="47.61613" lon="12.97429"><ele>596</ele></trkpt>
<trkpt lat="47.61577" lon="12.97513"><ele>605</ele></trkpt>
<trkpt lat="47.61510" lon="12.97509"><ele>615</ele></trkpt>
<trkpt lat="47.61476" lon="12.97515"><ele>618</ele></trkpt>
<trkpt lat="47.61458" lon="12.97511"><ele>618</ele></trkpt>
<trkpt lat="47.61397" lon="12.97468"><ele>619</ele></trkpt>
<trkpt lat="47.61354" lon="12.97451"><ele>620</ele></trkpt>
<trkpt lat="47.61334" lon="12.97460"><ele>620</ele></trkpt>
<trkpt lat="47.61305" lon="12.97463"><ele>620</ele></trkpt>
<trkpt lat="47.61203" lon="12.97442"><ele>620</ele></trkpt>
<trkpt lat="47.61114" lon="12.97446"><ele>619</ele></trkpt>
<trkpt lat="47.61031" lon="12.97463"><ele>619</ele></trkpt>
<trkpt lat="47.61021" lon="12.97496"><ele>618</ele></trkpt>
<trkpt lat="47.61027" lon="12.97517"><ele>618</ele></trkpt>
<trkpt lat="47.61034" lon="12.97561"><ele>618</ele></trkpt>
<trkpt lat="47.61046" lon="12.97802"><ele>616</ele></trkpt>
<trkpt lat="47.61050" lon="12.97820"><ele>616</ele></trkpt>
<trkpt lat="47.61059" lon="12.97834"><ele>617</ele></trkpt>
<trkpt lat="47.61093" lon="12.97862"><ele>616</ele></trkpt>
<trkpt lat="47.61056" lon="12.97989"><ele>611</ele></trkpt>
<trkpt lat="47.60943" lon="12.98085"><ele>611</ele></trkpt>
<trkpt lat="47.60939" lon="12.98103"><ele>611</ele></trkpt>
<trkpt lat="47.60887" lon="12.98190"><ele>610</ele></trkpt>
<trkpt lat="47.60848" lon="12.98222"><ele>605</ele></trkpt>
<trkpt lat="47.60813" lon="12.98235"><ele>602</ele></trkpt>
<trkpt lat="47.60803" lon="12.98248"><ele>601</ele></trkpt>
<trkpt lat="47.60798" lon="12.98268"><ele>601</ele></trkpt>
<trkpt lat="47.60785" lon="12.98364"><ele>600</ele></trkpt>
<trkpt lat="47.60769" lon="12.98359"><ele>600</ele></trkpt>
<trkpt lat="47.60754" lon="12.98366"><ele>600</ele></trkpt>
<trkpt lat="47.60738" lon="12.98365"><ele>600</ele></trkpt>
<trkpt lat="47.60638" lon="12.98341"><ele>603</ele></trkpt>
<trkpt lat="47.60571" lon="12.98347"><ele>604</ele></trkpt>
<trkpt lat="47.60390" lon="12.98384"><ele>605</ele></trkpt>
<trkpt lat="47.60387" lon="12.98379"><ele>605</ele></trkpt>
<trkpt lat="47.60379" lon="12.98315"><ele>605</ele></trkpt>
<trkpt lat="47.60376" lon="12.98309"><ele>605</ele></trkpt>
<trkpt lat="47.60370" lon="12.98307"><ele>605</ele></trkpt>
<trkpt lat="47.60332" lon="12.98316"><ele>602</ele></trkpt>
<trkpt lat="47.60327" lon="12.98314"><ele>600</ele></trkpt>
<trkpt lat="47.60304" lon="12.98257"><ele>597</ele></trkpt>
<trkpt lat="47.60299" lon="12.98324"><ele>591</ele></trkpt>
<trkpt lat="47.60290" lon="12.98343"><ele>590</ele></trkpt>
<trkpt lat="47.60285" lon="12.98371"><ele>589</ele></trkpt>
<trkpt lat="47.60273" lon="12.98397"><ele>587</ele></trkpt>
<trkpt lat="47.60238" lon="12.98423"><ele>583</ele></trkpt>
<trkpt lat="47.60231" lon="12.98443"><ele>581</ele></trkpt>
<trkpt lat="47.60177" lon="12.98432"><ele>581</ele></trkpt>
<trkpt lat="47.60123" lon="12.98435"><ele>581</ele></trkpt>
<trkpt lat="47.59992" lon="12.98480"><ele>582</ele></trkpt>
<trkpt lat="47.59944" lon="12.98492"><ele>583</ele></trkpt>
<trkpt lat="47.59900" lon="12.98514"><ele>583</ele></trkpt>
<trkpt lat="47.59857" lon="12.98544"><ele>583</ele></trkpt>
<trkpt lat="47.59824" lon="12.98554"><ele>584</ele></trkpt>
<trkpt lat="47.59808" lon="12.98550"><ele>584</ele></trkpt>
<trkpt lat="47.59790" lon="12.98539"><ele>582</ele></trkpt>
<trkpt lat="47.59718" lon="12.98463"><ele>586</ele></trkpt>
<trkpt lat="47.59688" lon="12.98436"><ele>587</ele></trkpt>
<trkpt lat="47.59639" lon="12.98408"><ele>587</ele></trkpt>
<trkpt lat="47.59622" lon="12.98403"><ele>588</ele></trkpt>
<trkpt lat="47.59610" lon="12.98406"><ele>588</ele></trkpt>
<trkpt lat="47.59569" lon="12.98425"><ele>588</ele></trkpt>
<trkpt lat="47.59550" lon="12.98427"><ele>588</ele></trkpt>
<trkpt lat="47.59532" lon="12.98421"><ele>588</ele></trkpt>
<trkpt lat="47.59511" lon="12.98393"><ele>592</ele></trkpt>
<trkpt lat="47.59501" lon="12.98386"><ele>590</ele></trkpt>
<trkpt lat="47.59488" lon="12.98383"><ele>590</ele></trkpt>
<trkpt lat="47.59438" lon="12.98390"><ele>593</ele></trkpt>
<trkpt lat="47.59398" lon="12.98403"><ele>594</ele></trkpt>
<trkpt lat="47.59378" lon="12.98417"><ele>592</ele></trkpt>
<trkpt lat="47.59361" lon="12.98436"><ele>591</ele></trkpt>
<trkpt lat="47.59347" lon="12.98465"><ele>589</ele></trkpt>
<trkpt lat="47.59335" lon="12.98520"><ele>594</ele></trkpt>
<trkpt lat="47.59325" lon="12.98636"><ele>599</ele></trkpt>
<trkpt lat="47.59300" lon="12.98725"><ele>602</ele></trkpt>
<trkpt lat="47.59272" lon="12.98710"><ele>603</ele></trkpt>
<trkpt lat="47.59247" lon="12.98711"><ele>604</ele></trkpt>
<trkpt lat="47.59233" lon="12.98722"><ele>604</ele></trkpt>
<trkpt lat="47.59219" lon="12.98740"><ele>604</ele></trkpt>
<trkpt lat="47.59190" lon="12.98759"><ele>605</ele></trkpt>
<trkpt lat="47.59203" lon="12.98861"><ele>608</ele></trkpt>
<trkpt lat="47.59237" lon="12.98851"><ele>607</ele></trkpt>
<trkpt lat="47.59266" lon="12.98848"><ele>606</ele></trkpt>
<trkpt lat="47.59253" lon="12.98746"><ele>604</ele></trkpt>
<trkpt lat="47.59254" lon="12.98737"><ele>604</ele></trkpt>
<trkpt lat="47.59262" lon="12.98720"><ele>604</ele></trkpt>
<trkpt lat="47.59275" lon="12.98717"><ele>603</ele></trkpt>
<trkpt lat="47.59304" lon="12.98728"><ele>602</ele></trkpt>
<trkpt lat="47.59307" lon="12.98756"><ele>602</ele></trkpt>
<trkpt lat="47.59315" lon="12.98777"><ele>602</ele></trkpt>
<trkpt lat="47.59341" lon="12.98826"><ele>602</ele></trkpt>
<trkpt lat="47.59353" lon="12.98865"><ele>600</ele></trkpt>
<trkpt lat="47.59368" lon="12.98881"><ele>600</ele></trkpt>
<trkpt lat="47.59385" lon="12.98892"><ele>599</ele></trkpt>
<trkpt lat="47.59396" lon="12.98894"><ele>599</ele></trkpt>
<trkpt lat="47.59425" lon="12.98889"><ele>597</ele></trkpt>
<trkpt lat="47.59445" lon="12.98892"><ele>599</ele></trkpt>
<trkpt lat="47.59482" lon="12.98923"><ele>600</ele></trkpt>
<trkpt lat="47.59515" lon="12.98939"><ele>599</ele></trkpt>
<trkpt lat="47.59598" lon="12.98958"><ele>599</ele></trkpt>
<trkpt lat="47.59721" lon="12.98934"><ele>600</ele></trkpt>
<trkpt lat="47.59740" lon="12.98937"><ele>599</ele></trkpt>
<trkpt lat="47.59764" lon="12.98933"><ele>598</ele></trkpt>
<trkpt lat="47.59851" lon="12.98963"><ele>598</ele></trkpt>
<trkpt lat="47.59888" lon="12.98969"><ele>597</ele></trkpt>
<trkpt lat="47.59955" lon="12.98970"><ele>597</ele></trkpt>
<trkpt lat="47.59990" lon="12.98965"><ele>597</ele></trkpt>
<trkpt lat="47.60140" lon="12.99010"><ele>593</ele></trkpt>
<trkpt lat="47.60283" lon="12.99073"><ele>594</ele></trkpt>
<trkpt lat="47.60307" lon="12.99099"><ele>592</ele></trkpt>
<trkpt lat="47.60309" lon="12.99177"><ele>596</ele></trkpt>
<trkpt lat="47.60346" lon="12.99378"><ele>597</ele></trkpt>
<trkpt lat="47.60359" lon="12.99412"><ele>597</ele></trkpt>
<trkpt lat="47.60398" lon="12.99484"><ele>598</ele></trkpt>
<trkpt lat="47.60431" lon="12.99582"><ele>601</ele></trkpt>
<trkpt lat="47.60439" lon="12.99597"><ele>602</ele></trkpt>
<trkpt lat="47.60465" lon="12.99619"><ele>602</ele></trkpt>
<trkpt lat="47.60526" lon="12.99624"><ele>599</ele></trkpt>
<trkpt lat="47.60554" lon="12.99639"><ele>599</ele></trkpt>
<trkpt lat="47.60619" lon="12.99732"><ele>604</ele></trkpt>
<trkpt lat="47.60674" lon="12.99843"><ele>608</ele></trkpt>
<trkpt lat="47.60695" lon="12.99870"><ele>609</ele></trkpt>
<trkpt lat="47.60712" lon="12.99883"><ele>610</ele></trkpt>
<trkpt lat="47.60751" lon="12.99887"><ele>610</ele></trkpt>
<trkpt lat="47.60874" lon="12.99852"><ele>601</ele></trkpt>
<trkpt lat="47.60886" lon="12.99853"><ele>600</ele></trkpt>
<trkpt lat="47.60957" lon="12.99907"><ele>600</ele></trkpt>
<trkpt lat="47.61116" lon="12.99970"><ele>597</ele></trkpt>
<trkpt lat="47.61122" lon="12.99989"><ele>601</ele></trkpt>
<trkpt lat="47.61155" lon="12.99999"><ele>606</ele></trkpt>
<trkpt lat="47.61165" lon="13.00012"><ele>608</ele></trkpt>
<trkpt lat="47.61194" lon="13.00023"><ele>613</ele></trkpt>
<trkpt lat="47.61225" lon="13.00057"><ele>625</ele></trkpt>
<trkpt lat="47.61242" lon="13.00064"><ele>628</ele></trkpt>
<trkpt lat="47.61252" lon="13.00075"><ele>632</ele></trkpt>
<trkpt lat="47.61264" lon="13.00108"><ele>642</ele></trkpt>
<trkpt lat="47.61264" lon="13.00151"><ele>648</ele></trkpt>
<trkpt lat="47.61235" lon="13.00203"><ele>659</ele></trkpt>
<trkpt lat="47.61242" lon="13.00261"><ele>662</ele></trkpt>
<trkpt lat="47.61263" lon="13.00305"><ele>665</ele></trkpt>
<trkpt lat="47.61293" lon="13.00316"><ele>666</ele></trkpt>
<trkpt lat="47.61326" lon="13.00305"><ele>666</ele></trkpt>
<trkpt lat="47.61361" lon="13.00281"><ele>663</ele></trkpt>
<trkpt lat="47.61407" lon="13.00270"><ele>654</ele></trkpt>
<trkpt lat="47.61471" lon="13.00276"><ele>643</ele></trkpt>
<trkpt lat="47.61497" lon="13.00274"><ele>639</ele></trkpt>
<trkpt lat="47.61511" lon="13.00280"><ele>636</ele></trkpt>
<trkpt lat="47.61549" lon="13.00322"><ele>629</ele></trkpt>
<trkpt lat="47.61596" lon="13.00365"><ele>621</ele></trkpt>
<trkpt lat="47.61647" lon="13.00376"><ele>612</ele></trkpt>
<trkpt lat="47.61688" lon="13.00400"><ele>608</ele></trkpt>
<trkpt lat="47.61704" lon="13.00424"><ele>604</ele></trkpt>
<trkpt lat="47.61720" lon="13.00461"><ele>600</ele></trkpt>
<trkpt lat="47.61726" lon="13.00466"><ele>600</ele></trkpt>
<trkpt lat="47.61734" lon="13.00464"><ele>601</ele></trkpt>
<trkpt lat="47.61733" lon="13.00473"><ele>603</ele></trkpt>
<trkpt lat="47.61728" lon="13.00484"><ele>603</ele></trkpt>
<trkpt lat="47.61688" lon="13.00528"><ele>609</ele></trkpt>
<trkpt lat="47.61665" lon="13.00538"><ele>614</ele></trkpt>
<trkpt lat="47.61635" lon="13.00544"><ele>617</ele></trkpt>
<trkpt lat="47.61602" lon="13.00563"><ele>622</ele></trkpt>
<trkpt lat="47.61590" lon="13.00577"><ele>624</ele></trkpt>
<trkpt lat="47.61563" lon="13.00640"><ele>633</ele></trkpt>
<trkpt lat="47.61563" lon="13.00656"><ele>634</ele></trkpt>
<trkpt lat="47.61571" lon="13.00701"><ele>640</ele></trkpt>
<trkpt lat="47.61564" lon="13.00824"><ele>654</ele></trkpt>
<trkpt lat="47.61565" lon="13.00830"><ele>656</ele></trkpt>
<trkpt lat="47.61570" lon="13.00834"><ele>660</ele></trkpt>
<trkpt lat="47.61578" lon="13.00809"><ele>661</ele></trkpt>
<trkpt lat="47.61586" lon="13.00899"><ele>680</ele></trkpt>
<trkpt lat="47.61582" lon="13.00987"><ele>694</ele></trkpt>
<trkpt lat="47.61573" lon="13.01038"><ele>706</ele></trkpt>
<trkpt lat="47.61566" lon="13.01060"><ele>710</ele></trkpt>
<trkpt lat="47.61554" lon="13.01073"><ele>714</ele></trkpt>
<trkpt lat="47.61529" lon="13.01081"><ele>715</ele></trkpt>
<trkpt lat="47.61524" lon="13.01114"><ele>722</ele></trkpt>
<trkpt lat="47.61513" lon="13.01137"><ele>723</ele></trkpt>
<trkpt lat="47.61490" lon="13.01168"><ele>728</ele></trkpt>
<trkpt lat="47.61462" lon="13.01225"><ele>740</ele></trkpt>
<trkpt lat="47.61437" lon="13.01259"><ele>744</ele></trkpt>
<trkpt lat="47.61420" lon="13.01295"><ele>750</ele></trkpt>
<trkpt lat="47.61399" lon="13.01314"><ele>751</ele></trkpt>
<trkpt lat="47.61433" lon="13.01314"><ele>758</ele></trkpt>
<trkpt lat="47.61460" lon="13.01294"><ele>763</ele></trkpt>
<trkpt lat="47.61521" lon="13.01261"><ele>770</ele></trkpt>
<trkpt lat="47.61577" lon="13.01209"><ele>774</ele></trkpt>
<trkpt lat="47.61581" lon="13.01208"><ele>775</ele></trkpt>
<trkpt lat="47.61586" lon="13.01213"><ele>776</ele></trkpt>
<trkpt lat="47.61586" lon="13.01219"><ele>776</ele></trkpt>
<trkpt lat="47.61577" lon="13.01264"><ele>782</ele></trkpt>
<trkpt lat="47.61575" lon="13.01289"><ele>786</ele></trkpt>
<trkpt lat="47.61579" lon="13.01325"><ele>790</ele></trkpt>
<trkpt lat="47.61583" lon="13.01336"><ele>792</ele></trkpt>
<trkpt lat="47.61651" lon="13.01412"><ele>804</ele></trkpt>
<trkpt lat="47.61665" lon="13.01418"><ele>802</ele></trkpt>
<trkpt lat="47.61711" lon="13.01414"><ele>797</ele></trkpt>
<trkpt lat="47.61743" lon="13.01397"><ele>792</ele></trkpt>
<trkpt lat="47.61750" lon="13.01377"><ele>787</ele></trkpt>
<trkpt lat="47.61761" lon="13.01303"><ele>779</ele></trkpt>
<trkpt lat="47.61770" lon="13.01278"><ele>776</ele></trkpt>
<trkpt lat="47.61776" lon="13.01270"><ele>776</ele></trkpt>
<trkpt lat="47.61807" lon="13.01250"><ele>772</ele></trkpt>
<trkpt lat="47.61832" lon="13.01271"><ele>770</ele></trkpt>
<trkpt lat="47.61843" lon="13.01271"><ele>770</ele></trkpt>
<trkpt lat="47.61854" lon="13.01266"><ele>769</ele></trkpt>
<trkpt lat="47.61901" lon="13.01208"><ele>758</ele></trkpt>
<trkpt lat="47.61962" lon="13.01175"><ele>752</ele></trkpt>
<trkpt lat="47.61992" lon="13.01154"><ele>748</ele></trkpt>
<trkpt lat="47.62030" lon="13.01149"><ele>749</ele></trkpt>
<trkpt lat="47.62096" lon="13.01164"><ele>750</ele></trkpt>
<trkpt lat="47.62130" lon="13.01183"><ele>751</ele></trkpt>
<trkpt lat="47.62147" lon="13.01181"><ele>750</ele></trkpt>
<trkpt lat="47.62192" lon="13.01130"><ele>744</ele></trkpt>
<trkpt lat="47.62227" lon="13.01066"><ele>742</ele></trkpt>
<trkpt lat="47.62260" lon="13.01023"><ele>740</ele></trkpt>
<trkpt lat="47.62275" lon="13.00997"><ele>736</ele></trkpt>
<trkpt lat="47.62319" lon="13.00949"><ele>728</ele></trkpt>
<trkpt lat="47.62339" lon="13.00945"><ele>726</ele></trkpt>
<trkpt lat="47.62357" lon="13.00948"><ele>723</ele></trkpt>
<trkpt lat="47.62416" lon="13.00985"><ele>716</ele></trkpt>
<trkpt lat="47.62447" lon="13.00998"><ele>712</ele></trkpt>
<trkpt lat="47.62544" lon="13.01019"><ele>702</ele></trkpt>
<trkpt lat="47.62589" lon="13.01039"><ele>700</ele></trkpt>
<trkpt lat="47.62642" lon="13.01103"><ele>698</ele></trkpt>
<trkpt lat="47.62677" lon="13.01126"><ele>694</ele></trkpt>
<trkpt lat="47.62698" lon="13.01146"><ele>690</ele></trkpt>
<trkpt lat="47.62713" lon="13.01171"><ele>686</ele></trkpt>
<trkpt lat="47.62738" lon="13.01228"><ele>682</ele></trkpt>
<trkpt lat="47.62751" lon="13.01249"><ele>680</ele></trkpt>
<trkpt lat="47.62809" lon="13.01281"><ele>672</ele></trkpt>
<trkpt lat="47.62821" lon="13.01296"><ele>669</ele></trkpt>
<trkpt lat="47.62852" lon="13.01367"><ele>666</ele></trkpt>
<trkpt lat="47.62868" lon="13.01391"><ele>663</ele></trkpt>
<trkpt lat="47.62884" lon="13.01400"><ele>661</ele></trkpt>
<trkpt lat="47.62901" lon="13.01400"><ele>660</ele></trkpt>
<trkpt lat="47.62913" lon="13.01392"><ele>658</ele></trkpt>
<trkpt lat="47.62958" lon="13.01347"><ele>652</ele></trkpt>
<trkpt lat="47.62981" lon="13.01342"><ele>649</ele></trkpt>
<trkpt lat="47.63005" lon="13.01349"><ele>648</ele></trkpt>
<trkpt lat="47.63076" lon="13.01403"><ele>645</ele></trkpt>
<trkpt lat="47.63140" lon="13.01435"><ele>640</ele></trkpt>
<trkpt lat="47.63192" lon="13.01453"><ele>636</ele></trkpt>
<trkpt lat="47.63188" lon="13.01526"><ele>642</ele></trkpt>
<trkpt lat="47.63200" lon="13.01472"><ele>636</ele></trkpt>
<trkpt lat="47.63208" lon="13.01445"><ele>634</ele></trkpt>
<trkpt lat="47.63215" lon="13.01435"><ele>633</ele></trkpt>
<trkpt lat="47.63294" lon="13.01412"><ele>621</ele></trkpt>
<trkpt lat="47.63307" lon="13.01399"><ele>618</ele></trkpt>
<trkpt lat="47.63327" lon="13.01324"><ele>609</ele></trkpt>
<trkpt lat="47.63329" lon="13.01292"><ele>606</ele></trkpt>
<trkpt lat="47.63327" lon="13.01263"><ele>600</ele></trkpt>
<trkpt lat="47.63321" lon="13.01230"><ele>595</ele></trkpt>
<trkpt lat="47.63290" lon="13.01186"><ele>589</ele></trkpt>
<trkpt lat="47.63251" lon="13.01117"><ele>578</ele></trkpt>
<trkpt lat="47.63199" lon="13.01010"><ele>566</ele></trkpt>
<trkpt lat="47.63219" lon="13.00997"><ele>562</ele></trkpt>
<trkpt lat="47.63280" lon="13.00948"><ele>550</ele></trkpt>
<trkpt lat="47.63290" lon="13.00948"><ele>548</ele></trkpt>
<trkpt lat="47.63384" lon="13.00973"><ele>534</ele></trkpt>
<trkpt lat="47.63461" lon="13.00985"><ele>531</ele></trkpt>
<trkpt lat="47.63499" lon="13.00959"><ele>531</ele></trkpt>
<trkpt lat="47.63499" lon="13.00953"><ele>531</ele></trkpt>
<trkpt lat="47.63510" lon="13.00939"><ele>530</ele></trkpt>
<trkpt lat="47.63523" lon="13.00908"><ele>530</ele></trkpt>
<trkpt lat="47.63524" lon="13.00898"><ele>530</ele></trkpt>
<trkpt lat="47.63519" lon="13.00889"><ele>530</ele></trkpt>
<trkpt lat="47.63478" lon="13.00849"><ele>532</ele></trkpt>
<trkpt lat="47.63469" lon="13.00833"><ele>531</ele></trkpt>
<trkpt lat="47.63450" lon="13.00815"><ele>531</ele></trkpt>
<trkpt lat="47.63375" lon="13.00763"><ele>532</ele></trkpt>
<trkpt lat="47.63337" lon="13.00745"><ele>532</ele></trkpt>
<trkpt lat="47.63271" lon="13.00727"><ele>533</ele></trkpt>
<trkpt lat="47.63273" lon="13.00711"><ele>533</ele></trkpt>
<trkpt lat="47.63209" lon="13.00694"><ele>534</ele></trkpt>
<trkpt lat="47.63175" lon="13.00672"><ele>534</ele></trkpt>
<trkpt lat="47.63119" lon="13.00625"><ele>534</ele></trkpt>
<trkpt lat="47.63114" lon="13.00616"><ele>535</ele></trkpt>
<trkpt lat="47.63081" lon="13.00596"><ele>535</ele></trkpt>
<trkpt lat="47.63074" lon="13.00596"><ele>535</ele></trkpt>
<trkpt lat="47.63060" lon="13.00610"><ele>535</ele></trkpt>
<trkpt lat="47.63019" lon="13.00557"><ele>535</ele></trkpt>
<trkpt lat="47.62987" lon="13.00511"><ele>535</ele></trkpt>
<trkpt lat="47.62960" lon="13.00460"><ele>537</ele></trkpt>
<trkpt lat="47.62888" lon="13.00356"><ele>536</ele></trkpt>
<trkpt lat="47.62865" lon="13.00312"><ele>538</ele></trkpt>
<trkpt lat="47.62865" lon="13.00283"><ele>538</ele></trkpt>
<trkpt lat="47.62888" lon="13.00303"><ele>539</ele></trkpt>
<trkpt lat="47.62926" lon="13.00373"><ele>542</ele></trkpt>
<trkpt lat="47.62946" lon="13.00393"><ele>544</ele></trkpt>
<trkpt lat="47.62964" lon="13.00402"><ele>545</ele></trkpt>
<trkpt lat="47.62984" lon="13.00406"><ele>547</ele></trkpt>
<trkpt lat="47.62997" lon="13.00404"><ele>548</ele></trkpt>
<trkpt lat="47.63078" lon="13.00366"><ele>553</ele></trkpt>
<trkpt lat="47.63108" lon="13.00358"><ele>555</ele></trkpt>
<trkpt lat="47.63156" lon="13.00360"><ele>558</ele></trkpt>
<trkpt lat="47.63224" lon="13.00376"><ele>563</ele></trkpt>
<trkpt lat="47.63238" lon="13.00372"><ele>564</ele></trkpt>
<trkpt lat="47.63246" lon="13.00365"><ele>564</ele></trkpt>
<trkpt lat="47.63264" lon="13.00330"><ele>564</ele></trkpt>
<trkpt lat="47.63270" lon="13.00300"><ele>566</ele></trkpt>
<trkpt lat="47.63270" lon="13.00285"><ele>566</ele></trkpt>
<trkpt lat="47.63265" lon="13.00272"><ele>568</ele></trkpt>
<trkpt lat="47.63275" lon="13.00239"><ele>568</ele></trkpt>
<trkpt lat="47.63300" lon="13.00211"><ele>571</ele></trkpt>
<trkpt lat="47.63310" lon="13.00203"><ele>572</ele></trkpt>
<trkpt lat="47.63316" lon="13.00203"><ele>574</ele></trkpt>
<trkpt lat="47.63322" lon="13.00226"><ele>574</ele></trkpt>
<trkpt lat="47.63327" lon="13.00277"><ele>572</ele></trkpt>
<trkpt lat="47.63342" lon="13.00294"><ele>573</ele></trkpt>
<trkpt lat="47.63370" lon="13.00313"><ele>572</ele></trkpt>
<trkpt lat="47.63388" lon="13.00318"><ele>572</ele></trkpt>
<trkpt lat="47.63459" lon="13.00405"><ele>571</ele></trkpt>
<trkpt lat="47.63609" lon="13.00516"><ele>569</ele></trkpt>
<trkpt lat="47.63776" lon="13.00689"><ele>580</ele></trkpt>
<trkpt lat="47.63815" lon="13.00748"><ele>586</ele></trkpt>
<trkpt lat="47.63885" lon="13.00829"><ele>592</ele></trkpt>
<trkpt lat="47.63899" lon="13.00837"><ele>594</ele></trkpt>
<trkpt lat="47.63911" lon="13.00837"><ele>598</ele></trkpt>
<trkpt lat="47.63921" lon="13.00831"><ele>600</ele></trkpt>
<trkpt lat="47.63928" lon="13.00814"><ele>599</ele></trkpt>
<trkpt lat="47.63998" lon="13.01067"><ele>578</ele></trkpt>
<trkpt lat="47.63997" lon="13.01077"><ele>576</ele></trkpt>
<trkpt lat="47.63993" lon="13.01082"><ele>575</ele></trkpt>
<trkpt lat="47.63977" lon="13.01080"><ele>574</ele></trkpt>
<trkpt lat="47.63942" lon="13.01041"><ele>568</ele></trkpt>
<trkpt lat="47.63888" lon="13.01007"><ele>557</ele></trkpt>
<trkpt lat="47.63898" lon="13.01032"><ele>556</ele></trkpt>
<trkpt lat="47.63898" lon="13.01053"><ele>554</ele></trkpt>
<trkpt lat="47.63916" lon="13.01169"><ele>546</ele></trkpt>
<trkpt lat="47.63918" lon="13.01208"><ele>541</ele></trkpt>
<trkpt lat="47.63913" lon="13.01244"><ele>538</ele></trkpt>
<trkpt lat="47.63914" lon="13.01273"><ele>537</ele></trkpt>
<trkpt lat="47.63935" lon="13.01367"><ele>536</ele></trkpt>
<trkpt lat="47.63965" lon="13.01565"><ele>531</ele></trkpt>
<trkpt lat="47.63970" lon="13.01580"><ele>529</ele></trkpt>
<trkpt lat="47.63979" lon="13.01593"><ele>529</ele></trkpt>
<trkpt lat="47.64048" lon="13.01597"><ele>530</ele></trkpt>
<trkpt lat="47.64093" lon="13.01613"><ele>528</ele></trkpt>
<trkpt lat="47.64121" lon="13.01634"><ele>528</ele></trkpt>
<trkpt lat="47.64149" lon="13.01670"><ele>528</ele></trkpt>
<trkpt lat="47.64171" lon="13.01713"><ele>528</ele></trkpt>
<trkpt lat="47.64190" lon="13.01775"><ele>526</ele></trkpt>
<trkpt lat="47.64254" lon="13.02033"><ele>525</ele></trkpt>
<trkpt lat="47.64259" lon="13.02036"><ele>526</ele></trkpt>
<trkpt lat="47.64274" lon="13.02109"><ele>528</ele></trkpt>
<trkpt lat="47.64299" lon="13.02173"><ele>528</ele></trkpt>
<trkpt lat="47.64322" lon="13.02204"><ele>529</ele></trkpt>
<trkpt lat="47.64328" lon="13.02219"><ele>529</ele></trkpt>
<trkpt lat="47.64345" lon="13.02285"><ele>530</ele></trkpt>
<trkpt lat="47.64357" lon="13.02310"><ele>530</ele></trkpt>
<trkpt lat="47.64396" lon="13.02351"><ele>533</ele></trkpt>
<trkpt lat="47.64423" lon="13.02403"><ele>535</ele></trkpt>
<trkpt lat="47.64438" lon="13.02425"><ele>536</ele></trkpt>
<trkpt lat="47.64446" lon="13.02429"><ele>538</ele></trkpt>
<trkpt lat="47.64471" lon="13.02471"><ele>538</ele></trkpt>
<trkpt lat="47.64573" lon="13.02658"><ele>540</ele></trkpt>
<trkpt lat="47.64605" lon="13.02722"><ele>543</ele></trkpt>
<trkpt lat="47.64662" lon="13.02793"><ele>543</ele></trkpt>
<trkpt lat="47.64667" lon="13.02814"><ele>542</ele></trkpt>
<trkpt lat="47.64674" lon="13.02883"><ele>539</ele></trkpt>
<trkpt lat="47.64686" lon="13.02943"><ele>536</ele></trkpt>
<trkpt lat="47.64739" lon="13.03016"><ele>532</ele></trkpt>
<trkpt lat="47.64781" lon="13.03087"><ele>531</ele></trkpt>
<trkpt lat="47.64841" lon="13.03216"><ele>527</ele></trkpt>
<trkpt lat="47.64882" lon="13.03271"><ele>526</ele></trkpt>
<trkpt lat="47.64900" lon="13.03301"><ele>528</ele></trkpt>
<trkpt lat="47.64927" lon="13.03373"><ele>524</ele></trkpt>
<trkpt lat="47.64983" lon="13.03457"><ele>521</ele></trkpt>
<trkpt lat="47.64985" lon="13.03469"><ele>519</ele></trkpt>
<trkpt lat="47.65038" lon="13.03530"><ele>516</ele></trkpt>
<trkpt lat="47.65111" lon="13.03572"><ele>522</ele></trkpt>
<trkpt lat="47.65164" lon="13.03633"><ele>524</ele></trkpt>
<trkpt lat="47.65170" lon="13.03656"><ele>520</ele></trkpt>
<trkpt lat="47.65164" lon="13.03706"><ele>517</ele></trkpt>
<trkpt lat="47.65234" lon="13.03782"><ele>516</ele></trkpt>
<trkpt lat="47.65306" lon="13.03881"><ele>514</ele></trkpt>
<trkpt lat="47.65366" lon="13.03980"><ele>513</ele></trkpt>
<trkpt lat="47.65363" lon="13.03993"><ele>514</ele></trkpt>
<trkpt lat="47.65390" lon="13.04042"><ele>513</ele></trkpt>
<trkpt lat="47.65420" lon="13.04092"><ele>512</ele></trkpt>
<trkpt lat="47.65454" lon="13.04137"><ele>512</ele></trkpt>
<trkpt lat="47.65471" lon="13.04154"><ele>514</ele></trkpt>
<trkpt lat="47.65495" lon="13.04171"><ele>514</ele></trkpt>
<trkpt lat="47.65536" lon="13.04187"><ele>512</ele></trkpt>
<trkpt lat="47.65593" lon="13.04187"><ele>512</ele></trkpt>
<trkpt lat="47.65622" lon="13.04175"><ele>512</ele></trkpt>
<trkpt lat="47.65651" lon="13.04157"><ele>511</ele></trkpt>
<trkpt lat="47.65680" lon="13.04128"><ele>510</ele></trkpt>
<trkpt lat="47.65706" lon="13.04090"><ele>509</ele></trkpt>
<trkpt lat="47.65799" lon="13.03897"><ele>509</ele></trkpt>
<trkpt lat="47.65840" lon="13.03829"><ele>508</ele></trkpt>
<trkpt lat="47.65875" lon="13.03791"><ele>507</ele></trkpt>
<trkpt lat="47.65913" lon="13.03762"><ele>508</ele></trkpt>
<trkpt lat="47.65962" lon="13.03738"><ele>506</ele></trkpt>
<trkpt lat="47.66172" lon="13.03694"><ele>504</ele></trkpt>
<trkpt lat="47.66179" lon="13.03703"><ele>504</ele></trkpt>
<trkpt lat="47.66205" lon="13.03701"><ele>506</ele></trkpt>
<trkpt lat="47.66275" lon="13.03715"><ele>518</ele></trkpt>
<trkpt lat="47.66321" lon="13.03743"><ele>534</ele></trkpt>
<trkpt lat="47.66351" lon="13.03746"><ele>538</ele></trkpt>
<trkpt lat="47.66393" lon="13.03765"><ele>545</ele></trkpt>
<trkpt lat="47.66438" lon="13.03772"><ele>547</ele></trkpt>
<trkpt lat="47.66499" lon="13.03726"><ele>560</ele></trkpt>
<trkpt lat="47.66561" lon="13.03709"><ele>554</ele></trkpt>
<trkpt lat="47.66593" lon="13.03748"><ele>560</ele></trkpt>
<trkpt lat="47.66576" lon="13.03796"><ele>570</ele></trkpt>
<trkpt lat="47.66581" lon="13.03803"><ele>570</ele></trkpt>
<trkpt lat="47.66670" lon="13.03783"><ele>584</ele></trkpt>
<trkpt lat="47.66723" lon="13.03837"><ele>596</ele></trkpt>
<trkpt lat="47.66788" lon="13.03890"><ele>603</ele></trkpt>
<trkpt lat="47.66845" lon="13.03914"><ele>608</ele></trkpt>
<trkpt lat="47.66865" lon="13.03958"><ele>616</ele></trkpt>
<trkpt lat="47.66878" lon="13.03975"><ele>619</ele></trkpt>
<trkpt lat="47.66918" lon="13.04023"><ele>627</ele></trkpt>
<trkpt lat="47.66949" lon="13.04043"><ele>630</ele></trkpt>
<trkpt lat="47.66968" lon="13.04065"><ele>633</ele></trkpt>
<trkpt lat="47.66980" lon="13.04088"><ele>636</ele></trkpt>
<trkpt lat="47.67022" lon="13.04240"><ele>647</ele></trkpt>
<trkpt lat="47.67021" lon="13.04401"><ele>653</ele></trkpt>
<trkpt lat="47.67026" lon="13.04449"><ele>653</ele></trkpt>
<trkpt lat="47.67063" lon="13.04676"><ele>666</ele></trkpt>
<trkpt lat="47.67090" lon="13.04757"><ele>672</ele></trkpt>
<trkpt lat="47.67095" lon="13.04778"><ele>674</ele></trkpt>
<trkpt lat="47.67093" lon="13.04841"><ele>679</ele></trkpt>
<trkpt lat="47.67084" lon="13.04897"><ele>684</ele></trkpt>
<trkpt lat="47.67122" lon="13.05041"><ele>696</ele></trkpt>
<trkpt lat="47.67120" lon="13.05065"><ele>697</ele></trkpt>
<trkpt lat="47.67115" lon="13.05084"><ele>698</ele></trkpt>
<trkpt lat="47.67153" lon="13.05123"><ele>700</ele></trkpt>
<trkpt lat="47.67171" lon="13.05133"><ele>701</ele></trkpt>
<trkpt lat="47.67220" lon="13.05127"><ele>698</ele></trkpt>
<trkpt lat="47.67243" lon="13.05132"><ele>697</ele></trkpt>
<trkpt lat="47.67384" lon="13.05202"><ele>690</ele></trkpt>
<trkpt lat="47.67484" lon="13.05193"><ele>686</ele></trkpt>
<trkpt lat="47.67504" lon="13.05199"><ele>686</ele></trkpt>
<trkpt lat="47.67513" lon="13.05209"><ele>686</ele></trkpt>
<trkpt lat="47.67520" lon="13.05224"><ele>685</ele></trkpt>
<trkpt lat="47.67537" lon="13.05300"><ele>679</ele></trkpt>
<trkpt lat="47.67546" lon="13.05314"><ele>679</ele></trkpt>
<trkpt lat="47.67614" lon="13.05341"><ele>673</ele></trkpt>
<trkpt lat="47.67715" lon="13.05353"><ele>661</ele></trkpt>
<trkpt lat="47.67727" lon="13.05360"><ele>658</ele></trkpt>
<trkpt lat="47.67738" lon="13.05464"><ele>658</ele></trkpt>
<trkpt lat="47.67761" lon="13.05506"><ele>658</ele></trkpt>
<trkpt lat="47.67777" lon="13.05521"><ele>656</ele></trkpt>
<trkpt lat="47.67819" lon="13.05532"><ele>655</ele></trkpt>
<trkpt lat="47.67835" lon="13.05541"><ele>656</ele></trkpt>
<trkpt lat="47.67849" lon="13.05552"><ele>657</ele></trkpt>
<trkpt lat="47.67889" lon="13.05596"><ele>662</ele></trkpt>
<trkpt lat="47.67917" lon="13.05612"><ele>664</ele></trkpt>
<trkpt lat="47.67932" lon="13.05614"><ele>665</ele></trkpt>
<trkpt lat="47.67947" lon="13.05611"><ele>665</ele></trkpt>
<trkpt lat="47.67963" lon="13.05601"><ele>666</ele></trkpt>
<trkpt lat="47.67983" lon="13.05574"><ele>665</ele></trkpt>
<trkpt lat="47.67992" lon="13.05553"><ele>663</ele></trkpt>
<trkpt lat="47.68008" lon="13.05485"><ele>656</ele></trkpt>
<trkpt lat="47.68012" lon="13.05454"><ele>654</ele></trkpt>
<trkpt lat="47.68015" lon="13.05415"><ele>651</ele></trkpt>
<trkpt lat="47.68014" lon="13.05367"><ele>646</ele></trkpt>
<trkpt lat="47.68008" lon="13.05321"><ele>643</ele></trkpt>
<trkpt lat="47.68001" lon="13.05288"><ele>639</ele></trkpt>
<trkpt lat="47.67989" lon="13.05251"><ele>637</ele></trkpt>
<trkpt lat="47.67973" lon="13.05217"><ele>634</ele></trkpt>
<trkpt lat="47.67954" lon="13.05186"><ele>632</ele></trkpt>
<trkpt lat="47.67928" lon="13.05156"><ele>627</ele></trkpt>
<trkpt lat="47.67864" lon="13.05096"><ele>620</ele></trkpt>
<trkpt lat="47.67864" lon="13.05079"><ele>617</ele></trkpt>
<trkpt lat="47.67875" lon="13.05077"><ele>616</ele></trkpt>
<trkpt lat="47.67899" lon="13.05088"><ele>616</ele></trkpt>
<trkpt lat="47.67923" lon="13.05091"><ele>614</ele></trkpt>
<trkpt lat="47.67935" lon="13.05083"><ele>614</ele></trkpt>
<trkpt lat="47.67957" lon="13.05059"><ele>610</ele></trkpt>
<trkpt lat="47.67986" lon="13.05053"><ele>606</ele></trkpt>
<trkpt lat="47.68015" lon="13.05061"><ele>603</ele></trkpt>
<trkpt lat="47.68038" lon="13.05074"><ele>601</ele></trkpt>
<trkpt lat="47.68071" lon="13.05105"><ele>599</ele></trkpt>
<trkpt lat="47.68117" lon="13.05141"><ele>596</ele></trkpt>
<trkpt lat="47.68153" lon="13.05151"><ele>595</ele></trkpt>
<trkpt lat="47.68167" lon="13.05150"><ele>596</ele></trkpt>
<trkpt lat="47.68238" lon="13.05123"><ele>593</ele></trkpt>
<trkpt lat="47.68319" lon="13.05104"><ele>586</ele></trkpt>
<trkpt lat="47.68351" lon="13.05091"><ele>583</ele></trkpt>
<trkpt lat="47.68390" lon="13.05058"><ele>581</ele></trkpt>
<trkpt lat="47.68413" lon="13.05031"><ele>580</ele></trkpt>
<trkpt lat="47.68434" lon="13.04999"><ele>578</ele></trkpt>
<trkpt lat="47.68471" lon="13.04931"><ele>573</ele></trkpt>
<trkpt lat="47.68496" lon="13.04902"><ele>571</ele></trkpt>
<trkpt lat="47.68569" lon="13.04862"><ele>560</ele></trkpt>
<trkpt lat="47.68594" lon="13.04856"><ele>557</ele></trkpt>
<trkpt lat="47.68604" lon="13.04863"><ele>557</ele></trkpt>
<trkpt lat="47.68637" lon="13.04902"><ele>554</ele></trkpt>
<trkpt lat="47.68664" lon="13.04900"><ele>548</ele></trkpt>
<trkpt lat="47.68715" lon="13.04882"><ele>545</ele></trkpt>
<trkpt lat="47.68736" lon="13.04889"><ele>544</ele></trkpt>
<trkpt lat="47.68751" lon="13.04905"><ele>543</ele></trkpt>
<trkpt lat="47.68760" lon="13.04931"><ele>542</ele></trkpt>
<trkpt lat="47.68766" lon="13.04966"><ele>540</ele></trkpt>
<trkpt lat="47.68761" lon="13.05060"><ele>546</ele></trkpt>
<trkpt lat="47.68763" lon="13.05086"><ele>546</ele></trkpt>
<trkpt lat="47.68771" lon="13.05115"><ele>543</ele></trkpt>
<trkpt lat="47.68787" lon="13.05140"><ele>546</ele></trkpt>
<trkpt lat="47.68810" lon="13.05113"><ele>541</ele></trkpt>
<trkpt lat="47.68835" lon="13.05053"><ele>535</ele></trkpt>
<trkpt lat="47.68861" lon="13.05024"><ele>531</ele></trkpt>
<trkpt lat="47.68882" lon="13.04963"><ele>521</ele></trkpt>
<trkpt lat="47.68899" lon="13.04940"><ele>516</ele></trkpt>
<trkpt lat="47.68937" lon="13.04912"><ele>516</ele></trkpt>
<trkpt lat="47.68970" lon="13.04901"><ele>520</ele></trkpt>
<trkpt lat="47.69022" lon="13.04901"><ele>518</ele></trkpt>
<trkpt lat="47.69055" lon="13.04893"><ele>518</ele></trkpt>
<trkpt lat="47.69147" lon="13.04831"><ele>514</ele></trkpt>
<trkpt lat="47.69193" lon="13.04811"><ele>511</ele></trkpt>
<trkpt lat="47.69242" lon="13.04799"><ele>509</ele></trkpt>
<trkpt lat="47.69275" lon="13.04798"><ele>508</ele></trkpt>
<trkpt lat="47.69301" lon="13.04805"><ele>506</ele></trkpt>
<trkpt lat="47.69331" lon="13.04823"><ele>505</ele></trkpt>
<trkpt lat="47.69360" lon="13.04850"><ele>503</ele></trkpt>
<trkpt lat="47.69370" lon="13.04855"><ele>502</ele></trkpt>
<trkpt lat="47.69384" lon="13.04852"><ele>500</ele></trkpt>
<trkpt lat="47.69401" lon="13.04831"><ele>499</ele></trkpt>
<trkpt lat="47.69412" lon="13.04809"><ele>494</ele></trkpt>
<trkpt lat="47.69451" lon="13.04697"><ele>481</ele></trkpt>
<trkpt lat="47.69471" lon="13.04692"><ele>480</ele></trkpt>
<trkpt lat="47.69511" lon="13.04692"><ele>478</ele></trkpt>
<trkpt lat="47.69539" lon="13.04665"><ele>476</ele></trkpt>
<trkpt lat="47.69612" lon="13.04645"><ele>476</ele></trkpt>
<trkpt lat="47.69640" lon="13.04627"><ele>477</ele></trkpt>
<trkpt lat="47.69701" lon="13.04564"><ele>480</ele></trkpt>
<trkpt lat="47.69753" lon="13.04491"><ele>480</ele></trkpt>
<trkpt lat="47.69773" lon="13.04460"><ele>480</ele></trkpt>
<trkpt lat="47.69812" lon="13.04368"><ele>479</ele></trkpt>
<trkpt lat="47.69824" lon="13.04349"><ele>479</ele></trkpt>
<trkpt lat="47.69844" lon="13.04327"><ele>478</ele></trkpt>
<trkpt lat="47.69860" lon="13.04317"><ele>477</ele></trkpt>
<trkpt lat="47.69868" lon="13.04322"><ele>474</ele></trkpt>
<trkpt lat="47.69902" lon="13.04312"><ele>475</ele></trkpt>
<trkpt lat="47.70008" lon="13.04320"><ele>475</ele></trkpt>
<trkpt lat="47.70036" lon="13.04309"><ele>474</ele></trkpt>
<trkpt lat="47.70050" lon="13.04297"><ele>474</ele></trkpt>
<trkpt lat="47.70064" lon="13.04281"><ele>473</ele></trkpt>
<trkpt lat="47.70127" lon="13.04174"><ele>471</ele></trkpt>
<trkpt lat="47.70141" lon="13.04135"><ele>471</ele></trkpt>
<trkpt lat="47.70155" lon="13.04063"><ele>472</ele></trkpt>
<trkpt lat="47.70225" lon="13.03909"><ele>468</ele></trkpt>
<trkpt lat="47.70244" lon="13.03881"><ele>468</ele></trkpt>
<trkpt lat="47.70257" lon="13.03871"><ele>468</ele></trkpt>
<trkpt lat="47.70283" lon="13.03859"><ele>468</ele></trkpt>
<trkpt lat="47.70385" lon="13.03844"><ele>466</ele></trkpt>
<trkpt lat="47.70441" lon="13.03846"><ele>466</ele></trkpt>
<trkpt lat="47.70474" lon="13.03852"><ele>466</ele></trkpt>
<trkpt lat="47.70597" lon="13.03888"><ele>466</ele></trkpt>
<trkpt lat="47.70665" lon="13.03901"><ele>465</ele></trkpt>
<trkpt lat="47.70699" lon="13.03901"><ele>465</ele></trkpt>
<trkpt lat="47.70764" lon="13.03893"><ele>466</ele></trkpt>
<trkpt lat="47.70882" lon="13.03862"><ele>466</ele></trkpt>
<trkpt lat="47.70933" lon="13.03866"><ele>465</ele></trkpt>
<trkpt lat="47.70965" lon="13.03879"><ele>464</ele></trkpt>
<trkpt lat="47.70998" lon="13.03898"><ele>464</ele></trkpt>
<trkpt lat="47.71026" lon="13.03923"><ele>465</ele></trkpt>
<trkpt lat="47.71165" lon="13.04115"><ele>462</ele></trkpt>
<trkpt lat="47.71224" lon="13.04174"><ele>462</ele></trkpt>
<trkpt lat="47.71338" lon="13.04244"><ele>463</ele></trkpt>
<trkpt lat="47.71388" lon="13.04282"><ele>463</ele></trkpt>
<trkpt lat="47.71392" lon="13.04278"><ele>464</ele></trkpt>
<trkpt lat="47.71401" lon="13.04283"><ele>467</ele></trkpt>
<trkpt lat="47.71477" lon="13.04356"><ele>462</ele></trkpt>
<trkpt lat="47.71527" lon="13.04399"><ele>462</ele></trkpt>
<trkpt lat="47.71549" lon="13.04412"><ele>461</ele></trkpt>
<trkpt lat="47.71591" lon="13.04429"><ele>461</ele></trkpt>
<trkpt lat="47.71609" lon="13.04432"><ele>462</ele></trkpt>
<trkpt lat="47.71651" lon="13.04430"><ele>461</ele></trkpt>
<trkpt lat="47.71687" lon="13.04421"><ele>460</ele></trkpt>
<trkpt lat="47.72057" lon="13.04259"><ele>455</ele></trkpt>
<trkpt lat="47.72211" lon="13.04200"><ele>454</ele></trkpt>
<trkpt lat="47.72279" lon="13.04187"><ele>455</ele></trkpt>
<trkpt lat="47.72377" lon="13.04196"><ele>453</ele></trkpt>
<trkpt lat="47.72472" lon="13.04244"><ele>452</ele></trkpt>
<trkpt lat="47.72628" lon="13.04352"><ele>452</ele></trkpt>
<trkpt lat="47.72649" lon="13.04371"><ele>452</ele></trkpt>
<trkpt lat="47.72660" lon="13.04370"><ele>452</ele></trkpt>
<trkpt lat="47.72671" lon="13.04378"><ele>452</ele></trkpt>
<trkpt lat="47.72678" lon="13.04391"><ele>452</ele></trkpt>
<trkpt lat="47.72783" lon="13.04468"><ele>454</ele></trkpt>
<trkpt lat="47.73455" lon="13.04918"><ele>449</ele></trkpt>
<trkpt lat="47.73532" lon="13.04965"><ele>449</ele></trkpt>
<trkpt lat="47.73541" lon="13.04959"><ele>449</ele></trkpt>
<trkpt lat="47.73548" lon="13.04962"><ele>449</ele></trkpt>
<trkpt lat="47.73568" lon="13.04882"><ele>448</ele></trkpt>
<trkpt lat="47.73601" lon="13.04796"><ele>448</ele></trkpt>
<trkpt lat="47.73612" lon="13.04808"><ele>448</ele></trkpt>
<trkpt lat="47.73686" lon="13.04818"><ele>447</ele></trkpt>
<trkpt lat="47.74056" lon="13.04850"><ele>446</ele></trkpt>
<trkpt lat="47.74062" lon="13.04664"><ele>446</ele></trkpt>
<trkpt lat="47.74071" lon="13.04492"><ele>446</ele></trkpt>
<trkpt lat="47.74056" lon="13.04416"><ele>446</ele></trkpt>
<trkpt lat="47.74082" lon="13.04386"><ele>446</ele></trkpt>
<trkpt lat="47.74134" lon="13.04361"><ele>445</ele></trkpt>
<trkpt lat="47.74146" lon="13.04439"><ele>446</ele></trkpt>
<trkpt lat="47.74140" lon="13.04504"><ele>445</ele></trkpt>
<trkpt lat="47.74161" lon="13.04583"><ele>446</ele></trkpt>
<trkpt lat="47.74150" lon="13.04629"><ele>446</ele></trkpt>
<trkpt lat="47.74149" lon="13.04644"><ele>446</ele></trkpt>
<trkpt lat="47.74168" lon="13.04700"><ele>444</ele></trkpt>
<trkpt lat="47.74190" lon="13.04705"><ele>445</ele></trkpt>
<trkpt lat="47.74196" lon="13.04714"><ele>445</ele></trkpt>
<trkpt lat="47.74219" lon="13.04782"><ele>445</ele></trkpt>
<trkpt lat="47.74471" lon="13.04588"><ele>443</ele></trkpt>
<trkpt lat="47.74421" lon="13.04466"><ele>444</ele></trkpt>
<trkpt lat="47.74403" lon="13.04404"><ele>444</ele></trkpt>
<trkpt lat="47.74392" lon="13.04340"><ele>444</ele></trkpt>
<trkpt lat="47.74383" lon="13.04220"><ele>444</ele></trkpt>
<trkpt lat="47.74398" lon="13.04063"><ele>442</ele></trkpt>
<trkpt lat="47.74406" lon="13.04049"><ele>442</ele></trkpt>
<trkpt lat="47.74475" lon="13.03954"><ele>443</ele></trkpt>
<trkpt lat="47.74484" lon="13.03946"><ele>443</ele></trkpt>
<trkpt lat="47.74492" lon="13.03941"><ele>443</ele></trkpt>
<trkpt lat="47.74511" lon="13.03942"><ele>442</ele></trkpt>
<trkpt lat="47.74567" lon="13.03966"><ele>442</ele></trkpt>
<trkpt lat="47.74608" lon="13.03977"><ele>441</ele></trkpt>
<trkpt lat="47.74697" lon="13.03982"><ele>441</ele></trkpt>
<trkpt lat="47.74712" lon="13.03997"><ele>441</ele></trkpt>
<trkpt lat="47.74721" lon="13.04023"><ele>441</ele></trkpt>
<trkpt lat="47.74732" lon="13.04033"><ele>440</ele></trkpt>
<trkpt lat="47.74825" lon="13.04041"><ele>440</ele></trkpt>
<trkpt lat="47.74854" lon="13.04049"><ele>440</ele></trkpt>
<trkpt lat="47.74927" lon="13.04082"><ele>440</ele></trkpt>
<trkpt lat="47.74953" lon="13.04088"><ele>439</ele></trkpt>
<trkpt lat="47.75051" lon="13.04097"><ele>439</ele></trkpt>
<trkpt lat="47.75149" lon="13.04098"><ele>439</ele></trkpt>
<trkpt lat="47.75234" lon="13.04096"><ele>438</ele></trkpt>
<trkpt lat="47.75256" lon="13.04091"><ele>438</ele></trkpt>
<trkpt lat="47.75261" lon="13.04094"><ele>438</ele></trkpt>
<trkpt lat="47.75286" lon="13.04163"><ele>438</ele></trkpt>
<trkpt lat="47.75299" lon="13.04214"><ele>439</ele></trkpt>
<trkpt lat="47.75364" lon="13.04173"><ele>437</ele></trkpt>
<trkpt lat="47.75375" lon="13.04162"><ele>437</ele></trkpt>
<trkpt lat="47.75505" lon="13.03897"><ele>438</ele></trkpt>
<trkpt lat="47.75588" lon="13.03740"><ele>438</ele></trkpt>
<trkpt lat="47.75686" lon="13.03796"><ele>437</ele></trkpt>
<trkpt lat="47.75664" lon="13.03704"><ele>437</ele></trkpt>
<trkpt lat="47.75663" lon="13.03693"><ele>437</ele></trkpt>
<trkpt lat="47.75666" lon="13.03687"><ele>436</ele></trkpt>
<trkpt lat="47.75725" lon="13.03647"><ele>436</ele></trkpt>
<trkpt lat="47.75766" lon="13.03612"><ele>436</ele></trkpt>
<trkpt lat="47.75798" lon="13.03601"><ele>436</ele></trkpt>
<trkpt lat="47.75832" lon="13.03597"><ele>436</ele></trkpt>
<trkpt lat="47.75928" lon="13.03607"><ele>436</ele></trkpt>
<trkpt lat="47.75957" lon="13.03619"><ele>436</ele></trkpt>
<trkpt lat="47.76029" lon="13.03660"><ele>436</ele></trkpt>
<trkpt lat="47.76035" lon="13.03669"><ele>436</ele></trkpt>
<trkpt lat="47.76106" lon="13.03733"><ele>435</ele></trkpt>
<trkpt lat="47.76182" lon="13.03811"><ele>435</ele></trkpt>
<trkpt lat="47.76213" lon="13.03825"><ele>435</ele></trkpt>
<trkpt lat="47.76295" lon="13.03886"><ele>434</ele></trkpt>
<trkpt lat="47.76394" lon="13.03924"><ele>435</ele></trkpt>
<trkpt lat="47.76405" lon="13.03933"><ele>434</ele></trkpt>
<trkpt lat="47.76416" lon="13.03838"><ele>435</ele></trkpt>
<trkpt lat="47.76427" lon="13.03823"><ele>435</ele></trkpt>
<trkpt lat="47.76430" lon="13.03811"><ele>435</ele></trkpt>
<trkpt lat="47.76467" lon="13.03597"><ele>435</ele></trkpt>
<trkpt lat="47.76425" lon="13.03592"><ele>435</ele></trkpt>
<trkpt lat="47.76467" lon="13.03597"><ele>435</ele></trkpt>
<trkpt lat="47.76459" lon="13.03650"><ele>435</ele></trkpt>
<trkpt lat="47.76586" lon="13.03684"><ele>435</ele></trkpt>
<trkpt lat="47.76631" lon="13.03699"><ele>435</ele></trkpt>
<trkpt lat="47.76643" lon="13.03710"><ele>435</ele></trkpt>
<trkpt lat="47.76750" lon="13.03742"><ele>434</ele></trkpt>
<trkpt lat="47.76742" lon="13.03814"><ele>434</ele></trkpt>
<trkpt lat="47.76742" lon="13.03843"><ele>434</ele></trkpt>
<trkpt lat="47.76814" lon="13.03843"><ele>434</ele></trkpt>
<trkpt lat="47.76822" lon="13.03894"><ele>434</ele></trkpt>
<trkpt lat="47.76976" lon="13.03840"><ele>434</ele></trkpt>
<trkpt lat="47.77009" lon="13.03836"><ele>434</ele></trkpt>
<trkpt lat="47.77026" lon="13.03836"><ele>434</ele></trkpt>
<trkpt lat="47.77106" lon="13.03852"><ele>433</ele></trkpt>
<trkpt lat="47.77164" lon="13.03869"><ele>433</ele></trkpt>
<trkpt lat="47.77224" lon="13.03880"><ele>433</ele></trkpt>
<trkpt lat="47.77240" lon="13.03890"><ele>433</ele></trkpt>
<trkpt lat="47.77258" lon="13.03915"><ele>433</ele></trkpt>
<trkpt lat="47.77322" lon="13.03982"><ele>434</ele></trkpt>
<trkpt lat="47.77342" lon="13.03997"><ele>433</ele></trkpt>
<trkpt lat="47.77391" lon="13.04012"><ele>434</ele></trkpt>
<trkpt lat="47.77404" lon="13.04021"><ele>433</ele></trkpt>
<trkpt lat="47.77486" lon="13.04101"><ele>432</ele></trkpt>
<trkpt lat="47.77536" lon="13.04113"><ele>433</ele></trkpt>
<trkpt lat="47.77578" lon="13.04149"><ele>432</ele></trkpt>
<trkpt lat="47.77594" lon="13.04158"><ele>432</ele></trkpt>
<trkpt lat="47.77642" lon="13.04170"><ele>433</ele></trkpt>
<trkpt lat="47.77716" lon="13.04200"><ele>433</ele></trkpt>
<trkpt lat="47.77726" lon="13.04214"><ele>432</ele></trkpt>
<trkpt lat="47.77837" lon="13.04199"><ele>432</ele></trkpt>
<trkpt lat="47.77955" lon="13.04205"><ele>431</ele></trkpt>
<trkpt lat="47.78020" lon="13.04192"><ele>431</ele></trkpt>
<trkpt lat="47.78044" lon="13.04196"><ele>432</ele></trkpt>
<trkpt lat="47.78083" lon="13.04211"><ele>433</ele></trkpt>
<trkpt lat="47.78118" lon="13.04208"><ele>433</ele></trkpt>
<trkpt lat="47.78203" lon="13.04228"><ele>432</ele></trkpt>
<trkpt lat="47.78228" lon="13.04229"><ele>432</ele></trkpt>
<trkpt lat="47.78361" lon="13.04220"><ele>433</ele></trkpt>
<trkpt lat="47.78459" lon="13.04235"><ele>432</ele></trkpt>
<trkpt lat="47.78467" lon="13.04233"><ele>432</ele></trkpt>
<trkpt lat="47.78537" lon="13.04185"><ele>432</ele></trkpt>
<trkpt lat="47.78626" lon="13.04150"><ele>432</ele></trkpt>
<trkpt lat="47.78663" lon="13.04160"><ele>432</ele></trkpt>
<trkpt lat="47.78758" lon="13.04162"><ele>432</ele></trkpt>
<trkpt lat="47.78798" lon="13.04168"><ele>432</ele></trkpt>
<trkpt lat="47.78899" lon="13.04192"><ele>432</ele></trkpt>
<trkpt lat="47.78976" lon="13.04188"><ele>432</ele></trkpt>
<trkpt lat="47.79060" lon="13.04188"><ele>432</ele></trkpt>
<trkpt lat="47.79084" lon="13.04195"><ele>433</ele></trkpt>
<trkpt lat="47.79090" lon="13.04200"><ele>432</ele></trkpt>
<trkpt lat="47.79107" lon="13.04253"><ele>432</ele></trkpt>
<trkpt lat="47.79125" lon="13.04294"><ele>431</ele></trkpt>
<trkpt lat="47.79178" lon="13.04370"><ele>433</ele></trkpt>
<trkpt lat="47.79190" lon="13.04406"><ele>431</ele></trkpt>
<trkpt lat="47.79228" lon="13.04484"><ele>430</ele></trkpt>
<trkpt lat="47.79276" lon="13.04601"><ele>429</ele></trkpt>
<trkpt lat="47.79311" lon="13.04663"><ele>428</ele></trkpt>
<trkpt lat="47.79308" lon="13.04722"><ele>424</ele></trkpt>
<trkpt lat="47.79286" lon="13.04813"><ele>423</ele></trkpt>
<trkpt lat="47.79282" lon="13.04861"><ele>422</ele></trkpt>
<trkpt lat="47.79283" lon="13.04905"><ele>422</ele></trkpt>
<trkpt lat="47.79325" lon="13.04947"><ele>423</ele></trkpt>
<trkpt lat="47.79359" lon="13.04971"><ele>424</ele></trkpt>
<trkpt lat="47.79386" lon="13.05003"><ele>424</ele></trkpt>
<trkpt lat="47.79406" lon="13.05045"><ele>423</ele></trkpt>
<trkpt lat="47.79437" lon="13.05089"><ele>421</ele></trkpt>
<trkpt lat="47.79495" lon="13.05126"><ele>421</ele></trkpt>
<trkpt lat="47.79534" lon="13.05170"><ele>422</ele></trkpt>
<trkpt lat="47.79558" lon="13.05217"><ele>423</ele></trkpt>
<trkpt lat="47.79581" lon="13.05283"><ele>422</ele></trkpt>
<trkpt lat="47.79587" lon="13.05286"><ele>424</ele></trkpt>
<trkpt lat="47.79589" lon="13.05292"><ele>424</ele></trkpt>
<trkpt lat="47.79584" lon="13.05310"><ele>421</ele></trkpt>
<trkpt lat="47.79589" lon="13.05319"><ele>422</ele></trkpt>
<trkpt lat="47.79573" lon="13.05351"><ele>421</ele></trkpt>
<trkpt lat="47.79600" lon="13.05361"><ele>422</ele></trkpt>
<trkpt lat="47.79686" lon="13.05369"><ele>422</ele></trkpt>
<trkpt lat="47.79691" lon="13.05376"><ele>422</ele></trkpt>
<trkpt lat="47.79696" lon="13.05395"><ele>422</ele></trkpt>
<trkpt lat="47.79690" lon="13.05415"><ele>422</ele></trkpt>
<trkpt lat="47.79717" lon="13.05444"><ele>421</ele></trkpt>
<trkpt lat="47.79730" lon="13.05413"><ele>420</ele></trkpt>
<trkpt lat="47.79741" lon="13.05415"><ele>419</ele></trkpt>
<trkpt lat="47.79754" lon="13.05389"><ele>421</ele></trkpt>
<trkpt lat="47.79767" lon="13.05369"><ele>418</ele></trkpt>
<trkpt lat="47.79778" lon="13.05341"><ele>418</ele></trkpt>
<trkpt lat="47.79796" lon="13.05279"><ele>418</ele></trkpt>
<trkpt lat="47.79829" lon="13.05201"><ele>419</ele></trkpt>
<trkpt lat="47.79944" lon="13.04878"><ele>418</ele></trkpt>
<trkpt lat="47.79960" lon="13.04812"><ele>418</ele></trkpt>
<trkpt lat="47.80028" lon="13.04601"><ele>418</ele></trkpt>
<trkpt lat="47.80059" lon="13.04454"><ele>421</ele></trkpt>
<trkpt lat="47.80126" lon="13.04489"><ele>418</ele></trkpt>
<trkpt lat="47.80141" lon="13.04495"><ele>422</ele></trkpt>
<trkpt lat="47.80151" lon="13.04491"><ele>422</ele></trkpt>
<trkpt lat="47.80169" lon="13.04518"><ele>424</ele></trkpt>
<trkpt lat="47.80187" lon="13.04516"><ele>424</ele></trkpt>
<trkpt lat="47.80196" lon="13.04522"><ele>425</ele></trkpt>
<trkpt lat="47.80277" lon="13.04612"><ele>430</ele></trkpt>
<trkpt lat="47.80408" lon="13.04787"><ele>430</ele></trkpt>
<trkpt lat="47.80422" lon="13.04817"><ele>430</ele></trkpt>
<trkpt lat="47.80470" lon="13.04963"><ele>430</ele></trkpt>
<trkpt lat="47.80481" lon="13.04971"><ele>430</ele></trkpt>
<trkpt lat="47.80603" lon="13.04875"><ele>427</ele></trkpt>
<trkpt lat="47.80646" lon="13.04999"><ele>428</ele></trkpt>
<trkpt lat="47.80666" lon="13.04984"><ele>428</ele></trkpt>
<trkpt lat="47.80729" lon="13.05260"><ele>428</ele></trkpt>
<trkpt lat="47.80817" lon="13.05533"><ele>430</ele></trkpt>
<trkpt lat="47.80950" lon="13.05500"><ele>430</ele></trkpt>
    </trkseg>
  </trk>
</gpx>
