<?xml version="1.0" encoding="UTF-8"?>
<gpx version="1.1" creator="Gravel Kompass" xmlns="http://www.topografix.com/GPX/1/1">
  <metadata><name>Eichenau–Salzburg: Mangfalltal, Chiemsee-Nordufer &amp; Königssee – Etappe 3</name></metadata>
  <trk>
    <name>Etappe 3: Bad Reichenhall – Salzburg</name>
    <trkseg>
      <trkpt lat="47.723900" lon="12.878296"><ele>470.0</ele></trkpt>
      <trkpt lat="47.724007" lon="12.878401"><ele>470.0</ele></trkpt>
      <trkpt lat="47.723997" lon="12.878431"><ele>470.0</ele></trkpt>
      <trkpt lat="47.724201" lon="12.878676"><ele>470.0</ele></trkpt>
      <trkpt lat="47.724166" lon="12.878736"><ele>470.0</ele></trkpt>
      <trkpt lat="47.724143" lon="12.878777"><ele>470.0</ele></trkpt>
      <trkpt lat="47.723978" lon="12.879059"><ele>470.0</ele></trkpt>
      <trkpt lat="47.723910" lon="12.879172"><ele>469.8</ele></trkpt>
      <trkpt lat="47.723953" lon="12.879231"><ele>469.8</ele></trkpt>
      <trkpt lat="47.723925" lon="12.879279"><ele>469.8</ele></trkpt>
      <trkpt lat="47.723811" lon="12.879465"><ele>469.5</ele></trkpt>
      <trkpt lat="47.723762" lon="12.879550"><ele>469.2</ele></trkpt>
      <trkpt lat="47.723321" lon="12.879027"><ele>470.0</ele></trkpt>
      <trkpt lat="47.723245" lon="12.878961"><ele>470.0</ele></trkpt>
      <trkpt lat="47.722840" lon="12.879149"><ele>471.5</ele></trkpt>
      <trkpt lat="47.722688" lon="12.879235"><ele>472.5</ele></trkpt>
      <trkpt lat="47.722550" lon="12.879306"><ele>474.0</ele></trkpt>
      <trkpt lat="47.722453" lon="12.879507"><ele>477.5</ele></trkpt>
      <trkpt lat="47.722437" lon="12.879618"><ele>479.2</ele></trkpt>
      <trkpt lat="47.722464" lon="12.879752"><ele>481.2</ele></trkpt>
      <trkpt lat="47.722889" lon="12.880235"><ele>486.5</ele></trkpt>
      <trkpt lat="47.722999" lon="12.880389"><ele>488.5</ele></trkpt>
      <trkpt lat="47.723113" lon="12.880550"><ele>492.2</ele></trkpt>
      <trkpt lat="47.723221" lon="12.880855"><ele>499.2</ele></trkpt>
      <trkpt lat="47.723272" lon="12.881096"><ele>500.5</ele></trkpt>
      <trkpt lat="47.723261" lon="12.881227"><ele>500.8</ele></trkpt>
      <trkpt lat="47.723234" lon="12.881353"><ele>501.0</ele></trkpt>
      <trkpt lat="47.723191" lon="12.881447"><ele>501.5</ele></trkpt>
      <trkpt lat="47.723143" lon="12.881553"><ele>502.2</ele></trkpt>
      <trkpt lat="47.723079" lon="12.881689"><ele>503.5</ele></trkpt>
      <trkpt lat="47.722978" lon="12.881860"><ele>505.5</ele></trkpt>
      <trkpt lat="47.722875" lon="12.881960"><ele>507.5</ele></trkpt>
      <trkpt lat="47.722727" lon="12.882040"><ele>510.0</ele></trkpt>
      <trkpt lat="47.722472" lon="12.882160"><ele>514.8</ele></trkpt>
      <trkpt lat="47.722409" lon="12.882221"><ele>515.5</ele></trkpt>
      <trkpt lat="47.722370" lon="12.882295"><ele>516.2</ele></trkpt>
      <trkpt lat="47.722346" lon="12.882381"><ele>517.2</ele></trkpt>
      <trkpt lat="47.722314" lon="12.882814"><ele>520.5</ele></trkpt>
      <trkpt lat="47.722274" lon="12.883841"><ele>523.2</ele></trkpt>
      <trkpt lat="47.722457" lon="12.884470"><ele>524.8</ele></trkpt>
      <trkpt lat="47.723117" lon="12.886293"><ele>526.2</ele></trkpt>
      <trkpt lat="47.723461" lon="12.887252"><ele>527.5</ele></trkpt>
      <trkpt lat="47.723279" lon="12.887616"><ele>529.8</ele></trkpt>
      <trkpt lat="47.723140" lon="12.888319"><ele>531.0</ele></trkpt>
      <trkpt lat="47.723226" lon="12.888299"><ele>531.0</ele></trkpt>
      <trkpt lat="47.723289" lon="12.889793"><ele>526.0</ele></trkpt>
      <trkpt lat="47.723305" lon="12.890599"><ele>521.8</ele></trkpt>
      <trkpt lat="47.723303" lon="12.891311"><ele>518.2</ele></trkpt>
      <trkpt lat="47.723281" lon="12.891942"><ele>517.0</ele></trkpt>
      <trkpt lat="47.723244" lon="12.892714"><ele>516.2</ele></trkpt>
      <trkpt lat="47.723243" lon="12.893164"><ele>516.2</ele></trkpt>
      <trkpt lat="47.723290" lon="12.893520"><ele>516.2</ele></trkpt>
      <trkpt lat="47.723354" lon="12.893921"><ele>517.0</ele></trkpt>
      <trkpt lat="47.723378" lon="12.894262"><ele>517.5</ele></trkpt>
      <trkpt lat="47.723552" lon="12.895703"><ele>520.5</ele></trkpt>
      <trkpt lat="47.723615" lon="12.896421"><ele>522.0</ele></trkpt>
      <trkpt lat="47.723717" lon="12.897043"><ele>522.8</ele></trkpt>
      <trkpt lat="47.723911" lon="12.897993"><ele>522.8</ele></trkpt>
      <trkpt lat="47.723815" lon="12.898214"><ele>523.2</ele></trkpt>
      <trkpt lat="47.723309" lon="12.898620"><ele>527.0</ele></trkpt>
      <trkpt lat="47.722641" lon="12.899057"><ele>531.2</ele></trkpt>
      <trkpt lat="47.722311" lon="12.899358"><ele>533.2</ele></trkpt>
      <trkpt lat="47.722229" lon="12.899246"><ele>533.8</ele></trkpt>
      <trkpt lat="47.721930" lon="12.899606"><ele>535.0</ele></trkpt>
      <trkpt lat="47.721852" lon="12.899694"><ele>535.2</ele></trkpt>
      <trkpt lat="47.721776" lon="12.899749"><ele>535.5</ele></trkpt>
      <trkpt lat="47.721636" lon="12.899901"><ele>535.5</ele></trkpt>
      <trkpt lat="47.721525" lon="12.900116"><ele>535.8</ele></trkpt>
      <trkpt lat="47.721334" lon="12.900403"><ele>535.8</ele></trkpt>
      <trkpt lat="47.721247" lon="12.900431"><ele>536.0</ele></trkpt>
      <trkpt lat="47.721000" lon="12.900751"><ele>537.2</ele></trkpt>
      <trkpt lat="47.720319" lon="12.901365"><ele>538.8</ele></trkpt>
      <trkpt lat="47.720119" lon="12.901471"><ele>539.2</ele></trkpt>
      <trkpt lat="47.719944" lon="12.901454"><ele>539.8</ele></trkpt>
      <trkpt lat="47.719935" lon="12.901658"><ele>539.2</ele></trkpt>
      <trkpt lat="47.720012" lon="12.902362"><ele>536.8</ele></trkpt>
      <trkpt lat="47.720087" lon="12.903273"><ele>535.5</ele></trkpt>
      <trkpt lat="47.720070" lon="12.903340"><ele>535.5</ele></trkpt>
      <trkpt lat="47.720014" lon="12.903374"><ele>535.8</ele></trkpt>
      <trkpt lat="47.719158" lon="12.903541"><ele>538.8</ele></trkpt>
      <trkpt lat="47.719093" lon="12.903541"><ele>538.8</ele></trkpt>
      <trkpt lat="47.719001" lon="12.903547"><ele>538.5</ele></trkpt>
      <trkpt lat="47.718970" lon="12.904090"><ele>538.2</ele></trkpt>
      <trkpt lat="47.718902" lon="12.904634"><ele>538.0</ele></trkpt>
      <trkpt lat="47.718796" lon="12.905148"><ele>538.2</ele></trkpt>
      <trkpt lat="47.718676" lon="12.905567"><ele>538.5</ele></trkpt>
      <trkpt lat="47.718570" lon="12.905929"><ele>540.0</ele></trkpt>
      <trkpt lat="47.718143" lon="12.907106"><ele>543.5</ele></trkpt>
      <trkpt lat="47.718067" lon="12.907380"><ele>544.8</ele></trkpt>
      <trkpt lat="47.717958" lon="12.908125"><ele>547.0</ele></trkpt>
      <trkpt lat="47.717922" lon="12.908612"><ele>548.8</ele></trkpt>
      <trkpt lat="47.717782" lon="12.909581"><ele>551.2</ele></trkpt>
      <trkpt lat="47.717627" lon="12.910396"><ele>554.0</ele></trkpt>
      <trkpt lat="47.717327" lon="12.911510"><ele>556.8</ele></trkpt>
      <trkpt lat="47.717404" lon="12.911579"><ele>556.0</ele></trkpt>
      <trkpt lat="47.717441" lon="12.911614"><ele>556.0</ele></trkpt>
      <trkpt lat="47.717240" lon="12.912294"><ele>557.0</ele></trkpt>
      <trkpt lat="47.717049" lon="12.912779"><ele>557.8</ele></trkpt>
      <trkpt lat="47.716953" lon="12.912962"><ele>557.5</ele></trkpt>
      <trkpt lat="47.716757" lon="12.913387"><ele>559.2</ele></trkpt>
      <trkpt lat="47.716515" lon="12.913911"><ele>563.0</ele></trkpt>
      <trkpt lat="47.715972" lon="12.914958"><ele>567.0</ele></trkpt>
      <trkpt lat="47.715637" lon="12.915665"><ele>568.2</ele></trkpt>
      <trkpt lat="47.715231" lon="12.916598"><ele>570.5</ele></trkpt>
      <trkpt lat="47.714936" lon="12.917430"><ele>572.8</ele></trkpt>
      <trkpt lat="47.714461" lon="12.918461"><ele>575.8</ele></trkpt>
      <trkpt lat="47.714304" lon="12.918876"><ele>577.5</ele></trkpt>
      <trkpt lat="47.714080" lon="12.919514"><ele>580.0</ele></trkpt>
      <trkpt lat="47.713641" lon="12.920705"><ele>583.2</ele></trkpt>
      <trkpt lat="47.713476" lon="12.921157"><ele>585.5</ele></trkpt>
      <trkpt lat="47.713356" lon="12.921433"><ele>586.8</ele></trkpt>
      <trkpt lat="47.713167" lon="12.921802"><ele>588.2</ele></trkpt>
      <trkpt lat="47.712770" lon="12.922367"><ele>591.5</ele></trkpt>
      <trkpt lat="47.712568" lon="12.922721"><ele>592.8</ele></trkpt>
      <trkpt lat="47.712486" lon="12.922821"><ele>593.0</ele></trkpt>
      <trkpt lat="47.712432" lon="12.922868"><ele>593.2</ele></trkpt>
      <trkpt lat="47.712076" lon="12.923151"><ele>595.0</ele></trkpt>
      <trkpt lat="47.711404" lon="12.923814"><ele>597.5</ele></trkpt>
      <trkpt lat="47.711010" lon="12.924141"><ele>600.5</ele></trkpt>
      <trkpt lat="47.710694" lon="12.924340"><ele>603.5</ele></trkpt>
      <trkpt lat="47.710357" lon="12.924460"><ele>605.5</ele></trkpt>
      <trkpt lat="47.710273" lon="12.924704"><ele>605.0</ele></trkpt>
      <trkpt lat="47.710261" lon="12.924797"><ele>604.2</ele></trkpt>
      <trkpt lat="47.710251" lon="12.924911"><ele>603.8</ele></trkpt>
      <trkpt lat="47.710249" lon="12.925223"><ele>604.5</ele></trkpt>
      <trkpt lat="47.710212" lon="12.925740"><ele>607.5</ele></trkpt>
      <trkpt lat="47.710165" lon="12.926078"><ele>607.8</ele></trkpt>
      <trkpt lat="47.709954" lon="12.926802"><ele>610.8</ele></trkpt>
      <trkpt lat="47.709750" lon="12.927281"><ele>617.8</ele></trkpt>
      <trkpt lat="47.709614" lon="12.927526"><ele>621.5</ele></trkpt>
      <trkpt lat="47.709493" lon="12.927662"><ele>625.2</ele></trkpt>
      <trkpt lat="47.709348" lon="12.927803"><ele>626.8</ele></trkpt>
      <trkpt lat="47.709183" lon="12.927877"><ele>628.0</ele></trkpt>
      <trkpt lat="47.708792" lon="12.927950"><ele>633.8</ele></trkpt>
      <trkpt lat="47.708200" lon="12.927977"><ele>641.5</ele></trkpt>
      <trkpt lat="47.708166" lon="12.928024"><ele>642.0</ele></trkpt>
      <trkpt lat="47.708110" lon="12.928109"><ele>643.5</ele></trkpt>
      <trkpt lat="47.707952" lon="12.928393"><ele>647.5</ele></trkpt>
      <trkpt lat="47.707899" lon="12.928520"><ele>648.0</ele></trkpt>
      <trkpt lat="47.707765" lon="12.929032"><ele>651.5</ele></trkpt>
      <trkpt lat="47.707687" lon="12.929206"><ele>653.8</ele></trkpt>
      <trkpt lat="47.707469" lon="12.929520"><ele>654.0</ele></trkpt>
      <trkpt lat="47.707383" lon="12.929582"><ele>655.0</ele></trkpt>
      <trkpt lat="47.707241" lon="12.929605"><ele>655.5</ele></trkpt>
      <trkpt lat="47.707093" lon="12.929682"><ele>655.8</ele></trkpt>
      <trkpt lat="47.706898" lon="12.929724"><ele>655.0</ele></trkpt>
      <trkpt lat="47.706646" lon="12.929844"><ele>656.0</ele></trkpt>
      <trkpt lat="47.706391" lon="12.929967"><ele>658.5</ele></trkpt>
      <trkpt lat="47.706192" lon="12.930018"><ele>661.8</ele></trkpt>
      <trkpt lat="47.706082" lon="12.930128"><ele>664.0</ele></trkpt>
      <trkpt lat="47.705950" lon="12.930237"><ele>665.2</ele></trkpt>
      <trkpt lat="47.705527" lon="12.930357"><ele>671.0</ele></trkpt>
      <trkpt lat="47.705311" lon="12.930616"><ele>674.8</ele></trkpt>
      <trkpt lat="47.705094" lon="12.930940"><ele>678.0</ele></trkpt>
      <trkpt lat="47.704685" lon="12.931317"><ele>680.0</ele></trkpt>
      <trkpt lat="47.704192" lon="12.932038"><ele>683.2</ele></trkpt>
      <trkpt lat="47.703786" lon="12.932457"><ele>686.0</ele></trkpt>
      <trkpt lat="47.703604" lon="12.932594"><ele>687.0</ele></trkpt>
      <trkpt lat="47.703402" lon="12.932714"><ele>687.8</ele></trkpt>
      <trkpt lat="47.703339" lon="12.932758"><ele>687.8</ele></trkpt>
      <trkpt lat="47.703175" lon="12.932874"><ele>689.8</ele></trkpt>
      <trkpt lat="47.702730" lon="12.933256"><ele>694.8</ele></trkpt>
      <trkpt lat="47.702083" lon="12.933615"><ele>695.0</ele></trkpt>
      <trkpt lat="47.701403" lon="12.934005"><ele>697.2</ele></trkpt>
      <trkpt lat="47.701084" lon="12.934340"><ele>695.8</ele></trkpt>
      <trkpt lat="47.701013" lon="12.934610"><ele>697.2</ele></trkpt>
      <trkpt lat="47.701011" lon="12.934819"><ele>698.2</ele></trkpt>
      <trkpt lat="47.700961" lon="12.934999"><ele>698.8</ele></trkpt>
      <trkpt lat="47.700862" lon="12.935267"><ele>698.5</ele></trkpt>
      <trkpt lat="47.700763" lon="12.935504"><ele>697.2</ele></trkpt>
      <trkpt lat="47.700363" lon="12.936649"><ele>692.5</ele></trkpt>
      <trkpt lat="47.700250" lon="12.936818"><ele>690.8</ele></trkpt>
      <trkpt lat="47.700165" lon="12.936835"><ele>690.0</ele></trkpt>
      <trkpt lat="47.699996" lon="12.936862"><ele>689.0</ele></trkpt>
      <trkpt lat="47.699855" lon="12.936895"><ele>689.0</ele></trkpt>
      <trkpt lat="47.699734" lon="12.936935"><ele>688.8</ele></trkpt>
      <trkpt lat="47.699561" lon="12.937019"><ele>689.0</ele></trkpt>
      <trkpt lat="47.699327" lon="12.937141"><ele>688.0</ele></trkpt>
      <trkpt lat="47.699154" lon="12.937299"><ele>687.2</ele></trkpt>
      <trkpt lat="47.698627" lon="12.938181"><ele>684.2</ele></trkpt>
      <trkpt lat="47.698400" lon="12.938429"><ele>682.0</ele></trkpt>
      <trkpt lat="47.698198" lon="12.938927"><ele>680.5</ele></trkpt>
      <trkpt lat="47.698131" lon="12.939140"><ele>680.0</ele></trkpt>
      <trkpt lat="47.698041" lon="12.939905"><ele>679.2</ele></trkpt>
      <trkpt lat="47.697443" lon="12.940493"><ele>680.0</ele></trkpt>
      <trkpt lat="47.697186" lon="12.940827"><ele>680.2</ele></trkpt>
      <trkpt lat="47.696939" lon="12.941198"><ele>682.0</ele></trkpt>
      <trkpt lat="47.696536" lon="12.941417"><ele>684.2</ele></trkpt>
      <trkpt lat="47.696332" lon="12.941546"><ele>686.0</ele></trkpt>
      <trkpt lat="47.695932" lon="12.941976"><ele>689.5</ele></trkpt>
      <trkpt lat="47.695778" lon="12.942180"><ele>690.8</ele></trkpt>
      <trkpt lat="47.695674" lon="12.942252"><ele>690.5</ele></trkpt>
      <trkpt lat="47.695578" lon="12.942295"><ele>690.0</ele></trkpt>
      <trkpt lat="47.695459" lon="12.942361"><ele>689.2</ele></trkpt>
      <trkpt lat="47.695308" lon="12.942529"><ele>689.5</ele></trkpt>
      <trkpt lat="47.695007" lon="12.942736"><ele>690.5</ele></trkpt>
      <trkpt lat="47.694635" lon="12.942611"><ele>691.0</ele></trkpt>
      <trkpt lat="47.694436" lon="12.942492"><ele>689.8</ele></trkpt>
      <trkpt lat="47.693903" lon="12.942259"><ele>689.2</ele></trkpt>
      <trkpt lat="47.693799" lon="12.942241"><ele>689.0</ele></trkpt>
      <trkpt lat="47.693641" lon="12.942237"><ele>689.0</ele></trkpt>
      <trkpt lat="47.693339" lon="12.942318"><ele>688.5</ele></trkpt>
      <trkpt lat="47.692971" lon="12.942482"><ele>686.2</ele></trkpt>
      <trkpt lat="47.692668" lon="12.942663"><ele>684.8</ele></trkpt>
      <trkpt lat="47.692193" lon="12.943073"><ele>683.8</ele></trkpt>
      <trkpt lat="47.692099" lon="12.943125"><ele>683.5</ele></trkpt>
      <trkpt lat="47.691856" lon="12.942871"><ele>680.0</ele></trkpt>
      <trkpt lat="47.691754" lon="12.942791"><ele>679.2</ele></trkpt>
      <trkpt lat="47.691652" lon="12.942727"><ele>678.8</ele></trkpt>
      <trkpt lat="47.691373" lon="12.942525"><ele>679.0</ele></trkpt>
      <trkpt lat="47.691227" lon="12.942468"><ele>678.8</ele></trkpt>
      <trkpt lat="47.690447" lon="12.942094"><ele>679.8</ele></trkpt>
      <trkpt lat="47.689573" lon="12.941803"><ele>681.5</ele></trkpt>
      <trkpt lat="47.689369" lon="12.941684"><ele>681.2</ele></trkpt>
      <trkpt lat="47.688762" lon="12.941225"><ele>681.8</ele></trkpt>
      <trkpt lat="47.688221" lon="12.940889"><ele>682.8</ele></trkpt>
      <trkpt lat="47.688048" lon="12.940806"><ele>684.0</ele></trkpt>
      <trkpt lat="47.687875" lon="12.940766"><ele>684.2</ele></trkpt>
      <trkpt lat="47.687758" lon="12.940737"><ele>684.5</ele></trkpt>
      <trkpt lat="47.687701" lon="12.940685"><ele>684.5</ele></trkpt>
      <trkpt lat="47.687626" lon="12.940491"><ele>684.2</ele></trkpt>
      <trkpt lat="47.687583" lon="12.940336"><ele>684.0</ele></trkpt>
      <trkpt lat="47.687568" lon="12.940243"><ele>683.8</ele></trkpt>
      <trkpt lat="47.687570" lon="12.940187"><ele>683.5</ele></trkpt>
      <trkpt lat="47.687585" lon="12.940125"><ele>683.2</ele></trkpt>
      <trkpt lat="47.687624" lon="12.940023"><ele>682.5</ele></trkpt>
      <trkpt lat="47.687646" lon="12.939912"><ele>682.0</ele></trkpt>
      <trkpt lat="47.687648" lon="12.939817"><ele>681.8</ele></trkpt>
      <trkpt lat="47.687614" lon="12.939457"><ele>681.0</ele></trkpt>
      <trkpt lat="47.687591" lon="12.939206"><ele>681.0</ele></trkpt>
      <trkpt lat="47.687582" lon="12.939025"><ele>681.2</ele></trkpt>
      <trkpt lat="47.687586" lon="12.938911"><ele>681.5</ele></trkpt>
      <trkpt lat="47.687405" lon="12.938919"><ele>681.8</ele></trkpt>
      <trkpt lat="47.687250" lon="12.938899"><ele>681.8</ele></trkpt>
      <trkpt lat="47.686845" lon="12.938771"><ele>681.8</ele></trkpt>
      <trkpt lat="47.686270" lon="12.938569"><ele>682.5</ele></trkpt>
      <trkpt lat="47.685390" lon="12.938277"><ele>682.0</ele></trkpt>
      <trkpt lat="47.685202" lon="12.938191"><ele>682.0</ele></trkpt>
      <trkpt lat="47.685246" lon="12.937791"><ele>684.8</ele></trkpt>
      <trkpt lat="47.685066" lon="12.937761"><ele>684.2</ele></trkpt>
      <trkpt lat="47.684750" lon="12.937683"><ele>683.5</ele></trkpt>
      <trkpt lat="47.684284" lon="12.937533"><ele>683.0</ele></trkpt>
      <trkpt lat="47.683553" lon="12.937261"><ele>681.2</ele></trkpt>
      <trkpt lat="47.683474" lon="12.937235"><ele>680.8</ele></trkpt>
      <trkpt lat="47.683364" lon="12.937213"><ele>680.2</ele></trkpt>
      <trkpt lat="47.683305" lon="12.937185"><ele>680.0</ele></trkpt>
      <trkpt lat="47.683262" lon="12.937153"><ele>680.0</ele></trkpt>
      <trkpt lat="47.683239" lon="12.937094"><ele>680.2</ele></trkpt>
      <trkpt lat="47.683163" lon="12.936895"><ele>681.0</ele></trkpt>
      <trkpt lat="47.683137" lon="12.936855"><ele>681.0</ele></trkpt>
      <trkpt lat="47.683093" lon="12.936822"><ele>681.0</ele></trkpt>
      <trkpt lat="47.682408" lon="12.936531"><ele>680.0</ele></trkpt>
      <trkpt lat="47.682324" lon="12.936497"><ele>680.0</ele></trkpt>
      <trkpt lat="47.682270" lon="12.936474"><ele>680.0</ele></trkpt>
      <trkpt lat="47.682083" lon="12.936385"><ele>679.5</ele></trkpt>
      <trkpt lat="47.681996" lon="12.936352"><ele>679.0</ele></trkpt>
      <trkpt lat="47.681902" lon="12.936337"><ele>678.8</ele></trkpt>
      <trkpt lat="47.681827" lon="12.936315"><ele>678.5</ele></trkpt>
      <trkpt lat="47.681697" lon="12.936251"><ele>678.0</ele></trkpt>
      <trkpt lat="47.681499" lon="12.936185"><ele>677.0</ele></trkpt>
      <trkpt lat="47.680863" lon="12.935903"><ele>675.0</ele></trkpt>
      <trkpt lat="47.680745" lon="12.935830"><ele>675.0</ele></trkpt>
      <trkpt lat="47.680686" lon="12.935775"><ele>675.0</ele></trkpt>
      <trkpt lat="47.680533" lon="12.935629"><ele>675.5</ele></trkpt>
      <trkpt lat="47.680492" lon="12.935608"><ele>675.8</ele></trkpt>
      <trkpt lat="47.680447" lon="12.935598"><ele>675.8</ele></trkpt>
      <trkpt lat="47.680209" lon="12.935594"><ele>675.2</ele></trkpt>
      <trkpt lat="47.679969" lon="12.935569"><ele>674.0</ele></trkpt>
      <trkpt lat="47.679914" lon="12.935572"><ele>674.0</ele></trkpt>
      <trkpt lat="47.679807" lon="12.935629"><ele>674.0</ele></trkpt>
      <trkpt lat="47.679571" lon="12.935673"><ele>673.2</ele></trkpt>
      <trkpt lat="47.679529" lon="12.935683"><ele>673.0</ele></trkpt>
      <trkpt lat="47.679422" lon="12.935711"><ele>672.8</ele></trkpt>
      <trkpt lat="47.679297" lon="12.935767"><ele>672.2</ele></trkpt>
      <trkpt lat="47.678616" lon="12.936115"><ele>670.0</ele></trkpt>
      <trkpt lat="47.678271" lon="12.936306"><ele>669.2</ele></trkpt>
      <trkpt lat="47.677763" lon="12.936614"><ele>668.8</ele></trkpt>
      <trkpt lat="47.677722" lon="12.936635"><ele>668.8</ele></trkpt>
      <trkpt lat="47.677664" lon="12.936614"><ele>668.5</ele></trkpt>
      <trkpt lat="47.677626" lon="12.936625"><ele>668.5</ele></trkpt>
      <trkpt lat="47.677578" lon="12.936677"><ele>668.2</ele></trkpt>
      <trkpt lat="47.677532" lon="12.936724"><ele>668.0</ele></trkpt>
      <trkpt lat="47.677503" lon="12.936792"><ele>668.0</ele></trkpt>
      <trkpt lat="47.677475" lon="12.936835"><ele>667.8</ele></trkpt>
      <trkpt lat="47.677439" lon="12.936873"><ele>667.8</ele></trkpt>
      <trkpt lat="47.677097" lon="12.937131"><ele>667.0</ele></trkpt>
      <trkpt lat="47.677043" lon="12.937162"><ele>667.0</ele></trkpt>
      <trkpt lat="47.676981" lon="12.937176"><ele>667.0</ele></trkpt>
      <trkpt lat="47.676916" lon="12.937182"><ele>667.0</ele></trkpt>
      <trkpt lat="47.676833" lon="12.937205"><ele>667.0</ele></trkpt>
      <trkpt lat="47.676767" lon="12.937238"><ele>666.8</ele></trkpt>
      <trkpt lat="47.676692" lon="12.937283"><ele>666.8</ele></trkpt>
      <trkpt lat="47.676498" lon="12.937444"><ele>665.8</ele></trkpt>
      <trkpt lat="47.676384" lon="12.937528"><ele>665.0</ele></trkpt>
      <trkpt lat="47.676267" lon="12.937594"><ele>665.0</ele></trkpt>
      <trkpt lat="47.676058" lon="12.937694"><ele>664.0</ele></trkpt>
      <trkpt lat="47.675986" lon="12.937705"><ele>664.0</ele></trkpt>
      <trkpt lat="47.675901" lon="12.937705"><ele>664.2</ele></trkpt>
      <trkpt lat="47.675618" lon="12.937681"><ele>664.0</ele></trkpt>
      <trkpt lat="47.675479" lon="12.937707"><ele>664.0</ele></trkpt>
      <trkpt lat="47.675384" lon="12.937831"><ele>663.8</ele></trkpt>
      <trkpt lat="47.675285" lon="12.937946"><ele>663.2</ele></trkpt>
      <trkpt lat="47.675212" lon="12.938006"><ele>663.0</ele></trkpt>
      <trkpt lat="47.675116" lon="12.938052"><ele>662.2</ele></trkpt>
      <trkpt lat="47.674703" lon="12.938206"><ele>662.8</ele></trkpt>
      <trkpt lat="47.674587" lon="12.938314"><ele>662.5</ele></trkpt>
      <trkpt lat="47.674466" lon="12.938428"><ele>662.5</ele></trkpt>
      <trkpt lat="47.674327" lon="12.938558"><ele>662.0</ele></trkpt>
      <trkpt lat="47.674105" lon="12.938925"><ele>660.5</ele></trkpt>
      <trkpt lat="47.674052" lon="12.938989"><ele>660.0</ele></trkpt>
      <trkpt lat="47.674008" lon="12.939042"><ele>659.8</ele></trkpt>
      <trkpt lat="47.673844" lon="12.939113"><ele>659.0</ele></trkpt>
      <trkpt lat="47.673662" lon="12.939175"><ele>659.0</ele></trkpt>
      <trkpt lat="47.673542" lon="12.939196"><ele>658.8</ele></trkpt>
      <trkpt lat="47.673328" lon="12.939129"><ele>659.0</ele></trkpt>
      <trkpt lat="47.673236" lon="12.939152"><ele>659.0</ele></trkpt>
      <trkpt lat="47.673146" lon="12.939220"><ele>658.5</ele></trkpt>
      <trkpt lat="47.672553" lon="12.939791"><ele>657.0</ele></trkpt>
      <trkpt lat="47.672302" lon="12.940032"><ele>656.2</ele></trkpt>
      <trkpt lat="47.671658" lon="12.940558"><ele>655.8</ele></trkpt>
      <trkpt lat="47.671661" lon="12.940744"><ele>653.8</ele></trkpt>
      <trkpt lat="47.671664" lon="12.940912"><ele>654.0</ele></trkpt>
      <trkpt lat="47.671665" lon="12.941142"><ele>656.8</ele></trkpt>
      <trkpt lat="47.671667" lon="12.941189"><ele>657.0</ele></trkpt>
      <trkpt lat="47.671667" lon="12.941217"><ele>657.0</ele></trkpt>
      <trkpt lat="47.671660" lon="12.941314"><ele>656.8</ele></trkpt>
      <trkpt lat="47.671668" lon="12.941379"><ele>657.0</ele></trkpt>
      <trkpt lat="47.671620" lon="12.941425"><ele>656.8</ele></trkpt>
      <trkpt lat="47.671426" lon="12.941562"><ele>656.8</ele></trkpt>
      <trkpt lat="47.671261" lon="12.941718"><ele>656.5</ele></trkpt>
      <trkpt lat="47.671214" lon="12.941794"><ele>656.2</ele></trkpt>
      <trkpt lat="47.671141" lon="12.941822"><ele>656.0</ele></trkpt>
      <trkpt lat="47.671061" lon="12.941896"><ele>655.8</ele></trkpt>
      <trkpt lat="47.671015" lon="12.941920"><ele>655.5</ele></trkpt>
      <trkpt lat="47.670842" lon="12.941975"><ele>655.0</ele></trkpt>
      <trkpt lat="47.670743" lon="12.942014"><ele>654.8</ele></trkpt>
      <trkpt lat="47.670663" lon="12.942056"><ele>654.5</ele></trkpt>
      <trkpt lat="47.670267" lon="12.942321"><ele>653.2</ele></trkpt>
      <trkpt lat="47.670378" lon="12.942742"><ele>654.2</ele></trkpt>
      <trkpt lat="47.670417" lon="12.943106"><ele>656.5</ele></trkpt>
      <trkpt lat="47.670373" lon="12.943310"><ele>658.2</ele></trkpt>
      <trkpt lat="47.669875" lon="12.944345"><ele>651.5</ele></trkpt>
      <trkpt lat="47.669666" lon="12.944801"><ele>650.5</ele></trkpt>
      <trkpt lat="47.669403" lon="12.945616"><ele>650.8</ele></trkpt>
      <trkpt lat="47.669176" lon="12.945922"><ele>651.2</ele></trkpt>
      <trkpt lat="47.669031" lon="12.946207"><ele>652.5</ele></trkpt>
      <trkpt lat="47.668905" lon="12.946503"><ele>653.8</ele></trkpt>
      <trkpt lat="47.668734" lon="12.946959"><ele>655.8</ele></trkpt>
      <trkpt lat="47.668643" lon="12.947064"><ele>656.0</ele></trkpt>
      <trkpt lat="47.668434" lon="12.947149"><ele>655.2</ele></trkpt>
      <trkpt lat="47.668273" lon="12.947162"><ele>654.0</ele></trkpt>
      <trkpt lat="47.668181" lon="12.947181"><ele>653.2</ele></trkpt>
      <trkpt lat="47.668088" lon="12.947241"><ele>652.2</ele></trkpt>
      <trkpt lat="47.667563" lon="12.947654"><ele>649.5</ele></trkpt>
      <trkpt lat="47.667267" lon="12.947845"><ele>647.5</ele></trkpt>
      <trkpt lat="47.667097" lon="12.947981"><ele>646.0</ele></trkpt>
      <trkpt lat="47.666993" lon="12.948044"><ele>644.5</ele></trkpt>
      <trkpt lat="47.666919" lon="12.948066"><ele>643.8</ele></trkpt>
      <trkpt lat="47.666825" lon="12.948357"><ele>642.5</ele></trkpt>
      <trkpt lat="47.666733" lon="12.948604"><ele>642.2</ele></trkpt>
      <trkpt lat="47.666577" lon="12.948990"><ele>642.0</ele></trkpt>
      <trkpt lat="47.666353" lon="12.949543"><ele>640.8</ele></trkpt>
      <trkpt lat="47.666288" lon="12.949677"><ele>640.5</ele></trkpt>
      <trkpt lat="47.666167" lon="12.949880"><ele>640.0</ele></trkpt>
      <trkpt lat="47.665935" lon="12.950161"><ele>639.0</ele></trkpt>
      <trkpt lat="47.665779" lon="12.950337"><ele>638.5</ele></trkpt>
      <trkpt lat="47.665497" lon="12.950780"><ele>637.8</ele></trkpt>
      <trkpt lat="47.665427" lon="12.950871"><ele>637.2</ele></trkpt>
      <trkpt lat="47.665358" lon="12.950951"><ele>637.0</ele></trkpt>
      <trkpt lat="47.665065" lon="12.951263"><ele>636.0</ele></trkpt>
      <trkpt lat="47.664718" lon="12.951607"><ele>635.8</ele></trkpt>
      <trkpt lat="47.664219" lon="12.952181"><ele>635.0</ele></trkpt>
      <trkpt lat="47.664179" lon="12.952241"><ele>635.0</ele></trkpt>
      <trkpt lat="47.664106" lon="12.952352"><ele>634.8</ele></trkpt>
      <trkpt lat="47.664051" lon="12.952420"><ele>634.5</ele></trkpt>
      <trkpt lat="47.663951" lon="12.952515"><ele>634.0</ele></trkpt>
      <trkpt lat="47.663676" lon="12.952751"><ele>634.0</ele></trkpt>
      <trkpt lat="47.663492" lon="12.952888"><ele>633.5</ele></trkpt>
      <trkpt lat="47.663084" lon="12.953141"><ele>633.0</ele></trkpt>
      <trkpt lat="47.663047" lon="12.953153"><ele>633.0</ele></trkpt>
      <trkpt lat="47.663002" lon="12.953148"><ele>633.0</ele></trkpt>
      <trkpt lat="47.662950" lon="12.953172"><ele>633.0</ele></trkpt>
      <trkpt lat="47.662773" lon="12.953281"><ele>633.8</ele></trkpt>
      <trkpt lat="47.662623" lon="12.953382"><ele>633.5</ele></trkpt>
      <trkpt lat="47.662491" lon="12.953522"><ele>633.5</ele></trkpt>
      <trkpt lat="47.662378" lon="12.953613"><ele>633.5</ele></trkpt>
      <trkpt lat="47.661585" lon="12.954177"><ele>631.8</ele></trkpt>
      <trkpt lat="47.661255" lon="12.954352"><ele>631.5</ele></trkpt>
      <trkpt lat="47.659813" lon="12.954968"><ele>627.0</ele></trkpt>
      <trkpt lat="47.659616" lon="12.955041"><ele>627.0</ele></trkpt>
      <trkpt lat="47.659465" lon="12.955114"><ele>626.8</ele></trkpt>
      <trkpt lat="47.659339" lon="12.955211"><ele>626.8</ele></trkpt>
      <trkpt lat="47.659255" lon="12.955256"><ele>626.5</ele></trkpt>
      <trkpt lat="47.659136" lon="12.955297"><ele>626.2</ele></trkpt>
      <trkpt lat="47.659075" lon="12.955297"><ele>626.2</ele></trkpt>
      <trkpt lat="47.658933" lon="12.955327"><ele>626.5</ele></trkpt>
      <trkpt lat="47.658381" lon="12.955564"><ele>625.2</ele></trkpt>
      <trkpt lat="47.658112" lon="12.955690"><ele>625.2</ele></trkpt>
      <trkpt lat="47.658000" lon="12.955730"><ele>624.8</ele></trkpt>
      <trkpt lat="47.657565" lon="12.955945"><ele>625.5</ele></trkpt>
      <trkpt lat="47.657075" lon="12.956174"><ele>625.0</ele></trkpt>
      <trkpt lat="47.656807" lon="12.956318"><ele>623.8</ele></trkpt>
      <trkpt lat="47.656676" lon="12.956441"><ele>624.0</ele></trkpt>
      <trkpt lat="47.656589" lon="12.956548"><ele>623.8</ele></trkpt>
      <trkpt lat="47.656410" lon="12.956809"><ele>624.0</ele></trkpt>
      <trkpt lat="47.656328" lon="12.956933"><ele>624.0</ele></trkpt>
      <trkpt lat="47.656160" lon="12.957150"><ele>623.0</ele></trkpt>
      <trkpt lat="47.656040" lon="12.957290"><ele>622.8</ele></trkpt>
      <trkpt lat="47.655800" lon="12.957534"><ele>621.8</ele></trkpt>
      <trkpt lat="47.655455" lon="12.957927"><ele>620.8</ele></trkpt>
      <trkpt lat="47.655399" lon="12.957837"><ele>619.2</ele></trkpt>
      <trkpt lat="47.655370" lon="12.957797"><ele>618.5</ele></trkpt>
      <trkpt lat="47.655298" lon="12.957679"><ele>618.0</ele></trkpt>
      <trkpt lat="47.655278" lon="12.957653"><ele>618.2</ele></trkpt>
      <trkpt lat="47.655235" lon="12.957586"><ele>619.2</ele></trkpt>
      <trkpt lat="47.655133" lon="12.957716"><ele>619.2</ele></trkpt>
      <trkpt lat="47.655106" lon="12.957753"><ele>619.5</ele></trkpt>
      <trkpt lat="47.654976" lon="12.957901"><ele>619.8</ele></trkpt>
      <trkpt lat="47.654871" lon="12.958008"><ele>619.2</ele></trkpt>
      <trkpt lat="47.654726" lon="12.958135"><ele>619.2</ele></trkpt>
      <trkpt lat="47.654565" lon="12.958264"><ele>619.8</ele></trkpt>
      <trkpt lat="47.654327" lon="12.958427"><ele>619.2</ele></trkpt>
      <trkpt lat="47.653688" lon="12.958804"><ele>617.8</ele></trkpt>
      <trkpt lat="47.652960" lon="12.959317"><ele>619.2</ele></trkpt>
      <trkpt lat="47.652473" lon="12.959590"><ele>616.8</ele></trkpt>
      <trkpt lat="47.651991" lon="12.959799"><ele>615.0</ele></trkpt>
      <trkpt lat="47.651674" lon="12.959992"><ele>615.0</ele></trkpt>
      <trkpt lat="47.651658" lon="12.960065"><ele>615.0</ele></trkpt>
      <trkpt lat="47.651647" lon="12.960088"><ele>615.0</ele></trkpt>
      <trkpt lat="47.651637" lon="12.960107"><ele>615.2</ele></trkpt>
      <trkpt lat="47.651577" lon="12.960165"><ele>615.5</ele></trkpt>
      <trkpt lat="47.651230" lon="12.960434"><ele>614.8</ele></trkpt>
      <trkpt lat="47.650878" lon="12.960708"><ele>614.2</ele></trkpt>
      <trkpt lat="47.650748" lon="12.960690"><ele>615.8</ele></trkpt>
      <trkpt lat="47.650632" lon="12.960777"><ele>616.0</ele></trkpt>
      <trkpt lat="47.650151" lon="12.961249"><ele>614.5</ele></trkpt>
      <trkpt lat="47.649939" lon="12.961517"><ele>613.2</ele></trkpt>
      <trkpt lat="47.649740" lon="12.961767"><ele>613.0</ele></trkpt>
      <trkpt lat="47.649598" lon="12.961967"><ele>612.8</ele></trkpt>
      <trkpt lat="47.649521" lon="12.961923"><ele>613.8</ele></trkpt>
      <trkpt lat="47.649428" lon="12.961954"><ele>614.5</ele></trkpt>
      <trkpt lat="47.649325" lon="12.962028"><ele>616.8</ele></trkpt>
      <trkpt lat="47.648992" lon="12.962383"><ele>618.5</ele></trkpt>
      <trkpt lat="47.648950" lon="12.962405"><ele>619.5</ele></trkpt>
      <trkpt lat="47.648908" lon="12.962370"><ele>620.8</ele></trkpt>
      <trkpt lat="47.648806" lon="12.962061"><ele>625.0</ele></trkpt>
      <trkpt lat="47.648773" lon="12.961949"><ele>626.2</ele></trkpt>
      <trkpt lat="47.648711" lon="12.961860"><ele>627.0</ele></trkpt>
      <trkpt lat="47.648649" lon="12.961811"><ele>627.8</ele></trkpt>
      <trkpt lat="47.648604" lon="12.961786"><ele>628.0</ele></trkpt>
      <trkpt lat="47.648463" lon="12.961756"><ele>629.2</ele></trkpt>
      <trkpt lat="47.648394" lon="12.961760"><ele>629.8</ele></trkpt>
      <trkpt lat="47.648324" lon="12.961763"><ele>630.2</ele></trkpt>
      <trkpt lat="47.647758" lon="12.961995"><ele>633.8</ele></trkpt>
      <trkpt lat="47.647418" lon="12.962161"><ele>635.0</ele></trkpt>
      <trkpt lat="47.647100" lon="12.962344"><ele>635.8</ele></trkpt>
      <trkpt lat="47.646847" lon="12.962564"><ele>634.8</ele></trkpt>
      <trkpt lat="47.646717" lon="12.962717"><ele>633.5</ele></trkpt>
      <trkpt lat="47.646614" lon="12.962859"><ele>632.5</ele></trkpt>
      <trkpt lat="47.646571" lon="12.962920"><ele>632.2</ele></trkpt>
      <trkpt lat="47.646432" lon="12.963148"><ele>631.0</ele></trkpt>
      <trkpt lat="47.646027" lon="12.963599"><ele>629.2</ele></trkpt>
      <trkpt lat="47.645797" lon="12.963803"><ele>628.5</ele></trkpt>
      <trkpt lat="47.645577" lon="12.963983"><ele>627.2</ele></trkpt>
      <trkpt lat="47.645346" lon="12.964171"><ele>626.5</ele></trkpt>
      <trkpt lat="47.645186" lon="12.964303"><ele>625.5</ele></trkpt>
      <trkpt lat="47.644940" lon="12.964491"><ele>623.8</ele></trkpt>
      <trkpt lat="47.644680" lon="12.964706"><ele>621.8</ele></trkpt>
      <trkpt lat="47.644386" lon="12.964790"><ele>620.5</ele></trkpt>
      <trkpt lat="47.644101" lon="12.964860"><ele>619.8</ele></trkpt>
      <trkpt lat="47.643815" lon="12.964886"><ele>618.5</ele></trkpt>
      <trkpt lat="47.643598" lon="12.964795"><ele>618.2</ele></trkpt>
      <trkpt lat="47.643079" lon="12.964166"><ele>620.0</ele></trkpt>
      <trkpt lat="47.642704" lon="12.963884"><ele>620.8</ele></trkpt>
      <trkpt lat="47.641988" lon="12.963480"><ele>619.5</ele></trkpt>
      <trkpt lat="47.641651" lon="12.963271"><ele>618.5</ele></trkpt>
      <trkpt lat="47.641575" lon="12.963225"><ele>619.0</ele></trkpt>
      <trkpt lat="47.641472" lon="12.963205"><ele>619.2</ele></trkpt>
      <trkpt lat="47.641328" lon="12.963213"><ele>619.0</ele></trkpt>
      <trkpt lat="47.641222" lon="12.963241"><ele>618.2</ele></trkpt>
      <trkpt lat="47.641118" lon="12.963296"><ele>617.2</ele></trkpt>
      <trkpt lat="47.640916" lon="12.963465"><ele>616.8</ele></trkpt>
      <trkpt lat="47.640767" lon="12.963537"><ele>616.5</ele></trkpt>
      <trkpt lat="47.640615" lon="12.963568"><ele>616.2</ele></trkpt>
      <trkpt lat="47.640290" lon="12.963558"><ele>616.2</ele></trkpt>
      <trkpt lat="47.640052" lon="12.963506"><ele>617.2</ele></trkpt>
      <trkpt lat="47.639668" lon="12.963494"><ele>618.0</ele></trkpt>
      <trkpt lat="47.639274" lon="12.963396"><ele>619.0</ele></trkpt>
      <trkpt lat="47.638889" lon="12.963187"><ele>618.5</ele></trkpt>
      <trkpt lat="47.638720" lon="12.963172"><ele>618.5</ele></trkpt>
      <trkpt lat="47.638609" lon="12.963190"><ele>618.5</ele></trkpt>
      <trkpt lat="47.638481" lon="12.963232"><ele>617.5</ele></trkpt>
      <trkpt lat="47.638201" lon="12.963401"><ele>616.8</ele></trkpt>
      <trkpt lat="47.638020" lon="12.963534"><ele>616.0</ele></trkpt>
      <trkpt lat="47.637856" lon="12.963635"><ele>614.5</ele></trkpt>
      <trkpt lat="47.637649" lon="12.963771"><ele>614.0</ele></trkpt>
      <trkpt lat="47.637065" lon="12.963870"><ele>613.0</ele></trkpt>
      <trkpt lat="47.636621" lon="12.963934"><ele>612.0</ele></trkpt>
      <trkpt lat="47.636415" lon="12.963974"><ele>612.0</ele></trkpt>
      <trkpt lat="47.636290" lon="12.964010"><ele>611.5</ele></trkpt>
      <trkpt lat="47.636234" lon="12.964040"><ele>611.2</ele></trkpt>
      <trkpt lat="47.635903" lon="12.964271"><ele>609.0</ele></trkpt>
      <trkpt lat="47.635740" lon="12.964359"><ele>608.5</ele></trkpt>
      <trkpt lat="47.635640" lon="12.964389"><ele>608.2</ele></trkpt>
      <trkpt lat="47.635435" lon="12.964406"><ele>608.0</ele></trkpt>
      <trkpt lat="47.635052" lon="12.964525"><ele>607.8</ele></trkpt>
      <trkpt lat="47.634883" lon="12.964591"><ele>608.0</ele></trkpt>
      <trkpt lat="47.634458" lon="12.964837"><ele>607.8</ele></trkpt>
      <trkpt lat="47.634340" lon="12.964929"><ele>608.0</ele></trkpt>
      <trkpt lat="47.634161" lon="12.965049"><ele>607.5</ele></trkpt>
      <trkpt lat="47.633969" lon="12.965098"><ele>607.5</ele></trkpt>
      <trkpt lat="47.633650" lon="12.965155"><ele>607.8</ele></trkpt>
      <trkpt lat="47.633391" lon="12.965236"><ele>608.8</ele></trkpt>
      <trkpt lat="47.633121" lon="12.965295"><ele>609.5</ele></trkpt>
      <trkpt lat="47.632995" lon="12.965290"><ele>609.5</ele></trkpt>
      <trkpt lat="47.632879" lon="12.965256"><ele>609.2</ele></trkpt>
      <trkpt lat="47.632617" lon="12.965154"><ele>609.5</ele></trkpt>
      <trkpt lat="47.632480" lon="12.965037"><ele>610.2</ele></trkpt>
      <trkpt lat="47.632129" lon="12.964683"><ele>608.8</ele></trkpt>
      <trkpt lat="47.631786" lon="12.964431"><ele>607.8</ele></trkpt>
      <trkpt lat="47.631653" lon="12.964444"><ele>606.8</ele></trkpt>
      <trkpt lat="47.631532" lon="12.964563"><ele>606.5</ele></trkpt>
      <trkpt lat="47.631439" lon="12.964940"><ele>609.0</ele></trkpt>
      <trkpt lat="47.631167" lon="12.965443"><ele>610.8</ele></trkpt>
      <trkpt lat="47.630955" lon="12.965876"><ele>611.0</ele></trkpt>
      <trkpt lat="47.630778" lon="12.966360"><ele>612.5</ele></trkpt>
      <trkpt lat="47.630706" lon="12.966515"><ele>612.5</ele></trkpt>
      <trkpt lat="47.630548" lon="12.966612"><ele>612.8</ele></trkpt>
      <trkpt lat="47.630201" lon="12.966850"><ele>613.8</ele></trkpt>
      <trkpt lat="47.630034" lon="12.967038"><ele>614.2</ele></trkpt>
      <trkpt lat="47.629816" lon="12.967242"><ele>616.5</ele></trkpt>
      <trkpt lat="47.629678" lon="12.967352"><ele>619.0</ele></trkpt>
      <trkpt lat="47.629526" lon="12.967458"><ele>620.5</ele></trkpt>
      <trkpt lat="47.629377" lon="12.967515"><ele>622.5</ele></trkpt>
      <trkpt lat="47.629225" lon="12.967585"><ele>627.0</ele></trkpt>
      <trkpt lat="47.629010" lon="12.967759"><ele>631.8</ele></trkpt>
      <trkpt lat="47.628905" lon="12.967803"><ele>631.5</ele></trkpt>
      <trkpt lat="47.628794" lon="12.967818"><ele>630.2</ele></trkpt>
      <trkpt lat="47.628556" lon="12.967811"><ele>628.5</ele></trkpt>
      <trkpt lat="47.628223" lon="12.967845"><ele>627.8</ele></trkpt>
      <trkpt lat="47.627986" lon="12.968121"><ele>626.8</ele></trkpt>
      <trkpt lat="47.627784" lon="12.968486"><ele>626.0</ele></trkpt>
      <trkpt lat="47.627639" lon="12.968867"><ele>625.5</ele></trkpt>
      <trkpt lat="47.627259" lon="12.969586"><ele>624.5</ele></trkpt>
      <trkpt lat="47.626938" lon="12.969185"><ele>623.8</ele></trkpt>
      <trkpt lat="47.626930" lon="12.969171"><ele>623.8</ele></trkpt>
      <trkpt lat="47.626656" lon="12.968920"><ele>622.8</ele></trkpt>
      <trkpt lat="47.625906" lon="12.968194"><ele>623.5</ele></trkpt>
      <trkpt lat="47.625885" lon="12.968243"><ele>623.2</ele></trkpt>
      <trkpt lat="47.625845" lon="12.968268"><ele>623.2</ele></trkpt>
      <trkpt lat="47.625473" lon="12.968186"><ele>622.8</ele></trkpt>
      <trkpt lat="47.625367" lon="12.968066"><ele>623.5</ele></trkpt>
      <trkpt lat="47.625073" lon="12.967603"><ele>618.5</ele></trkpt>
      <trkpt lat="47.624908" lon="12.967543"><ele>618.2</ele></trkpt>
      <trkpt lat="47.624693" lon="12.967678"><ele>617.8</ele></trkpt>
      <trkpt lat="47.624473" lon="12.967733"><ele>616.2</ele></trkpt>
      <trkpt lat="47.624282" lon="12.967699"><ele>617.2</ele></trkpt>
      <trkpt lat="47.624275" lon="12.969885"><ele>613.0</ele></trkpt>
      <trkpt lat="47.624406" lon="12.970153"><ele>612.5</ele></trkpt>
      <trkpt lat="47.624509" lon="12.970340"><ele>611.0</ele></trkpt>
      <trkpt lat="47.624527" lon="12.970436"><ele>610.8</ele></trkpt>
      <trkpt lat="47.624501" lon="12.970715"><ele>609.8</ele></trkpt>
      <trkpt lat="47.624462" lon="12.970806"><ele>609.8</ele></trkpt>
      <trkpt lat="47.624391" lon="12.970943"><ele>610.2</ele></trkpt>
      <trkpt lat="47.624365" lon="12.971090"><ele>610.2</ele></trkpt>
      <trkpt lat="47.624368" lon="12.971216"><ele>610.0</ele></trkpt>
      <trkpt lat="47.624414" lon="12.971498"><ele>609.0</ele></trkpt>
      <trkpt lat="47.624371" lon="12.971725"><ele>609.0</ele></trkpt>
      <trkpt lat="47.624363" lon="12.971839"><ele>608.5</ele></trkpt>
      <trkpt lat="47.624392" lon="12.972265"><ele>609.8</ele></trkpt>
      <trkpt lat="47.624393" lon="12.972593"><ele>607.8</ele></trkpt>
      <trkpt lat="47.624316" lon="12.973079"><ele>607.8</ele></trkpt>
      <trkpt lat="47.624273" lon="12.973187"><ele>608.8</ele></trkpt>
      <trkpt lat="47.624175" lon="12.973306"><ele>609.8</ele></trkpt>
      <trkpt lat="47.624020" lon="12.973305"><ele>610.2</ele></trkpt>
      <trkpt lat="47.624102" lon="12.973812"><ele>610.0</ele></trkpt>
      <trkpt lat="47.624235" lon="12.974614"><ele>610.5</ele></trkpt>
      <trkpt lat="47.624253" lon="12.974716"><ele>610.2</ele></trkpt>
      <trkpt lat="47.624336" lon="12.975204"><ele>610.0</ele></trkpt>
      <trkpt lat="47.624394" lon="12.975611"><ele>609.8</ele></trkpt>
      <trkpt lat="47.624409" lon="12.975931"><ele>609.2</ele></trkpt>
      <trkpt lat="47.624403" lon="12.976165"><ele>610.0</ele></trkpt>
      <trkpt lat="47.624389" lon="12.976396"><ele>610.0</ele></trkpt>
      <trkpt lat="47.624309" lon="12.977050"><ele>609.2</ele></trkpt>
      <trkpt lat="47.624258" lon="12.977465"><ele>608.8</ele></trkpt>
      <trkpt lat="47.624249" lon="12.977668"><ele>608.5</ele></trkpt>
      <trkpt lat="47.624252" lon="12.977827"><ele>608.5</ele></trkpt>
      <trkpt lat="47.624270" lon="12.978043"><ele>608.5</ele></trkpt>
      <trkpt lat="47.624303" lon="12.978232"><ele>608.0</ele></trkpt>
      <trkpt lat="47.624352" lon="12.978468"><ele>607.0</ele></trkpt>
      <trkpt lat="47.624465" lon="12.979039"><ele>605.8</ele></trkpt>
      <trkpt lat="47.624517" lon="12.979308"><ele>605.0</ele></trkpt>
      <trkpt lat="47.624584" lon="12.979465"><ele>604.0</ele></trkpt>
      <trkpt lat="47.624692" lon="12.979653"><ele>602.8</ele></trkpt>
      <trkpt lat="47.624674" lon="12.979661"><ele>603.0</ele></trkpt>
      <trkpt lat="47.624656" lon="12.979668"><ele>603.2</ele></trkpt>
      <trkpt lat="47.624581" lon="12.979669"><ele>604.2</ele></trkpt>
      <trkpt lat="47.623986" lon="12.979539"><ele>607.0</ele></trkpt>
      <trkpt lat="47.623961" lon="12.979700"><ele>607.0</ele></trkpt>
      <trkpt lat="47.623921" lon="12.979957"><ele>607.0</ele></trkpt>
      <trkpt lat="47.623921" lon="12.980142"><ele>607.0</ele></trkpt>
      <trkpt lat="47.623964" lon="12.980588"><ele>606.5</ele></trkpt>
      <trkpt lat="47.624133" lon="12.981237"><ele>605.2</ele></trkpt>
      <trkpt lat="47.624388" lon="12.981904"><ele>600.8</ele></trkpt>
      <trkpt lat="47.624531" lon="12.982231"><ele>598.2</ele></trkpt>
      <trkpt lat="47.625085" lon="12.983313"><ele>595.5</ele></trkpt>
      <trkpt lat="47.625475" lon="12.984195"><ele>591.0</ele></trkpt>
      <trkpt lat="47.625809" lon="12.985348"><ele>575.2</ele></trkpt>
      <trkpt lat="47.626012" lon="12.985778"><ele>567.2</ele></trkpt>
      <trkpt lat="47.626095" lon="12.985920"><ele>567.8</ele></trkpt>
      <trkpt lat="47.626094" lon="12.986051"><ele>564.5</ele></trkpt>
      <trkpt lat="47.626148" lon="12.986302"><ele>561.0</ele></trkpt>
      <trkpt lat="47.626310" lon="12.986719"><ele>557.8</ele></trkpt>
      <trkpt lat="47.626341" lon="12.986837"><ele>554.5</ele></trkpt>
      <trkpt lat="47.626364" lon="12.986893"><ele>552.8</ele></trkpt>
      <trkpt lat="47.626429" lon="12.986974"><ele>550.2</ele></trkpt>
      <trkpt lat="47.626389" lon="12.987049"><ele>549.8</ele></trkpt>
      <trkpt lat="47.626291" lon="12.987023"><ele>550.0</ele></trkpt>
      <trkpt lat="47.626192" lon="12.987006"><ele>550.0</ele></trkpt>
      <trkpt lat="47.626145" lon="12.987006"><ele>550.0</ele></trkpt>
      <trkpt lat="47.626141" lon="12.987179"><ele>549.8</ele></trkpt>
      <trkpt lat="47.626132" lon="12.987277"><ele>549.5</ele></trkpt>
      <trkpt lat="47.626077" lon="12.987258"><ele>549.2</ele></trkpt>
      <trkpt lat="47.626085" lon="12.987123"><ele>549.8</ele></trkpt>
      <trkpt lat="47.626084" lon="12.986930"><ele>549.8</ele></trkpt>
      <trkpt lat="47.626067" lon="12.986775"><ele>550.0</ele></trkpt>
      <trkpt lat="47.626040" lon="12.986641"><ele>550.2</ele></trkpt>
      <trkpt lat="47.625996" lon="12.986495"><ele>551.0</ele></trkpt>
      <trkpt lat="47.625906" lon="12.986312"><ele>550.5</ele></trkpt>
      <trkpt lat="47.625799" lon="12.986106"><ele>550.0</ele></trkpt>
      <trkpt lat="47.625612" lon="12.985773"><ele>550.2</ele></trkpt>
      <trkpt lat="47.625324" lon="12.985344"><ele>551.2</ele></trkpt>
      <trkpt lat="47.625184" lon="12.985180"><ele>550.5</ele></trkpt>
      <trkpt lat="47.624949" lon="12.984909"><ele>549.8</ele></trkpt>
      <trkpt lat="47.624675" lon="12.984645"><ele>550.0</ele></trkpt>
      <trkpt lat="47.624036" lon="12.984128"><ele>551.0</ele></trkpt>
      <trkpt lat="47.623776" lon="12.983973"><ele>550.8</ele></trkpt>
      <trkpt lat="47.623420" lon="12.983785"><ele>551.2</ele></trkpt>
      <trkpt lat="47.623202" lon="12.983640"><ele>551.2</ele></trkpt>
      <trkpt lat="47.622976" lon="12.983437"><ele>551.5</ele></trkpt>
      <trkpt lat="47.622801" lon="12.983237"><ele>552.2</ele></trkpt>
      <trkpt lat="47.622637" lon="12.982999"><ele>552.5</ele></trkpt>
      <trkpt lat="47.622517" lon="12.982786"><ele>553.0</ele></trkpt>
      <trkpt lat="47.622430" lon="12.982606"><ele>552.2</ele></trkpt>
      <trkpt lat="47.622327" lon="12.982344"><ele>553.5</ele></trkpt>
      <trkpt lat="47.622257" lon="12.982125"><ele>554.2</ele></trkpt>
      <trkpt lat="47.622185" lon="12.981839"><ele>553.5</ele></trkpt>
      <trkpt lat="47.622094" lon="12.981387"><ele>553.2</ele></trkpt>
      <trkpt lat="47.621979" lon="12.980932"><ele>553.5</ele></trkpt>
      <trkpt lat="47.621870" lon="12.980579"><ele>554.0</ele></trkpt>
      <trkpt lat="47.621731" lon="12.980256"><ele>553.8</ele></trkpt>
      <trkpt lat="47.621657" lon="12.980081"><ele>554.0</ele></trkpt>
      <trkpt lat="47.621622" lon="12.979959"><ele>554.0</ele></trkpt>
      <trkpt lat="47.621559" lon="12.979816"><ele>554.0</ele></trkpt>
      <trkpt lat="47.621350" lon="12.979413"><ele>555.0</ele></trkpt>
      <trkpt lat="47.620609" lon="12.978092"><ele>556.5</ele></trkpt>
      <trkpt lat="47.620534" lon="12.977959"><ele>556.8</ele></trkpt>
      <trkpt lat="47.620421" lon="12.977659"><ele>556.5</ele></trkpt>
      <trkpt lat="47.619979" lon="12.976580"><ele>558.0</ele></trkpt>
      <trkpt lat="47.619846" lon="12.976234"><ele>557.8</ele></trkpt>
      <trkpt lat="47.619729" lon="12.975846"><ele>557.8</ele></trkpt>
      <trkpt lat="47.619633" lon="12.975532"><ele>558.8</ele></trkpt>
      <trkpt lat="47.619241" lon="12.974373"><ele>559.0</ele></trkpt>
      <trkpt lat="47.618999" lon="12.973669"><ele>559.8</ele></trkpt>
      <trkpt lat="47.618940" lon="12.973534"><ele>560.0</ele></trkpt>
      <trkpt lat="47.618889" lon="12.973367"><ele>560.8</ele></trkpt>
      <trkpt lat="47.618706" lon="12.972498"><ele>560.5</ele></trkpt>
      <trkpt lat="47.618481" lon="12.971507"><ele>561.8</ele></trkpt>
      <trkpt lat="47.618408" lon="12.971118"><ele>562.5</ele></trkpt>
      <trkpt lat="47.618384" lon="12.970928"><ele>562.8</ele></trkpt>
      <trkpt lat="47.618369" lon="12.970709"><ele>562.8</ele></trkpt>
      <trkpt lat="47.618325" lon="12.970522"><ele>563.0</ele></trkpt>
      <trkpt lat="47.618311" lon="12.970403"><ele>563.0</ele></trkpt>
      <trkpt lat="47.618314" lon="12.970232"><ele>563.0</ele></trkpt>
      <trkpt lat="47.618312" lon="12.970070"><ele>563.0</ele></trkpt>
      <trkpt lat="47.618291" lon="12.969908"><ele>563.0</ele></trkpt>
      <trkpt lat="47.618255" lon="12.969752"><ele>563.0</ele></trkpt>
      <trkpt lat="47.618077" lon="12.969265"><ele>563.5</ele></trkpt>
      <trkpt lat="47.617957" lon="12.969032"><ele>564.0</ele></trkpt>
      <trkpt lat="47.617902" lon="12.968958"><ele>564.0</ele></trkpt>
      <trkpt lat="47.617858" lon="12.968929"><ele>564.0</ele></trkpt>
      <trkpt lat="47.617608" lon="12.968988"><ele>564.2</ele></trkpt>
      <trkpt lat="47.617419" lon="12.969240"><ele>565.0</ele></trkpt>
      <trkpt lat="47.617316" lon="12.969378"><ele>563.8</ele></trkpt>
      <trkpt lat="47.617081" lon="12.969702"><ele>567.0</ele></trkpt>
      <trkpt lat="47.616804" lon="12.970073"><ele>572.2</ele></trkpt>
      <trkpt lat="47.616686" lon="12.970303"><ele>576.2</ele></trkpt>
      <trkpt lat="47.616648" lon="12.970451"><ele>579.0</ele></trkpt>
      <trkpt lat="47.616638" lon="12.970549"><ele>580.2</ele></trkpt>
      <trkpt lat="47.616661" lon="12.970781"><ele>582.2</ele></trkpt>
      <trkpt lat="47.616667" lon="12.970915"><ele>583.5</ele></trkpt>
      <trkpt lat="47.616653" lon="12.971031"><ele>584.8</ele></trkpt>
      <trkpt lat="47.616611" lon="12.971188"><ele>586.5</ele></trkpt>
      <trkpt lat="47.616515" lon="12.971311"><ele>588.5</ele></trkpt>
      <trkpt lat="47.616437" lon="12.971368"><ele>589.5</ele></trkpt>
      <trkpt lat="47.616358" lon="12.971406"><ele>590.2</ele></trkpt>
      <trkpt lat="47.616265" lon="12.972611"><ele>591.5</ele></trkpt>
      <trkpt lat="47.616198" lon="12.973243"><ele>592.0</ele></trkpt>
      <trkpt lat="47.616187" lon="12.973407"><ele>593.0</ele></trkpt>
      <trkpt lat="47.616160" lon="12.974122"><ele>596.0</ele></trkpt>
      <trkpt lat="47.616132" lon="12.974294"><ele>596.5</ele></trkpt>
      <trkpt lat="47.615834" lon="12.974991"><ele>602.8</ele></trkpt>
      <trkpt lat="47.615774" lon="12.975132"><ele>604.8</ele></trkpt>
      <trkpt lat="47.615791" lon="12.975338"><ele>605.0</ele></trkpt>
      <trkpt lat="47.615760" lon="12.975981"><ele>607.2</ele></trkpt>
      <trkpt lat="47.615764" lon="12.976061"><ele>607.5</ele></trkpt>
      <trkpt lat="47.615793" lon="12.976140"><ele>607.5</ele></trkpt>
      <trkpt lat="47.615935" lon="12.976349"><ele>608.2</ele></trkpt>
      <trkpt lat="47.615984" lon="12.976469"><ele>608.5</ele></trkpt>
      <trkpt lat="47.616022" lon="12.976610"><ele>608.8</ele></trkpt>
      <trkpt lat="47.616056" lon="12.976799"><ele>608.2</ele></trkpt>
      <trkpt lat="47.616058" lon="12.977021"><ele>607.8</ele></trkpt>
      <trkpt lat="47.616038" lon="12.977203"><ele>608.0</ele></trkpt>
      <trkpt lat="47.616003" lon="12.977332"><ele>607.8</ele></trkpt>
      <trkpt lat="47.615833" lon="12.977756"><ele>607.0</ele></trkpt>
      <trkpt lat="47.615787" lon="12.977847"><ele>606.0</ele></trkpt>
      <trkpt lat="47.615699" lon="12.977935"><ele>605.2</ele></trkpt>
      <trkpt lat="47.615489" lon="12.978041"><ele>605.0</ele></trkpt>
      <trkpt lat="47.615437" lon="12.978120"><ele>604.5</ele></trkpt>
      <trkpt lat="47.615424" lon="12.978179"><ele>604.2</ele></trkpt>
      <trkpt lat="47.615419" lon="12.978243"><ele>603.8</ele></trkpt>
      <trkpt lat="47.615389" lon="12.978250"><ele>604.0</ele></trkpt>
      <trkpt lat="47.615347" lon="12.978247"><ele>604.0</ele></trkpt>
      <trkpt lat="47.615325" lon="12.978232"><ele>604.2</ele></trkpt>
      <trkpt lat="47.615291" lon="12.978167"><ele>604.5</ele></trkpt>
      <trkpt lat="47.615277" lon="12.978079"><ele>604.8</ele></trkpt>
      <trkpt lat="47.615013" lon="12.978127"><ele>605.0</ele></trkpt>
      <trkpt lat="47.614927" lon="12.978129"><ele>605.0</ele></trkpt>
      <trkpt lat="47.614900" lon="12.978114"><ele>605.0</ele></trkpt>
      <trkpt lat="47.614879" lon="12.978089"><ele>605.0</ele></trkpt>
      <trkpt lat="47.614835" lon="12.977989"><ele>605.8</ele></trkpt>
      <trkpt lat="47.614785" lon="12.977921"><ele>606.8</ele></trkpt>
      <trkpt lat="47.614741" lon="12.977892"><ele>607.2</ele></trkpt>
      <trkpt lat="47.614680" lon="12.977886"><ele>607.5</ele></trkpt>
      <trkpt lat="47.614411" lon="12.978089"><ele>607.0</ele></trkpt>
      <trkpt lat="47.614326" lon="12.978114"><ele>607.5</ele></trkpt>
      <trkpt lat="47.614267" lon="12.978150"><ele>607.5</ele></trkpt>
      <trkpt lat="47.614201" lon="12.978235"><ele>607.5</ele></trkpt>
      <trkpt lat="47.614116" lon="12.978277"><ele>607.8</ele></trkpt>
      <trkpt lat="47.613740" lon="12.978314"><ele>610.8</ele></trkpt>
      <trkpt lat="47.613567" lon="12.978311"><ele>612.2</ele></trkpt>
      <trkpt lat="47.613505" lon="12.978289"><ele>613.0</ele></trkpt>
      <trkpt lat="47.613465" lon="12.978253"><ele>613.5</ele></trkpt>
      <trkpt lat="47.613439" lon="12.978198"><ele>614.0</ele></trkpt>
      <trkpt lat="47.613323" lon="12.978287"><ele>614.2</ele></trkpt>
      <trkpt lat="47.613191" lon="12.978662"><ele>613.5</ele></trkpt>
      <trkpt lat="47.613168" lon="12.978871"><ele>614.5</ele></trkpt>
      <trkpt lat="47.613141" lon="12.979850"><ele>617.8</ele></trkpt>
      <trkpt lat="47.613166" lon="12.980043"><ele>618.8</ele></trkpt>
      <trkpt lat="47.613350" lon="12.980495"><ele>620.8</ele></trkpt>
      <trkpt lat="47.613319" lon="12.980609"><ele>621.0</ele></trkpt>
      <trkpt lat="47.613306" lon="12.980657"><ele>621.2</ele></trkpt>
      <trkpt lat="47.612818" lon="12.980089"><ele>618.5</ele></trkpt>
      <trkpt lat="47.612555" lon="12.979748"><ele>617.8</ele></trkpt>
      <trkpt lat="47.612470" lon="12.979639"><ele>617.5</ele></trkpt>
      <trkpt lat="47.612227" lon="12.979436"><ele>617.8</ele></trkpt>
      <trkpt lat="47.612030" lon="12.979332"><ele>617.5</ele></trkpt>
      <trkpt lat="47.611842" lon="12.979253"><ele>617.0</ele></trkpt>
      <trkpt lat="47.611806" lon="12.979230"><ele>617.0</ele></trkpt>
      <trkpt lat="47.611711" lon="12.979170"><ele>616.8</ele></trkpt>
      <trkpt lat="47.611598" lon="12.979097"><ele>616.8</ele></trkpt>
      <trkpt lat="47.611279" lon="12.978873"><ele>616.5</ele></trkpt>
      <trkpt lat="47.610925" lon="12.978622"><ele>616.5</ele></trkpt>
      <trkpt lat="47.610655" lon="12.979572"><ele>612.5</ele></trkpt>
      <trkpt lat="47.610564" lon="12.979893"><ele>610.8</ele></trkpt>
      <trkpt lat="47.610308" lon="12.980121"><ele>609.5</ele></trkpt>
      <trkpt lat="47.609735" lon="12.980605"><ele>609.5</ele></trkpt>
      <trkpt lat="47.609506" lon="12.980780"><ele>610.5</ele></trkpt>
      <trkpt lat="47.609426" lon="12.980849"><ele>611.2</ele></trkpt>
      <trkpt lat="47.609389" lon="12.981027"><ele>611.2</ele></trkpt>
      <trkpt lat="47.609030" lon="12.981668"><ele>610.8</ele></trkpt>
      <trkpt lat="47.608869" lon="12.981903"><ele>609.8</ele></trkpt>
      <trkpt lat="47.608638" lon="12.982106"><ele>606.5</ele></trkpt>
      <trkpt lat="47.608479" lon="12.982221"><ele>605.2</ele></trkpt>
      <trkpt lat="47.608127" lon="12.982351"><ele>602.0</ele></trkpt>
      <trkpt lat="47.608033" lon="12.982476"><ele>601.0</ele></trkpt>
      <trkpt lat="47.607979" lon="12.982676"><ele>601.2</ele></trkpt>
      <trkpt lat="47.607854" lon="12.983642"><ele>600.0</ele></trkpt>
      <trkpt lat="47.607847" lon="12.983732"><ele>600.0</ele></trkpt>
      <trkpt lat="47.607867" lon="12.983813"><ele>600.0</ele></trkpt>
      <trkpt lat="47.607920" lon="12.983875"><ele>600.0</ele></trkpt>
      <trkpt lat="47.608332" lon="12.984277"><ele>598.5</ele></trkpt>
      <trkpt lat="47.608305" lon="12.984390"><ele>598.0</ele></trkpt>
      <trkpt lat="47.608269" lon="12.984465"><ele>597.5</ele></trkpt>
      <trkpt lat="47.608208" lon="12.984524"><ele>596.0</ele></trkpt>
      <trkpt lat="47.607851" lon="12.984539"><ele>594.0</ele></trkpt>
      <trkpt lat="47.607641" lon="12.984573"><ele>591.2</ele></trkpt>
      <trkpt lat="47.607449" lon="12.984684"><ele>586.2</ele></trkpt>
      <trkpt lat="47.607122" lon="12.984907"><ele>580.5</ele></trkpt>
      <trkpt lat="47.606678" lon="12.985366"><ele>572.5</ele></trkpt>
      <trkpt lat="47.606611" lon="12.985581"><ele>571.8</ele></trkpt>
      <trkpt lat="47.606283" lon="12.985925"><ele>571.2</ele></trkpt>
      <trkpt lat="47.606008" lon="12.986213"><ele>571.5</ele></trkpt>
      <trkpt lat="47.605905" lon="12.986197"><ele>571.8</ele></trkpt>
      <trkpt lat="47.605890" lon="12.986197"><ele>571.8</ele></trkpt>
      <trkpt lat="47.605860" lon="12.986201"><ele>571.8</ele></trkpt>
      <trkpt lat="47.605773" lon="12.986216"><ele>572.0</ele></trkpt>
      <trkpt lat="47.605489" lon="12.986259"><ele>573.0</ele></trkpt>
      <trkpt lat="47.605278" lon="12.986293"><ele>573.0</ele></trkpt>
      <trkpt lat="47.605043" lon="12.986331"><ele>573.0</ele></trkpt>
      <trkpt lat="47.604784" lon="12.986339"><ele>573.8</ele></trkpt>
      <trkpt lat="47.604697" lon="12.986340"><ele>574.0</ele></trkpt>
      <trkpt lat="47.604492" lon="12.986320"><ele>574.0</ele></trkpt>
      <trkpt lat="47.604308" lon="12.986303"><ele>574.0</ele></trkpt>
      <trkpt lat="47.604296" lon="12.986405"><ele>573.5</ele></trkpt>
      <trkpt lat="47.604281" lon="12.986452"><ele>572.8</ele></trkpt>
      <trkpt lat="47.604238" lon="12.986517"><ele>571.5</ele></trkpt>
      <trkpt lat="47.604214" lon="12.986532"><ele>571.2</ele></trkpt>
      <trkpt lat="47.604035" lon="12.986494"><ele>571.5</ele></trkpt>
      <trkpt lat="47.603983" lon="12.986489"><ele>571.2</ele></trkpt>
      <trkpt lat="47.603938" lon="12.986497"><ele>571.0</ele></trkpt>
      <trkpt lat="47.603833" lon="12.986541"><ele>569.5</ele></trkpt>
      <trkpt lat="47.603600" lon="12.986708"><ele>567.0</ele></trkpt>
      <trkpt lat="47.603549" lon="12.986747"><ele>567.0</ele></trkpt>
      <trkpt lat="47.603418" lon="12.986846"><ele>567.0</ele></trkpt>
      <trkpt lat="47.603343" lon="12.986890"><ele>567.0</ele></trkpt>
      <trkpt lat="47.603249" lon="12.986936"><ele>567.0</ele></trkpt>
      <trkpt lat="47.603165" lon="12.986963"><ele>567.0</ele></trkpt>
      <trkpt lat="47.602789" lon="12.987038"><ele>567.5</ele></trkpt>
      <trkpt lat="47.602682" lon="12.987068"><ele>567.8</ele></trkpt>
      <trkpt lat="47.602610" lon="12.987105"><ele>568.0</ele></trkpt>
      <trkpt lat="47.602544" lon="12.987158"><ele>568.0</ele></trkpt>
      <trkpt lat="47.602499" lon="12.987209"><ele>568.0</ele></trkpt>
      <trkpt lat="47.602444" lon="12.987278"><ele>567.8</ele></trkpt>
      <trkpt lat="47.602383" lon="12.987422"><ele>567.8</ele></trkpt>
      <trkpt lat="47.602363" lon="12.987556"><ele>567.5</ele></trkpt>
      <trkpt lat="47.602358" lon="12.987718"><ele>567.5</ele></trkpt>
      <trkpt lat="47.602360" lon="12.987788"><ele>567.5</ele></trkpt>
      <trkpt lat="47.602195" lon="12.987579"><ele>567.0</ele></trkpt>
      <trkpt lat="47.602098" lon="12.987492"><ele>567.2</ele></trkpt>
      <trkpt lat="47.602016" lon="12.987436"><ele>567.5</ele></trkpt>
      <trkpt lat="47.601825" lon="12.987381"><ele>568.5</ele></trkpt>
      <trkpt lat="47.601733" lon="12.987320"><ele>568.8</ele></trkpt>
      <trkpt lat="47.601627" lon="12.987196"><ele>569.0</ele></trkpt>
      <trkpt lat="47.601565" lon="12.987158"><ele>569.0</ele></trkpt>
      <trkpt lat="47.601517" lon="12.987143"><ele>569.2</ele></trkpt>
      <trkpt lat="47.601005" lon="12.987176"><ele>571.0</ele></trkpt>
      <trkpt lat="47.600942" lon="12.987192"><ele>571.2</ele></trkpt>
      <trkpt lat="47.600911" lon="12.987223"><ele>571.5</ele></trkpt>
      <trkpt lat="47.600896" lon="12.987239"><ele>571.5</ele></trkpt>
      <trkpt lat="47.600820" lon="12.987414"><ele>571.0</ele></trkpt>
      <trkpt lat="47.600772" lon="12.987477"><ele>570.8</ele></trkpt>
      <trkpt lat="47.600683" lon="12.987539"><ele>570.8</ele></trkpt>
      <trkpt lat="47.600540" lon="12.987656"><ele>571.5</ele></trkpt>
      <trkpt lat="47.600324" lon="12.987790"><ele>572.2</ele></trkpt>
      <trkpt lat="47.600162" lon="12.987803"><ele>572.2</ele></trkpt>
      <trkpt lat="47.599968" lon="12.987819"><ele>572.5</ele></trkpt>
      <trkpt lat="47.599817" lon="12.987818"><ele>571.5</ele></trkpt>
      <trkpt lat="47.599536" lon="12.987798"><ele>571.5</ele></trkpt>
      <trkpt lat="47.598715" lon="12.987548"><ele>576.2</ele></trkpt>
      <trkpt lat="47.598213" lon="12.987370"><ele>576.8</ele></trkpt>
      <trkpt lat="47.598120" lon="12.987268"><ele>577.0</ele></trkpt>
      <trkpt lat="47.598014" lon="12.987109"><ele>577.2</ele></trkpt>
      <trkpt lat="47.597912" lon="12.986992"><ele>578.0</ele></trkpt>
      <trkpt lat="47.597787" lon="12.986899"><ele>578.8</ele></trkpt>
      <trkpt lat="47.597572" lon="12.986830"><ele>580.0</ele></trkpt>
      <trkpt lat="47.597421" lon="12.986860"><ele>580.8</ele></trkpt>
      <trkpt lat="47.597191" lon="12.986867"><ele>581.5</ele></trkpt>
      <trkpt lat="47.597136" lon="12.986863"><ele>581.8</ele></trkpt>
      <trkpt lat="47.597100" lon="12.986854"><ele>581.8</ele></trkpt>
      <trkpt lat="47.596684" lon="12.987238"><ele>585.8</ele></trkpt>
      <trkpt lat="47.596341" lon="12.987109"><ele>586.5</ele></trkpt>
      <trkpt lat="47.596295" lon="12.987006"><ele>586.0</ele></trkpt>
      <trkpt lat="47.596271" lon="12.986881"><ele>585.2</ele></trkpt>
      <trkpt lat="47.596266" lon="12.986675"><ele>584.5</ele></trkpt>
      <trkpt lat="47.596250" lon="12.986611"><ele>584.2</ele></trkpt>
      <trkpt lat="47.596225" lon="12.986567"><ele>584.2</ele></trkpt>
      <trkpt lat="47.596171" lon="12.986523"><ele>584.0</ele></trkpt>
      <trkpt lat="47.596101" lon="12.986519"><ele>584.0</ele></trkpt>
      <trkpt lat="47.596001" lon="12.986513"><ele>584.0</ele></trkpt>
      <trkpt lat="47.595892" lon="12.986512"><ele>584.0</ele></trkpt>
      <trkpt lat="47.595822" lon="12.986510"><ele>584.0</ele></trkpt>
      <trkpt lat="47.595681" lon="12.986509"><ele>584.0</ele></trkpt>
      <trkpt lat="47.595659" lon="12.986509"><ele>584.0</ele></trkpt>
      <trkpt lat="47.595474" lon="12.986511"><ele>584.2</ele></trkpt>
      <trkpt lat="47.595363" lon="12.986505"><ele>584.5</ele></trkpt>
      <trkpt lat="47.595300" lon="12.986478"><ele>584.8</ele></trkpt>
      <trkpt lat="47.595178" lon="12.986378"><ele>585.5</ele></trkpt>
      <trkpt lat="47.595151" lon="12.986339"><ele>585.5</ele></trkpt>
      <trkpt lat="47.595068" lon="12.986160"><ele>584.0</ele></trkpt>
      <trkpt lat="47.595014" lon="12.986081"><ele>582.8</ele></trkpt>
      <trkpt lat="47.594953" lon="12.986040"><ele>582.5</ele></trkpt>
      <trkpt lat="47.594908" lon="12.986020"><ele>582.5</ele></trkpt>
      <trkpt lat="47.594853" lon="12.986017"><ele>582.2</ele></trkpt>
      <trkpt lat="47.594779" lon="12.985992"><ele>582.0</ele></trkpt>
      <trkpt lat="47.594642" lon="12.985966"><ele>582.2</ele></trkpt>
      <trkpt lat="47.594485" lon="12.985954"><ele>582.8</ele></trkpt>
      <trkpt lat="47.594403" lon="12.985900"><ele>583.0</ele></trkpt>
      <trkpt lat="47.594190" lon="12.985572"><ele>583.8</ele></trkpt>
      <trkpt lat="47.593846" lon="12.985067"><ele>585.5</ele></trkpt>
      <trkpt lat="47.593757" lon="12.984932"><ele>586.2</ele></trkpt>
      <trkpt lat="47.593694" lon="12.984857"><ele>587.2</ele></trkpt>
      <trkpt lat="47.593641" lon="12.984829"><ele>588.0</ele></trkpt>
      <trkpt lat="47.593572" lon="12.984839"><ele>589.0</ele></trkpt>
      <trkpt lat="47.593548" lon="12.984882"><ele>589.2</ele></trkpt>
      <trkpt lat="47.593505" lon="12.984967"><ele>590.0</ele></trkpt>
      <trkpt lat="47.593451" lon="12.985169"><ele>592.0</ele></trkpt>
      <trkpt lat="47.593432" lon="12.985336"><ele>593.2</ele></trkpt>
      <trkpt lat="47.593424" lon="12.985674"><ele>595.8</ele></trkpt>
      <trkpt lat="47.593377" lon="12.985774"><ele>597.0</ele></trkpt>
      <trkpt lat="47.593300" lon="12.985828"><ele>597.8</ele></trkpt>
      <trkpt lat="47.593287" lon="12.986033"><ele>598.2</ele></trkpt>
      <trkpt lat="47.593283" lon="12.986096"><ele>598.5</ele></trkpt>
      <trkpt lat="47.593246" lon="12.986360"><ele>598.8</ele></trkpt>
      <trkpt lat="47.593201" lon="12.986550"><ele>599.0</ele></trkpt>
      <trkpt lat="47.593153" lon="12.986754"><ele>599.5</ele></trkpt>
      <trkpt lat="47.592996" lon="12.987255"><ele>602.0</ele></trkpt>
      <trkpt lat="47.592898" lon="12.987182"><ele>602.5</ele></trkpt>
      <trkpt lat="47.592721" lon="12.987103"><ele>603.0</ele></trkpt>
      <trkpt lat="47.592664" lon="12.987090"><ele>603.2</ele></trkpt>
      <trkpt lat="47.592470" lon="12.987109"><ele>604.0</ele></trkpt>
      <trkpt lat="47.592395" lon="12.987156"><ele>604.2</ele></trkpt>
      <trkpt lat="47.592328" lon="12.987222"><ele>604.0</ele></trkpt>
      <trkpt lat="47.592195" lon="12.987397"><ele>604.5</ele></trkpt>
      <trkpt lat="47.592043" lon="12.987512"><ele>605.0</ele></trkpt>
      <trkpt lat="47.591902" lon="12.987593"><ele>605.2</ele></trkpt>
      <trkpt lat="47.591926" lon="12.987791"><ele>607.5</ele></trkpt>
      <trkpt lat="47.592029" lon="12.988614"><ele>607.5</ele></trkpt>
      <trkpt lat="47.592070" lon="12.988601"><ele>607.5</ele></trkpt>
      <trkpt lat="47.592182" lon="12.988566"><ele>607.0</ele></trkpt>
      <trkpt lat="47.592334" lon="12.988519"><ele>606.8</ele></trkpt>
      <trkpt lat="47.592372" lon="12.988508"><ele>606.8</ele></trkpt>
      <trkpt lat="47.592488" lon="12.988484"><ele>606.5</ele></trkpt>
      <trkpt lat="47.592527" lon="12.988479"><ele>606.5</ele></trkpt>
      <trkpt lat="47.592655" lon="12.988477"><ele>606.5</ele></trkpt>
      <trkpt lat="47.592533" lon="12.987463"><ele>603.8</ele></trkpt>
      <trkpt lat="47.592543" lon="12.987373"><ele>603.8</ele></trkpt>
      <trkpt lat="47.592624" lon="12.987202"><ele>603.5</ele></trkpt>
      <trkpt lat="47.592697" lon="12.987169"><ele>603.2</ele></trkpt>
      <trkpt lat="47.592747" lon="12.987173"><ele>603.0</ele></trkpt>
      <trkpt lat="47.592786" lon="12.987182"><ele>602.8</ele></trkpt>
      <trkpt lat="47.592923" lon="12.987252"><ele>602.2</ele></trkpt>
      <trkpt lat="47.592996" lon="12.987255"><ele>602.0</ele></trkpt>
      <trkpt lat="47.593043" lon="12.987281"><ele>602.0</ele></trkpt>
      <trkpt lat="47.593075" lon="12.987558"><ele>602.0</ele></trkpt>
      <trkpt lat="47.593152" lon="12.987772"><ele>602.2</ele></trkpt>
      <trkpt lat="47.593330" lon="12.988083"><ele>601.2</ele></trkpt>
      <trkpt lat="47.593409" lon="12.988255"><ele>601.5</ele></trkpt>
      <trkpt lat="47.593489" lon="12.988541"><ele>601.0</ele></trkpt>
      <trkpt lat="47.593527" lon="12.988652"><ele>600.5</ele></trkpt>
      <trkpt lat="47.593581" lon="12.988718"><ele>600.0</ele></trkpt>
      <trkpt lat="47.593678" lon="12.988811"><ele>600.0</ele></trkpt>
      <trkpt lat="47.593792" lon="12.988889"><ele>599.0</ele></trkpt>
      <trkpt lat="47.593854" lon="12.988920"><ele>598.8</ele></trkpt>
      <trkpt lat="47.593959" lon="12.988938"><ele>598.8</ele></trkpt>
      <trkpt lat="47.594056" lon="12.988933"><ele>598.5</ele></trkpt>
      <trkpt lat="47.594245" lon="12.988892"><ele>597.2</ele></trkpt>
      <trkpt lat="47.594354" lon="12.988891"><ele>597.8</ele></trkpt>
      <trkpt lat="47.594447" lon="12.988917"><ele>599.0</ele></trkpt>
      <trkpt lat="47.594544" lon="12.988977"><ele>599.5</ele></trkpt>
      <trkpt lat="47.594816" lon="12.989231"><ele>599.5</ele></trkpt>
      <trkpt lat="47.595154" lon="12.989389"><ele>598.8</ele></trkpt>
      <trkpt lat="47.595217" lon="12.989395"><ele>598.8</ele></trkpt>
      <trkpt lat="47.595272" lon="12.989430"><ele>598.8</ele></trkpt>
      <trkpt lat="47.595980" lon="12.989581"><ele>599.0</ele></trkpt>
      <trkpt lat="47.596133" lon="12.989575"><ele>599.5</ele></trkpt>
      <trkpt lat="47.597211" lon="12.989336"><ele>599.5</ele></trkpt>
      <trkpt lat="47.597403" lon="12.989374"><ele>599.2</ele></trkpt>
      <trkpt lat="47.597439" lon="12.989367"><ele>599.0</ele></trkpt>
      <trkpt lat="47.597642" lon="12.989330"><ele>598.2</ele></trkpt>
      <trkpt lat="47.597930" lon="12.989406"><ele>598.0</ele></trkpt>
      <trkpt lat="47.598513" lon="12.989629"><ele>597.8</ele></trkpt>
      <trkpt lat="47.598880" lon="12.989688"><ele>597.0</ele></trkpt>
      <trkpt lat="47.599273" lon="12.989686"><ele>597.0</ele></trkpt>
      <trkpt lat="47.599550" lon="12.989701"><ele>597.2</ele></trkpt>
      <trkpt lat="47.599897" lon="12.989653"><ele>597.2</ele></trkpt>
      <trkpt lat="47.601402" lon="12.990095"><ele>592.8</ele></trkpt>
      <trkpt lat="47.602830" lon="12.990727"><ele>593.5</ele></trkpt>
      <trkpt lat="47.603070" lon="12.990989"><ele>592.0</ele></trkpt>
      <trkpt lat="47.603070" lon="12.991327"><ele>593.8</ele></trkpt>
      <trkpt lat="47.603067" lon="12.991502"><ele>594.2</ele></trkpt>
      <trkpt lat="47.603072" lon="12.991639"><ele>595.0</ele></trkpt>
      <trkpt lat="47.603087" lon="12.991768"><ele>595.5</ele></trkpt>
      <trkpt lat="47.603179" lon="12.992317"><ele>596.2</ele></trkpt>
      <trkpt lat="47.603248" lon="12.992637"><ele>596.0</ele></trkpt>
      <trkpt lat="47.603258" lon="12.992700"><ele>596.0</ele></trkpt>
      <trkpt lat="47.603374" lon="12.993400"><ele>596.0</ele></trkpt>
      <trkpt lat="47.603456" lon="12.993777"><ele>596.8</ele></trkpt>
      <trkpt lat="47.603516" lon="12.993938"><ele>596.8</ele></trkpt>
      <trkpt lat="47.603595" lon="12.994116"><ele>596.8</ele></trkpt>
      <trkpt lat="47.603749" lon="12.994394"><ele>596.8</ele></trkpt>
      <trkpt lat="47.603982" lon="12.994843"><ele>598.2</ele></trkpt>
      <trkpt lat="47.604091" lon="12.995148"><ele>599.2</ele></trkpt>
      <trkpt lat="47.604205" lon="12.995521"><ele>600.5</ele></trkpt>
      <trkpt lat="47.604235" lon="12.995634"><ele>601.0</ele></trkpt>
      <trkpt lat="47.604308" lon="12.995821"><ele>601.2</ele></trkpt>
      <trkpt lat="47.604390" lon="12.995975"><ele>601.5</ele></trkpt>
      <trkpt lat="47.604512" lon="12.996097"><ele>601.2</ele></trkpt>
      <trkpt lat="47.604651" lon="12.996190"><ele>601.5</ele></trkpt>
      <trkpt lat="47.604877" lon="12.996230"><ele>600.8</ele></trkpt>
      <trkpt lat="47.605259" lon="12.996243"><ele>599.0</ele></trkpt>
      <trkpt lat="47.605361" lon="12.996286"><ele>598.8</ele></trkpt>
      <trkpt lat="47.605537" lon="12.996391"><ele>599.0</ele></trkpt>
      <trkpt lat="47.605668" lon="12.996553"><ele>600.8</ele></trkpt>
      <trkpt lat="47.605959" lon="12.996956"><ele>602.2</ele></trkpt>
      <trkpt lat="47.606187" lon="12.997315"><ele>604.2</ele></trkpt>
      <trkpt lat="47.606425" lon="12.997769"><ele>604.8</ele></trkpt>
      <trkpt lat="47.606457" lon="12.997829"><ele>605.2</ele></trkpt>
      <trkpt lat="47.606739" lon="12.998426"><ele>608.5</ele></trkpt>
      <trkpt lat="47.606854" lon="12.998591"><ele>609.0</ele></trkpt>
      <trkpt lat="47.606955" lon="12.998698"><ele>609.2</ele></trkpt>
      <trkpt lat="47.607035" lon="12.998769"><ele>609.2</ele></trkpt>
      <trkpt lat="47.607122" lon="12.998830"><ele>609.5</ele></trkpt>
      <trkpt lat="47.607214" lon="12.998858"><ele>609.8</ele></trkpt>
      <trkpt lat="47.607512" lon="12.998870"><ele>609.8</ele></trkpt>
      <trkpt lat="47.608127" lon="12.998720"><ele>605.2</ele></trkpt>
      <trkpt lat="47.608302" lon="12.998659"><ele>604.2</ele></trkpt>
      <trkpt lat="47.608619" lon="12.998548"><ele>602.2</ele></trkpt>
      <trkpt lat="47.608737" lon="12.998518"><ele>601.0</ele></trkpt>
      <trkpt lat="47.608859" lon="12.998532"><ele>600.2</ele></trkpt>
      <trkpt lat="47.608953" lon="12.998582"><ele>599.8</ele></trkpt>
      <trkpt lat="47.609033" lon="12.998645"><ele>599.2</ele></trkpt>
      <trkpt lat="47.609245" lon="12.998844"><ele>598.5</ele></trkpt>
      <trkpt lat="47.609574" lon="12.999074"><ele>600.2</ele></trkpt>
      <trkpt lat="47.609809" lon="12.999172"><ele>599.2</ele></trkpt>
      <trkpt lat="47.610645" lon="12.999494"><ele>599.0</ele></trkpt>
      <trkpt lat="47.610796" lon="12.999541"><ele>599.2</ele></trkpt>
      <trkpt lat="47.611164" lon="12.999700"><ele>596.8</ele></trkpt>
      <trkpt lat="47.611273" lon="12.999706"><ele>596.2</ele></trkpt>
      <trkpt lat="47.611495" lon="12.999646"><ele>596.0</ele></trkpt>
      <trkpt lat="47.611993" lon="12.999347"><ele>592.0</ele></trkpt>
      <trkpt lat="47.612130" lon="12.999341"><ele>591.8</ele></trkpt>
      <trkpt lat="47.612245" lon="12.999324"><ele>591.0</ele></trkpt>
      <trkpt lat="47.612366" lon="12.999329"><ele>590.0</ele></trkpt>
      <trkpt lat="47.612610" lon="12.999385"><ele>588.2</ele></trkpt>
      <trkpt lat="47.612794" lon="12.999391"><ele>586.5</ele></trkpt>
      <trkpt lat="47.613139" lon="12.999522"><ele>586.0</ele></trkpt>
      <trkpt lat="47.613340" lon="12.999624"><ele>586.2</ele></trkpt>
      <trkpt lat="47.613625" lon="12.999806"><ele>582.5</ele></trkpt>
      <trkpt lat="47.613737" lon="12.999900"><ele>581.8</ele></trkpt>
      <trkpt lat="47.613871" lon="13.000085"><ele>582.5</ele></trkpt>
      <trkpt lat="47.613979" lon="13.000225"><ele>582.2</ele></trkpt>
      <trkpt lat="47.614080" lon="13.000308"><ele>581.8</ele></trkpt>
      <trkpt lat="47.614162" lon="13.000337"><ele>580.8</ele></trkpt>
      <trkpt lat="47.614246" lon="13.000336"><ele>580.0</ele></trkpt>
      <trkpt lat="47.614301" lon="13.000348"><ele>580.0</ele></trkpt>
      <trkpt lat="47.614581" lon="13.000498"><ele>579.0</ele></trkpt>
      <trkpt lat="47.614826" lon="13.000600"><ele>579.0</ele></trkpt>
      <trkpt lat="47.615056" lon="13.000640"><ele>578.8</ele></trkpt>
      <trkpt lat="47.615354" lon="13.000626"><ele>577.5</ele></trkpt>
      <trkpt lat="47.615584" lon="13.000576"><ele>576.0</ele></trkpt>
      <trkpt lat="47.616022" lon="13.000423"><ele>576.2</ele></trkpt>
      <trkpt lat="47.616176" lon="13.000384"><ele>575.8</ele></trkpt>
      <trkpt lat="47.616413" lon="13.000357"><ele>574.8</ele></trkpt>
      <trkpt lat="47.616713" lon="13.000351"><ele>573.5</ele></trkpt>
      <trkpt lat="47.616984" lon="13.000322"><ele>572.8</ele></trkpt>
      <trkpt lat="47.617168" lon="13.000254"><ele>571.2</ele></trkpt>
      <trkpt lat="47.618069" lon="12.999868"><ele>574.0</ele></trkpt>
      <trkpt lat="47.618301" lon="12.999823"><ele>573.0</ele></trkpt>
      <trkpt lat="47.618550" lon="12.999791"><ele>572.0</ele></trkpt>
      <trkpt lat="47.618790" lon="12.999798"><ele>571.8</ele></trkpt>
      <trkpt lat="47.619050" lon="12.999842"><ele>571.2</ele></trkpt>
      <trkpt lat="47.619291" lon="12.999918"><ele>570.2</ele></trkpt>
      <trkpt lat="47.619443" lon="13.000004"><ele>569.0</ele></trkpt>
      <trkpt lat="47.619633" lon="13.000122"><ele>569.0</ele></trkpt>
      <trkpt lat="47.619799" lon="13.000245"><ele>568.2</ele></trkpt>
      <trkpt lat="47.619890" lon="13.000347"><ele>567.8</ele></trkpt>
      <trkpt lat="47.619984" lon="13.000280"><ele>567.0</ele></trkpt>
      <trkpt lat="47.620277" lon="13.000418"><ele>565.5</ele></trkpt>
      <trkpt lat="47.620245" lon="13.000551"><ele>566.0</ele></trkpt>
      <trkpt lat="47.620738" lon="13.000678"><ele>563.8</ele></trkpt>
      <trkpt lat="47.621566" lon="13.000857"><ele>559.2</ele></trkpt>
      <trkpt lat="47.621989" lon="13.000936"><ele>556.5</ele></trkpt>
      <trkpt lat="47.622747" lon="13.001107"><ele>552.0</ele></trkpt>
      <trkpt lat="47.623201" lon="13.001190"><ele>550.8</ele></trkpt>
      <trkpt lat="47.623319" lon="13.001194"><ele>550.2</ele></trkpt>
      <trkpt lat="47.623336" lon="13.001095"><ele>549.8</ele></trkpt>
      <trkpt lat="47.624000" lon="13.001184"><ele>550.5</ele></trkpt>
      <trkpt lat="47.624551" lon="13.001233"><ele>548.8</ele></trkpt>
      <trkpt lat="47.624714" lon="13.001247"><ele>547.5</ele></trkpt>
      <trkpt lat="47.624946" lon="13.001245"><ele>546.5</ele></trkpt>
      <trkpt lat="47.625084" lon="13.001217"><ele>545.5</ele></trkpt>
      <trkpt lat="47.625221" lon="13.001174"><ele>544.5</ele></trkpt>
      <trkpt lat="47.625342" lon="13.001114"><ele>543.8</ele></trkpt>
      <trkpt lat="47.625472" lon="13.001025"><ele>542.8</ele></trkpt>
      <trkpt lat="47.625581" lon="13.001126"><ele>542.8</ele></trkpt>
      <trkpt lat="47.625720" lon="13.001228"><ele>542.2</ele></trkpt>
      <trkpt lat="47.625839" lon="13.001308"><ele>542.0</ele></trkpt>
      <trkpt lat="47.625977" lon="13.001396"><ele>542.0</ele></trkpt>
      <trkpt lat="47.626073" lon="13.001453"><ele>542.0</ele></trkpt>
      <trkpt lat="47.626109" lon="13.001475"><ele>542.0</ele></trkpt>
      <trkpt lat="47.626248" lon="13.001559"><ele>541.8</ele></trkpt>
      <trkpt lat="47.626311" lon="13.001595"><ele>541.8</ele></trkpt>
      <trkpt lat="47.626855" lon="13.001913"><ele>543.0</ele></trkpt>
      <trkpt lat="47.627021" lon="13.001974"><ele>542.2</ele></trkpt>
      <trkpt lat="47.627104" lon="13.002011"><ele>541.8</ele></trkpt>
      <trkpt lat="47.627388" lon="13.002141"><ele>540.2</ele></trkpt>
      <trkpt lat="47.627590" lon="13.002278"><ele>539.5</ele></trkpt>
      <trkpt lat="47.627601" lon="13.002248"><ele>539.0</ele></trkpt>
      <trkpt lat="47.627732" lon="13.001893"><ele>538.0</ele></trkpt>
      <trkpt lat="47.627774" lon="13.001791"><ele>539.0</ele></trkpt>
      <trkpt lat="47.628067" lon="13.002030"><ele>538.2</ele></trkpt>
      <trkpt lat="47.628247" lon="13.002182"><ele>538.5</ele></trkpt>
      <trkpt lat="47.628327" lon="13.002262"><ele>538.8</ele></trkpt>
      <trkpt lat="47.628358" lon="13.002363"><ele>538.5</ele></trkpt>
      <trkpt lat="47.628397" lon="13.002479"><ele>538.2</ele></trkpt>
      <trkpt lat="47.628551" lon="13.002696"><ele>537.8</ele></trkpt>
      <trkpt lat="47.628647" lon="13.002834"><ele>538.2</ele></trkpt>
      <trkpt lat="47.628730" lon="13.002742"><ele>539.5</ele></trkpt>
      <trkpt lat="47.628764" lon="13.002712"><ele>540.0</ele></trkpt>
      <trkpt lat="47.628777" lon="13.002700"><ele>540.0</ele></trkpt>
      <trkpt lat="47.628814" lon="13.002699"><ele>540.5</ele></trkpt>
      <trkpt lat="47.628860" lon="13.002735"><ele>541.2</ele></trkpt>
      <trkpt lat="47.629037" lon="13.002787"><ele>540.8</ele></trkpt>
      <trkpt lat="47.629073" lon="13.002806"><ele>540.8</ele></trkpt>
      <trkpt lat="47.629312" lon="13.003030"><ele>547.5</ele></trkpt>
      <trkpt lat="47.629339" lon="13.003044"><ele>548.0</ele></trkpt>
      <trkpt lat="47.629422" lon="13.003065"><ele>549.5</ele></trkpt>
      <trkpt lat="47.629499" lon="13.003086"><ele>551.5</ele></trkpt>
      <trkpt lat="47.629803" lon="13.003266"><ele>557.2</ele></trkpt>
      <trkpt lat="47.629900" lon="13.003304"><ele>558.5</ele></trkpt>
      <trkpt lat="47.630107" lon="13.003323"><ele>560.2</ele></trkpt>
      <trkpt lat="47.630224" lon="13.003311"><ele>560.8</ele></trkpt>
      <trkpt lat="47.630358" lon="13.003301"><ele>561.2</ele></trkpt>
      <trkpt lat="47.630408" lon="13.003192"><ele>562.5</ele></trkpt>
      <trkpt lat="47.630455" lon="13.003136"><ele>563.8</ele></trkpt>
      <trkpt lat="47.630616" lon="13.003128"><ele>565.5</ele></trkpt>
      <trkpt lat="47.630599" lon="13.003108"><ele>565.8</ele></trkpt>
      <trkpt lat="47.630544" lon="13.002952"><ele>568.2</ele></trkpt>
      <trkpt lat="47.630358" lon="13.002503"><ele>572.5</ele></trkpt>
      <trkpt lat="47.630390" lon="13.002457"><ele>573.0</ele></trkpt>
      <trkpt lat="47.630157" lon="13.002187"><ele>574.2</ele></trkpt>
      <trkpt lat="47.630126" lon="13.002137"><ele>574.5</ele></trkpt>
      <trkpt lat="47.630107" lon="13.002080"><ele>575.0</ele></trkpt>
      <trkpt lat="47.630154" lon="13.001781"><ele>576.0</ele></trkpt>
      <trkpt lat="47.630194" lon="13.001495"><ele>576.2</ele></trkpt>
      <trkpt lat="47.630197" lon="13.001478"><ele>576.2</ele></trkpt>
      <trkpt lat="47.630204" lon="13.001439"><ele>576.2</ele></trkpt>
      <trkpt lat="47.630139" lon="13.001401"><ele>576.8</ele></trkpt>
      <trkpt lat="47.630113" lon="13.001370"><ele>577.0</ele></trkpt>
      <trkpt lat="47.630085" lon="13.001273"><ele>577.0</ele></trkpt>
      <trkpt lat="47.630084" lon="13.001191"><ele>577.0</ele></trkpt>
      <trkpt lat="47.630095" lon="13.001066"><ele>577.0</ele></trkpt>
      <trkpt lat="47.630100" lon="13.001008"><ele>577.0</ele></trkpt>
      <trkpt lat="47.630202" lon="13.000551"><ele>576.8</ele></trkpt>
      <trkpt lat="47.630100" lon="13.001008"><ele>577.0</ele></trkpt>
      <trkpt lat="47.630095" lon="13.001066"><ele>577.0</ele></trkpt>
      <trkpt lat="47.630084" lon="13.001191"><ele>577.0</ele></trkpt>
      <trkpt lat="47.630285" lon="13.001258"><ele>576.2</ele></trkpt>
      <trkpt lat="47.630418" lon="13.001286"><ele>576.0</ele></trkpt>
      <trkpt lat="47.630562" lon="13.001303"><ele>575.8</ele></trkpt>
      <trkpt lat="47.630648" lon="13.001308"><ele>575.5</ele></trkpt>
      <trkpt lat="47.630795" lon="13.001317"><ele>575.0</ele></trkpt>
      <trkpt lat="47.630845" lon="13.001320"><ele>574.8</ele></trkpt>
      <trkpt lat="47.631149" lon="13.001340"><ele>574.0</ele></trkpt>
      <trkpt lat="47.631329" lon="13.001376"><ele>574.0</ele></trkpt>
      <trkpt lat="47.631484" lon="13.001423"><ele>573.5</ele></trkpt>
      <trkpt lat="47.631609" lon="13.001512"><ele>573.0</ele></trkpt>
      <trkpt lat="47.631678" lon="13.001561"><ele>572.8</ele></trkpt>
      <trkpt lat="47.631776" lon="13.001644"><ele>572.8</ele></trkpt>
      <trkpt lat="47.631843" lon="13.001717"><ele>573.0</ele></trkpt>
      <trkpt lat="47.631913" lon="13.001820"><ele>573.0</ele></trkpt>
      <trkpt lat="47.632115" lon="13.002184"><ele>572.0</ele></trkpt>
      <trkpt lat="47.632211" lon="13.002325"><ele>571.5</ele></trkpt>
      <trkpt lat="47.632325" lon="13.002452"><ele>570.8</ele></trkpt>
      <trkpt lat="47.632500" lon="13.002598"><ele>569.2</ele></trkpt>
      <trkpt lat="47.632589" lon="13.002664"><ele>568.2</ele></trkpt>
      <trkpt lat="47.632653" lon="13.002717"><ele>567.8</ele></trkpt>
      <trkpt lat="47.632677" lon="13.002761"><ele>567.2</ele></trkpt>
      <trkpt lat="47.632701" lon="13.002854"><ele>566.5</ele></trkpt>
      <trkpt lat="47.632700" lon="13.002997"><ele>565.5</ele></trkpt>
      <trkpt lat="47.632683" lon="13.003108"><ele>564.8</ele></trkpt>
      <trkpt lat="47.632724" lon="13.003193"><ele>563.8</ele></trkpt>
      <trkpt lat="47.632732" lon="13.003236"><ele>563.2</ele></trkpt>
      <trkpt lat="47.632727" lon="13.003318"><ele>562.8</ele></trkpt>
      <trkpt lat="47.632703" lon="13.003477"><ele>560.8</ele></trkpt>
      <trkpt lat="47.632629" lon="13.003855"><ele>558.5</ele></trkpt>
      <trkpt lat="47.632588" lon="13.003953"><ele>558.5</ele></trkpt>
      <trkpt lat="47.632563" lon="13.003992"><ele>558.5</ele></trkpt>
      <trkpt lat="47.632534" lon="13.004022"><ele>558.8</ele></trkpt>
      <trkpt lat="47.632500" lon="13.004043"><ele>559.5</ele></trkpt>
      <trkpt lat="47.632441" lon="13.004058"><ele>558.2</ele></trkpt>
      <trkpt lat="47.632298" lon="13.004076"><ele>556.2</ele></trkpt>
      <trkpt lat="47.632254" lon="13.004092"><ele>555.2</ele></trkpt>
      <trkpt lat="47.632226" lon="13.004110"><ele>554.5</ele></trkpt>
      <trkpt lat="47.632201" lon="13.004139"><ele>553.5</ele></trkpt>
      <trkpt lat="47.632190" lon="13.004195"><ele>552.2</ele></trkpt>
      <trkpt lat="47.632190" lon="13.004235"><ele>552.0</ele></trkpt>
      <trkpt lat="47.632199" lon="13.004288"><ele>551.5</ele></trkpt>
      <trkpt lat="47.632215" lon="13.004340"><ele>551.0</ele></trkpt>
      <trkpt lat="47.632254" lon="13.004396"><ele>550.5</ele></trkpt>
      <trkpt lat="47.632590" lon="13.004780"><ele>544.8</ele></trkpt>
      <trkpt lat="47.632698" lon="13.004962"><ele>542.5</ele></trkpt>
      <trkpt lat="47.632821" lon="13.005186"><ele>541.8</ele></trkpt>
      <trkpt lat="47.633040" lon="13.005639"><ele>537.5</ele></trkpt>
      <trkpt lat="47.633075" lon="13.005710"><ele>537.2</ele></trkpt>
      <trkpt lat="47.633237" lon="13.006018"><ele>536.2</ele></trkpt>
      <trkpt lat="47.633298" lon="13.006125"><ele>536.0</ele></trkpt>
      <trkpt lat="47.633320" lon="13.006160"><ele>535.8</ele></trkpt>
      <trkpt lat="47.633329" lon="13.006176"><ele>535.8</ele></trkpt>
      <trkpt lat="47.633484" lon="13.006429"><ele>534.2</ele></trkpt>
      <trkpt lat="47.633575" lon="13.006530"><ele>534.0</ele></trkpt>
      <trkpt lat="47.633614" lon="13.006551"><ele>533.8</ele></trkpt>
      <trkpt lat="47.633658" lon="13.006572"><ele>533.8</ele></trkpt>
      <trkpt lat="47.633720" lon="13.006586"><ele>533.5</ele></trkpt>
      <trkpt lat="47.633896" lon="13.006603"><ele>533.2</ele></trkpt>
      <trkpt lat="47.633966" lon="13.006634"><ele>533.5</ele></trkpt>
      <trkpt lat="47.633993" lon="13.006662"><ele>533.8</ele></trkpt>
      <trkpt lat="47.634024" lon="13.006707"><ele>533.5</ele></trkpt>
      <trkpt lat="47.634092" lon="13.006848"><ele>532.8</ele></trkpt>
      <trkpt lat="47.634208" lon="13.007154"><ele>532.0</ele></trkpt>
      <trkpt lat="47.634241" lon="13.007217"><ele>532.0</ele></trkpt>
      <trkpt lat="47.634400" lon="13.007482"><ele>532.0</ele></trkpt>
      <trkpt lat="47.634422" lon="13.007456"><ele>532.0</ele></trkpt>
      <trkpt lat="47.634433" lon="13.007445"><ele>532.0</ele></trkpt>
      <trkpt lat="47.634507" lon="13.007374"><ele>531.8</ele></trkpt>
      <trkpt lat="47.634812" lon="13.007205"><ele>531.0</ele></trkpt>
      <trkpt lat="47.635120" lon="13.007045"><ele>530.2</ele></trkpt>
      <trkpt lat="47.635169" lon="13.007057"><ele>530.0</ele></trkpt>
      <trkpt lat="47.635295" lon="13.007847"><ele>531.0</ele></trkpt>
      <trkpt lat="47.635398" lon="13.007852"><ele>531.0</ele></trkpt>
      <trkpt lat="47.635460" lon="13.007866"><ele>531.0</ele></trkpt>
      <trkpt lat="47.635530" lon="13.007895"><ele>531.0</ele></trkpt>
      <trkpt lat="47.635757" lon="13.008027"><ele>530.2</ele></trkpt>
      <trkpt lat="47.636079" lon="13.008230"><ele>530.0</ele></trkpt>
      <trkpt lat="47.636334" lon="13.008390"><ele>530.0</ele></trkpt>
      <trkpt lat="47.636638" lon="13.008582"><ele>529.0</ele></trkpt>
      <trkpt lat="47.636717" lon="13.008632"><ele>529.8</ele></trkpt>
      <trkpt lat="47.636755" lon="13.008655"><ele>530.2</ele></trkpt>
      <trkpt lat="47.636784" lon="13.008686"><ele>530.8</ele></trkpt>
      <trkpt lat="47.636841" lon="13.008782"><ele>531.2</ele></trkpt>
      <trkpt lat="47.636860" lon="13.008838"><ele>531.2</ele></trkpt>
      <trkpt lat="47.636907" lon="13.009055"><ele>530.5</ele></trkpt>
      <trkpt lat="47.636972" lon="13.009452"><ele>530.2</ele></trkpt>
      <trkpt lat="47.637055" lon="13.009910"><ele>530.8</ele></trkpt>
      <trkpt lat="47.637082" lon="13.009974"><ele>530.8</ele></trkpt>
      <trkpt lat="47.637120" lon="13.010029"><ele>530.8</ele></trkpt>
      <trkpt lat="47.637659" lon="13.010690"><ele>530.2</ele></trkpt>
      <trkpt lat="47.637708" lon="13.010769"><ele>530.0</ele></trkpt>
      <trkpt lat="47.637752" lon="13.010864"><ele>530.0</ele></trkpt>
      <trkpt lat="47.637856" lon="13.011141"><ele>530.0</ele></trkpt>
      <trkpt lat="47.637905" lon="13.011287"><ele>530.0</ele></trkpt>
      <trkpt lat="47.638116" lon="13.011900"><ele>530.0</ele></trkpt>
      <trkpt lat="47.638299" lon="13.012428"><ele>530.8</ele></trkpt>
      <trkpt lat="47.638444" lon="13.012855"><ele>532.0</ele></trkpt>
      <trkpt lat="47.638485" lon="13.012958"><ele>532.2</ele></trkpt>
      <trkpt lat="47.638520" lon="13.013013"><ele>532.5</ele></trkpt>
      <trkpt lat="47.638555" lon="13.013046"><ele>532.8</ele></trkpt>
      <trkpt lat="47.638595" lon="13.013077"><ele>532.8</ele></trkpt>
      <trkpt lat="47.638639" lon="13.013096"><ele>533.0</ele></trkpt>
      <trkpt lat="47.638717" lon="13.013110"><ele>533.2</ele></trkpt>
      <trkpt lat="47.638797" lon="13.013090"><ele>533.5</ele></trkpt>
      <trkpt lat="47.638836" lon="13.013067"><ele>533.8</ele></trkpt>
      <trkpt lat="47.639031" lon="13.012863"><ele>537.5</ele></trkpt>
      <trkpt lat="47.639112" lon="13.012811"><ele>536.8</ele></trkpt>
      <trkpt lat="47.639151" lon="13.013007"><ele>535.8</ele></trkpt>
      <trkpt lat="47.639192" lon="13.012992"><ele>536.0</ele></trkpt>
      <trkpt lat="47.639352" lon="13.013674"><ele>535.5</ele></trkpt>
      <trkpt lat="47.639447" lon="13.014243"><ele>534.5</ele></trkpt>
      <trkpt lat="47.639651" lon="13.015651"><ele>530.8</ele></trkpt>
      <trkpt lat="47.639668" lon="13.015725"><ele>530.2</ele></trkpt>
      <trkpt lat="47.639695" lon="13.015804"><ele>529.2</ele></trkpt>
      <trkpt lat="47.639760" lon="13.015905"><ele>528.8</ele></trkpt>
      <trkpt lat="47.639795" lon="13.015931"><ele>528.8</ele></trkpt>
      <trkpt lat="47.639851" lon="13.015943"><ele>529.0</ele></trkpt>
      <trkpt lat="47.640020" lon="13.015930"><ele>530.0</ele></trkpt>
      <trkpt lat="47.640475" lon="13.015967"><ele>530.2</ele></trkpt>
      <trkpt lat="47.640659" lon="13.016006"><ele>529.5</ele></trkpt>
      <trkpt lat="47.640925" lon="13.016125"><ele>527.8</ele></trkpt>
      <trkpt lat="47.641026" lon="13.016189"><ele>527.8</ele></trkpt>
      <trkpt lat="47.641130" lon="13.016271"><ele>528.0</ele></trkpt>
      <trkpt lat="47.641206" lon="13.016343"><ele>528.5</ele></trkpt>
      <trkpt lat="47.641296" lon="13.016438"><ele>528.8</ele></trkpt>
      <trkpt lat="47.641403" lon="13.016575"><ele>528.2</ele></trkpt>
      <trkpt lat="47.641486" lon="13.016698"><ele>528.0</ele></trkpt>
      <trkpt lat="47.641565" lon="13.016839"><ele>527.8</ele></trkpt>
      <trkpt lat="47.641707" lon="13.017135"><ele>527.5</ele></trkpt>
      <trkpt lat="47.641770" lon="13.017305"><ele>527.2</ele></trkpt>
      <trkpt lat="47.641903" lon="13.017755"><ele>525.5</ele></trkpt>
      <trkpt lat="47.642052" lon="13.018390"><ele>526.2</ele></trkpt>
      <trkpt lat="47.642156" lon="13.018850"><ele>524.5</ele></trkpt>
      <trkpt lat="47.642427" lon="13.019853"><ele>526.0</ele></trkpt>
      <trkpt lat="47.642541" lon="13.020331"><ele>525.2</ele></trkpt>
      <trkpt lat="47.642556" lon="13.020324"><ele>525.5</ele></trkpt>
      <trkpt lat="47.642575" lon="13.020337"><ele>526.0</ele></trkpt>
      <trkpt lat="47.642590" lon="13.020363"><ele>526.5</ele></trkpt>
      <trkpt lat="47.642610" lon="13.020555"><ele>526.8</ele></trkpt>
      <trkpt lat="47.642675" lon="13.020867"><ele>527.0</ele></trkpt>
      <trkpt lat="47.642737" lon="13.021091"><ele>527.5</ele></trkpt>
      <trkpt lat="47.642830" lon="13.021374"><ele>526.8</ele></trkpt>
      <trkpt lat="47.642910" lon="13.021577"><ele>526.8</ele></trkpt>
      <trkpt lat="47.642985" lon="13.021733"><ele>527.5</ele></trkpt>
      <trkpt lat="47.643116" lon="13.021884"><ele>529.2</ele></trkpt>
      <trkpt lat="47.643218" lon="13.022038"><ele>529.0</ele></trkpt>
      <trkpt lat="47.643280" lon="13.022188"><ele>529.2</ele></trkpt>
      <trkpt lat="47.643447" lon="13.022854"><ele>529.5</ele></trkpt>
      <trkpt lat="47.643506" lon="13.022991"><ele>529.5</ele></trkpt>
      <trkpt lat="47.643575" lon="13.023102"><ele>529.8</ele></trkpt>
      <trkpt lat="47.643675" lon="13.023211"><ele>530.0</ele></trkpt>
      <trkpt lat="47.643855" lon="13.023373"><ele>532.0</ele></trkpt>
      <trkpt lat="47.643895" lon="13.023422"><ele>532.2</ele></trkpt>
      <trkpt lat="47.643961" lon="13.023514"><ele>533.2</ele></trkpt>
      <trkpt lat="47.644234" lon="13.024035"><ele>535.2</ele></trkpt>
      <trkpt lat="47.644382" lon="13.024254"><ele>536.2</ele></trkpt>
      <trkpt lat="47.644428" lon="13.024287"><ele>537.5</ele></trkpt>
      <trkpt lat="47.644455" lon="13.024288"><ele>538.2</ele></trkpt>
      <trkpt lat="47.644486" lon="13.024375"><ele>537.8</ele></trkpt>
      <trkpt lat="47.644605" lon="13.024564"><ele>536.8</ele></trkpt>
      <trkpt lat="47.644707" lon="13.024707"><ele>537.5</ele></trkpt>
      <trkpt lat="47.644935" lon="13.025109"><ele>537.5</ele></trkpt>
      <trkpt lat="47.645345" lon="13.025882"><ele>539.0</ele></trkpt>
      <trkpt lat="47.645733" lon="13.026578"><ele>540.2</ele></trkpt>
      <trkpt lat="47.646053" lon="13.027225"><ele>542.8</ele></trkpt>
      <trkpt lat="47.646323" lon="13.027532"><ele>543.2</ele></trkpt>
      <trkpt lat="47.646616" lon="13.027935"><ele>542.8</ele></trkpt>
      <trkpt lat="47.646670" lon="13.028135"><ele>541.8</ele></trkpt>
      <trkpt lat="47.646744" lon="13.028829"><ele>539.0</ele></trkpt>
      <trkpt lat="47.646790" lon="13.029121"><ele>537.8</ele></trkpt>
      <trkpt lat="47.646857" lon="13.029428"><ele>536.5</ele></trkpt>
      <trkpt lat="47.647056" lon="13.029726"><ele>535.0</ele></trkpt>
      <trkpt lat="47.647393" lon="13.030157"><ele>532.0</ele></trkpt>
      <trkpt lat="47.647584" lon="13.030479"><ele>532.8</ele></trkpt>
      <trkpt lat="47.647806" lon="13.030869"><ele>531.2</ele></trkpt>
      <trkpt lat="47.647988" lon="13.031247"><ele>530.8</ele></trkpt>
      <trkpt lat="47.648154" lon="13.031630"><ele>528.5</ele></trkpt>
      <trkpt lat="47.648409" lon="13.032159"><ele>527.2</ele></trkpt>
      <trkpt lat="47.648560" lon="13.032371"><ele>526.8</ele></trkpt>
      <trkpt lat="47.648822" lon="13.032711"><ele>526.5</ele></trkpt>
      <trkpt lat="47.649003" lon="13.033014"><ele>527.8</ele></trkpt>
      <trkpt lat="47.649147" lon="13.033425"><ele>526.8</ele></trkpt>
      <trkpt lat="47.649274" lon="13.033734"><ele>524.0</ele></trkpt>
      <trkpt lat="47.649485" lon="13.034075"><ele>522.8</ele></trkpt>
      <trkpt lat="47.649831" lon="13.034570"><ele>520.8</ele></trkpt>
      <trkpt lat="47.649850" lon="13.034692"><ele>518.8</ele></trkpt>
      <trkpt lat="47.650264" lon="13.035171"><ele>517.5</ele></trkpt>
      <trkpt lat="47.650382" lon="13.035298"><ele>516.5</ele></trkpt>
      <trkpt lat="47.650498" lon="13.035391"><ele>516.2</ele></trkpt>
      <trkpt lat="47.650823" lon="13.035530"><ele>517.5</ele></trkpt>
      <trkpt lat="47.650982" lon="13.035619"><ele>522.0</ele></trkpt>
      <trkpt lat="47.651109" lon="13.035717"><ele>522.2</ele></trkpt>
      <trkpt lat="47.651217" lon="13.035830"><ele>523.2</ele></trkpt>
      <trkpt lat="47.651366" lon="13.036033"><ele>522.0</ele></trkpt>
      <trkpt lat="47.651443" lon="13.036126"><ele>522.2</ele></trkpt>
      <trkpt lat="47.651595" lon="13.036272"><ele>525.2</ele></trkpt>
      <trkpt lat="47.651639" lon="13.036332"><ele>524.0</ele></trkpt>
      <trkpt lat="47.651681" lon="13.036424"><ele>521.5</ele></trkpt>
      <trkpt lat="47.651693" lon="13.036508"><ele>520.8</ele></trkpt>
      <trkpt lat="47.651697" lon="13.036564"><ele>520.2</ele></trkpt>
      <trkpt lat="47.651646" lon="13.037022"><ele>516.8</ele></trkpt>
      <trkpt lat="47.651638" lon="13.037060"><ele>516.8</ele></trkpt>
      <trkpt lat="47.652078" lon="13.037541"><ele>516.0</ele></trkpt>
      <trkpt lat="47.652198" lon="13.037690"><ele>516.0</ele></trkpt>
      <trkpt lat="47.652345" lon="13.037821"><ele>516.0</ele></trkpt>
      <trkpt lat="47.652444" lon="13.037969"><ele>515.8</ele></trkpt>
      <trkpt lat="47.652610" lon="13.038167"><ele>515.0</ele></trkpt>
      <trkpt lat="47.653058" lon="13.038810"><ele>514.0</ele></trkpt>
      <trkpt lat="47.653335" lon="13.039245"><ele>511.8</ele></trkpt>
      <trkpt lat="47.653662" lon="13.039805"><ele>512.8</ele></trkpt>
      <trkpt lat="47.653909" lon="13.039571"><ele>511.5</ele></trkpt>
      <trkpt lat="47.654079" lon="13.039440"><ele>511.2</ele></trkpt>
      <trkpt lat="47.654192" lon="13.039363"><ele>511.0</ele></trkpt>
      <trkpt lat="47.654486" lon="13.039168"><ele>511.0</ele></trkpt>
      <trkpt lat="47.654536" lon="13.039090"><ele>511.8</ele></trkpt>
      <trkpt lat="47.654653" lon="13.039018"><ele>512.2</ele></trkpt>
      <trkpt lat="47.655073" lon="13.038836"><ele>511.8</ele></trkpt>
      <trkpt lat="47.655326" lon="13.038675"><ele>511.5</ele></trkpt>
      <trkpt lat="47.655540" lon="13.038526"><ele>511.5</ele></trkpt>
      <trkpt lat="47.655858" lon="13.038321"><ele>511.8</ele></trkpt>
      <trkpt lat="47.655873" lon="13.038283"><ele>512.0</ele></trkpt>
      <trkpt lat="47.655860" lon="13.038230"><ele>512.5</ele></trkpt>
      <trkpt lat="47.655824" lon="13.038104"><ele>513.5</ele></trkpt>
      <trkpt lat="47.655815" lon="13.038072"><ele>513.8</ele></trkpt>
      <trkpt lat="47.656047" lon="13.037929"><ele>513.2</ele></trkpt>
      <trkpt lat="47.656272" lon="13.037636"><ele>512.0</ele></trkpt>
      <trkpt lat="47.656532" lon="13.037416"><ele>508.2</ele></trkpt>
      <trkpt lat="47.657005" lon="13.037133"><ele>506.0</ele></trkpt>
      <trkpt lat="47.657660" lon="13.036542"><ele>508.5</ele></trkpt>
      <trkpt lat="47.657794" lon="13.036396"><ele>506.5</ele></trkpt>
      <trkpt lat="47.657919" lon="13.036230"><ele>512.0</ele></trkpt>
      <trkpt lat="47.658659" lon="13.035600"><ele>509.8</ele></trkpt>
      <trkpt lat="47.659270" lon="13.035303"><ele>509.2</ele></trkpt>
      <trkpt lat="47.659655" lon="13.035195"><ele>509.5</ele></trkpt>
      <trkpt lat="47.659763" lon="13.035194"><ele>509.2</ele></trkpt>
      <trkpt lat="47.659891" lon="13.035220"><ele>508.2</ele></trkpt>
      <trkpt lat="47.660184" lon="13.035213"><ele>508.0</ele></trkpt>
      <trkpt lat="47.660567" lon="13.035289"><ele>505.8</ele></trkpt>
      <trkpt lat="47.661088" lon="13.035452"><ele>503.8</ele></trkpt>
      <trkpt lat="47.661421" lon="13.035385"><ele>503.2</ele></trkpt>
      <trkpt lat="47.661693" lon="13.035437"><ele>502.2</ele></trkpt>
      <trkpt lat="47.661993" lon="13.035437"><ele>502.0</ele></trkpt>
      <trkpt lat="47.662129" lon="13.035347"><ele>502.0</ele></trkpt>
      <trkpt lat="47.662329" lon="13.035089"><ele>502.8</ele></trkpt>
      <trkpt lat="47.662861" lon="13.034941"><ele>501.0</ele></trkpt>
      <trkpt lat="47.663145" lon="13.034833"><ele>501.0</ele></trkpt>
      <trkpt lat="47.663306" lon="13.034742"><ele>501.0</ele></trkpt>
      <trkpt lat="47.663888" lon="13.034106"><ele>499.8</ele></trkpt>
      <trkpt lat="47.663958" lon="13.033922"><ele>501.0</ele></trkpt>
      <trkpt lat="47.664018" lon="13.033672"><ele>501.2</ele></trkpt>
      <trkpt lat="47.664153" lon="13.033415"><ele>499.5</ele></trkpt>
      <trkpt lat="47.664234" lon="13.033170"><ele>500.8</ele></trkpt>
      <trkpt lat="47.664441" lon="13.032968"><ele>498.2</ele></trkpt>
      <trkpt lat="47.665307" lon="13.031936"><ele>498.8</ele></trkpt>
      <trkpt lat="47.665520" lon="13.031703"><ele>500.2</ele></trkpt>
      <trkpt lat="47.665813" lon="13.031533"><ele>497.2</ele></trkpt>
      <trkpt lat="47.665828" lon="13.031616"><ele>496.2</ele></trkpt>
      <trkpt lat="47.665887" lon="13.031993"><ele>495.8</ele></trkpt>
      <trkpt lat="47.665959" lon="13.032362"><ele>498.0</ele></trkpt>
      <trkpt lat="47.665985" lon="13.032658"><ele>498.0</ele></trkpt>
      <trkpt lat="47.666010" lon="13.032829"><ele>498.0</ele></trkpt>
      <trkpt lat="47.666084" lon="13.033065"><ele>498.0</ele></trkpt>
      <trkpt lat="47.666142" lon="13.033165"><ele>498.2</ele></trkpt>
      <trkpt lat="47.666245" lon="13.033262"><ele>498.2</ele></trkpt>
      <trkpt lat="47.666268" lon="13.033316"><ele>498.2</ele></trkpt>
      <trkpt lat="47.666264" lon="13.033438"><ele>498.8</ele></trkpt>
      <trkpt lat="47.666209" lon="13.033970"><ele>499.5</ele></trkpt>
      <trkpt lat="47.666189" lon="13.034148"><ele>499.8</ele></trkpt>
      <trkpt lat="47.666181" lon="13.034343"><ele>500.2</ele></trkpt>
      <trkpt lat="47.666193" lon="13.034414"><ele>500.5</ele></trkpt>
      <trkpt lat="47.666382" lon="13.034466"><ele>500.0</ele></trkpt>
      <trkpt lat="47.666437" lon="13.034505"><ele>500.2</ele></trkpt>
      <trkpt lat="47.666379" lon="13.034739"><ele>501.0</ele></trkpt>
      <trkpt lat="47.666372" lon="13.034874"><ele>501.5</ele></trkpt>
      <trkpt lat="47.666897" lon="13.034943"><ele>500.8</ele></trkpt>
      <trkpt lat="47.667059" lon="13.034964"><ele>500.8</ele></trkpt>
      <trkpt lat="47.669675" lon="13.035297"><ele>500.2</ele></trkpt>
      <trkpt lat="47.670035" lon="13.035359"><ele>500.0</ele></trkpt>
      <trkpt lat="47.670276" lon="13.035420"><ele>499.5</ele></trkpt>
      <trkpt lat="47.670378" lon="13.035454"><ele>499.0</ele></trkpt>
      <trkpt lat="47.670731" lon="13.035587"><ele>497.8</ele></trkpt>
      <trkpt lat="47.671298" lon="13.035901"><ele>496.0</ele></trkpt>
      <trkpt lat="47.671489" lon="13.036022"><ele>495.2</ele></trkpt>
      <trkpt lat="47.672055" lon="13.036367"><ele>493.5</ele></trkpt>
      <trkpt lat="47.672411" lon="13.036572"><ele>492.2</ele></trkpt>
      <trkpt lat="47.672423" lon="13.036500"><ele>491.8</ele></trkpt>
      <trkpt lat="47.672442" lon="13.036412"><ele>491.0</ele></trkpt>
      <trkpt lat="47.672541" lon="13.035988"><ele>490.8</ele></trkpt>
      <trkpt lat="47.672567" lon="13.035867"><ele>492.5</ele></trkpt>
      <trkpt lat="47.672671" lon="13.035927"><ele>491.8</ele></trkpt>
      <trkpt lat="47.672839" lon="13.035984"><ele>491.2</ele></trkpt>
      <trkpt lat="47.672998" lon="13.036024"><ele>491.2</ele></trkpt>
      <trkpt lat="47.673247" lon="13.036061"><ele>491.8</ele></trkpt>
      <trkpt lat="47.673339" lon="13.036072"><ele>492.0</ele></trkpt>
      <trkpt lat="47.673728" lon="13.036114"><ele>492.8</ele></trkpt>
      <trkpt lat="47.673928" lon="13.036209"><ele>492.5</ele></trkpt>
      <trkpt lat="47.674004" lon="13.036247"><ele>492.5</ele></trkpt>
      <trkpt lat="47.674302" lon="13.036419"><ele>492.2</ele></trkpt>
      <trkpt lat="47.674729" lon="13.036670"><ele>491.8</ele></trkpt>
      <trkpt lat="47.675609" lon="13.036897"><ele>491.5</ele></trkpt>
      <trkpt lat="47.675823" lon="13.037042"><ele>491.8</ele></trkpt>
      <trkpt lat="47.676003" lon="13.037210"><ele>493.2</ele></trkpt>
      <trkpt lat="47.676471" lon="13.037749"><ele>494.0</ele></trkpt>
      <trkpt lat="47.676909" lon="13.038114"><ele>496.0</ele></trkpt>
      <trkpt lat="47.677430" lon="13.038477"><ele>492.5</ele></trkpt>
      <trkpt lat="47.677832" lon="13.038914"><ele>491.5</ele></trkpt>
      <trkpt lat="47.678731" lon="13.039997"><ele>490.8</ele></trkpt>
      <trkpt lat="47.678949" lon="13.040152"><ele>491.8</ele></trkpt>
      <trkpt lat="47.679298" lon="13.040425"><ele>491.2</ele></trkpt>
      <trkpt lat="47.679986" lon="13.040827"><ele>493.0</ele></trkpt>
      <trkpt lat="47.680137" lon="13.040990"><ele>494.8</ele></trkpt>
      <trkpt lat="47.680289" lon="13.041092"><ele>493.8</ele></trkpt>
      <trkpt lat="47.680663" lon="13.041416"><ele>495.0</ele></trkpt>
      <trkpt lat="47.681103" lon="13.042098"><ele>495.5</ele></trkpt>
      <trkpt lat="47.681263" lon="13.042324"><ele>493.0</ele></trkpt>
      <trkpt lat="47.681624" lon="13.042430"><ele>491.2</ele></trkpt>
      <trkpt lat="47.681811" lon="13.042532"><ele>491.0</ele></trkpt>
      <trkpt lat="47.681901" lon="13.042690"><ele>490.0</ele></trkpt>
      <trkpt lat="47.682057" lon="13.043266"><ele>487.8</ele></trkpt>
      <trkpt lat="47.682131" lon="13.043423"><ele>487.8</ele></trkpt>
      <trkpt lat="47.682345" lon="13.043636"><ele>487.8</ele></trkpt>
      <trkpt lat="47.682558" lon="13.043721"><ele>489.0</ele></trkpt>
      <trkpt lat="47.682904" lon="13.043801"><ele>489.8</ele></trkpt>
      <trkpt lat="47.684051" lon="13.043917"><ele>499.0</ele></trkpt>
      <trkpt lat="47.684196" lon="13.043899"><ele>500.5</ele></trkpt>
      <trkpt lat="47.684399" lon="13.043817"><ele>500.0</ele></trkpt>
      <trkpt lat="47.684486" lon="13.043782"><ele>500.2</ele></trkpt>
      <trkpt lat="47.684608" lon="13.043787"><ele>501.2</ele></trkpt>
      <trkpt lat="47.684705" lon="13.043808"><ele>501.5</ele></trkpt>
      <trkpt lat="47.684801" lon="13.043824"><ele>502.8</ele></trkpt>
      <trkpt lat="47.684890" lon="13.043825"><ele>503.8</ele></trkpt>
      <trkpt lat="47.685153" lon="13.043748"><ele>508.0</ele></trkpt>
      <trkpt lat="47.685391" lon="13.043745"><ele>510.2</ele></trkpt>
      <trkpt lat="47.685680" lon="13.043796"><ele>511.5</ele></trkpt>
      <trkpt lat="47.685962" lon="13.043863"><ele>512.0</ele></trkpt>
      <trkpt lat="47.686322" lon="13.044104"><ele>512.2</ele></trkpt>
      <trkpt lat="47.686462" lon="13.044175"><ele>511.5</ele></trkpt>
      <trkpt lat="47.686601" lon="13.044139"><ele>511.5</ele></trkpt>
      <trkpt lat="47.686723" lon="13.044057"><ele>511.2</ele></trkpt>
      <trkpt lat="47.686911" lon="13.043931"><ele>511.2</ele></trkpt>
      <trkpt lat="47.687064" lon="13.043866"><ele>512.0</ele></trkpt>
      <trkpt lat="47.687195" lon="13.043877"><ele>511.2</ele></trkpt>
      <trkpt lat="47.687328" lon="13.043935"><ele>511.0</ele></trkpt>
      <trkpt lat="47.687422" lon="13.044017"><ele>510.5</ele></trkpt>
      <trkpt lat="47.687635" lon="13.044258"><ele>509.2</ele></trkpt>
      <trkpt lat="47.687869" lon="13.044508"><ele>507.0</ele></trkpt>
      <trkpt lat="47.688052" lon="13.044683"><ele>506.5</ele></trkpt>
      <trkpt lat="47.688208" lon="13.044803"><ele>505.0</ele></trkpt>
      <trkpt lat="47.688344" lon="13.044873"><ele>504.8</ele></trkpt>
      <trkpt lat="47.688461" lon="13.044904"><ele>503.8</ele></trkpt>
      <trkpt lat="47.688786" lon="13.044917"><ele>502.0</ele></trkpt>
      <trkpt lat="47.688949" lon="13.044954"><ele>500.5</ele></trkpt>
      <trkpt lat="47.689189" lon="13.045002"><ele>497.8</ele></trkpt>
      <trkpt lat="47.689509" lon="13.045032"><ele>496.5</ele></trkpt>
      <trkpt lat="47.689583" lon="13.045030"><ele>495.8</ele></trkpt>
      <trkpt lat="47.689658" lon="13.045018"><ele>495.2</ele></trkpt>
      <trkpt lat="47.689786" lon="13.044973"><ele>495.2</ele></trkpt>
      <trkpt lat="47.690056" lon="13.044911"><ele>495.2</ele></trkpt>
      <trkpt lat="47.690251" lon="13.044883"><ele>495.8</ele></trkpt>
      <trkpt lat="47.690488" lon="13.044822"><ele>494.5</ele></trkpt>
      <trkpt lat="47.690620" lon="13.044812"><ele>493.5</ele></trkpt>
      <trkpt lat="47.691022" lon="13.044820"><ele>489.8</ele></trkpt>
      <trkpt lat="47.691212" lon="13.044831"><ele>488.2</ele></trkpt>
      <trkpt lat="47.691399" lon="13.044886"><ele>486.5</ele></trkpt>
      <trkpt lat="47.691980" lon="13.044960"><ele>490.2</ele></trkpt>
      <trkpt lat="47.692434" lon="13.045379"><ele>489.0</ele></trkpt>
      <trkpt lat="47.692651" lon="13.045602"><ele>484.2</ele></trkpt>
      <trkpt lat="47.692781" lon="13.045703"><ele>485.0</ele></trkpt>
      <trkpt lat="47.692914" lon="13.045767"><ele>482.5</ele></trkpt>
      <trkpt lat="47.693070" lon="13.045820"><ele>481.2</ele></trkpt>
      <trkpt lat="47.693194" lon="13.045872"><ele>479.5</ele></trkpt>
      <trkpt lat="47.693345" lon="13.046006"><ele>478.2</ele></trkpt>
      <trkpt lat="47.693395" lon="13.046095"><ele>477.2</ele></trkpt>
      <trkpt lat="47.693411" lon="13.046202"><ele>476.2</ele></trkpt>
      <trkpt lat="47.693440" lon="13.046468"><ele>476.2</ele></trkpt>
      <trkpt lat="47.693449" lon="13.046581"><ele>478.2</ele></trkpt>
      <trkpt lat="47.693536" lon="13.046561"><ele>478.2</ele></trkpt>
      <trkpt lat="47.693746" lon="13.046469"><ele>477.2</ele></trkpt>
      <trkpt lat="47.693787" lon="13.046450"><ele>477.5</ele></trkpt>
      <trkpt lat="47.693908" lon="13.046400"><ele>478.0</ele></trkpt>
      <trkpt lat="47.693955" lon="13.046280"><ele>477.0</ele></trkpt>
      <trkpt lat="47.694036" lon="13.046184"><ele>476.8</ele></trkpt>
      <trkpt lat="47.694088" lon="13.046128"><ele>477.0</ele></trkpt>
      <trkpt lat="47.694146" lon="13.046112"><ele>477.8</ele></trkpt>
      <trkpt lat="47.694394" lon="13.046092"><ele>477.0</ele></trkpt>
      <trkpt lat="47.694501" lon="13.046093"><ele>477.0</ele></trkpt>
      <trkpt lat="47.694668" lon="13.046120"><ele>477.0</ele></trkpt>
      <trkpt lat="47.694896" lon="13.046196"><ele>477.0</ele></trkpt>
      <trkpt lat="47.694995" lon="13.046239"><ele>477.2</ele></trkpt>
      <trkpt lat="47.695112" lon="13.046303"><ele>477.2</ele></trkpt>
      <trkpt lat="47.695169" lon="13.046343"><ele>477.2</ele></trkpt>
      <trkpt lat="47.695258" lon="13.046437"><ele>477.0</ele></trkpt>
      <trkpt lat="47.695280" lon="13.046528"><ele>476.8</ele></trkpt>
      <trkpt lat="47.695306" lon="13.046737"><ele>476.8</ele></trkpt>
      <trkpt lat="47.695347" lon="13.046683"><ele>476.8</ele></trkpt>
      <trkpt lat="47.695390" lon="13.046648"><ele>476.5</ele></trkpt>
      <trkpt lat="47.695468" lon="13.046624"><ele>476.0</ele></trkpt>
      <trkpt lat="47.695552" lon="13.046600"><ele>475.8</ele></trkpt>
      <trkpt lat="47.695903" lon="13.046506"><ele>474.2</ele></trkpt>
      <trkpt lat="47.696119" lon="13.046452"><ele>475.8</ele></trkpt>
      <trkpt lat="47.696187" lon="13.046407"><ele>475.8</ele></trkpt>
      <trkpt lat="47.696378" lon="13.046282"><ele>476.8</ele></trkpt>
      <trkpt lat="47.696404" lon="13.046265"><ele>476.8</ele></trkpt>
      <trkpt lat="47.696632" lon="13.046045"><ele>477.5</ele></trkpt>
      <trkpt lat="47.696874" lon="13.045793"><ele>479.0</ele></trkpt>
      <trkpt lat="47.697010" lon="13.045638"><ele>479.5</ele></trkpt>
      <trkpt lat="47.697256" lon="13.045278"><ele>479.8</ele></trkpt>
      <trkpt lat="47.697531" lon="13.044913"><ele>479.5</ele></trkpt>
      <trkpt lat="47.697726" lon="13.044602"><ele>479.5</ele></trkpt>
      <trkpt lat="47.698022" lon="13.043888"><ele>478.0</ele></trkpt>
      <trkpt lat="47.698119" lon="13.043685"><ele>479.2</ele></trkpt>
      <trkpt lat="47.698243" lon="13.043487"><ele>479.0</ele></trkpt>
      <trkpt lat="47.698372" lon="13.043335"><ele>477.2</ele></trkpt>
      <trkpt lat="47.698443" lon="13.043268"><ele>477.8</ele></trkpt>
      <trkpt lat="47.698599" lon="13.043166"><ele>476.8</ele></trkpt>
      <trkpt lat="47.698637" lon="13.043165"><ele>476.2</ele></trkpt>
      <trkpt lat="47.698665" lon="13.043187"><ele>475.2</ele></trkpt>
      <trkpt lat="47.698681" lon="13.043225"><ele>474.2</ele></trkpt>
      <trkpt lat="47.698764" lon="13.043179"><ele>474.2</ele></trkpt>
      <trkpt lat="47.698839" lon="13.043149"><ele>474.5</ele></trkpt>
      <trkpt lat="47.698916" lon="13.043129"><ele>474.5</ele></trkpt>
      <trkpt lat="47.699024" lon="13.043118"><ele>475.0</ele></trkpt>
      <trkpt lat="47.699130" lon="13.043121"><ele>475.0</ele></trkpt>
      <trkpt lat="47.699615" lon="13.043172"><ele>476.2</ele></trkpt>
      <trkpt lat="47.699955" lon="13.043209"><ele>476.0</ele></trkpt>
      <trkpt lat="47.700079" lon="13.043202"><ele>475.0</ele></trkpt>
      <trkpt lat="47.700230" lon="13.043158"><ele>474.0</ele></trkpt>
      <trkpt lat="47.700358" lon="13.043095"><ele>473.8</ele></trkpt>
      <trkpt lat="47.700500" lon="13.042974"><ele>474.5</ele></trkpt>
      <trkpt lat="47.700639" lon="13.042806"><ele>473.2</ele></trkpt>
      <trkpt lat="47.700971" lon="13.042270"><ele>472.2</ele></trkpt>
      <trkpt lat="47.701273" lon="13.041736"><ele>470.8</ele></trkpt>
      <trkpt lat="47.701356" lon="13.041524"><ele>470.2</ele></trkpt>
      <trkpt lat="47.701406" lon="13.041349"><ele>470.8</ele></trkpt>
      <trkpt lat="47.701490" lon="13.040878"><ele>471.8</ele></trkpt>
      <trkpt lat="47.701552" lon="13.040626"><ele>471.5</ele></trkpt>
      <trkpt lat="47.701608" lon="13.040476"><ele>470.8</ele></trkpt>
      <trkpt lat="47.702252" lon="13.039094"><ele>468.5</ele></trkpt>
      <trkpt lat="47.702342" lon="13.038943"><ele>467.8</ele></trkpt>
      <trkpt lat="47.702443" lon="13.038814"><ele>467.5</ele></trkpt>
      <trkpt lat="47.702571" lon="13.038705"><ele>467.5</ele></trkpt>
      <trkpt lat="47.702678" lon="13.038643"><ele>467.8</ele></trkpt>
      <trkpt lat="47.702832" lon="13.038586"><ele>467.5</ele></trkpt>
      <trkpt lat="47.703011" lon="13.038555"><ele>467.2</ele></trkpt>
      <trkpt lat="47.703618" lon="13.038469"><ele>467.5</ele></trkpt>
      <trkpt lat="47.703845" lon="13.038445"><ele>466.5</ele></trkpt>
      <trkpt lat="47.704067" lon="13.038435"><ele>466.5</ele></trkpt>
      <trkpt lat="47.704098" lon="13.038436"><ele>466.5</ele></trkpt>
      <trkpt lat="47.704410" lon="13.038457"><ele>466.5</ele></trkpt>
      <trkpt lat="47.704744" lon="13.038519"><ele>466.2</ele></trkpt>
      <trkpt lat="47.705357" lon="13.038697"><ele>465.5</ele></trkpt>
      <trkpt lat="47.705966" lon="13.038880"><ele>466.0</ele></trkpt>
      <trkpt lat="47.706277" lon="13.038945"><ele>465.2</ele></trkpt>
      <trkpt lat="47.706654" lon="13.039006"><ele>465.2</ele></trkpt>
      <trkpt lat="47.706994" lon="13.039013"><ele>465.2</ele></trkpt>
      <trkpt lat="47.707316" lon="13.038984"><ele>465.8</ele></trkpt>
      <trkpt lat="47.707645" lon="13.038928"><ele>466.5</ele></trkpt>
      <trkpt lat="47.708015" lon="13.038827"><ele>467.0</ele></trkpt>
      <trkpt lat="47.708554" lon="13.038666"><ele>466.8</ele></trkpt>
      <trkpt lat="47.708654" lon="13.038643"><ele>466.5</ele></trkpt>
      <trkpt lat="47.708825" lon="13.038620"><ele>466.0</ele></trkpt>
      <trkpt lat="47.708998" lon="13.038611"><ele>466.0</ele></trkpt>
      <trkpt lat="47.709165" lon="13.038629"><ele>465.8</ele></trkpt>
      <trkpt lat="47.709331" lon="13.038661"><ele>465.0</ele></trkpt>
      <trkpt lat="47.709655" lon="13.038785"><ele>463.5</ele></trkpt>
      <trkpt lat="47.709822" lon="13.038879"><ele>464.2</ele></trkpt>
      <trkpt lat="47.709983" lon="13.038982"><ele>463.5</ele></trkpt>
      <trkpt lat="47.710260" lon="13.039227"><ele>464.8</ele></trkpt>
      <trkpt lat="47.710387" lon="13.039375"><ele>462.5</ele></trkpt>
      <trkpt lat="47.710409" lon="13.039405"><ele>462.2</ele></trkpt>
      <trkpt lat="47.710556" lon="13.039608"><ele>462.5</ele></trkpt>
      <trkpt lat="47.710692" lon="13.039812"><ele>464.8</ele></trkpt>
      <trkpt lat="47.711472" lon="13.040906"><ele>462.5</ele></trkpt>
      <trkpt lat="47.711653" lon="13.041145"><ele>462.5</ele></trkpt>
      <trkpt lat="47.711817" lon="13.041333"><ele>463.0</ele></trkpt>
      <trkpt lat="47.711910" lon="13.041434"><ele>462.5</ele></trkpt>
      <trkpt lat="47.712086" lon="13.041598"><ele>463.0</ele></trkpt>
      <trkpt lat="47.712240" lon="13.041736"><ele>462.5</ele></trkpt>
      <trkpt lat="47.712399" lon="13.041858"><ele>463.0</ele></trkpt>
      <trkpt lat="47.712591" lon="13.041977"><ele>463.0</ele></trkpt>
      <trkpt lat="47.713166" lon="13.042302"><ele>463.2</ele></trkpt>
      <trkpt lat="47.713384" lon="13.042437"><ele>462.8</ele></trkpt>
      <trkpt lat="47.713634" lon="13.042618"><ele>461.0</ele></trkpt>
      <trkpt lat="47.713884" lon="13.042821"><ele>463.0</ele></trkpt>
      <trkpt lat="47.713918" lon="13.042777"><ele>464.0</ele></trkpt>
      <trkpt lat="47.714014" lon="13.042832"><ele>466.8</ele></trkpt>
      <trkpt lat="47.714359" lon="13.043141"><ele>465.8</ele></trkpt>
      <trkpt lat="47.714769" lon="13.043562"><ele>462.5</ele></trkpt>
      <trkpt lat="47.715000" lon="13.043773"><ele>462.2</ele></trkpt>
      <trkpt lat="47.715268" lon="13.043986"><ele>461.8</ele></trkpt>
      <trkpt lat="47.715383" lon="13.044056"><ele>461.8</ele></trkpt>
      <trkpt lat="47.715488" lon="13.044118"><ele>461.2</ele></trkpt>
      <trkpt lat="47.715911" lon="13.044287"><ele>461.2</ele></trkpt>
      <trkpt lat="47.716088" lon="13.044316"><ele>461.5</ele></trkpt>
      <trkpt lat="47.716219" lon="13.044324"><ele>461.5</ele></trkpt>
      <trkpt lat="47.716509" lon="13.044303"><ele>461.2</ele></trkpt>
      <trkpt lat="47.716662" lon="13.044269"><ele>460.5</ele></trkpt>
      <trkpt lat="47.716868" lon="13.044209"><ele>460.0</ele></trkpt>
      <trkpt lat="47.717548" lon="13.043917"><ele>458.8</ele></trkpt>
      <trkpt lat="47.719435" lon="13.043066"><ele>455.8</ele></trkpt>
      <trkpt lat="47.720493" lon="13.042635"><ele>455.0</ele></trkpt>
      <trkpt lat="47.720565" lon="13.042586"><ele>455.2</ele></trkpt>
      <trkpt lat="47.720717" lon="13.042525"><ele>455.0</ele></trkpt>
      <trkpt lat="47.720750" lon="13.042511"><ele>455.0</ele></trkpt>
      <trkpt lat="47.720834" lon="13.042495"><ele>455.0</ele></trkpt>
      <trkpt lat="47.721766" lon="13.042113"><ele>454.0</ele></trkpt>
      <trkpt lat="47.722112" lon="13.041996"><ele>454.2</ele></trkpt>
      <trkpt lat="47.722448" lon="13.041909"><ele>455.2</ele></trkpt>
      <trkpt lat="47.722787" lon="13.041870"><ele>454.8</ele></trkpt>
      <trkpt lat="47.722873" lon="13.041875"><ele>454.5</ele></trkpt>
      <trkpt lat="47.722999" lon="13.041875"><ele>454.5</ele></trkpt>
      <trkpt lat="47.723218" lon="13.041886"><ele>454.5</ele></trkpt>
      <trkpt lat="47.723522" lon="13.041934"><ele>453.2</ele></trkpt>
      <trkpt lat="47.723773" lon="13.041957"><ele>453.2</ele></trkpt>
      <trkpt lat="47.723879" lon="13.041994"><ele>453.0</ele></trkpt>
      <trkpt lat="47.724041" lon="13.042093"><ele>452.0</ele></trkpt>
      <trkpt lat="47.724382" lon="13.042243"><ele>451.5</ele></trkpt>
      <trkpt lat="47.724721" lon="13.042440"><ele>451.8</ele></trkpt>
      <trkpt lat="47.725113" lon="13.042704"><ele>451.0</ele></trkpt>
      <trkpt lat="47.726016" lon="13.043363"><ele>451.5</ele></trkpt>
      <trkpt lat="47.726092" lon="13.043400"><ele>451.5</ele></trkpt>
      <trkpt lat="47.726162" lon="13.043437"><ele>451.8</ele></trkpt>
      <trkpt lat="47.726181" lon="13.043451"><ele>451.8</ele></trkpt>
      <trkpt lat="47.726279" lon="13.043519"><ele>451.8</ele></trkpt>
      <trkpt lat="47.726391" lon="13.043639"><ele>452.0</ele></trkpt>
      <trkpt lat="47.726490" lon="13.043708"><ele>452.0</ele></trkpt>
      <trkpt lat="47.726520" lon="13.043728"><ele>452.2</ele></trkpt>
      <trkpt lat="47.726567" lon="13.043725"><ele>452.2</ele></trkpt>
      <trkpt lat="47.726598" lon="13.043716"><ele>452.2</ele></trkpt>
      <trkpt lat="47.726604" lon="13.043705"><ele>452.5</ele></trkpt>
      <trkpt lat="47.726653" lon="13.043738"><ele>452.5</ele></trkpt>
      <trkpt lat="47.726709" lon="13.043775"><ele>452.2</ele></trkpt>
      <trkpt lat="47.726713" lon="13.043815"><ele>452.2</ele></trkpt>
      <trkpt lat="47.726728" lon="13.043853"><ele>452.2</ele></trkpt>
      <trkpt lat="47.726780" lon="13.043908"><ele>452.2</ele></trkpt>
      <trkpt lat="47.727096" lon="13.044133"><ele>453.5</ele></trkpt>
      <trkpt lat="47.727585" lon="13.044504"><ele>454.0</ele></trkpt>
      <trkpt lat="47.727610" lon="13.044438"><ele>454.0</ele></trkpt>
      <trkpt lat="47.727694" lon="13.044397"><ele>454.2</ele></trkpt>
      <trkpt lat="47.727795" lon="13.044395"><ele>454.0</ele></trkpt>
      <trkpt lat="47.728220" lon="13.044540"><ele>454.0</ele></trkpt>
      <trkpt lat="47.728347" lon="13.044560"><ele>454.0</ele></trkpt>
      <trkpt lat="47.728725" lon="13.044521"><ele>453.5</ele></trkpt>
      <trkpt lat="47.728735" lon="13.044454"><ele>453.5</ele></trkpt>
      <trkpt lat="47.728843" lon="13.044359"><ele>453.0</ele></trkpt>
      <trkpt lat="47.728982" lon="13.044264"><ele>452.8</ele></trkpt>
      <trkpt lat="47.729605" lon="13.044048"><ele>452.8</ele></trkpt>
      <trkpt lat="47.730120" lon="13.043809"><ele>452.0</ele></trkpt>
      <trkpt lat="47.730206" lon="13.043747"><ele>452.0</ele></trkpt>
      <trkpt lat="47.731353" lon="13.042693"><ele>452.0</ele></trkpt>
      <trkpt lat="47.731565" lon="13.042523"><ele>452.0</ele></trkpt>
      <trkpt lat="47.731719" lon="13.042411"><ele>452.0</ele></trkpt>
      <trkpt lat="47.732368" lon="13.041987"><ele>452.0</ele></trkpt>
      <trkpt lat="47.732966" lon="13.041526"><ele>452.0</ele></trkpt>
      <trkpt lat="47.733225" lon="13.041343"><ele>452.0</ele></trkpt>
      <trkpt lat="47.733309" lon="13.041268"><ele>452.0</ele></trkpt>
      <trkpt lat="47.733395" lon="13.041177"><ele>451.8</ele></trkpt>
      <trkpt lat="47.733956" lon="13.040492"><ele>451.0</ele></trkpt>
      <trkpt lat="47.734313" lon="13.040041"><ele>450.8</ele></trkpt>
      <trkpt lat="47.734462" lon="13.039866"><ele>450.2</ele></trkpt>
      <trkpt lat="47.734913" lon="13.039403"><ele>450.0</ele></trkpt>
      <trkpt lat="47.735009" lon="13.039290"><ele>450.0</ele></trkpt>
      <trkpt lat="47.735044" lon="13.039224"><ele>450.0</ele></trkpt>
      <trkpt lat="47.735067" lon="13.039137"><ele>450.0</ele></trkpt>
      <trkpt lat="47.735067" lon="13.039050"><ele>450.2</ele></trkpt>
      <trkpt lat="47.735063" lon="13.037940"><ele>450.8</ele></trkpt>
      <trkpt lat="47.735116" lon="13.038100"><ele>450.2</ele></trkpt>
      <trkpt lat="47.735387" lon="13.038019"><ele>450.0</ele></trkpt>
      <trkpt lat="47.735736" lon="13.037869"><ele>450.0</ele></trkpt>
      <trkpt lat="47.736059" lon="13.037774"><ele>450.0</ele></trkpt>
      <trkpt lat="47.736028" lon="13.037649"><ele>450.2</ele></trkpt>
      <trkpt lat="47.736162" lon="13.037631"><ele>450.0</ele></trkpt>
      <trkpt lat="47.736357" lon="13.037641"><ele>449.8</ele></trkpt>
      <trkpt lat="47.736565" lon="13.037660"><ele>449.5</ele></trkpt>
      <trkpt lat="47.736662" lon="13.037657"><ele>449.5</ele></trkpt>
      <trkpt lat="47.736745" lon="13.037643"><ele>449.2</ele></trkpt>
      <trkpt lat="47.736782" lon="13.037626"><ele>449.2</ele></trkpt>
      <trkpt lat="47.736827" lon="13.037604"><ele>449.0</ele></trkpt>
      <trkpt lat="47.736918" lon="13.037535"><ele>449.0</ele></trkpt>
      <trkpt lat="47.737021" lon="13.037429"><ele>448.5</ele></trkpt>
      <trkpt lat="47.737130" lon="13.037280"><ele>448.2</ele></trkpt>
      <trkpt lat="47.737250" lon="13.037282"><ele>448.8</ele></trkpt>
      <trkpt lat="47.737459" lon="13.037166"><ele>448.0</ele></trkpt>
      <trkpt lat="47.737961" lon="13.037087"><ele>448.0</ele></trkpt>
      <trkpt lat="47.738154" lon="13.037077"><ele>447.8</ele></trkpt>
      <trkpt lat="47.738555" lon="13.036998"><ele>447.0</ele></trkpt>
      <trkpt lat="47.738781" lon="13.036994"><ele>447.0</ele></trkpt>
      <trkpt lat="47.738831" lon="13.036985"><ele>447.0</ele></trkpt>
      <trkpt lat="47.739154" lon="13.037016"><ele>446.8</ele></trkpt>
      <trkpt lat="47.739323" lon="13.037057"><ele>447.0</ele></trkpt>
      <trkpt lat="47.739367" lon="13.037102"><ele>447.0</ele></trkpt>
      <trkpt lat="47.739426" lon="13.037149"><ele>447.0</ele></trkpt>
      <trkpt lat="47.739624" lon="13.037308"><ele>447.0</ele></trkpt>
      <trkpt lat="47.739713" lon="13.037343"><ele>447.0</ele></trkpt>
      <trkpt lat="47.739774" lon="13.037346"><ele>446.8</ele></trkpt>
      <trkpt lat="47.739876" lon="13.037281"><ele>446.2</ele></trkpt>
      <trkpt lat="47.739992" lon="13.037238"><ele>446.0</ele></trkpt>
      <trkpt lat="47.740017" lon="13.037228"><ele>446.0</ele></trkpt>
      <trkpt lat="47.740169" lon="13.037214"><ele>446.0</ele></trkpt>
      <trkpt lat="47.740696" lon="13.037258"><ele>445.0</ele></trkpt>
      <trkpt lat="47.740922" lon="13.037302"><ele>445.2</ele></trkpt>
      <trkpt lat="47.741026" lon="13.037386"><ele>445.2</ele></trkpt>
      <trkpt lat="47.741163" lon="13.037515"><ele>445.0</ele></trkpt>
      <trkpt lat="47.741316" lon="13.037535"><ele>445.0</ele></trkpt>
      <trkpt lat="47.741451" lon="13.037514"><ele>445.0</ele></trkpt>
      <trkpt lat="47.741592" lon="13.037441"><ele>444.8</ele></trkpt>
      <trkpt lat="47.741671" lon="13.037433"><ele>445.0</ele></trkpt>
      <trkpt lat="47.741988" lon="13.037528"><ele>445.0</ele></trkpt>
      <trkpt lat="47.742063" lon="13.037712"><ele>445.0</ele></trkpt>
      <trkpt lat="47.742214" lon="13.037997"><ele>445.0</ele></trkpt>
      <trkpt lat="47.742270" lon="13.038083"><ele>444.8</ele></trkpt>
      <trkpt lat="47.742331" lon="13.038154"><ele>444.5</ele></trkpt>
      <trkpt lat="47.742538" lon="13.038330"><ele>444.0</ele></trkpt>
      <trkpt lat="47.742608" lon="13.038398"><ele>444.0</ele></trkpt>
      <trkpt lat="47.742662" lon="13.038495"><ele>444.0</ele></trkpt>
      <trkpt lat="47.742833" lon="13.039015"><ele>443.8</ele></trkpt>
      <trkpt lat="47.742895" lon="13.039192"><ele>443.5</ele></trkpt>
      <trkpt lat="47.742974" lon="13.039396"><ele>443.2</ele></trkpt>
      <trkpt lat="47.743299" lon="13.039817"><ele>443.0</ele></trkpt>
      <trkpt lat="47.743434" lon="13.040006"><ele>442.5</ele></trkpt>
      <trkpt lat="47.743548" lon="13.040150"><ele>442.2</ele></trkpt>
      <trkpt lat="47.743667" lon="13.040286"><ele>442.0</ele></trkpt>
      <trkpt lat="47.743809" lon="13.040443"><ele>442.2</ele></trkpt>
      <trkpt lat="47.743892" lon="13.040519"><ele>441.2</ele></trkpt>
      <trkpt lat="47.743968" lon="13.040527"><ele>441.2</ele></trkpt>
      <trkpt lat="47.744020" lon="13.040511"><ele>441.5</ele></trkpt>
      <trkpt lat="47.744059" lon="13.040486"><ele>441.8</ele></trkpt>
      <trkpt lat="47.744244" lon="13.040267"><ele>443.0</ele></trkpt>
      <trkpt lat="47.744748" lon="13.039540"><ele>443.0</ele></trkpt>
      <trkpt lat="47.744837" lon="13.039459"><ele>443.0</ele></trkpt>
      <trkpt lat="47.744924" lon="13.039411"><ele>442.8</ele></trkpt>
      <trkpt lat="47.745008" lon="13.039405"><ele>442.8</ele></trkpt>
      <trkpt lat="47.745111" lon="13.039425"><ele>442.5</ele></trkpt>
      <trkpt lat="47.745264" lon="13.039488"><ele>442.0</ele></trkpt>
      <trkpt lat="47.746489" lon="13.038751"><ele>441.5</ele></trkpt>
      <trkpt lat="47.747541" lon="13.038143"><ele>440.8</ele></trkpt>
      <trkpt lat="47.747622" lon="13.038088"><ele>440.8</ele></trkpt>
      <trkpt lat="47.747697" lon="13.038019"><ele>441.0</ele></trkpt>
      <trkpt lat="47.747740" lon="13.037958"><ele>441.0</ele></trkpt>
      <trkpt lat="47.747765" lon="13.037858"><ele>441.0</ele></trkpt>
      <trkpt lat="47.747766" lon="13.037743"><ele>441.0</ele></trkpt>
      <trkpt lat="47.747757" lon="13.037613"><ele>441.0</ele></trkpt>
      <trkpt lat="47.747684" lon="13.037291"><ele>440.5</ele></trkpt>
      <trkpt lat="47.747686" lon="13.037192"><ele>440.2</ele></trkpt>
      <trkpt lat="47.747686" lon="13.037165"><ele>440.2</ele></trkpt>
      <trkpt lat="47.747704" lon="13.037072"><ele>440.5</ele></trkpt>
      <trkpt lat="47.747746" lon="13.036971"><ele>440.8</ele></trkpt>
      <trkpt lat="47.747814" lon="13.036899"><ele>441.0</ele></trkpt>
      <trkpt lat="47.747901" lon="13.036837"><ele>441.0</ele></trkpt>
      <trkpt lat="47.748544" lon="13.036735"><ele>440.8</ele></trkpt>
      <trkpt lat="47.748986" lon="13.036679"><ele>440.0</ele></trkpt>
      <trkpt lat="47.749420" lon="13.036624"><ele>440.0</ele></trkpt>
      <trkpt lat="47.749868" lon="13.036586"><ele>439.2</ele></trkpt>
      <trkpt lat="47.750210" lon="13.036516"><ele>439.5</ele></trkpt>
      <trkpt lat="47.750283" lon="13.036528"><ele>439.2</ele></trkpt>
      <trkpt lat="47.750349" lon="13.036554"><ele>439.2</ele></trkpt>
      <trkpt lat="47.750617" lon="13.036747"><ele>438.8</ele></trkpt>
      <trkpt lat="47.750706" lon="13.036793"><ele>438.2</ele></trkpt>
      <trkpt lat="47.750783" lon="13.036789"><ele>438.0</ele></trkpt>
      <trkpt lat="47.750848" lon="13.036662"><ele>438.0</ele></trkpt>
      <trkpt lat="47.750884" lon="13.036605"><ele>438.2</ele></trkpt>
      <trkpt lat="47.751032" lon="13.036385"><ele>439.0</ele></trkpt>
      <trkpt lat="47.751238" lon="13.036101"><ele>439.0</ele></trkpt>
      <trkpt lat="47.751535" lon="13.035717"><ele>439.0</ele></trkpt>
      <trkpt lat="47.751705" lon="13.035399"><ele>439.0</ele></trkpt>
      <trkpt lat="47.751747" lon="13.035272"><ele>438.8</ele></trkpt>
      <trkpt lat="47.751798" lon="13.035259"><ele>438.8</ele></trkpt>
      <trkpt lat="47.751914" lon="13.035263"><ele>438.8</ele></trkpt>
      <trkpt lat="47.752019" lon="13.035265"><ele>438.5</ele></trkpt>
      <trkpt lat="47.752667" lon="13.035373"><ele>438.2</ele></trkpt>
      <trkpt lat="47.752803" lon="13.035363"><ele>438.5</ele></trkpt>
      <trkpt lat="47.752861" lon="13.035359"><ele>438.2</ele></trkpt>
      <trkpt lat="47.752947" lon="13.035357"><ele>438.2</ele></trkpt>
      <trkpt lat="47.753881" lon="13.036214"><ele>438.0</ele></trkpt>
      <trkpt lat="47.754342" lon="13.036554"><ele>437.8</ele></trkpt>
      <trkpt lat="47.755078" lon="13.037019"><ele>437.8</ele></trkpt>
      <trkpt lat="47.755282" lon="13.037135"><ele>438.0</ele></trkpt>
      <trkpt lat="47.755611" lon="13.037268"><ele>437.8</ele></trkpt>
      <trkpt lat="47.755877" lon="13.037401"><ele>438.0</ele></trkpt>
      <trkpt lat="47.756564" lon="13.037814"><ele>437.2</ele></trkpt>
      <trkpt lat="47.756858" lon="13.037965"><ele>437.2</ele></trkpt>
      <trkpt lat="47.756847" lon="13.037913"><ele>437.2</ele></trkpt>
      <trkpt lat="47.756774" lon="13.037592"><ele>437.0</ele></trkpt>
      <trkpt lat="47.756725" lon="13.037328"><ele>437.0</ele></trkpt>
      <trkpt lat="47.756644" lon="13.037037"><ele>437.0</ele></trkpt>
      <trkpt lat="47.756628" lon="13.036932"><ele>436.8</ele></trkpt>
      <trkpt lat="47.756656" lon="13.036866"><ele>436.5</ele></trkpt>
      <trkpt lat="47.756703" lon="13.036823"><ele>436.5</ele></trkpt>
      <trkpt lat="47.757188" lon="13.036512"><ele>436.0</ele></trkpt>
      <trkpt lat="47.757254" lon="13.036470"><ele>436.0</ele></trkpt>
      <trkpt lat="47.757368" lon="13.036357"><ele>436.0</ele></trkpt>
      <trkpt lat="47.757498" lon="13.036269"><ele>436.0</ele></trkpt>
      <trkpt lat="47.757574" lon="13.036183"><ele>436.0</ele></trkpt>
      <trkpt lat="47.757661" lon="13.036124"><ele>436.0</ele></trkpt>
      <trkpt lat="47.757982" lon="13.036008"><ele>436.0</ele></trkpt>
      <trkpt lat="47.758318" lon="13.035967"><ele>436.0</ele></trkpt>
      <trkpt lat="47.758570" lon="13.035981"><ele>436.0</ele></trkpt>
      <trkpt lat="47.758817" lon="13.035995"><ele>436.0</ele></trkpt>
      <trkpt lat="47.759279" lon="13.036070"><ele>436.0</ele></trkpt>
      <trkpt lat="47.759575" lon="13.036188"><ele>436.0</ele></trkpt>
      <trkpt lat="47.760293" lon="13.036600"><ele>436.0</ele></trkpt>
      <trkpt lat="47.760347" lon="13.036687"><ele>436.0</ele></trkpt>
      <trkpt lat="47.760361" lon="13.036697"><ele>436.0</ele></trkpt>
      <trkpt lat="47.760386" lon="13.036722"><ele>436.0</ele></trkpt>
      <trkpt lat="47.760500" lon="13.036803"><ele>436.0</ele></trkpt>
      <trkpt lat="47.761064" lon="13.037328"><ele>435.0</ele></trkpt>
      <trkpt lat="47.761824" lon="13.038111"><ele>435.0</ele></trkpt>
      <trkpt lat="47.761980" lon="13.038209"><ele>435.0</ele></trkpt>
      <trkpt lat="47.762126" lon="13.038253"><ele>435.0</ele></trkpt>
      <trkpt lat="47.762231" lon="13.038329"><ele>435.0</ele></trkpt>
      <trkpt lat="47.762855" lon="13.038794"><ele>434.5</ele></trkpt>
      <trkpt lat="47.762952" lon="13.038857"><ele>434.5</ele></trkpt>
      <trkpt lat="47.763057" lon="13.038899"><ele>434.8</ele></trkpt>
      <trkpt lat="47.763191" lon="13.038940"><ele>434.8</ele></trkpt>
      <trkpt lat="47.763699" lon="13.039135"><ele>434.2</ele></trkpt>
      <trkpt lat="47.763936" lon="13.039236"><ele>434.8</ele></trkpt>
      <trkpt lat="47.764032" lon="13.039309"><ele>434.5</ele></trkpt>
      <trkpt lat="47.764050" lon="13.039329"><ele>434.5</ele></trkpt>
      <trkpt lat="47.764053" lon="13.039268"><ele>434.8</ele></trkpt>
      <trkpt lat="47.764067" lon="13.039134"><ele>435.0</ele></trkpt>
      <trkpt lat="47.764069" lon="13.039105"><ele>435.0</ele></trkpt>
      <trkpt lat="47.764114" lon="13.038736"><ele>435.0</ele></trkpt>
      <trkpt lat="47.764165" lon="13.038378"><ele>435.0</ele></trkpt>
      <trkpt lat="47.764187" lon="13.038318"><ele>435.0</ele></trkpt>
      <trkpt lat="47.764244" lon="13.038264"><ele>435.0</ele></trkpt>
      <trkpt lat="47.764271" lon="13.038226"><ele>435.0</ele></trkpt>
      <trkpt lat="47.764301" lon="13.038111"><ele>435.0</ele></trkpt>
      <trkpt lat="47.764431" lon="13.037441"><ele>435.0</ele></trkpt>
      <trkpt lat="47.764587" lon="13.036499"><ele>435.0</ele></trkpt>
      <trkpt lat="47.764674" lon="13.035966"><ele>435.2</ele></trkpt>
      <trkpt lat="47.764253" lon="13.035920"><ele>435.0</ele></trkpt>
      <trkpt lat="47.764674" lon="13.035966"><ele>435.2</ele></trkpt>
      <trkpt lat="47.764587" lon="13.036499"><ele>435.0</ele></trkpt>
      <trkpt lat="47.765148" lon="13.036662"><ele>435.0</ele></trkpt>
      <trkpt lat="47.765863" lon="13.036844"><ele>435.2</ele></trkpt>
      <trkpt lat="47.766307" lon="13.036994"><ele>435.0</ele></trkpt>
      <trkpt lat="47.766353" lon="13.037041"><ele>435.0</ele></trkpt>
      <trkpt lat="47.766433" lon="13.037096"><ele>435.0</ele></trkpt>
      <trkpt lat="47.766541" lon="13.037133"><ele>435.0</ele></trkpt>
      <trkpt lat="47.767197" lon="13.037314"><ele>434.8</ele></trkpt>
      <trkpt lat="47.767502" lon="13.037417"><ele>434.2</ele></trkpt>
      <trkpt lat="47.767467" lon="13.037741"><ele>434.0</ele></trkpt>
      <trkpt lat="47.767424" lon="13.038142"><ele>434.0</ele></trkpt>
      <trkpt lat="47.767422" lon="13.038425"><ele>434.0</ele></trkpt>
      <trkpt lat="47.768102" lon="13.038411"><ele>434.0</ele></trkpt>
      <trkpt lat="47.768136" lon="13.038432"><ele>434.2</ele></trkpt>
      <trkpt lat="47.768156" lon="13.038479"><ele>434.2</ele></trkpt>
      <trkpt lat="47.768188" lon="13.038753"><ele>434.2</ele></trkpt>
      <trkpt lat="47.768219" lon="13.038944"><ele>434.0</ele></trkpt>
      <trkpt lat="47.768557" lon="13.038827"><ele>434.0</ele></trkpt>
      <trkpt lat="47.769028" lon="13.038668"><ele>434.0</ele></trkpt>
      <trkpt lat="47.769715" lon="13.038420"><ele>434.2</ele></trkpt>
      <trkpt lat="47.769760" lon="13.038404"><ele>434.5</ele></trkpt>
      <trkpt lat="47.769816" lon="13.038421"><ele>434.2</ele></trkpt>
      <trkpt lat="47.770001" lon="13.038388"><ele>434.8</ele></trkpt>
      <trkpt lat="47.770094" lon="13.038361"><ele>434.5</ele></trkpt>
      <trkpt lat="47.770263" lon="13.038360"><ele>433.8</ele></trkpt>
      <trkpt lat="47.770721" lon="13.038465"><ele>433.5</ele></trkpt>
      <trkpt lat="47.770889" lon="13.038487"><ele>433.2</ele></trkpt>
      <trkpt lat="47.770965" lon="13.038512"><ele>433.2</ele></trkpt>
      <trkpt lat="47.771062" lon="13.038521"><ele>433.2</ele></trkpt>
      <trkpt lat="47.771313" lon="13.038586"><ele>433.8</ele></trkpt>
      <trkpt lat="47.771643" lon="13.038690"><ele>433.0</ele></trkpt>
      <trkpt lat="47.771754" lon="13.038703"><ele>433.0</ele></trkpt>
      <trkpt lat="47.771930" lon="13.038738"><ele>433.0</ele></trkpt>
      <trkpt lat="47.772048" lon="13.038751"><ele>433.0</ele></trkpt>
      <trkpt lat="47.772236" lon="13.038796"><ele>433.0</ele></trkpt>
      <trkpt lat="47.772325" lon="13.038834"><ele>433.0</ele></trkpt>
      <trkpt lat="47.772397" lon="13.038900"><ele>433.0</ele></trkpt>
      <trkpt lat="47.772469" lon="13.038990"><ele>433.0</ele></trkpt>
      <trkpt lat="47.772584" lon="13.039153"><ele>433.2</ele></trkpt>
      <trkpt lat="47.772760" lon="13.039349"><ele>433.2</ele></trkpt>
      <trkpt lat="47.773218" lon="13.039815"><ele>433.5</ele></trkpt>
      <trkpt lat="47.773353" lon="13.039928"><ele>433.2</ele></trkpt>
      <trkpt lat="47.773420" lon="13.039972"><ele>433.0</ele></trkpt>
      <trkpt lat="47.773482" lon="13.039991"><ele>433.0</ele></trkpt>
      <trkpt lat="47.773513" lon="13.039997"><ele>433.0</ele></trkpt>
      <trkpt lat="47.773560" lon="13.040010"><ele>433.0</ele></trkpt>
      <trkpt lat="47.773910" lon="13.040116"><ele>433.5</ele></trkpt>
      <trkpt lat="47.774043" lon="13.040208"><ele>433.0</ele></trkpt>
      <trkpt lat="47.774109" lon="13.040267"><ele>433.0</ele></trkpt>
      <trkpt lat="47.774386" lon="13.040550"><ele>432.8</ele></trkpt>
      <trkpt lat="47.774419" lon="13.040582"><ele>432.8</ele></trkpt>
      <trkpt lat="47.774460" lon="13.040627"><ele>433.0</ele></trkpt>
      <trkpt lat="47.774524" lon="13.040710"><ele>433.0</ele></trkpt>
      <trkpt lat="47.774715" lon="13.040895"><ele>432.8</ele></trkpt>
      <trkpt lat="47.774860" lon="13.041007"><ele>432.2</ele></trkpt>
      <trkpt lat="47.774894" lon="13.041029"><ele>432.2</ele></trkpt>
      <trkpt lat="47.775059" lon="13.041076"><ele>432.2</ele></trkpt>
      <trkpt lat="47.775282" lon="13.041104"><ele>432.8</ele></trkpt>
      <trkpt lat="47.775360" lon="13.041126"><ele>433.0</ele></trkpt>
      <trkpt lat="47.775439" lon="13.041171"><ele>433.0</ele></trkpt>
      <trkpt lat="47.775780" lon="13.041495"><ele>432.5</ele></trkpt>
      <trkpt lat="47.775941" lon="13.041585"><ele>432.5</ele></trkpt>
      <trkpt lat="47.776109" lon="13.041650"><ele>432.8</ele></trkpt>
      <trkpt lat="47.776415" lon="13.041697"><ele>432.8</ele></trkpt>
      <trkpt lat="47.776565" lon="13.041760"><ele>432.8</ele></trkpt>
      <trkpt lat="47.776634" lon="13.041799"><ele>432.8</ele></trkpt>
      <trkpt lat="47.776652" lon="13.041807"><ele>432.8</ele></trkpt>
      <trkpt lat="47.776679" lon="13.041817"><ele>433.0</ele></trkpt>
      <trkpt lat="47.776710" lon="13.041829"><ele>433.0</ele></trkpt>
      <trkpt lat="47.776723" lon="13.041834"><ele>433.0</ele></trkpt>
      <trkpt lat="47.777039" lon="13.041976"><ele>432.8</ele></trkpt>
      <trkpt lat="47.777155" lon="13.042001"><ele>432.8</ele></trkpt>
      <trkpt lat="47.777262" lon="13.042141"><ele>432.2</ele></trkpt>
      <trkpt lat="47.777850" lon="13.042072"><ele>432.0</ele></trkpt>
      <trkpt lat="47.778370" lon="13.041992"><ele>432.0</ele></trkpt>
      <trkpt lat="47.778649" lon="13.041988"><ele>431.8</ele></trkpt>
      <trkpt lat="47.779164" lon="13.042031"><ele>431.2</ele></trkpt>
      <trkpt lat="47.779475" lon="13.042057"><ele>431.0</ele></trkpt>
      <trkpt lat="47.779548" lon="13.042054"><ele>431.0</ele></trkpt>
      <trkpt lat="47.780103" lon="13.041919"><ele>431.8</ele></trkpt>
      <trkpt lat="47.780201" lon="13.041916"><ele>431.2</ele></trkpt>
      <trkpt lat="47.780309" lon="13.041923"><ele>431.2</ele></trkpt>
      <trkpt lat="47.780439" lon="13.041960"><ele>432.0</ele></trkpt>
      <trkpt lat="47.780594" lon="13.042021"><ele>432.8</ele></trkpt>
      <trkpt lat="47.780726" lon="13.042071"><ele>432.8</ele></trkpt>
      <trkpt lat="47.780773" lon="13.042091"><ele>432.8</ele></trkpt>
      <trkpt lat="47.780832" lon="13.042113"><ele>432.8</ele></trkpt>
      <trkpt lat="47.780978" lon="13.042103"><ele>433.0</ele></trkpt>
      <trkpt lat="47.781049" lon="13.042085"><ele>433.0</ele></trkpt>
      <trkpt lat="47.781182" lon="13.042076"><ele>432.8</ele></trkpt>
      <trkpt lat="47.781396" lon="13.042116"><ele>432.2</ele></trkpt>
      <trkpt lat="47.781939" lon="13.042265"><ele>432.8</ele></trkpt>
      <trkpt lat="47.782026" lon="13.042277"><ele>432.5</ele></trkpt>
      <trkpt lat="47.782277" lon="13.042294"><ele>432.5</ele></trkpt>
      <trkpt lat="47.782669" lon="13.042265"><ele>432.8</ele></trkpt>
      <trkpt lat="47.783245" lon="13.042242"><ele>432.5</ele></trkpt>
      <trkpt lat="47.783353" lon="13.042231"><ele>432.8</ele></trkpt>
      <trkpt lat="47.783608" lon="13.042201"><ele>432.8</ele></trkpt>
      <trkpt lat="47.784404" lon="13.042343"><ele>432.0</ele></trkpt>
      <trkpt lat="47.784484" lon="13.042351"><ele>432.0</ele></trkpt>
      <trkpt lat="47.784593" lon="13.042346"><ele>432.2</ele></trkpt>
      <trkpt lat="47.784667" lon="13.042333"><ele>432.2</ele></trkpt>
      <trkpt lat="47.784795" lon="13.042249"><ele>432.2</ele></trkpt>
      <trkpt lat="47.785275" lon="13.041909"><ele>432.0</ele></trkpt>
      <trkpt lat="47.785372" lon="13.041852"><ele>431.8</ele></trkpt>
      <trkpt lat="47.785787" lon="13.041686"><ele>432.0</ele></trkpt>
      <trkpt lat="47.786151" lon="13.041517"><ele>432.0</ele></trkpt>
      <trkpt lat="47.786262" lon="13.041499"><ele>432.0</ele></trkpt>
      <trkpt lat="47.786429" lon="13.041530"><ele>432.0</ele></trkpt>
      <trkpt lat="47.786632" lon="13.041599"><ele>432.0</ele></trkpt>
      <trkpt lat="47.787008" lon="13.041620"><ele>432.0</ele></trkpt>
      <trkpt lat="47.787389" lon="13.041614"><ele>431.5</ele></trkpt>
      <trkpt lat="47.787581" lon="13.041624"><ele>431.5</ele></trkpt>
      <trkpt lat="47.787776" lon="13.041675"><ele>431.8</ele></trkpt>
      <trkpt lat="47.787981" lon="13.041679"><ele>431.8</ele></trkpt>
      <trkpt lat="47.788339" lon="13.041747"><ele>432.0</ele></trkpt>
      <trkpt lat="47.788794" lon="13.041857"><ele>431.8</ele></trkpt>
      <trkpt lat="47.788990" lon="13.041922"><ele>432.0</ele></trkpt>
      <trkpt lat="47.789224" lon="13.041930"><ele>431.8</ele></trkpt>
      <trkpt lat="47.789474" lon="13.041918"><ele>431.8</ele></trkpt>
      <trkpt lat="47.789762" lon="13.041876"><ele>432.0</ele></trkpt>
      <trkpt lat="47.790595" lon="13.041883"><ele>432.0</ele></trkpt>
      <trkpt lat="47.790845" lon="13.041952"><ele>432.8</ele></trkpt>
      <trkpt lat="47.790876" lon="13.041977"><ele>432.8</ele></trkpt>
      <trkpt lat="47.790904" lon="13.041999"><ele>432.5</ele></trkpt>
      <trkpt lat="47.790988" lon="13.042267"><ele>432.2</ele></trkpt>
      <trkpt lat="47.791072" lon="13.042534"><ele>432.2</ele></trkpt>
      <trkpt lat="47.791145" lon="13.042725"><ele>431.2</ele></trkpt>
      <trkpt lat="47.791247" lon="13.042936"><ele>430.8</ele></trkpt>
      <trkpt lat="47.791334" lon="13.043089"><ele>431.5</ele></trkpt>
      <trkpt lat="47.791690" lon="13.043573"><ele>432.2</ele></trkpt>
      <trkpt lat="47.791715" lon="13.043605"><ele>432.2</ele></trkpt>
      <trkpt lat="47.791753" lon="13.043654"><ele>432.5</ele></trkpt>
      <trkpt lat="47.791785" lon="13.043699"><ele>432.8</ele></trkpt>
      <trkpt lat="47.791904" lon="13.044056"><ele>431.2</ele></trkpt>
      <trkpt lat="47.792278" lon="13.044841"><ele>430.0</ele></trkpt>
      <trkpt lat="47.792371" lon="13.045072"><ele>430.0</ele></trkpt>
      <trkpt lat="47.792492" lon="13.045407"><ele>429.5</ele></trkpt>
      <trkpt lat="47.792630" lon="13.045729"><ele>428.8</ele></trkpt>
      <trkpt lat="47.792756" lon="13.046011"><ele>428.8</ele></trkpt>
      <trkpt lat="47.792863" lon="13.046218"><ele>429.0</ele></trkpt>
      <trkpt lat="47.793029" lon="13.046478"><ele>428.5</ele></trkpt>
      <trkpt lat="47.793107" lon="13.046628"><ele>428.5</ele></trkpt>
      <trkpt lat="47.793110" lon="13.046661"><ele>428.5</ele></trkpt>
      <trkpt lat="47.793105" lon="13.047005"><ele>426.5</ele></trkpt>
      <trkpt lat="47.793079" lon="13.047216"><ele>424.5</ele></trkpt>
      <trkpt lat="47.793011" lon="13.047496"><ele>423.8</ele></trkpt>
      <trkpt lat="47.792923" lon="13.047777"><ele>423.5</ele></trkpt>
      <trkpt lat="47.792886" lon="13.047946"><ele>423.0</ele></trkpt>
      <trkpt lat="47.792856" lon="13.048130"><ele>422.8</ele></trkpt>
      <trkpt lat="47.792823" lon="13.048611"><ele>422.2</ele></trkpt>
      <trkpt lat="47.792835" lon="13.048910"><ele>422.2</ele></trkpt>
      <trkpt lat="47.792828" lon="13.049046"><ele>422.2</ele></trkpt>
      <trkpt lat="47.792889" lon="13.049120"><ele>422.2</ele></trkpt>
      <trkpt lat="47.793246" lon="13.049473"><ele>423.2</ele></trkpt>
      <trkpt lat="47.793414" lon="13.049599"><ele>423.8</ele></trkpt>
      <trkpt lat="47.793587" lon="13.049710"><ele>424.0</ele></trkpt>
      <trkpt lat="47.793856" lon="13.050033"><ele>423.5</ele></trkpt>
      <trkpt lat="47.794058" lon="13.050451"><ele>423.0</ele></trkpt>
      <trkpt lat="47.794139" lon="13.050583"><ele>421.8</ele></trkpt>
      <trkpt lat="47.794281" lon="13.050764"><ele>421.0</ele></trkpt>
      <trkpt lat="47.794347" lon="13.050860"><ele>421.0</ele></trkpt>
      <trkpt lat="47.794374" lon="13.050891"><ele>421.0</ele></trkpt>
      <trkpt lat="47.794561" lon="13.051014"><ele>420.5</ele></trkpt>
      <trkpt lat="47.794954" lon="13.051256"><ele>420.8</ele></trkpt>
      <trkpt lat="47.795118" lon="13.051441"><ele>421.2</ele></trkpt>
      <trkpt lat="47.795246" lon="13.051586"><ele>421.2</ele></trkpt>
      <trkpt lat="47.795339" lon="13.051703"><ele>422.0</ele></trkpt>
      <trkpt lat="47.795580" lon="13.052173"><ele>423.2</ele></trkpt>
      <trkpt lat="47.795663" lon="13.052376"><ele>426.5</ele></trkpt>
      <trkpt lat="47.795814" lon="13.052827"><ele>422.2</ele></trkpt>
      <trkpt lat="47.795874" lon="13.052863"><ele>424.5</ele></trkpt>
      <trkpt lat="47.795890" lon="13.052920"><ele>424.5</ele></trkpt>
      <trkpt lat="47.795848" lon="13.053046"><ele>421.2</ele></trkpt>
      <trkpt lat="47.795845" lon="13.053100"><ele>421.0</ele></trkpt>
      <trkpt lat="47.795853" lon="13.053150"><ele>421.2</ele></trkpt>
      <trkpt lat="47.795894" lon="13.053193"><ele>421.8</ele></trkpt>
      <trkpt lat="47.795844" lon="13.053300"><ele>421.0</ele></trkpt>
      <trkpt lat="47.795799" lon="13.053404"><ele>421.0</ele></trkpt>
      <trkpt lat="47.795728" lon="13.053506"><ele>421.0</ele></trkpt>
      <trkpt lat="47.795942" lon="13.053590"><ele>421.2</ele></trkpt>
      <trkpt lat="47.795999" lon="13.053612"><ele>421.5</ele></trkpt>
      <trkpt lat="47.796584" lon="13.053650"><ele>421.8</ele></trkpt>
      <trkpt lat="47.796862" lon="13.053687"><ele>421.8</ele></trkpt>
      <trkpt lat="47.796911" lon="13.053758"><ele>421.8</ele></trkpt>
      <trkpt lat="47.796917" lon="13.053812"><ele>421.8</ele></trkpt>
      <trkpt lat="47.796930" lon="13.053870"><ele>421.8</ele></trkpt>
      <trkpt lat="47.796956" lon="13.053947"><ele>422.0</ele></trkpt>
      <trkpt lat="47.796941" lon="13.054038"><ele>421.8</ele></trkpt>
      <trkpt lat="47.796900" lon="13.054149"><ele>421.8</ele></trkpt>
      <trkpt lat="47.797169" lon="13.054437"><ele>421.0</ele></trkpt>
      <trkpt lat="47.797303" lon="13.054130"><ele>420.5</ele></trkpt>
      <trkpt lat="47.797366" lon="13.054163"><ele>419.2</ele></trkpt>
      <trkpt lat="47.797413" lon="13.054148"><ele>418.8</ele></trkpt>
      <trkpt lat="47.797535" lon="13.053887"><ele>421.0</ele></trkpt>
      <trkpt lat="47.797675" lon="13.053689"><ele>417.8</ele></trkpt>
      <trkpt lat="47.797785" lon="13.053412"><ele>418.2</ele></trkpt>
      <trkpt lat="47.797856" lon="13.053105"><ele>419.8</ele></trkpt>
      <trkpt lat="47.797939" lon="13.052905"><ele>418.2</ele></trkpt>
      <trkpt lat="47.797962" lon="13.052792"><ele>417.8</ele></trkpt>
      <trkpt lat="47.798294" lon="13.052008"><ele>419.2</ele></trkpt>
      <trkpt lat="47.798625" lon="13.051097"><ele>419.8</ele></trkpt>
      <trkpt lat="47.798918" lon="13.050233"><ele>420.2</ele></trkpt>
      <trkpt lat="47.799075" lon="13.049769"><ele>418.5</ele></trkpt>
      <trkpt lat="47.799190" lon="13.049425"><ele>420.2</ele></trkpt>
      <trkpt lat="47.799254" lon="13.049297"><ele>418.8</ele></trkpt>
      <trkpt lat="47.799439" lon="13.048779"><ele>418.2</ele></trkpt>
      <trkpt lat="47.799573" lon="13.048287"><ele>417.8</ele></trkpt>
      <trkpt lat="47.799599" lon="13.048120"><ele>417.8</ele></trkpt>
      <trkpt lat="47.799987" lon="13.046960"><ele>418.8</ele></trkpt>
      <trkpt lat="47.800159" lon="13.046401"><ele>416.5</ele></trkpt>
      <trkpt lat="47.800280" lon="13.046007"><ele>418.5</ele></trkpt>
      <trkpt lat="47.800423" lon="13.045324"><ele>416.8</ele></trkpt>
      <trkpt lat="47.800566" lon="13.044572"><ele>421.2</ele></trkpt>
      <trkpt lat="47.800586" lon="13.044544"><ele>420.8</ele></trkpt>
      <trkpt lat="47.801236" lon="13.044882"><ele>417.5</ele></trkpt>
      <trkpt lat="47.801256" lon="13.044892"><ele>418.0</ele></trkpt>
      <trkpt lat="47.801321" lon="13.044915"><ele>420.0</ele></trkpt>
      <trkpt lat="47.801409" lon="13.044949"><ele>422.0</ele></trkpt>
      <trkpt lat="47.801511" lon="13.044909"><ele>422.2</ele></trkpt>
      <trkpt lat="47.801692" lon="13.045177"><ele>423.8</ele></trkpt>
      <trkpt lat="47.801868" lon="13.045163"><ele>424.5</ele></trkpt>
      <trkpt lat="47.801963" lon="13.045215"><ele>425.0</ele></trkpt>
      <trkpt lat="47.802295" lon="13.045616"><ele>427.5</ele></trkpt>
      <trkpt lat="47.802437" lon="13.045770"><ele>428.5</ele></trkpt>
      <trkpt lat="47.802768" lon="13.046120"><ele>430.0</ele></trkpt>
      <trkpt lat="47.803352" lon="13.046897"><ele>430.0</ele></trkpt>
      <trkpt lat="47.803605" lon="13.047207"><ele>430.0</ele></trkpt>
      <trkpt lat="47.803889" lon="13.047577"><ele>430.5</ele></trkpt>
      <trkpt lat="47.804020" lon="13.047759"><ele>430.2</ele></trkpt>
      <trkpt lat="47.804083" lon="13.047866"><ele>430.0</ele></trkpt>
      <trkpt lat="47.804150" lon="13.048000"><ele>429.8</ele></trkpt>
      <trkpt lat="47.804217" lon="13.048169"><ele>430.0</ele></trkpt>
      <trkpt lat="47.804293" lon="13.048406"><ele>430.0</ele></trkpt>
      <trkpt lat="47.804328" lon="13.048501"><ele>430.2</ele></trkpt>
      <trkpt lat="47.804348" lon="13.048564"><ele>430.2</ele></trkpt>
      <trkpt lat="47.804651" lon="13.049479"><ele>430.2</ele></trkpt>
      <trkpt lat="47.804660" lon="13.049506"><ele>430.0</ele></trkpt>
      <trkpt lat="47.804703" lon="13.049628"><ele>430.0</ele></trkpt>
      <trkpt lat="47.804807" lon="13.049707"><ele>430.0</ele></trkpt>
      <trkpt lat="47.805358" lon="13.049259"><ele>428.8</ele></trkpt>
      <trkpt lat="47.805419" lon="13.049209"><ele>428.5</ele></trkpt>
      <trkpt lat="47.805460" lon="13.049178"><ele>428.2</ele></trkpt>
      <trkpt lat="47.805485" lon="13.049155"><ele>428.0</ele></trkpt>
      <trkpt lat="47.805983" lon="13.048791"><ele>427.2</ele></trkpt>
      <trkpt lat="47.806034" lon="13.048750"><ele>427.2</ele></trkpt>
      <trkpt lat="47.806276" lon="13.049453"><ele>428.0</ele></trkpt>
      <trkpt lat="47.806438" lon="13.049918"><ele>428.0</ele></trkpt>
      <trkpt lat="47.806464" lon="13.049991"><ele>428.0</ele></trkpt>
      <trkpt lat="47.806561" lon="13.049913"><ele>428.0</ele></trkpt>
      <trkpt lat="47.806657" lon="13.049838"><ele>428.0</ele></trkpt>
      <trkpt lat="47.806680" lon="13.049939"><ele>427.8</ele></trkpt>
      <trkpt lat="47.806856" lon="13.050691"><ele>428.0</ele></trkpt>
      <trkpt lat="47.806867" lon="13.050740"><ele>428.0</ele></trkpt>
      <trkpt lat="47.806937" lon="13.051038"><ele>427.8</ele></trkpt>
      <trkpt lat="47.806996" lon="13.051274"><ele>428.0</ele></trkpt>
      <trkpt lat="47.807011" lon="13.051356"><ele>428.0</ele></trkpt>
      <trkpt lat="47.807107" lon="13.051821"><ele>428.2</ele></trkpt>
      <trkpt lat="47.807127" lon="13.051914"><ele>428.2</ele></trkpt>
      <trkpt lat="47.807143" lon="13.051995"><ele>428.2</ele></trkpt>
      <trkpt lat="47.807193" lon="13.052221"><ele>428.0</ele></trkpt>
      <trkpt lat="47.807221" lon="13.052351"><ele>428.0</ele></trkpt>
      <trkpt lat="47.807288" lon="13.052598"><ele>428.5</ele></trkpt>
      <trkpt lat="47.807421" lon="13.053022"><ele>428.5</ele></trkpt>
      <trkpt lat="47.807630" lon="13.053705"><ele>429.0</ele></trkpt>
      <trkpt lat="47.807647" lon="13.053756"><ele>429.0</ele></trkpt>
      <trkpt lat="47.807890" lon="13.054508"><ele>429.0</ele></trkpt>
      <trkpt lat="47.808086" lon="13.055120"><ele>430.0</ele></trkpt>
      <trkpt lat="47.808138" lon="13.055244"><ele>430.0</ele></trkpt>
      <trkpt lat="47.808171" lon="13.055329"><ele>430.0</ele></trkpt>
      <trkpt lat="47.808535" lon="13.055239"><ele>430.0</ele></trkpt>
      <trkpt lat="47.808795" lon="13.055177"><ele>430.0</ele></trkpt>
      <trkpt lat="47.808873" lon="13.055158"><ele>430.0</ele></trkpt>
      <trkpt lat="47.808939" lon="13.055140"><ele>430.0</ele></trkpt>
      <trkpt lat="47.809016" lon="13.055120"><ele>430.0</ele></trkpt>
      <trkpt lat="47.809157" lon="13.055085"><ele>430.0</ele></trkpt>
      <trkpt lat="47.809397" lon="13.055025"><ele>430.0</ele></trkpt>
      <trkpt lat="47.809462" lon="13.055008"><ele>429.8</ele></trkpt>
      <trkpt lat="47.809499" lon="13.054998"><ele>429.8</ele></trkpt>
    </trkseg>
  </trk>
</gpx>
