<?xml version="1.0" encoding="UTF-8"?>
<gpx version="1.1" creator="Gravel Kompass" xmlns="http://www.topografix.com/GPX/1/1">
  <metadata><name>Eichenau – Wieskirche: Lechtal, Pfaffenwinkel &amp; Ammersee</name></metadata>
  <trk>
    <name>Eichenau – Wieskirche: Lechtal, Pfaffenwinkel &amp; Ammersee (komplett)</name>
    <trkseg>
<trkpt lat="48.17244" lon="11.32227"><ele>522</ele></trkpt>
<trkpt lat="48.17249" lon="11.32198"><ele>522</ele></trkpt>
<trkpt lat="48.17269" lon="11.32205"><ele>522</ele></trkpt>
<trkpt lat="48.17286" lon="11.32207"><ele>521</ele></trkpt>
<trkpt lat="48.17286" lon="11.32195"><ele>521</ele></trkpt>
<trkpt lat="48.17292" lon="11.32192"><ele>521</ele></trkpt>
<trkpt lat="48.17365" lon="11.32197"><ele>521</ele></trkpt>
<trkpt lat="48.17633" lon="11.32316"><ele>520</ele></trkpt>
<trkpt lat="48.17745" lon="11.32372"><ele>519</ele></trkpt>
<trkpt lat="48.17849" lon="11.32415"><ele>519</ele></trkpt>
<trkpt lat="48.17856" lon="11.32411"><ele>519</ele></trkpt>
<trkpt lat="48.17892" lon="11.32422"><ele>519</ele></trkpt>
<trkpt lat="48.17895" lon="11.32479"><ele>519</ele></trkpt>
<trkpt lat="48.18002" lon="11.32548"><ele>518</ele></trkpt>
<trkpt lat="48.18080" lon="11.32274"><ele>518</ele></trkpt>
<trkpt lat="48.18112" lon="11.32147"><ele>518</ele></trkpt>
<trkpt lat="48.18113" lon="11.32139"><ele>518</ele></trkpt>
<trkpt lat="48.18104" lon="11.32123"><ele>517</ele></trkpt>
<trkpt lat="48.18107" lon="11.32116"><ele>516</ele></trkpt>
<trkpt lat="48.18139" lon="11.32124"><ele>518</ele></trkpt>
<trkpt lat="48.18189" lon="11.32124"><ele>517</ele></trkpt>
<trkpt lat="48.18189" lon="11.32098"><ele>517</ele></trkpt>
<trkpt lat="48.18197" lon="11.32048"><ele>517</ele></trkpt>
<trkpt lat="48.18234" lon="11.31572"><ele>518</ele></trkpt>
<trkpt lat="48.18234" lon="11.31540"><ele>518</ele></trkpt>
<trkpt lat="48.18269" lon="11.31098"><ele>516</ele></trkpt>
<trkpt lat="48.18268" lon="11.31031"><ele>516</ele></trkpt>
<trkpt lat="48.18261" lon="11.30981"><ele>516</ele></trkpt>
<trkpt lat="48.18220" lon="11.30838"><ele>518</ele></trkpt>
<trkpt lat="48.18196" lon="11.30686"><ele>516</ele></trkpt>
<trkpt lat="48.18191" lon="11.30635"><ele>515</ele></trkpt>
<trkpt lat="48.18131" lon="11.29835"><ele>512</ele></trkpt>
<trkpt lat="48.18127" lon="11.29792"><ele>513</ele></trkpt>
<trkpt lat="48.18096" lon="11.29648"><ele>512</ele></trkpt>
<trkpt lat="48.18092" lon="11.29591"><ele>513</ele></trkpt>
<trkpt lat="48.18095" lon="11.29501"><ele>513</ele></trkpt>
<trkpt lat="48.18092" lon="11.29258"><ele>513</ele></trkpt>
<trkpt lat="48.18089" lon="11.29138"><ele>512</ele></trkpt>
<trkpt lat="48.18085" lon="11.29092"><ele>513</ele></trkpt>
<trkpt lat="48.18070" lon="11.29032"><ele>513</ele></trkpt>
<trkpt lat="48.17948" lon="11.28667"><ele>514</ele></trkpt>
<trkpt lat="48.17939" lon="11.28627"><ele>514</ele></trkpt>
<trkpt lat="48.17933" lon="11.28567"><ele>514</ele></trkpt>
<trkpt lat="48.17940" lon="11.28459"><ele>514</ele></trkpt>
<trkpt lat="48.17954" lon="11.28375"><ele>514</ele></trkpt>
<trkpt lat="48.17955" lon="11.28369"><ele>514</ele></trkpt>
<trkpt lat="48.17959" lon="11.28369"><ele>514</ele></trkpt>
<trkpt lat="48.17938" lon="11.28147"><ele>514</ele></trkpt>
<trkpt lat="48.17930" lon="11.28102"><ele>514</ele></trkpt>
<trkpt lat="48.17898" lon="11.27983"><ele>515</ele></trkpt>
<trkpt lat="48.17885" lon="11.27925"><ele>515</ele></trkpt>
<trkpt lat="48.17871" lon="11.27838"><ele>515</ele></trkpt>
<trkpt lat="48.17934" lon="11.27782"><ele>515</ele></trkpt>
<trkpt lat="48.17946" lon="11.27805"><ele>515</ele></trkpt>
<trkpt lat="48.18002" lon="11.27735"><ele>514</ele></trkpt>
<trkpt lat="48.18045" lon="11.27689"><ele>514</ele></trkpt>
<trkpt lat="48.18062" lon="11.27702"><ele>514</ele></trkpt>
<trkpt lat="48.18085" lon="11.27711"><ele>514</ele></trkpt>
<trkpt lat="48.18100" lon="11.27722"><ele>514</ele></trkpt>
<trkpt lat="48.18112" lon="11.27731"><ele>514</ele></trkpt>
<trkpt lat="48.18119" lon="11.27746"><ele>514</ele></trkpt>
<trkpt lat="48.18146" lon="11.27740"><ele>515</ele></trkpt>
<trkpt lat="48.18146" lon="11.27735"><ele>515</ele></trkpt>
<trkpt lat="48.18180" lon="11.27691"><ele>514</ele></trkpt>
<trkpt lat="48.18203" lon="11.27678"><ele>514</ele></trkpt>
<trkpt lat="48.18226" lon="11.27681"><ele>514</ele></trkpt>
<trkpt lat="48.18256" lon="11.27676"><ele>514</ele></trkpt>
<trkpt lat="48.18267" lon="11.27667"><ele>514</ele></trkpt>
<trkpt lat="48.18277" lon="11.27665"><ele>514</ele></trkpt>
<trkpt lat="48.18309" lon="11.27688"><ele>514</ele></trkpt>
<trkpt lat="48.18315" lon="11.27685"><ele>514</ele></trkpt>
<trkpt lat="48.18340" lon="11.27617"><ele>516</ele></trkpt>
<trkpt lat="48.18359" lon="11.27604"><ele>517</ele></trkpt>
<trkpt lat="48.18400" lon="11.27596"><ele>517</ele></trkpt>
<trkpt lat="48.18406" lon="11.27588"><ele>517</ele></trkpt>
<trkpt lat="48.18409" lon="11.27578"><ele>517</ele></trkpt>
<trkpt lat="48.18391" lon="11.27444"><ele>517</ele></trkpt>
<trkpt lat="48.18348" lon="11.27268"><ele>518</ele></trkpt>
<trkpt lat="48.18314" lon="11.27096"><ele>518</ele></trkpt>
<trkpt lat="48.18306" lon="11.27091"><ele>518</ele></trkpt>
<trkpt lat="48.18287" lon="11.26990"><ele>517</ele></trkpt>
<trkpt lat="48.18269" lon="11.26943"><ele>517</ele></trkpt>
<trkpt lat="48.18242" lon="11.26901"><ele>517</ele></trkpt>
<trkpt lat="48.18159" lon="11.26824"><ele>520</ele></trkpt>
<trkpt lat="48.18143" lon="11.26794"><ele>520</ele></trkpt>
<trkpt lat="48.18136" lon="11.26767"><ele>520</ele></trkpt>
<trkpt lat="48.18042" lon="11.26106"><ele>521</ele></trkpt>
<trkpt lat="48.18046" lon="11.26085"><ele>520</ele></trkpt>
<trkpt lat="48.18015" lon="11.25888"><ele>520</ele></trkpt>
<trkpt lat="48.18000" lon="11.25746"><ele>522</ele></trkpt>
<trkpt lat="48.17952" lon="11.25515"><ele>522</ele></trkpt>
<trkpt lat="48.17951" lon="11.25495"><ele>522</ele></trkpt>
<trkpt lat="48.17938" lon="11.25472"><ele>522</ele></trkpt>
<trkpt lat="48.17927" lon="11.25430"><ele>522</ele></trkpt>
<trkpt lat="48.17818" lon="11.24862"><ele>523</ele></trkpt>
<trkpt lat="48.17798" lon="11.24763"><ele>523</ele></trkpt>
<trkpt lat="48.17793" lon="11.24750"><ele>523</ele></trkpt>
<trkpt lat="48.17890" lon="11.24677"><ele>524</ele></trkpt>
<trkpt lat="48.17937" lon="11.24620"><ele>524</ele></trkpt>
<trkpt lat="48.18034" lon="11.24436"><ele>528</ele></trkpt>
<trkpt lat="48.18242" lon="11.24059"><ele>529</ele></trkpt>
<trkpt lat="48.18235" lon="11.24048"><ele>529</ele></trkpt>
<trkpt lat="48.18397" lon="11.23583"><ele>528</ele></trkpt>
<trkpt lat="48.18392" lon="11.23573"><ele>529</ele></trkpt>
<trkpt lat="48.18392" lon="11.23556"><ele>529</ele></trkpt>
<trkpt lat="48.18409" lon="11.23519"><ele>528</ele></trkpt>
<trkpt lat="48.18430" lon="11.23444"><ele>528</ele></trkpt>
<trkpt lat="48.18432" lon="11.23426"><ele>528</ele></trkpt>
<trkpt lat="48.18430" lon="11.23400"><ele>529</ele></trkpt>
<trkpt lat="48.18375" lon="11.23224"><ele>530</ele></trkpt>
<trkpt lat="48.18338" lon="11.23132"><ele>530</ele></trkpt>
<trkpt lat="48.18229" lon="11.23011"><ele>530</ele></trkpt>
<trkpt lat="48.18195" lon="11.22994"><ele>530</ele></trkpt>
<trkpt lat="48.18164" lon="11.22950"><ele>530</ele></trkpt>
<trkpt lat="48.18139" lon="11.22911"><ele>531</ele></trkpt>
<trkpt lat="48.18122" lon="11.22873"><ele>530</ele></trkpt>
<trkpt lat="48.18110" lon="11.22858"><ele>531</ele></trkpt>
<trkpt lat="48.18089" lon="11.22838"><ele>531</ele></trkpt>
<trkpt lat="48.18049" lon="11.22848"><ele>531</ele></trkpt>
<trkpt lat="48.18021" lon="11.22849"><ele>531</ele></trkpt>
<trkpt lat="48.18006" lon="11.22845"><ele>531</ele></trkpt>
<trkpt lat="48.17969" lon="11.22823"><ele>531</ele></trkpt>
<trkpt lat="48.17922" lon="11.22816"><ele>531</ele></trkpt>
<trkpt lat="48.17931" lon="11.22716"><ele>530</ele></trkpt>
<trkpt lat="48.17940" lon="11.22563"><ele>530</ele></trkpt>
<trkpt lat="48.17943" lon="11.22379"><ele>531</ele></trkpt>
<trkpt lat="48.17950" lon="11.22344"><ele>531</ele></trkpt>
<trkpt lat="48.17949" lon="11.22321"><ele>531</ele></trkpt>
<trkpt lat="48.17937" lon="11.22301"><ele>532</ele></trkpt>
<trkpt lat="48.17934" lon="11.22265"><ele>532</ele></trkpt>
<trkpt lat="48.17911" lon="11.22266"><ele>532</ele></trkpt>
<trkpt lat="48.17907" lon="11.22275"><ele>532</ele></trkpt>
<trkpt lat="48.17907" lon="11.22293"><ele>532</ele></trkpt>
<trkpt lat="48.17904" lon="11.22304"><ele>532</ele></trkpt>
<trkpt lat="48.17891" lon="11.22318"><ele>532</ele></trkpt>
<trkpt lat="48.17833" lon="11.22330"><ele>533</ele></trkpt>
<trkpt lat="48.17805" lon="11.22343"><ele>533</ele></trkpt>
<trkpt lat="48.17794" lon="11.22354"><ele>533</ele></trkpt>
<trkpt lat="48.17778" lon="11.22396"><ele>532</ele></trkpt>
<trkpt lat="48.17769" lon="11.22402"><ele>532</ele></trkpt>
<trkpt lat="48.17760" lon="11.22403"><ele>532</ele></trkpt>
<trkpt lat="48.17672" lon="11.22364"><ele>533</ele></trkpt>
<trkpt lat="48.17606" lon="11.22362"><ele>534</ele></trkpt>
<trkpt lat="48.17302" lon="11.22329"><ele>534</ele></trkpt>
<trkpt lat="48.17240" lon="11.22319"><ele>533</ele></trkpt>
<trkpt lat="48.17231" lon="11.22311"><ele>534</ele></trkpt>
<trkpt lat="48.17195" lon="11.22311"><ele>535</ele></trkpt>
<trkpt lat="48.17151" lon="11.22291"><ele>535</ele></trkpt>
<trkpt lat="48.17142" lon="11.22294"><ele>535</ele></trkpt>
<trkpt lat="48.17117" lon="11.22142"><ele>536</ele></trkpt>
<trkpt lat="48.16998" lon="11.21578"><ele>537</ele></trkpt>
<trkpt lat="48.16985" lon="11.21546"><ele>537</ele></trkpt>
<trkpt lat="48.16966" lon="11.21537"><ele>537</ele></trkpt>
<trkpt lat="48.16945" lon="11.21520"><ele>538</ele></trkpt>
<trkpt lat="48.16930" lon="11.21491"><ele>538</ele></trkpt>
<trkpt lat="48.16852" lon="11.21246"><ele>538</ele></trkpt>
<trkpt lat="48.16790" lon="11.21030"><ele>539</ele></trkpt>
<trkpt lat="48.16654" lon="11.20529"><ele>539</ele></trkpt>
<trkpt lat="48.16639" lon="11.20462"><ele>540</ele></trkpt>
<trkpt lat="48.16626" lon="11.20440"><ele>539</ele></trkpt>
<trkpt lat="48.16540" lon="11.20367"><ele>540</ele></trkpt>
<trkpt lat="48.16448" lon="11.20337"><ele>541</ele></trkpt>
<trkpt lat="48.16280" lon="11.20263"><ele>541</ele></trkpt>
<trkpt lat="48.16152" lon="11.20181"><ele>542</ele></trkpt>
<trkpt lat="48.16080" lon="11.20123"><ele>542</ele></trkpt>
<trkpt lat="48.16045" lon="11.20066"><ele>542</ele></trkpt>
<trkpt lat="48.15840" lon="11.19579"><ele>545</ele></trkpt>
<trkpt lat="48.15851" lon="11.19328"><ele>545</ele></trkpt>
<trkpt lat="48.15880" lon="11.19114"><ele>545</ele></trkpt>
<trkpt lat="48.15879" lon="11.19062"><ele>545</ele></trkpt>
<trkpt lat="48.15868" lon="11.19034"><ele>545</ele></trkpt>
<trkpt lat="48.15874" lon="11.19013"><ele>546</ele></trkpt>
<trkpt lat="48.15874" lon="11.18980"><ele>546</ele></trkpt>
<trkpt lat="48.15882" lon="11.18931"><ele>546</ele></trkpt>
<trkpt lat="48.15934" lon="11.18794"><ele>550</ele></trkpt>
<trkpt lat="48.16047" lon="11.18556"><ele>578</ele></trkpt>
<trkpt lat="48.16114" lon="11.18355"><ele>577</ele></trkpt>
<trkpt lat="48.16151" lon="11.18333"><ele>577</ele></trkpt>
<trkpt lat="48.16170" lon="11.18330"><ele>578</ele></trkpt>
<trkpt lat="48.16236" lon="11.18357"><ele>579</ele></trkpt>
<trkpt lat="48.16239" lon="11.18318"><ele>578</ele></trkpt>
<trkpt lat="48.16238" lon="11.18273"><ele>577</ele></trkpt>
<trkpt lat="48.16212" lon="11.18022"><ele>577</ele></trkpt>
<trkpt lat="48.16194" lon="11.17913"><ele>577</ele></trkpt>
<trkpt lat="48.16187" lon="11.17852"><ele>576</ele></trkpt>
<trkpt lat="48.16135" lon="11.17668"><ele>572</ele></trkpt>
<trkpt lat="48.16151" lon="11.17641"><ele>572</ele></trkpt>
<trkpt lat="48.16233" lon="11.17524"><ele>569</ele></trkpt>
<trkpt lat="48.16228" lon="11.17483"><ele>568</ele></trkpt>
<trkpt lat="48.16228" lon="11.17466"><ele>568</ele></trkpt>
<trkpt lat="48.16215" lon="11.17419"><ele>568</ele></trkpt>
<trkpt lat="48.16199" lon="11.17318"><ele>567</ele></trkpt>
<trkpt lat="48.16161" lon="11.17210"><ele>564</ele></trkpt>
<trkpt lat="48.16139" lon="11.17127"><ele>564</ele></trkpt>
<trkpt lat="48.16121" lon="11.17075"><ele>564</ele></trkpt>
<trkpt lat="48.16109" lon="11.17049"><ele>563</ele></trkpt>
<trkpt lat="48.16103" lon="11.16992"><ele>560</ele></trkpt>
<trkpt lat="48.16060" lon="11.16845"><ele>565</ele></trkpt>
<trkpt lat="48.16044" lon="11.16801"><ele>565</ele></trkpt>
<trkpt lat="48.15994" lon="11.16688"><ele>562</ele></trkpt>
<trkpt lat="48.15978" lon="11.16660"><ele>562</ele></trkpt>
<trkpt lat="48.15937" lon="11.16626"><ele>562</ele></trkpt>
<trkpt lat="48.15751" lon="11.16526"><ele>562</ele></trkpt>
<trkpt lat="48.15679" lon="11.16468"><ele>561</ele></trkpt>
<trkpt lat="48.15439" lon="11.16181"><ele>562</ele></trkpt>
<trkpt lat="48.15205" lon="11.16011"><ele>564</ele></trkpt>
<trkpt lat="48.15048" lon="11.15914"><ele>565</ele></trkpt>
<trkpt lat="48.14920" lon="11.15812"><ele>566</ele></trkpt>
<trkpt lat="48.14808" lon="11.15713"><ele>567</ele></trkpt>
<trkpt lat="48.14776" lon="11.15670"><ele>567</ele></trkpt>
<trkpt lat="48.14608" lon="11.15303"><ele>563</ele></trkpt>
<trkpt lat="48.14576" lon="11.15239"><ele>564</ele></trkpt>
<trkpt lat="48.14512" lon="11.15030"><ele>569</ele></trkpt>
<trkpt lat="48.14280" lon="11.14175"><ele>575</ele></trkpt>
<trkpt lat="48.14026" lon="11.14017"><ele>576</ele></trkpt>
<trkpt lat="48.13944" lon="11.13951"><ele>578</ele></trkpt>
<trkpt lat="48.13909" lon="11.13937"><ele>578</ele></trkpt>
<trkpt lat="48.13875" lon="11.13931"><ele>578</ele></trkpt>
<trkpt lat="48.13867" lon="11.13925"><ele>578</ele></trkpt>
<trkpt lat="48.13828" lon="11.13916"><ele>579</ele></trkpt>
<trkpt lat="48.13821" lon="11.13900"><ele>579</ele></trkpt>
<trkpt lat="48.13794" lon="11.13904"><ele>579</ele></trkpt>
<trkpt lat="48.13751" lon="11.13883"><ele>579</ele></trkpt>
<trkpt lat="48.13684" lon="11.13831"><ele>578</ele></trkpt>
<trkpt lat="48.13580" lon="11.13740"><ele>577</ele></trkpt>
<trkpt lat="48.13555" lon="11.13709"><ele>576</ele></trkpt>
<trkpt lat="48.13518" lon="11.13689"><ele>576</ele></trkpt>
<trkpt lat="48.13545" lon="11.13530"><ele>586</ele></trkpt>
<trkpt lat="48.13572" lon="11.13448"><ele>589</ele></trkpt>
<trkpt lat="48.13668" lon="11.13270"><ele>586</ele></trkpt>
<trkpt lat="48.13765" lon="11.13071"><ele>582</ele></trkpt>
<trkpt lat="48.13696" lon="11.13080"><ele>585</ele></trkpt>
<trkpt lat="48.13638" lon="11.13076"><ele>587</ele></trkpt>
<trkpt lat="48.13613" lon="11.13007"><ele>588</ele></trkpt>
<trkpt lat="48.13581" lon="11.12936"><ele>588</ele></trkpt>
<trkpt lat="48.13560" lon="11.12839"><ele>591</ele></trkpt>
<trkpt lat="48.13515" lon="11.12733"><ele>594</ele></trkpt>
<trkpt lat="48.13501" lon="11.12652"><ele>593</ele></trkpt>
<trkpt lat="48.13493" lon="11.12534"><ele>592</ele></trkpt>
<trkpt lat="48.13505" lon="11.12383"><ele>591</ele></trkpt>
<trkpt lat="48.13493" lon="11.12156"><ele>588</ele></trkpt>
<trkpt lat="48.13501" lon="11.12068"><ele>585</ele></trkpt>
<trkpt lat="48.13527" lon="11.11960"><ele>584</ele></trkpt>
<trkpt lat="48.13562" lon="11.11871"><ele>580</ele></trkpt>
<trkpt lat="48.13560" lon="11.11842"><ele>580</ele></trkpt>
<trkpt lat="48.13576" lon="11.11678"><ele>584</ele></trkpt>
<trkpt lat="48.13583" lon="11.11551"><ele>588</ele></trkpt>
<trkpt lat="48.13578" lon="11.11471"><ele>588</ele></trkpt>
<trkpt lat="48.13558" lon="11.11406"><ele>589</ele></trkpt>
<trkpt lat="48.13527" lon="11.11341"><ele>589</ele></trkpt>
<trkpt lat="48.13520" lon="11.11289"><ele>588</ele></trkpt>
<trkpt lat="48.13494" lon="11.11216"><ele>587</ele></trkpt>
<trkpt lat="48.13471" lon="11.11178"><ele>588</ele></trkpt>
<trkpt lat="48.13375" lon="11.11092"><ele>589</ele></trkpt>
<trkpt lat="48.13293" lon="11.11032"><ele>590</ele></trkpt>
<trkpt lat="48.13216" lon="11.10939"><ele>590</ele></trkpt>
<trkpt lat="48.13114" lon="11.10856"><ele>593</ele></trkpt>
<trkpt lat="48.13086" lon="11.10843"><ele>596</ele></trkpt>
<trkpt lat="48.13044" lon="11.10851"><ele>600</ele></trkpt>
<trkpt lat="48.13014" lon="11.10837"><ele>602</ele></trkpt>
<trkpt lat="48.12958" lon="11.10837"><ele>602</ele></trkpt>
<trkpt lat="48.12897" lon="11.10850"><ele>603</ele></trkpt>
<trkpt lat="48.12827" lon="11.10836"><ele>600</ele></trkpt>
<trkpt lat="48.12786" lon="11.10816"><ele>599</ele></trkpt>
<trkpt lat="48.12745" lon="11.10772"><ele>599</ele></trkpt>
<trkpt lat="48.12724" lon="11.10718"><ele>601</ele></trkpt>
<trkpt lat="48.12699" lon="11.10689"><ele>601</ele></trkpt>
<trkpt lat="48.12685" lon="11.10657"><ele>601</ele></trkpt>
<trkpt lat="48.12676" lon="11.10624"><ele>602</ele></trkpt>
<trkpt lat="48.12662" lon="11.10482"><ele>601</ele></trkpt>
<trkpt lat="48.12643" lon="11.10394"><ele>602</ele></trkpt>
<trkpt lat="48.12625" lon="11.10353"><ele>602</ele></trkpt>
<trkpt lat="48.12614" lon="11.10159"><ele>602</ele></trkpt>
<trkpt lat="48.12665" lon="11.09986"><ele>600</ele></trkpt>
<trkpt lat="48.12683" lon="11.09898"><ele>597</ele></trkpt>
<trkpt lat="48.12675" lon="11.09867"><ele>597</ele></trkpt>
<trkpt lat="48.12652" lon="11.09841"><ele>596</ele></trkpt>
<trkpt lat="48.12633" lon="11.09829"><ele>596</ele></trkpt>
<trkpt lat="48.12580" lon="11.09817"><ele>597</ele></trkpt>
<trkpt lat="48.12474" lon="11.09777"><ele>598</ele></trkpt>
<trkpt lat="48.12446" lon="11.09774"><ele>599</ele></trkpt>
<trkpt lat="48.12399" lon="11.09783"><ele>600</ele></trkpt>
<trkpt lat="48.12331" lon="11.09802"><ele>603</ele></trkpt>
<trkpt lat="48.12287" lon="11.09805"><ele>604</ele></trkpt>
<trkpt lat="48.12231" lon="11.09795"><ele>606</ele></trkpt>
<trkpt lat="48.12117" lon="11.09741"><ele>606</ele></trkpt>
<trkpt lat="48.12057" lon="11.09708"><ele>606</ele></trkpt>
<trkpt lat="48.12045" lon="11.09694"><ele>606</ele></trkpt>
<trkpt lat="48.11999" lon="11.09621"><ele>608</ele></trkpt>
<trkpt lat="48.11962" lon="11.09549"><ele>607</ele></trkpt>
<trkpt lat="48.11937" lon="11.09542"><ele>606</ele></trkpt>
<trkpt lat="48.11919" lon="11.09549"><ele>604</ele></trkpt>
<trkpt lat="48.11900" lon="11.09544"><ele>602</ele></trkpt>
<trkpt lat="48.11884" lon="11.09533"><ele>600</ele></trkpt>
<trkpt lat="48.11870" lon="11.09470"><ele>598</ele></trkpt>
<trkpt lat="48.11856" lon="11.09437"><ele>597</ele></trkpt>
<trkpt lat="48.11828" lon="11.09403"><ele>596</ele></trkpt>
<trkpt lat="48.11794" lon="11.09376"><ele>596</ele></trkpt>
<trkpt lat="48.11757" lon="11.09361"><ele>595</ele></trkpt>
<trkpt lat="48.11738" lon="11.09359"><ele>595</ele></trkpt>
<trkpt lat="48.11532" lon="11.09376"><ele>592</ele></trkpt>
<trkpt lat="48.11528" lon="11.09124"><ele>600</ele></trkpt>
<trkpt lat="48.11523" lon="11.09098"><ele>600</ele></trkpt>
<trkpt lat="48.11328" lon="11.08728"><ele>596</ele></trkpt>
<trkpt lat="48.11293" lon="11.08673"><ele>596</ele></trkpt>
<trkpt lat="48.11255" lon="11.08628"><ele>596</ele></trkpt>
<trkpt lat="48.11224" lon="11.08553"><ele>597</ele></trkpt>
<trkpt lat="48.11205" lon="11.08520"><ele>597</ele></trkpt>
<trkpt lat="48.11228" lon="11.08482"><ele>598</ele></trkpt>
<trkpt lat="48.11201" lon="11.08407"><ele>598</ele></trkpt>
<trkpt lat="48.11192" lon="11.08366"><ele>599</ele></trkpt>
<trkpt lat="48.11192" lon="11.08278"><ele>599</ele></trkpt>
<trkpt lat="48.11188" lon="11.08273"><ele>599</ele></trkpt>
<trkpt lat="48.11183" lon="11.08248"><ele>599</ele></trkpt>
<trkpt lat="48.11197" lon="11.08204"><ele>600</ele></trkpt>
<trkpt lat="48.11221" lon="11.08170"><ele>600</ele></trkpt>
<trkpt lat="48.11256" lon="11.08129"><ele>601</ele></trkpt>
<trkpt lat="48.11369" lon="11.08035"><ele>603</ele></trkpt>
<trkpt lat="48.11371" lon="11.08009"><ele>602</ele></trkpt>
<trkpt lat="48.11361" lon="11.07889"><ele>603</ele></trkpt>
<trkpt lat="48.11362" lon="11.07780"><ele>602</ele></trkpt>
<trkpt lat="48.11353" lon="11.07637"><ele>604</ele></trkpt>
<trkpt lat="48.11418" lon="11.07439"><ele>619</ele></trkpt>
<trkpt lat="48.11423" lon="11.07410"><ele>622</ele></trkpt>
<trkpt lat="48.11414" lon="11.07292"><ele>625</ele></trkpt>
<trkpt lat="48.11445" lon="11.07205"><ele>622</ele></trkpt>
<trkpt lat="48.11479" lon="11.07126"><ele>620</ele></trkpt>
<trkpt lat="48.11486" lon="11.07033"><ele>620</ele></trkpt>
<trkpt lat="48.11485" lon="11.06941"><ele>620</ele></trkpt>
<trkpt lat="48.11471" lon="11.06844"><ele>618</ele></trkpt>
<trkpt lat="48.11488" lon="11.06780"><ele>616</ele></trkpt>
<trkpt lat="48.11479" lon="11.06594"><ele>611</ele></trkpt>
<trkpt lat="48.11533" lon="11.06499"><ele>611</ele></trkpt>
<trkpt lat="48.11613" lon="11.06404"><ele>610</ele></trkpt>
<trkpt lat="48.11633" lon="11.06346"><ele>609</ele></trkpt>
<trkpt lat="48.11642" lon="11.06297"><ele>608</ele></trkpt>
<trkpt lat="48.11645" lon="11.06205"><ele>608</ele></trkpt>
<trkpt lat="48.11654" lon="11.06180"><ele>609</ele></trkpt>
<trkpt lat="48.11665" lon="11.06166"><ele>610</ele></trkpt>
<trkpt lat="48.11695" lon="11.06142"><ele>610</ele></trkpt>
<trkpt lat="48.11756" lon="11.06062"><ele>614</ele></trkpt>
<trkpt lat="48.11787" lon="11.05973"><ele>614</ele></trkpt>
<trkpt lat="48.11807" lon="11.05881"><ele>613</ele></trkpt>
<trkpt lat="48.11797" lon="11.05821"><ele>614</ele></trkpt>
<trkpt lat="48.11804" lon="11.05763"><ele>612</ele></trkpt>
<trkpt lat="48.11816" lon="11.05706"><ele>612</ele></trkpt>
<trkpt lat="48.11842" lon="11.05612"><ele>608</ele></trkpt>
<trkpt lat="48.11853" lon="11.05542"><ele>607</ele></trkpt>
<trkpt lat="48.11861" lon="11.05522"><ele>607</ele></trkpt>
<trkpt lat="48.11871" lon="11.05508"><ele>606</ele></trkpt>
<trkpt lat="48.11951" lon="11.05458"><ele>602</ele></trkpt>
<trkpt lat="48.11956" lon="11.05446"><ele>601</ele></trkpt>
<trkpt lat="48.11942" lon="11.05402"><ele>602</ele></trkpt>
<trkpt lat="48.11939" lon="11.05366"><ele>602</ele></trkpt>
<trkpt lat="48.11953" lon="11.05137"><ele>600</ele></trkpt>
<trkpt lat="48.11929" lon="11.04989"><ele>600</ele></trkpt>
<trkpt lat="48.11917" lon="11.04955"><ele>600</ele></trkpt>
<trkpt lat="48.11882" lon="11.04880"><ele>601</ele></trkpt>
<trkpt lat="48.11859" lon="11.04635"><ele>602</ele></trkpt>
<trkpt lat="48.11877" lon="11.04554"><ele>600</ele></trkpt>
<trkpt lat="48.11888" lon="11.04472"><ele>600</ele></trkpt>
<trkpt lat="48.11893" lon="11.04367"><ele>600</ele></trkpt>
<trkpt lat="48.11889" lon="11.04298"><ele>600</ele></trkpt>
<trkpt lat="48.11859" lon="11.04229"><ele>600</ele></trkpt>
<trkpt lat="48.11803" lon="11.04087"><ele>597</ele></trkpt>
<trkpt lat="48.11789" lon="11.03961"><ele>598</ele></trkpt>
<trkpt lat="48.11790" lon="11.03920"><ele>597</ele></trkpt>
<trkpt lat="48.11779" lon="11.03779"><ele>597</ele></trkpt>
<trkpt lat="48.11780" lon="11.03731"><ele>597</ele></trkpt>
<trkpt lat="48.11792" lon="11.03641"><ele>596</ele></trkpt>
<trkpt lat="48.11813" lon="11.03554"><ele>598</ele></trkpt>
<trkpt lat="48.11839" lon="11.03482"><ele>599</ele></trkpt>
<trkpt lat="48.11920" lon="11.03314"><ele>602</ele></trkpt>
<trkpt lat="48.11958" lon="11.03206"><ele>604</ele></trkpt>
<trkpt lat="48.11992" lon="11.03161"><ele>603</ele></trkpt>
<trkpt lat="48.12010" lon="11.03142"><ele>604</ele></trkpt>
<trkpt lat="48.12119" lon="11.02990"><ele>606</ele></trkpt>
<trkpt lat="48.12128" lon="11.02972"><ele>607</ele></trkpt>
<trkpt lat="48.12138" lon="11.02943"><ele>608</ele></trkpt>
<trkpt lat="48.12147" lon="11.02905"><ele>608</ele></trkpt>
<trkpt lat="48.12148" lon="11.02871"><ele>609</ele></trkpt>
<trkpt lat="48.12142" lon="11.02842"><ele>609</ele></trkpt>
<trkpt lat="48.12155" lon="11.02771"><ele>608</ele></trkpt>
<trkpt lat="48.12203" lon="11.02663"><ele>606</ele></trkpt>
<trkpt lat="48.12217" lon="11.02641"><ele>604</ele></trkpt>
<trkpt lat="48.12237" lon="11.02619"><ele>603</ele></trkpt>
<trkpt lat="48.12231" lon="11.02606"><ele>602</ele></trkpt>
<trkpt lat="48.12199" lon="11.02567"><ele>603</ele></trkpt>
<trkpt lat="48.12160" lon="11.02461"><ele>604</ele></trkpt>
<trkpt lat="48.12122" lon="11.02410"><ele>604</ele></trkpt>
<trkpt lat="48.11989" lon="11.02291"><ele>602</ele></trkpt>
<trkpt lat="48.11921" lon="11.02242"><ele>601</ele></trkpt>
<trkpt lat="48.11854" lon="11.02207"><ele>597</ele></trkpt>
<trkpt lat="48.11670" lon="11.02130"><ele>589</ele></trkpt>
<trkpt lat="48.11650" lon="11.02117"><ele>588</ele></trkpt>
<trkpt lat="48.11626" lon="11.02091"><ele>587</ele></trkpt>
<trkpt lat="48.11590" lon="11.02002"><ele>585</ele></trkpt>
<trkpt lat="48.11573" lon="11.01967"><ele>584</ele></trkpt>
<trkpt lat="48.11520" lon="11.01898"><ele>583</ele></trkpt>
<trkpt lat="48.11511" lon="11.01868"><ele>583</ele></trkpt>
<trkpt lat="48.11498" lon="11.01802"><ele>582</ele></trkpt>
<trkpt lat="48.11500" lon="11.01781"><ele>582</ele></trkpt>
<trkpt lat="48.11498" lon="11.01725"><ele>581</ele></trkpt>
<trkpt lat="48.11464" lon="11.01638"><ele>580</ele></trkpt>
<trkpt lat="48.11457" lon="11.01611"><ele>579</ele></trkpt>
<trkpt lat="48.11449" lon="11.01598"><ele>579</ele></trkpt>
<trkpt lat="48.11438" lon="11.01589"><ele>580</ele></trkpt>
<trkpt lat="48.11392" lon="11.01527"><ele>581</ele></trkpt>
<trkpt lat="48.11373" lon="11.01487"><ele>581</ele></trkpt>
<trkpt lat="48.11346" lon="11.01461"><ele>582</ele></trkpt>
<trkpt lat="48.11320" lon="11.01428"><ele>582</ele></trkpt>
<trkpt lat="48.11262" lon="11.01394"><ele>584</ele></trkpt>
<trkpt lat="48.11231" lon="11.01380"><ele>584</ele></trkpt>
<trkpt lat="48.11181" lon="11.01376"><ele>586</ele></trkpt>
<trkpt lat="48.11146" lon="11.01344"><ele>588</ele></trkpt>
<trkpt lat="48.11080" lon="11.01218"><ele>592</ele></trkpt>
<trkpt lat="48.11052" lon="11.01172"><ele>591</ele></trkpt>
<trkpt lat="48.11071" lon="11.01155"><ele>591</ele></trkpt>
<trkpt lat="48.11108" lon="11.01141"><ele>591</ele></trkpt>
<trkpt lat="48.11145" lon="11.01104"><ele>590</ele></trkpt>
<trkpt lat="48.11203" lon="11.01027"><ele>589</ele></trkpt>
<trkpt lat="48.11214" lon="11.00996"><ele>588</ele></trkpt>
<trkpt lat="48.11194" lon="11.00945"><ele>587</ele></trkpt>
<trkpt lat="48.11186" lon="11.00888"><ele>587</ele></trkpt>
<trkpt lat="48.11178" lon="11.00757"><ele>589</ele></trkpt>
<trkpt lat="48.11134" lon="11.00603"><ele>588</ele></trkpt>
<trkpt lat="48.11105" lon="11.00490"><ele>589</ele></trkpt>
<trkpt lat="48.11089" lon="11.00441"><ele>590</ele></trkpt>
<trkpt lat="48.11068" lon="11.00417"><ele>590</ele></trkpt>
<trkpt lat="48.11030" lon="11.00357"><ele>589</ele></trkpt>
<trkpt lat="48.11017" lon="11.00329"><ele>588</ele></trkpt>
<trkpt lat="48.10953" lon="11.00084"><ele>588</ele></trkpt>
<trkpt lat="48.10939" lon="10.99950"><ele>589</ele></trkpt>
<trkpt lat="48.10934" lon="10.99786"><ele>590</ele></trkpt>
<trkpt lat="48.10919" lon="10.99694"><ele>588</ele></trkpt>
<trkpt lat="48.10923" lon="10.99658"><ele>589</ele></trkpt>
<trkpt lat="48.11044" lon="10.99517"><ele>586</ele></trkpt>
<trkpt lat="48.11047" lon="10.99505"><ele>586</ele></trkpt>
<trkpt lat="48.11022" lon="10.99298"><ele>589</ele></trkpt>
<trkpt lat="48.11008" lon="10.99112"><ele>594</ele></trkpt>
<trkpt lat="48.10981" lon="10.98826"><ele>591</ele></trkpt>
<trkpt lat="48.11003" lon="10.98534"><ele>588</ele></trkpt>
<trkpt lat="48.11017" lon="10.98286"><ele>584</ele></trkpt>
<trkpt lat="48.11014" lon="10.98227"><ele>583</ele></trkpt>
<trkpt lat="48.11003" lon="10.98112"><ele>583</ele></trkpt>
<trkpt lat="48.10974" lon="10.97949"><ele>582</ele></trkpt>
<trkpt lat="48.10959" lon="10.97888"><ele>581</ele></trkpt>
<trkpt lat="48.10916" lon="10.97924"><ele>582</ele></trkpt>
<trkpt lat="48.10882" lon="10.97959"><ele>583</ele></trkpt>
<trkpt lat="48.10822" lon="10.97868"><ele>584</ele></trkpt>
<trkpt lat="48.10786" lon="10.97819"><ele>584</ele></trkpt>
<trkpt lat="48.10747" lon="10.97789"><ele>584</ele></trkpt>
<trkpt lat="48.10674" lon="10.97756"><ele>585</ele></trkpt>
<trkpt lat="48.10522" lon="10.97703"><ele>586</ele></trkpt>
<trkpt lat="48.10519" lon="10.96910"><ele>585</ele></trkpt>
<trkpt lat="48.10515" lon="10.96895"><ele>585</ele></trkpt>
<trkpt lat="48.10448" lon="10.96864"><ele>586</ele></trkpt>
<trkpt lat="48.10376" lon="10.96707"><ele>587</ele></trkpt>
<trkpt lat="48.10373" lon="10.96695"><ele>587</ele></trkpt>
<trkpt lat="48.10374" lon="10.96687"><ele>587</ele></trkpt>
<trkpt lat="48.10417" lon="10.96641"><ele>587</ele></trkpt>
<trkpt lat="48.10417" lon="10.96633"><ele>587</ele></trkpt>
<trkpt lat="48.10274" lon="10.96302"><ele>592</ele></trkpt>
<trkpt lat="48.10274" lon="10.96292"><ele>592</ele></trkpt>
<trkpt lat="48.10279" lon="10.96281"><ele>592</ele></trkpt>
<trkpt lat="48.10335" lon="10.96227"><ele>591</ele></trkpt>
<trkpt lat="48.10338" lon="10.96218"><ele>591</ele></trkpt>
<trkpt lat="48.10212" lon="10.95924"><ele>596</ele></trkpt>
<trkpt lat="48.10205" lon="10.95896"><ele>596</ele></trkpt>
<trkpt lat="48.10242" lon="10.95831"><ele>597</ele></trkpt>
<trkpt lat="48.10304" lon="10.95669"><ele>598</ele></trkpt>
<trkpt lat="48.10341" lon="10.95594"><ele>597</ele></trkpt>
<trkpt lat="48.10372" lon="10.95537"><ele>596</ele></trkpt>
<trkpt lat="48.10455" lon="10.95413"><ele>597</ele></trkpt>
<trkpt lat="48.10518" lon="10.95336"><ele>598</ele></trkpt>
<trkpt lat="48.10708" lon="10.95143"><ele>602</ele></trkpt>
<trkpt lat="48.10919" lon="10.94885"><ele>591</ele></trkpt>
<trkpt lat="48.11068" lon="10.94623"><ele>591</ele></trkpt>
<trkpt lat="48.11170" lon="10.94436"><ele>593</ele></trkpt>
<trkpt lat="48.11228" lon="10.94298"><ele>591</ele></trkpt>
<trkpt lat="48.11239" lon="10.94264"><ele>591</ele></trkpt>
<trkpt lat="48.11270" lon="10.94083"><ele>588</ele></trkpt>
<trkpt lat="48.11283" lon="10.94060"><ele>588</ele></trkpt>
<trkpt lat="48.11305" lon="10.94060"><ele>590</ele></trkpt>
<trkpt lat="48.11321" lon="10.94050"><ele>590</ele></trkpt>
<trkpt lat="48.11333" lon="10.94048"><ele>590</ele></trkpt>
<trkpt lat="48.11346" lon="10.94055"><ele>590</ele></trkpt>
<trkpt lat="48.11384" lon="10.94136"><ele>589</ele></trkpt>
<trkpt lat="48.11402" lon="10.94131"><ele>588</ele></trkpt>
<trkpt lat="48.11436" lon="10.94130"><ele>587</ele></trkpt>
<trkpt lat="48.11493" lon="10.94122"><ele>582</ele></trkpt>
<trkpt lat="48.11570" lon="10.94139"><ele>577</ele></trkpt>
<trkpt lat="48.11577" lon="10.94136"><ele>577</ele></trkpt>
<trkpt lat="48.11599" lon="10.94106"><ele>575</ele></trkpt>
<trkpt lat="48.11612" lon="10.94080"><ele>575</ele></trkpt>
<trkpt lat="48.11628" lon="10.94038"><ele>574</ele></trkpt>
<trkpt lat="48.11635" lon="10.93990"><ele>574</ele></trkpt>
<trkpt lat="48.11634" lon="10.93940"><ele>574</ele></trkpt>
<trkpt lat="48.11616" lon="10.93759"><ele>574</ele></trkpt>
<trkpt lat="48.11615" lon="10.93702"><ele>574</ele></trkpt>
<trkpt lat="48.11638" lon="10.93561"><ele>574</ele></trkpt>
<trkpt lat="48.11690" lon="10.93453"><ele>574</ele></trkpt>
<trkpt lat="48.11635" lon="10.93403"><ele>574</ele></trkpt>
<trkpt lat="48.11585" lon="10.93330"><ele>575</ele></trkpt>
<trkpt lat="48.11157" lon="10.92749"><ele>577</ele></trkpt>
<trkpt lat="48.11121" lon="10.92689"><ele>578</ele></trkpt>
<trkpt lat="48.11259" lon="10.92461"><ele>578</ele></trkpt>
<trkpt lat="48.11361" lon="10.92319"><ele>579</ele></trkpt>
<trkpt lat="48.11377" lon="10.92280"><ele>579</ele></trkpt>
<trkpt lat="48.11393" lon="10.92254"><ele>578</ele></trkpt>
<trkpt lat="48.11397" lon="10.92231"><ele>578</ele></trkpt>
<trkpt lat="48.11391" lon="10.92189"><ele>578</ele></trkpt>
<trkpt lat="48.11395" lon="10.92155"><ele>578</ele></trkpt>
<trkpt lat="48.11425" lon="10.92151"><ele>577</ele></trkpt>
<trkpt lat="48.11453" lon="10.92141"><ele>577</ele></trkpt>
<trkpt lat="48.11463" lon="10.92133"><ele>577</ele></trkpt>
<trkpt lat="48.11494" lon="10.92152"><ele>577</ele></trkpt>
<trkpt lat="48.11552" lon="10.92090"><ele>584</ele></trkpt>
<trkpt lat="48.11532" lon="10.92071"><ele>584</ele></trkpt>
<trkpt lat="48.11530" lon="10.92059"><ele>584</ele></trkpt>
<trkpt lat="48.11579" lon="10.91967"><ele>586</ele></trkpt>
<trkpt lat="48.11544" lon="10.91909"><ele>586</ele></trkpt>
<trkpt lat="48.11547" lon="10.91880"><ele>586</ele></trkpt>
<trkpt lat="48.11647" lon="10.91670"><ele>586</ele></trkpt>
<trkpt lat="48.11683" lon="10.91586"><ele>585</ele></trkpt>
<trkpt lat="48.11736" lon="10.91436"><ele>586</ele></trkpt>
<trkpt lat="48.11788" lon="10.91243"><ele>586</ele></trkpt>
<trkpt lat="48.11820" lon="10.91107"><ele>586</ele></trkpt>
<trkpt lat="48.11839" lon="10.91018"><ele>586</ele></trkpt>
<trkpt lat="48.11867" lon="10.90855"><ele>587</ele></trkpt>
<trkpt lat="48.11884" lon="10.90739"><ele>587</ele></trkpt>
<trkpt lat="48.11889" lon="10.90681"><ele>587</ele></trkpt>
<trkpt lat="48.11890" lon="10.90588"><ele>586</ele></trkpt>
<trkpt lat="48.11949" lon="10.90242"><ele>588</ele></trkpt>
<trkpt lat="48.11955" lon="10.90144"><ele>589</ele></trkpt>
<trkpt lat="48.11957" lon="10.89998"><ele>589</ele></trkpt>
<trkpt lat="48.11979" lon="10.89813"><ele>588</ele></trkpt>
<trkpt lat="48.11979" lon="10.89777"><ele>589</ele></trkpt>
<trkpt lat="48.11975" lon="10.89684"><ele>589</ele></trkpt>
<trkpt lat="48.11978" lon="10.89487"><ele>588</ele></trkpt>
<trkpt lat="48.11982" lon="10.89420"><ele>587</ele></trkpt>
<trkpt lat="48.11996" lon="10.89286"><ele>588</ele></trkpt>
<trkpt lat="48.11986" lon="10.88834"><ele>591</ele></trkpt>
<trkpt lat="48.11976" lon="10.88525"><ele>589</ele></trkpt>
<trkpt lat="48.11977" lon="10.88478"><ele>590</ele></trkpt>
<trkpt lat="48.11962" lon="10.88425"><ele>590</ele></trkpt>
<trkpt lat="48.11946" lon="10.88289"><ele>590</ele></trkpt>
<trkpt lat="48.11950" lon="10.88241"><ele>591</ele></trkpt>
<trkpt lat="48.11942" lon="10.88171"><ele>591</ele></trkpt>
<trkpt lat="48.11920" lon="10.88136"><ele>591</ele></trkpt>
<trkpt lat="48.11904" lon="10.88078"><ele>591</ele></trkpt>
<trkpt lat="48.11893" lon="10.88023"><ele>592</ele></trkpt>
<trkpt lat="48.11873" lon="10.87996"><ele>592</ele></trkpt>
<trkpt lat="48.11977" lon="10.88028"><ele>591</ele></trkpt>
<trkpt lat="48.12056" lon="10.87810"><ele>592</ele></trkpt>
<trkpt lat="48.12102" lon="10.87510"><ele>592</ele></trkpt>
<trkpt lat="48.12116" lon="10.87442"><ele>591</ele></trkpt>
<trkpt lat="48.12133" lon="10.87295"><ele>591</ele></trkpt>
<trkpt lat="48.12145" lon="10.87091"><ele>591</ele></trkpt>
<trkpt lat="48.12157" lon="10.86947"><ele>590</ele></trkpt>
<trkpt lat="48.12145" lon="10.86787"><ele>592</ele></trkpt>
<trkpt lat="48.12141" lon="10.86703"><ele>594</ele></trkpt>
<trkpt lat="48.12141" lon="10.86625"><ele>594</ele></trkpt>
<trkpt lat="48.12121" lon="10.86595"><ele>595</ele></trkpt>
<trkpt lat="48.12087" lon="10.86570"><ele>596</ele></trkpt>
<trkpt lat="48.12048" lon="10.86561"><ele>596</ele></trkpt>
<trkpt lat="48.12015" lon="10.86562"><ele>596</ele></trkpt>
<trkpt lat="48.11913" lon="10.86586"><ele>595</ele></trkpt>
<trkpt lat="48.11789" lon="10.86603"><ele>596</ele></trkpt>
<trkpt lat="48.11740" lon="10.86623"><ele>595</ele></trkpt>
<trkpt lat="48.11665" lon="10.86637"><ele>595</ele></trkpt>
<trkpt lat="48.11633" lon="10.86629"><ele>595</ele></trkpt>
<trkpt lat="48.11636" lon="10.86613"><ele>595</ele></trkpt>
<trkpt lat="48.11577" lon="10.86520"><ele>585</ele></trkpt>
<trkpt lat="48.11559" lon="10.86506"><ele>580</ele></trkpt>
<trkpt lat="48.11527" lon="10.86494"><ele>576</ele></trkpt>
<trkpt lat="48.11496" lon="10.86475"><ele>572</ele></trkpt>
<trkpt lat="48.11487" lon="10.86437"><ele>570</ele></trkpt>
<trkpt lat="48.11484" lon="10.86383"><ele>570</ele></trkpt>
<trkpt lat="48.11472" lon="10.86337"><ele>572</ele></trkpt>
<trkpt lat="48.11374" lon="10.86213"><ele>568</ele></trkpt>
<trkpt lat="48.11301" lon="10.86139"><ele>570</ele></trkpt>
<trkpt lat="48.11245" lon="10.86105"><ele>570</ele></trkpt>
<trkpt lat="48.11152" lon="10.86062"><ele>570</ele></trkpt>
<trkpt lat="48.11079" lon="10.86012"><ele>570</ele></trkpt>
<trkpt lat="48.11057" lon="10.85970"><ele>572</ele></trkpt>
<trkpt lat="48.11053" lon="10.85915"><ele>572</ele></trkpt>
<trkpt lat="48.11099" lon="10.85769"><ele>572</ele></trkpt>
<trkpt lat="48.11106" lon="10.85721"><ele>573</ele></trkpt>
<trkpt lat="48.11102" lon="10.85656"><ele>574</ele></trkpt>
<trkpt lat="48.11050" lon="10.85629"><ele>572</ele></trkpt>
<trkpt lat="48.11033" lon="10.85626"><ele>573</ele></trkpt>
<trkpt lat="48.11018" lon="10.85602"><ele>573</ele></trkpt>
<trkpt lat="48.11000" lon="10.85596"><ele>573</ele></trkpt>
<trkpt lat="48.10989" lon="10.85580"><ele>573</ele></trkpt>
<trkpt lat="48.10950" lon="10.85594"><ele>574</ele></trkpt>
<trkpt lat="48.10933" lon="10.85591"><ele>574</ele></trkpt>
<trkpt lat="48.10888" lon="10.85597"><ele>574</ele></trkpt>
<trkpt lat="48.10729" lon="10.85596"><ele>575</ele></trkpt>
<trkpt lat="48.10677" lon="10.85616"><ele>575</ele></trkpt>
<trkpt lat="48.10630" lon="10.85649"><ele>575</ele></trkpt>
<trkpt lat="48.10562" lon="10.85687"><ele>575</ele></trkpt>
<trkpt lat="48.10501" lon="10.85742"><ele>575</ele></trkpt>
<trkpt lat="48.10397" lon="10.85813"><ele>575</ele></trkpt>
<trkpt lat="48.10318" lon="10.85879"><ele>576</ele></trkpt>
<trkpt lat="48.10251" lon="10.85914"><ele>576</ele></trkpt>
<trkpt lat="48.10168" lon="10.85987"><ele>576</ele></trkpt>
<trkpt lat="48.10096" lon="10.86057"><ele>577</ele></trkpt>
<trkpt lat="48.10065" lon="10.86073"><ele>577</ele></trkpt>
<trkpt lat="48.10029" lon="10.86069"><ele>578</ele></trkpt>
<trkpt lat="48.09983" lon="10.86055"><ele>580</ele></trkpt>
<trkpt lat="48.09959" lon="10.86018"><ele>581</ele></trkpt>
<trkpt lat="48.09866" lon="10.86056"><ele>582</ele></trkpt>
<trkpt lat="48.09825" lon="10.86087"><ele>582</ele></trkpt>
<trkpt lat="48.09798" lon="10.86136"><ele>582</ele></trkpt>
<trkpt lat="48.09687" lon="10.86256"><ele>582</ele></trkpt>
<trkpt lat="48.09642" lon="10.86332"><ele>582</ele></trkpt>
<trkpt lat="48.09626" lon="10.86374"><ele>582</ele></trkpt>
<trkpt lat="48.09599" lon="10.86379"><ele>581</ele></trkpt>
<trkpt lat="48.09567" lon="10.86310"><ele>581</ele></trkpt>
<trkpt lat="48.09548" lon="10.86242"><ele>581</ele></trkpt>
<trkpt lat="48.09493" lon="10.86176"><ele>582</ele></trkpt>
<trkpt lat="48.09380" lon="10.86084"><ele>583</ele></trkpt>
<trkpt lat="48.09330" lon="10.86076"><ele>582</ele></trkpt>
<trkpt lat="48.09326" lon="10.86071"><ele>582</ele></trkpt>
<trkpt lat="48.09318" lon="10.86001"><ele>583</ele></trkpt>
<trkpt lat="48.09313" lon="10.85989"><ele>583</ele></trkpt>
<trkpt lat="48.09277" lon="10.86017"><ele>583</ele></trkpt>
<trkpt lat="48.09178" lon="10.86077"><ele>584</ele></trkpt>
<trkpt lat="48.09155" lon="10.86076"><ele>584</ele></trkpt>
<trkpt lat="48.09141" lon="10.86070"><ele>584</ele></trkpt>
<trkpt lat="48.09117" lon="10.86042"><ele>584</ele></trkpt>
<trkpt lat="48.09101" lon="10.86030"><ele>585</ele></trkpt>
<trkpt lat="48.09090" lon="10.86027"><ele>585</ele></trkpt>
<trkpt lat="48.09034" lon="10.86046"><ele>585</ele></trkpt>
<trkpt lat="48.08995" lon="10.85789"><ele>585</ele></trkpt>
<trkpt lat="48.08992" lon="10.85788"><ele>585</ele></trkpt>
<trkpt lat="48.08971" lon="10.85622"><ele>584</ele></trkpt>
<trkpt lat="48.08910" lon="10.85643"><ele>585</ele></trkpt>
<trkpt lat="48.08897" lon="10.85209"><ele>587</ele></trkpt>
<trkpt lat="48.08887" lon="10.85202"><ele>587</ele></trkpt>
<trkpt lat="48.08864" lon="10.85204"><ele>587</ele></trkpt>
<trkpt lat="48.08699" lon="10.85221"><ele>588</ele></trkpt>
<trkpt lat="48.08649" lon="10.85243"><ele>588</ele></trkpt>
<trkpt lat="48.08620" lon="10.85202"><ele>588</ele></trkpt>
<trkpt lat="48.08584" lon="10.85167"><ele>589</ele></trkpt>
<trkpt lat="48.08565" lon="10.85154"><ele>589</ele></trkpt>
<trkpt lat="48.08538" lon="10.85144"><ele>589</ele></trkpt>
<trkpt lat="48.08474" lon="10.85138"><ele>589</ele></trkpt>
<trkpt lat="48.08437" lon="10.85115"><ele>590</ele></trkpt>
<trkpt lat="48.08418" lon="10.85108"><ele>590</ele></trkpt>
<trkpt lat="48.08380" lon="10.85111"><ele>590</ele></trkpt>
<trkpt lat="48.08362" lon="10.84975"><ele>590</ele></trkpt>
<trkpt lat="48.08359" lon="10.84888"><ele>590</ele></trkpt>
<trkpt lat="48.08364" lon="10.84810"><ele>591</ele></trkpt>
<trkpt lat="48.08359" lon="10.84750"><ele>592</ele></trkpt>
<trkpt lat="48.08353" lon="10.84747"><ele>592</ele></trkpt>
<trkpt lat="48.08302" lon="10.84754"><ele>591</ele></trkpt>
<trkpt lat="48.08161" lon="10.84783"><ele>592</ele></trkpt>
<trkpt lat="48.08145" lon="10.84718"><ele>593</ele></trkpt>
<trkpt lat="48.08102" lon="10.84743"><ele>593</ele></trkpt>
<trkpt lat="48.08043" lon="10.84785"><ele>594</ele></trkpt>
<trkpt lat="48.08017" lon="10.84793"><ele>593</ele></trkpt>
<trkpt lat="48.07997" lon="10.84785"><ele>594</ele></trkpt>
<trkpt lat="48.07973" lon="10.84752"><ele>598</ele></trkpt>
<trkpt lat="48.07910" lon="10.84827"><ele>595</ele></trkpt>
<trkpt lat="48.07884" lon="10.84865"><ele>595</ele></trkpt>
<trkpt lat="48.07869" lon="10.84899"><ele>594</ele></trkpt>
<trkpt lat="48.07860" lon="10.84948"><ele>593</ele></trkpt>
<trkpt lat="48.07862" lon="10.85000"><ele>593</ele></trkpt>
<trkpt lat="48.07876" lon="10.85052"><ele>592</ele></trkpt>
<trkpt lat="48.07905" lon="10.85096"><ele>592</ele></trkpt>
<trkpt lat="48.07954" lon="10.85151"><ele>591</ele></trkpt>
<trkpt lat="48.07969" lon="10.85176"><ele>592</ele></trkpt>
<trkpt lat="48.07980" lon="10.85205"><ele>590</ele></trkpt>
<trkpt lat="48.08083" lon="10.85652"><ele>588</ele></trkpt>
<trkpt lat="48.08148" lon="10.86056"><ele>586</ele></trkpt>
<trkpt lat="48.08175" lon="10.86045"><ele>586</ele></trkpt>
<trkpt lat="48.08179" lon="10.86061"><ele>586</ele></trkpt>
<trkpt lat="48.08176" lon="10.86083"><ele>587</ele></trkpt>
<trkpt lat="48.08187" lon="10.86128"><ele>587</ele></trkpt>
<trkpt lat="48.08191" lon="10.86130"><ele>587</ele></trkpt>
<trkpt lat="48.08237" lon="10.86315"><ele>588</ele></trkpt>
<trkpt lat="48.08096" lon="10.86376"><ele>586</ele></trkpt>
<trkpt lat="48.08095" lon="10.86388"><ele>586</ele></trkpt>
<trkpt lat="48.08146" lon="10.86601"><ele>585</ele></trkpt>
<trkpt lat="48.08152" lon="10.86616"><ele>585</ele></trkpt>
<trkpt lat="48.08169" lon="10.86638"><ele>584</ele></trkpt>
<trkpt lat="48.08167" lon="10.86658"><ele>584</ele></trkpt>
<trkpt lat="48.08125" lon="10.86801"><ele>584</ele></trkpt>
<trkpt lat="48.08111" lon="10.86833"><ele>584</ele></trkpt>
<trkpt lat="48.08060" lon="10.86908"><ele>583</ele></trkpt>
<trkpt lat="48.07984" lon="10.86984"><ele>584</ele></trkpt>
<trkpt lat="48.07957" lon="10.87003"><ele>583</ele></trkpt>
<trkpt lat="48.07900" lon="10.87026"><ele>584</ele></trkpt>
<trkpt lat="48.07817" lon="10.86974"><ele>586</ele></trkpt>
<trkpt lat="48.07747" lon="10.86943"><ele>586</ele></trkpt>
<trkpt lat="48.07659" lon="10.86878"><ele>586</ele></trkpt>
<trkpt lat="48.07639" lon="10.86867"><ele>586</ele></trkpt>
<trkpt lat="48.07578" lon="10.86851"><ele>586</ele></trkpt>
<trkpt lat="48.07511" lon="10.86853"><ele>586</ele></trkpt>
<trkpt lat="48.07493" lon="10.86847"><ele>586</ele></trkpt>
<trkpt lat="48.07456" lon="10.86823"><ele>587</ele></trkpt>
<trkpt lat="48.07433" lon="10.86815"><ele>588</ele></trkpt>
<trkpt lat="48.07359" lon="10.86811"><ele>588</ele></trkpt>
<trkpt lat="48.07255" lon="10.86799"><ele>588</ele></trkpt>
<trkpt lat="48.07215" lon="10.86800"><ele>589</ele></trkpt>
<trkpt lat="48.06982" lon="10.86782"><ele>589</ele></trkpt>
<trkpt lat="48.06952" lon="10.86862"><ele>590</ele></trkpt>
<trkpt lat="48.06983" lon="10.86922"><ele>588</ele></trkpt>
<trkpt lat="48.06993" lon="10.86950"><ele>589</ele></trkpt>
<trkpt lat="48.06999" lon="10.86978"><ele>589</ele></trkpt>
<trkpt lat="48.06848" lon="10.87079"><ele>589</ele></trkpt>
<trkpt lat="48.06827" lon="10.87097"><ele>589</ele></trkpt>
<trkpt lat="48.06795" lon="10.87107"><ele>587</ele></trkpt>
<trkpt lat="48.06748" lon="10.87101"><ele>581</ele></trkpt>
<trkpt lat="48.06729" lon="10.87103"><ele>580</ele></trkpt>
<trkpt lat="48.06721" lon="10.87107"><ele>580</ele></trkpt>
<trkpt lat="48.06713" lon="10.87125"><ele>580</ele></trkpt>
<trkpt lat="48.06702" lon="10.87131"><ele>579</ele></trkpt>
<trkpt lat="48.06652" lon="10.87127"><ele>579</ele></trkpt>
<trkpt lat="48.06573" lon="10.87107"><ele>581</ele></trkpt>
<trkpt lat="48.06534" lon="10.87105"><ele>580</ele></trkpt>
<trkpt lat="48.06507" lon="10.87111"><ele>580</ele></trkpt>
<trkpt lat="48.06428" lon="10.87155"><ele>580</ele></trkpt>
<trkpt lat="48.06403" lon="10.87161"><ele>580</ele></trkpt>
<trkpt lat="48.06378" lon="10.87174"><ele>580</ele></trkpt>
<trkpt lat="48.06167" lon="10.87295"><ele>581</ele></trkpt>
<trkpt lat="48.05969" lon="10.87387"><ele>582</ele></trkpt>
<trkpt lat="48.05903" lon="10.87427"><ele>582</ele></trkpt>
<trkpt lat="48.05821" lon="10.87458"><ele>582</ele></trkpt>
<trkpt lat="48.05789" lon="10.87478"><ele>582</ele></trkpt>
<trkpt lat="48.05730" lon="10.87527"><ele>582</ele></trkpt>
<trkpt lat="48.05700" lon="10.87544"><ele>583</ele></trkpt>
<trkpt lat="48.05608" lon="10.87572"><ele>583</ele></trkpt>
<trkpt lat="48.05580" lon="10.87587"><ele>583</ele></trkpt>
<trkpt lat="48.05575" lon="10.87596"><ele>583</ele></trkpt>
<trkpt lat="48.05536" lon="10.87594"><ele>584</ele></trkpt>
<trkpt lat="48.05518" lon="10.87583"><ele>584</ele></trkpt>
<trkpt lat="48.05445" lon="10.87675"><ele>582</ele></trkpt>
<trkpt lat="48.05374" lon="10.87545"><ele>581</ele></trkpt>
<trkpt lat="48.05345" lon="10.87500"><ele>582</ele></trkpt>
<trkpt lat="48.05320" lon="10.87472"><ele>582</ele></trkpt>
<trkpt lat="48.05298" lon="10.87458"><ele>582</ele></trkpt>
<trkpt lat="48.05265" lon="10.87445"><ele>582</ele></trkpt>
<trkpt lat="48.05146" lon="10.87424"><ele>583</ele></trkpt>
<trkpt lat="48.05140" lon="10.87417"><ele>583</ele></trkpt>
<trkpt lat="48.05110" lon="10.87410"><ele>582</ele></trkpt>
<trkpt lat="48.05101" lon="10.87388"><ele>582</ele></trkpt>
<trkpt lat="48.05081" lon="10.87385"><ele>581</ele></trkpt>
<trkpt lat="48.05071" lon="10.87391"><ele>581</ele></trkpt>
<trkpt lat="48.05067" lon="10.87404"><ele>582</ele></trkpt>
<trkpt lat="48.05073" lon="10.87415"><ele>582</ele></trkpt>
<trkpt lat="48.05089" lon="10.87418"><ele>582</ele></trkpt>
<trkpt lat="48.05089" lon="10.87481"><ele>584</ele></trkpt>
<trkpt lat="48.05012" lon="10.87480"><ele>584</ele></trkpt>
<trkpt lat="48.04965" lon="10.87489"><ele>584</ele></trkpt>
<trkpt lat="48.04953" lon="10.87501"><ele>584</ele></trkpt>
<trkpt lat="48.04939" lon="10.87538"><ele>584</ele></trkpt>
<trkpt lat="48.04931" lon="10.87568"><ele>584</ele></trkpt>
<trkpt lat="48.04927" lon="10.87669"><ele>587</ele></trkpt>
<trkpt lat="48.04964" lon="10.87700"><ele>589</ele></trkpt>
<trkpt lat="48.04980" lon="10.87720"><ele>590</ele></trkpt>
<trkpt lat="48.04978" lon="10.87739"><ele>591</ele></trkpt>
<trkpt lat="48.04968" lon="10.87750"><ele>592</ele></trkpt>
<trkpt lat="48.04945" lon="10.87765"><ele>594</ele></trkpt>
<trkpt lat="48.04935" lon="10.87764"><ele>596</ele></trkpt>
<trkpt lat="48.04905" lon="10.87748"><ele>596</ele></trkpt>
<trkpt lat="48.04826" lon="10.87735"><ele>602</ele></trkpt>
<trkpt lat="48.04729" lon="10.87712"><ele>605</ele></trkpt>
<trkpt lat="48.04705" lon="10.87718"><ele>608</ele></trkpt>
<trkpt lat="48.04691" lon="10.87733"><ele>609</ele></trkpt>
<trkpt lat="48.04685" lon="10.87747"><ele>609</ele></trkpt>
<trkpt lat="48.04680" lon="10.87771"><ele>611</ele></trkpt>
<trkpt lat="48.04680" lon="10.87804"><ele>614</ele></trkpt>
<trkpt lat="48.04688" lon="10.87878"><ele>616</ele></trkpt>
<trkpt lat="48.04704" lon="10.87927"><ele>618</ele></trkpt>
<trkpt lat="48.04698" lon="10.87933"><ele>617</ele></trkpt>
<trkpt lat="48.04695" lon="10.87970"><ele>620</ele></trkpt>
<trkpt lat="48.04688" lon="10.87987"><ele>622</ele></trkpt>
<trkpt lat="48.04680" lon="10.88004"><ele>624</ele></trkpt>
<trkpt lat="48.04670" lon="10.88013"><ele>624</ele></trkpt>
<trkpt lat="48.04601" lon="10.88055"><ele>624</ele></trkpt>
<trkpt lat="48.04590" lon="10.88058"><ele>624</ele></trkpt>
<trkpt lat="48.04552" lon="10.88053"><ele>625</ele></trkpt>
<trkpt lat="48.04511" lon="10.88065"><ele>627</ele></trkpt>
<trkpt lat="48.04483" lon="10.88079"><ele>628</ele></trkpt>
<trkpt lat="48.04474" lon="10.88096"><ele>630</ele></trkpt>
<trkpt lat="48.04449" lon="10.88115"><ele>630</ele></trkpt>
<trkpt lat="48.04383" lon="10.88164"><ele>632</ele></trkpt>
<trkpt lat="48.04304" lon="10.88210"><ele>634</ele></trkpt>
<trkpt lat="48.04309" lon="10.88229"><ele>634</ele></trkpt>
<trkpt lat="48.04294" lon="10.88225"><ele>634</ele></trkpt>
<trkpt lat="48.04251" lon="10.88225"><ele>635</ele></trkpt>
<trkpt lat="48.04013" lon="10.88247"><ele>638</ele></trkpt>
<trkpt lat="48.03824" lon="10.88230"><ele>640</ele></trkpt>
<trkpt lat="48.03807" lon="10.88231"><ele>640</ele></trkpt>
<trkpt lat="48.03534" lon="10.88373"><ele>643</ele></trkpt>
<trkpt lat="48.03453" lon="10.88410"><ele>644</ele></trkpt>
<trkpt lat="48.03337" lon="10.88479"><ele>644</ele></trkpt>
<trkpt lat="48.03245" lon="10.88512"><ele>643</ele></trkpt>
<trkpt lat="48.03237" lon="10.88498"><ele>643</ele></trkpt>
<trkpt lat="48.03228" lon="10.88466"><ele>642</ele></trkpt>
<trkpt lat="48.03214" lon="10.88392"><ele>642</ele></trkpt>
<trkpt lat="48.03201" lon="10.88348"><ele>641</ele></trkpt>
<trkpt lat="48.03194" lon="10.88339"><ele>640</ele></trkpt>
<trkpt lat="48.03092" lon="10.88286"><ele>632</ele></trkpt>
<trkpt lat="48.03034" lon="10.88275"><ele>630</ele></trkpt>
<trkpt lat="48.03010" lon="10.88278"><ele>628</ele></trkpt>
<trkpt lat="48.03000" lon="10.88284"><ele>628</ele></trkpt>
<trkpt lat="48.02953" lon="10.88344"><ele>626</ele></trkpt>
<trkpt lat="48.02922" lon="10.88388"><ele>626</ele></trkpt>
<trkpt lat="48.02908" lon="10.88397"><ele>625</ele></trkpt>
<trkpt lat="48.02895" lon="10.88399"><ele>625</ele></trkpt>
<trkpt lat="48.02885" lon="10.88392"><ele>625</ele></trkpt>
<trkpt lat="48.02882" lon="10.88385"><ele>625</ele></trkpt>
<trkpt lat="48.02888" lon="10.88368"><ele>624</ele></trkpt>
<trkpt lat="48.02909" lon="10.88343"><ele>623</ele></trkpt>
<trkpt lat="48.02939" lon="10.88318"><ele>621</ele></trkpt>
<trkpt lat="48.02951" lon="10.88301"><ele>620</ele></trkpt>
<trkpt lat="48.02978" lon="10.88252"><ele>615</ele></trkpt>
<trkpt lat="48.03027" lon="10.88124"><ele>607</ele></trkpt>
<trkpt lat="48.03054" lon="10.88027"><ele>598</ele></trkpt>
<trkpt lat="48.03054" lon="10.88002"><ele>597</ele></trkpt>
<trkpt lat="48.03043" lon="10.87941"><ele>596</ele></trkpt>
<trkpt lat="48.03045" lon="10.87924"><ele>595</ele></trkpt>
<trkpt lat="48.02999" lon="10.87969"><ele>596</ele></trkpt>
<trkpt lat="48.02925" lon="10.88077"><ele>596</ele></trkpt>
<trkpt lat="48.02890" lon="10.88115"><ele>596</ele></trkpt>
<trkpt lat="48.02797" lon="10.88163"><ele>594</ele></trkpt>
<trkpt lat="48.02777" lon="10.88179"><ele>595</ele></trkpt>
<trkpt lat="48.02689" lon="10.88272"><ele>596</ele></trkpt>
<trkpt lat="48.02633" lon="10.88353"><ele>596</ele></trkpt>
<trkpt lat="48.02610" lon="10.88380"><ele>595</ele></trkpt>
<trkpt lat="48.02509" lon="10.88448"><ele>596</ele></trkpt>
<trkpt lat="48.02462" lon="10.88468"><ele>595</ele></trkpt>
<trkpt lat="48.02384" lon="10.88490"><ele>596</ele></trkpt>
<trkpt lat="48.02357" lon="10.88512"><ele>596</ele></trkpt>
<trkpt lat="48.02341" lon="10.88518"><ele>595</ele></trkpt>
<trkpt lat="48.02328" lon="10.88513"><ele>596</ele></trkpt>
<trkpt lat="48.02275" lon="10.88472"><ele>594</ele></trkpt>
<trkpt lat="48.02235" lon="10.88456"><ele>596</ele></trkpt>
<trkpt lat="48.02181" lon="10.88444"><ele>594</ele></trkpt>
<trkpt lat="48.02120" lon="10.88421"><ele>595</ele></trkpt>
<trkpt lat="48.02040" lon="10.88382"><ele>596</ele></trkpt>
<trkpt lat="48.01991" lon="10.88372"><ele>598</ele></trkpt>
<trkpt lat="48.01921" lon="10.88332"><ele>594</ele></trkpt>
<trkpt lat="48.01850" lon="10.88269"><ele>595</ele></trkpt>
<trkpt lat="48.01833" lon="10.88263"><ele>596</ele></trkpt>
<trkpt lat="48.01711" lon="10.88279"><ele>597</ele></trkpt>
<trkpt lat="48.01641" lon="10.88275"><ele>597</ele></trkpt>
<trkpt lat="48.01590" lon="10.88247"><ele>598</ele></trkpt>
<trkpt lat="48.01559" lon="10.88221"><ele>599</ele></trkpt>
<trkpt lat="48.01551" lon="10.88218"><ele>598</ele></trkpt>
<trkpt lat="48.01381" lon="10.88256"><ele>610</ele></trkpt>
<trkpt lat="48.01359" lon="10.88270"><ele>612</ele></trkpt>
<trkpt lat="48.01351" lon="10.88281"><ele>613</ele></trkpt>
<trkpt lat="48.01337" lon="10.88268"><ele>611</ele></trkpt>
<trkpt lat="48.01303" lon="10.88263"><ele>610</ele></trkpt>
<trkpt lat="48.01290" lon="10.88267"><ele>611</ele></trkpt>
<trkpt lat="48.01271" lon="10.88264"><ele>611</ele></trkpt>
<trkpt lat="48.01233" lon="10.88283"><ele>614</ele></trkpt>
<trkpt lat="48.01165" lon="10.88302"><ele>618</ele></trkpt>
<trkpt lat="48.01121" lon="10.88331"><ele>623</ele></trkpt>
<trkpt lat="48.01077" lon="10.88343"><ele>626</ele></trkpt>
<trkpt lat="48.01069" lon="10.88349"><ele>627</ele></trkpt>
<trkpt lat="48.01055" lon="10.88349"><ele>626</ele></trkpt>
<trkpt lat="48.00969" lon="10.88371"><ele>626</ele></trkpt>
<trkpt lat="48.00937" lon="10.88376"><ele>626</ele></trkpt>
<trkpt lat="48.00762" lon="10.88370"><ele>628</ele></trkpt>
<trkpt lat="48.00688" lon="10.88411"><ele>629</ele></trkpt>
<trkpt lat="48.00636" lon="10.88426"><ele>630</ele></trkpt>
<trkpt lat="48.00548" lon="10.88442"><ele>630</ele></trkpt>
<trkpt lat="48.00517" lon="10.88460"><ele>632</ele></trkpt>
<trkpt lat="48.00456" lon="10.88455"><ele>631</ele></trkpt>
<trkpt lat="48.00338" lon="10.88482"><ele>633</ele></trkpt>
<trkpt lat="48.00083" lon="10.88473"><ele>636</ele></trkpt>
<trkpt lat="48.00046" lon="10.88458"><ele>636</ele></trkpt>
<trkpt lat="48.00022" lon="10.88456"><ele>636</ele></trkpt>
<trkpt lat="47.99932" lon="10.88466"><ele>636</ele></trkpt>
<trkpt lat="47.99872" lon="10.88489"><ele>639</ele></trkpt>
<trkpt lat="47.99857" lon="10.88492"><ele>639</ele></trkpt>
<trkpt lat="47.99811" lon="10.88467"><ele>638</ele></trkpt>
<trkpt lat="47.99766" lon="10.88453"><ele>637</ele></trkpt>
<trkpt lat="47.99710" lon="10.88443"><ele>637</ele></trkpt>
<trkpt lat="47.99682" lon="10.88451"><ele>637</ele></trkpt>
<trkpt lat="47.99595" lon="10.88439"><ele>637</ele></trkpt>
<trkpt lat="47.99527" lon="10.88498"><ele>638</ele></trkpt>
<trkpt lat="47.99503" lon="10.88531"><ele>639</ele></trkpt>
<trkpt lat="47.99465" lon="10.88572"><ele>641</ele></trkpt>
<trkpt lat="47.99399" lon="10.88697"><ele>645</ele></trkpt>
<trkpt lat="47.99215" lon="10.89002"><ele>654</ele></trkpt>
<trkpt lat="47.99138" lon="10.89263"><ele>660</ele></trkpt>
<trkpt lat="47.99113" lon="10.89324"><ele>662</ele></trkpt>
<trkpt lat="47.99057" lon="10.89314"><ele>664</ele></trkpt>
<trkpt lat="47.99016" lon="10.89282"><ele>664</ele></trkpt>
<trkpt lat="47.98963" lon="10.89232"><ele>666</ele></trkpt>
<trkpt lat="47.98933" lon="10.89242"><ele>666</ele></trkpt>
<trkpt lat="47.98724" lon="10.89361"><ele>670</ele></trkpt>
<trkpt lat="47.98622" lon="10.89409"><ele>669</ele></trkpt>
<trkpt lat="47.98602" lon="10.89432"><ele>669</ele></trkpt>
<trkpt lat="47.98564" lon="10.89466"><ele>668</ele></trkpt>
<trkpt lat="47.98556" lon="10.89557"><ele>667</ele></trkpt>
<trkpt lat="47.98556" lon="10.89579"><ele>667</ele></trkpt>
<trkpt lat="47.98518" lon="10.89500"><ele>665</ele></trkpt>
<trkpt lat="47.98470" lon="10.89429"><ele>664</ele></trkpt>
<trkpt lat="47.98444" lon="10.89383"><ele>663</ele></trkpt>
<trkpt lat="47.98421" lon="10.89328"><ele>662</ele></trkpt>
<trkpt lat="47.98381" lon="10.89206"><ele>661</ele></trkpt>
<trkpt lat="47.98372" lon="10.89154"><ele>661</ele></trkpt>
<trkpt lat="47.98371" lon="10.89124"><ele>660</ele></trkpt>
<trkpt lat="47.98372" lon="10.89094"><ele>660</ele></trkpt>
<trkpt lat="47.98387" lon="10.88985"><ele>655</ele></trkpt>
<trkpt lat="47.98401" lon="10.88942"><ele>654</ele></trkpt>
<trkpt lat="47.98400" lon="10.88908"><ele>654</ele></trkpt>
<trkpt lat="47.98391" lon="10.88884"><ele>656</ele></trkpt>
<trkpt lat="47.98339" lon="10.88864"><ele>658</ele></trkpt>
<trkpt lat="47.98326" lon="10.88865"><ele>659</ele></trkpt>
<trkpt lat="47.98315" lon="10.88870"><ele>658</ele></trkpt>
<trkpt lat="47.98125" lon="10.89052"><ele>664</ele></trkpt>
<trkpt lat="47.98076" lon="10.89090"><ele>666</ele></trkpt>
<trkpt lat="47.98000" lon="10.89164"><ele>666</ele></trkpt>
<trkpt lat="47.97980" lon="10.89093"><ele>670</ele></trkpt>
<trkpt lat="47.97974" lon="10.89086"><ele>671</ele></trkpt>
<trkpt lat="47.97965" lon="10.89083"><ele>671</ele></trkpt>
<trkpt lat="47.97907" lon="10.89084"><ele>671</ele></trkpt>
<trkpt lat="47.97784" lon="10.89068"><ele>672</ele></trkpt>
<trkpt lat="47.97764" lon="10.89062"><ele>672</ele></trkpt>
<trkpt lat="47.97712" lon="10.89063"><ele>673</ele></trkpt>
<trkpt lat="47.97635" lon="10.89086"><ele>675</ele></trkpt>
<trkpt lat="47.97593" lon="10.89089"><ele>676</ele></trkpt>
<trkpt lat="47.97553" lon="10.89107"><ele>676</ele></trkpt>
<trkpt lat="47.97498" lon="10.89147"><ele>678</ele></trkpt>
<trkpt lat="47.97237" lon="10.89374"><ele>673</ele></trkpt>
<trkpt lat="47.97030" lon="10.89404"><ele>672</ele></trkpt>
<trkpt lat="47.96974" lon="10.89437"><ele>672</ele></trkpt>
<trkpt lat="47.96922" lon="10.89479"><ele>669</ele></trkpt>
<trkpt lat="47.96773" lon="10.89655"><ele>665</ele></trkpt>
<trkpt lat="47.96730" lon="10.89672"><ele>664</ele></trkpt>
<trkpt lat="47.96695" lon="10.89696"><ele>664</ele></trkpt>
<trkpt lat="47.96466" lon="10.89958"><ele>670</ele></trkpt>
<trkpt lat="47.96440" lon="10.89997"><ele>670</ele></trkpt>
<trkpt lat="47.96412" lon="10.90074"><ele>673</ele></trkpt>
<trkpt lat="47.96411" lon="10.90164"><ele>680</ele></trkpt>
<trkpt lat="47.96396" lon="10.90286"><ele>685</ele></trkpt>
<trkpt lat="47.96384" lon="10.90332"><ele>686</ele></trkpt>
<trkpt lat="47.96343" lon="10.90426"><ele>687</ele></trkpt>
<trkpt lat="47.96293" lon="10.90484"><ele>685</ele></trkpt>
<trkpt lat="47.96280" lon="10.90449"><ele>682</ele></trkpt>
<trkpt lat="47.96247" lon="10.90466"><ele>682</ele></trkpt>
<trkpt lat="47.96201" lon="10.90471"><ele>679</ele></trkpt>
<trkpt lat="47.96139" lon="10.90496"><ele>678</ele></trkpt>
<trkpt lat="47.96068" lon="10.90508"><ele>679</ele></trkpt>
<trkpt lat="47.96024" lon="10.90507"><ele>680</ele></trkpt>
<trkpt lat="47.95941" lon="10.90490"><ele>682</ele></trkpt>
<trkpt lat="47.95832" lon="10.90448"><ele>684</ele></trkpt>
<trkpt lat="47.95790" lon="10.90439"><ele>684</ele></trkpt>
<trkpt lat="47.95757" lon="10.90443"><ele>686</ele></trkpt>
<trkpt lat="47.95739" lon="10.90455"><ele>686</ele></trkpt>
<trkpt lat="47.95678" lon="10.90518"><ele>690</ele></trkpt>
<trkpt lat="47.95649" lon="10.90544"><ele>692</ele></trkpt>
<trkpt lat="47.95616" lon="10.90565"><ele>693</ele></trkpt>
<trkpt lat="47.95521" lon="10.90643"><ele>696</ele></trkpt>
<trkpt lat="47.95470" lon="10.90677"><ele>697</ele></trkpt>
<trkpt lat="47.95447" lon="10.90689"><ele>697</ele></trkpt>
<trkpt lat="47.95399" lon="10.90689"><ele>695</ele></trkpt>
<trkpt lat="47.95370" lon="10.90697"><ele>693</ele></trkpt>
<trkpt lat="47.95329" lon="10.90722"><ele>694</ele></trkpt>
<trkpt lat="47.95494" lon="10.91190"><ele>700</ele></trkpt>
<trkpt lat="47.95460" lon="10.91231"><ele>702</ele></trkpt>
<trkpt lat="47.95359" lon="10.91374"><ele>708</ele></trkpt>
<trkpt lat="47.95230" lon="10.91528"><ele>706</ele></trkpt>
<trkpt lat="47.95210" lon="10.91569"><ele>707</ele></trkpt>
<trkpt lat="47.95044" lon="10.91475"><ele>700</ele></trkpt>
<trkpt lat="47.94881" lon="10.91408"><ele>705</ele></trkpt>
<trkpt lat="47.94846" lon="10.91398"><ele>705</ele></trkpt>
<trkpt lat="47.94818" lon="10.91362"><ele>706</ele></trkpt>
<trkpt lat="47.94571" lon="10.90883"><ele>706</ele></trkpt>
<trkpt lat="47.94411" lon="10.90593"><ele>704</ele></trkpt>
<trkpt lat="47.94112" lon="10.90034"><ele>707</ele></trkpt>
<trkpt lat="47.93639" lon="10.89142"><ele>709</ele></trkpt>
<trkpt lat="47.93571" lon="10.89041"><ele>708</ele></trkpt>
<trkpt lat="47.93565" lon="10.89039"><ele>708</ele></trkpt>
<trkpt lat="47.93553" lon="10.89049"><ele>708</ele></trkpt>
<trkpt lat="47.93525" lon="10.89085"><ele>706</ele></trkpt>
<trkpt lat="47.93508" lon="10.89084"><ele>704</ele></trkpt>
<trkpt lat="47.93472" lon="10.89067"><ele>702</ele></trkpt>
<trkpt lat="47.93412" lon="10.89304"><ele>700</ele></trkpt>
<trkpt lat="47.93398" lon="10.89318"><ele>698</ele></trkpt>
<trkpt lat="47.93391" lon="10.89318"><ele>696</ele></trkpt>
<trkpt lat="47.93386" lon="10.89311"><ele>696</ele></trkpt>
<trkpt lat="47.93389" lon="10.89277"><ele>693</ele></trkpt>
<trkpt lat="47.93427" lon="10.89055"><ele>687</ele></trkpt>
<trkpt lat="47.93442" lon="10.88941"><ele>682</ele></trkpt>
<trkpt lat="47.93443" lon="10.88906"><ele>678</ele></trkpt>
<trkpt lat="47.93437" lon="10.88893"><ele>676</ele></trkpt>
<trkpt lat="47.93428" lon="10.88885"><ele>673</ele></trkpt>
<trkpt lat="47.93321" lon="10.88946"><ele>665</ele></trkpt>
<trkpt lat="47.93282" lon="10.88959"><ele>663</ele></trkpt>
<trkpt lat="47.93262" lon="10.88977"><ele>663</ele></trkpt>
<trkpt lat="47.93153" lon="10.89019"><ele>653</ele></trkpt>
<trkpt lat="47.93128" lon="10.89045"><ele>650</ele></trkpt>
<trkpt lat="47.93106" lon="10.89096"><ele>653</ele></trkpt>
<trkpt lat="47.93092" lon="10.89112"><ele>652</ele></trkpt>
<trkpt lat="47.93071" lon="10.89119"><ele>652</ele></trkpt>
<trkpt lat="47.93050" lon="10.89111"><ele>648</ele></trkpt>
<trkpt lat="47.93030" lon="10.89117"><ele>646</ele></trkpt>
<trkpt lat="47.92966" lon="10.89177"><ele>646</ele></trkpt>
<trkpt lat="47.92880" lon="10.89231"><ele>644</ele></trkpt>
<trkpt lat="47.92863" lon="10.89253"><ele>644</ele></trkpt>
<trkpt lat="47.92851" lon="10.89276"><ele>646</ele></trkpt>
<trkpt lat="47.92839" lon="10.89317"><ele>646</ele></trkpt>
<trkpt lat="47.92821" lon="10.89353"><ele>646</ele></trkpt>
<trkpt lat="47.92764" lon="10.89424"><ele>646</ele></trkpt>
<trkpt lat="47.92698" lon="10.89481"><ele>644</ele></trkpt>
<trkpt lat="47.92685" lon="10.89502"><ele>644</ele></trkpt>
<trkpt lat="47.92676" lon="10.89530"><ele>646</ele></trkpt>
<trkpt lat="47.92666" lon="10.89635"><ele>647</ele></trkpt>
<trkpt lat="47.92658" lon="10.89667"><ele>648</ele></trkpt>
<trkpt lat="47.92607" lon="10.89765"><ele>648</ele></trkpt>
<trkpt lat="47.92428" lon="10.89962"><ele>648</ele></trkpt>
<trkpt lat="47.92403" lon="10.90000"><ele>649</ele></trkpt>
<trkpt lat="47.92351" lon="10.90110"><ele>650</ele></trkpt>
<trkpt lat="47.92329" lon="10.90142"><ele>650</ele></trkpt>
<trkpt lat="47.92313" lon="10.90157"><ele>650</ele></trkpt>
<trkpt lat="47.92256" lon="10.90375"><ele>655</ele></trkpt>
<trkpt lat="47.92229" lon="10.90452"><ele>658</ele></trkpt>
<trkpt lat="47.92211" lon="10.90464"><ele>658</ele></trkpt>
<trkpt lat="47.92154" lon="10.90468"><ele>654</ele></trkpt>
<trkpt lat="47.92106" lon="10.90519"><ele>654</ele></trkpt>
<trkpt lat="47.92050" lon="10.90623"><ele>655</ele></trkpt>
<trkpt lat="47.92006" lon="10.90740"><ele>657</ele></trkpt>
<trkpt lat="47.91998" lon="10.90785"><ele>656</ele></trkpt>
<trkpt lat="47.91967" lon="10.90850"><ele>657</ele></trkpt>
<trkpt lat="47.91932" lon="10.90897"><ele>659</ele></trkpt>
<trkpt lat="47.91924" lon="10.90904"><ele>660</ele></trkpt>
<trkpt lat="47.91920" lon="10.90887"><ele>658</ele></trkpt>
<trkpt lat="47.91912" lon="10.90878"><ele>657</ele></trkpt>
<trkpt lat="47.91894" lon="10.90885"><ele>656</ele></trkpt>
<trkpt lat="47.91871" lon="10.90920"><ele>652</ele></trkpt>
<trkpt lat="47.91842" lon="10.90953"><ele>651</ele></trkpt>
<trkpt lat="47.91753" lon="10.91022"><ele>644</ele></trkpt>
<trkpt lat="47.91723" lon="10.91056"><ele>640</ele></trkpt>
<trkpt lat="47.91692" lon="10.91107"><ele>635</ele></trkpt>
<trkpt lat="47.91676" lon="10.91126"><ele>632</ele></trkpt>
<trkpt lat="47.91632" lon="10.91153"><ele>630</ele></trkpt>
<trkpt lat="47.91589" lon="10.91161"><ele>629</ele></trkpt>
<trkpt lat="47.91435" lon="10.91165"><ele>632</ele></trkpt>
<trkpt lat="47.91399" lon="10.91148"><ele>634</ele></trkpt>
<trkpt lat="47.91380" lon="10.91118"><ele>634</ele></trkpt>
<trkpt lat="47.91374" lon="10.91147"><ele>634</ele></trkpt>
<trkpt lat="47.91366" lon="10.91159"><ele>634</ele></trkpt>
<trkpt lat="47.91362" lon="10.91159"><ele>634</ele></trkpt>
<trkpt lat="47.91288" lon="10.91136"><ele>633</ele></trkpt>
<trkpt lat="47.91287" lon="10.91113"><ele>634</ele></trkpt>
<trkpt lat="47.91278" lon="10.91094"><ele>636</ele></trkpt>
<trkpt lat="47.91236" lon="10.91078"><ele>637</ele></trkpt>
<trkpt lat="47.91133" lon="10.91074"><ele>643</ele></trkpt>
<trkpt lat="47.91066" lon="10.91103"><ele>644</ele></trkpt>
<trkpt lat="47.91049" lon="10.91100"><ele>646</ele></trkpt>
<trkpt lat="47.91012" lon="10.91080"><ele>647</ele></trkpt>
<trkpt lat="47.91003" lon="10.91062"><ele>649</ele></trkpt>
<trkpt lat="47.91007" lon="10.91025"><ele>650</ele></trkpt>
<trkpt lat="47.90988" lon="10.90982"><ele>652</ele></trkpt>
<trkpt lat="47.90985" lon="10.90959"><ele>652</ele></trkpt>
<trkpt lat="47.90893" lon="10.90968"><ele>655</ele></trkpt>
<trkpt lat="47.90872" lon="10.90962"><ele>655</ele></trkpt>
<trkpt lat="47.90861" lon="10.90954"><ele>655</ele></trkpt>
<trkpt lat="47.90828" lon="10.90911"><ele>657</ele></trkpt>
<trkpt lat="47.90815" lon="10.90881"><ele>660</ele></trkpt>
<trkpt lat="47.90811" lon="10.90854"><ele>662</ele></trkpt>
<trkpt lat="47.90811" lon="10.90803"><ele>665</ele></trkpt>
<trkpt lat="47.90809" lon="10.90790"><ele>666</ele></trkpt>
<trkpt lat="47.90799" lon="10.90768"><ele>668</ele></trkpt>
<trkpt lat="47.90781" lon="10.90747"><ele>670</ele></trkpt>
<trkpt lat="47.90733" lon="10.90710"><ele>673</ele></trkpt>
<trkpt lat="47.90602" lon="10.90588"><ele>680</ele></trkpt>
<trkpt lat="47.90573" lon="10.90652"><ele>680</ele></trkpt>
<trkpt lat="47.90547" lon="10.90691"><ele>680</ele></trkpt>
<trkpt lat="47.90469" lon="10.90757"><ele>680</ele></trkpt>
<trkpt lat="47.90375" lon="10.90846"><ele>678</ele></trkpt>
<trkpt lat="47.90356" lon="10.90869"><ele>679</ele></trkpt>
<trkpt lat="47.90324" lon="10.90921"><ele>679</ele></trkpt>
<trkpt lat="47.90294" lon="10.90957"><ele>680</ele></trkpt>
<trkpt lat="47.90245" lon="10.91000"><ele>682</ele></trkpt>
<trkpt lat="47.90132" lon="10.91066"><ele>682</ele></trkpt>
<trkpt lat="47.90106" lon="10.91085"><ele>682</ele></trkpt>
<trkpt lat="47.90036" lon="10.91159"><ele>682</ele></trkpt>
<trkpt lat="47.89992" lon="10.91191"><ele>683</ele></trkpt>
<trkpt lat="47.89949" lon="10.91211"><ele>684</ele></trkpt>
<trkpt lat="47.89887" lon="10.91232"><ele>684</ele></trkpt>
<trkpt lat="47.89851" lon="10.91239"><ele>684</ele></trkpt>
<trkpt lat="47.89769" lon="10.91236"><ele>684</ele></trkpt>
<trkpt lat="47.89751" lon="10.91239"><ele>685</ele></trkpt>
<trkpt lat="47.89652" lon="10.91272"><ele>686</ele></trkpt>
<trkpt lat="47.89573" lon="10.91289"><ele>686</ele></trkpt>
<trkpt lat="47.89483" lon="10.91318"><ele>686</ele></trkpt>
<trkpt lat="47.89413" lon="10.91331"><ele>687</ele></trkpt>
<trkpt lat="47.89348" lon="10.91334"><ele>688</ele></trkpt>
<trkpt lat="47.89288" lon="10.91325"><ele>688</ele></trkpt>
<trkpt lat="47.89242" lon="10.91307"><ele>687</ele></trkpt>
<trkpt lat="47.89163" lon="10.91264"><ele>686</ele></trkpt>
<trkpt lat="47.89060" lon="10.91257"><ele>687</ele></trkpt>
<trkpt lat="47.88986" lon="10.91234"><ele>687</ele></trkpt>
<trkpt lat="47.88914" lon="10.91218"><ele>689</ele></trkpt>
<trkpt lat="47.88866" lon="10.91187"><ele>689</ele></trkpt>
<trkpt lat="47.88832" lon="10.91173"><ele>688</ele></trkpt>
<trkpt lat="47.88757" lon="10.91172"><ele>690</ele></trkpt>
<trkpt lat="47.88724" lon="10.91160"><ele>690</ele></trkpt>
<trkpt lat="47.88688" lon="10.91127"><ele>688</ele></trkpt>
<trkpt lat="47.88658" lon="10.91085"><ele>688</ele></trkpt>
<trkpt lat="47.88628" lon="10.91013"><ele>690</ele></trkpt>
<trkpt lat="47.88616" lon="10.90995"><ele>690</ele></trkpt>
<trkpt lat="47.88571" lon="10.90956"><ele>689</ele></trkpt>
<trkpt lat="47.88515" lon="10.90852"><ele>689</ele></trkpt>
<trkpt lat="47.88488" lon="10.90814"><ele>690</ele></trkpt>
<trkpt lat="47.88446" lon="10.90774"><ele>691</ele></trkpt>
<trkpt lat="47.88412" lon="10.90748"><ele>692</ele></trkpt>
<trkpt lat="47.88366" lon="10.90724"><ele>692</ele></trkpt>
<trkpt lat="47.88321" lon="10.90716"><ele>692</ele></trkpt>
<trkpt lat="47.88229" lon="10.90716"><ele>692</ele></trkpt>
<trkpt lat="47.88156" lon="10.90729"><ele>692</ele></trkpt>
<trkpt lat="47.88077" lon="10.90763"><ele>692</ele></trkpt>
<trkpt lat="47.87986" lon="10.90818"><ele>692</ele></trkpt>
<trkpt lat="47.87935" lon="10.90843"><ele>691</ele></trkpt>
<trkpt lat="47.87905" lon="10.90847"><ele>692</ele></trkpt>
<trkpt lat="47.87868" lon="10.90860"><ele>694</ele></trkpt>
<trkpt lat="47.87832" lon="10.90846"><ele>695</ele></trkpt>
<trkpt lat="47.87787" lon="10.90850"><ele>696</ele></trkpt>
<trkpt lat="47.87783" lon="10.90847"><ele>697</ele></trkpt>
<trkpt lat="47.87768" lon="10.90864"><ele>696</ele></trkpt>
<trkpt lat="47.87759" lon="10.90884"><ele>696</ele></trkpt>
<trkpt lat="47.87748" lon="10.90878"><ele>697</ele></trkpt>
<trkpt lat="47.87671" lon="10.90809"><ele>701</ele></trkpt>
<trkpt lat="47.87585" lon="10.90714"><ele>707</ele></trkpt>
<trkpt lat="47.87561" lon="10.90698"><ele>708</ele></trkpt>
<trkpt lat="47.87496" lon="10.90670"><ele>710</ele></trkpt>
<trkpt lat="47.87423" lon="10.90682"><ele>712</ele></trkpt>
<trkpt lat="47.87343" lon="10.90713"><ele>714</ele></trkpt>
<trkpt lat="47.87256" lon="10.90734"><ele>716</ele></trkpt>
<trkpt lat="47.87080" lon="10.90822"><ele>717</ele></trkpt>
<trkpt lat="47.87026" lon="10.90840"><ele>718</ele></trkpt>
<trkpt lat="47.86999" lon="10.90843"><ele>718</ele></trkpt>
<trkpt lat="47.86941" lon="10.90836"><ele>720</ele></trkpt>
<trkpt lat="47.86778" lon="10.90775"><ele>722</ele></trkpt>
<trkpt lat="47.86679" lon="10.90727"><ele>725</ele></trkpt>
<trkpt lat="47.86660" lon="10.90717"><ele>726</ele></trkpt>
<trkpt lat="47.86638" lon="10.90697"><ele>726</ele></trkpt>
<trkpt lat="47.86616" lon="10.90689"><ele>726</ele></trkpt>
<trkpt lat="47.86610" lon="10.90707"><ele>726</ele></trkpt>
<trkpt lat="47.86580" lon="10.90866"><ele>725</ele></trkpt>
<trkpt lat="47.86570" lon="10.90902"><ele>725</ele></trkpt>
<trkpt lat="47.86519" lon="10.90958"><ele>726</ele></trkpt>
<trkpt lat="47.86513" lon="10.90970"><ele>726</ele></trkpt>
<trkpt lat="47.86509" lon="10.90984"><ele>726</ele></trkpt>
<trkpt lat="47.86500" lon="10.91074"><ele>726</ele></trkpt>
<trkpt lat="47.86495" lon="10.91090"><ele>726</ele></trkpt>
<trkpt lat="47.86480" lon="10.91098"><ele>726</ele></trkpt>
<trkpt lat="47.86234" lon="10.90989"><ele>732</ele></trkpt>
<trkpt lat="47.86076" lon="10.90903"><ele>737</ele></trkpt>
<trkpt lat="47.85988" lon="10.90863"><ele>738</ele></trkpt>
<trkpt lat="47.85962" lon="10.90844"><ele>737</ele></trkpt>
<trkpt lat="47.85898" lon="10.90819"><ele>734</ele></trkpt>
<trkpt lat="47.85878" lon="10.90805"><ele>734</ele></trkpt>
<trkpt lat="47.85852" lon="10.90780"><ele>734</ele></trkpt>
<trkpt lat="47.85827" lon="10.90729"><ele>734</ele></trkpt>
<trkpt lat="47.85788" lon="10.90666"><ele>730</ele></trkpt>
<trkpt lat="47.85750" lon="10.90592"><ele>728</ele></trkpt>
<trkpt lat="47.85711" lon="10.90536"><ele>728</ele></trkpt>
<trkpt lat="47.85686" lon="10.90465"><ele>729</ele></trkpt>
<trkpt lat="47.85678" lon="10.90412"><ele>727</ele></trkpt>
<trkpt lat="47.85679" lon="10.90382"><ele>726</ele></trkpt>
<trkpt lat="47.85676" lon="10.90361"><ele>725</ele></trkpt>
<trkpt lat="47.85668" lon="10.90347"><ele>725</ele></trkpt>
<trkpt lat="47.85656" lon="10.90334"><ele>725</ele></trkpt>
<trkpt lat="47.85625" lon="10.90314"><ele>724</ele></trkpt>
<trkpt lat="47.85570" lon="10.90296"><ele>722</ele></trkpt>
<trkpt lat="47.85556" lon="10.90286"><ele>718</ele></trkpt>
<trkpt lat="47.85529" lon="10.90249"><ele>714</ele></trkpt>
<trkpt lat="47.85506" lon="10.90226"><ele>711</ele></trkpt>
<trkpt lat="47.85477" lon="10.90214"><ele>708</ele></trkpt>
<trkpt lat="47.85439" lon="10.90207"><ele>706</ele></trkpt>
<trkpt lat="47.85332" lon="10.90220"><ele>706</ele></trkpt>
<trkpt lat="47.85256" lon="10.90237"><ele>705</ele></trkpt>
<trkpt lat="47.85165" lon="10.90250"><ele>705</ele></trkpt>
<trkpt lat="47.85083" lon="10.90271"><ele>703</ele></trkpt>
<trkpt lat="47.85066" lon="10.90262"><ele>702</ele></trkpt>
<trkpt lat="47.85041" lon="10.90231"><ele>700</ele></trkpt>
<trkpt lat="47.85025" lon="10.90222"><ele>700</ele></trkpt>
<trkpt lat="47.84971" lon="10.90229"><ele>700</ele></trkpt>
<trkpt lat="47.84951" lon="10.90217"><ele>700</ele></trkpt>
<trkpt lat="47.84899" lon="10.90228"><ele>696</ele></trkpt>
<trkpt lat="47.84873" lon="10.90228"><ele>693</ele></trkpt>
<trkpt lat="47.84866" lon="10.90220"><ele>692</ele></trkpt>
<trkpt lat="47.84866" lon="10.90177"><ele>692</ele></trkpt>
<trkpt lat="47.84786" lon="10.90183"><ele>695</ele></trkpt>
<trkpt lat="47.84718" lon="10.90201"><ele>697</ele></trkpt>
<trkpt lat="47.84642" lon="10.90212"><ele>700</ele></trkpt>
<trkpt lat="47.84527" lon="10.90145"><ele>706</ele></trkpt>
<trkpt lat="47.84501" lon="10.90136"><ele>706</ele></trkpt>
<trkpt lat="47.84428" lon="10.90138"><ele>708</ele></trkpt>
<trkpt lat="47.84269" lon="10.90134"><ele>711</ele></trkpt>
<trkpt lat="47.84231" lon="10.90143"><ele>712</ele></trkpt>
<trkpt lat="47.84189" lon="10.90169"><ele>714</ele></trkpt>
<trkpt lat="47.84168" lon="10.90190"><ele>714</ele></trkpt>
<trkpt lat="47.84129" lon="10.90241"><ele>716</ele></trkpt>
<trkpt lat="47.84113" lon="10.90256"><ele>716</ele></trkpt>
<trkpt lat="47.84073" lon="10.90273"><ele>716</ele></trkpt>
<trkpt lat="47.84057" lon="10.90272"><ele>716</ele></trkpt>
<trkpt lat="47.84045" lon="10.90266"><ele>716</ele></trkpt>
<trkpt lat="47.84020" lon="10.90289"><ele>717</ele></trkpt>
<trkpt lat="47.84007" lon="10.90296"><ele>717</ele></trkpt>
<trkpt lat="47.83991" lon="10.90297"><ele>717</ele></trkpt>
<trkpt lat="47.83955" lon="10.90287"><ele>718</ele></trkpt>
<trkpt lat="47.83857" lon="10.90221"><ele>718</ele></trkpt>
<trkpt lat="47.83814" lon="10.90207"><ele>719</ele></trkpt>
<trkpt lat="47.83754" lon="10.90207"><ele>720</ele></trkpt>
<trkpt lat="47.83436" lon="10.90239"><ele>724</ele></trkpt>
<trkpt lat="47.83292" lon="10.90280"><ele>724</ele></trkpt>
<trkpt lat="47.83239" lon="10.90290"><ele>725</ele></trkpt>
<trkpt lat="47.83149" lon="10.90298"><ele>725</ele></trkpt>
<trkpt lat="47.82953" lon="10.90282"><ele>726</ele></trkpt>
<trkpt lat="47.82790" lon="10.90265"><ele>727</ele></trkpt>
<trkpt lat="47.82764" lon="10.90260"><ele>726</ele></trkpt>
<trkpt lat="47.82736" lon="10.90276"><ele>727</ele></trkpt>
<trkpt lat="47.82718" lon="10.90311"><ele>728</ele></trkpt>
<trkpt lat="47.82707" lon="10.90317"><ele>728</ele></trkpt>
<trkpt lat="47.82571" lon="10.90346"><ele>731</ele></trkpt>
<trkpt lat="47.82553" lon="10.90366"><ele>731</ele></trkpt>
<trkpt lat="47.82497" lon="10.90473"><ele>730</ele></trkpt>
<trkpt lat="47.82484" lon="10.90486"><ele>730</ele></trkpt>
<trkpt lat="47.82457" lon="10.90496"><ele>730</ele></trkpt>
<trkpt lat="47.82247" lon="10.90468"><ele>733</ele></trkpt>
<trkpt lat="47.82219" lon="10.90486"><ele>734</ele></trkpt>
<trkpt lat="47.82108" lon="10.90590"><ele>744</ele></trkpt>
<trkpt lat="47.82098" lon="10.90605"><ele>746</ele></trkpt>
<trkpt lat="47.82095" lon="10.90621"><ele>748</ele></trkpt>
<trkpt lat="47.82096" lon="10.90646"><ele>750</ele></trkpt>
<trkpt lat="47.82121" lon="10.90706"><ele>748</ele></trkpt>
<trkpt lat="47.82111" lon="10.90711"><ele>748</ele></trkpt>
<trkpt lat="47.82065" lon="10.90708"><ele>745</ele></trkpt>
<trkpt lat="47.82010" lon="10.90687"><ele>742</ele></trkpt>
<trkpt lat="47.81955" lon="10.90687"><ele>740</ele></trkpt>
<trkpt lat="47.81879" lon="10.90680"><ele>738</ele></trkpt>
<trkpt lat="47.81767" lon="10.90697"><ele>729</ele></trkpt>
<trkpt lat="47.81710" lon="10.90691"><ele>726</ele></trkpt>
<trkpt lat="47.81680" lon="10.90680"><ele>726</ele></trkpt>
<trkpt lat="47.81577" lon="10.90619"><ele>711</ele></trkpt>
<trkpt lat="47.81466" lon="10.90562"><ele>703</ele></trkpt>
<trkpt lat="47.81458" lon="10.90562"><ele>702</ele></trkpt>
<trkpt lat="47.81365" lon="10.90478"><ele>693</ele></trkpt>
<trkpt lat="47.81291" lon="10.90437"><ele>686</ele></trkpt>
<trkpt lat="47.81248" lon="10.90402"><ele>682</ele></trkpt>
<trkpt lat="47.81212" lon="10.90384"><ele>679</ele></trkpt>
<trkpt lat="47.81199" lon="10.90361"><ele>678</ele></trkpt>
<trkpt lat="47.81192" lon="10.90309"><ele>680</ele></trkpt>
<trkpt lat="47.81188" lon="10.90297"><ele>680</ele></trkpt>
<trkpt lat="47.81167" lon="10.90267"><ele>680</ele></trkpt>
<trkpt lat="47.81130" lon="10.90238"><ele>680</ele></trkpt>
<trkpt lat="47.81040" lon="10.90199"><ele>678</ele></trkpt>
<trkpt lat="47.81052" lon="10.90187"><ele>680</ele></trkpt>
<trkpt lat="47.81057" lon="10.90170"><ele>680</ele></trkpt>
<trkpt lat="47.81070" lon="10.90155"><ele>680</ele></trkpt>
<trkpt lat="47.81029" lon="10.90159"><ele>679</ele></trkpt>
<trkpt lat="47.80994" lon="10.90175"><ele>678</ele></trkpt>
<trkpt lat="47.80977" lon="10.90172"><ele>678</ele></trkpt>
<trkpt lat="47.80969" lon="10.90159"><ele>677</ele></trkpt>
<trkpt lat="47.80920" lon="10.90005"><ele>672</ele></trkpt>
<trkpt lat="47.80880" lon="10.89890"><ele>670</ele></trkpt>
<trkpt lat="47.80853" lon="10.89827"><ele>670</ele></trkpt>
<trkpt lat="47.80809" lon="10.89755"><ele>671</ele></trkpt>
<trkpt lat="47.80760" lon="10.89697"><ele>671</ele></trkpt>
<trkpt lat="47.80661" lon="10.89608"><ele>672</ele></trkpt>
<trkpt lat="47.80588" lon="10.89564"><ele>672</ele></trkpt>
<trkpt lat="47.80527" lon="10.89545"><ele>672</ele></trkpt>
<trkpt lat="47.80486" lon="10.89541"><ele>672</ele></trkpt>
<trkpt lat="47.80444" lon="10.89544"><ele>672</ele></trkpt>
<trkpt lat="47.80401" lon="10.89554"><ele>673</ele></trkpt>
<trkpt lat="47.80338" lon="10.89595"><ele>674</ele></trkpt>
<trkpt lat="47.80309" lon="10.89627"><ele>676</ele></trkpt>
<trkpt lat="47.80278" lon="10.89690"><ele>676</ele></trkpt>
<trkpt lat="47.80253" lon="10.89757"><ele>676</ele></trkpt>
<trkpt lat="47.80203" lon="10.89928"><ele>675</ele></trkpt>
<trkpt lat="47.80175" lon="10.89959"><ele>679</ele></trkpt>
<trkpt lat="47.80166" lon="10.89977"><ele>678</ele></trkpt>
<trkpt lat="47.80152" lon="10.90021"><ele>681</ele></trkpt>
<trkpt lat="47.80143" lon="10.90086"><ele>684</ele></trkpt>
<trkpt lat="47.80132" lon="10.90123"><ele>686</ele></trkpt>
<trkpt lat="47.80118" lon="10.90155"><ele>686</ele></trkpt>
<trkpt lat="47.80073" lon="10.90221"><ele>692</ele></trkpt>
<trkpt lat="47.80047" lon="10.90244"><ele>694</ele></trkpt>
<trkpt lat="47.80016" lon="10.90269"><ele>696</ele></trkpt>
<trkpt lat="47.80001" lon="10.90271"><ele>698</ele></trkpt>
<trkpt lat="47.79992" lon="10.90264"><ele>697</ele></trkpt>
<trkpt lat="47.79979" lon="10.90197"><ele>698</ele></trkpt>
<trkpt lat="47.79964" lon="10.90063"><ele>697</ele></trkpt>
<trkpt lat="47.79891" lon="10.89776"><ele>708</ele></trkpt>
<trkpt lat="47.79885" lon="10.89737"><ele>708</ele></trkpt>
<trkpt lat="47.79887" lon="10.89674"><ele>711</ele></trkpt>
<trkpt lat="47.79890" lon="10.89654"><ele>712</ele></trkpt>
<trkpt lat="47.79899" lon="10.89618"><ele>713</ele></trkpt>
<trkpt lat="47.79915" lon="10.89585"><ele>714</ele></trkpt>
<trkpt lat="47.79929" lon="10.89561"><ele>715</ele></trkpt>
<trkpt lat="47.79979" lon="10.89501"><ele>716</ele></trkpt>
<trkpt lat="47.80058" lon="10.89425"><ele>716</ele></trkpt>
<trkpt lat="47.80087" lon="10.89387"><ele>716</ele></trkpt>
<trkpt lat="47.80114" lon="10.89345"><ele>716</ele></trkpt>
<trkpt lat="47.80200" lon="10.89177"><ele>715</ele></trkpt>
<trkpt lat="47.80232" lon="10.89141"><ele>714</ele></trkpt>
<trkpt lat="47.80253" lon="10.89121"><ele>713</ele></trkpt>
<trkpt lat="47.80378" lon="10.89045"><ele>712</ele></trkpt>
<trkpt lat="47.80430" lon="10.88998"><ele>711</ele></trkpt>
<trkpt lat="47.80539" lon="10.88885"><ele>713</ele></trkpt>
<trkpt lat="47.80574" lon="10.88862"><ele>712</ele></trkpt>
<trkpt lat="47.80651" lon="10.88847"><ele>712</ele></trkpt>
<trkpt lat="47.80698" lon="10.88851"><ele>712</ele></trkpt>
<trkpt lat="47.80717" lon="10.88861"><ele>711</ele></trkpt>
<trkpt lat="47.80762" lon="10.88899"><ele>711</ele></trkpt>
<trkpt lat="47.80763" lon="10.88889"><ele>712</ele></trkpt>
<trkpt lat="47.80779" lon="10.88885"><ele>713</ele></trkpt>
<trkpt lat="47.80780" lon="10.88843"><ele>717</ele></trkpt>
<trkpt lat="47.80791" lon="10.88707"><ele>725</ele></trkpt>
<trkpt lat="47.80791" lon="10.88657"><ele>727</ele></trkpt>
<trkpt lat="47.80784" lon="10.88550"><ele>730</ele></trkpt>
<trkpt lat="47.80783" lon="10.88503"><ele>731</ele></trkpt>
<trkpt lat="47.80778" lon="10.88477"><ele>732</ele></trkpt>
<trkpt lat="47.80749" lon="10.88147"><ele>732</ele></trkpt>
<trkpt lat="47.80751" lon="10.88132"><ele>732</ele></trkpt>
<trkpt lat="47.80757" lon="10.88114"><ele>731</ele></trkpt>
<trkpt lat="47.80749" lon="10.88009"><ele>730</ele></trkpt>
<trkpt lat="47.80722" lon="10.87654"><ele>731</ele></trkpt>
<trkpt lat="47.80717" lon="10.87638"><ele>731</ele></trkpt>
<trkpt lat="47.80720" lon="10.87629"><ele>731</ele></trkpt>
<trkpt lat="47.80729" lon="10.87618"><ele>731</ele></trkpt>
<trkpt lat="47.80728" lon="10.87594"><ele>731</ele></trkpt>
<trkpt lat="47.80709" lon="10.87563"><ele>731</ele></trkpt>
<trkpt lat="47.80678" lon="10.87233"><ele>730</ele></trkpt>
<trkpt lat="47.80658" lon="10.87235"><ele>730</ele></trkpt>
<trkpt lat="47.80657" lon="10.87220"><ele>730</ele></trkpt>
<trkpt lat="47.80585" lon="10.87193"><ele>730</ele></trkpt>
<trkpt lat="47.79879" lon="10.86892"><ele>738</ele></trkpt>
<trkpt lat="47.79408" lon="10.86559"><ele>748</ele></trkpt>
<trkpt lat="47.79370" lon="10.86542"><ele>750</ele></trkpt>
<trkpt lat="47.79308" lon="10.86541"><ele>751</ele></trkpt>
<trkpt lat="47.79286" lon="10.86537"><ele>751</ele></trkpt>
<trkpt lat="47.79268" lon="10.86528"><ele>752</ele></trkpt>
<trkpt lat="47.79247" lon="10.86512"><ele>753</ele></trkpt>
<trkpt lat="47.79229" lon="10.86506"><ele>753</ele></trkpt>
<trkpt lat="47.79201" lon="10.86504"><ele>753</ele></trkpt>
<trkpt lat="47.79182" lon="10.86491"><ele>753</ele></trkpt>
<trkpt lat="47.79072" lon="10.86376"><ele>750</ele></trkpt>
<trkpt lat="47.79005" lon="10.86244"><ele>745</ele></trkpt>
<trkpt lat="47.78917" lon="10.86120"><ele>750</ele></trkpt>
<trkpt lat="47.78906" lon="10.86103"><ele>750</ele></trkpt>
<trkpt lat="47.78879" lon="10.86041"><ele>757</ele></trkpt>
<trkpt lat="47.78869" lon="10.86027"><ele>758</ele></trkpt>
<trkpt lat="47.78818" lon="10.86002"><ele>755</ele></trkpt>
<trkpt lat="47.78766" lon="10.85893"><ele>751</ele></trkpt>
<trkpt lat="47.78761" lon="10.85876"><ele>750</ele></trkpt>
<trkpt lat="47.78757" lon="10.85832"><ele>750</ele></trkpt>
<trkpt lat="47.78753" lon="10.85821"><ele>750</ele></trkpt>
<trkpt lat="47.78701" lon="10.85726"><ele>750</ele></trkpt>
<trkpt lat="47.78670" lon="10.85680"><ele>752</ele></trkpt>
<trkpt lat="47.78638" lon="10.85615"><ele>755</ele></trkpt>
<trkpt lat="47.78625" lon="10.85595"><ele>756</ele></trkpt>
<trkpt lat="47.78608" lon="10.85581"><ele>756</ele></trkpt>
<trkpt lat="47.78584" lon="10.85570"><ele>756</ele></trkpt>
<trkpt lat="47.78570" lon="10.85532"><ele>756</ele></trkpt>
<trkpt lat="47.78546" lon="10.85483"><ele>756</ele></trkpt>
<trkpt lat="47.78503" lon="10.85431"><ele>756</ele></trkpt>
<trkpt lat="47.78477" lon="10.85386"><ele>756</ele></trkpt>
<trkpt lat="47.78453" lon="10.85342"><ele>758</ele></trkpt>
<trkpt lat="47.78426" lon="10.85272"><ele>759</ele></trkpt>
<trkpt lat="47.78405" lon="10.85229"><ele>760</ele></trkpt>
<trkpt lat="47.78381" lon="10.85195"><ele>759</ele></trkpt>
<trkpt lat="47.78367" lon="10.85168"><ele>758</ele></trkpt>
<trkpt lat="47.78304" lon="10.85016"><ele>754</ele></trkpt>
<trkpt lat="47.78271" lon="10.84978"><ele>754</ele></trkpt>
<trkpt lat="47.78258" lon="10.84936"><ele>756</ele></trkpt>
<trkpt lat="47.78222" lon="10.84890"><ele>757</ele></trkpt>
<trkpt lat="47.78185" lon="10.84824"><ele>756</ele></trkpt>
<trkpt lat="47.78176" lon="10.84796"><ele>755</ele></trkpt>
<trkpt lat="47.78171" lon="10.84742"><ele>755</ele></trkpt>
<trkpt lat="47.78161" lon="10.84698"><ele>753</ele></trkpt>
<trkpt lat="47.78119" lon="10.84599"><ele>749</ele></trkpt>
<trkpt lat="47.78091" lon="10.84500"><ele>750</ele></trkpt>
<trkpt lat="47.78070" lon="10.84445"><ele>752</ele></trkpt>
<trkpt lat="47.78047" lon="10.84406"><ele>753</ele></trkpt>
<trkpt lat="47.77935" lon="10.84255"><ele>758</ele></trkpt>
<trkpt lat="47.77856" lon="10.84092"><ele>762</ele></trkpt>
<trkpt lat="47.77808" lon="10.83933"><ele>760</ele></trkpt>
<trkpt lat="47.77789" lon="10.83849"><ele>759</ele></trkpt>
<trkpt lat="47.77713" lon="10.83618"><ele>759</ele></trkpt>
<trkpt lat="47.77662" lon="10.83476"><ele>756</ele></trkpt>
<trkpt lat="47.77647" lon="10.83420"><ele>756</ele></trkpt>
<trkpt lat="47.77646" lon="10.83406"><ele>755</ele></trkpt>
<trkpt lat="47.77648" lon="10.82967"><ele>752</ele></trkpt>
<trkpt lat="47.77654" lon="10.82786"><ele>750</ele></trkpt>
<trkpt lat="47.77651" lon="10.82737"><ele>750</ele></trkpt>
<trkpt lat="47.77636" lon="10.82594"><ele>744</ele></trkpt>
<trkpt lat="47.77628" lon="10.82479"><ele>741</ele></trkpt>
<trkpt lat="47.77633" lon="10.82411"><ele>740</ele></trkpt>
<trkpt lat="47.77631" lon="10.82300"><ele>740</ele></trkpt>
<trkpt lat="47.77634" lon="10.82270"><ele>740</ele></trkpt>
<trkpt lat="47.77654" lon="10.82196"><ele>740</ele></trkpt>
<trkpt lat="47.77475" lon="10.82128"><ele>738</ele></trkpt>
<trkpt lat="47.77462" lon="10.82118"><ele>738</ele></trkpt>
<trkpt lat="47.77412" lon="10.82065"><ele>738</ele></trkpt>
<trkpt lat="47.77350" lon="10.82012"><ele>737</ele></trkpt>
<trkpt lat="47.77281" lon="10.81999"><ele>737</ele></trkpt>
<trkpt lat="47.77239" lon="10.81971"><ele>738</ele></trkpt>
<trkpt lat="47.77234" lon="10.81955"><ele>740</ele></trkpt>
<trkpt lat="47.77233" lon="10.81937"><ele>741</ele></trkpt>
<trkpt lat="47.77031" lon="10.81852"><ele>738</ele></trkpt>
<trkpt lat="47.76972" lon="10.81837"><ele>738</ele></trkpt>
<trkpt lat="47.76953" lon="10.81837"><ele>738</ele></trkpt>
<trkpt lat="47.76929" lon="10.81848"><ele>737</ele></trkpt>
<trkpt lat="47.76880" lon="10.81892"><ele>737</ele></trkpt>
<trkpt lat="47.76787" lon="10.81910"><ele>737</ele></trkpt>
<trkpt lat="47.76730" lon="10.81940"><ele>738</ele></trkpt>
<trkpt lat="47.76665" lon="10.81945"><ele>736</ele></trkpt>
<trkpt lat="47.76657" lon="10.81941"><ele>736</ele></trkpt>
<trkpt lat="47.76623" lon="10.81885"><ele>735</ele></trkpt>
<trkpt lat="47.76600" lon="10.81853"><ele>735</ele></trkpt>
<trkpt lat="47.76580" lon="10.81837"><ele>735</ele></trkpt>
<trkpt lat="47.76548" lon="10.81828"><ele>735</ele></trkpt>
<trkpt lat="47.76523" lon="10.81832"><ele>735</ele></trkpt>
<trkpt lat="47.76490" lon="10.81859"><ele>736</ele></trkpt>
<trkpt lat="47.76424" lon="10.81945"><ele>741</ele></trkpt>
<trkpt lat="47.76403" lon="10.81953"><ele>742</ele></trkpt>
<trkpt lat="47.76341" lon="10.81962"><ele>744</ele></trkpt>
<trkpt lat="47.76248" lon="10.81959"><ele>746</ele></trkpt>
<trkpt lat="47.76121" lon="10.81946"><ele>746</ele></trkpt>
<trkpt lat="47.76068" lon="10.81932"><ele>746</ele></trkpt>
<trkpt lat="47.76029" lon="10.81918"><ele>747</ele></trkpt>
<trkpt lat="47.75882" lon="10.81845"><ele>748</ele></trkpt>
<trkpt lat="47.75794" lon="10.81808"><ele>749</ele></trkpt>
<trkpt lat="47.75756" lon="10.81804"><ele>748</ele></trkpt>
<trkpt lat="47.75739" lon="10.81807"><ele>747</ele></trkpt>
<trkpt lat="47.75661" lon="10.81847"><ele>743</ele></trkpt>
<trkpt lat="47.75471" lon="10.81880"><ele>746</ele></trkpt>
<trkpt lat="47.75383" lon="10.81916"><ele>748</ele></trkpt>
<trkpt lat="47.75154" lon="10.82080"><ele>745</ele></trkpt>
<trkpt lat="47.75088" lon="10.82135"><ele>742</ele></trkpt>
<trkpt lat="47.74945" lon="10.82284"><ele>740</ele></trkpt>
<trkpt lat="47.74925" lon="10.82300"><ele>740</ele></trkpt>
<trkpt lat="47.74865" lon="10.82323"><ele>738</ele></trkpt>
<trkpt lat="47.74848" lon="10.82337"><ele>738</ele></trkpt>
<trkpt lat="47.74817" lon="10.82376"><ele>732</ele></trkpt>
<trkpt lat="47.74801" lon="10.82389"><ele>728</ele></trkpt>
<trkpt lat="47.74679" lon="10.82437"><ele>716</ele></trkpt>
<trkpt lat="47.74533" lon="10.82488"><ele>713</ele></trkpt>
<trkpt lat="47.74370" lon="10.82455"><ele>712</ele></trkpt>
<trkpt lat="47.74358" lon="10.82456"><ele>712</ele></trkpt>
<trkpt lat="47.74347" lon="10.82464"><ele>711</ele></trkpt>
<trkpt lat="47.74305" lon="10.82534"><ele>711</ele></trkpt>
<trkpt lat="47.74296" lon="10.82544"><ele>710</ele></trkpt>
<trkpt lat="47.74269" lon="10.82544"><ele>709</ele></trkpt>
<trkpt lat="47.74210" lon="10.82510"><ele>708</ele></trkpt>
<trkpt lat="47.74176" lon="10.82500"><ele>708</ele></trkpt>
<trkpt lat="47.74158" lon="10.82500"><ele>708</ele></trkpt>
<trkpt lat="47.74072" lon="10.82451"><ele>711</ele></trkpt>
<trkpt lat="47.73998" lon="10.82399"><ele>715</ele></trkpt>
<trkpt lat="47.73970" lon="10.82365"><ele>716</ele></trkpt>
<trkpt lat="47.73945" lon="10.82321"><ele>718</ele></trkpt>
<trkpt lat="47.73907" lon="10.82283"><ele>719</ele></trkpt>
<trkpt lat="47.73853" lon="10.82243"><ele>720</ele></trkpt>
<trkpt lat="47.73691" lon="10.82137"><ele>720</ele></trkpt>
<trkpt lat="47.73680" lon="10.82132"><ele>721</ele></trkpt>
<trkpt lat="47.73666" lon="10.82131"><ele>720</ele></trkpt>
<trkpt lat="47.73611" lon="10.82150"><ele>720</ele></trkpt>
<trkpt lat="47.73559" lon="10.82170"><ele>720</ele></trkpt>
<trkpt lat="47.73535" lon="10.82186"><ele>720</ele></trkpt>
<trkpt lat="47.73463" lon="10.82247"><ele>721</ele></trkpt>
<trkpt lat="47.73439" lon="10.82273"><ele>720</ele></trkpt>
<trkpt lat="47.73315" lon="10.82436"><ele>719</ele></trkpt>
<trkpt lat="47.73306" lon="10.82443"><ele>719</ele></trkpt>
<trkpt lat="47.73144" lon="10.82511"><ele>719</ele></trkpt>
<trkpt lat="47.73107" lon="10.82538"><ele>719</ele></trkpt>
<trkpt lat="47.73087" lon="10.82558"><ele>720</ele></trkpt>
<trkpt lat="47.73036" lon="10.82631"><ele>720</ele></trkpt>
<trkpt lat="47.72951" lon="10.82768"><ele>720</ele></trkpt>
<trkpt lat="47.72897" lon="10.82814"><ele>720</ele></trkpt>
<trkpt lat="47.72864" lon="10.82832"><ele>721</ele></trkpt>
<trkpt lat="47.72849" lon="10.82834"><ele>721</ele></trkpt>
<trkpt lat="47.72774" lon="10.82831"><ele>721</ele></trkpt>
<trkpt lat="47.72709" lon="10.82848"><ele>720</ele></trkpt>
<trkpt lat="47.72659" lon="10.82850"><ele>720</ele></trkpt>
<trkpt lat="47.72606" lon="10.82848"><ele>717</ele></trkpt>
<trkpt lat="47.72359" lon="10.82821"><ele>716</ele></trkpt>
<trkpt lat="47.72309" lon="10.82832"><ele>716</ele></trkpt>
<trkpt lat="47.72253" lon="10.82868"><ele>716</ele></trkpt>
<trkpt lat="47.72232" lon="10.82875"><ele>716</ele></trkpt>
<trkpt lat="47.72194" lon="10.82877"><ele>718</ele></trkpt>
<trkpt lat="47.72151" lon="10.82869"><ele>718</ele></trkpt>
<trkpt lat="47.72049" lon="10.82822"><ele>718</ele></trkpt>
<trkpt lat="47.72002" lon="10.82784"><ele>719</ele></trkpt>
<trkpt lat="47.71973" lon="10.82750"><ele>719</ele></trkpt>
<trkpt lat="47.71894" lon="10.82636"><ele>720</ele></trkpt>
<trkpt lat="47.71867" lon="10.82606"><ele>720</ele></trkpt>
<trkpt lat="47.71792" lon="10.82543"><ele>720</ele></trkpt>
<trkpt lat="47.71764" lon="10.82509"><ele>720</ele></trkpt>
<trkpt lat="47.71755" lon="10.82498"><ele>720</ele></trkpt>
<trkpt lat="47.71728" lon="10.82446"><ele>720</ele></trkpt>
<trkpt lat="47.71699" lon="10.82453"><ele>721</ele></trkpt>
<trkpt lat="47.71613" lon="10.82561"><ele>721</ele></trkpt>
<trkpt lat="47.71552" lon="10.82623"><ele>722</ele></trkpt>
<trkpt lat="47.71516" lon="10.82642"><ele>723</ele></trkpt>
<trkpt lat="47.71471" lon="10.82650"><ele>721</ele></trkpt>
<trkpt lat="47.71427" lon="10.82668"><ele>720</ele></trkpt>
<trkpt lat="47.71365" lon="10.82721"><ele>718</ele></trkpt>
<trkpt lat="47.71267" lon="10.82852"><ele>717</ele></trkpt>
<trkpt lat="47.71169" lon="10.83027"><ele>720</ele></trkpt>
<trkpt lat="47.71149" lon="10.83055"><ele>721</ele></trkpt>
<trkpt lat="47.71104" lon="10.83054"><ele>724</ele></trkpt>
<trkpt lat="47.71053" lon="10.83031"><ele>724</ele></trkpt>
<trkpt lat="47.70927" lon="10.82931"><ele>723</ele></trkpt>
<trkpt lat="47.70870" lon="10.82867"><ele>724</ele></trkpt>
<trkpt lat="47.70843" lon="10.82823"><ele>724</ele></trkpt>
<trkpt lat="47.70828" lon="10.82788"><ele>723</ele></trkpt>
<trkpt lat="47.70821" lon="10.82754"><ele>722</ele></trkpt>
<trkpt lat="47.70808" lon="10.82732"><ele>723</ele></trkpt>
<trkpt lat="47.70770" lon="10.82699"><ele>724</ele></trkpt>
<trkpt lat="47.70743" lon="10.82687"><ele>727</ele></trkpt>
<trkpt lat="47.70704" lon="10.82682"><ele>729</ele></trkpt>
<trkpt lat="47.70683" lon="10.82684"><ele>729</ele></trkpt>
<trkpt lat="47.70664" lon="10.82691"><ele>730</ele></trkpt>
<trkpt lat="47.70646" lon="10.82699"><ele>730</ele></trkpt>
<trkpt lat="47.70632" lon="10.82712"><ele>730</ele></trkpt>
<trkpt lat="47.70607" lon="10.82770"><ele>730</ele></trkpt>
<trkpt lat="47.70566" lon="10.82840"><ele>732</ele></trkpt>
<trkpt lat="47.70557" lon="10.82849"><ele>732</ele></trkpt>
<trkpt lat="47.70416" lon="10.82916"><ele>742</ele></trkpt>
<trkpt lat="47.70352" lon="10.82962"><ele>744</ele></trkpt>
<trkpt lat="47.70321" lon="10.82992"><ele>744</ele></trkpt>
<trkpt lat="47.70259" lon="10.83076"><ele>746</ele></trkpt>
<trkpt lat="47.70235" lon="10.83103"><ele>746</ele></trkpt>
<trkpt lat="47.70209" lon="10.83120"><ele>746</ele></trkpt>
<trkpt lat="47.70199" lon="10.83120"><ele>746</ele></trkpt>
<trkpt lat="47.70162" lon="10.83103"><ele>747</ele></trkpt>
<trkpt lat="47.70099" lon="10.83085"><ele>748</ele></trkpt>
<trkpt lat="47.70000" lon="10.83101"><ele>748</ele></trkpt>
<trkpt lat="47.69929" lon="10.83102"><ele>748</ele></trkpt>
<trkpt lat="47.69880" lon="10.83089"><ele>748</ele></trkpt>
<trkpt lat="47.69823" lon="10.83052"><ele>746</ele></trkpt>
<trkpt lat="47.69786" lon="10.83036"><ele>746</ele></trkpt>
<trkpt lat="47.69751" lon="10.83031"><ele>748</ele></trkpt>
<trkpt lat="47.69669" lon="10.83034"><ele>748</ele></trkpt>
<trkpt lat="47.69650" lon="10.83029"><ele>748</ele></trkpt>
<trkpt lat="47.69621" lon="10.83010"><ele>748</ele></trkpt>
<trkpt lat="47.69594" lon="10.83014"><ele>748</ele></trkpt>
<trkpt lat="47.69644" lon="10.83574"><ele>751</ele></trkpt>
<trkpt lat="47.69682" lon="10.84193"><ele>754</ele></trkpt>
<trkpt lat="47.69685" lon="10.84215"><ele>754</ele></trkpt>
<trkpt lat="47.69698" lon="10.84253"><ele>755</ele></trkpt>
<trkpt lat="47.69681" lon="10.84276"><ele>754</ele></trkpt>
<trkpt lat="47.69679" lon="10.84283"><ele>754</ele></trkpt>
<trkpt lat="47.69684" lon="10.84484"><ele>756</ele></trkpt>
<trkpt lat="47.69664" lon="10.84612"><ele>757</ele></trkpt>
<trkpt lat="47.69667" lon="10.84624"><ele>757</ele></trkpt>
<trkpt lat="47.69673" lon="10.84628"><ele>757</ele></trkpt>
<trkpt lat="47.69709" lon="10.84627"><ele>757</ele></trkpt>
<trkpt lat="47.69728" lon="10.84638"><ele>757</ele></trkpt>
<trkpt lat="47.69721" lon="10.84673"><ele>758</ele></trkpt>
<trkpt lat="47.69727" lon="10.84809"><ele>759</ele></trkpt>
<trkpt lat="47.69674" lon="10.84818"><ele>759</ele></trkpt>
<trkpt lat="47.69651" lon="10.84826"><ele>759</ele></trkpt>
<trkpt lat="47.69648" lon="10.84834"><ele>759</ele></trkpt>
<trkpt lat="47.69648" lon="10.84844"><ele>759</ele></trkpt>
<trkpt lat="47.69705" lon="10.85218"><ele>763</ele></trkpt>
<trkpt lat="47.69729" lon="10.85238"><ele>763</ele></trkpt>
<trkpt lat="47.69749" lon="10.85266"><ele>763</ele></trkpt>
<trkpt lat="47.69760" lon="10.85310"><ele>763</ele></trkpt>
<trkpt lat="47.69747" lon="10.85336"><ele>763</ele></trkpt>
<trkpt lat="47.69740" lon="10.85369"><ele>764</ele></trkpt>
<trkpt lat="47.69721" lon="10.85628"><ele>766</ele></trkpt>
<trkpt lat="47.69740" lon="10.85959"><ele>768</ele></trkpt>
<trkpt lat="47.69738" lon="10.86014"><ele>770</ele></trkpt>
<trkpt lat="47.69728" lon="10.86065"><ele>769</ele></trkpt>
<trkpt lat="47.69594" lon="10.86067"><ele>770</ele></trkpt>
<trkpt lat="47.69556" lon="10.86062"><ele>771</ele></trkpt>
<trkpt lat="47.69556" lon="10.86093"><ele>772</ele></trkpt>
<trkpt lat="47.69513" lon="10.86101"><ele>772</ele></trkpt>
<trkpt lat="47.69425" lon="10.86132"><ele>774</ele></trkpt>
<trkpt lat="47.69420" lon="10.86140"><ele>774</ele></trkpt>
<trkpt lat="47.69376" lon="10.86148"><ele>775</ele></trkpt>
<trkpt lat="47.69292" lon="10.86146"><ele>776</ele></trkpt>
<trkpt lat="47.69265" lon="10.86211"><ele>778</ele></trkpt>
<trkpt lat="47.69252" lon="10.86228"><ele>780</ele></trkpt>
<trkpt lat="47.69140" lon="10.86298"><ele>788</ele></trkpt>
<trkpt lat="47.69075" lon="10.86347"><ele>793</ele></trkpt>
<trkpt lat="47.69030" lon="10.86356"><ele>796</ele></trkpt>
<trkpt lat="47.68978" lon="10.86374"><ele>798</ele></trkpt>
<trkpt lat="47.68946" lon="10.86405"><ele>798</ele></trkpt>
<trkpt lat="47.68916" lon="10.86420"><ele>800</ele></trkpt>
<trkpt lat="47.68823" lon="10.86496"><ele>804</ele></trkpt>
<trkpt lat="47.68812" lon="10.86514"><ele>804</ele></trkpt>
<trkpt lat="47.68796" lon="10.86560"><ele>808</ele></trkpt>
<trkpt lat="47.68782" lon="10.86577"><ele>809</ele></trkpt>
<trkpt lat="47.68729" lon="10.86610"><ele>810</ele></trkpt>
<trkpt lat="47.68662" lon="10.86635"><ele>810</ele></trkpt>
<trkpt lat="47.68624" lon="10.86637"><ele>811</ele></trkpt>
<trkpt lat="47.68605" lon="10.86646"><ele>813</ele></trkpt>
<trkpt lat="47.68590" lon="10.86660"><ele>815</ele></trkpt>
<trkpt lat="47.68551" lon="10.86709"><ele>818</ele></trkpt>
<trkpt lat="47.68527" lon="10.86727"><ele>818</ele></trkpt>
<trkpt lat="47.68463" lon="10.86736"><ele>818</ele></trkpt>
<trkpt lat="47.68463" lon="10.86807"><ele>819</ele></trkpt>
<trkpt lat="47.68456" lon="10.86841"><ele>818</ele></trkpt>
<trkpt lat="47.68434" lon="10.86899"><ele>812</ele></trkpt>
<trkpt lat="47.68425" lon="10.86944"><ele>808</ele></trkpt>
<trkpt lat="47.68413" lon="10.87080"><ele>808</ele></trkpt>
<trkpt lat="47.68402" lon="10.87163"><ele>812</ele></trkpt>
<trkpt lat="47.68372" lon="10.87266"><ele>824</ele></trkpt>
<trkpt lat="47.68362" lon="10.87327"><ele>830</ele></trkpt>
<trkpt lat="47.68369" lon="10.87421"><ele>832</ele></trkpt>
<trkpt lat="47.68376" lon="10.87466"><ele>833</ele></trkpt>
<trkpt lat="47.68391" lon="10.87533"><ele>835</ele></trkpt>
<trkpt lat="47.68395" lon="10.87576"><ele>836</ele></trkpt>
<trkpt lat="47.68391" lon="10.87603"><ele>837</ele></trkpt>
<trkpt lat="47.68383" lon="10.87630"><ele>837</ele></trkpt>
<trkpt lat="47.68344" lon="10.87689"><ele>840</ele></trkpt>
<trkpt lat="47.68335" lon="10.87724"><ele>839</ele></trkpt>
<trkpt lat="47.68328" lon="10.87880"><ele>841</ele></trkpt>
<trkpt lat="47.68296" lon="10.87877"><ele>842</ele></trkpt>
<trkpt lat="47.68199" lon="10.87918"><ele>846</ele></trkpt>
<trkpt lat="47.68181" lon="10.87914"><ele>846</ele></trkpt>
<trkpt lat="47.68152" lon="10.87890"><ele>847</ele></trkpt>
<trkpt lat="47.68120" lon="10.87892"><ele>849</ele></trkpt>
<trkpt lat="47.68049" lon="10.87911"><ele>854</ele></trkpt>
<trkpt lat="47.68015" lon="10.87934"><ele>855</ele></trkpt>
<trkpt lat="47.67997" lon="10.87938"><ele>854</ele></trkpt>
<trkpt lat="47.67954" lon="10.87933"><ele>852</ele></trkpt>
<trkpt lat="47.67936" lon="10.87926"><ele>851</ele></trkpt>
<trkpt lat="47.67903" lon="10.87904"><ele>850</ele></trkpt>
<trkpt lat="47.67869" lon="10.87897"><ele>849</ele></trkpt>
<trkpt lat="47.67835" lon="10.87878"><ele>848</ele></trkpt>
<trkpt lat="47.67809" lon="10.87874"><ele>846</ele></trkpt>
<trkpt lat="47.67773" lon="10.87898"><ele>846</ele></trkpt>
<trkpt lat="47.67732" lon="10.87948"><ele>846</ele></trkpt>
<trkpt lat="47.67717" lon="10.87961"><ele>846</ele></trkpt>
<trkpt lat="47.67651" lon="10.87993"><ele>847</ele></trkpt>
<trkpt lat="47.67633" lon="10.88006"><ele>847</ele></trkpt>
<trkpt lat="47.67595" lon="10.88069"><ele>847</ele></trkpt>
<trkpt lat="47.67552" lon="10.88118"><ele>846</ele></trkpt>
<trkpt lat="47.67533" lon="10.88168"><ele>843</ele></trkpt>
<trkpt lat="47.67522" lon="10.88187"><ele>843</ele></trkpt>
<trkpt lat="47.67501" lon="10.88205"><ele>843</ele></trkpt>
<trkpt lat="47.67468" lon="10.88219"><ele>843</ele></trkpt>
<trkpt lat="47.67457" lon="10.88232"><ele>844</ele></trkpt>
<trkpt lat="47.67452" lon="10.88245"><ele>844</ele></trkpt>
<trkpt lat="47.67451" lon="10.88257"><ele>844</ele></trkpt>
<trkpt lat="47.67453" lon="10.88298"><ele>845</ele></trkpt>
<trkpt lat="47.67450" lon="10.88362"><ele>846</ele></trkpt>
<trkpt lat="47.67450" lon="10.88465"><ele>849</ele></trkpt>
<trkpt lat="47.67439" lon="10.88546"><ele>848</ele></trkpt>
<trkpt lat="47.67435" lon="10.88610"><ele>846</ele></trkpt>
<trkpt lat="47.67364" lon="10.88878"><ele>852</ele></trkpt>
<trkpt lat="47.67341" lon="10.88990"><ele>854</ele></trkpt>
<trkpt lat="47.67316" lon="10.89076"><ele>856</ele></trkpt>
<trkpt lat="47.67313" lon="10.89096"><ele>856</ele></trkpt>
<trkpt lat="47.67317" lon="10.89152"><ele>856</ele></trkpt>
<trkpt lat="47.67338" lon="10.89256"><ele>856</ele></trkpt>
<trkpt lat="47.67348" lon="10.89284"><ele>856</ele></trkpt>
<trkpt lat="47.67382" lon="10.89343"><ele>858</ele></trkpt>
<trkpt lat="47.67409" lon="10.89376"><ele>857</ele></trkpt>
<trkpt lat="47.67441" lon="10.89430"><ele>856</ele></trkpt>
<trkpt lat="47.67477" lon="10.89469"><ele>859</ele></trkpt>
<trkpt lat="47.67500" lon="10.89488"><ele>860</ele></trkpt>
<trkpt lat="47.67576" lon="10.89577"><ele>861</ele></trkpt>
<trkpt lat="47.67592" lon="10.89590"><ele>861</ele></trkpt>
<trkpt lat="47.67634" lon="10.89608"><ele>860</ele></trkpt>
<trkpt lat="47.67659" lon="10.89625"><ele>861</ele></trkpt>
<trkpt lat="47.67685" lon="10.89674"><ele>862</ele></trkpt>
<trkpt lat="47.67744" lon="10.89838"><ele>862</ele></trkpt>
<trkpt lat="47.67760" lon="10.89855"><ele>862</ele></trkpt>
<trkpt lat="47.67887" lon="10.89899"><ele>866</ele></trkpt>
<trkpt lat="47.67934" lon="10.89903"><ele>868</ele></trkpt>
<trkpt lat="47.67939" lon="10.89912"><ele>868</ele></trkpt>
<trkpt lat="47.68009" lon="10.89973"><ele>870</ele></trkpt>
<trkpt lat="47.68062" lon="10.90003"><ele>873</ele></trkpt>
<trkpt lat="47.68112" lon="10.89996"><ele>869</ele></trkpt>
<trkpt lat="47.68138" lon="10.89983"><ele>867</ele></trkpt>
<trkpt lat="47.68164" lon="10.89960"><ele>866</ele></trkpt>
<trkpt lat="47.68177" lon="10.89968"><ele>866</ele></trkpt>
<trkpt lat="47.68185" lon="10.89980"><ele>866</ele></trkpt>
<trkpt lat="47.68191" lon="10.89968"><ele>865</ele></trkpt>
<trkpt lat="47.68202" lon="10.89962"><ele>864</ele></trkpt>
<trkpt lat="47.68208" lon="10.89947"><ele>864</ele></trkpt>
<trkpt lat="47.68278" lon="10.89889"><ele>862</ele></trkpt>
<trkpt lat="47.68286" lon="10.89911"><ele>861</ele></trkpt>
<trkpt lat="47.68304" lon="10.89899"><ele>860</ele></trkpt>
<trkpt lat="47.68312" lon="10.89902"><ele>860</ele></trkpt>
<trkpt lat="47.68335" lon="10.89946"><ele>861</ele></trkpt>
<trkpt lat="47.68297" lon="10.89975"><ele>862</ele></trkpt>
<trkpt lat="47.68257" lon="10.90012"><ele>864</ele></trkpt>
<trkpt lat="47.68289" lon="10.90070"><ele>866</ele></trkpt>
<trkpt lat="47.68354" lon="10.90104"><ele>868</ele></trkpt>
<trkpt lat="47.68412" lon="10.90095"><ele>869</ele></trkpt>
<trkpt lat="47.68427" lon="10.90104"><ele>870</ele></trkpt>
<trkpt lat="47.68439" lon="10.90120"><ele>871</ele></trkpt>
<trkpt lat="47.68452" lon="10.90155"><ele>873</ele></trkpt>
<trkpt lat="47.68454" lon="10.90176"><ele>874</ele></trkpt>
<trkpt lat="47.68452" lon="10.90237"><ele>874</ele></trkpt>
<trkpt lat="47.68470" lon="10.90388"><ele>870</ele></trkpt>
<trkpt lat="47.68480" lon="10.90413"><ele>869</ele></trkpt>
<trkpt lat="47.68552" lon="10.90528"><ele>861</ele></trkpt>
<trkpt lat="47.68568" lon="10.90545"><ele>860</ele></trkpt>
<trkpt lat="47.68585" lon="10.90549"><ele>859</ele></trkpt>
<trkpt lat="47.68642" lon="10.90543"><ele>859</ele></trkpt>
<trkpt lat="47.68657" lon="10.90568"><ele>858</ele></trkpt>
<trkpt lat="47.68662" lon="10.90587"><ele>858</ele></trkpt>
<trkpt lat="47.68657" lon="10.90624"><ele>858</ele></trkpt>
<trkpt lat="47.68763" lon="10.90570"><ele>858</ele></trkpt>
<trkpt lat="47.68657" lon="10.90624"><ele>858</ele></trkpt>
<trkpt lat="47.68644" lon="10.90638"><ele>858</ele></trkpt>
<trkpt lat="47.68630" lon="10.90661"><ele>859</ele></trkpt>
<trkpt lat="47.68623" lon="10.90683"><ele>859</ele></trkpt>
<trkpt lat="47.68599" lon="10.90775"><ele>860</ele></trkpt>
<trkpt lat="47.68686" lon="10.90913"><ele>866</ele></trkpt>
<trkpt lat="47.68691" lon="10.90925"><ele>867</ele></trkpt>
<trkpt lat="47.68699" lon="10.90973"><ele>870</ele></trkpt>
<trkpt lat="47.68698" lon="10.91000"><ele>872</ele></trkpt>
<trkpt lat="47.68691" lon="10.91030"><ele>872</ele></trkpt>
<trkpt lat="47.68641" lon="10.91158"><ele>874</ele></trkpt>
<trkpt lat="47.68637" lon="10.91183"><ele>874</ele></trkpt>
<trkpt lat="47.68638" lon="10.91218"><ele>875</ele></trkpt>
<trkpt lat="47.68658" lon="10.91286"><ele>875</ele></trkpt>
<trkpt lat="47.68700" lon="10.91382"><ele>874</ele></trkpt>
<trkpt lat="47.68714" lon="10.91435"><ele>872</ele></trkpt>
<trkpt lat="47.68720" lon="10.91471"><ele>870</ele></trkpt>
<trkpt lat="47.68727" lon="10.91551"><ele>871</ele></trkpt>
<trkpt lat="47.68728" lon="10.91700"><ele>868</ele></trkpt>
<trkpt lat="47.68731" lon="10.91708"><ele>868</ele></trkpt>
<trkpt lat="47.68739" lon="10.91713"><ele>867</ele></trkpt>
<trkpt lat="47.68799" lon="10.91731"><ele>860</ele></trkpt>
<trkpt lat="47.68858" lon="10.91719"><ele>855</ele></trkpt>
<trkpt lat="47.68874" lon="10.91720"><ele>854</ele></trkpt>
<trkpt lat="47.68911" lon="10.91744"><ele>852</ele></trkpt>
<trkpt lat="47.68922" lon="10.91767"><ele>848</ele></trkpt>
<trkpt lat="47.68926" lon="10.91814"><ele>844</ele></trkpt>
<trkpt lat="47.68944" lon="10.91821"><ele>842</ele></trkpt>
<trkpt lat="47.68958" lon="10.91855"><ele>841</ele></trkpt>
<trkpt lat="47.68984" lon="10.92022"><ele>840</ele></trkpt>
<trkpt lat="47.68993" lon="10.92052"><ele>841</ele></trkpt>
<trkpt lat="47.69002" lon="10.92064"><ele>841</ele></trkpt>
<trkpt lat="47.69014" lon="10.92073"><ele>841</ele></trkpt>
<trkpt lat="47.69026" lon="10.92075"><ele>841</ele></trkpt>
<trkpt lat="47.69187" lon="10.92088"><ele>840</ele></trkpt>
<trkpt lat="47.69242" lon="10.92106"><ele>840</ele></trkpt>
<trkpt lat="47.69269" lon="10.92121"><ele>840</ele></trkpt>
<trkpt lat="47.69357" lon="10.92194"><ele>842</ele></trkpt>
<trkpt lat="47.69436" lon="10.92249"><ele>847</ele></trkpt>
<trkpt lat="47.69483" lon="10.92272"><ele>849</ele></trkpt>
<trkpt lat="47.69529" lon="10.92288"><ele>852</ele></trkpt>
<trkpt lat="47.69592" lon="10.92330"><ele>856</ele></trkpt>
<trkpt lat="47.69665" lon="10.92353"><ele>858</ele></trkpt>
<trkpt lat="47.69678" lon="10.92361"><ele>859</ele></trkpt>
<trkpt lat="47.69701" lon="10.92383"><ele>860</ele></trkpt>
<trkpt lat="47.69723" lon="10.92444"><ele>865</ele></trkpt>
<trkpt lat="47.69749" lon="10.92492"><ele>864</ele></trkpt>
<trkpt lat="47.69798" lon="10.92558"><ele>866</ele></trkpt>
<trkpt lat="47.69815" lon="10.92574"><ele>867</ele></trkpt>
<trkpt lat="47.69823" lon="10.92561"><ele>865</ele></trkpt>
<trkpt lat="47.69843" lon="10.92552"><ele>862</ele></trkpt>
<trkpt lat="47.69892" lon="10.92543"><ele>858</ele></trkpt>
<trkpt lat="47.69965" lon="10.92540"><ele>855</ele></trkpt>
<trkpt lat="47.70005" lon="10.92544"><ele>852</ele></trkpt>
<trkpt lat="47.70131" lon="10.92571"><ele>840</ele></trkpt>
<trkpt lat="47.70200" lon="10.92593"><ele>838</ele></trkpt>
<trkpt lat="47.70311" lon="10.92582"><ele>838</ele></trkpt>
<trkpt lat="47.70349" lon="10.92584"><ele>837</ele></trkpt>
<trkpt lat="47.70392" lon="10.92647"><ele>840</ele></trkpt>
<trkpt lat="47.70416" lon="10.92672"><ele>837</ele></trkpt>
<trkpt lat="47.70439" lon="10.92682"><ele>836</ele></trkpt>
<trkpt lat="47.70440" lon="10.92720"><ele>836</ele></trkpt>
<trkpt lat="47.70446" lon="10.92774"><ele>836</ele></trkpt>
<trkpt lat="47.70478" lon="10.92931"><ele>836</ele></trkpt>
<trkpt lat="47.70487" lon="10.92993"><ele>836</ele></trkpt>
<trkpt lat="47.70523" lon="10.92916"><ele>834</ele></trkpt>
<trkpt lat="47.70532" lon="10.92907"><ele>834</ele></trkpt>
<trkpt lat="47.70591" lon="10.92894"><ele>834</ele></trkpt>
<trkpt lat="47.70682" lon="10.92864"><ele>836</ele></trkpt>
<trkpt lat="47.70704" lon="10.92878"><ele>838</ele></trkpt>
<trkpt lat="47.70780" lon="10.92877"><ele>836</ele></trkpt>
<trkpt lat="47.70819" lon="10.92847"><ele>832</ele></trkpt>
<trkpt lat="47.70835" lon="10.92842"><ele>831</ele></trkpt>
<trkpt lat="47.70880" lon="10.92853"><ele>832</ele></trkpt>
<trkpt lat="47.70895" lon="10.92863"><ele>831</ele></trkpt>
<trkpt lat="47.70898" lon="10.92840"><ele>830</ele></trkpt>
<trkpt lat="47.70934" lon="10.92847"><ele>830</ele></trkpt>
<trkpt lat="47.71019" lon="10.92935"><ele>828</ele></trkpt>
<trkpt lat="47.71030" lon="10.92972"><ele>828</ele></trkpt>
<trkpt lat="47.71029" lon="10.93008"><ele>828</ele></trkpt>
<trkpt lat="47.71031" lon="10.93020"><ele>827</ele></trkpt>
<trkpt lat="47.71051" lon="10.93045"><ele>827</ele></trkpt>
<trkpt lat="47.71077" lon="10.93123"><ele>827</ele></trkpt>
<trkpt lat="47.71086" lon="10.93126"><ele>827</ele></trkpt>
<trkpt lat="47.71088" lon="10.93137"><ele>827</ele></trkpt>
<trkpt lat="47.71074" lon="10.93195"><ele>834</ele></trkpt>
<trkpt lat="47.71110" lon="10.93227"><ele>841</ele></trkpt>
<trkpt lat="47.71077" lon="10.93282"><ele>862</ele></trkpt>
<trkpt lat="47.71103" lon="10.93344"><ele>875</ele></trkpt>
<trkpt lat="47.71081" lon="10.93476"><ele>891</ele></trkpt>
<trkpt lat="47.71165" lon="10.93523"><ele>896</ele></trkpt>
<trkpt lat="47.71180" lon="10.93526"><ele>896</ele></trkpt>
<trkpt lat="47.71208" lon="10.93520"><ele>896</ele></trkpt>
<trkpt lat="47.71220" lon="10.93596"><ele>894</ele></trkpt>
<trkpt lat="47.71250" lon="10.93727"><ele>890</ele></trkpt>
<trkpt lat="47.71265" lon="10.93807"><ele>888</ele></trkpt>
<trkpt lat="47.71258" lon="10.93904"><ele>886</ele></trkpt>
<trkpt lat="47.71241" lon="10.94022"><ele>883</ele></trkpt>
<trkpt lat="47.71242" lon="10.94046"><ele>882</ele></trkpt>
<trkpt lat="47.71318" lon="10.94225"><ele>882</ele></trkpt>
<trkpt lat="47.71340" lon="10.94285"><ele>880</ele></trkpt>
<trkpt lat="47.71355" lon="10.94337"><ele>878</ele></trkpt>
<trkpt lat="47.71385" lon="10.94337"><ele>880</ele></trkpt>
<trkpt lat="47.71416" lon="10.94330"><ele>883</ele></trkpt>
<trkpt lat="47.71428" lon="10.94332"><ele>884</ele></trkpt>
<trkpt lat="47.71489" lon="10.94367"><ele>880</ele></trkpt>
<trkpt lat="47.71553" lon="10.94362"><ele>875</ele></trkpt>
<trkpt lat="47.71567" lon="10.94365"><ele>873</ele></trkpt>
<trkpt lat="47.71602" lon="10.94358"><ele>869</ele></trkpt>
<trkpt lat="47.71621" lon="10.94390"><ele>865</ele></trkpt>
<trkpt lat="47.71625" lon="10.94408"><ele>864</ele></trkpt>
<trkpt lat="47.71627" lon="10.94450"><ele>862</ele></trkpt>
<trkpt lat="47.71632" lon="10.94457"><ele>862</ele></trkpt>
<trkpt lat="47.71651" lon="10.94467"><ele>859</ele></trkpt>
<trkpt lat="47.71670" lon="10.94484"><ele>856</ele></trkpt>
<trkpt lat="47.71682" lon="10.94502"><ele>856</ele></trkpt>
<trkpt lat="47.71688" lon="10.94522"><ele>856</ele></trkpt>
<trkpt lat="47.71709" lon="10.94523"><ele>856</ele></trkpt>
<trkpt lat="47.71720" lon="10.94529"><ele>856</ele></trkpt>
<trkpt lat="47.71733" lon="10.94538"><ele>855</ele></trkpt>
<trkpt lat="47.71750" lon="10.94560"><ele>852</ele></trkpt>
<trkpt lat="47.71775" lon="10.94600"><ele>851</ele></trkpt>
<trkpt lat="47.71794" lon="10.94650"><ele>856</ele></trkpt>
<trkpt lat="47.71812" lon="10.94680"><ele>857</ele></trkpt>
<trkpt lat="47.71831" lon="10.94743"><ele>852</ele></trkpt>
<trkpt lat="47.71840" lon="10.94752"><ele>850</ele></trkpt>
<trkpt lat="47.71864" lon="10.94765"><ele>849</ele></trkpt>
<trkpt lat="47.71887" lon="10.94788"><ele>848</ele></trkpt>
<trkpt lat="47.71905" lon="10.94787"><ele>848</ele></trkpt>
<trkpt lat="47.71943" lon="10.94768"><ele>844</ele></trkpt>
<trkpt lat="47.71985" lon="10.94774"><ele>843</ele></trkpt>
<trkpt lat="47.72012" lon="10.94763"><ele>844</ele></trkpt>
<trkpt lat="47.72092" lon="10.94695"><ele>844</ele></trkpt>
<trkpt lat="47.72195" lon="10.94646"><ele>840</ele></trkpt>
<trkpt lat="47.72218" lon="10.94629"><ele>839</ele></trkpt>
<trkpt lat="47.72272" lon="10.94571"><ele>836</ele></trkpt>
<trkpt lat="47.72307" lon="10.94556"><ele>836</ele></trkpt>
<trkpt lat="47.72343" lon="10.94548"><ele>834</ele></trkpt>
<trkpt lat="47.72407" lon="10.94504"><ele>834</ele></trkpt>
<trkpt lat="47.72440" lon="10.94492"><ele>832</ele></trkpt>
<trkpt lat="47.72496" lon="10.94486"><ele>828</ele></trkpt>
<trkpt lat="47.72633" lon="10.94525"><ele>824</ele></trkpt>
<trkpt lat="47.72678" lon="10.94521"><ele>821</ele></trkpt>
<trkpt lat="47.72747" lon="10.94548"><ele>820</ele></trkpt>
<trkpt lat="47.72790" lon="10.94578"><ele>820</ele></trkpt>
<trkpt lat="47.72918" lon="10.94597"><ele>817</ele></trkpt>
<trkpt lat="47.72992" lon="10.94593"><ele>814</ele></trkpt>
<trkpt lat="47.73012" lon="10.94581"><ele>814</ele></trkpt>
<trkpt lat="47.73028" lon="10.94579"><ele>813</ele></trkpt>
<trkpt lat="47.73032" lon="10.94558"><ele>814</ele></trkpt>
<trkpt lat="47.73039" lon="10.94561"><ele>814</ele></trkpt>
<trkpt lat="47.73072" lon="10.94554"><ele>813</ele></trkpt>
<trkpt lat="47.73094" lon="10.94555"><ele>812</ele></trkpt>
<trkpt lat="47.73114" lon="10.94565"><ele>812</ele></trkpt>
<trkpt lat="47.73153" lon="10.94600"><ele>809</ele></trkpt>
<trkpt lat="47.73175" lon="10.94611"><ele>807</ele></trkpt>
<trkpt lat="47.73190" lon="10.94612"><ele>804</ele></trkpt>
<trkpt lat="47.73271" lon="10.94566"><ele>798</ele></trkpt>
<trkpt lat="47.73304" lon="10.94504"><ele>796</ele></trkpt>
<trkpt lat="47.73346" lon="10.94446"><ele>794</ele></trkpt>
<trkpt lat="47.73423" lon="10.94374"><ele>793</ele></trkpt>
<trkpt lat="47.73453" lon="10.94340"><ele>789</ele></trkpt>
<trkpt lat="47.73477" lon="10.94327"><ele>786</ele></trkpt>
<trkpt lat="47.73529" lon="10.94321"><ele>786</ele></trkpt>
<trkpt lat="47.73593" lon="10.94265"><ele>787</ele></trkpt>
<trkpt lat="47.73609" lon="10.94257"><ele>787</ele></trkpt>
<trkpt lat="47.73630" lon="10.94250"><ele>787</ele></trkpt>
<trkpt lat="47.73686" lon="10.94243"><ele>786</ele></trkpt>
<trkpt lat="47.73706" lon="10.94248"><ele>786</ele></trkpt>
<trkpt lat="47.73757" lon="10.94289"><ele>787</ele></trkpt>
<trkpt lat="47.73795" lon="10.94298"><ele>786</ele></trkpt>
<trkpt lat="47.73816" lon="10.94317"><ele>784</ele></trkpt>
<trkpt lat="47.73792" lon="10.94364"><ele>784</ele></trkpt>
<trkpt lat="47.73762" lon="10.94446"><ele>783</ele></trkpt>
<trkpt lat="47.73736" lon="10.94546"><ele>780</ele></trkpt>
<trkpt lat="47.73738" lon="10.94577"><ele>778</ele></trkpt>
<trkpt lat="47.73743" lon="10.94590"><ele>777</ele></trkpt>
<trkpt lat="47.73761" lon="10.94608"><ele>777</ele></trkpt>
<trkpt lat="47.73780" lon="10.94635"><ele>776</ele></trkpt>
<trkpt lat="47.73826" lon="10.94767"><ele>771</ele></trkpt>
<trkpt lat="47.73858" lon="10.94877"><ele>762</ele></trkpt>
<trkpt lat="47.73876" lon="10.94898"><ele>760</ele></trkpt>
<trkpt lat="47.73945" lon="10.94926"><ele>758</ele></trkpt>
<trkpt lat="47.73948" lon="10.94934"><ele>758</ele></trkpt>
<trkpt lat="47.73944" lon="10.95012"><ele>756</ele></trkpt>
<trkpt lat="47.73951" lon="10.95032"><ele>754</ele></trkpt>
<trkpt lat="47.73969" lon="10.95036"><ele>754</ele></trkpt>
<trkpt lat="47.74164" lon="10.95035"><ele>751</ele></trkpt>
<trkpt lat="47.74157" lon="10.95005"><ele>752</ele></trkpt>
<trkpt lat="47.74152" lon="10.94938"><ele>752</ele></trkpt>
<trkpt lat="47.74134" lon="10.94842"><ele>753</ele></trkpt>
<trkpt lat="47.74129" lon="10.94798"><ele>754</ele></trkpt>
<trkpt lat="47.74099" lon="10.94733"><ele>754</ele></trkpt>
<trkpt lat="47.74084" lon="10.94684"><ele>756</ele></trkpt>
<trkpt lat="47.74087" lon="10.94619"><ele>756</ele></trkpt>
<trkpt lat="47.74094" lon="10.94590"><ele>756</ele></trkpt>
<trkpt lat="47.74100" lon="10.94580"><ele>755</ele></trkpt>
<trkpt lat="47.74112" lon="10.94571"><ele>754</ele></trkpt>
<trkpt lat="47.74177" lon="10.94567"><ele>757</ele></trkpt>
<trkpt lat="47.74269" lon="10.94550"><ele>755</ele></trkpt>
<trkpt lat="47.74280" lon="10.94559"><ele>755</ele></trkpt>
<trkpt lat="47.74290" lon="10.94586"><ele>754</ele></trkpt>
<trkpt lat="47.74323" lon="10.94650"><ele>752</ele></trkpt>
<trkpt lat="47.74337" lon="10.94670"><ele>753</ele></trkpt>
<trkpt lat="47.74352" lon="10.94682"><ele>752</ele></trkpt>
<trkpt lat="47.74397" lon="10.94700"><ele>753</ele></trkpt>
<trkpt lat="47.74410" lon="10.94703"><ele>753</ele></trkpt>
<trkpt lat="47.74421" lon="10.94700"><ele>753</ele></trkpt>
<trkpt lat="47.74456" lon="10.94661"><ele>755</ele></trkpt>
<trkpt lat="47.74466" lon="10.94622"><ele>754</ele></trkpt>
<trkpt lat="47.74481" lon="10.94583"><ele>752</ele></trkpt>
<trkpt lat="47.74521" lon="10.94507"><ele>752</ele></trkpt>
<trkpt lat="47.74557" lon="10.94451"><ele>756</ele></trkpt>
<trkpt lat="47.74603" lon="10.94337"><ele>759</ele></trkpt>
<trkpt lat="47.74608" lon="10.94299"><ele>759</ele></trkpt>
<trkpt lat="47.74605" lon="10.94274"><ele>758</ele></trkpt>
<trkpt lat="47.74530" lon="10.94090"><ele>768</ele></trkpt>
<trkpt lat="47.74522" lon="10.94079"><ele>770</ele></trkpt>
<trkpt lat="47.74513" lon="10.94072"><ele>772</ele></trkpt>
<trkpt lat="47.74501" lon="10.94070"><ele>773</ele></trkpt>
<trkpt lat="47.74465" lon="10.94083"><ele>776</ele></trkpt>
<trkpt lat="47.74448" lon="10.94066"><ele>780</ele></trkpt>
<trkpt lat="47.74443" lon="10.94042"><ele>782</ele></trkpt>
<trkpt lat="47.74434" lon="10.93876"><ele>784</ele></trkpt>
<trkpt lat="47.74598" lon="10.93862"><ele>782</ele></trkpt>
<trkpt lat="47.74775" lon="10.93862"><ele>781</ele></trkpt>
<trkpt lat="47.74874" lon="10.93872"><ele>780</ele></trkpt>
<trkpt lat="47.74995" lon="10.93899"><ele>776</ele></trkpt>
<trkpt lat="47.75007" lon="10.93891"><ele>777</ele></trkpt>
<trkpt lat="47.75085" lon="10.93920"><ele>777</ele></trkpt>
<trkpt lat="47.75280" lon="10.94030"><ele>768</ele></trkpt>
<trkpt lat="47.75324" lon="10.94048"><ele>768</ele></trkpt>
<trkpt lat="47.75346" lon="10.94050"><ele>768</ele></trkpt>
<trkpt lat="47.75368" lon="10.94049"><ele>768</ele></trkpt>
<trkpt lat="47.75401" lon="10.94040"><ele>770</ele></trkpt>
<trkpt lat="47.75481" lon="10.94002"><ele>772</ele></trkpt>
<trkpt lat="47.75506" lon="10.93972"><ele>774</ele></trkpt>
<trkpt lat="47.75529" lon="10.93966"><ele>777</ele></trkpt>
<trkpt lat="47.75543" lon="10.93968"><ele>777</ele></trkpt>
<trkpt lat="47.75566" lon="10.93975"><ele>778</ele></trkpt>
<trkpt lat="47.75593" lon="10.93992"><ele>780</ele></trkpt>
<trkpt lat="47.75622" lon="10.94027"><ele>780</ele></trkpt>
<trkpt lat="47.75673" lon="10.94045"><ele>783</ele></trkpt>
<trkpt lat="47.75771" lon="10.94096"><ele>787</ele></trkpt>
<trkpt lat="47.75845" lon="10.94110"><ele>791</ele></trkpt>
<trkpt lat="47.75870" lon="10.94098"><ele>790</ele></trkpt>
<trkpt lat="47.75882" lon="10.94073"><ele>791</ele></trkpt>
<trkpt lat="47.75891" lon="10.94068"><ele>790</ele></trkpt>
<trkpt lat="47.75918" lon="10.94113"><ele>794</ele></trkpt>
<trkpt lat="47.75929" lon="10.94120"><ele>795</ele></trkpt>
<trkpt lat="47.75941" lon="10.94121"><ele>797</ele></trkpt>
<trkpt lat="47.75970" lon="10.94103"><ele>800</ele></trkpt>
<trkpt lat="47.76006" lon="10.94092"><ele>797</ele></trkpt>
<trkpt lat="47.76021" lon="10.94092"><ele>797</ele></trkpt>
<trkpt lat="47.76034" lon="10.94096"><ele>797</ele></trkpt>
<trkpt lat="47.76080" lon="10.94131"><ele>794</ele></trkpt>
<trkpt lat="47.76123" lon="10.94151"><ele>789</ele></trkpt>
<trkpt lat="47.76165" lon="10.94177"><ele>787</ele></trkpt>
<trkpt lat="47.76183" lon="10.94184"><ele>786</ele></trkpt>
<trkpt lat="47.76261" lon="10.94193"><ele>784</ele></trkpt>
<trkpt lat="47.76356" lon="10.94222"><ele>785</ele></trkpt>
<trkpt lat="47.76405" lon="10.94221"><ele>782</ele></trkpt>
<trkpt lat="47.76461" lon="10.94212"><ele>779</ele></trkpt>
<trkpt lat="47.76547" lon="10.94179"><ele>770</ele></trkpt>
<trkpt lat="47.76628" lon="10.94173"><ele>758</ele></trkpt>
<trkpt lat="47.76700" lon="10.94177"><ele>746</ele></trkpt>
<trkpt lat="47.76739" lon="10.94167"><ele>742</ele></trkpt>
<trkpt lat="47.76752" lon="10.94159"><ele>741</ele></trkpt>
<trkpt lat="47.76754" lon="10.94147"><ele>741</ele></trkpt>
<trkpt lat="47.76758" lon="10.94140"><ele>741</ele></trkpt>
<trkpt lat="47.76801" lon="10.94111"><ele>739</ele></trkpt>
<trkpt lat="47.76923" lon="10.94011"><ele>734</ele></trkpt>
<trkpt lat="47.77091" lon="10.93951"><ele>732</ele></trkpt>
<trkpt lat="47.77145" lon="10.93919"><ele>731</ele></trkpt>
<trkpt lat="47.77301" lon="10.93785"><ele>730</ele></trkpt>
<trkpt lat="47.77308" lon="10.93774"><ele>730</ele></trkpt>
<trkpt lat="47.77319" lon="10.93735"><ele>728</ele></trkpt>
<trkpt lat="47.77326" lon="10.93746"><ele>729</ele></trkpt>
<trkpt lat="47.77333" lon="10.93746"><ele>729</ele></trkpt>
<trkpt lat="47.77351" lon="10.93734"><ele>728</ele></trkpt>
<trkpt lat="47.77364" lon="10.93735"><ele>728</ele></trkpt>
<trkpt lat="47.77511" lon="10.93633"><ele>728</ele></trkpt>
<trkpt lat="47.77587" lon="10.93604"><ele>727</ele></trkpt>
<trkpt lat="47.77639" lon="10.93590"><ele>727</ele></trkpt>
<trkpt lat="47.77718" lon="10.93555"><ele>726</ele></trkpt>
<trkpt lat="47.77785" lon="10.93503"><ele>726</ele></trkpt>
<trkpt lat="47.77832" lon="10.93459"><ele>727</ele></trkpt>
<trkpt lat="47.77842" lon="10.93445"><ele>727</ele></trkpt>
<trkpt lat="47.77855" lon="10.93451"><ele>727</ele></trkpt>
<trkpt lat="47.77846" lon="10.93528"><ele>724</ele></trkpt>
<trkpt lat="47.77867" lon="10.93521"><ele>724</ele></trkpt>
<trkpt lat="47.77883" lon="10.93648"><ele>725</ele></trkpt>
<trkpt lat="47.77860" lon="10.93847"><ele>723</ele></trkpt>
<trkpt lat="47.77853" lon="10.93946"><ele>724</ele></trkpt>
<trkpt lat="47.77842" lon="10.93992"><ele>723</ele></trkpt>
<trkpt lat="47.77842" lon="10.94005"><ele>723</ele></trkpt>
<trkpt lat="47.77851" lon="10.94049"><ele>724</ele></trkpt>
<trkpt lat="47.77851" lon="10.94138"><ele>724</ele></trkpt>
<trkpt lat="47.77855" lon="10.94244"><ele>724</ele></trkpt>
<trkpt lat="47.77864" lon="10.94378"><ele>723</ele></trkpt>
<trkpt lat="47.77874" lon="10.94476"><ele>725</ele></trkpt>
<trkpt lat="47.77869" lon="10.94543"><ele>724</ele></trkpt>
<trkpt lat="47.77876" lon="10.94565"><ele>724</ele></trkpt>
<trkpt lat="47.77931" lon="10.94536"><ele>724</ele></trkpt>
<trkpt lat="47.77943" lon="10.94520"><ele>723</ele></trkpt>
<trkpt lat="47.77955" lon="10.94486"><ele>723</ele></trkpt>
<trkpt lat="47.77959" lon="10.94505"><ele>724</ele></trkpt>
<trkpt lat="47.77956" lon="10.94516"><ele>723</ele></trkpt>
<trkpt lat="47.77937" lon="10.94549"><ele>724</ele></trkpt>
<trkpt lat="47.77931" lon="10.94567"><ele>727</ele></trkpt>
<trkpt lat="47.77930" lon="10.94577"><ele>728</ele></trkpt>
<trkpt lat="47.77941" lon="10.94634"><ele>726</ele></trkpt>
<trkpt lat="47.77994" lon="10.94818"><ele>736</ele></trkpt>
<trkpt lat="47.78015" lon="10.94869"><ele>740</ele></trkpt>
<trkpt lat="47.78060" lon="10.94952"><ele>745</ele></trkpt>
<trkpt lat="47.78077" lon="10.94980"><ele>747</ele></trkpt>
<trkpt lat="47.78128" lon="10.95044"><ele>750</ele></trkpt>
<trkpt lat="47.78172" lon="10.95088"><ele>750</ele></trkpt>
<trkpt lat="47.78223" lon="10.95106"><ele>750</ele></trkpt>
<trkpt lat="47.78250" lon="10.95138"><ele>751</ele></trkpt>
<trkpt lat="47.78339" lon="10.95178"><ele>753</ele></trkpt>
<trkpt lat="47.78427" lon="10.95192"><ele>758</ele></trkpt>
<trkpt lat="47.78529" lon="10.95250"><ele>751</ele></trkpt>
<trkpt lat="47.78589" lon="10.95297"><ele>750</ele></trkpt>
<trkpt lat="47.78623" lon="10.95332"><ele>749</ele></trkpt>
<trkpt lat="47.78707" lon="10.95438"><ele>748</ele></trkpt>
<trkpt lat="47.78752" lon="10.95490"><ele>745</ele></trkpt>
<trkpt lat="47.78772" lon="10.95503"><ele>743</ele></trkpt>
<trkpt lat="47.78861" lon="10.95545"><ele>741</ele></trkpt>
<trkpt lat="47.78914" lon="10.95551"><ele>740</ele></trkpt>
<trkpt lat="47.78949" lon="10.95550"><ele>742</ele></trkpt>
<trkpt lat="47.78991" lon="10.95537"><ele>741</ele></trkpt>
<trkpt lat="47.79007" lon="10.95523"><ele>742</ele></trkpt>
<trkpt lat="47.79027" lon="10.95481"><ele>742</ele></trkpt>
<trkpt lat="47.79075" lon="10.95455"><ele>744</ele></trkpt>
<trkpt lat="47.79156" lon="10.95420"><ele>744</ele></trkpt>
<trkpt lat="47.79216" lon="10.95416"><ele>746</ele></trkpt>
<trkpt lat="47.79257" lon="10.95406"><ele>745</ele></trkpt>
<trkpt lat="47.79368" lon="10.95411"><ele>734</ele></trkpt>
<trkpt lat="47.79419" lon="10.95403"><ele>735</ele></trkpt>
<trkpt lat="47.79494" lon="10.95400"><ele>736</ele></trkpt>
<trkpt lat="47.79512" lon="10.95408"><ele>736</ele></trkpt>
<trkpt lat="47.79545" lon="10.95434"><ele>734</ele></trkpt>
<trkpt lat="47.79535" lon="10.95464"><ele>734</ele></trkpt>
<trkpt lat="47.79517" lon="10.95493"><ele>733</ele></trkpt>
<trkpt lat="47.79504" lon="10.95504"><ele>733</ele></trkpt>
<trkpt lat="47.79402" lon="10.95552"><ele>732</ele></trkpt>
<trkpt lat="47.79393" lon="10.95560"><ele>732</ele></trkpt>
<trkpt lat="47.79387" lon="10.95577"><ele>731</ele></trkpt>
<trkpt lat="47.79363" lon="10.95694"><ele>730</ele></trkpt>
<trkpt lat="47.79356" lon="10.95745"><ele>729</ele></trkpt>
<trkpt lat="47.79326" lon="10.96030"><ele>729</ele></trkpt>
<trkpt lat="47.79317" lon="10.96200"><ele>728</ele></trkpt>
<trkpt lat="47.79303" lon="10.96287"><ele>729</ele></trkpt>
<trkpt lat="47.79286" lon="10.96314"><ele>730</ele></trkpt>
<trkpt lat="47.79195" lon="10.96411"><ele>735</ele></trkpt>
<trkpt lat="47.79171" lon="10.96464"><ele>736</ele></trkpt>
<trkpt lat="47.79148" lon="10.96603"><ele>741</ele></trkpt>
<trkpt lat="47.79109" lon="10.96726"><ele>744</ele></trkpt>
<trkpt lat="47.79087" lon="10.96808"><ele>746</ele></trkpt>
<trkpt lat="47.79069" lon="10.96902"><ele>745</ele></trkpt>
<trkpt lat="47.79067" lon="10.96957"><ele>746</ele></trkpt>
<trkpt lat="47.79080" lon="10.97251"><ele>744</ele></trkpt>
<trkpt lat="47.79076" lon="10.97263"><ele>744</ele></trkpt>
<trkpt lat="47.79052" lon="10.97285"><ele>744</ele></trkpt>
<trkpt lat="47.79048" lon="10.97306"><ele>742</ele></trkpt>
<trkpt lat="47.79050" lon="10.97323"><ele>742</ele></trkpt>
<trkpt lat="47.79071" lon="10.97399"><ele>742</ele></trkpt>
<trkpt lat="47.79078" lon="10.97452"><ele>743</ele></trkpt>
<trkpt lat="47.79079" lon="10.97509"><ele>742</ele></trkpt>
<trkpt lat="47.79071" lon="10.97539"><ele>741</ele></trkpt>
<trkpt lat="47.79035" lon="10.97609"><ele>738</ele></trkpt>
<trkpt lat="47.79013" lon="10.97668"><ele>736</ele></trkpt>
<trkpt lat="47.79006" lon="10.97717"><ele>737</ele></trkpt>
<trkpt lat="47.79006" lon="10.97792"><ele>738</ele></trkpt>
<trkpt lat="47.79003" lon="10.97829"><ele>739</ele></trkpt>
<trkpt lat="47.78997" lon="10.97848"><ele>739</ele></trkpt>
<trkpt lat="47.78982" lon="10.97879"><ele>739</ele></trkpt>
<trkpt lat="47.78933" lon="10.97949"><ele>741</ele></trkpt>
<trkpt lat="47.78901" lon="10.98013"><ele>742</ele></trkpt>
<trkpt lat="47.78871" lon="10.98059"><ele>741</ele></trkpt>
<trkpt lat="47.78865" lon="10.98084"><ele>740</ele></trkpt>
<trkpt lat="47.78856" lon="10.98151"><ele>738</ele></trkpt>
<trkpt lat="47.78839" lon="10.98195"><ele>738</ele></trkpt>
<trkpt lat="47.78795" lon="10.98338"><ele>743</ele></trkpt>
<trkpt lat="47.78830" lon="10.98380"><ele>743</ele></trkpt>
<trkpt lat="47.78853" lon="10.98422"><ele>743</ele></trkpt>
<trkpt lat="47.78871" lon="10.98444"><ele>742</ele></trkpt>
<trkpt lat="47.78916" lon="10.98466"><ele>743</ele></trkpt>
<trkpt lat="47.78963" lon="10.98496"><ele>743</ele></trkpt>
<trkpt lat="47.79005" lon="10.98536"><ele>742</ele></trkpt>
<trkpt lat="47.79030" lon="10.98540"><ele>740</ele></trkpt>
<trkpt lat="47.79084" lon="10.98528"><ele>743</ele></trkpt>
<trkpt lat="47.79096" lon="10.98517"><ele>741</ele></trkpt>
<trkpt lat="47.79112" lon="10.98496"><ele>742</ele></trkpt>
<trkpt lat="47.79127" lon="10.98487"><ele>740</ele></trkpt>
<trkpt lat="47.79144" lon="10.98490"><ele>739</ele></trkpt>
<trkpt lat="47.79172" lon="10.98506"><ele>738</ele></trkpt>
<trkpt lat="47.79246" lon="10.98572"><ele>740</ele></trkpt>
<trkpt lat="47.79268" lon="10.98618"><ele>742</ele></trkpt>
<trkpt lat="47.79284" lon="10.98644"><ele>742</ele></trkpt>
<trkpt lat="47.79315" lon="10.98680"><ele>744</ele></trkpt>
<trkpt lat="47.79357" lon="10.98741"><ele>744</ele></trkpt>
<trkpt lat="47.79398" lon="10.98787"><ele>742</ele></trkpt>
<trkpt lat="47.79427" lon="10.98812"><ele>741</ele></trkpt>
<trkpt lat="47.79431" lon="10.98826"><ele>740</ele></trkpt>
<trkpt lat="47.79432" lon="10.98853"><ele>739</ele></trkpt>
<trkpt lat="47.79425" lon="10.98937"><ele>738</ele></trkpt>
<trkpt lat="47.79435" lon="10.98998"><ele>736</ele></trkpt>
<trkpt lat="47.79449" lon="10.99112"><ele>734</ele></trkpt>
<trkpt lat="47.79434" lon="10.99139"><ele>733</ele></trkpt>
<trkpt lat="47.79403" lon="10.99213"><ele>730</ele></trkpt>
<trkpt lat="47.79380" lon="10.99285"><ele>727</ele></trkpt>
<trkpt lat="47.79370" lon="10.99301"><ele>726</ele></trkpt>
<trkpt lat="47.79348" lon="10.99327"><ele>723</ele></trkpt>
<trkpt lat="47.79331" lon="10.99360"><ele>726</ele></trkpt>
<trkpt lat="47.79298" lon="10.99475"><ele>731</ele></trkpt>
<trkpt lat="47.79300" lon="10.99493"><ele>732</ele></trkpt>
<trkpt lat="47.79289" lon="10.99553"><ele>735</ele></trkpt>
<trkpt lat="47.79273" lon="10.99604"><ele>738</ele></trkpt>
<trkpt lat="47.79263" lon="10.99616"><ele>739</ele></trkpt>
<trkpt lat="47.79185" lon="10.99686"><ele>745</ele></trkpt>
<trkpt lat="47.79178" lon="10.99698"><ele>746</ele></trkpt>
<trkpt lat="47.79173" lon="10.99732"><ele>746</ele></trkpt>
<trkpt lat="47.79172" lon="10.99870"><ele>748</ele></trkpt>
<trkpt lat="47.79167" lon="10.99905"><ele>748</ele></trkpt>
<trkpt lat="47.79140" lon="11.00021"><ele>745</ele></trkpt>
<trkpt lat="47.79139" lon="11.00057"><ele>745</ele></trkpt>
<trkpt lat="47.79157" lon="11.00063"><ele>746</ele></trkpt>
<trkpt lat="47.79203" lon="11.00094"><ele>748</ele></trkpt>
<trkpt lat="47.79174" lon="11.00205"><ele>748</ele></trkpt>
<trkpt lat="47.79151" lon="11.00195"><ele>748</ele></trkpt>
<trkpt lat="47.79136" lon="11.00200"><ele>748</ele></trkpt>
<trkpt lat="47.79132" lon="11.00212"><ele>748</ele></trkpt>
<trkpt lat="47.79127" lon="11.00216"><ele>748</ele></trkpt>
<trkpt lat="47.79118" lon="11.00218"><ele>748</ele></trkpt>
<trkpt lat="47.79104" lon="11.00212"><ele>749</ele></trkpt>
<trkpt lat="47.79095" lon="11.00255"><ele>750</ele></trkpt>
<trkpt lat="47.79096" lon="11.00280"><ele>749</ele></trkpt>
<trkpt lat="47.79102" lon="11.00307"><ele>749</ele></trkpt>
<trkpt lat="47.79113" lon="11.00326"><ele>750</ele></trkpt>
<trkpt lat="47.79109" lon="11.00346"><ele>749</ele></trkpt>
<trkpt lat="47.79129" lon="11.00423"><ele>750</ele></trkpt>
<trkpt lat="47.79127" lon="11.00443"><ele>750</ele></trkpt>
<trkpt lat="47.79104" lon="11.00523"><ele>751</ele></trkpt>
<trkpt lat="47.79098" lon="11.00552"><ele>751</ele></trkpt>
<trkpt lat="47.79153" lon="11.00683"><ele>755</ele></trkpt>
<trkpt lat="47.79174" lon="11.00726"><ele>758</ele></trkpt>
<trkpt lat="47.79222" lon="11.00782"><ele>763</ele></trkpt>
<trkpt lat="47.79259" lon="11.00805"><ele>767</ele></trkpt>
<trkpt lat="47.79272" lon="11.00821"><ele>769</ele></trkpt>
<trkpt lat="47.79280" lon="11.00842"><ele>770</ele></trkpt>
<trkpt lat="47.79286" lon="11.00890"><ele>771</ele></trkpt>
<trkpt lat="47.79245" lon="11.00981"><ele>766</ele></trkpt>
<trkpt lat="47.79208" lon="11.01077"><ele>762</ele></trkpt>
<trkpt lat="47.79176" lon="11.01173"><ele>759</ele></trkpt>
<trkpt lat="47.79130" lon="11.01250"><ele>758</ele></trkpt>
<trkpt lat="47.78992" lon="11.01521"><ele>748</ele></trkpt>
<trkpt lat="47.78960" lon="11.01599"><ele>745</ele></trkpt>
<trkpt lat="47.78953" lon="11.01623"><ele>744</ele></trkpt>
<trkpt lat="47.78936" lon="11.01714"><ele>738</ele></trkpt>
<trkpt lat="47.78933" lon="11.01741"><ele>738</ele></trkpt>
<trkpt lat="47.78940" lon="11.01748"><ele>738</ele></trkpt>
<trkpt lat="47.78907" lon="11.01996"><ele>736</ele></trkpt>
<trkpt lat="47.78867" lon="11.02207"><ele>724</ele></trkpt>
<trkpt lat="47.78866" lon="11.02233"><ele>723</ele></trkpt>
<trkpt lat="47.78843" lon="11.02309"><ele>720</ele></trkpt>
<trkpt lat="47.78829" lon="11.02379"><ele>716</ele></trkpt>
<trkpt lat="47.78817" lon="11.02570"><ele>711</ele></trkpt>
<trkpt lat="47.78799" lon="11.02632"><ele>708</ele></trkpt>
<trkpt lat="47.78782" lon="11.02669"><ele>706</ele></trkpt>
<trkpt lat="47.78762" lon="11.02701"><ele>704</ele></trkpt>
<trkpt lat="47.78739" lon="11.02725"><ele>702</ele></trkpt>
<trkpt lat="47.78738" lon="11.02764"><ele>700</ele></trkpt>
<trkpt lat="47.78727" lon="11.02801"><ele>699</ele></trkpt>
<trkpt lat="47.78714" lon="11.02902"><ele>691</ele></trkpt>
<trkpt lat="47.78680" lon="11.03024"><ele>686</ele></trkpt>
<trkpt lat="47.78644" lon="11.03102"><ele>684</ele></trkpt>
<trkpt lat="47.78608" lon="11.03168"><ele>683</ele></trkpt>
<trkpt lat="47.78585" lon="11.03208"><ele>681</ele></trkpt>
<trkpt lat="47.78549" lon="11.03259"><ele>679</ele></trkpt>
<trkpt lat="47.78514" lon="11.03296"><ele>678</ele></trkpt>
<trkpt lat="47.78477" lon="11.03326"><ele>676</ele></trkpt>
<trkpt lat="47.78411" lon="11.03371"><ele>672</ele></trkpt>
<trkpt lat="47.78399" lon="11.03394"><ele>670</ele></trkpt>
<trkpt lat="47.78393" lon="11.03415"><ele>668</ele></trkpt>
<trkpt lat="47.78392" lon="11.03450"><ele>667</ele></trkpt>
<trkpt lat="47.78406" lon="11.03554"><ele>662</ele></trkpt>
<trkpt lat="47.78413" lon="11.03679"><ele>656</ele></trkpt>
<trkpt lat="47.78396" lon="11.03840"><ele>647</ele></trkpt>
<trkpt lat="47.78398" lon="11.03913"><ele>641</ele></trkpt>
<trkpt lat="47.78408" lon="11.03990"><ele>634</ele></trkpt>
<trkpt lat="47.78403" lon="11.04010"><ele>632</ele></trkpt>
<trkpt lat="47.78372" lon="11.04044"><ele>627</ele></trkpt>
<trkpt lat="47.78321" lon="11.04117"><ele>624</ele></trkpt>
<trkpt lat="47.78298" lon="11.04142"><ele>622</ele></trkpt>
<trkpt lat="47.78289" lon="11.04158"><ele>621</ele></trkpt>
<trkpt lat="47.78281" lon="11.04182"><ele>620</ele></trkpt>
<trkpt lat="47.78277" lon="11.04202"><ele>619</ele></trkpt>
<trkpt lat="47.78278" lon="11.04256"><ele>618</ele></trkpt>
<trkpt lat="47.78292" lon="11.04380"><ele>613</ele></trkpt>
<trkpt lat="47.78290" lon="11.04397"><ele>612</ele></trkpt>
<trkpt lat="47.78285" lon="11.04408"><ele>612</ele></trkpt>
<trkpt lat="47.78304" lon="11.04454"><ele>610</ele></trkpt>
<trkpt lat="47.78334" lon="11.04557"><ele>608</ele></trkpt>
<trkpt lat="47.78406" lon="11.04486"><ele>610</ele></trkpt>
<trkpt lat="47.78418" lon="11.04482"><ele>610</ele></trkpt>
<trkpt lat="47.78425" lon="11.04489"><ele>609</ele></trkpt>
<trkpt lat="47.78511" lon="11.04639"><ele>605</ele></trkpt>
<trkpt lat="47.78530" lon="11.04678"><ele>604</ele></trkpt>
<trkpt lat="47.78555" lon="11.04770"><ele>602</ele></trkpt>
<trkpt lat="47.78576" lon="11.04755"><ele>603</ele></trkpt>
<trkpt lat="47.78601" lon="11.04745"><ele>603</ele></trkpt>
<trkpt lat="47.78646" lon="11.04743"><ele>603</ele></trkpt>
<trkpt lat="47.78692" lon="11.04755"><ele>604</ele></trkpt>
<trkpt lat="47.78757" lon="11.04797"><ele>608</ele></trkpt>
<trkpt lat="47.78808" lon="11.04851"><ele>608</ele></trkpt>
<trkpt lat="47.78844" lon="11.04897"><ele>605</ele></trkpt>
<trkpt lat="47.78891" lon="11.04977"><ele>602</ele></trkpt>
<trkpt lat="47.78917" lon="11.05039"><ele>602</ele></trkpt>
<trkpt lat="47.78962" lon="11.05196"><ele>596</ele></trkpt>
<trkpt lat="47.78983" lon="11.05256"><ele>597</ele></trkpt>
<trkpt lat="47.79020" lon="11.05335"><ele>596</ele></trkpt>
<trkpt lat="47.79080" lon="11.05432"><ele>596</ele></trkpt>
<trkpt lat="47.79097" lon="11.05473"><ele>594</ele></trkpt>
<trkpt lat="47.79104" lon="11.05499"><ele>594</ele></trkpt>
<trkpt lat="47.79112" lon="11.05548"><ele>594</ele></trkpt>
<trkpt lat="47.79125" lon="11.05595"><ele>593</ele></trkpt>
<trkpt lat="47.79168" lon="11.05719"><ele>593</ele></trkpt>
<trkpt lat="47.79183" lon="11.05756"><ele>592</ele></trkpt>
<trkpt lat="47.79218" lon="11.05824"><ele>592</ele></trkpt>
<trkpt lat="47.79219" lon="11.05853"><ele>592</ele></trkpt>
<trkpt lat="47.79241" lon="11.05866"><ele>592</ele></trkpt>
<trkpt lat="47.79261" lon="11.05892"><ele>591</ele></trkpt>
<trkpt lat="47.79307" lon="11.05928"><ele>590</ele></trkpt>
<trkpt lat="47.79334" lon="11.05943"><ele>591</ele></trkpt>
<trkpt lat="47.79456" lon="11.05968"><ele>590</ele></trkpt>
<trkpt lat="47.79534" lon="11.06009"><ele>591</ele></trkpt>
<trkpt lat="47.79614" lon="11.06033"><ele>590</ele></trkpt>
<trkpt lat="47.79646" lon="11.06040"><ele>590</ele></trkpt>
<trkpt lat="47.79701" lon="11.06038"><ele>590</ele></trkpt>
<trkpt lat="47.79730" lon="11.06050"><ele>589</ele></trkpt>
<trkpt lat="47.79761" lon="11.06070"><ele>589</ele></trkpt>
<trkpt lat="47.79799" lon="11.06101"><ele>589</ele></trkpt>
<trkpt lat="47.79869" lon="11.06178"><ele>588</ele></trkpt>
<trkpt lat="47.79857" lon="11.06209"><ele>588</ele></trkpt>
<trkpt lat="47.79865" lon="11.06225"><ele>587</ele></trkpt>
<trkpt lat="47.79891" lon="11.06307"><ele>586</ele></trkpt>
<trkpt lat="47.79899" lon="11.06302"><ele>586</ele></trkpt>
<trkpt lat="47.79908" lon="11.06321"><ele>586</ele></trkpt>
<trkpt lat="47.79913" lon="11.06323"><ele>586</ele></trkpt>
<trkpt lat="47.79929" lon="11.06347"><ele>586</ele></trkpt>
<trkpt lat="47.79961" lon="11.06419"><ele>586</ele></trkpt>
<trkpt lat="47.79980" lon="11.06475"><ele>585</ele></trkpt>
<trkpt lat="47.80049" lon="11.06445"><ele>585</ele></trkpt>
<trkpt lat="47.80100" lon="11.06477"><ele>585</ele></trkpt>
<trkpt lat="47.80146" lon="11.06486"><ele>585</ele></trkpt>
<trkpt lat="47.80189" lon="11.06517"><ele>585</ele></trkpt>
<trkpt lat="47.80213" lon="11.06550"><ele>584</ele></trkpt>
<trkpt lat="47.80220" lon="11.06569"><ele>584</ele></trkpt>
<trkpt lat="47.80234" lon="11.06643"><ele>584</ele></trkpt>
<trkpt lat="47.80249" lon="11.06695"><ele>584</ele></trkpt>
<trkpt lat="47.80282" lon="11.06768"><ele>583</ele></trkpt>
<trkpt lat="47.80338" lon="11.06855"><ele>583</ele></trkpt>
<trkpt lat="47.80402" lon="11.06966"><ele>582</ele></trkpt>
<trkpt lat="47.80445" lon="11.07074"><ele>582</ele></trkpt>
<trkpt lat="47.80466" lon="11.07170"><ele>581</ele></trkpt>
<trkpt lat="47.80485" lon="11.07202"><ele>582</ele></trkpt>
<trkpt lat="47.80492" lon="11.07207"><ele>581</ele></trkpt>
<trkpt lat="47.80509" lon="11.07206"><ele>581</ele></trkpt>
<trkpt lat="47.80519" lon="11.07196"><ele>582</ele></trkpt>
<trkpt lat="47.80530" lon="11.07219"><ele>581</ele></trkpt>
<trkpt lat="47.80577" lon="11.07292"><ele>581</ele></trkpt>
<trkpt lat="47.80626" lon="11.07422"><ele>581</ele></trkpt>
<trkpt lat="47.80640" lon="11.07482"><ele>581</ele></trkpt>
<trkpt lat="47.80752" lon="11.07411"><ele>580</ele></trkpt>
<trkpt lat="47.80812" lon="11.07402"><ele>581</ele></trkpt>
<trkpt lat="47.80821" lon="11.07406"><ele>581</ele></trkpt>
<trkpt lat="47.80887" lon="11.07490"><ele>584</ele></trkpt>
<trkpt lat="47.80925" lon="11.07576"><ele>582</ele></trkpt>
<trkpt lat="47.80963" lon="11.07653"><ele>580</ele></trkpt>
<trkpt lat="47.81175" lon="11.08020"><ele>580</ele></trkpt>
<trkpt lat="47.81175" lon="11.08051"><ele>578</ele></trkpt>
<trkpt lat="47.81112" lon="11.08225"><ele>577</ele></trkpt>
<trkpt lat="47.81414" lon="11.09020"><ele>574</ele></trkpt>
<trkpt lat="47.81446" lon="11.09147"><ele>574</ele></trkpt>
<trkpt lat="47.81468" lon="11.09234"><ele>573</ele></trkpt>
<trkpt lat="47.81509" lon="11.09435"><ele>572</ele></trkpt>
<trkpt lat="47.81537" lon="11.09534"><ele>572</ele></trkpt>
<trkpt lat="47.81580" lon="11.09784"><ele>571</ele></trkpt>
<trkpt lat="47.81595" lon="11.09830"><ele>570</ele></trkpt>
<trkpt lat="47.81624" lon="11.09885"><ele>570</ele></trkpt>
<trkpt lat="47.81573" lon="11.10008"><ele>569</ele></trkpt>
<trkpt lat="47.81567" lon="11.10034"><ele>569</ele></trkpt>
<trkpt lat="47.81824" lon="11.10279"><ele>567</ele></trkpt>
<trkpt lat="47.81924" lon="11.10448"><ele>566</ele></trkpt>
<trkpt lat="47.81985" lon="11.10528"><ele>565</ele></trkpt>
<trkpt lat="47.81997" lon="11.10536"><ele>566</ele></trkpt>
<trkpt lat="47.82026" lon="11.10543"><ele>566</ele></trkpt>
<trkpt lat="47.82045" lon="11.10553"><ele>566</ele></trkpt>
<trkpt lat="47.82037" lon="11.10583"><ele>566</ele></trkpt>
<trkpt lat="47.81873" lon="11.11041"><ele>566</ele></trkpt>
<trkpt lat="47.81897" lon="11.11058"><ele>567</ele></trkpt>
<trkpt lat="47.81957" lon="11.11077"><ele>567</ele></trkpt>
<trkpt lat="47.81994" lon="11.11099"><ele>566</ele></trkpt>
<trkpt lat="47.81985" lon="11.11124"><ele>566</ele></trkpt>
<trkpt lat="47.81984" lon="11.11151"><ele>565</ele></trkpt>
<trkpt lat="47.81967" lon="11.11176"><ele>565</ele></trkpt>
<trkpt lat="47.81973" lon="11.11188"><ele>565</ele></trkpt>
<trkpt lat="47.81974" lon="11.11211"><ele>565</ele></trkpt>
<trkpt lat="47.81959" lon="11.11297"><ele>567</ele></trkpt>
<trkpt lat="47.81951" lon="11.11459"><ele>567</ele></trkpt>
<trkpt lat="47.81945" lon="11.11500"><ele>567</ele></trkpt>
<trkpt lat="47.81921" lon="11.11558"><ele>567</ele></trkpt>
<trkpt lat="47.81905" lon="11.11579"><ele>566</ele></trkpt>
<trkpt lat="47.81925" lon="11.11729"><ele>565</ele></trkpt>
<trkpt lat="47.81928" lon="11.11728"><ele>564</ele></trkpt>
<trkpt lat="47.81941" lon="11.11789"><ele>565</ele></trkpt>
<trkpt lat="47.81956" lon="11.11898"><ele>564</ele></trkpt>
<trkpt lat="47.81961" lon="11.11953"><ele>565</ele></trkpt>
<trkpt lat="47.81965" lon="11.12083"><ele>565</ele></trkpt>
<trkpt lat="47.81975" lon="11.12220"><ele>566</ele></trkpt>
<trkpt lat="47.81973" lon="11.12369"><ele>566</ele></trkpt>
<trkpt lat="47.81969" lon="11.12380"><ele>566</ele></trkpt>
<trkpt lat="47.81958" lon="11.12477"><ele>566</ele></trkpt>
<trkpt lat="47.81955" lon="11.12553"><ele>568</ele></trkpt>
<trkpt lat="47.81957" lon="11.12720"><ele>566</ele></trkpt>
<trkpt lat="47.81955" lon="11.12858"><ele>564</ele></trkpt>
<trkpt lat="47.82069" lon="11.12847"><ele>562</ele></trkpt>
<trkpt lat="47.82129" lon="11.12855"><ele>563</ele></trkpt>
<trkpt lat="47.82171" lon="11.12856"><ele>563</ele></trkpt>
<trkpt lat="47.82212" lon="11.12852"><ele>563</ele></trkpt>
<trkpt lat="47.82236" lon="11.12918"><ele>562</ele></trkpt>
<trkpt lat="47.82242" lon="11.12923"><ele>562</ele></trkpt>
<trkpt lat="47.82271" lon="11.12928"><ele>562</ele></trkpt>
<trkpt lat="47.82287" lon="11.12922"><ele>562</ele></trkpt>
<trkpt lat="47.82323" lon="11.12866"><ele>562</ele></trkpt>
<trkpt lat="47.82339" lon="11.12847"><ele>562</ele></trkpt>
<trkpt lat="47.82362" lon="11.12831"><ele>562</ele></trkpt>
<trkpt lat="47.82434" lon="11.12794"><ele>562</ele></trkpt>
<trkpt lat="47.82443" lon="11.12794"><ele>562</ele></trkpt>
<trkpt lat="47.82451" lon="11.12799"><ele>562</ele></trkpt>
<trkpt lat="47.82488" lon="11.12875"><ele>561</ele></trkpt>
<trkpt lat="47.82505" lon="11.12900"><ele>562</ele></trkpt>
<trkpt lat="47.82526" lon="11.12926"><ele>561</ele></trkpt>
<trkpt lat="47.82558" lon="11.12942"><ele>562</ele></trkpt>
<trkpt lat="47.82579" lon="11.12966"><ele>563</ele></trkpt>
<trkpt lat="47.82598" lon="11.13011"><ele>560</ele></trkpt>
<trkpt lat="47.82604" lon="11.13034"><ele>561</ele></trkpt>
<trkpt lat="47.82607" lon="11.13054"><ele>561</ele></trkpt>
<trkpt lat="47.82610" lon="11.13158"><ele>561</ele></trkpt>
<trkpt lat="47.82614" lon="11.13181"><ele>561</ele></trkpt>
<trkpt lat="47.82638" lon="11.13258"><ele>561</ele></trkpt>
<trkpt lat="47.82643" lon="11.13300"><ele>561</ele></trkpt>
<trkpt lat="47.82600" lon="11.13895"><ele>561</ele></trkpt>
<trkpt lat="47.82831" lon="11.13941"><ele>561</ele></trkpt>
<trkpt lat="47.83272" lon="11.14070"><ele>563</ele></trkpt>
<trkpt lat="47.83481" lon="11.14137"><ele>563</ele></trkpt>
<trkpt lat="47.83489" lon="11.14136"><ele>563</ele></trkpt>
<trkpt lat="47.83573" lon="11.14159"><ele>564</ele></trkpt>
<trkpt lat="47.83680" lon="11.14199"><ele>564</ele></trkpt>
<trkpt lat="47.83697" lon="11.14211"><ele>564</ele></trkpt>
<trkpt lat="47.83692" lon="11.14217"><ele>564</ele></trkpt>
<trkpt lat="47.83698" lon="11.14227"><ele>564</ele></trkpt>
<trkpt lat="47.83783" lon="11.14269"><ele>565</ele></trkpt>
<trkpt lat="47.83862" lon="11.14278"><ele>563</ele></trkpt>
<trkpt lat="47.83888" lon="11.14275"><ele>563</ele></trkpt>
<trkpt lat="47.83893" lon="11.14261"><ele>563</ele></trkpt>
<trkpt lat="47.83902" lon="11.14268"><ele>563</ele></trkpt>
<trkpt lat="47.83887" lon="11.14257"><ele>563</ele></trkpt>
<trkpt lat="47.83876" lon="11.14184"><ele>563</ele></trkpt>
<trkpt lat="47.83897" lon="11.14049"><ele>562</ele></trkpt>
<trkpt lat="47.83925" lon="11.14054"><ele>561</ele></trkpt>
<trkpt lat="47.83943" lon="11.13870"><ele>557</ele></trkpt>
<trkpt lat="47.83962" lon="11.13758"><ele>556</ele></trkpt>
<trkpt lat="47.84008" lon="11.13781"><ele>557</ele></trkpt>
<trkpt lat="47.84031" lon="11.13800"><ele>557</ele></trkpt>
<trkpt lat="47.84052" lon="11.13824"><ele>556</ele></trkpt>
<trkpt lat="47.84078" lon="11.13720"><ele>556</ele></trkpt>
<trkpt lat="47.84082" lon="11.13712"><ele>556</ele></trkpt>
<trkpt lat="47.84089" lon="11.13708"><ele>556</ele></trkpt>
<trkpt lat="47.84206" lon="11.13692"><ele>556</ele></trkpt>
<trkpt lat="47.84204" lon="11.13670"><ele>556</ele></trkpt>
<trkpt lat="47.84230" lon="11.13678"><ele>555</ele></trkpt>
<trkpt lat="47.84320" lon="11.13718"><ele>556</ele></trkpt>
<trkpt lat="47.84385" lon="11.13728"><ele>556</ele></trkpt>
<trkpt lat="47.84449" lon="11.13723"><ele>556</ele></trkpt>
<trkpt lat="47.84518" lon="11.13698"><ele>555</ele></trkpt>
<trkpt lat="47.84550" lon="11.13678"><ele>554</ele></trkpt>
<trkpt lat="47.84581" lon="11.13649"><ele>554</ele></trkpt>
<trkpt lat="47.84603" lon="11.13635"><ele>554</ele></trkpt>
<trkpt lat="47.84629" lon="11.13624"><ele>554</ele></trkpt>
<trkpt lat="47.84688" lon="11.13578"><ele>554</ele></trkpt>
<trkpt lat="47.84761" lon="11.13547"><ele>554</ele></trkpt>
<trkpt lat="47.84744" lon="11.13473"><ele>555</ele></trkpt>
<trkpt lat="47.84771" lon="11.13471"><ele>554</ele></trkpt>
<trkpt lat="47.84857" lon="11.13435"><ele>552</ele></trkpt>
<trkpt lat="47.84889" lon="11.13415"><ele>554</ele></trkpt>
<trkpt lat="47.84929" lon="11.13405"><ele>554</ele></trkpt>
<trkpt lat="47.85069" lon="11.13447"><ele>554</ele></trkpt>
<trkpt lat="47.85100" lon="11.13479"><ele>554</ele></trkpt>
<trkpt lat="47.85175" lon="11.13595"><ele>554</ele></trkpt>
<trkpt lat="47.85201" lon="11.13651"><ele>554</ele></trkpt>
<trkpt lat="47.85280" lon="11.13841"><ele>556</ele></trkpt>
<trkpt lat="47.85304" lon="11.13941"><ele>554</ele></trkpt>
<trkpt lat="47.85323" lon="11.14007"><ele>553</ele></trkpt>
<trkpt lat="47.85366" lon="11.14094"><ele>554</ele></trkpt>
<trkpt lat="47.85422" lon="11.14179"><ele>554</ele></trkpt>
<trkpt lat="47.85440" lon="11.14192"><ele>554</ele></trkpt>
<trkpt lat="47.85465" lon="11.14202"><ele>554</ele></trkpt>
<trkpt lat="47.85504" lon="11.14229"><ele>554</ele></trkpt>
<trkpt lat="47.85555" lon="11.14233"><ele>552</ele></trkpt>
<trkpt lat="47.85635" lon="11.14252"><ele>553</ele></trkpt>
<trkpt lat="47.85657" lon="11.14245"><ele>552</ele></trkpt>
<trkpt lat="47.85778" lon="11.14166"><ele>552</ele></trkpt>
<trkpt lat="47.85790" lon="11.14165"><ele>552</ele></trkpt>
<trkpt lat="47.85842" lon="11.14183"><ele>552</ele></trkpt>
<trkpt lat="47.85865" lon="11.14178"><ele>551</ele></trkpt>
<trkpt lat="47.85920" lon="11.14148"><ele>551</ele></trkpt>
<trkpt lat="47.85974" lon="11.14136"><ele>552</ele></trkpt>
<trkpt lat="47.86071" lon="11.14124"><ele>550</ele></trkpt>
<trkpt lat="47.86063" lon="11.13193"><ele>549</ele></trkpt>
<trkpt lat="47.86084" lon="11.13174"><ele>549</ele></trkpt>
<trkpt lat="47.86104" lon="11.13141"><ele>549</ele></trkpt>
<trkpt lat="47.86197" lon="11.12963"><ele>549</ele></trkpt>
<trkpt lat="47.86429" lon="11.12533"><ele>549</ele></trkpt>
<trkpt lat="47.86440" lon="11.12518"><ele>549</ele></trkpt>
<trkpt lat="47.86463" lon="11.12504"><ele>549</ele></trkpt>
<trkpt lat="47.86597" lon="11.12356"><ele>550</ele></trkpt>
<trkpt lat="47.87037" lon="11.11899"><ele>552</ele></trkpt>
<trkpt lat="47.87031" lon="11.11586"><ele>555</ele></trkpt>
<trkpt lat="47.87024" lon="11.10855"><ele>558</ele></trkpt>
<trkpt lat="47.87021" lon="11.10798"><ele>558</ele></trkpt>
<trkpt lat="47.87008" lon="11.10675"><ele>558</ele></trkpt>
<trkpt lat="47.87005" lon="11.10466"><ele>563</ele></trkpt>
<trkpt lat="47.87028" lon="11.10467"><ele>562</ele></trkpt>
<trkpt lat="47.87096" lon="11.10443"><ele>561</ele></trkpt>
<trkpt lat="47.87139" lon="11.10444"><ele>561</ele></trkpt>
<trkpt lat="47.87205" lon="11.10461"><ele>560</ele></trkpt>
<trkpt lat="47.87219" lon="11.10457"><ele>560</ele></trkpt>
<trkpt lat="47.87234" lon="11.10444"><ele>560</ele></trkpt>
<trkpt lat="47.87298" lon="11.10345"><ele>560</ele></trkpt>
<trkpt lat="47.87307" lon="11.10320"><ele>561</ele></trkpt>
<trkpt lat="47.87317" lon="11.10272"><ele>561</ele></trkpt>
<trkpt lat="47.87445" lon="11.10318"><ele>558</ele></trkpt>
<trkpt lat="47.87477" lon="11.10319"><ele>558</ele></trkpt>
<trkpt lat="47.87502" lon="11.10314"><ele>559</ele></trkpt>
<trkpt lat="47.87586" lon="11.10275"><ele>557</ele></trkpt>
<trkpt lat="47.87608" lon="11.10274"><ele>557</ele></trkpt>
<trkpt lat="47.87636" lon="11.10289"><ele>558</ele></trkpt>
<trkpt lat="47.87656" lon="11.10285"><ele>558</ele></trkpt>
<trkpt lat="47.87750" lon="11.10338"><ele>558</ele></trkpt>
<trkpt lat="47.87769" lon="11.10341"><ele>558</ele></trkpt>
<trkpt lat="47.87864" lon="11.10311"><ele>558</ele></trkpt>
<trkpt lat="47.87886" lon="11.10310"><ele>558</ele></trkpt>
<trkpt lat="47.87935" lon="11.10320"><ele>557</ele></trkpt>
<trkpt lat="47.88000" lon="11.10346"><ele>556</ele></trkpt>
<trkpt lat="47.88026" lon="11.10345"><ele>556</ele></trkpt>
<trkpt lat="47.88079" lon="11.10328"><ele>556</ele></trkpt>
<trkpt lat="47.88109" lon="11.10332"><ele>556</ele></trkpt>
<trkpt lat="47.88269" lon="11.10331"><ele>556</ele></trkpt>
<trkpt lat="47.88279" lon="11.10311"><ele>557</ele></trkpt>
<trkpt lat="47.88364" lon="11.10304"><ele>558</ele></trkpt>
<trkpt lat="47.88397" lon="11.10305"><ele>558</ele></trkpt>
<trkpt lat="47.88459" lon="11.10317"><ele>556</ele></trkpt>
<trkpt lat="47.88494" lon="11.10319"><ele>556</ele></trkpt>
<trkpt lat="47.88532" lon="11.10329"><ele>556</ele></trkpt>
<trkpt lat="47.88577" lon="11.10325"><ele>555</ele></trkpt>
<trkpt lat="47.88699" lon="11.10337"><ele>554</ele></trkpt>
<trkpt lat="47.88717" lon="11.10335"><ele>554</ele></trkpt>
<trkpt lat="47.88768" lon="11.10301"><ele>555</ele></trkpt>
<trkpt lat="47.88787" lon="11.10294"><ele>555</ele></trkpt>
<trkpt lat="47.88825" lon="11.10294"><ele>554</ele></trkpt>
<trkpt lat="47.88945" lon="11.10300"><ele>555</ele></trkpt>
<trkpt lat="47.89168" lon="11.10295"><ele>556</ele></trkpt>
<trkpt lat="47.89230" lon="11.10304"><ele>555</ele></trkpt>
<trkpt lat="47.89419" lon="11.10356"><ele>554</ele></trkpt>
<trkpt lat="47.89457" lon="11.10361"><ele>554</ele></trkpt>
<trkpt lat="47.89499" lon="11.10361"><ele>554</ele></trkpt>
<trkpt lat="47.89679" lon="11.10323"><ele>554</ele></trkpt>
<trkpt lat="47.89695" lon="11.10511"><ele>554</ele></trkpt>
<trkpt lat="47.89696" lon="11.10789"><ele>554</ele></trkpt>
<trkpt lat="47.89878" lon="11.10749"><ele>554</ele></trkpt>
<trkpt lat="47.90131" lon="11.10731"><ele>553</ele></trkpt>
<trkpt lat="47.90176" lon="11.10733"><ele>553</ele></trkpt>
<trkpt lat="47.90299" lon="11.10782"><ele>553</ele></trkpt>
<trkpt lat="47.90402" lon="11.10808"><ele>553</ele></trkpt>
<trkpt lat="47.90598" lon="11.10824"><ele>550</ele></trkpt>
<trkpt lat="47.90828" lon="11.10849"><ele>552</ele></trkpt>
<trkpt lat="47.90789" lon="11.11656"><ele>551</ele></trkpt>
<trkpt lat="47.90779" lon="11.11655"><ele>551</ele></trkpt>
<trkpt lat="47.90779" lon="11.11676"><ele>551</ele></trkpt>
<trkpt lat="47.90781" lon="11.11695"><ele>551</ele></trkpt>
<trkpt lat="47.90787" lon="11.11717"><ele>550</ele></trkpt>
<trkpt lat="47.90814" lon="11.11749"><ele>553</ele></trkpt>
<trkpt lat="47.90823" lon="11.11753"><ele>553</ele></trkpt>
<trkpt lat="47.90850" lon="11.11802"><ele>550</ele></trkpt>
<trkpt lat="47.90855" lon="11.11807"><ele>551</ele></trkpt>
<trkpt lat="47.90868" lon="11.11808"><ele>552</ele></trkpt>
<trkpt lat="47.91059" lon="11.11749"><ele>549</ele></trkpt>
<trkpt lat="47.91086" lon="11.11735"><ele>548</ele></trkpt>
<trkpt lat="47.91110" lon="11.11689"><ele>549</ele></trkpt>
<trkpt lat="47.91132" lon="11.11662"><ele>549</ele></trkpt>
<trkpt lat="47.91175" lon="11.11640"><ele>549</ele></trkpt>
<trkpt lat="47.91221" lon="11.11621"><ele>547</ele></trkpt>
<trkpt lat="47.91237" lon="11.11619"><ele>548</ele></trkpt>
<trkpt lat="47.91335" lon="11.11560"><ele>549</ele></trkpt>
<trkpt lat="47.91419" lon="11.11524"><ele>548</ele></trkpt>
<trkpt lat="47.91442" lon="11.11548"><ele>545</ele></trkpt>
<trkpt lat="47.91454" lon="11.11552"><ele>544</ele></trkpt>
<trkpt lat="47.91481" lon="11.11616"><ele>540</ele></trkpt>
<trkpt lat="47.91492" lon="11.11617"><ele>540</ele></trkpt>
<trkpt lat="47.91504" lon="11.11623"><ele>539</ele></trkpt>
<trkpt lat="47.91604" lon="11.11651"><ele>538</ele></trkpt>
<trkpt lat="47.92044" lon="11.11711"><ele>536</ele></trkpt>
<trkpt lat="47.92028" lon="11.11575"><ele>537</ele></trkpt>
<trkpt lat="47.92187" lon="11.11534"><ele>537</ele></trkpt>
<trkpt lat="47.92227" lon="11.11517"><ele>536</ele></trkpt>
<trkpt lat="47.92377" lon="11.11415"><ele>536</ele></trkpt>
<trkpt lat="47.92355" lon="11.11304"><ele>536</ele></trkpt>
<trkpt lat="47.92349" lon="11.11295"><ele>536</ele></trkpt>
<trkpt lat="47.92341" lon="11.11293"><ele>537</ele></trkpt>
<trkpt lat="47.92285" lon="11.11280"><ele>537</ele></trkpt>
<trkpt lat="47.92249" lon="11.11165"><ele>539</ele></trkpt>
<trkpt lat="47.92250" lon="11.11094"><ele>539</ele></trkpt>
<trkpt lat="47.92239" lon="11.11030"><ele>540</ele></trkpt>
<trkpt lat="47.92266" lon="11.11021"><ele>539</ele></trkpt>
<trkpt lat="47.92304" lon="11.11017"><ele>539</ele></trkpt>
<trkpt lat="47.92363" lon="11.11025"><ele>539</ele></trkpt>
<trkpt lat="47.92508" lon="11.11059"><ele>538</ele></trkpt>
<trkpt lat="47.92577" lon="11.11066"><ele>538</ele></trkpt>
<trkpt lat="47.92753" lon="11.11066"><ele>536</ele></trkpt>
<trkpt lat="47.92887" lon="11.11050"><ele>536</ele></trkpt>
<trkpt lat="47.93010" lon="11.11024"><ele>535</ele></trkpt>
<trkpt lat="47.93152" lon="11.10983"><ele>534</ele></trkpt>
<trkpt lat="47.93140" lon="11.10977"><ele>535</ele></trkpt>
<trkpt lat="47.93080" lon="11.10986"><ele>535</ele></trkpt>
<trkpt lat="47.93071" lon="11.10984"><ele>536</ele></trkpt>
<trkpt lat="47.93060" lon="11.10970"><ele>538</ele></trkpt>
<trkpt lat="47.93056" lon="11.10956"><ele>538</ele></trkpt>
<trkpt lat="47.93047" lon="11.10867"><ele>537</ele></trkpt>
<trkpt lat="47.93038" lon="11.10767"><ele>536</ele></trkpt>
<trkpt lat="47.93038" lon="11.10720"><ele>536</ele></trkpt>
<trkpt lat="47.93024" lon="11.10599"><ele>538</ele></trkpt>
<trkpt lat="47.93002" lon="11.10500"><ele>543</ele></trkpt>
<trkpt lat="47.93046" lon="11.10477"><ele>545</ele></trkpt>
<trkpt lat="47.93095" lon="11.10439"><ele>547</ele></trkpt>
<trkpt lat="47.93128" lon="11.10424"><ele>548</ele></trkpt>
<trkpt lat="47.93192" lon="11.10413"><ele>548</ele></trkpt>
<trkpt lat="47.93236" lon="11.10427"><ele>546</ele></trkpt>
<trkpt lat="47.93232" lon="11.10414"><ele>547</ele></trkpt>
<trkpt lat="47.93215" lon="11.10390"><ele>550</ele></trkpt>
<trkpt lat="47.93179" lon="11.10354"><ele>554</ele></trkpt>
<trkpt lat="47.93139" lon="11.10291"><ele>560</ele></trkpt>
<trkpt lat="47.93092" lon="11.10194"><ele>563</ele></trkpt>
<trkpt lat="47.93052" lon="11.10148"><ele>567</ele></trkpt>
<trkpt lat="47.93000" lon="11.10079"><ele>570</ele></trkpt>
<trkpt lat="47.92904" lon="11.09938"><ele>573</ele></trkpt>
<trkpt lat="47.92896" lon="11.09913"><ele>574</ele></trkpt>
<trkpt lat="47.92882" lon="11.09816"><ele>575</ele></trkpt>
<trkpt lat="47.92880" lon="11.09542"><ele>581</ele></trkpt>
<trkpt lat="47.92873" lon="11.09518"><ele>581</ele></trkpt>
<trkpt lat="47.92873" lon="11.09507"><ele>581</ele></trkpt>
<trkpt lat="47.92874" lon="11.09496"><ele>582</ele></trkpt>
<trkpt lat="47.92893" lon="11.09479"><ele>582</ele></trkpt>
<trkpt lat="47.92972" lon="11.09389"><ele>584</ele></trkpt>
<trkpt lat="47.93012" lon="11.09371"><ele>585</ele></trkpt>
<trkpt lat="47.93078" lon="11.09288"><ele>587</ele></trkpt>
<trkpt lat="47.93183" lon="11.09145"><ele>593</ele></trkpt>
<trkpt lat="47.93197" lon="11.09131"><ele>594</ele></trkpt>
<trkpt lat="47.93242" lon="11.09112"><ele>597</ele></trkpt>
<trkpt lat="47.93280" lon="11.09104"><ele>600</ele></trkpt>
<trkpt lat="47.93361" lon="11.09134"><ele>600</ele></trkpt>
<trkpt lat="47.93480" lon="11.09147"><ele>600</ele></trkpt>
<trkpt lat="47.93509" lon="11.09140"><ele>601</ele></trkpt>
<trkpt lat="47.93537" lon="11.09105"><ele>602</ele></trkpt>
<trkpt lat="47.93555" lon="11.09095"><ele>603</ele></trkpt>
<trkpt lat="47.93594" lon="11.09090"><ele>602</ele></trkpt>
<trkpt lat="47.93637" lon="11.09116"><ele>599</ele></trkpt>
<trkpt lat="47.93688" lon="11.09163"><ele>595</ele></trkpt>
<trkpt lat="47.93728" lon="11.09192"><ele>593</ele></trkpt>
<trkpt lat="47.93753" lon="11.09220"><ele>591</ele></trkpt>
<trkpt lat="47.93777" lon="11.09256"><ele>589</ele></trkpt>
<trkpt lat="47.93785" lon="11.09250"><ele>589</ele></trkpt>
<trkpt lat="47.93895" lon="11.09199"><ele>588</ele></trkpt>
<trkpt lat="47.93962" lon="11.09175"><ele>589</ele></trkpt>
<trkpt lat="47.94086" lon="11.09117"><ele>591</ele></trkpt>
<trkpt lat="47.94122" lon="11.09079"><ele>593</ele></trkpt>
<trkpt lat="47.94158" lon="11.09024"><ele>596</ele></trkpt>
<trkpt lat="47.94170" lon="11.09010"><ele>596</ele></trkpt>
<trkpt lat="47.94234" lon="11.08985"><ele>599</ele></trkpt>
<trkpt lat="47.94297" lon="11.08985"><ele>598</ele></trkpt>
<trkpt lat="47.94303" lon="11.09018"><ele>597</ele></trkpt>
<trkpt lat="47.94311" lon="11.09032"><ele>597</ele></trkpt>
<trkpt lat="47.94349" lon="11.09039"><ele>594</ele></trkpt>
<trkpt lat="47.94369" lon="11.09021"><ele>592</ele></trkpt>
<trkpt lat="47.94417" lon="11.08961"><ele>589</ele></trkpt>
<trkpt lat="47.94432" lon="11.08954"><ele>590</ele></trkpt>
<trkpt lat="47.94442" lon="11.08955"><ele>590</ele></trkpt>
<trkpt lat="47.94452" lon="11.08964"><ele>591</ele></trkpt>
<trkpt lat="47.94461" lon="11.08981"><ele>592</ele></trkpt>
<trkpt lat="47.94476" lon="11.08994"><ele>592</ele></trkpt>
<trkpt lat="47.94476" lon="11.09012"><ele>593</ele></trkpt>
<trkpt lat="47.94486" lon="11.09058"><ele>596</ele></trkpt>
<trkpt lat="47.94495" lon="11.09070"><ele>596</ele></trkpt>
<trkpt lat="47.94506" lon="11.09117"><ele>596</ele></trkpt>
<trkpt lat="47.94524" lon="11.09149"><ele>596</ele></trkpt>
<trkpt lat="47.94562" lon="11.09230"><ele>593</ele></trkpt>
<trkpt lat="47.94569" lon="11.09267"><ele>591</ele></trkpt>
<trkpt lat="47.94576" lon="11.09394"><ele>586</ele></trkpt>
<trkpt lat="47.94590" lon="11.09486"><ele>582</ele></trkpt>
<trkpt lat="47.94605" lon="11.09536"><ele>580</ele></trkpt>
<trkpt lat="47.94623" lon="11.09573"><ele>578</ele></trkpt>
<trkpt lat="47.94698" lon="11.09561"><ele>578</ele></trkpt>
<trkpt lat="47.94826" lon="11.09558"><ele>579</ele></trkpt>
<trkpt lat="47.94841" lon="11.09606"><ele>578</ele></trkpt>
<trkpt lat="47.94864" lon="11.09640"><ele>577</ele></trkpt>
<trkpt lat="47.94921" lon="11.09656"><ele>575</ele></trkpt>
<trkpt lat="47.94970" lon="11.09683"><ele>574</ele></trkpt>
<trkpt lat="47.95026" lon="11.09718"><ele>572</ele></trkpt>
<trkpt lat="47.95091" lon="11.09778"><ele>569</ele></trkpt>
<trkpt lat="47.95100" lon="11.09790"><ele>568</ele></trkpt>
<trkpt lat="47.95122" lon="11.09869"><ele>565</ele></trkpt>
<trkpt lat="47.95148" lon="11.09912"><ele>563</ele></trkpt>
<trkpt lat="47.95154" lon="11.09949"><ele>561</ele></trkpt>
<trkpt lat="47.95172" lon="11.09946"><ele>561</ele></trkpt>
<trkpt lat="47.95224" lon="11.09959"><ele>560</ele></trkpt>
<trkpt lat="47.95242" lon="11.09958"><ele>560</ele></trkpt>
<trkpt lat="47.95284" lon="11.09939"><ele>559</ele></trkpt>
<trkpt lat="47.95414" lon="11.09932"><ele>559</ele></trkpt>
<trkpt lat="47.95484" lon="11.09932"><ele>558</ele></trkpt>
<trkpt lat="47.95500" lon="11.09937"><ele>557</ele></trkpt>
<trkpt lat="47.95514" lon="11.09773"><ele>567</ele></trkpt>
<trkpt lat="47.95521" lon="11.09771"><ele>567</ele></trkpt>
<trkpt lat="47.95547" lon="11.09777"><ele>568</ele></trkpt>
<trkpt lat="47.95580" lon="11.09793"><ele>566</ele></trkpt>
<trkpt lat="47.95629" lon="11.09789"><ele>566</ele></trkpt>
<trkpt lat="47.95633" lon="11.09781"><ele>566</ele></trkpt>
<trkpt lat="47.95645" lon="11.09717"><ele>567</ele></trkpt>
<trkpt lat="47.95654" lon="11.09719"><ele>567</ele></trkpt>
<trkpt lat="47.95684" lon="11.09744"><ele>565</ele></trkpt>
<trkpt lat="47.95955" lon="11.09748"><ele>562</ele></trkpt>
<trkpt lat="47.96015" lon="11.09755"><ele>559</ele></trkpt>
<trkpt lat="47.96049" lon="11.09738"><ele>556</ele></trkpt>
<trkpt lat="47.96148" lon="11.09718"><ele>556</ele></trkpt>
<trkpt lat="47.96184" lon="11.09712"><ele>557</ele></trkpt>
<trkpt lat="47.96253" lon="11.09712"><ele>558</ele></trkpt>
<trkpt lat="47.96251" lon="11.09792"><ele>557</ele></trkpt>
<trkpt lat="47.96254" lon="11.09879"><ele>553</ele></trkpt>
<trkpt lat="47.96382" lon="11.09883"><ele>553</ele></trkpt>
<trkpt lat="47.96387" lon="11.09887"><ele>553</ele></trkpt>
<trkpt lat="47.96392" lon="11.09902"><ele>552</ele></trkpt>
<trkpt lat="47.96393" lon="11.09934"><ele>552</ele></trkpt>
<trkpt lat="47.96405" lon="11.09929"><ele>552</ele></trkpt>
<trkpt lat="47.96444" lon="11.09893"><ele>553</ele></trkpt>
<trkpt lat="47.96634" lon="11.09744"><ele>550</ele></trkpt>
<trkpt lat="47.96683" lon="11.09692"><ele>552</ele></trkpt>
<trkpt lat="47.96689" lon="11.09667"><ele>553</ele></trkpt>
<trkpt lat="47.96694" lon="11.09608"><ele>554</ele></trkpt>
<trkpt lat="47.96687" lon="11.09538"><ele>556</ele></trkpt>
<trkpt lat="47.96754" lon="11.09546"><ele>555</ele></trkpt>
<trkpt lat="47.96815" lon="11.09538"><ele>554</ele></trkpt>
<trkpt lat="47.96937" lon="11.09555"><ele>554</ele></trkpt>
<trkpt lat="47.96950" lon="11.09553"><ele>554</ele></trkpt>
<trkpt lat="47.96987" lon="11.09528"><ele>552</ele></trkpt>
<trkpt lat="47.96959" lon="11.09372"><ele>558</ele></trkpt>
<trkpt lat="47.96931" lon="11.09256"><ele>560</ele></trkpt>
<trkpt lat="47.96939" lon="11.09088"><ele>563</ele></trkpt>
<trkpt lat="47.96975" lon="11.08905"><ele>567</ele></trkpt>
<trkpt lat="47.97044" lon="11.08674"><ele>576</ele></trkpt>
<trkpt lat="47.97101" lon="11.08656"><ele>576</ele></trkpt>
<trkpt lat="47.97150" lon="11.08568"><ele>576</ele></trkpt>
<trkpt lat="47.97209" lon="11.08558"><ele>581</ele></trkpt>
<trkpt lat="47.97304" lon="11.08496"><ele>581</ele></trkpt>
<trkpt lat="47.97337" lon="11.08458"><ele>582</ele></trkpt>
<trkpt lat="47.97388" lon="11.08368"><ele>589</ele></trkpt>
<trkpt lat="47.97413" lon="11.08032"><ele>607</ele></trkpt>
<trkpt lat="47.97414" lon="11.07959"><ele>609</ele></trkpt>
<trkpt lat="47.97407" lon="11.07736"><ele>617</ele></trkpt>
<trkpt lat="47.97402" lon="11.07678"><ele>620</ele></trkpt>
<trkpt lat="47.97366" lon="11.07565"><ele>621</ele></trkpt>
<trkpt lat="47.97342" lon="11.07511"><ele>623</ele></trkpt>
<trkpt lat="47.97732" lon="11.07331"><ele>622</ele></trkpt>
<trkpt lat="47.97765" lon="11.07334"><ele>622</ele></trkpt>
<trkpt lat="47.97827" lon="11.07326"><ele>622</ele></trkpt>
<trkpt lat="47.97946" lon="11.07096"><ele>626</ele></trkpt>
<trkpt lat="47.97959" lon="11.07051"><ele>624</ele></trkpt>
<trkpt lat="47.97980" lon="11.07028"><ele>619</ele></trkpt>
<trkpt lat="47.98000" lon="11.07021"><ele>618</ele></trkpt>
<trkpt lat="47.98031" lon="11.07032"><ele>618</ele></trkpt>
<trkpt lat="47.98116" lon="11.07033"><ele>620</ele></trkpt>
<trkpt lat="47.98448" lon="11.07071"><ele>621</ele></trkpt>
<trkpt lat="47.98485" lon="11.07134"><ele>620</ele></trkpt>
<trkpt lat="47.98514" lon="11.07178"><ele>618</ele></trkpt>
<trkpt lat="47.98531" lon="11.07212"><ele>617</ele></trkpt>
<trkpt lat="47.98551" lon="11.07268"><ele>614</ele></trkpt>
<trkpt lat="47.98574" lon="11.07355"><ele>614</ele></trkpt>
<trkpt lat="47.98580" lon="11.07392"><ele>614</ele></trkpt>
<trkpt lat="47.98578" lon="11.07442"><ele>612</ele></trkpt>
<trkpt lat="47.98585" lon="11.07466"><ele>610</ele></trkpt>
<trkpt lat="47.98620" lon="11.07487"><ele>608</ele></trkpt>
<trkpt lat="47.98631" lon="11.07502"><ele>608</ele></trkpt>
<trkpt lat="47.98635" lon="11.07518"><ele>608</ele></trkpt>
<trkpt lat="47.98636" lon="11.07715"><ele>601</ele></trkpt>
<trkpt lat="47.98647" lon="11.07774"><ele>598</ele></trkpt>
<trkpt lat="47.98664" lon="11.07808"><ele>597</ele></trkpt>
<trkpt lat="47.98707" lon="11.07863"><ele>594</ele></trkpt>
<trkpt lat="47.98776" lon="11.07924"><ele>590</ele></trkpt>
<trkpt lat="47.98788" lon="11.07943"><ele>589</ele></trkpt>
<trkpt lat="47.98777" lon="11.08002"><ele>589</ele></trkpt>
<trkpt lat="47.98792" lon="11.08035"><ele>588</ele></trkpt>
<trkpt lat="47.98819" lon="11.08072"><ele>586</ele></trkpt>
<trkpt lat="47.98841" lon="11.08111"><ele>584</ele></trkpt>
<trkpt lat="47.98897" lon="11.08220"><ele>576</ele></trkpt>
<trkpt lat="47.98945" lon="11.08289"><ele>571</ele></trkpt>
<trkpt lat="47.98962" lon="11.08334"><ele>571</ele></trkpt>
<trkpt lat="47.98999" lon="11.08384"><ele>571</ele></trkpt>
<trkpt lat="47.99019" lon="11.08573"><ele>560</ele></trkpt>
<trkpt lat="47.99074" lon="11.08680"><ele>556</ele></trkpt>
<trkpt lat="47.99076" lon="11.08718"><ele>555</ele></trkpt>
<trkpt lat="47.99147" lon="11.08646"><ele>556</ele></trkpt>
<trkpt lat="47.99169" lon="11.08636"><ele>556</ele></trkpt>
<trkpt lat="47.99197" lon="11.08637"><ele>555</ele></trkpt>
<trkpt lat="47.99226" lon="11.08656"><ele>553</ele></trkpt>
<trkpt lat="47.99225" lon="11.08669"><ele>553</ele></trkpt>
<trkpt lat="47.99229" lon="11.08719"><ele>551</ele></trkpt>
<trkpt lat="47.99240" lon="11.08747"><ele>550</ele></trkpt>
<trkpt lat="47.99261" lon="11.08847"><ele>548</ele></trkpt>
<trkpt lat="47.99348" lon="11.08811"><ele>548</ele></trkpt>
<trkpt lat="47.99409" lon="11.08774"><ele>549</ele></trkpt>
<trkpt lat="47.99439" lon="11.08747"><ele>550</ele></trkpt>
<trkpt lat="47.99482" lon="11.08693"><ele>551</ele></trkpt>
<trkpt lat="47.99527" lon="11.08626"><ele>554</ele></trkpt>
<trkpt lat="47.99565" lon="11.08747"><ele>551</ele></trkpt>
<trkpt lat="47.99589" lon="11.08794"><ele>550</ele></trkpt>
<trkpt lat="47.99608" lon="11.08783"><ele>550</ele></trkpt>
<trkpt lat="47.99629" lon="11.08780"><ele>550</ele></trkpt>
<trkpt lat="47.99657" lon="11.08784"><ele>552</ele></trkpt>
<trkpt lat="47.99776" lon="11.08743"><ele>552</ele></trkpt>
<trkpt lat="47.99812" lon="11.08724"><ele>553</ele></trkpt>
<trkpt lat="47.99863" lon="11.08649"><ele>555</ele></trkpt>
<trkpt lat="47.99890" lon="11.08664"><ele>557</ele></trkpt>
<trkpt lat="47.99966" lon="11.08691"><ele>559</ele></trkpt>
<trkpt lat="48.00131" lon="11.08718"><ele>559</ele></trkpt>
<trkpt lat="48.00163" lon="11.08735"><ele>558</ele></trkpt>
<trkpt lat="48.00191" lon="11.08768"><ele>557</ele></trkpt>
<trkpt lat="48.00276" lon="11.08957"><ele>552</ele></trkpt>
<trkpt lat="48.00315" lon="11.09009"><ele>550</ele></trkpt>
<trkpt lat="48.00324" lon="11.09034"><ele>548</ele></trkpt>
<trkpt lat="48.00330" lon="11.09106"><ele>544</ele></trkpt>
<trkpt lat="48.00338" lon="11.09120"><ele>544</ele></trkpt>
<trkpt lat="48.00377" lon="11.09131"><ele>543</ele></trkpt>
<trkpt lat="48.00413" lon="11.09150"><ele>543</ele></trkpt>
<trkpt lat="48.00493" lon="11.09236"><ele>544</ele></trkpt>
<trkpt lat="48.00511" lon="11.09251"><ele>544</ele></trkpt>
<trkpt lat="48.00533" lon="11.09250"><ele>544</ele></trkpt>
<trkpt lat="48.00579" lon="11.09231"><ele>544</ele></trkpt>
<trkpt lat="48.00600" lon="11.09216"><ele>544</ele></trkpt>
<trkpt lat="48.00605" lon="11.09206"><ele>544</ele></trkpt>
<trkpt lat="48.00624" lon="11.09124"><ele>545</ele></trkpt>
<trkpt lat="48.00641" lon="11.09100"><ele>545</ele></trkpt>
<trkpt lat="48.00760" lon="11.09072"><ele>547</ele></trkpt>
<trkpt lat="48.00761" lon="11.09107"><ele>546</ele></trkpt>
<trkpt lat="48.00757" lon="11.09147"><ele>545</ele></trkpt>
<trkpt lat="48.00798" lon="11.09146"><ele>545</ele></trkpt>
<trkpt lat="48.00830" lon="11.09141"><ele>546</ele></trkpt>
<trkpt lat="48.00921" lon="11.09105"><ele>549</ele></trkpt>
<trkpt lat="48.00960" lon="11.09142"><ele>548</ele></trkpt>
<trkpt lat="48.00983" lon="11.09158"><ele>547</ele></trkpt>
<trkpt lat="48.01019" lon="11.09169"><ele>546</ele></trkpt>
<trkpt lat="48.01031" lon="11.09180"><ele>546</ele></trkpt>
<trkpt lat="48.01043" lon="11.09199"><ele>546</ele></trkpt>
<trkpt lat="48.01075" lon="11.09263"><ele>545</ele></trkpt>
<trkpt lat="48.01089" lon="11.09281"><ele>545</ele></trkpt>
<trkpt lat="48.01145" lon="11.09311"><ele>544</ele></trkpt>
<trkpt lat="48.01170" lon="11.09330"><ele>544</ele></trkpt>
<trkpt lat="48.01229" lon="11.09388"><ele>544</ele></trkpt>
<trkpt lat="48.01246" lon="11.09400"><ele>543</ele></trkpt>
<trkpt lat="48.01341" lon="11.09437"><ele>542</ele></trkpt>
<trkpt lat="48.01392" lon="11.09441"><ele>541</ele></trkpt>
<trkpt lat="48.01408" lon="11.09435"><ele>540</ele></trkpt>
<trkpt lat="48.01457" lon="11.09402"><ele>540</ele></trkpt>
<trkpt lat="48.01491" lon="11.09405"><ele>540</ele></trkpt>
<trkpt lat="48.01537" lon="11.09425"><ele>540</ele></trkpt>
<trkpt lat="48.01716" lon="11.09542"><ele>536</ele></trkpt>
<trkpt lat="48.01821" lon="11.09545"><ele>535</ele></trkpt>
<trkpt lat="48.01845" lon="11.09550"><ele>535</ele></trkpt>
<trkpt lat="48.01931" lon="11.09547"><ele>536</ele></trkpt>
<trkpt lat="48.01950" lon="11.09543"><ele>536</ele></trkpt>
<trkpt lat="48.01991" lon="11.09520"><ele>537</ele></trkpt>
<trkpt lat="48.02094" lon="11.09476"><ele>540</ele></trkpt>
<trkpt lat="48.02116" lon="11.09460"><ele>540</ele></trkpt>
<trkpt lat="48.02132" lon="11.09456"><ele>541</ele></trkpt>
<trkpt lat="48.02181" lon="11.09458"><ele>542</ele></trkpt>
<trkpt lat="48.02253" lon="11.09421"><ele>543</ele></trkpt>
<trkpt lat="48.02271" lon="11.09422"><ele>544</ele></trkpt>
<trkpt lat="48.02266" lon="11.09476"><ele>541</ele></trkpt>
<trkpt lat="48.02321" lon="11.09585"><ele>537</ele></trkpt>
<trkpt lat="48.02324" lon="11.09608"><ele>535</ele></trkpt>
<trkpt lat="48.02320" lon="11.09649"><ele>535</ele></trkpt>
<trkpt lat="48.02358" lon="11.09671"><ele>535</ele></trkpt>
<trkpt lat="48.02353" lon="11.09680"><ele>535</ele></trkpt>
<trkpt lat="48.02375" lon="11.09690"><ele>535</ele></trkpt>
<trkpt lat="48.02398" lon="11.09686"><ele>535</ele></trkpt>
<trkpt lat="48.02452" lon="11.09689"><ele>536</ele></trkpt>
<trkpt lat="48.02511" lon="11.09721"><ele>535</ele></trkpt>
<trkpt lat="48.02574" lon="11.09732"><ele>536</ele></trkpt>
<trkpt lat="48.02828" lon="11.09799"><ele>534</ele></trkpt>
<trkpt lat="48.02856" lon="11.09793"><ele>534</ele></trkpt>
<trkpt lat="48.02891" lon="11.09769"><ele>535</ele></trkpt>
<trkpt lat="48.02909" lon="11.09763"><ele>534</ele></trkpt>
<trkpt lat="48.03049" lon="11.09675"><ele>534</ele></trkpt>
<trkpt lat="48.03110" lon="11.09650"><ele>534</ele></trkpt>
<trkpt lat="48.03211" lon="11.09624"><ele>534</ele></trkpt>
<trkpt lat="48.03287" lon="11.09645"><ele>534</ele></trkpt>
<trkpt lat="48.03353" lon="11.09682"><ele>534</ele></trkpt>
<trkpt lat="48.03419" lon="11.09734"><ele>534</ele></trkpt>
<trkpt lat="48.03437" lon="11.09743"><ele>535</ele></trkpt>
<trkpt lat="48.03548" lon="11.09743"><ele>534</ele></trkpt>
<trkpt lat="48.03607" lon="11.09718"><ele>534</ele></trkpt>
<trkpt lat="48.03687" lon="11.09697"><ele>535</ele></trkpt>
<trkpt lat="48.03812" lon="11.09691"><ele>535</ele></trkpt>
<trkpt lat="48.03868" lon="11.09695"><ele>536</ele></trkpt>
<trkpt lat="48.03894" lon="11.09702"><ele>535</ele></trkpt>
<trkpt lat="48.03915" lon="11.09699"><ele>535</ele></trkpt>
<trkpt lat="48.03934" lon="11.09691"><ele>535</ele></trkpt>
<trkpt lat="48.03962" lon="11.09690"><ele>536</ele></trkpt>
<trkpt lat="48.04062" lon="11.09703"><ele>536</ele></trkpt>
<trkpt lat="48.04161" lon="11.09727"><ele>536</ele></trkpt>
<trkpt lat="48.04205" lon="11.09733"><ele>538</ele></trkpt>
<trkpt lat="48.04279" lon="11.09770"><ele>538</ele></trkpt>
<trkpt lat="48.04320" lon="11.09764"><ele>537</ele></trkpt>
<trkpt lat="48.04350" lon="11.09778"><ele>536</ele></trkpt>
<trkpt lat="48.04463" lon="11.09791"><ele>537</ele></trkpt>
<trkpt lat="48.04501" lon="11.09787"><ele>538</ele></trkpt>
<trkpt lat="48.04552" lon="11.09771"><ele>541</ele></trkpt>
<trkpt lat="48.04597" lon="11.09790"><ele>540</ele></trkpt>
<trkpt lat="48.04615" lon="11.09793"><ele>540</ele></trkpt>
<trkpt lat="48.04740" lon="11.09794"><ele>540</ele></trkpt>
<trkpt lat="48.04749" lon="11.09788"><ele>540</ele></trkpt>
<trkpt lat="48.04763" lon="11.09761"><ele>542</ele></trkpt>
<trkpt lat="48.04964" lon="11.09777"><ele>546</ele></trkpt>
<trkpt lat="48.04978" lon="11.09765"><ele>548</ele></trkpt>
<trkpt lat="48.04989" lon="11.09743"><ele>551</ele></trkpt>
<trkpt lat="48.05000" lon="11.09650"><ele>558</ele></trkpt>
<trkpt lat="48.05007" lon="11.09551"><ele>563</ele></trkpt>
<trkpt lat="48.05087" lon="11.09572"><ele>565</ele></trkpt>
<trkpt lat="48.05091" lon="11.09441"><ele>567</ele></trkpt>
<trkpt lat="48.05106" lon="11.09445"><ele>567</ele></trkpt>
<trkpt lat="48.05136" lon="11.09443"><ele>566</ele></trkpt>
<trkpt lat="48.05204" lon="11.09407"><ele>561</ele></trkpt>
<trkpt lat="48.05258" lon="11.09398"><ele>555</ele></trkpt>
<trkpt lat="48.05277" lon="11.09377"><ele>552</ele></trkpt>
<trkpt lat="48.05286" lon="11.09362"><ele>551</ele></trkpt>
<trkpt lat="48.05313" lon="11.09366"><ele>549</ele></trkpt>
<trkpt lat="48.05314" lon="11.09376"><ele>549</ele></trkpt>
<trkpt lat="48.05354" lon="11.09378"><ele>549</ele></trkpt>
<trkpt lat="48.05374" lon="11.09369"><ele>549</ele></trkpt>
<trkpt lat="48.05415" lon="11.09366"><ele>550</ele></trkpt>
<trkpt lat="48.05425" lon="11.09357"><ele>550</ele></trkpt>
<trkpt lat="48.05415" lon="11.09330"><ele>550</ele></trkpt>
<trkpt lat="48.05412" lon="11.09272"><ele>551</ele></trkpt>
<trkpt lat="48.05409" lon="11.09258"><ele>552</ele></trkpt>
<trkpt lat="48.05376" lon="11.09212"><ele>551</ele></trkpt>
<trkpt lat="48.05347" lon="11.09151"><ele>553</ele></trkpt>
<trkpt lat="48.05353" lon="11.09121"><ele>554</ele></trkpt>
<trkpt lat="48.05354" lon="11.09103"><ele>554</ele></trkpt>
<trkpt lat="48.05349" lon="11.09087"><ele>555</ele></trkpt>
<trkpt lat="48.05357" lon="11.09076"><ele>555</ele></trkpt>
<trkpt lat="48.05396" lon="11.08994"><ele>556</ele></trkpt>
<trkpt lat="48.05426" lon="11.08946"><ele>556</ele></trkpt>
<trkpt lat="48.05436" lon="11.08936"><ele>556</ele></trkpt>
<trkpt lat="48.05514" lon="11.08886"><ele>556</ele></trkpt>
<trkpt lat="48.05499" lon="11.08842"><ele>558</ele></trkpt>
<trkpt lat="48.05512" lon="11.08827"><ele>558</ele></trkpt>
<trkpt lat="48.05582" lon="11.08827"><ele>557</ele></trkpt>
<trkpt lat="48.05677" lon="11.08809"><ele>556</ele></trkpt>
<trkpt lat="48.05721" lon="11.08806"><ele>556</ele></trkpt>
<trkpt lat="48.05772" lon="11.08804"><ele>555</ele></trkpt>
<trkpt lat="48.05820" lon="11.08808"><ele>555</ele></trkpt>
<trkpt lat="48.05893" lon="11.08826"><ele>556</ele></trkpt>
<trkpt lat="48.06090" lon="11.08892"><ele>555</ele></trkpt>
<trkpt lat="48.06137" lon="11.08901"><ele>556</ele></trkpt>
<trkpt lat="48.06158" lon="11.08900"><ele>558</ele></trkpt>
<trkpt lat="48.06294" lon="11.08886"><ele>560</ele></trkpt>
<trkpt lat="48.06374" lon="11.08857"><ele>559</ele></trkpt>
<trkpt lat="48.06411" lon="11.08839"><ele>560</ele></trkpt>
<trkpt lat="48.06482" lon="11.08792"><ele>561</ele></trkpt>
<trkpt lat="48.06494" lon="11.08826"><ele>560</ele></trkpt>
<trkpt lat="48.06498" lon="11.08942"><ele>559</ele></trkpt>
<trkpt lat="48.06544" lon="11.08939"><ele>557</ele></trkpt>
<trkpt lat="48.06603" lon="11.08932"><ele>555</ele></trkpt>
<trkpt lat="48.06626" lon="11.08880"><ele>552</ele></trkpt>
<trkpt lat="48.06674" lon="11.08808"><ele>549</ele></trkpt>
<trkpt lat="48.06699" lon="11.08762"><ele>549</ele></trkpt>
<trkpt lat="48.06787" lon="11.08728"><ele>549</ele></trkpt>
<trkpt lat="48.06827" lon="11.08701"><ele>549</ele></trkpt>
<trkpt lat="48.06836" lon="11.08708"><ele>549</ele></trkpt>
<trkpt lat="48.06837" lon="11.08751"><ele>549</ele></trkpt>
<trkpt lat="48.06857" lon="11.08876"><ele>549</ele></trkpt>
<trkpt lat="48.06900" lon="11.08872"><ele>550</ele></trkpt>
<trkpt lat="48.06962" lon="11.08880"><ele>556</ele></trkpt>
<trkpt lat="48.06987" lon="11.08940"><ele>564</ele></trkpt>
<trkpt lat="48.07012" lon="11.08973"><ele>568</ele></trkpt>
<trkpt lat="48.07026" lon="11.08971"><ele>570</ele></trkpt>
<trkpt lat="48.07033" lon="11.08952"><ele>574</ele></trkpt>
<trkpt lat="48.07038" lon="11.08914"><ele>576</ele></trkpt>
<trkpt lat="48.07030" lon="11.08895"><ele>578</ele></trkpt>
<trkpt lat="48.07028" lon="11.08869"><ele>578</ele></trkpt>
<trkpt lat="48.07032" lon="11.08843"><ele>578</ele></trkpt>
<trkpt lat="48.07060" lon="11.08755"><ele>581</ele></trkpt>
<trkpt lat="48.07072" lon="11.08738"><ele>581</ele></trkpt>
<trkpt lat="48.07100" lon="11.08726"><ele>580</ele></trkpt>
<trkpt lat="48.07097" lon="11.08808"><ele>577</ele></trkpt>
<trkpt lat="48.07100" lon="11.08830"><ele>576</ele></trkpt>
<trkpt lat="48.07142" lon="11.08924"><ele>571</ele></trkpt>
<trkpt lat="48.07169" lon="11.08969"><ele>569</ele></trkpt>
<trkpt lat="48.07270" lon="11.09097"><ele>564</ele></trkpt>
<trkpt lat="48.07288" lon="11.09068"><ele>565</ele></trkpt>
<trkpt lat="48.07308" lon="11.09046"><ele>566</ele></trkpt>
<trkpt lat="48.07317" lon="11.09042"><ele>567</ele></trkpt>
<trkpt lat="48.07330" lon="11.09042"><ele>568</ele></trkpt>
<trkpt lat="48.07362" lon="11.09056"><ele>569</ele></trkpt>
<trkpt lat="48.07426" lon="11.09036"><ele>571</ele></trkpt>
<trkpt lat="48.07435" lon="11.09063"><ele>570</ele></trkpt>
<trkpt lat="48.07439" lon="11.09102"><ele>568</ele></trkpt>
<trkpt lat="48.07452" lon="11.09160"><ele>566</ele></trkpt>
<trkpt lat="48.07463" lon="11.09160"><ele>567</ele></trkpt>
<trkpt lat="48.07468" lon="11.09168"><ele>567</ele></trkpt>
<trkpt lat="48.07477" lon="11.09213"><ele>568</ele></trkpt>
<trkpt lat="48.07483" lon="11.09228"><ele>568</ele></trkpt>
<trkpt lat="48.07499" lon="11.09235"><ele>569</ele></trkpt>
<trkpt lat="48.07707" lon="11.09248"><ele>569</ele></trkpt>
<trkpt lat="48.07758" lon="11.09558"><ele>563</ele></trkpt>
<trkpt lat="48.07766" lon="11.09579"><ele>563</ele></trkpt>
<trkpt lat="48.07777" lon="11.09585"><ele>562</ele></trkpt>
<trkpt lat="48.07839" lon="11.09573"><ele>563</ele></trkpt>
<trkpt lat="48.07894" lon="11.09547"><ele>566</ele></trkpt>
<trkpt lat="48.07914" lon="11.09550"><ele>566</ele></trkpt>
<trkpt lat="48.07926" lon="11.09556"><ele>566</ele></trkpt>
<trkpt lat="48.07940" lon="11.09575"><ele>565</ele></trkpt>
<trkpt lat="48.07944" lon="11.09586"><ele>565</ele></trkpt>
<trkpt lat="48.07944" lon="11.09605"><ele>565</ele></trkpt>
<trkpt lat="48.07941" lon="11.09670"><ele>565</ele></trkpt>
<trkpt lat="48.07948" lon="11.09703"><ele>564</ele></trkpt>
<trkpt lat="48.07954" lon="11.09721"><ele>564</ele></trkpt>
<trkpt lat="48.07969" lon="11.09752"><ele>564</ele></trkpt>
<trkpt lat="48.07982" lon="11.09769"><ele>564</ele></trkpt>
<trkpt lat="48.08024" lon="11.09803"><ele>564</ele></trkpt>
<trkpt lat="48.08041" lon="11.09820"><ele>564</ele></trkpt>
<trkpt lat="48.08052" lon="11.09840"><ele>564</ele></trkpt>
<trkpt lat="48.08077" lon="11.09922"><ele>564</ele></trkpt>
<trkpt lat="48.08126" lon="11.10040"><ele>563</ele></trkpt>
<trkpt lat="48.08149" lon="11.10137"><ele>560</ele></trkpt>
<trkpt lat="48.08163" lon="11.10330"><ele>556</ele></trkpt>
<trkpt lat="48.08175" lon="11.10572"><ele>553</ele></trkpt>
<trkpt lat="48.08177" lon="11.10673"><ele>552</ele></trkpt>
<trkpt lat="48.08170" lon="11.10862"><ele>554</ele></trkpt>
<trkpt lat="48.08173" lon="11.11062"><ele>551</ele></trkpt>
<trkpt lat="48.08179" lon="11.11141"><ele>548</ele></trkpt>
<trkpt lat="48.08264" lon="11.11132"><ele>550</ele></trkpt>
<trkpt lat="48.08348" lon="11.11115"><ele>552</ele></trkpt>
<trkpt lat="48.08417" lon="11.11085"><ele>551</ele></trkpt>
<trkpt lat="48.08504" lon="11.11064"><ele>550</ele></trkpt>
<trkpt lat="48.08533" lon="11.11064"><ele>550</ele></trkpt>
<trkpt lat="48.08660" lon="11.11081"><ele>549</ele></trkpt>
<trkpt lat="48.08796" lon="11.11108"><ele>548</ele></trkpt>
<trkpt lat="48.08803" lon="11.11119"><ele>548</ele></trkpt>
<trkpt lat="48.08806" lon="11.11132"><ele>547</ele></trkpt>
<trkpt lat="48.08785" lon="11.11345"><ele>546</ele></trkpt>
<trkpt lat="48.08779" lon="11.11358"><ele>546</ele></trkpt>
<trkpt lat="48.08764" lon="11.11374"><ele>546</ele></trkpt>
<trkpt lat="48.08745" lon="11.11385"><ele>545</ele></trkpt>
<trkpt lat="48.08730" lon="11.11411"><ele>543</ele></trkpt>
<trkpt lat="48.08718" lon="11.11491"><ele>543</ele></trkpt>
<trkpt lat="48.08756" lon="11.11493"><ele>543</ele></trkpt>
<trkpt lat="48.08844" lon="11.11525"><ele>542</ele></trkpt>
<trkpt lat="48.08883" lon="11.11543"><ele>542</ele></trkpt>
<trkpt lat="48.08934" lon="11.11573"><ele>541</ele></trkpt>
<trkpt lat="48.08992" lon="11.11593"><ele>541</ele></trkpt>
<trkpt lat="48.09029" lon="11.11604"><ele>541</ele></trkpt>
<trkpt lat="48.09101" lon="11.11604"><ele>542</ele></trkpt>
<trkpt lat="48.09151" lon="11.11613"><ele>542</ele></trkpt>
<trkpt lat="48.09247" lon="11.11656"><ele>540</ele></trkpt>
<trkpt lat="48.09417" lon="11.11698"><ele>541</ele></trkpt>
<trkpt lat="48.09467" lon="11.11701"><ele>541</ele></trkpt>
<trkpt lat="48.09632" lon="11.11680"><ele>541</ele></trkpt>
<trkpt lat="48.09644" lon="11.11676"><ele>541</ele></trkpt>
<trkpt lat="48.09661" lon="11.11659"><ele>542</ele></trkpt>
<trkpt lat="48.09670" lon="11.11677"><ele>541</ele></trkpt>
<trkpt lat="48.09648" lon="11.11869"><ele>539</ele></trkpt>
<trkpt lat="48.09657" lon="11.11896"><ele>539</ele></trkpt>
<trkpt lat="48.09672" lon="11.11914"><ele>539</ele></trkpt>
<trkpt lat="48.09861" lon="11.12035"><ele>538</ele></trkpt>
<trkpt lat="48.09904" lon="11.12081"><ele>538</ele></trkpt>
<trkpt lat="48.09947" lon="11.12138"><ele>537</ele></trkpt>
<trkpt lat="48.09990" lon="11.12186"><ele>538</ele></trkpt>
<trkpt lat="48.10058" lon="11.12249"><ele>539</ele></trkpt>
<trkpt lat="48.10131" lon="11.12327"><ele>538</ele></trkpt>
<trkpt lat="48.10243" lon="11.12384"><ele>538</ele></trkpt>
<trkpt lat="48.10261" lon="11.12387"><ele>538</ele></trkpt>
<trkpt lat="48.10337" lon="11.12376"><ele>538</ele></trkpt>
<trkpt lat="48.10544" lon="11.12423"><ele>536</ele></trkpt>
<trkpt lat="48.10569" lon="11.12423"><ele>536</ele></trkpt>
<trkpt lat="48.10668" lon="11.12393"><ele>537</ele></trkpt>
<trkpt lat="48.10676" lon="11.12400"><ele>537</ele></trkpt>
<trkpt lat="48.10655" lon="11.12931"><ele>534</ele></trkpt>
<trkpt lat="48.10657" lon="11.12939"><ele>534</ele></trkpt>
<trkpt lat="48.10665" lon="11.12946"><ele>534</ele></trkpt>
<trkpt lat="48.11121" lon="11.13042"><ele>533</ele></trkpt>
<trkpt lat="48.11379" lon="11.13084"><ele>536</ele></trkpt>
<trkpt lat="48.11553" lon="11.13105"><ele>540</ele></trkpt>
<trkpt lat="48.11574" lon="11.13100"><ele>540</ele></trkpt>
<trkpt lat="48.11598" lon="11.13089"><ele>540</ele></trkpt>
<trkpt lat="48.11615" lon="11.13101"><ele>540</ele></trkpt>
<trkpt lat="48.11646" lon="11.13110"><ele>541</ele></trkpt>
<trkpt lat="48.11684" lon="11.13098"><ele>541</ele></trkpt>
<trkpt lat="48.11693" lon="11.13157"><ele>540</ele></trkpt>
<trkpt lat="48.11700" lon="11.13171"><ele>540</ele></trkpt>
<trkpt lat="48.11720" lon="11.13188"><ele>540</ele></trkpt>
<trkpt lat="48.11765" lon="11.13175"><ele>542</ele></trkpt>
<trkpt lat="48.11899" lon="11.13172"><ele>544</ele></trkpt>
<trkpt lat="48.11921" lon="11.13190"><ele>544</ele></trkpt>
<trkpt lat="48.11938" lon="11.13340"><ele>543</ele></trkpt>
<trkpt lat="48.11971" lon="11.13418"><ele>541</ele></trkpt>
<trkpt lat="48.11987" lon="11.13445"><ele>541</ele></trkpt>
<trkpt lat="48.12014" lon="11.13482"><ele>540</ele></trkpt>
<trkpt lat="48.12128" lon="11.13572"><ele>538</ele></trkpt>
<trkpt lat="48.12166" lon="11.13622"><ele>539</ele></trkpt>
<trkpt lat="48.12173" lon="11.13636"><ele>539</ele></trkpt>
<trkpt lat="48.12186" lon="11.13676"><ele>539</ele></trkpt>
<trkpt lat="48.12207" lon="11.13784"><ele>536</ele></trkpt>
<trkpt lat="48.12233" lon="11.13861"><ele>536</ele></trkpt>
<trkpt lat="48.12255" lon="11.13907"><ele>536</ele></trkpt>
<trkpt lat="48.12306" lon="11.13983"><ele>538</ele></trkpt>
<trkpt lat="48.12344" lon="11.14056"><ele>538</ele></trkpt>
<trkpt lat="48.12366" lon="11.14113"><ele>538</ele></trkpt>
<trkpt lat="48.12375" lon="11.14155"><ele>538</ele></trkpt>
<trkpt lat="48.12381" lon="11.14199"><ele>538</ele></trkpt>
<trkpt lat="48.12396" lon="11.14375"><ele>539</ele></trkpt>
<trkpt lat="48.12426" lon="11.14538"><ele>537</ele></trkpt>
<trkpt lat="48.12432" lon="11.14596"><ele>536</ele></trkpt>
<trkpt lat="48.12440" lon="11.14745"><ele>536</ele></trkpt>
<trkpt lat="48.12447" lon="11.14805"><ele>536</ele></trkpt>
<trkpt lat="48.12465" lon="11.14878"><ele>536</ele></trkpt>
<trkpt lat="48.12494" lon="11.14972"><ele>536</ele></trkpt>
<trkpt lat="48.12509" lon="11.15028"><ele>536</ele></trkpt>
<trkpt lat="48.12514" lon="11.15071"><ele>536</ele></trkpt>
<trkpt lat="48.12514" lon="11.15117"><ele>537</ele></trkpt>
<trkpt lat="48.12509" lon="11.15161"><ele>538</ele></trkpt>
<trkpt lat="48.12487" lon="11.15265"><ele>539</ele></trkpt>
<trkpt lat="48.12480" lon="11.15324"><ele>540</ele></trkpt>
<trkpt lat="48.12494" lon="11.15441"><ele>540</ele></trkpt>
<trkpt lat="48.12493" lon="11.15481"><ele>540</ele></trkpt>
<trkpt lat="48.12489" lon="11.15498"><ele>539</ele></trkpt>
<trkpt lat="48.12468" lon="11.15520"><ele>538</ele></trkpt>
<trkpt lat="48.12451" lon="11.15528"><ele>537</ele></trkpt>
<trkpt lat="48.12433" lon="11.15547"><ele>536</ele></trkpt>
<trkpt lat="48.12416" lon="11.15578"><ele>536</ele></trkpt>
<trkpt lat="48.12385" lon="11.15659"><ele>535</ele></trkpt>
<trkpt lat="48.12373" lon="11.15679"><ele>535</ele></trkpt>
<trkpt lat="48.12366" lon="11.15678"><ele>535</ele></trkpt>
<trkpt lat="48.12326" lon="11.15704"><ele>535</ele></trkpt>
<trkpt lat="48.12301" lon="11.15729"><ele>535</ele></trkpt>
<trkpt lat="48.12283" lon="11.15763"><ele>535</ele></trkpt>
<trkpt lat="48.12277" lon="11.15797"><ele>536</ele></trkpt>
<trkpt lat="48.12269" lon="11.15801"><ele>536</ele></trkpt>
<trkpt lat="48.12263" lon="11.15820"><ele>536</ele></trkpt>
<trkpt lat="48.12266" lon="11.15831"><ele>536</ele></trkpt>
<trkpt lat="48.12272" lon="11.15839"><ele>536</ele></trkpt>
<trkpt lat="48.12267" lon="11.15868"><ele>536</ele></trkpt>
<trkpt lat="48.12268" lon="11.15887"><ele>537</ele></trkpt>
<trkpt lat="48.12280" lon="11.15952"><ele>540</ele></trkpt>
<trkpt lat="48.12305" lon="11.16173"><ele>550</ele></trkpt>
<trkpt lat="48.12347" lon="11.16277"><ele>555</ele></trkpt>
<trkpt lat="48.12385" lon="11.16386"><ele>552</ele></trkpt>
<trkpt lat="48.12406" lon="11.16432"><ele>551</ele></trkpt>
<trkpt lat="48.12415" lon="11.16444"><ele>551</ele></trkpt>
<trkpt lat="48.12414" lon="11.16455"><ele>550</ele></trkpt>
<trkpt lat="48.12427" lon="11.16546"><ele>551</ele></trkpt>
<trkpt lat="48.12408" lon="11.16696"><ele>542</ele></trkpt>
<trkpt lat="48.12406" lon="11.16755"><ele>538</ele></trkpt>
<trkpt lat="48.12429" lon="11.16842"><ele>535</ele></trkpt>
<trkpt lat="48.12447" lon="11.16953"><ele>533</ele></trkpt>
<trkpt lat="48.12443" lon="11.16991"><ele>533</ele></trkpt>
<trkpt lat="48.12468" lon="11.17032"><ele>532</ele></trkpt>
<trkpt lat="48.12491" lon="11.17052"><ele>534</ele></trkpt>
<trkpt lat="48.12517" lon="11.17108"><ele>534</ele></trkpt>
<trkpt lat="48.12544" lon="11.17195"><ele>534</ele></trkpt>
<trkpt lat="48.12552" lon="11.17237"><ele>534</ele></trkpt>
<trkpt lat="48.12570" lon="11.17294"><ele>537</ele></trkpt>
<trkpt lat="48.12575" lon="11.17324"><ele>540</ele></trkpt>
<trkpt lat="48.12577" lon="11.17352"><ele>542</ele></trkpt>
<trkpt lat="48.12573" lon="11.17433"><ele>541</ele></trkpt>
<trkpt lat="48.12579" lon="11.17633"><ele>552</ele></trkpt>
<trkpt lat="48.12582" lon="11.17664"><ele>552</ele></trkpt>
<trkpt lat="48.12593" lon="11.17709"><ele>552</ele></trkpt>
<trkpt lat="48.12609" lon="11.17744"><ele>552</ele></trkpt>
<trkpt lat="48.12648" lon="11.17870"><ele>553</ele></trkpt>
<trkpt lat="48.12679" lon="11.17945"><ele>554</ele></trkpt>
<trkpt lat="48.12710" lon="11.17991"><ele>554</ele></trkpt>
<trkpt lat="48.12761" lon="11.18054"><ele>554</ele></trkpt>
<trkpt lat="48.12810" lon="11.18127"><ele>554</ele></trkpt>
<trkpt lat="48.12825" lon="11.18138"><ele>554</ele></trkpt>
<trkpt lat="48.12850" lon="11.18129"><ele>554</ele></trkpt>
<trkpt lat="48.12866" lon="11.18135"><ele>553</ele></trkpt>
<trkpt lat="48.12879" lon="11.18133"><ele>554</ele></trkpt>
<trkpt lat="48.12912" lon="11.18120"><ele>554</ele></trkpt>
<trkpt lat="48.12947" lon="11.18090"><ele>554</ele></trkpt>
<trkpt lat="48.12953" lon="11.18040"><ele>556</ele></trkpt>
<trkpt lat="48.12951" lon="11.17995"><ele>557</ele></trkpt>
<trkpt lat="48.12983" lon="11.18019"><ele>558</ele></trkpt>
<trkpt lat="48.13003" lon="11.18057"><ele>559</ele></trkpt>
<trkpt lat="48.13049" lon="11.18203"><ele>558</ele></trkpt>
<trkpt lat="48.13096" lon="11.18279"><ele>559</ele></trkpt>
<trkpt lat="48.13234" lon="11.18412"><ele>558</ele></trkpt>
<trkpt lat="48.13285" lon="11.18442"><ele>558</ele></trkpt>
<trkpt lat="48.13315" lon="11.18448"><ele>558</ele></trkpt>
<trkpt lat="48.13438" lon="11.18497"><ele>556</ele></trkpt>
<trkpt lat="48.13493" lon="11.18503"><ele>556</ele></trkpt>
<trkpt lat="48.13584" lon="11.18522"><ele>556</ele></trkpt>
<trkpt lat="48.13713" lon="11.18456"><ele>556</ele></trkpt>
<trkpt lat="48.13740" lon="11.18393"><ele>555</ele></trkpt>
<trkpt lat="48.13773" lon="11.18412"><ele>555</ele></trkpt>
<trkpt lat="48.13992" lon="11.18479"><ele>554</ele></trkpt>
<trkpt lat="48.14043" lon="11.18476"><ele>553</ele></trkpt>
<trkpt lat="48.14133" lon="11.18511"><ele>554</ele></trkpt>
<trkpt lat="48.14250" lon="11.18630"><ele>552</ele></trkpt>
<trkpt lat="48.14366" lon="11.18791"><ele>551</ele></trkpt>
<trkpt lat="48.14382" lon="11.18825"><ele>551</ele></trkpt>
<trkpt lat="48.14445" lon="11.19440"><ele>546</ele></trkpt>
<trkpt lat="48.14455" lon="11.19520"><ele>545</ele></trkpt>
<trkpt lat="48.14459" lon="11.19525"><ele>545</ele></trkpt>
<trkpt lat="48.14386" lon="11.19676"><ele>545</ele></trkpt>
<trkpt lat="48.14281" lon="11.19860"><ele>538</ele></trkpt>
<trkpt lat="48.14154" lon="11.20156"><ele>534</ele></trkpt>
<trkpt lat="48.14106" lon="11.20300"><ele>534</ele></trkpt>
<trkpt lat="48.14044" lon="11.20424"><ele>534</ele></trkpt>
<trkpt lat="48.13934" lon="11.20574"><ele>534</ele></trkpt>
<trkpt lat="48.13876" lon="11.20630"><ele>534</ele></trkpt>
<trkpt lat="48.13823" lon="11.20688"><ele>532</ele></trkpt>
<trkpt lat="48.13776" lon="11.20728"><ele>529</ele></trkpt>
<trkpt lat="48.13758" lon="11.20757"><ele>529</ele></trkpt>
<trkpt lat="48.13716" lon="11.20848"><ele>529</ele></trkpt>
<trkpt lat="48.13689" lon="11.20879"><ele>529</ele></trkpt>
<trkpt lat="48.13663" lon="11.20899"><ele>528</ele></trkpt>
<trkpt lat="48.13642" lon="11.20904"><ele>528</ele></trkpt>
<trkpt lat="48.13599" lon="11.20886"><ele>529</ele></trkpt>
<trkpt lat="48.13563" lon="11.20880"><ele>529</ele></trkpt>
<trkpt lat="48.13545" lon="11.20966"><ele>528</ele></trkpt>
<trkpt lat="48.13534" lon="11.21035"><ele>528</ele></trkpt>
<trkpt lat="48.13533" lon="11.21101"><ele>528</ele></trkpt>
<trkpt lat="48.13550" lon="11.21272"><ele>528</ele></trkpt>
<trkpt lat="48.13558" lon="11.21322"><ele>528</ele></trkpt>
<trkpt lat="48.13571" lon="11.21367"><ele>528</ele></trkpt>
<trkpt lat="48.13575" lon="11.21449"><ele>527</ele></trkpt>
<trkpt lat="48.13580" lon="11.21489"><ele>528</ele></trkpt>
<trkpt lat="48.13585" lon="11.21505"><ele>529</ele></trkpt>
<trkpt lat="48.13569" lon="11.21530"><ele>530</ele></trkpt>
<trkpt lat="48.13542" lon="11.21557"><ele>532</ele></trkpt>
<trkpt lat="48.13581" lon="11.21688"><ele>536</ele></trkpt>
<trkpt lat="48.13613" lon="11.21740"><ele>538</ele></trkpt>
<trkpt lat="48.13641" lon="11.21742"><ele>536</ele></trkpt>
<trkpt lat="48.13715" lon="11.21771"><ele>534</ele></trkpt>
<trkpt lat="48.13808" lon="11.21777"><ele>532</ele></trkpt>
<trkpt lat="48.13852" lon="11.21797"><ele>531</ele></trkpt>
<trkpt lat="48.13878" lon="11.21802"><ele>530</ele></trkpt>
<trkpt lat="48.13974" lon="11.21775"><ele>529</ele></trkpt>
<trkpt lat="48.14055" lon="11.21744"><ele>528</ele></trkpt>
<trkpt lat="48.14110" lon="11.21737"><ele>527</ele></trkpt>
<trkpt lat="48.14163" lon="11.21720"><ele>528</ele></trkpt>
<trkpt lat="48.14245" lon="11.21722"><ele>528</ele></trkpt>
<trkpt lat="48.14531" lon="11.21863"><ele>527</ele></trkpt>
<trkpt lat="48.14565" lon="11.21886"><ele>527</ele></trkpt>
<trkpt lat="48.14837" lon="11.22133"><ele>525</ele></trkpt>
<trkpt lat="48.15082" lon="11.22492"><ele>524</ele></trkpt>
<trkpt lat="48.15282" lon="11.22852"><ele>524</ele></trkpt>
<trkpt lat="48.15324" lon="11.22910"><ele>524</ele></trkpt>
<trkpt lat="48.15346" lon="11.22972"><ele>526</ele></trkpt>
<trkpt lat="48.15412" lon="11.23115"><ele>525</ele></trkpt>
<trkpt lat="48.15485" lon="11.23236"><ele>526</ele></trkpt>
<trkpt lat="48.15498" lon="11.23269"><ele>528</ele></trkpt>
<trkpt lat="48.15528" lon="11.23298"><ele>526</ele></trkpt>
<trkpt lat="48.15615" lon="11.23445"><ele>529</ele></trkpt>
<trkpt lat="48.15758" lon="11.23733"><ele>531</ele></trkpt>
<trkpt lat="48.15791" lon="11.23791"><ele>530</ele></trkpt>
<trkpt lat="48.15814" lon="11.23825"><ele>530</ele></trkpt>
<trkpt lat="48.15864" lon="11.23879"><ele>529</ele></trkpt>
<trkpt lat="48.15880" lon="11.23903"><ele>529</ele></trkpt>
<trkpt lat="48.15932" lon="11.24003"><ele>530</ele></trkpt>
<trkpt lat="48.15951" lon="11.24015"><ele>530</ele></trkpt>
<trkpt lat="48.16027" lon="11.24038"><ele>528</ele></trkpt>
<trkpt lat="48.16106" lon="11.24079"><ele>525</ele></trkpt>
<trkpt lat="48.16211" lon="11.24148"><ele>527</ele></trkpt>
<trkpt lat="48.16242" lon="11.24190"><ele>527</ele></trkpt>
<trkpt lat="48.16293" lon="11.24220"><ele>526</ele></trkpt>
<trkpt lat="48.16303" lon="11.24232"><ele>526</ele></trkpt>
<trkpt lat="48.16384" lon="11.24384"><ele>528</ele></trkpt>
<trkpt lat="48.16430" lon="11.24444"><ele>528</ele></trkpt>
<trkpt lat="48.16539" lon="11.24573"><ele>530</ele></trkpt>
<trkpt lat="48.16647" lon="11.24667"><ele>525</ele></trkpt>
<trkpt lat="48.16686" lon="11.24720"><ele>525</ele></trkpt>
<trkpt lat="48.16773" lon="11.24823"><ele>530</ele></trkpt>
<trkpt lat="48.16764" lon="11.24821"><ele>531</ele></trkpt>
<trkpt lat="48.16705" lon="11.24786"><ele>531</ele></trkpt>
<trkpt lat="48.16689" lon="11.24791"><ele>533</ele></trkpt>
<trkpt lat="48.16678" lon="11.24806"><ele>536</ele></trkpt>
<trkpt lat="48.16674" lon="11.24827"><ele>539</ele></trkpt>
<trkpt lat="48.16676" lon="11.24842"><ele>541</ele></trkpt>
<trkpt lat="48.16715" lon="11.24904"><ele>545</ele></trkpt>
<trkpt lat="48.16724" lon="11.24944"><ele>549</ele></trkpt>
<trkpt lat="48.16726" lon="11.24972"><ele>550</ele></trkpt>
<trkpt lat="48.16723" lon="11.24992"><ele>550</ele></trkpt>
<trkpt lat="48.16716" lon="11.25011"><ele>554</ele></trkpt>
<trkpt lat="48.16703" lon="11.25028"><ele>554</ele></trkpt>
<trkpt lat="48.16689" lon="11.25038"><ele>556</ele></trkpt>
<trkpt lat="48.16628" lon="11.25043"><ele>560</ele></trkpt>
<trkpt lat="48.16602" lon="11.25067"><ele>561</ele></trkpt>
<trkpt lat="48.16590" lon="11.25071"><ele>562</ele></trkpt>
<trkpt lat="48.16457" lon="11.25099"><ele>568</ele></trkpt>
<trkpt lat="48.16435" lon="11.25108"><ele>569</ele></trkpt>
<trkpt lat="48.16365" lon="11.25151"><ele>572</ele></trkpt>
<trkpt lat="48.16344" lon="11.25171"><ele>574</ele></trkpt>
<trkpt lat="48.16333" lon="11.25191"><ele>574</ele></trkpt>
<trkpt lat="48.16302" lon="11.25275"><ele>574</ele></trkpt>
<trkpt lat="48.16283" lon="11.25302"><ele>573</ele></trkpt>
<trkpt lat="48.16261" lon="11.25325"><ele>572</ele></trkpt>
<trkpt lat="48.16166" lon="11.25405"><ele>562</ele></trkpt>
<trkpt lat="48.16130" lon="11.25440"><ele>558</ele></trkpt>
<trkpt lat="48.16118" lon="11.25459"><ele>557</ele></trkpt>
<trkpt lat="48.16116" lon="11.25484"><ele>556</ele></trkpt>
<trkpt lat="48.16143" lon="11.25499"><ele>555</ele></trkpt>
<trkpt lat="48.16196" lon="11.25556"><ele>552</ele></trkpt>
<trkpt lat="48.16199" lon="11.25567"><ele>551</ele></trkpt>
<trkpt lat="48.16264" lon="11.25629"><ele>550</ele></trkpt>
<trkpt lat="48.16275" lon="11.25647"><ele>551</ele></trkpt>
<trkpt lat="48.16321" lon="11.25761"><ele>559</ele></trkpt>
<trkpt lat="48.16359" lon="11.25815"><ele>561</ele></trkpt>
<trkpt lat="48.16389" lon="11.25846"><ele>563</ele></trkpt>
<trkpt lat="48.16412" lon="11.25882"><ele>564</ele></trkpt>
<trkpt lat="48.16428" lon="11.25925"><ele>564</ele></trkpt>
<trkpt lat="48.16437" lon="11.25956"><ele>564</ele></trkpt>
<trkpt lat="48.16427" lon="11.25995"><ele>565</ele></trkpt>
<trkpt lat="48.16428" lon="11.26016"><ele>565</ele></trkpt>
<trkpt lat="48.16461" lon="11.26106"><ele>566</ele></trkpt>
<trkpt lat="48.16503" lon="11.26199"><ele>562</ele></trkpt>
<trkpt lat="48.16513" lon="11.26251"><ele>560</ele></trkpt>
<trkpt lat="48.16515" lon="11.26319"><ele>559</ele></trkpt>
<trkpt lat="48.16496" lon="11.26655"><ele>568</ele></trkpt>
<trkpt lat="48.16524" lon="11.26667"><ele>567</ele></trkpt>
<trkpt lat="48.16550" lon="11.26672"><ele>567</ele></trkpt>
<trkpt lat="48.16539" lon="11.26777"><ele>566</ele></trkpt>
<trkpt lat="48.16563" lon="11.26893"><ele>564</ele></trkpt>
<trkpt lat="48.16591" lon="11.27008"><ele>560</ele></trkpt>
<trkpt lat="48.16592" lon="11.27024"><ele>560</ele></trkpt>
<trkpt lat="48.16581" lon="11.27069"><ele>560</ele></trkpt>
<trkpt lat="48.16558" lon="11.27131"><ele>564</ele></trkpt>
<trkpt lat="48.16525" lon="11.27160"><ele>567</ele></trkpt>
<trkpt lat="48.16494" lon="11.27201"><ele>568</ele></trkpt>
<trkpt lat="48.16462" lon="11.27263"><ele>570</ele></trkpt>
<trkpt lat="48.16448" lon="11.27306"><ele>570</ele></trkpt>
<trkpt lat="48.16432" lon="11.27381"><ele>570</ele></trkpt>
<trkpt lat="48.16443" lon="11.27460"><ele>568</ele></trkpt>
<trkpt lat="48.16478" lon="11.27596"><ele>562</ele></trkpt>
<trkpt lat="48.16499" lon="11.27643"><ele>560</ele></trkpt>
<trkpt lat="48.16562" lon="11.27702"><ele>559</ele></trkpt>
<trkpt lat="48.16549" lon="11.27771"><ele>560</ele></trkpt>
<trkpt lat="48.16537" lon="11.27813"><ele>561</ele></trkpt>
<trkpt lat="48.16510" lon="11.27878"><ele>562</ele></trkpt>
<trkpt lat="48.16485" lon="11.27925"><ele>562</ele></trkpt>
<trkpt lat="48.16456" lon="11.27967"><ele>563</ele></trkpt>
<trkpt lat="48.16278" lon="11.28191"><ele>559</ele></trkpt>
<trkpt lat="48.16236" lon="11.28238"><ele>559</ele></trkpt>
<trkpt lat="48.16206" lon="11.28266"><ele>559</ele></trkpt>
<trkpt lat="48.16276" lon="11.28384"><ele>556</ele></trkpt>
<trkpt lat="48.16346" lon="11.28483"><ele>558</ele></trkpt>
<trkpt lat="48.16345" lon="11.28696"><ele>555</ele></trkpt>
<trkpt lat="48.16349" lon="11.28728"><ele>555</ele></trkpt>
<trkpt lat="48.16364" lon="11.28778"><ele>554</ele></trkpt>
<trkpt lat="48.16365" lon="11.28829"><ele>553</ele></trkpt>
<trkpt lat="48.16360" lon="11.28877"><ele>551</ele></trkpt>
<trkpt lat="48.16363" lon="11.28922"><ele>550</ele></trkpt>
<trkpt lat="48.16369" lon="11.28972"><ele>548</ele></trkpt>
<trkpt lat="48.16385" lon="11.29041"><ele>546</ele></trkpt>
<trkpt lat="48.16420" lon="11.29132"><ele>543</ele></trkpt>
<trkpt lat="48.16423" lon="11.29149"><ele>542</ele></trkpt>
<trkpt lat="48.16428" lon="11.29204"><ele>540</ele></trkpt>
<trkpt lat="48.16428" lon="11.29263"><ele>538</ele></trkpt>
<trkpt lat="48.16427" lon="11.29301"><ele>538</ele></trkpt>
<trkpt lat="48.16416" lon="11.29390"><ele>538</ele></trkpt>
<trkpt lat="48.16417" lon="11.29418"><ele>538</ele></trkpt>
<trkpt lat="48.16431" lon="11.29513"><ele>537</ele></trkpt>
<trkpt lat="48.16452" lon="11.29612"><ele>538</ele></trkpt>
<trkpt lat="48.16487" lon="11.29729"><ele>536</ele></trkpt>
<trkpt lat="48.16499" lon="11.29759"><ele>536</ele></trkpt>
<trkpt lat="48.16519" lon="11.29796"><ele>534</ele></trkpt>
<trkpt lat="48.16540" lon="11.29867"><ele>533</ele></trkpt>
<trkpt lat="48.16555" lon="11.30003"><ele>531</ele></trkpt>
<trkpt lat="48.16611" lon="11.30139"><ele>530</ele></trkpt>
<trkpt lat="48.16641" lon="11.30239"><ele>528</ele></trkpt>
<trkpt lat="48.16736" lon="11.30481"><ele>526</ele></trkpt>
<trkpt lat="48.16868" lon="11.30746"><ele>525</ele></trkpt>
<trkpt lat="48.16898" lon="11.30800"><ele>525</ele></trkpt>
<trkpt lat="48.16893" lon="11.30821"><ele>525</ele></trkpt>
<trkpt lat="48.16836" lon="11.30883"><ele>525</ele></trkpt>
<trkpt lat="48.16834" lon="11.30903"><ele>525</ele></trkpt>
<trkpt lat="48.17118" lon="11.31491"><ele>523</ele></trkpt>
<trkpt lat="48.17155" lon="11.31559"><ele>523</ele></trkpt>
<trkpt lat="48.17161" lon="11.31574"><ele>523</ele></trkpt>
<trkpt lat="48.17166" lon="11.31579"><ele>523</ele></trkpt>
<trkpt lat="48.17164" lon="11.31620"><ele>523</ele></trkpt>
<trkpt lat="48.17166" lon="11.31905"><ele>522</ele></trkpt>
<trkpt lat="48.17160" lon="11.31904"><ele>522</ele></trkpt>
<trkpt lat="48.17160" lon="11.31924"><ele>522</ele></trkpt>
<trkpt lat="48.17249" lon="11.31931"><ele>522</ele></trkpt>
<trkpt lat="48.17241" lon="11.32034"><ele>522</ele></trkpt>
<trkpt lat="48.17225" lon="11.32165"><ele>522</ele></trkpt>
<trkpt lat="48.17234" lon="11.32189"><ele>522</ele></trkpt>
<trkpt lat="48.17242" lon="11.32185"><ele>522</ele></trkpt>
<trkpt lat="48.17286" lon="11.32195"><ele>521</ele></trkpt>
<trkpt lat="48.17286" lon="11.32207"><ele>521</ele></trkpt>
<trkpt lat="48.17269" lon="11.32205"><ele>522</ele></trkpt>
<trkpt lat="48.17249" lon="11.32198"><ele>522</ele></trkpt>
<trkpt lat="48.17244" lon="11.32227"><ele>522</ele></trkpt>
    </trkseg>
  </trk>
</gpx>
