<?xml version="1.0" encoding="UTF-8"?>
<gpx version="1.1" creator="Gravel Kompass" xmlns="http://www.topografix.com/GPX/1/1">
  <metadata><name>Pirinexus-Runde: Girona, Pyrenäenrand &amp; Costa Brava – Etappe 1</name></metadata>
  <trk>
    <name>Etappe 1: Girona – Olot</name>
    <trkseg>
      <trkpt lat="41.979344" lon="2.821350"><ele>71.2</ele></trkpt>
      <trkpt lat="41.979370" lon="2.821299"><ele>71.2</ele></trkpt>
      <trkpt lat="41.979408" lon="2.821213"><ele>71.0</ele></trkpt>
      <trkpt lat="41.979475" lon="2.821271"><ele>70.8</ele></trkpt>
      <trkpt lat="41.979902" lon="2.821666"><ele>70.2</ele></trkpt>
      <trkpt lat="41.979918" lon="2.821680"><ele>70.2</ele></trkpt>
      <trkpt lat="41.980071" lon="2.821818"><ele>70.0</ele></trkpt>
      <trkpt lat="41.980166" lon="2.821655"><ele>70.0</ele></trkpt>
      <trkpt lat="41.980181" lon="2.821631"><ele>70.0</ele></trkpt>
      <trkpt lat="41.980201" lon="2.821592"><ele>70.0</ele></trkpt>
      <trkpt lat="41.980567" lon="2.820937"><ele>70.0</ele></trkpt>
      <trkpt lat="41.980607" lon="2.820863"><ele>70.0</ele></trkpt>
      <trkpt lat="41.980718" lon="2.820651"><ele>70.5</ele></trkpt>
      <trkpt lat="41.980775" lon="2.820568"><ele>70.8</ele></trkpt>
      <trkpt lat="41.980828" lon="2.820499"><ele>71.0</ele></trkpt>
      <trkpt lat="41.980900" lon="2.820437"><ele>71.0</ele></trkpt>
      <trkpt lat="41.981100" lon="2.820319"><ele>71.0</ele></trkpt>
      <trkpt lat="41.981132" lon="2.820301"><ele>70.8</ele></trkpt>
      <trkpt lat="41.981303" lon="2.820205"><ele>71.0</ele></trkpt>
      <trkpt lat="41.981410" lon="2.820164"><ele>70.8</ele></trkpt>
      <trkpt lat="41.981522" lon="2.820125"><ele>70.8</ele></trkpt>
      <trkpt lat="41.982188" lon="2.819958"><ele>70.8</ele></trkpt>
      <trkpt lat="41.982219" lon="2.819950"><ele>70.8</ele></trkpt>
      <trkpt lat="41.982350" lon="2.819924"><ele>70.5</ele></trkpt>
      <trkpt lat="41.982536" lon="2.819887"><ele>70.0</ele></trkpt>
      <trkpt lat="41.982585" lon="2.819874"><ele>70.2</ele></trkpt>
      <trkpt lat="41.982568" lon="2.819738"><ele>70.0</ele></trkpt>
      <trkpt lat="41.982565" lon="2.819715"><ele>70.2</ele></trkpt>
      <trkpt lat="41.982477" lon="2.819479"><ele>70.8</ele></trkpt>
      <trkpt lat="41.982455" lon="2.819457"><ele>70.8</ele></trkpt>
      <trkpt lat="41.982437" lon="2.819438"><ele>71.0</ele></trkpt>
      <trkpt lat="41.982251" lon="2.819368"><ele>71.0</ele></trkpt>
      <trkpt lat="41.982218" lon="2.819333"><ele>70.8</ele></trkpt>
      <trkpt lat="41.982211" lon="2.819284"><ele>70.8</ele></trkpt>
      <trkpt lat="41.982221" lon="2.819149"><ele>70.8</ele></trkpt>
      <trkpt lat="41.982241" lon="2.819123"><ele>71.0</ele></trkpt>
      <trkpt lat="41.982246" lon="2.819077"><ele>71.0</ele></trkpt>
      <trkpt lat="41.982239" lon="2.819047"><ele>71.0</ele></trkpt>
      <trkpt lat="41.982237" lon="2.819035"><ele>71.0</ele></trkpt>
      <trkpt lat="41.982195" lon="2.819001"><ele>70.8</ele></trkpt>
      <trkpt lat="41.982168" lon="2.818878"><ele>71.0</ele></trkpt>
      <trkpt lat="41.982155" lon="2.818813"><ele>71.0</ele></trkpt>
      <trkpt lat="41.982186" lon="2.818723"><ele>71.0</ele></trkpt>
      <trkpt lat="41.981827" lon="2.817857"><ele>71.8</ele></trkpt>
      <trkpt lat="41.981698" lon="2.817562"><ele>72.0</ele></trkpt>
      <trkpt lat="41.981750" lon="2.817576"><ele>72.0</ele></trkpt>
      <trkpt lat="41.981811" lon="2.817597"><ele>72.0</ele></trkpt>
      <trkpt lat="41.982135" lon="2.817700"><ele>72.0</ele></trkpt>
      <trkpt lat="41.982791" lon="2.817958"><ele>71.8</ele></trkpt>
      <trkpt lat="41.983057" lon="2.818092"><ele>71.8</ele></trkpt>
      <trkpt lat="41.983304" lon="2.818237"><ele>71.5</ele></trkpt>
      <trkpt lat="41.983385" lon="2.818293"><ele>71.8</ele></trkpt>
      <trkpt lat="41.983540" lon="2.818404"><ele>72.0</ele></trkpt>
      <trkpt lat="41.983876" lon="2.818677"><ele>71.0</ele></trkpt>
      <trkpt lat="41.984442" lon="2.819211"><ele>69.0</ele></trkpt>
      <trkpt lat="41.985276" lon="2.820039"><ele>68.0</ele></trkpt>
      <trkpt lat="41.985654" lon="2.820405"><ele>68.0</ele></trkpt>
      <trkpt lat="41.986207" lon="2.820962"><ele>68.0</ele></trkpt>
      <trkpt lat="41.986363" lon="2.821116"><ele>68.0</ele></trkpt>
      <trkpt lat="41.986643" lon="2.821392"><ele>68.0</ele></trkpt>
      <trkpt lat="41.986929" lon="2.821690"><ele>68.0</ele></trkpt>
      <trkpt lat="41.987063" lon="2.821815"><ele>68.0</ele></trkpt>
      <trkpt lat="41.987170" lon="2.821783"><ele>68.0</ele></trkpt>
      <trkpt lat="41.987248" lon="2.821802"><ele>68.0</ele></trkpt>
      <trkpt lat="41.988030" lon="2.822601"><ele>67.2</ele></trkpt>
      <trkpt lat="41.988046" lon="2.822515"><ele>67.0</ele></trkpt>
      <trkpt lat="41.988080" lon="2.822361"><ele>67.0</ele></trkpt>
      <trkpt lat="41.988097" lon="2.822266"><ele>67.0</ele></trkpt>
      <trkpt lat="41.988111" lon="2.822189"><ele>67.0</ele></trkpt>
      <trkpt lat="41.988122" lon="2.822124"><ele>67.2</ele></trkpt>
      <trkpt lat="41.988135" lon="2.821996"><ele>67.8</ele></trkpt>
      <trkpt lat="41.988327" lon="2.821461"><ele>68.0</ele></trkpt>
      <trkpt lat="41.988458" lon="2.821097"><ele>67.8</ele></trkpt>
      <trkpt lat="41.988996" lon="2.820950"><ele>69.5</ele></trkpt>
      <trkpt lat="41.989118" lon="2.820913"><ele>69.8</ele></trkpt>
      <trkpt lat="41.989142" lon="2.820645"><ele>69.8</ele></trkpt>
      <trkpt lat="41.989396" lon="2.820062"><ele>70.0</ele></trkpt>
      <trkpt lat="41.989762" lon="2.819373"><ele>71.2</ele></trkpt>
      <trkpt lat="41.989772" lon="2.819335"><ele>71.0</ele></trkpt>
      <trkpt lat="41.989820" lon="2.819307"><ele>70.5</ele></trkpt>
      <trkpt lat="41.989935" lon="2.819256"><ele>69.5</ele></trkpt>
      <trkpt lat="41.990884" lon="2.818837"><ele>70.0</ele></trkpt>
      <trkpt lat="41.991179" lon="2.818704"><ele>71.8</ele></trkpt>
      <trkpt lat="41.991836" lon="2.818418"><ele>71.2</ele></trkpt>
      <trkpt lat="41.991913" lon="2.818381"><ele>71.8</ele></trkpt>
      <trkpt lat="41.991977" lon="2.818337"><ele>72.0</ele></trkpt>
      <trkpt lat="41.992028" lon="2.818257"><ele>71.5</ele></trkpt>
      <trkpt lat="41.992067" lon="2.818172"><ele>71.2</ele></trkpt>
      <trkpt lat="41.992110" lon="2.818019"><ele>71.0</ele></trkpt>
      <trkpt lat="41.992126" lon="2.818003"><ele>71.2</ele></trkpt>
      <trkpt lat="41.992204" lon="2.817992"><ele>71.8</ele></trkpt>
      <trkpt lat="41.992285" lon="2.817980"><ele>72.0</ele></trkpt>
      <trkpt lat="41.992313" lon="2.817981"><ele>72.0</ele></trkpt>
      <trkpt lat="41.992341" lon="2.818123"><ele>72.0</ele></trkpt>
      <trkpt lat="41.992401" lon="2.818298"><ele>72.0</ele></trkpt>
      <trkpt lat="41.992429" lon="2.818339"><ele>71.8</ele></trkpt>
      <trkpt lat="41.992468" lon="2.818364"><ele>71.5</ele></trkpt>
      <trkpt lat="41.992519" lon="2.818382"><ele>71.2</ele></trkpt>
      <trkpt lat="41.993284" lon="2.818571"><ele>71.8</ele></trkpt>
      <trkpt lat="41.993683" lon="2.818675"><ele>72.2</ele></trkpt>
      <trkpt lat="41.993726" lon="2.818687"><ele>72.5</ele></trkpt>
      <trkpt lat="41.996256" lon="2.819285"><ele>73.0</ele></trkpt>
      <trkpt lat="41.996429" lon="2.819283"><ele>73.5</ele></trkpt>
      <trkpt lat="41.996456" lon="2.819283"><ele>73.5</ele></trkpt>
      <trkpt lat="41.996526" lon="2.819282"><ele>73.5</ele></trkpt>
      <trkpt lat="41.996646" lon="2.819275"><ele>73.2</ele></trkpt>
      <trkpt lat="41.996687" lon="2.819273"><ele>73.5</ele></trkpt>
      <trkpt lat="41.996687" lon="2.819336"><ele>72.5</ele></trkpt>
      <trkpt lat="41.996690" lon="2.819442"><ele>71.0</ele></trkpt>
      <trkpt lat="41.996691" lon="2.819468"><ele>71.0</ele></trkpt>
      <trkpt lat="41.997191" lon="2.819436"><ele>72.0</ele></trkpt>
      <trkpt lat="41.997339" lon="2.819431"><ele>72.0</ele></trkpt>
      <trkpt lat="41.997403" lon="2.819408"><ele>72.2</ele></trkpt>
      <trkpt lat="41.997729" lon="2.819384"><ele>72.2</ele></trkpt>
      <trkpt lat="41.998150" lon="2.819366"><ele>72.0</ele></trkpt>
      <trkpt lat="41.998198" lon="2.819272"><ele>72.2</ele></trkpt>
      <trkpt lat="41.998226" lon="2.819273"><ele>72.2</ele></trkpt>
      <trkpt lat="41.998336" lon="2.819264"><ele>72.5</ele></trkpt>
      <trkpt lat="41.998381" lon="2.819262"><ele>72.5</ele></trkpt>
      <trkpt lat="41.998432" lon="2.819347"><ele>72.0</ele></trkpt>
      <trkpt lat="41.998693" lon="2.819336"><ele>72.0</ele></trkpt>
      <trkpt lat="41.998765" lon="2.819365"><ele>72.0</ele></trkpt>
      <trkpt lat="41.998803" lon="2.819394"><ele>72.0</ele></trkpt>
      <trkpt lat="41.998889" lon="2.819326"><ele>71.8</ele></trkpt>
      <trkpt lat="41.999068" lon="2.819175"><ele>71.8</ele></trkpt>
      <trkpt lat="41.999192" lon="2.819056"><ele>71.8</ele></trkpt>
      <trkpt lat="41.999395" lon="2.818834"><ele>72.2</ele></trkpt>
      <trkpt lat="42.000092" lon="2.818075"><ele>72.8</ele></trkpt>
      <trkpt lat="42.000110" lon="2.818054"><ele>72.8</ele></trkpt>
      <trkpt lat="42.000193" lon="2.818236"><ele>72.5</ele></trkpt>
      <trkpt lat="42.000856" lon="2.819696"><ele>71.0</ele></trkpt>
      <trkpt lat="42.002451" lon="2.823254"><ele>67.5</ele></trkpt>
      <trkpt lat="42.002489" lon="2.823339"><ele>67.8</ele></trkpt>
      <trkpt lat="42.002566" lon="2.823510"><ele>67.8</ele></trkpt>
      <trkpt lat="42.002622" lon="2.823632"><ele>68.0</ele></trkpt>
      <trkpt lat="42.002922" lon="2.824294"><ele>68.5</ele></trkpt>
      <trkpt lat="42.002935" lon="2.824324"><ele>68.8</ele></trkpt>
      <trkpt lat="42.002949" lon="2.824317"><ele>68.8</ele></trkpt>
      <trkpt lat="42.003002" lon="2.824275"><ele>68.8</ele></trkpt>
      <trkpt lat="42.003017" lon="2.824260"><ele>68.8</ele></trkpt>
      <trkpt lat="42.003054" lon="2.824262"><ele>68.8</ele></trkpt>
      <trkpt lat="42.003085" lon="2.824264"><ele>68.8</ele></trkpt>
      <trkpt lat="42.003126" lon="2.824279"><ele>68.8</ele></trkpt>
      <trkpt lat="42.003194" lon="2.824379"><ele>68.8</ele></trkpt>
      <trkpt lat="42.003258" lon="2.824419"><ele>68.8</ele></trkpt>
      <trkpt lat="42.003301" lon="2.824429"><ele>68.8</ele></trkpt>
      <trkpt lat="42.003387" lon="2.824492"><ele>68.8</ele></trkpt>
      <trkpt lat="42.003402" lon="2.824503"><ele>68.8</ele></trkpt>
      <trkpt lat="42.003694" lon="2.824537"><ele>68.0</ele></trkpt>
      <trkpt lat="42.003738" lon="2.824561"><ele>68.0</ele></trkpt>
      <trkpt lat="42.003771" lon="2.824545"><ele>68.0</ele></trkpt>
      <trkpt lat="42.004069" lon="2.824566"><ele>67.5</ele></trkpt>
      <trkpt lat="42.004414" lon="2.824590"><ele>67.5</ele></trkpt>
      <trkpt lat="42.004495" lon="2.824596"><ele>67.5</ele></trkpt>
      <trkpt lat="42.005208" lon="2.824650"><ele>67.5</ele></trkpt>
      <trkpt lat="42.006240" lon="2.824738"><ele>68.0</ele></trkpt>
      <trkpt lat="42.006976" lon="2.824787"><ele>67.8</ele></trkpt>
      <trkpt lat="42.007020" lon="2.824770"><ele>67.5</ele></trkpt>
      <trkpt lat="42.007070" lon="2.824730"><ele>67.5</ele></trkpt>
      <trkpt lat="42.007130" lon="2.824745"><ele>67.2</ele></trkpt>
      <trkpt lat="42.007206" lon="2.824761"><ele>67.0</ele></trkpt>
      <trkpt lat="42.007253" lon="2.824799"><ele>67.0</ele></trkpt>
      <trkpt lat="42.007283" lon="2.824807"><ele>67.0</ele></trkpt>
      <trkpt lat="42.008462" lon="2.824901"><ele>66.0</ele></trkpt>
      <trkpt lat="42.009301" lon="2.824964"><ele>65.0</ele></trkpt>
      <trkpt lat="42.009341" lon="2.825114"><ele>65.0</ele></trkpt>
      <trkpt lat="42.009791" lon="2.825149"><ele>64.8</ele></trkpt>
      <trkpt lat="42.009898" lon="2.825154"><ele>64.2</ele></trkpt>
      <trkpt lat="42.009967" lon="2.825157"><ele>64.0</ele></trkpt>
      <trkpt lat="42.010153" lon="2.825172"><ele>64.0</ele></trkpt>
      <trkpt lat="42.010302" lon="2.825186"><ele>64.0</ele></trkpt>
      <trkpt lat="42.010591" lon="2.825212"><ele>63.8</ele></trkpt>
      <trkpt lat="42.010689" lon="2.825218"><ele>63.5</ele></trkpt>
      <trkpt lat="42.010729" lon="2.825225"><ele>63.2</ele></trkpt>
      <trkpt lat="42.011141" lon="2.825244"><ele>63.0</ele></trkpt>
      <trkpt lat="42.011634" lon="2.825284"><ele>63.0</ele></trkpt>
      <trkpt lat="42.011713" lon="2.825297"><ele>62.8</ele></trkpt>
      <trkpt lat="42.011877" lon="2.825358"><ele>62.2</ele></trkpt>
      <trkpt lat="42.012110" lon="2.825472"><ele>62.2</ele></trkpt>
      <trkpt lat="42.012435" lon="2.825651"><ele>62.0</ele></trkpt>
      <trkpt lat="42.012472" lon="2.825672"><ele>62.0</ele></trkpt>
      <trkpt lat="42.012802" lon="2.825851"><ele>61.8</ele></trkpt>
      <trkpt lat="42.012967" lon="2.825946"><ele>61.2</ele></trkpt>
      <trkpt lat="42.013131" lon="2.826042"><ele>60.8</ele></trkpt>
      <trkpt lat="42.013176" lon="2.826069"><ele>60.8</ele></trkpt>
      <trkpt lat="42.013299" lon="2.826204"><ele>61.0</ele></trkpt>
      <trkpt lat="42.013393" lon="2.826245"><ele>61.0</ele></trkpt>
      <trkpt lat="42.013552" lon="2.826372"><ele>60.8</ele></trkpt>
      <trkpt lat="42.013567" lon="2.826370"><ele>61.0</ele></trkpt>
      <trkpt lat="42.013613" lon="2.826361"><ele>60.8</ele></trkpt>
      <trkpt lat="42.013672" lon="2.826258"><ele>60.2</ele></trkpt>
      <trkpt lat="42.013705" lon="2.826200"><ele>59.5</ele></trkpt>
      <trkpt lat="42.014587" lon="2.824734"><ele>59.8</ele></trkpt>
      <trkpt lat="42.014629" lon="2.824662"><ele>61.2</ele></trkpt>
      <trkpt lat="42.014812" lon="2.824689"><ele>63.2</ele></trkpt>
      <trkpt lat="42.015103" lon="2.824742"><ele>64.2</ele></trkpt>
      <trkpt lat="42.015460" lon="2.824704"><ele>65.0</ele></trkpt>
      <trkpt lat="42.015619" lon="2.824682"><ele>65.0</ele></trkpt>
      <trkpt lat="42.015971" lon="2.824709"><ele>65.0</ele></trkpt>
      <trkpt lat="42.016166" lon="2.824750"><ele>64.8</ele></trkpt>
      <trkpt lat="42.016690" lon="2.824956"><ele>64.0</ele></trkpt>
      <trkpt lat="42.016787" lon="2.824996"><ele>64.0</ele></trkpt>
      <trkpt lat="42.016961" lon="2.825063"><ele>64.0</ele></trkpt>
      <trkpt lat="42.017034" lon="2.825088"><ele>64.0</ele></trkpt>
      <trkpt lat="42.017634" lon="2.825318"><ele>64.0</ele></trkpt>
      <trkpt lat="42.017682" lon="2.825330"><ele>64.0</ele></trkpt>
      <trkpt lat="42.018279" lon="2.825531"><ele>64.0</ele></trkpt>
      <trkpt lat="42.018306" lon="2.825540"><ele>64.0</ele></trkpt>
      <trkpt lat="42.018538" lon="2.825619"><ele>64.0</ele></trkpt>
      <trkpt lat="42.018603" lon="2.825636"><ele>64.0</ele></trkpt>
      <trkpt lat="42.019127" lon="2.825811"><ele>64.0</ele></trkpt>
      <trkpt lat="42.019196" lon="2.825829"><ele>63.8</ele></trkpt>
      <trkpt lat="42.019386" lon="2.825877"><ele>63.0</ele></trkpt>
      <trkpt lat="42.019438" lon="2.825897"><ele>63.0</ele></trkpt>
      <trkpt lat="42.019588" lon="2.825945"><ele>62.8</ele></trkpt>
      <trkpt lat="42.019736" lon="2.825966"><ele>62.2</ele></trkpt>
      <trkpt lat="42.020069" lon="2.825968"><ele>61.8</ele></trkpt>
      <trkpt lat="42.020187" lon="2.825959"><ele>62.0</ele></trkpt>
      <trkpt lat="42.020563" lon="2.825929"><ele>60.8</ele></trkpt>
      <trkpt lat="42.020755" lon="2.825909"><ele>60.2</ele></trkpt>
      <trkpt lat="42.021032" lon="2.825920"><ele>59.0</ele></trkpt>
      <trkpt lat="42.021223" lon="2.825948"><ele>59.0</ele></trkpt>
      <trkpt lat="42.021981" lon="2.826060"><ele>60.2</ele></trkpt>
      <trkpt lat="42.022608" lon="2.826241"><ele>60.5</ele></trkpt>
      <trkpt lat="42.023072" lon="2.826432"><ele>59.8</ele></trkpt>
      <trkpt lat="42.023060" lon="2.826495"><ele>59.5</ele></trkpt>
      <trkpt lat="42.023241" lon="2.826569"><ele>60.0</ele></trkpt>
      <trkpt lat="42.023348" lon="2.826632"><ele>60.0</ele></trkpt>
      <trkpt lat="42.023435" lon="2.826693"><ele>60.2</ele></trkpt>
      <trkpt lat="42.023554" lon="2.826729"><ele>60.5</ele></trkpt>
      <trkpt lat="42.024092" lon="2.826947"><ele>59.8</ele></trkpt>
      <trkpt lat="42.024323" lon="2.827049"><ele>60.0</ele></trkpt>
      <trkpt lat="42.024628" lon="2.827208"><ele>60.5</ele></trkpt>
      <trkpt lat="42.024950" lon="2.827400"><ele>60.0</ele></trkpt>
      <trkpt lat="42.025201" lon="2.827572"><ele>60.2</ele></trkpt>
      <trkpt lat="42.025787" lon="2.828008"><ele>59.8</ele></trkpt>
      <trkpt lat="42.026177" lon="2.828348"><ele>59.0</ele></trkpt>
      <trkpt lat="42.026546" lon="2.828658"><ele>58.2</ele></trkpt>
      <trkpt lat="42.026827" lon="2.828949"><ele>58.2</ele></trkpt>
      <trkpt lat="42.026944" lon="2.829118"><ele>58.0</ele></trkpt>
      <trkpt lat="42.027002" lon="2.829219"><ele>58.2</ele></trkpt>
      <trkpt lat="42.027257" lon="2.829610"><ele>61.8</ele></trkpt>
      <trkpt lat="42.027618" lon="2.830203"><ele>61.5</ele></trkpt>
      <trkpt lat="42.027767" lon="2.830576"><ele>62.0</ele></trkpt>
      <trkpt lat="42.028038" lon="2.831348"><ele>61.0</ele></trkpt>
      <trkpt lat="42.028225" lon="2.831810"><ele>58.0</ele></trkpt>
      <trkpt lat="42.028380" lon="2.832126"><ele>57.5</ele></trkpt>
      <trkpt lat="42.028877" lon="2.833033"><ele>57.8</ele></trkpt>
      <trkpt lat="42.029018" lon="2.833457"><ele>53.8</ele></trkpt>
      <trkpt lat="42.029101" lon="2.833742"><ele>55.5</ele></trkpt>
      <trkpt lat="42.029102" lon="2.833775"><ele>55.5</ele></trkpt>
      <trkpt lat="42.029054" lon="2.833897"><ele>54.5</ele></trkpt>
      <trkpt lat="42.029047" lon="2.833985"><ele>54.5</ele></trkpt>
      <trkpt lat="42.029065" lon="2.834150"><ele>55.0</ele></trkpt>
      <trkpt lat="42.029095" lon="2.834191"><ele>55.5</ele></trkpt>
      <trkpt lat="42.029261" lon="2.834277"><ele>56.2</ele></trkpt>
      <trkpt lat="42.029281" lon="2.834369"><ele>55.8</ele></trkpt>
      <trkpt lat="42.029313" lon="2.834513"><ele>55.2</ele></trkpt>
      <trkpt lat="42.029334" lon="2.834781"><ele>55.0</ele></trkpt>
      <trkpt lat="42.029420" lon="2.835232"><ele>54.8</ele></trkpt>
      <trkpt lat="42.029484" lon="2.835753"><ele>53.8</ele></trkpt>
      <trkpt lat="42.029569" lon="2.835979"><ele>54.2</ele></trkpt>
      <trkpt lat="42.029635" lon="2.836095"><ele>54.2</ele></trkpt>
      <trkpt lat="42.029699" lon="2.836145"><ele>55.0</ele></trkpt>
      <trkpt lat="42.029756" lon="2.836142"><ele>55.8</ele></trkpt>
      <trkpt lat="42.029860" lon="2.836053"><ele>57.5</ele></trkpt>
      <trkpt lat="42.029947" lon="2.836009"><ele>58.0</ele></trkpt>
      <trkpt lat="42.030164" lon="2.836398"><ele>57.5</ele></trkpt>
      <trkpt lat="42.030530" lon="2.836905"><ele>57.8</ele></trkpt>
      <trkpt lat="42.030766" lon="2.837250"><ele>56.5</ele></trkpt>
      <trkpt lat="42.030804" lon="2.837416"><ele>56.0</ele></trkpt>
      <trkpt lat="42.030744" lon="2.837536"><ele>56.0</ele></trkpt>
      <trkpt lat="42.030207" lon="2.838020"><ele>55.2</ele></trkpt>
      <trkpt lat="42.030114" lon="2.838249"><ele>54.0</ele></trkpt>
      <trkpt lat="42.030157" lon="2.839118"><ele>54.2</ele></trkpt>
      <trkpt lat="42.030177" lon="2.839531"><ele>54.0</ele></trkpt>
      <trkpt lat="42.030148" lon="2.840216"><ele>52.0</ele></trkpt>
      <trkpt lat="42.030212" lon="2.840826"><ele>52.2</ele></trkpt>
      <trkpt lat="42.030161" lon="2.841545"><ele>51.2</ele></trkpt>
      <trkpt lat="42.030203" lon="2.842333"><ele>52.0</ele></trkpt>
      <trkpt lat="42.030107" lon="2.843542"><ele>52.0</ele></trkpt>
      <trkpt lat="42.030168" lon="2.843602"><ele>53.0</ele></trkpt>
      <trkpt lat="42.030207" lon="2.843680"><ele>53.8</ele></trkpt>
      <trkpt lat="42.030232" lon="2.843706"><ele>54.0</ele></trkpt>
      <trkpt lat="42.030296" lon="2.843709"><ele>55.0</ele></trkpt>
      <trkpt lat="42.030508" lon="2.843704"><ele>54.8</ele></trkpt>
      <trkpt lat="42.030590" lon="2.843719"><ele>55.0</ele></trkpt>
      <trkpt lat="42.030670" lon="2.843745"><ele>55.2</ele></trkpt>
      <trkpt lat="42.030710" lon="2.843762"><ele>55.5</ele></trkpt>
      <trkpt lat="42.030733" lon="2.843781"><ele>55.5</ele></trkpt>
      <trkpt lat="42.030782" lon="2.843791"><ele>55.8</ele></trkpt>
      <trkpt lat="42.030826" lon="2.843781"><ele>55.8</ele></trkpt>
      <trkpt lat="42.030868" lon="2.843754"><ele>56.0</ele></trkpt>
      <trkpt lat="42.031229" lon="2.843431"><ele>57.2</ele></trkpt>
      <trkpt lat="42.031559" lon="2.843091"><ele>59.2</ele></trkpt>
      <trkpt lat="42.031797" lon="2.842889"><ele>60.5</ele></trkpt>
      <trkpt lat="42.032104" lon="2.842796"><ele>62.2</ele></trkpt>
      <trkpt lat="42.032228" lon="2.842703"><ele>62.2</ele></trkpt>
      <trkpt lat="42.032446" lon="2.842444"><ele>62.2</ele></trkpt>
      <trkpt lat="42.032535" lon="2.842333"><ele>63.5</ele></trkpt>
      <trkpt lat="42.032648" lon="2.842166"><ele>64.2</ele></trkpt>
      <trkpt lat="42.032820" lon="2.841866"><ele>66.5</ele></trkpt>
      <trkpt lat="42.032960" lon="2.841561"><ele>68.0</ele></trkpt>
      <trkpt lat="42.033075" lon="2.841403"><ele>68.5</ele></trkpt>
      <trkpt lat="42.033260" lon="2.841239"><ele>68.8</ele></trkpt>
      <trkpt lat="42.033389" lon="2.841042"><ele>68.2</ele></trkpt>
      <trkpt lat="42.033556" lon="2.840656"><ele>69.8</ele></trkpt>
      <trkpt lat="42.033701" lon="2.840344"><ele>68.5</ele></trkpt>
      <trkpt lat="42.033781" lon="2.840146"><ele>68.2</ele></trkpt>
      <trkpt lat="42.033900" lon="2.840066"><ele>69.5</ele></trkpt>
      <trkpt lat="42.034001" lon="2.840016"><ele>69.5</ele></trkpt>
      <trkpt lat="42.034123" lon="2.839812"><ele>68.8</ele></trkpt>
      <trkpt lat="42.034349" lon="2.839690"><ele>70.0</ele></trkpt>
      <trkpt lat="42.034452" lon="2.839412"><ele>70.2</ele></trkpt>
      <trkpt lat="42.035373" lon="2.840157"><ele>78.5</ele></trkpt>
      <trkpt lat="42.035752" lon="2.840495"><ele>83.8</ele></trkpt>
      <trkpt lat="42.036070" lon="2.840342"><ele>86.5</ele></trkpt>
      <trkpt lat="42.036190" lon="2.840458"><ele>88.5</ele></trkpt>
      <trkpt lat="42.036361" lon="2.840556"><ele>89.5</ele></trkpt>
      <trkpt lat="42.037090" lon="2.840845"><ele>94.8</ele></trkpt>
      <trkpt lat="42.037171" lon="2.840890"><ele>95.0</ele></trkpt>
      <trkpt lat="42.037245" lon="2.840944"><ele>95.0</ele></trkpt>
      <trkpt lat="42.037325" lon="2.841005"><ele>95.2</ele></trkpt>
      <trkpt lat="42.037386" lon="2.841065"><ele>96.0</ele></trkpt>
      <trkpt lat="42.037500" lon="2.841199"><ele>97.5</ele></trkpt>
      <trkpt lat="42.037605" lon="2.841354"><ele>98.8</ele></trkpt>
      <trkpt lat="42.037757" lon="2.841603"><ele>101.5</ele></trkpt>
      <trkpt lat="42.037872" lon="2.841792"><ele>104.0</ele></trkpt>
      <trkpt lat="42.038066" lon="2.842113"><ele>105.2</ele></trkpt>
      <trkpt lat="42.038181" lon="2.842250"><ele>107.0</ele></trkpt>
      <trkpt lat="42.038360" lon="2.842400"><ele>108.5</ele></trkpt>
      <trkpt lat="42.038470" lon="2.842451"><ele>109.2</ele></trkpt>
      <trkpt lat="42.038581" lon="2.842560"><ele>109.2</ele></trkpt>
      <trkpt lat="42.038688" lon="2.842690"><ele>110.0</ele></trkpt>
      <trkpt lat="42.038758" lon="2.842791"><ele>110.0</ele></trkpt>
      <trkpt lat="42.038798" lon="2.842788"><ele>110.0</ele></trkpt>
      <trkpt lat="42.038897" lon="2.842733"><ele>110.5</ele></trkpt>
      <trkpt lat="42.039000" lon="2.842565"><ele>113.2</ele></trkpt>
      <trkpt lat="42.039617" lon="2.841913"><ele>118.0</ele></trkpt>
      <trkpt lat="42.039865" lon="2.841619"><ele>119.2</ele></trkpt>
      <trkpt lat="42.039934" lon="2.841542"><ele>119.5</ele></trkpt>
      <trkpt lat="42.040022" lon="2.841446"><ele>119.5</ele></trkpt>
      <trkpt lat="42.040079" lon="2.841398"><ele>119.0</ele></trkpt>
      <trkpt lat="42.040203" lon="2.841361"><ele>118.0</ele></trkpt>
      <trkpt lat="42.040411" lon="2.841357"><ele>117.2</ele></trkpt>
      <trkpt lat="42.040470" lon="2.841346"><ele>117.2</ele></trkpt>
      <trkpt lat="42.040522" lon="2.841318"><ele>116.8</ele></trkpt>
      <trkpt lat="42.040560" lon="2.841279"><ele>115.8</ele></trkpt>
      <trkpt lat="42.040604" lon="2.841217"><ele>113.8</ele></trkpt>
      <trkpt lat="42.040985" lon="2.840574"><ele>110.2</ele></trkpt>
      <trkpt lat="42.041007" lon="2.840535"><ele>111.0</ele></trkpt>
      <trkpt lat="42.041053" lon="2.840486"><ele>112.0</ele></trkpt>
      <trkpt lat="42.041269" lon="2.840338"><ele>111.8</ele></trkpt>
      <trkpt lat="42.041520" lon="2.840093"><ele>111.2</ele></trkpt>
      <trkpt lat="42.041630" lon="2.840057"><ele>110.2</ele></trkpt>
      <trkpt lat="42.041709" lon="2.840059"><ele>110.8</ele></trkpt>
      <trkpt lat="42.041793" lon="2.840173"><ele>111.8</ele></trkpt>
      <trkpt lat="42.041926" lon="2.840498"><ele>110.2</ele></trkpt>
      <trkpt lat="42.042041" lon="2.840648"><ele>110.0</ele></trkpt>
      <trkpt lat="42.042174" lon="2.840736"><ele>111.0</ele></trkpt>
      <trkpt lat="42.042252" lon="2.840713"><ele>111.8</ele></trkpt>
      <trkpt lat="42.042331" lon="2.840651"><ele>112.2</ele></trkpt>
      <trkpt lat="42.042474" lon="2.840283"><ele>114.0</ele></trkpt>
      <trkpt lat="42.042546" lon="2.840191"><ele>115.0</ele></trkpt>
      <trkpt lat="42.042649" lon="2.840184"><ele>115.2</ele></trkpt>
      <trkpt lat="42.042756" lon="2.840213"><ele>115.2</ele></trkpt>
      <trkpt lat="42.042867" lon="2.840175"><ele>116.5</ele></trkpt>
      <trkpt lat="42.042911" lon="2.840113"><ele>117.2</ele></trkpt>
      <trkpt lat="42.043082" lon="2.839808"><ele>120.5</ele></trkpt>
      <trkpt lat="42.043132" lon="2.839742"><ele>121.2</ele></trkpt>
      <trkpt lat="42.043205" lon="2.839666"><ele>122.2</ele></trkpt>
      <trkpt lat="42.043290" lon="2.839638"><ele>122.2</ele></trkpt>
      <trkpt lat="42.043401" lon="2.839737"><ele>121.0</ele></trkpt>
      <trkpt lat="42.043477" lon="2.839854"><ele>119.8</ele></trkpt>
      <trkpt lat="42.043495" lon="2.839881"><ele>119.5</ele></trkpt>
      <trkpt lat="42.043655" lon="2.839963"><ele>117.8</ele></trkpt>
      <trkpt lat="42.043876" lon="2.839986"><ele>114.5</ele></trkpt>
      <trkpt lat="42.043998" lon="2.840065"><ele>112.5</ele></trkpt>
      <trkpt lat="42.044142" lon="2.840198"><ele>110.0</ele></trkpt>
      <trkpt lat="42.044248" lon="2.840365"><ele>106.5</ele></trkpt>
      <trkpt lat="42.044372" lon="2.840634"><ele>104.0</ele></trkpt>
      <trkpt lat="42.044483" lon="2.840843"><ele>103.5</ele></trkpt>
      <trkpt lat="42.044846" lon="2.841183"><ele>95.2</ele></trkpt>
      <trkpt lat="42.045090" lon="2.841477"><ele>91.5</ele></trkpt>
      <trkpt lat="42.045220" lon="2.841706"><ele>91.0</ele></trkpt>
      <trkpt lat="42.045460" lon="2.842326"><ele>91.5</ele></trkpt>
      <trkpt lat="42.045479" lon="2.842461"><ele>91.5</ele></trkpt>
      <trkpt lat="42.045479" lon="2.842645"><ele>91.2</ele></trkpt>
      <trkpt lat="42.045445" lon="2.842937"><ele>90.5</ele></trkpt>
      <trkpt lat="42.045368" lon="2.843157"><ele>90.2</ele></trkpt>
      <trkpt lat="42.045221" lon="2.843373"><ele>90.2</ele></trkpt>
      <trkpt lat="42.045187" lon="2.843573"><ele>89.0</ele></trkpt>
      <trkpt lat="42.045216" lon="2.843916"><ele>85.2</ele></trkpt>
      <trkpt lat="42.045311" lon="2.844750"><ele>78.5</ele></trkpt>
      <trkpt lat="42.045302" lon="2.845078"><ele>76.5</ele></trkpt>
      <trkpt lat="42.045214" lon="2.845588"><ele>75.5</ele></trkpt>
      <trkpt lat="42.045225" lon="2.845692"><ele>74.8</ele></trkpt>
      <trkpt lat="42.045256" lon="2.845786"><ele>74.2</ele></trkpt>
      <trkpt lat="42.045344" lon="2.845896"><ele>73.2</ele></trkpt>
      <trkpt lat="42.045458" lon="2.845950"><ele>72.2</ele></trkpt>
      <trkpt lat="42.045544" lon="2.846023"><ele>71.2</ele></trkpt>
      <trkpt lat="42.045567" lon="2.846120"><ele>70.8</ele></trkpt>
      <trkpt lat="42.045572" lon="2.846216"><ele>71.0</ele></trkpt>
      <trkpt lat="42.045667" lon="2.846059"><ele>69.2</ele></trkpt>
      <trkpt lat="42.045827" lon="2.845734"><ele>68.8</ele></trkpt>
      <trkpt lat="42.046498" lon="2.844973"><ele>67.0</ele></trkpt>
      <trkpt lat="42.046826" lon="2.844725"><ele>62.5</ele></trkpt>
      <trkpt lat="42.046981" lon="2.844472"><ele>61.8</ele></trkpt>
      <trkpt lat="42.047045" lon="2.844288"><ele>61.5</ele></trkpt>
      <trkpt lat="42.047147" lon="2.843904"><ele>59.8</ele></trkpt>
      <trkpt lat="42.047257" lon="2.843667"><ele>58.2</ele></trkpt>
      <trkpt lat="42.047418" lon="2.843546"><ele>57.5</ele></trkpt>
      <trkpt lat="42.047539" lon="2.843494"><ele>56.8</ele></trkpt>
      <trkpt lat="42.047665" lon="2.843634"><ele>55.2</ele></trkpt>
      <trkpt lat="42.047778" lon="2.843822"><ele>55.0</ele></trkpt>
      <trkpt lat="42.047880" lon="2.843906"><ele>56.0</ele></trkpt>
      <trkpt lat="42.047914" lon="2.843917"><ele>56.5</ele></trkpt>
      <trkpt lat="42.047957" lon="2.843931"><ele>57.2</ele></trkpt>
      <trkpt lat="42.048049" lon="2.843919"><ele>58.2</ele></trkpt>
      <trkpt lat="42.048245" lon="2.843817"><ele>61.2</ele></trkpt>
      <trkpt lat="42.048334" lon="2.843716"><ele>62.0</ele></trkpt>
      <trkpt lat="42.048532" lon="2.843442"><ele>65.5</ele></trkpt>
      <trkpt lat="42.048701" lon="2.843340"><ele>68.5</ele></trkpt>
      <trkpt lat="42.048901" lon="2.843238"><ele>70.5</ele></trkpt>
      <trkpt lat="42.049079" lon="2.843136"><ele>70.8</ele></trkpt>
      <trkpt lat="42.049391" lon="2.843073"><ele>72.5</ele></trkpt>
      <trkpt lat="42.049460" lon="2.843034"><ele>73.0</ele></trkpt>
      <trkpt lat="42.049580" lon="2.842913"><ele>74.0</ele></trkpt>
      <trkpt lat="42.049732" lon="2.842848"><ele>77.0</ele></trkpt>
      <trkpt lat="42.050005" lon="2.842785"><ele>81.0</ele></trkpt>
      <trkpt lat="42.050131" lon="2.842696"><ele>84.8</ele></trkpt>
      <trkpt lat="42.050343" lon="2.842484"><ele>87.2</ele></trkpt>
      <trkpt lat="42.050588" lon="2.842347"><ele>91.5</ele></trkpt>
      <trkpt lat="42.050675" lon="2.842251"><ele>92.5</ele></trkpt>
      <trkpt lat="42.050835" lon="2.842051"><ele>94.5</ele></trkpt>
      <trkpt lat="42.051026" lon="2.841859"><ele>97.2</ele></trkpt>
      <trkpt lat="42.051190" lon="2.841721"><ele>99.0</ele></trkpt>
      <trkpt lat="42.051246" lon="2.841761"><ele>98.8</ele></trkpt>
      <trkpt lat="42.051279" lon="2.841815"><ele>98.5</ele></trkpt>
      <trkpt lat="42.051333" lon="2.841953"><ele>97.8</ele></trkpt>
      <trkpt lat="42.051401" lon="2.842007"><ele>97.5</ele></trkpt>
      <trkpt lat="42.051529" lon="2.842014"><ele>97.5</ele></trkpt>
      <trkpt lat="42.051559" lon="2.842025"><ele>97.2</ele></trkpt>
      <trkpt lat="42.051768" lon="2.842117"><ele>95.2</ele></trkpt>
      <trkpt lat="42.051924" lon="2.842119"><ele>94.5</ele></trkpt>
      <trkpt lat="42.052119" lon="2.842100"><ele>92.5</ele></trkpt>
      <trkpt lat="42.052218" lon="2.842058"><ele>91.5</ele></trkpt>
      <trkpt lat="42.052390" lon="2.841934"><ele>89.8</ele></trkpt>
      <trkpt lat="42.052491" lon="2.841920"><ele>88.5</ele></trkpt>
      <trkpt lat="42.053004" lon="2.841934"><ele>82.5</ele></trkpt>
      <trkpt lat="42.053138" lon="2.841964"><ele>81.2</ele></trkpt>
      <trkpt lat="42.053234" lon="2.842037"><ele>80.2</ele></trkpt>
      <trkpt lat="42.053345" lon="2.842206"><ele>78.8</ele></trkpt>
      <trkpt lat="42.053378" lon="2.842297"><ele>77.5</ele></trkpt>
      <trkpt lat="42.053376" lon="2.842402"><ele>76.2</ele></trkpt>
      <trkpt lat="42.053343" lon="2.842501"><ele>74.8</ele></trkpt>
      <trkpt lat="42.053173" lon="2.842742"><ele>75.0</ele></trkpt>
      <trkpt lat="42.053028" lon="2.843039"><ele>73.2</ele></trkpt>
      <trkpt lat="42.053013" lon="2.843206"><ele>72.0</ele></trkpt>
      <trkpt lat="42.053089" lon="2.843646"><ele>70.8</ele></trkpt>
      <trkpt lat="42.053317" lon="2.844620"><ele>67.2</ele></trkpt>
      <trkpt lat="42.053456" lon="2.845257"><ele>66.2</ele></trkpt>
      <trkpt lat="42.053451" lon="2.845388"><ele>65.8</ele></trkpt>
      <trkpt lat="42.053501" lon="2.845409"><ele>65.8</ele></trkpt>
      <trkpt lat="42.053913" lon="2.845259"><ele>65.8</ele></trkpt>
      <trkpt lat="42.054638" lon="2.845063"><ele>64.8</ele></trkpt>
      <trkpt lat="42.054717" lon="2.845083"><ele>64.0</ele></trkpt>
      <trkpt lat="42.054790" lon="2.845155"><ele>63.0</ele></trkpt>
      <trkpt lat="42.054957" lon="2.845519"><ele>62.8</ele></trkpt>
      <trkpt lat="42.055054" lon="2.845629"><ele>62.5</ele></trkpt>
      <trkpt lat="42.055150" lon="2.845669"><ele>61.8</ele></trkpt>
      <trkpt lat="42.055429" lon="2.845681"><ele>60.0</ele></trkpt>
      <trkpt lat="42.055504" lon="2.845724"><ele>60.0</ele></trkpt>
      <trkpt lat="42.055646" lon="2.845773"><ele>58.8</ele></trkpt>
      <trkpt lat="42.055822" lon="2.845727"><ele>56.0</ele></trkpt>
      <trkpt lat="42.055886" lon="2.845655"><ele>57.0</ele></trkpt>
      <trkpt lat="42.055905" lon="2.845251"><ele>58.2</ele></trkpt>
      <trkpt lat="42.055978" lon="2.845135"><ele>59.0</ele></trkpt>
      <trkpt lat="42.056045" lon="2.845098"><ele>59.2</ele></trkpt>
      <trkpt lat="42.056251" lon="2.845045"><ele>60.0</ele></trkpt>
      <trkpt lat="42.056853" lon="2.844575"><ele>61.8</ele></trkpt>
      <trkpt lat="42.057033" lon="2.844560"><ele>63.8</ele></trkpt>
      <trkpt lat="42.057175" lon="2.844563"><ele>64.5</ele></trkpt>
      <trkpt lat="42.057503" lon="2.844488"><ele>65.2</ele></trkpt>
      <trkpt lat="42.057857" lon="2.844543"><ele>66.5</ele></trkpt>
      <trkpt lat="42.058224" lon="2.844713"><ele>67.2</ele></trkpt>
      <trkpt lat="42.058475" lon="2.844843"><ele>67.2</ele></trkpt>
      <trkpt lat="42.058623" lon="2.844875"><ele>67.5</ele></trkpt>
      <trkpt lat="42.058844" lon="2.844797"><ele>67.8</ele></trkpt>
      <trkpt lat="42.059148" lon="2.844595"><ele>68.2</ele></trkpt>
      <trkpt lat="42.059433" lon="2.844398"><ele>69.8</ele></trkpt>
      <trkpt lat="42.059894" lon="2.844242"><ele>69.8</ele></trkpt>
      <trkpt lat="42.060216" lon="2.844162"><ele>70.8</ele></trkpt>
      <trkpt lat="42.060491" lon="2.844156"><ele>70.2</ele></trkpt>
      <trkpt lat="42.060577" lon="2.844176"><ele>70.0</ele></trkpt>
      <trkpt lat="42.060434" lon="2.843786"><ele>71.0</ele></trkpt>
      <trkpt lat="42.060333" lon="2.843422"><ele>69.8</ele></trkpt>
      <trkpt lat="42.060303" lon="2.843205"><ele>69.2</ele></trkpt>
      <trkpt lat="42.060367" lon="2.843032"><ele>69.5</ele></trkpt>
      <trkpt lat="42.060526" lon="2.842763"><ele>69.0</ele></trkpt>
      <trkpt lat="42.060839" lon="2.842440"><ele>71.0</ele></trkpt>
      <trkpt lat="42.061206" lon="2.842099"><ele>72.8</ele></trkpt>
      <trkpt lat="42.061341" lon="2.841957"><ele>73.5</ele></trkpt>
      <trkpt lat="42.061517" lon="2.841517"><ele>73.5</ele></trkpt>
      <trkpt lat="42.061596" lon="2.841267"><ele>74.8</ele></trkpt>
      <trkpt lat="42.061603" lon="2.841185"><ele>75.5</ele></trkpt>
      <trkpt lat="42.061670" lon="2.840965"><ele>74.8</ele></trkpt>
      <trkpt lat="42.061748" lon="2.840868"><ele>73.8</ele></trkpt>
      <trkpt lat="42.061864" lon="2.840778"><ele>74.2</ele></trkpt>
      <trkpt lat="42.062177" lon="2.840630"><ele>78.5</ele></trkpt>
      <trkpt lat="42.062302" lon="2.840608"><ele>80.0</ele></trkpt>
      <trkpt lat="42.062433" lon="2.840629"><ele>81.8</ele></trkpt>
      <trkpt lat="42.062571" lon="2.840666"><ele>83.8</ele></trkpt>
      <trkpt lat="42.062830" lon="2.840689"><ele>87.5</ele></trkpt>
      <trkpt lat="42.063056" lon="2.840735"><ele>90.2</ele></trkpt>
      <trkpt lat="42.063253" lon="2.840837"><ele>93.0</ele></trkpt>
      <trkpt lat="42.063407" lon="2.840854"><ele>94.8</ele></trkpt>
      <trkpt lat="42.063519" lon="2.840854"><ele>96.0</ele></trkpt>
      <trkpt lat="42.063579" lon="2.840883"><ele>96.5</ele></trkpt>
      <trkpt lat="42.063680" lon="2.841071"><ele>97.8</ele></trkpt>
      <trkpt lat="42.063744" lon="2.841163"><ele>98.0</ele></trkpt>
      <trkpt lat="42.063922" lon="2.841302"><ele>96.8</ele></trkpt>
      <trkpt lat="42.064051" lon="2.841342"><ele>96.5</ele></trkpt>
      <trkpt lat="42.064156" lon="2.841328"><ele>97.2</ele></trkpt>
      <trkpt lat="42.064319" lon="2.841241"><ele>99.2</ele></trkpt>
      <trkpt lat="42.064375" lon="2.841169"><ele>100.8</ele></trkpt>
      <trkpt lat="42.064415" lon="2.840845"><ele>104.5</ele></trkpt>
      <trkpt lat="42.064722" lon="2.840735"><ele>105.5</ele></trkpt>
      <trkpt lat="42.065005" lon="2.840571"><ele>106.8</ele></trkpt>
      <trkpt lat="42.065074" lon="2.840497"><ele>106.5</ele></trkpt>
      <trkpt lat="42.065187" lon="2.840239"><ele>106.8</ele></trkpt>
      <trkpt lat="42.065239" lon="2.840070"><ele>107.2</ele></trkpt>
      <trkpt lat="42.065258" lon="2.839736"><ele>106.8</ele></trkpt>
      <trkpt lat="42.065228" lon="2.839248"><ele>106.5</ele></trkpt>
      <trkpt lat="42.065239" lon="2.839136"><ele>106.0</ele></trkpt>
      <trkpt lat="42.065325" lon="2.839005"><ele>105.0</ele></trkpt>
      <trkpt lat="42.065533" lon="2.838846"><ele>105.2</ele></trkpt>
      <trkpt lat="42.065614" lon="2.838705"><ele>104.2</ele></trkpt>
      <trkpt lat="42.065702" lon="2.838504"><ele>102.2</ele></trkpt>
      <trkpt lat="42.065816" lon="2.838396"><ele>102.2</ele></trkpt>
      <trkpt lat="42.066022" lon="2.838055"><ele>102.0</ele></trkpt>
      <trkpt lat="42.066097" lon="2.837876"><ele>102.8</ele></trkpt>
      <trkpt lat="42.066092" lon="2.837621"><ele>103.2</ele></trkpt>
      <trkpt lat="42.066062" lon="2.837278"><ele>105.0</ele></trkpt>
      <trkpt lat="42.066099" lon="2.837233"><ele>105.8</ele></trkpt>
      <trkpt lat="42.066161" lon="2.837205"><ele>106.8</ele></trkpt>
      <trkpt lat="42.066319" lon="2.837269"><ele>107.8</ele></trkpt>
      <trkpt lat="42.066617" lon="2.837369"><ele>109.8</ele></trkpt>
      <trkpt lat="42.066905" lon="2.837431"><ele>110.8</ele></trkpt>
      <trkpt lat="42.067143" lon="2.837448"><ele>112.8</ele></trkpt>
      <trkpt lat="42.067361" lon="2.837452"><ele>113.5</ele></trkpt>
      <trkpt lat="42.067596" lon="2.837412"><ele>113.8</ele></trkpt>
      <trkpt lat="42.067928" lon="2.837444"><ele>111.8</ele></trkpt>
      <trkpt lat="42.068115" lon="2.837432"><ele>110.2</ele></trkpt>
      <trkpt lat="42.068240" lon="2.837442"><ele>109.0</ele></trkpt>
      <trkpt lat="42.068412" lon="2.837483"><ele>108.0</ele></trkpt>
      <trkpt lat="42.068638" lon="2.837571"><ele>107.0</ele></trkpt>
      <trkpt lat="42.068756" lon="2.837621"><ele>105.5</ele></trkpt>
      <trkpt lat="42.069028" lon="2.837688"><ele>102.8</ele></trkpt>
      <trkpt lat="42.069215" lon="2.837624"><ele>101.2</ele></trkpt>
      <trkpt lat="42.069342" lon="2.837535"><ele>99.5</ele></trkpt>
      <trkpt lat="42.069503" lon="2.837493"><ele>97.5</ele></trkpt>
      <trkpt lat="42.069612" lon="2.837525"><ele>96.5</ele></trkpt>
      <trkpt lat="42.069925" lon="2.837730"><ele>95.0</ele></trkpt>
      <trkpt lat="42.070292" lon="2.838010"><ele>95.2</ele></trkpt>
      <trkpt lat="42.070386" lon="2.838126"><ele>96.8</ele></trkpt>
      <trkpt lat="42.070419" lon="2.838227"><ele>97.5</ele></trkpt>
      <trkpt lat="42.070422" lon="2.838458"><ele>96.8</ele></trkpt>
      <trkpt lat="42.070446" lon="2.838575"><ele>96.2</ele></trkpt>
      <trkpt lat="42.070521" lon="2.838621"><ele>96.5</ele></trkpt>
      <trkpt lat="42.070556" lon="2.838543"><ele>97.5</ele></trkpt>
      <trkpt lat="42.070625" lon="2.838509"><ele>98.5</ele></trkpt>
      <trkpt lat="42.070837" lon="2.838455"><ele>100.5</ele></trkpt>
      <trkpt lat="42.071092" lon="2.838445"><ele>100.2</ele></trkpt>
      <trkpt lat="42.071115" lon="2.838429"><ele>100.5</ele></trkpt>
      <trkpt lat="42.071128" lon="2.838395"><ele>101.0</ele></trkpt>
      <trkpt lat="42.071134" lon="2.838381"><ele>101.0</ele></trkpt>
      <trkpt lat="42.071146" lon="2.838238"><ele>102.5</ele></trkpt>
      <trkpt lat="42.071107" lon="2.837874"><ele>103.8</ele></trkpt>
      <trkpt lat="42.071122" lon="2.837809"><ele>104.0</ele></trkpt>
      <trkpt lat="42.071180" lon="2.837646"><ele>104.8</ele></trkpt>
      <trkpt lat="42.071232" lon="2.837569"><ele>105.5</ele></trkpt>
      <trkpt lat="42.071255" lon="2.837554"><ele>105.8</ele></trkpt>
      <trkpt lat="42.071353" lon="2.837516"><ele>106.5</ele></trkpt>
      <trkpt lat="42.071391" lon="2.837524"><ele>106.8</ele></trkpt>
      <trkpt lat="42.071668" lon="2.837687"><ele>106.8</ele></trkpt>
      <trkpt lat="42.071782" lon="2.837721"><ele>105.5</ele></trkpt>
      <trkpt lat="42.071892" lon="2.837719"><ele>104.5</ele></trkpt>
      <trkpt lat="42.072195" lon="2.837665"><ele>103.5</ele></trkpt>
      <trkpt lat="42.072538" lon="2.837590"><ele>103.5</ele></trkpt>
      <trkpt lat="42.073400" lon="2.837477"><ele>98.8</ele></trkpt>
      <trkpt lat="42.073812" lon="2.837405"><ele>95.8</ele></trkpt>
      <trkpt lat="42.073934" lon="2.837365"><ele>95.2</ele></trkpt>
      <trkpt lat="42.074832" lon="2.836801"><ele>90.5</ele></trkpt>
      <trkpt lat="42.075089" lon="2.836665"><ele>90.5</ele></trkpt>
      <trkpt lat="42.075282" lon="2.836594"><ele>90.8</ele></trkpt>
      <trkpt lat="42.075915" lon="2.836423"><ele>90.2</ele></trkpt>
      <trkpt lat="42.076241" lon="2.836291"><ele>90.2</ele></trkpt>
      <trkpt lat="42.076497" lon="2.836209"><ele>89.0</ele></trkpt>
      <trkpt lat="42.076570" lon="2.836241"><ele>88.5</ele></trkpt>
      <trkpt lat="42.076314" lon="2.836773"><ele>87.5</ele></trkpt>
      <trkpt lat="42.076392" lon="2.836842"><ele>86.5</ele></trkpt>
      <trkpt lat="42.076476" lon="2.836866"><ele>86.2</ele></trkpt>
      <trkpt lat="42.076647" lon="2.836875"><ele>85.5</ele></trkpt>
      <trkpt lat="42.077079" lon="2.836798"><ele>85.5</ele></trkpt>
      <trkpt lat="42.077393" lon="2.836756"><ele>85.2</ele></trkpt>
      <trkpt lat="42.077476" lon="2.836763"><ele>85.0</ele></trkpt>
      <trkpt lat="42.077551" lon="2.836751"><ele>85.0</ele></trkpt>
      <trkpt lat="42.077625" lon="2.836737"><ele>85.0</ele></trkpt>
      <trkpt lat="42.077841" lon="2.836650"><ele>84.8</ele></trkpt>
      <trkpt lat="42.077917" lon="2.836643"><ele>84.5</ele></trkpt>
      <trkpt lat="42.077994" lon="2.836650"><ele>84.2</ele></trkpt>
      <trkpt lat="42.078103" lon="2.836694"><ele>84.0</ele></trkpt>
      <trkpt lat="42.078289" lon="2.836866"><ele>82.8</ele></trkpt>
      <trkpt lat="42.078351" lon="2.836854"><ele>82.2</ele></trkpt>
      <trkpt lat="42.078420" lon="2.836816"><ele>81.5</ele></trkpt>
      <trkpt lat="42.078543" lon="2.836642"><ele>80.8</ele></trkpt>
      <trkpt lat="42.078619" lon="2.836575"><ele>79.8</ele></trkpt>
      <trkpt lat="42.078662" lon="2.836548"><ele>80.5</ele></trkpt>
      <trkpt lat="42.079072" lon="2.836563"><ele>84.8</ele></trkpt>
      <trkpt lat="42.079147" lon="2.836544"><ele>85.2</ele></trkpt>
      <trkpt lat="42.079252" lon="2.836495"><ele>85.2</ele></trkpt>
      <trkpt lat="42.079549" lon="2.836259"><ele>85.8</ele></trkpt>
      <trkpt lat="42.079594" lon="2.836194"><ele>86.0</ele></trkpt>
      <trkpt lat="42.079611" lon="2.836106"><ele>86.8</ele></trkpt>
      <trkpt lat="42.079601" lon="2.835956"><ele>87.5</ele></trkpt>
      <trkpt lat="42.079620" lon="2.835819"><ele>88.0</ele></trkpt>
      <trkpt lat="42.079665" lon="2.835720"><ele>88.0</ele></trkpt>
      <trkpt lat="42.079712" lon="2.835681"><ele>88.0</ele></trkpt>
      <trkpt lat="42.079947" lon="2.835619"><ele>87.0</ele></trkpt>
      <trkpt lat="42.080062" lon="2.835540"><ele>86.8</ele></trkpt>
      <trkpt lat="42.080139" lon="2.835469"><ele>86.2</ele></trkpt>
      <trkpt lat="42.080260" lon="2.835259"><ele>85.2</ele></trkpt>
      <trkpt lat="42.080251" lon="2.835246"><ele>85.2</ele></trkpt>
      <trkpt lat="42.080235" lon="2.835132"><ele>85.8</ele></trkpt>
      <trkpt lat="42.080230" lon="2.834936"><ele>86.2</ele></trkpt>
      <trkpt lat="42.080271" lon="2.834315"><ele>87.0</ele></trkpt>
      <trkpt lat="42.080323" lon="2.833778"><ele>88.0</ele></trkpt>
      <trkpt lat="42.080322" lon="2.833547"><ele>88.2</ele></trkpt>
      <trkpt lat="42.080452" lon="2.833599"><ele>88.0</ele></trkpt>
      <trkpt lat="42.080557" lon="2.833617"><ele>87.8</ele></trkpt>
      <trkpt lat="42.080660" lon="2.833609"><ele>88.0</ele></trkpt>
      <trkpt lat="42.080760" lon="2.833577"><ele>88.0</ele></trkpt>
      <trkpt lat="42.080936" lon="2.833537"><ele>88.0</ele></trkpt>
      <trkpt lat="42.081075" lon="2.833524"><ele>87.8</ele></trkpt>
      <trkpt lat="42.081279" lon="2.833479"><ele>87.5</ele></trkpt>
      <trkpt lat="42.081383" lon="2.833445"><ele>87.8</ele></trkpt>
      <trkpt lat="42.081594" lon="2.833360"><ele>87.2</ele></trkpt>
      <trkpt lat="42.081738" lon="2.833274"><ele>87.0</ele></trkpt>
      <trkpt lat="42.081924" lon="2.833141"><ele>87.2</ele></trkpt>
      <trkpt lat="42.082323" lon="2.832791"><ele>88.5</ele></trkpt>
      <trkpt lat="42.082649" lon="2.832308"><ele>88.8</ele></trkpt>
      <trkpt lat="42.083100" lon="2.831663"><ele>89.5</ele></trkpt>
      <trkpt lat="42.083283" lon="2.831443"><ele>89.0</ele></trkpt>
      <trkpt lat="42.083405" lon="2.831344"><ele>89.2</ele></trkpt>
      <trkpt lat="42.083556" lon="2.831271"><ele>89.5</ele></trkpt>
      <trkpt lat="42.083712" lon="2.831224"><ele>89.2</ele></trkpt>
      <trkpt lat="42.083988" lon="2.831151"><ele>89.5</ele></trkpt>
      <trkpt lat="42.084168" lon="2.831064"><ele>90.0</ele></trkpt>
      <trkpt lat="42.084427" lon="2.830897"><ele>90.8</ele></trkpt>
      <trkpt lat="42.084605" lon="2.830732"><ele>90.5</ele></trkpt>
      <trkpt lat="42.084811" lon="2.830457"><ele>90.8</ele></trkpt>
      <trkpt lat="42.085006" lon="2.830182"><ele>90.8</ele></trkpt>
      <trkpt lat="42.085079" lon="2.830144"><ele>90.5</ele></trkpt>
      <trkpt lat="42.085092" lon="2.830095"><ele>90.5</ele></trkpt>
      <trkpt lat="42.085130" lon="2.830008"><ele>90.5</ele></trkpt>
      <trkpt lat="42.085906" lon="2.828947"><ele>91.5</ele></trkpt>
      <trkpt lat="42.085967" lon="2.828815"><ele>91.5</ele></trkpt>
      <trkpt lat="42.086027" lon="2.828784"><ele>91.5</ele></trkpt>
      <trkpt lat="42.086155" lon="2.828574"><ele>92.0</ele></trkpt>
      <trkpt lat="42.086861" lon="2.828620"><ele>91.8</ele></trkpt>
      <trkpt lat="42.086926" lon="2.828601"><ele>92.0</ele></trkpt>
      <trkpt lat="42.086964" lon="2.828537"><ele>91.8</ele></trkpt>
      <trkpt lat="42.087035" lon="2.828332"><ele>91.2</ele></trkpt>
      <trkpt lat="42.087068" lon="2.828217"><ele>89.5</ele></trkpt>
      <trkpt lat="42.087251" lon="2.828253"><ele>88.8</ele></trkpt>
      <trkpt lat="42.087337" lon="2.828252"><ele>87.5</ele></trkpt>
      <trkpt lat="42.087366" lon="2.828249"><ele>87.2</ele></trkpt>
      <trkpt lat="42.087373" lon="2.828234"><ele>87.0</ele></trkpt>
      <trkpt lat="42.087346" lon="2.828002"><ele>85.5</ele></trkpt>
      <trkpt lat="42.087364" lon="2.827961"><ele>85.0</ele></trkpt>
      <trkpt lat="42.087399" lon="2.827947"><ele>85.0</ele></trkpt>
      <trkpt lat="42.087408" lon="2.827929"><ele>84.8</ele></trkpt>
      <trkpt lat="42.087402" lon="2.827630"><ele>84.2</ele></trkpt>
      <trkpt lat="42.087441" lon="2.827316"><ele>85.5</ele></trkpt>
      <trkpt lat="42.087404" lon="2.827174"><ele>85.2</ele></trkpt>
      <trkpt lat="42.087219" lon="2.826700"><ele>84.8</ele></trkpt>
      <trkpt lat="42.087162" lon="2.826471"><ele>84.8</ele></trkpt>
      <trkpt lat="42.087145" lon="2.826359"><ele>85.0</ele></trkpt>
      <trkpt lat="42.087307" lon="2.825929"><ele>87.5</ele></trkpt>
      <trkpt lat="42.087374" lon="2.825728"><ele>88.0</ele></trkpt>
      <trkpt lat="42.087531" lon="2.825055"><ele>88.8</ele></trkpt>
      <trkpt lat="42.087620" lon="2.824782"><ele>89.8</ele></trkpt>
      <trkpt lat="42.087767" lon="2.824238"><ele>91.0</ele></trkpt>
      <trkpt lat="42.087758" lon="2.824149"><ele>91.0</ele></trkpt>
      <trkpt lat="42.087755" lon="2.823905"><ele>91.0</ele></trkpt>
      <trkpt lat="42.087773" lon="2.823747"><ele>91.0</ele></trkpt>
      <trkpt lat="42.087804" lon="2.823603"><ele>90.2</ele></trkpt>
      <trkpt lat="42.087453" lon="2.823323"><ele>92.0</ele></trkpt>
      <trkpt lat="42.087430" lon="2.823305"><ele>92.2</ele></trkpt>
      <trkpt lat="42.086698" lon="2.823075"><ele>93.8</ele></trkpt>
      <trkpt lat="42.086420" lon="2.822957"><ele>94.2</ele></trkpt>
      <trkpt lat="42.086584" lon="2.822617"><ele>94.2</ele></trkpt>
      <trkpt lat="42.086758" lon="2.822288"><ele>94.5</ele></trkpt>
      <trkpt lat="42.086923" lon="2.822005"><ele>94.0</ele></trkpt>
      <trkpt lat="42.087404" lon="2.821309"><ele>93.2</ele></trkpt>
      <trkpt lat="42.087648" lon="2.820915"><ele>93.2</ele></trkpt>
      <trkpt lat="42.088164" lon="2.819872"><ele>92.2</ele></trkpt>
      <trkpt lat="42.087835" lon="2.818982"><ele>92.0</ele></trkpt>
      <trkpt lat="42.087788" lon="2.818934"><ele>92.8</ele></trkpt>
      <trkpt lat="42.087932" lon="2.818676"><ele>89.8</ele></trkpt>
      <trkpt lat="42.088045" lon="2.818470"><ele>90.8</ele></trkpt>
      <trkpt lat="42.088087" lon="2.818395"><ele>91.0</ele></trkpt>
      <trkpt lat="42.088127" lon="2.818322"><ele>91.2</ele></trkpt>
      <trkpt lat="42.088575" lon="2.817511"><ele>92.8</ele></trkpt>
      <trkpt lat="42.088888" lon="2.816928"><ele>93.0</ele></trkpt>
      <trkpt lat="42.089031" lon="2.816661"><ele>93.5</ele></trkpt>
      <trkpt lat="42.089651" lon="2.816718"><ele>94.5</ele></trkpt>
      <trkpt lat="42.089676" lon="2.816708"><ele>94.5</ele></trkpt>
      <trkpt lat="42.089876" lon="2.816728"><ele>94.8</ele></trkpt>
      <trkpt lat="42.090919" lon="2.816825"><ele>95.8</ele></trkpt>
      <trkpt lat="42.090921" lon="2.816752"><ele>96.0</ele></trkpt>
      <trkpt lat="42.090904" lon="2.816643"><ele>96.0</ele></trkpt>
      <trkpt lat="42.090882" lon="2.816546"><ele>96.2</ele></trkpt>
      <trkpt lat="42.090841" lon="2.816457"><ele>96.5</ele></trkpt>
      <trkpt lat="42.090722" lon="2.816377"><ele>96.5</ele></trkpt>
      <trkpt lat="42.090543" lon="2.816293"><ele>96.2</ele></trkpt>
      <trkpt lat="42.090501" lon="2.816215"><ele>96.5</ele></trkpt>
      <trkpt lat="42.090509" lon="2.815958"><ele>96.8</ele></trkpt>
      <trkpt lat="42.090528" lon="2.815868"><ele>96.8</ele></trkpt>
      <trkpt lat="42.090638" lon="2.815621"><ele>97.0</ele></trkpt>
      <trkpt lat="42.090900" lon="2.815400"><ele>97.0</ele></trkpt>
      <trkpt lat="42.091006" lon="2.815337"><ele>97.2</ele></trkpt>
      <trkpt lat="42.091079" lon="2.815251"><ele>97.8</ele></trkpt>
      <trkpt lat="42.091270" lon="2.814872"><ele>98.0</ele></trkpt>
      <trkpt lat="42.091421" lon="2.814356"><ele>98.0</ele></trkpt>
      <trkpt lat="42.091437" lon="2.814283"><ele>98.0</ele></trkpt>
      <trkpt lat="42.091656" lon="2.813327"><ele>98.8</ele></trkpt>
      <trkpt lat="42.091748" lon="2.813308"><ele>99.0</ele></trkpt>
      <trkpt lat="42.091854" lon="2.813267"><ele>99.0</ele></trkpt>
      <trkpt lat="42.091968" lon="2.813204"><ele>99.0</ele></trkpt>
      <trkpt lat="42.092388" lon="2.812858"><ele>99.0</ele></trkpt>
      <trkpt lat="42.092720" lon="2.812633"><ele>99.2</ele></trkpt>
      <trkpt lat="42.092878" lon="2.812498"><ele>100.0</ele></trkpt>
      <trkpt lat="42.093089" lon="2.812290"><ele>100.8</ele></trkpt>
      <trkpt lat="42.093233" lon="2.812094"><ele>101.0</ele></trkpt>
      <trkpt lat="42.093391" lon="2.811848"><ele>101.0</ele></trkpt>
      <trkpt lat="42.093733" lon="2.811258"><ele>101.2</ele></trkpt>
      <trkpt lat="42.094234" lon="2.810359"><ele>103.0</ele></trkpt>
      <trkpt lat="42.094580" lon="2.809808"><ele>103.2</ele></trkpt>
      <trkpt lat="42.094761" lon="2.809561"><ele>103.2</ele></trkpt>
      <trkpt lat="42.094917" lon="2.809332"><ele>103.2</ele></trkpt>
      <trkpt lat="42.095204" lon="2.808872"><ele>103.2</ele></trkpt>
      <trkpt lat="42.095444" lon="2.808420"><ele>104.0</ele></trkpt>
      <trkpt lat="42.095806" lon="2.807683"><ele>104.0</ele></trkpt>
      <trkpt lat="42.096083" lon="2.807163"><ele>104.2</ele></trkpt>
      <trkpt lat="42.096503" lon="2.806479"><ele>104.2</ele></trkpt>
      <trkpt lat="42.096617" lon="2.806243"><ele>104.0</ele></trkpt>
      <trkpt lat="42.096685" lon="2.806050"><ele>103.8</ele></trkpt>
      <trkpt lat="42.096701" lon="2.805968"><ele>103.5</ele></trkpt>
      <trkpt lat="42.096680" lon="2.805905"><ele>103.8</ele></trkpt>
      <trkpt lat="42.096649" lon="2.805864"><ele>104.0</ele></trkpt>
      <trkpt lat="42.096290" lon="2.805695"><ele>103.5</ele></trkpt>
      <trkpt lat="42.095966" lon="2.805504"><ele>104.5</ele></trkpt>
      <trkpt lat="42.095854" lon="2.805487"><ele>105.8</ele></trkpt>
      <trkpt lat="42.095714" lon="2.805545"><ele>106.2</ele></trkpt>
      <trkpt lat="42.095628" lon="2.805538"><ele>106.8</ele></trkpt>
      <trkpt lat="42.095564" lon="2.805511"><ele>106.8</ele></trkpt>
      <trkpt lat="42.095228" lon="2.805306"><ele>106.8</ele></trkpt>
      <trkpt lat="42.094995" lon="2.805148"><ele>107.0</ele></trkpt>
      <trkpt lat="42.094767" lon="2.804979"><ele>107.0</ele></trkpt>
      <trkpt lat="42.094516" lon="2.804718"><ele>107.2</ele></trkpt>
      <trkpt lat="42.094151" lon="2.804315"><ele>107.2</ele></trkpt>
      <trkpt lat="42.094484" lon="2.803773"><ele>106.5</ele></trkpt>
      <trkpt lat="42.094627" lon="2.803537"><ele>107.0</ele></trkpt>
      <trkpt lat="42.094757" lon="2.803319"><ele>108.0</ele></trkpt>
      <trkpt lat="42.095058" lon="2.802802"><ele>108.0</ele></trkpt>
      <trkpt lat="42.095442" lon="2.802191"><ele>109.0</ele></trkpt>
      <trkpt lat="42.095559" lon="2.801994"><ele>109.8</ele></trkpt>
      <trkpt lat="42.095608" lon="2.801902"><ele>110.0</ele></trkpt>
      <trkpt lat="42.095734" lon="2.801701"><ele>110.0</ele></trkpt>
      <trkpt lat="42.096159" lon="2.800995"><ele>110.0</ele></trkpt>
      <trkpt lat="42.096765" lon="2.799954"><ele>111.0</ele></trkpt>
      <trkpt lat="42.096891" lon="2.799761"><ele>111.0</ele></trkpt>
      <trkpt lat="42.097022" lon="2.799668"><ele>110.8</ele></trkpt>
      <trkpt lat="42.097523" lon="2.799313"><ele>110.8</ele></trkpt>
      <trkpt lat="42.097806" lon="2.799147"><ele>111.0</ele></trkpt>
      <trkpt lat="42.097872" lon="2.799112"><ele>111.0</ele></trkpt>
      <trkpt lat="42.097988" lon="2.799037"><ele>111.2</ele></trkpt>
      <trkpt lat="42.098799" lon="2.798338"><ele>109.2</ele></trkpt>
      <trkpt lat="42.098887" lon="2.798268"><ele>108.5</ele></trkpt>
      <trkpt lat="42.098920" lon="2.798247"><ele>109.0</ele></trkpt>
      <trkpt lat="42.098972" lon="2.798147"><ele>110.2</ele></trkpt>
      <trkpt lat="42.099142" lon="2.797900"><ele>110.0</ele></trkpt>
      <trkpt lat="42.099208" lon="2.797684"><ele>111.5</ele></trkpt>
      <trkpt lat="42.099298" lon="2.797286"><ele>113.2</ele></trkpt>
      <trkpt lat="42.099388" lon="2.796816"><ele>111.5</ele></trkpt>
      <trkpt lat="42.099470" lon="2.796460"><ele>111.8</ele></trkpt>
      <trkpt lat="42.099500" lon="2.796436"><ele>111.8</ele></trkpt>
      <trkpt lat="42.100282" lon="2.795981"><ele>112.8</ele></trkpt>
      <trkpt lat="42.100437" lon="2.795882"><ele>113.0</ele></trkpt>
      <trkpt lat="42.100542" lon="2.795787"><ele>113.0</ele></trkpt>
      <trkpt lat="42.100633" lon="2.795692"><ele>113.0</ele></trkpt>
      <trkpt lat="42.100717" lon="2.795651"><ele>112.8</ele></trkpt>
      <trkpt lat="42.101022" lon="2.795527"><ele>111.5</ele></trkpt>
      <trkpt lat="42.101096" lon="2.795483"><ele>111.2</ele></trkpt>
      <trkpt lat="42.101178" lon="2.795395"><ele>111.5</ele></trkpt>
      <trkpt lat="42.101082" lon="2.795032"><ele>112.8</ele></trkpt>
      <trkpt lat="42.101145" lon="2.794749"><ele>113.5</ele></trkpt>
      <trkpt lat="42.101159" lon="2.794514"><ele>114.5</ele></trkpt>
      <trkpt lat="42.101058" lon="2.793982"><ele>115.5</ele></trkpt>
      <trkpt lat="42.101024" lon="2.793202"><ele>116.0</ele></trkpt>
      <trkpt lat="42.100996" lon="2.792371"><ele>117.2</ele></trkpt>
      <trkpt lat="42.100961" lon="2.792203"><ele>117.5</ele></trkpt>
      <trkpt lat="42.100950" lon="2.792102"><ele>117.8</ele></trkpt>
      <trkpt lat="42.100964" lon="2.791946"><ele>118.5</ele></trkpt>
      <trkpt lat="42.101038" lon="2.791768"><ele>118.2</ele></trkpt>
      <trkpt lat="42.100959" lon="2.791692"><ele>118.5</ele></trkpt>
      <trkpt lat="42.100974" lon="2.791626"><ele>118.2</ele></trkpt>
      <trkpt lat="42.100920" lon="2.791558"><ele>118.5</ele></trkpt>
      <trkpt lat="42.100901" lon="2.791485"><ele>118.8</ele></trkpt>
      <trkpt lat="42.100983" lon="2.791349"><ele>118.5</ele></trkpt>
      <trkpt lat="42.101084" lon="2.791189"><ele>118.5</ele></trkpt>
      <trkpt lat="42.101138" lon="2.791196"><ele>118.5</ele></trkpt>
      <trkpt lat="42.101447" lon="2.790698"><ele>119.8</ele></trkpt>
      <trkpt lat="42.101430" lon="2.790631"><ele>119.8</ele></trkpt>
      <trkpt lat="42.101622" lon="2.790329"><ele>120.0</ele></trkpt>
      <trkpt lat="42.102208" lon="2.789366"><ele>121.0</ele></trkpt>
      <trkpt lat="42.102840" lon="2.788325"><ele>122.8</ele></trkpt>
      <trkpt lat="42.102971" lon="2.788115"><ele>122.8</ele></trkpt>
      <trkpt lat="42.102908" lon="2.788052"><ele>123.0</ele></trkpt>
      <trkpt lat="42.102817" lon="2.787963"><ele>123.0</ele></trkpt>
      <trkpt lat="42.102806" lon="2.787951"><ele>123.0</ele></trkpt>
      <trkpt lat="42.102924" lon="2.787744"><ele>123.0</ele></trkpt>
      <trkpt lat="42.102197" lon="2.786978"><ele>124.0</ele></trkpt>
      <trkpt lat="42.102014" lon="2.786775"><ele>124.8</ele></trkpt>
      <trkpt lat="42.101999" lon="2.786734"><ele>124.8</ele></trkpt>
      <trkpt lat="42.101983" lon="2.786681"><ele>124.8</ele></trkpt>
      <trkpt lat="42.101971" lon="2.786638"><ele>125.0</ele></trkpt>
      <trkpt lat="42.101886" lon="2.786590"><ele>125.0</ele></trkpt>
      <trkpt lat="42.101715" lon="2.785926"><ele>125.5</ele></trkpt>
      <trkpt lat="42.101542" lon="2.785251"><ele>126.5</ele></trkpt>
      <trkpt lat="42.101428" lon="2.784810"><ele>127.0</ele></trkpt>
      <trkpt lat="42.101398" lon="2.784884"><ele>127.0</ele></trkpt>
      <trkpt lat="42.101340" lon="2.784657"><ele>127.2</ele></trkpt>
      <trkpt lat="42.101328" lon="2.784621"><ele>127.5</ele></trkpt>
      <trkpt lat="42.101317" lon="2.784542"><ele>127.5</ele></trkpt>
      <trkpt lat="42.101320" lon="2.784396"><ele>128.0</ele></trkpt>
      <trkpt lat="42.101339" lon="2.784314"><ele>128.2</ele></trkpt>
      <trkpt lat="42.101373" lon="2.784217"><ele>128.8</ele></trkpt>
      <trkpt lat="42.102284" lon="2.782222"><ele>130.8</ele></trkpt>
      <trkpt lat="42.102502" lon="2.781772"><ele>131.0</ele></trkpt>
      <trkpt lat="42.103129" lon="2.780484"><ele>133.0</ele></trkpt>
      <trkpt lat="42.103222" lon="2.780299"><ele>133.2</ele></trkpt>
      <trkpt lat="42.103213" lon="2.780271"><ele>133.2</ele></trkpt>
      <trkpt lat="42.103237" lon="2.780211"><ele>133.5</ele></trkpt>
      <trkpt lat="42.103473" lon="2.779615"><ele>133.5</ele></trkpt>
      <trkpt lat="42.103692" lon="2.779061"><ele>134.8</ele></trkpt>
      <trkpt lat="42.103943" lon="2.778365"><ele>135.0</ele></trkpt>
      <trkpt lat="42.104064" lon="2.778092"><ele>135.2</ele></trkpt>
      <trkpt lat="42.104118" lon="2.777952"><ele>135.0</ele></trkpt>
      <trkpt lat="42.104135" lon="2.777879"><ele>135.0</ele></trkpt>
      <trkpt lat="42.104162" lon="2.777629"><ele>135.5</ele></trkpt>
      <trkpt lat="42.104219" lon="2.777179"><ele>136.2</ele></trkpt>
      <trkpt lat="42.104251" lon="2.777079"><ele>136.5</ele></trkpt>
      <trkpt lat="42.104274" lon="2.777003"><ele>136.8</ele></trkpt>
      <trkpt lat="42.104338" lon="2.776990"><ele>136.8</ele></trkpt>
      <trkpt lat="42.104356" lon="2.776957"><ele>136.8</ele></trkpt>
      <trkpt lat="42.104389" lon="2.776797"><ele>137.0</ele></trkpt>
      <trkpt lat="42.104431" lon="2.776809"><ele>137.0</ele></trkpt>
      <trkpt lat="42.104498" lon="2.776827"><ele>137.0</ele></trkpt>
      <trkpt lat="42.104550" lon="2.776880"><ele>137.0</ele></trkpt>
      <trkpt lat="42.104788" lon="2.776779"><ele>137.0</ele></trkpt>
      <trkpt lat="42.104847" lon="2.776703"><ele>137.0</ele></trkpt>
      <trkpt lat="42.104912" lon="2.776702"><ele>137.0</ele></trkpt>
      <trkpt lat="42.104945" lon="2.776702"><ele>137.0</ele></trkpt>
      <trkpt lat="42.105280" lon="2.776555"><ele>137.2</ele></trkpt>
      <trkpt lat="42.105476" lon="2.776470"><ele>137.5</ele></trkpt>
      <trkpt lat="42.105864" lon="2.776290"><ele>138.0</ele></trkpt>
      <trkpt lat="42.105917" lon="2.776268"><ele>138.0</ele></trkpt>
      <trkpt lat="42.106087" lon="2.776164"><ele>138.5</ele></trkpt>
      <trkpt lat="42.106189" lon="2.776072"><ele>138.5</ele></trkpt>
      <trkpt lat="42.106349" lon="2.775882"><ele>138.5</ele></trkpt>
      <trkpt lat="42.106449" lon="2.775716"><ele>139.0</ele></trkpt>
      <trkpt lat="42.106611" lon="2.775396"><ele>139.5</ele></trkpt>
      <trkpt lat="42.106630" lon="2.775357"><ele>139.5</ele></trkpt>
      <trkpt lat="42.106791" lon="2.775059"><ele>140.2</ele></trkpt>
      <trkpt lat="42.106998" lon="2.774662"><ele>141.8</ele></trkpt>
      <trkpt lat="42.107131" lon="2.774391"><ele>142.0</ele></trkpt>
      <trkpt lat="42.107212" lon="2.774206"><ele>142.0</ele></trkpt>
      <trkpt lat="42.107377" lon="2.773881"><ele>142.0</ele></trkpt>
      <trkpt lat="42.108006" lon="2.772657"><ele>143.0</ele></trkpt>
      <trkpt lat="42.108036" lon="2.772597"><ele>143.0</ele></trkpt>
      <trkpt lat="42.108066" lon="2.772533"><ele>142.8</ele></trkpt>
      <trkpt lat="42.108362" lon="2.771953"><ele>144.0</ele></trkpt>
      <trkpt lat="42.109202" lon="2.770321"><ele>146.0</ele></trkpt>
      <trkpt lat="42.109876" lon="2.769036"><ele>148.0</ele></trkpt>
      <trkpt lat="42.109472" lon="2.768647"><ele>148.8</ele></trkpt>
      <trkpt lat="42.109415" lon="2.768592"><ele>148.8</ele></trkpt>
      <trkpt lat="42.109458" lon="2.768515"><ele>149.0</ele></trkpt>
      <trkpt lat="42.109835" lon="2.767806"><ele>150.8</ele></trkpt>
      <trkpt lat="42.109903" lon="2.767677"><ele>151.0</ele></trkpt>
      <trkpt lat="42.109936" lon="2.767617"><ele>151.2</ele></trkpt>
      <trkpt lat="42.110152" lon="2.767216"><ele>152.0</ele></trkpt>
      <trkpt lat="42.110295" lon="2.766934"><ele>153.0</ele></trkpt>
      <trkpt lat="42.110413" lon="2.766654"><ele>153.2</ele></trkpt>
      <trkpt lat="42.110666" lon="2.766051"><ele>155.5</ele></trkpt>
      <trkpt lat="42.110769" lon="2.765805"><ele>157.0</ele></trkpt>
      <trkpt lat="42.110828" lon="2.765663"><ele>157.5</ele></trkpt>
      <trkpt lat="42.110838" lon="2.765635"><ele>157.5</ele></trkpt>
      <trkpt lat="42.110861" lon="2.765651"><ele>157.5</ele></trkpt>
      <trkpt lat="42.111535" lon="2.766175"><ele>158.5</ele></trkpt>
      <trkpt lat="42.112289" lon="2.766758"><ele>158.8</ele></trkpt>
      <trkpt lat="42.112319" lon="2.766694"><ele>159.2</ele></trkpt>
      <trkpt lat="42.112359" lon="2.766606"><ele>159.8</ele></trkpt>
      <trkpt lat="42.112584" lon="2.766116"><ele>162.8</ele></trkpt>
      <trkpt lat="42.112791" lon="2.765666"><ele>164.5</ele></trkpt>
      <trkpt lat="42.112840" lon="2.765562"><ele>165.0</ele></trkpt>
      <trkpt lat="42.112892" lon="2.765455"><ele>165.8</ele></trkpt>
      <trkpt lat="42.113124" lon="2.764982"><ele>167.2</ele></trkpt>
      <trkpt lat="42.113256" lon="2.764715"><ele>168.5</ele></trkpt>
      <trkpt lat="42.113387" lon="2.764449"><ele>168.8</ele></trkpt>
      <trkpt lat="42.113821" lon="2.763611"><ele>171.0</ele></trkpt>
      <trkpt lat="42.113824" lon="2.763607"><ele>171.0</ele></trkpt>
      <trkpt lat="42.113864" lon="2.763530"><ele>171.2</ele></trkpt>
      <trkpt lat="42.114052" lon="2.763160"><ele>172.5</ele></trkpt>
      <trkpt lat="42.114088" lon="2.763091"><ele>172.8</ele></trkpt>
      <trkpt lat="42.114154" lon="2.762961"><ele>173.0</ele></trkpt>
      <trkpt lat="42.114241" lon="2.762790"><ele>172.8</ele></trkpt>
      <trkpt lat="42.114348" lon="2.762577"><ele>173.5</ele></trkpt>
      <trkpt lat="42.114377" lon="2.762520"><ele>173.8</ele></trkpt>
      <trkpt lat="42.114420" lon="2.762441"><ele>174.0</ele></trkpt>
      <trkpt lat="42.114828" lon="2.761693"><ele>175.5</ele></trkpt>
      <trkpt lat="42.114844" lon="2.761664"><ele>175.5</ele></trkpt>
      <trkpt lat="42.114849" lon="2.761655"><ele>175.5</ele></trkpt>
      <trkpt lat="42.114851" lon="2.761588"><ele>175.8</ele></trkpt>
      <trkpt lat="42.114860" lon="2.761528"><ele>176.0</ele></trkpt>
      <trkpt lat="42.114889" lon="2.761478"><ele>176.0</ele></trkpt>
      <trkpt lat="42.114927" lon="2.761440"><ele>176.0</ele></trkpt>
      <trkpt lat="42.114968" lon="2.761424"><ele>175.8</ele></trkpt>
      <trkpt lat="42.115020" lon="2.761417"><ele>175.8</ele></trkpt>
      <trkpt lat="42.115037" lon="2.761400"><ele>175.8</ele></trkpt>
      <trkpt lat="42.115059" lon="2.761379"><ele>175.8</ele></trkpt>
      <trkpt lat="42.115341" lon="2.761109"><ele>176.0</ele></trkpt>
      <trkpt lat="42.115552" lon="2.760917"><ele>176.0</ele></trkpt>
      <trkpt lat="42.115613" lon="2.760812"><ele>176.0</ele></trkpt>
      <trkpt lat="42.115667" lon="2.760660"><ele>176.2</ele></trkpt>
      <trkpt lat="42.115818" lon="2.760161"><ele>176.5</ele></trkpt>
      <trkpt lat="42.115868" lon="2.759996"><ele>176.8</ele></trkpt>
      <trkpt lat="42.115925" lon="2.760040"><ele>176.5</ele></trkpt>
      <trkpt lat="42.116004" lon="2.760100"><ele>176.0</ele></trkpt>
      <trkpt lat="42.116052" lon="2.759893"><ele>176.0</ele></trkpt>
      <trkpt lat="42.116189" lon="2.759221"><ele>176.0</ele></trkpt>
      <trkpt lat="42.116244" lon="2.759027"><ele>176.0</ele></trkpt>
      <trkpt lat="42.116337" lon="2.758824"><ele>175.8</ele></trkpt>
      <trkpt lat="42.116419" lon="2.758673"><ele>175.0</ele></trkpt>
      <trkpt lat="42.116430" lon="2.758653"><ele>175.0</ele></trkpt>
      <trkpt lat="42.116548" lon="2.758557"><ele>175.0</ele></trkpt>
      <trkpt lat="42.116703" lon="2.758399"><ele>175.0</ele></trkpt>
      <trkpt lat="42.116764" lon="2.758338"><ele>175.0</ele></trkpt>
      <trkpt lat="42.117251" lon="2.757926"><ele>174.2</ele></trkpt>
      <trkpt lat="42.117360" lon="2.757817"><ele>174.8</ele></trkpt>
      <trkpt lat="42.117455" lon="2.757674"><ele>174.5</ele></trkpt>
      <trkpt lat="42.117515" lon="2.757560"><ele>174.0</ele></trkpt>
      <trkpt lat="42.117599" lon="2.757398"><ele>174.2</ele></trkpt>
      <trkpt lat="42.117650" lon="2.757299"><ele>174.5</ele></trkpt>
      <trkpt lat="42.117910" lon="2.756788"><ele>174.5</ele></trkpt>
      <trkpt lat="42.117944" lon="2.756707"><ele>174.2</ele></trkpt>
      <trkpt lat="42.117961" lon="2.756662"><ele>174.2</ele></trkpt>
      <trkpt lat="42.118168" lon="2.756827"><ele>174.5</ele></trkpt>
      <trkpt lat="42.119025" lon="2.757508"><ele>174.5</ele></trkpt>
      <trkpt lat="42.119401" lon="2.757820"><ele>174.2</ele></trkpt>
      <trkpt lat="42.119449" lon="2.757860"><ele>174.2</ele></trkpt>
      <trkpt lat="42.119573" lon="2.757901"><ele>174.2</ele></trkpt>
      <trkpt lat="42.119741" lon="2.757933"><ele>174.5</ele></trkpt>
      <trkpt lat="42.120405" lon="2.758023"><ele>174.2</ele></trkpt>
      <trkpt lat="42.120534" lon="2.758121"><ele>174.2</ele></trkpt>
      <trkpt lat="42.120821" lon="2.758316"><ele>174.0</ele></trkpt>
      <trkpt lat="42.120895" lon="2.758336"><ele>174.0</ele></trkpt>
      <trkpt lat="42.121000" lon="2.758365"><ele>174.0</ele></trkpt>
      <trkpt lat="42.121491" lon="2.758411"><ele>174.0</ele></trkpt>
      <trkpt lat="42.122352" lon="2.758435"><ele>174.2</ele></trkpt>
      <trkpt lat="42.122461" lon="2.758460"><ele>174.8</ele></trkpt>
      <trkpt lat="42.122488" lon="2.758477"><ele>174.8</ele></trkpt>
      <trkpt lat="42.122500" lon="2.758519"><ele>174.8</ele></trkpt>
      <trkpt lat="42.122500" lon="2.758729"><ele>175.0</ele></trkpt>
      <trkpt lat="42.122506" lon="2.758802"><ele>175.0</ele></trkpt>
      <trkpt lat="42.122518" lon="2.758863"><ele>175.0</ele></trkpt>
      <trkpt lat="42.122543" lon="2.758928"><ele>175.0</ele></trkpt>
      <trkpt lat="42.122567" lon="2.758963"><ele>174.8</ele></trkpt>
      <trkpt lat="42.122598" lon="2.758981"><ele>175.0</ele></trkpt>
      <trkpt lat="42.122739" lon="2.758985"><ele>175.0</ele></trkpt>
      <trkpt lat="42.122950" lon="2.759045"><ele>175.0</ele></trkpt>
      <trkpt lat="42.123179" lon="2.759156"><ele>174.8</ele></trkpt>
      <trkpt lat="42.123290" lon="2.759222"><ele>175.0</ele></trkpt>
      <trkpt lat="42.123349" lon="2.759260"><ele>175.0</ele></trkpt>
      <trkpt lat="42.123387" lon="2.759296"><ele>175.0</ele></trkpt>
      <trkpt lat="42.123460" lon="2.759305"><ele>175.0</ele></trkpt>
      <trkpt lat="42.123562" lon="2.759302"><ele>175.0</ele></trkpt>
      <trkpt lat="42.124414" lon="2.759225"><ele>174.0</ele></trkpt>
      <trkpt lat="42.124521" lon="2.759215"><ele>173.5</ele></trkpt>
      <trkpt lat="42.124597" lon="2.759208"><ele>173.2</ele></trkpt>
      <trkpt lat="42.124563" lon="2.758240"><ele>173.5</ele></trkpt>
      <trkpt lat="42.124570" lon="2.758168"><ele>173.8</ele></trkpt>
      <trkpt lat="42.124610" lon="2.758103"><ele>173.8</ele></trkpt>
      <trkpt lat="42.124680" lon="2.758064"><ele>173.8</ele></trkpt>
      <trkpt lat="42.124858" lon="2.757963"><ele>174.0</ele></trkpt>
      <trkpt lat="42.124958" lon="2.757907"><ele>174.0</ele></trkpt>
      <trkpt lat="42.125034" lon="2.757864"><ele>174.0</ele></trkpt>
      <trkpt lat="42.125135" lon="2.757798"><ele>174.0</ele></trkpt>
      <trkpt lat="42.125197" lon="2.757758"><ele>174.0</ele></trkpt>
      <trkpt lat="42.125353" lon="2.757657"><ele>174.0</ele></trkpt>
      <trkpt lat="42.125557" lon="2.757557"><ele>174.0</ele></trkpt>
      <trkpt lat="42.125620" lon="2.757541"><ele>174.0</ele></trkpt>
      <trkpt lat="42.125732" lon="2.757511"><ele>174.0</ele></trkpt>
      <trkpt lat="42.125973" lon="2.757500"><ele>174.0</ele></trkpt>
      <trkpt lat="42.126108" lon="2.757497"><ele>174.0</ele></trkpt>
      <trkpt lat="42.126187" lon="2.757541"><ele>174.0</ele></trkpt>
      <trkpt lat="42.126365" lon="2.757744"><ele>174.0</ele></trkpt>
      <trkpt lat="42.126565" lon="2.758097"><ele>174.0</ele></trkpt>
      <trkpt lat="42.126724" lon="2.758207"><ele>174.0</ele></trkpt>
      <trkpt lat="42.127049" lon="2.758410"><ele>174.2</ele></trkpt>
      <trkpt lat="42.127123" lon="2.758532"><ele>174.0</ele></trkpt>
      <trkpt lat="42.127152" lon="2.758701"><ele>174.0</ele></trkpt>
      <trkpt lat="42.127083" lon="2.758877"><ele>174.0</ele></trkpt>
      <trkpt lat="42.126916" lon="2.759364"><ele>174.0</ele></trkpt>
      <trkpt lat="42.126907" lon="2.759442"><ele>174.0</ele></trkpt>
      <trkpt lat="42.126914" lon="2.759547"><ele>174.0</ele></trkpt>
      <trkpt lat="42.126923" lon="2.759575"><ele>174.0</ele></trkpt>
      <trkpt lat="42.126993" lon="2.759701"><ele>174.0</ele></trkpt>
      <trkpt lat="42.127097" lon="2.759862"><ele>174.0</ele></trkpt>
      <trkpt lat="42.127381" lon="2.760368"><ele>174.0</ele></trkpt>
      <trkpt lat="42.127484" lon="2.760538"><ele>174.0</ele></trkpt>
      <trkpt lat="42.127632" lon="2.760863"><ele>174.0</ele></trkpt>
      <trkpt lat="42.127793" lon="2.761359"><ele>175.0</ele></trkpt>
      <trkpt lat="42.127885" lon="2.761608"><ele>176.0</ele></trkpt>
      <trkpt lat="42.127916" lon="2.761645"><ele>176.2</ele></trkpt>
      <trkpt lat="42.127959" lon="2.761655"><ele>176.5</ele></trkpt>
      <trkpt lat="42.128090" lon="2.761669"><ele>177.0</ele></trkpt>
      <trkpt lat="42.129497" lon="2.761379"><ele>177.0</ele></trkpt>
      <trkpt lat="42.130494" lon="2.761067"><ele>177.8</ele></trkpt>
      <trkpt lat="42.130883" lon="2.761074"><ele>177.5</ele></trkpt>
      <trkpt lat="42.131038" lon="2.761100"><ele>177.0</ele></trkpt>
      <trkpt lat="42.131219" lon="2.761131"><ele>177.0</ele></trkpt>
      <trkpt lat="42.132227" lon="2.760976"><ele>175.5</ele></trkpt>
      <trkpt lat="42.133163" lon="2.760816"><ele>176.2</ele></trkpt>
      <trkpt lat="42.133429" lon="2.760770"><ele>177.0</ele></trkpt>
      <trkpt lat="42.133599" lon="2.760728"><ele>177.0</ele></trkpt>
      <trkpt lat="42.133728" lon="2.760692"><ele>177.2</ele></trkpt>
      <trkpt lat="42.133942" lon="2.760608"><ele>177.5</ele></trkpt>
      <trkpt lat="42.134097" lon="2.760532"><ele>177.5</ele></trkpt>
      <trkpt lat="42.134322" lon="2.760381"><ele>177.2</ele></trkpt>
      <trkpt lat="42.134616" lon="2.760145"><ele>177.5</ele></trkpt>
      <trkpt lat="42.134763" lon="2.759991"><ele>177.2</ele></trkpt>
      <trkpt lat="42.134880" lon="2.759796"><ele>177.0</ele></trkpt>
      <trkpt lat="42.134961" lon="2.759602"><ele>176.8</ele></trkpt>
      <trkpt lat="42.135211" lon="2.758780"><ele>176.5</ele></trkpt>
      <trkpt lat="42.135740" lon="2.757442"><ele>177.8</ele></trkpt>
      <trkpt lat="42.135812" lon="2.757168"><ele>177.5</ele></trkpt>
      <trkpt lat="42.135848" lon="2.756915"><ele>177.0</ele></trkpt>
      <trkpt lat="42.135901" lon="2.756693"><ele>176.8</ele></trkpt>
      <trkpt lat="42.135964" lon="2.756513"><ele>176.8</ele></trkpt>
      <trkpt lat="42.136118" lon="2.756333"><ele>177.0</ele></trkpt>
      <trkpt lat="42.136211" lon="2.756183"><ele>178.0</ele></trkpt>
      <trkpt lat="42.136211" lon="2.756206"><ele>178.0</ele></trkpt>
      <trkpt lat="42.136158" lon="2.756376"><ele>177.5</ele></trkpt>
      <trkpt lat="42.136125" lon="2.756510"><ele>178.0</ele></trkpt>
      <trkpt lat="42.136130" lon="2.756575"><ele>178.5</ele></trkpt>
      <trkpt lat="42.136151" lon="2.756624"><ele>179.0</ele></trkpt>
      <trkpt lat="42.136209" lon="2.756681"><ele>180.0</ele></trkpt>
      <trkpt lat="42.136311" lon="2.756434"><ele>179.2</ele></trkpt>
      <trkpt lat="42.136400" lon="2.756430"><ele>180.2</ele></trkpt>
      <trkpt lat="42.136433" lon="2.756415"><ele>180.2</ele></trkpt>
      <trkpt lat="42.136469" lon="2.756370"><ele>180.5</ele></trkpt>
      <trkpt lat="42.137080" lon="2.755735"><ele>181.2</ele></trkpt>
      <trkpt lat="42.137410" lon="2.755405"><ele>181.0</ele></trkpt>
      <trkpt lat="42.137735" lon="2.755082"><ele>180.5</ele></trkpt>
      <trkpt lat="42.138210" lon="2.754719"><ele>181.2</ele></trkpt>
      <trkpt lat="42.138584" lon="2.754558"><ele>182.0</ele></trkpt>
      <trkpt lat="42.138677" lon="2.754542"><ele>182.5</ele></trkpt>
      <trkpt lat="42.138775" lon="2.754557"><ele>182.8</ele></trkpt>
      <trkpt lat="42.138870" lon="2.754614"><ele>183.2</ele></trkpt>
      <trkpt lat="42.138966" lon="2.754739"><ele>184.0</ele></trkpt>
      <trkpt lat="42.139139" lon="2.755001"><ele>184.2</ele></trkpt>
      <trkpt lat="42.139317" lon="2.755292"><ele>184.5</ele></trkpt>
      <trkpt lat="42.139474" lon="2.755459"><ele>186.0</ele></trkpt>
      <trkpt lat="42.139594" lon="2.755529"><ele>187.0</ele></trkpt>
      <trkpt lat="42.139732" lon="2.755547"><ele>188.0</ele></trkpt>
      <trkpt lat="42.139852" lon="2.755532"><ele>189.8</ele></trkpt>
      <trkpt lat="42.139874" lon="2.755520"><ele>190.0</ele></trkpt>
      <trkpt lat="42.139976" lon="2.755467"><ele>191.2</ele></trkpt>
      <trkpt lat="42.140079" lon="2.755385"><ele>192.5</ele></trkpt>
      <trkpt lat="42.140178" lon="2.755264"><ele>192.2</ele></trkpt>
      <trkpt lat="42.140256" lon="2.755110"><ele>192.8</ele></trkpt>
      <trkpt lat="42.140311" lon="2.754976"><ele>193.8</ele></trkpt>
      <trkpt lat="42.140353" lon="2.754782"><ele>195.0</ele></trkpt>
      <trkpt lat="42.140366" lon="2.754547"><ele>195.2</ele></trkpt>
      <trkpt lat="42.140364" lon="2.754062"><ele>197.2</ele></trkpt>
      <trkpt lat="42.140231" lon="2.753405"><ele>199.5</ele></trkpt>
      <trkpt lat="42.140206" lon="2.753210"><ele>199.5</ele></trkpt>
      <trkpt lat="42.140212" lon="2.752991"><ele>200.0</ele></trkpt>
      <trkpt lat="42.140243" lon="2.752809"><ele>201.0</ele></trkpt>
      <trkpt lat="42.140342" lon="2.752606"><ele>203.0</ele></trkpt>
      <trkpt lat="42.140454" lon="2.752426"><ele>205.2</ele></trkpt>
      <trkpt lat="42.140607" lon="2.752243"><ele>207.0</ele></trkpt>
      <trkpt lat="42.140710" lon="2.752133"><ele>208.5</ele></trkpt>
      <trkpt lat="42.140778" lon="2.752007"><ele>208.8</ele></trkpt>
      <trkpt lat="42.140822" lon="2.751860"><ele>209.0</ele></trkpt>
      <trkpt lat="42.140826" lon="2.751685"><ele>208.0</ele></trkpt>
      <trkpt lat="42.140774" lon="2.751192"><ele>211.2</ele></trkpt>
      <trkpt lat="42.140786" lon="2.750978"><ele>211.5</ele></trkpt>
      <trkpt lat="42.140822" lon="2.750837"><ele>211.8</ele></trkpt>
      <trkpt lat="42.140885" lon="2.750716"><ele>212.2</ele></trkpt>
      <trkpt lat="42.141120" lon="2.750376"><ele>213.0</ele></trkpt>
      <trkpt lat="42.141278" lon="2.750682"><ele>214.8</ele></trkpt>
      <trkpt lat="42.141404" lon="2.750891"><ele>216.0</ele></trkpt>
      <trkpt lat="42.141615" lon="2.751171"><ele>217.2</ele></trkpt>
      <trkpt lat="42.141699" lon="2.751305"><ele>217.5</ele></trkpt>
      <trkpt lat="42.141781" lon="2.751467"><ele>218.2</ele></trkpt>
      <trkpt lat="42.141894" lon="2.751899"><ele>221.0</ele></trkpt>
      <trkpt lat="42.141898" lon="2.751934"><ele>221.2</ele></trkpt>
      <trkpt lat="42.141913" lon="2.752050"><ele>223.2</ele></trkpt>
      <trkpt lat="42.141905" lon="2.752158"><ele>224.8</ele></trkpt>
      <trkpt lat="42.141793" lon="2.752449"><ele>227.2</ele></trkpt>
      <trkpt lat="42.141739" lon="2.752642"><ele>228.5</ele></trkpt>
      <trkpt lat="42.141728" lon="2.752742"><ele>229.5</ele></trkpt>
      <trkpt lat="42.141735" lon="2.752827"><ele>230.0</ele></trkpt>
      <trkpt lat="42.141781" lon="2.752932"><ele>230.8</ele></trkpt>
      <trkpt lat="42.141854" lon="2.753014"><ele>231.8</ele></trkpt>
      <trkpt lat="42.141956" lon="2.753092"><ele>232.8</ele></trkpt>
      <trkpt lat="42.142547" lon="2.753349"><ele>234.5</ele></trkpt>
      <trkpt lat="42.142577" lon="2.753347"><ele>234.8</ele></trkpt>
      <trkpt lat="42.142622" lon="2.753344"><ele>235.2</ele></trkpt>
      <trkpt lat="42.142717" lon="2.753287"><ele>236.2</ele></trkpt>
      <trkpt lat="42.142801" lon="2.753261"><ele>237.0</ele></trkpt>
      <trkpt lat="42.143156" lon="2.753212"><ele>238.0</ele></trkpt>
      <trkpt lat="42.144172" lon="2.752765"><ele>239.8</ele></trkpt>
      <trkpt lat="42.144574" lon="2.752552"><ele>239.2</ele></trkpt>
      <trkpt lat="42.144618" lon="2.752495"><ele>239.2</ele></trkpt>
      <trkpt lat="42.144641" lon="2.752439"><ele>239.0</ele></trkpt>
      <trkpt lat="42.144702" lon="2.752130"><ele>239.0</ele></trkpt>
      <trkpt lat="42.144780" lon="2.751827"><ele>239.0</ele></trkpt>
      <trkpt lat="42.144864" lon="2.751639"><ele>239.2</ele></trkpt>
      <trkpt lat="42.144904" lon="2.751528"><ele>239.2</ele></trkpt>
      <trkpt lat="42.144984" lon="2.751153"><ele>240.5</ele></trkpt>
      <trkpt lat="42.145007" lon="2.751099"><ele>240.8</ele></trkpt>
      <trkpt lat="42.145032" lon="2.751068"><ele>240.8</ele></trkpt>
      <trkpt lat="42.145064" lon="2.751045"><ele>240.8</ele></trkpt>
      <trkpt lat="42.146040" lon="2.750868"><ele>241.0</ele></trkpt>
      <trkpt lat="42.146083" lon="2.751073"><ele>241.0</ele></trkpt>
      <trkpt lat="42.146169" lon="2.751262"><ele>241.0</ele></trkpt>
      <trkpt lat="42.146184" lon="2.751294"><ele>241.0</ele></trkpt>
      <trkpt lat="42.146756" lon="2.752023"><ele>240.5</ele></trkpt>
      <trkpt lat="42.146789" lon="2.752092"><ele>240.0</ele></trkpt>
      <trkpt lat="42.147100" lon="2.752728"><ele>237.0</ele></trkpt>
      <trkpt lat="42.147252" lon="2.753384"><ele>234.8</ele></trkpt>
      <trkpt lat="42.147280" lon="2.753536"><ele>234.2</ele></trkpt>
      <trkpt lat="42.147298" lon="2.753794"><ele>233.2</ele></trkpt>
      <trkpt lat="42.147280" lon="2.753961"><ele>232.8</ele></trkpt>
      <trkpt lat="42.147193" lon="2.754361"><ele>232.0</ele></trkpt>
      <trkpt lat="42.147091" lon="2.754751"><ele>231.5</ele></trkpt>
      <trkpt lat="42.146987" lon="2.755100"><ele>230.5</ele></trkpt>
      <trkpt lat="42.147608" lon="2.755577"><ele>229.0</ele></trkpt>
      <trkpt lat="42.147690" lon="2.755627"><ele>229.0</ele></trkpt>
      <trkpt lat="42.148286" lon="2.755594"><ele>228.0</ele></trkpt>
      <trkpt lat="42.148430" lon="2.755587"><ele>227.8</ele></trkpt>
      <trkpt lat="42.148697" lon="2.755648"><ele>227.5</ele></trkpt>
      <trkpt lat="42.148749" lon="2.755693"><ele>227.5</ele></trkpt>
      <trkpt lat="42.148786" lon="2.755777"><ele>227.2</ele></trkpt>
      <trkpt lat="42.148796" lon="2.755981"><ele>227.2</ele></trkpt>
      <trkpt lat="42.148888" lon="2.756408"><ele>227.0</ele></trkpt>
      <trkpt lat="42.149034" lon="2.756859"><ele>227.2</ele></trkpt>
      <trkpt lat="42.149066" lon="2.757073"><ele>227.2</ele></trkpt>
      <trkpt lat="42.149056" lon="2.757240"><ele>227.2</ele></trkpt>
      <trkpt lat="42.149017" lon="2.757358"><ele>227.8</ele></trkpt>
      <trkpt lat="42.148930" lon="2.757606"><ele>228.0</ele></trkpt>
      <trkpt lat="42.148941" lon="2.757706"><ele>228.0</ele></trkpt>
      <trkpt lat="42.148945" lon="2.757975"><ele>228.0</ele></trkpt>
      <trkpt lat="42.148964" lon="2.758457"><ele>228.0</ele></trkpt>
      <trkpt lat="42.149017" lon="2.758679"><ele>227.8</ele></trkpt>
      <trkpt lat="42.149092" lon="2.758806"><ele>227.2</ele></trkpt>
      <trkpt lat="42.149197" lon="2.758886"><ele>227.0</ele></trkpt>
      <trkpt lat="42.149363" lon="2.758972"><ele>226.8</ele></trkpt>
      <trkpt lat="42.149495" lon="2.759028"><ele>226.2</ele></trkpt>
      <trkpt lat="42.149637" lon="2.759046"><ele>225.5</ele></trkpt>
      <trkpt lat="42.150036" lon="2.759010"><ele>225.2</ele></trkpt>
      <trkpt lat="42.150320" lon="2.759036"><ele>224.2</ele></trkpt>
      <trkpt lat="42.150554" lon="2.758837"><ele>225.0</ele></trkpt>
      <trkpt lat="42.150726" lon="2.758759"><ele>224.2</ele></trkpt>
      <trkpt lat="42.150917" lon="2.758785"><ele>224.0</ele></trkpt>
      <trkpt lat="42.151131" lon="2.758883"><ele>223.8</ele></trkpt>
      <trkpt lat="42.151348" lon="2.759004"><ele>223.0</ele></trkpt>
      <trkpt lat="42.151503" lon="2.759113"><ele>222.5</ele></trkpt>
      <trkpt lat="42.151580" lon="2.759159"><ele>222.2</ele></trkpt>
      <trkpt lat="42.151636" lon="2.759172"><ele>222.0</ele></trkpt>
      <trkpt lat="42.151803" lon="2.759175"><ele>222.2</ele></trkpt>
      <trkpt lat="42.152095" lon="2.759152"><ele>223.8</ele></trkpt>
      <trkpt lat="42.152334" lon="2.759093"><ele>223.0</ele></trkpt>
      <trkpt lat="42.152425" lon="2.759106"><ele>222.2</ele></trkpt>
      <trkpt lat="42.152641" lon="2.759243"><ele>222.5</ele></trkpt>
      <trkpt lat="42.152755" lon="2.759293"><ele>223.0</ele></trkpt>
      <trkpt lat="42.152966" lon="2.759354"><ele>222.8</ele></trkpt>
      <trkpt lat="42.153047" lon="2.759422"><ele>223.5</ele></trkpt>
      <trkpt lat="42.153112" lon="2.759501"><ele>222.8</ele></trkpt>
      <trkpt lat="42.153145" lon="2.759616"><ele>221.8</ele></trkpt>
      <trkpt lat="42.153166" lon="2.759735"><ele>221.0</ele></trkpt>
      <trkpt lat="42.153209" lon="2.759733"><ele>221.0</ele></trkpt>
      <trkpt lat="42.153236" lon="2.759700"><ele>221.0</ele></trkpt>
      <trkpt lat="42.153238" lon="2.759628"><ele>221.2</ele></trkpt>
      <trkpt lat="42.153219" lon="2.759555"><ele>221.5</ele></trkpt>
      <trkpt lat="42.153146" lon="2.759339"><ele>222.2</ele></trkpt>
      <trkpt lat="42.153230" lon="2.759272"><ele>221.2</ele></trkpt>
      <trkpt lat="42.153722" lon="2.759202"><ele>221.0</ele></trkpt>
      <trkpt lat="42.154274" lon="2.759020"><ele>220.2</ele></trkpt>
      <trkpt lat="42.154566" lon="2.758885"><ele>220.0</ele></trkpt>
      <trkpt lat="42.154885" lon="2.758713"><ele>220.0</ele></trkpt>
      <trkpt lat="42.155701" lon="2.758417"><ele>220.0</ele></trkpt>
      <trkpt lat="42.156144" lon="2.758280"><ele>219.5</ele></trkpt>
      <trkpt lat="42.156348" lon="2.758070"><ele>219.0</ele></trkpt>
      <trkpt lat="42.156720" lon="2.757864"><ele>219.0</ele></trkpt>
      <trkpt lat="42.157518" lon="2.757337"><ele>219.0</ele></trkpt>
      <trkpt lat="42.158118" lon="2.756980"><ele>218.2</ele></trkpt>
      <trkpt lat="42.158543" lon="2.756747"><ele>218.8</ele></trkpt>
      <trkpt lat="42.158394" lon="2.756205"><ele>218.0</ele></trkpt>
      <trkpt lat="42.158342" lon="2.755901"><ele>218.0</ele></trkpt>
      <trkpt lat="42.158284" lon="2.754936"><ele>217.0</ele></trkpt>
      <trkpt lat="42.158264" lon="2.754284"><ele>217.0</ele></trkpt>
      <trkpt lat="42.158263" lon="2.753949"><ele>217.0</ele></trkpt>
      <trkpt lat="42.158249" lon="2.753522"><ele>217.0</ele></trkpt>
      <trkpt lat="42.158234" lon="2.753267"><ele>217.0</ele></trkpt>
      <trkpt lat="42.158193" lon="2.753091"><ele>217.0</ele></trkpt>
      <trkpt lat="42.158171" lon="2.752917"><ele>217.0</ele></trkpt>
      <trkpt lat="42.158157" lon="2.752482"><ele>216.8</ele></trkpt>
      <trkpt lat="42.158064" lon="2.751718"><ele>216.0</ele></trkpt>
      <trkpt lat="42.158074" lon="2.751555"><ele>216.0</ele></trkpt>
      <trkpt lat="42.158163" lon="2.751541"><ele>216.0</ele></trkpt>
      <trkpt lat="42.158587" lon="2.751322"><ele>216.0</ele></trkpt>
      <trkpt lat="42.158734" lon="2.751287"><ele>216.2</ele></trkpt>
      <trkpt lat="42.158907" lon="2.751232"><ele>216.2</ele></trkpt>
      <trkpt lat="42.159061" lon="2.751119"><ele>216.0</ele></trkpt>
      <trkpt lat="42.159213" lon="2.750855"><ele>215.0</ele></trkpt>
      <trkpt lat="42.159413" lon="2.750634"><ele>215.0</ele></trkpt>
      <trkpt lat="42.159472" lon="2.750423"><ele>214.5</ele></trkpt>
      <trkpt lat="42.159522" lon="2.750294"><ele>214.5</ele></trkpt>
      <trkpt lat="42.159626" lon="2.750198"><ele>214.5</ele></trkpt>
      <trkpt lat="42.159904" lon="2.749959"><ele>215.0</ele></trkpt>
      <trkpt lat="42.160021" lon="2.749834"><ele>215.2</ele></trkpt>
      <trkpt lat="42.160070" lon="2.749718"><ele>215.0</ele></trkpt>
      <trkpt lat="42.160081" lon="2.749583"><ele>214.5</ele></trkpt>
      <trkpt lat="42.160084" lon="2.749460"><ele>213.8</ele></trkpt>
      <trkpt lat="42.160151" lon="2.749246"><ele>213.5</ele></trkpt>
      <trkpt lat="42.160252" lon="2.749039"><ele>214.0</ele></trkpt>
      <trkpt lat="42.160361" lon="2.748864"><ele>214.2</ele></trkpt>
      <trkpt lat="42.160402" lon="2.748750"><ele>214.2</ele></trkpt>
      <trkpt lat="42.160413" lon="2.748592"><ele>214.2</ele></trkpt>
      <trkpt lat="42.160384" lon="2.748464"><ele>214.2</ele></trkpt>
      <trkpt lat="42.160275" lon="2.748101"><ele>214.0</ele></trkpt>
      <trkpt lat="42.160183" lon="2.747736"><ele>213.8</ele></trkpt>
      <trkpt lat="42.160143" lon="2.747631"><ele>213.5</ele></trkpt>
      <trkpt lat="42.160103" lon="2.747534"><ele>213.2</ele></trkpt>
      <trkpt lat="42.159848" lon="2.747208"><ele>211.8</ele></trkpt>
      <trkpt lat="42.159718" lon="2.746973"><ele>210.8</ele></trkpt>
      <trkpt lat="42.159655" lon="2.746829"><ele>210.5</ele></trkpt>
      <trkpt lat="42.159608" lon="2.746642"><ele>210.5</ele></trkpt>
      <trkpt lat="42.159622" lon="2.746562"><ele>210.2</ele></trkpt>
      <trkpt lat="42.159695" lon="2.746463"><ele>210.0</ele></trkpt>
      <trkpt lat="42.160273" lon="2.746700"><ele>213.0</ele></trkpt>
      <trkpt lat="42.160394" lon="2.746770"><ele>212.2</ele></trkpt>
      <trkpt lat="42.160565" lon="2.746883"><ele>212.2</ele></trkpt>
      <trkpt lat="42.160657" lon="2.746928"><ele>212.5</ele></trkpt>
      <trkpt lat="42.160813" lon="2.746940"><ele>212.8</ele></trkpt>
      <trkpt lat="42.161157" lon="2.747016"><ele>212.0</ele></trkpt>
      <trkpt lat="42.161257" lon="2.747058"><ele>211.8</ele></trkpt>
      <trkpt lat="42.161558" lon="2.747223"><ele>213.0</ele></trkpt>
      <trkpt lat="42.161809" lon="2.747329"><ele>213.2</ele></trkpt>
      <trkpt lat="42.162283" lon="2.747446"><ele>212.5</ele></trkpt>
      <trkpt lat="42.162519" lon="2.747516"><ele>212.8</ele></trkpt>
      <trkpt lat="42.162681" lon="2.747571"><ele>212.8</ele></trkpt>
      <trkpt lat="42.162853" lon="2.747642"><ele>212.2</ele></trkpt>
      <trkpt lat="42.162922" lon="2.747688"><ele>212.0</ele></trkpt>
      <trkpt lat="42.162981" lon="2.747743"><ele>212.0</ele></trkpt>
      <trkpt lat="42.163031" lon="2.747802"><ele>212.2</ele></trkpt>
      <trkpt lat="42.163152" lon="2.747993"><ele>212.0</ele></trkpt>
      <trkpt lat="42.163199" lon="2.748089"><ele>212.0</ele></trkpt>
      <trkpt lat="42.163269" lon="2.748178"><ele>211.8</ele></trkpt>
      <trkpt lat="42.163337" lon="2.748248"><ele>211.5</ele></trkpt>
      <trkpt lat="42.163518" lon="2.748437"><ele>211.5</ele></trkpt>
      <trkpt lat="42.163587" lon="2.748533"><ele>211.8</ele></trkpt>
      <trkpt lat="42.163969" lon="2.748093"><ele>205.2</ele></trkpt>
      <trkpt lat="42.164173" lon="2.747902"><ele>202.2</ele></trkpt>
      <trkpt lat="42.164228" lon="2.747594"><ele>201.2</ele></trkpt>
      <trkpt lat="42.164235" lon="2.747480"><ele>200.8</ele></trkpt>
      <trkpt lat="42.164220" lon="2.747371"><ele>199.5</ele></trkpt>
      <trkpt lat="42.164160" lon="2.747051"><ele>196.5</ele></trkpt>
      <trkpt lat="42.164401" lon="2.746954"><ele>196.8</ele></trkpt>
      <trkpt lat="42.164686" lon="2.746789"><ele>196.5</ele></trkpt>
      <trkpt lat="42.164913" lon="2.746632"><ele>196.5</ele></trkpt>
      <trkpt lat="42.165051" lon="2.746569"><ele>196.0</ele></trkpt>
      <trkpt lat="42.165137" lon="2.746539"><ele>195.2</ele></trkpt>
      <trkpt lat="42.165220" lon="2.746559"><ele>195.5</ele></trkpt>
      <trkpt lat="42.165304" lon="2.746566"><ele>195.5</ele></trkpt>
      <trkpt lat="42.165528" lon="2.746532"><ele>195.2</ele></trkpt>
      <trkpt lat="42.165854" lon="2.746260"><ele>194.2</ele></trkpt>
      <trkpt lat="42.166177" lon="2.746038"><ele>191.8</ele></trkpt>
      <trkpt lat="42.166729" lon="2.745722"><ele>189.8</ele></trkpt>
      <trkpt lat="42.166966" lon="2.745602"><ele>188.5</ele></trkpt>
      <trkpt lat="42.167157" lon="2.745608"><ele>188.8</ele></trkpt>
      <trkpt lat="42.167578" lon="2.745586"><ele>188.2</ele></trkpt>
      <trkpt lat="42.167615" lon="2.745104"><ele>183.0</ele></trkpt>
      <trkpt lat="42.167610" lon="2.745009"><ele>182.2</ele></trkpt>
      <trkpt lat="42.167591" lon="2.744874"><ele>183.2</ele></trkpt>
      <trkpt lat="42.167587" lon="2.744845"><ele>183.5</ele></trkpt>
      <trkpt lat="42.167494" lon="2.744249"><ele>188.2</ele></trkpt>
      <trkpt lat="42.167488" lon="2.744202"><ele>188.5</ele></trkpt>
      <trkpt lat="42.167485" lon="2.744174"><ele>188.8</ele></trkpt>
      <trkpt lat="42.167493" lon="2.744134"><ele>189.0</ele></trkpt>
      <trkpt lat="42.167479" lon="2.744040"><ele>189.2</ele></trkpt>
      <trkpt lat="42.167476" lon="2.743959"><ele>189.8</ele></trkpt>
      <trkpt lat="42.167486" lon="2.743949"><ele>189.8</ele></trkpt>
      <trkpt lat="42.167506" lon="2.743916"><ele>189.8</ele></trkpt>
      <trkpt lat="42.167515" lon="2.743854"><ele>190.0</ele></trkpt>
      <trkpt lat="42.167505" lon="2.743808"><ele>190.2</ele></trkpt>
      <trkpt lat="42.167539" lon="2.743739"><ele>190.2</ele></trkpt>
      <trkpt lat="42.167578" lon="2.743619"><ele>190.2</ele></trkpt>
      <trkpt lat="42.167628" lon="2.743538"><ele>190.2</ele></trkpt>
      <trkpt lat="42.167654" lon="2.743517"><ele>190.2</ele></trkpt>
      <trkpt lat="42.167691" lon="2.743486"><ele>190.5</ele></trkpt>
      <trkpt lat="42.168232" lon="2.743202"><ele>190.2</ele></trkpt>
      <trkpt lat="42.168527" lon="2.743047"><ele>189.2</ele></trkpt>
      <trkpt lat="42.168562" lon="2.743020"><ele>189.0</ele></trkpt>
      <trkpt lat="42.168724" lon="2.742891"><ele>188.8</ele></trkpt>
      <trkpt lat="42.169272" lon="2.742194"><ele>184.2</ele></trkpt>
      <trkpt lat="42.169422" lon="2.741985"><ele>182.2</ele></trkpt>
      <trkpt lat="42.169517" lon="2.741827"><ele>182.5</ele></trkpt>
      <trkpt lat="42.169622" lon="2.741583"><ele>181.8</ele></trkpt>
      <trkpt lat="42.169695" lon="2.741327"><ele>179.2</ele></trkpt>
      <trkpt lat="42.169757" lon="2.741021"><ele>178.5</ele></trkpt>
      <trkpt lat="42.169857" lon="2.740560"><ele>178.2</ele></trkpt>
      <trkpt lat="42.169886" lon="2.740425"><ele>176.5</ele></trkpt>
      <trkpt lat="42.169940" lon="2.740366"><ele>176.0</ele></trkpt>
      <trkpt lat="42.169953" lon="2.740139"><ele>173.5</ele></trkpt>
      <trkpt lat="42.170088" lon="2.739676"><ele>172.2</ele></trkpt>
      <trkpt lat="42.170244" lon="2.739256"><ele>169.5</ele></trkpt>
      <trkpt lat="42.170315" lon="2.739136"><ele>169.5</ele></trkpt>
      <trkpt lat="42.170400" lon="2.739060"><ele>168.8</ele></trkpt>
      <trkpt lat="42.170563" lon="2.739039"><ele>168.2</ele></trkpt>
      <trkpt lat="42.170669" lon="2.739070"><ele>167.0</ele></trkpt>
      <trkpt lat="42.170903" lon="2.739176"><ele>166.2</ele></trkpt>
      <trkpt lat="42.170965" lon="2.739163"><ele>166.2</ele></trkpt>
      <trkpt lat="42.171093" lon="2.739068"><ele>164.0</ele></trkpt>
      <trkpt lat="42.171317" lon="2.738847"><ele>160.2</ele></trkpt>
      <trkpt lat="42.171592" lon="2.738612"><ele>156.2</ele></trkpt>
      <trkpt lat="42.171751" lon="2.738525"><ele>156.5</ele></trkpt>
      <trkpt lat="42.171911" lon="2.738434"><ele>155.2</ele></trkpt>
      <trkpt lat="42.172272" lon="2.738278"><ele>154.2</ele></trkpt>
      <trkpt lat="42.172740" lon="2.738091"><ele>153.5</ele></trkpt>
      <trkpt lat="42.172855" lon="2.738017"><ele>153.2</ele></trkpt>
      <trkpt lat="42.172897" lon="2.737856"><ele>151.0</ele></trkpt>
      <trkpt lat="42.172950" lon="2.737723"><ele>150.5</ele></trkpt>
      <trkpt lat="42.173091" lon="2.737521"><ele>149.8</ele></trkpt>
      <trkpt lat="42.173240" lon="2.737348"><ele>148.5</ele></trkpt>
      <trkpt lat="42.173392" lon="2.737250"><ele>146.5</ele></trkpt>
      <trkpt lat="42.173610" lon="2.737207"><ele>145.8</ele></trkpt>
      <trkpt lat="42.173582" lon="2.737073"><ele>144.8</ele></trkpt>
      <trkpt lat="42.173519" lon="2.736991"><ele>144.5</ele></trkpt>
      <trkpt lat="42.173437" lon="2.736926"><ele>144.2</ele></trkpt>
      <trkpt lat="42.173247" lon="2.736861"><ele>143.0</ele></trkpt>
      <trkpt lat="42.173154" lon="2.736839"><ele>142.5</ele></trkpt>
      <trkpt lat="42.173068" lon="2.736875"><ele>143.2</ele></trkpt>
      <trkpt lat="42.173002" lon="2.736969"><ele>144.0</ele></trkpt>
      <trkpt lat="42.172929" lon="2.737121"><ele>144.5</ele></trkpt>
      <trkpt lat="42.172830" lon="2.737154"><ele>144.0</ele></trkpt>
      <trkpt lat="42.172675" lon="2.737204"><ele>143.8</ele></trkpt>
      <trkpt lat="42.172415" lon="2.737246"><ele>142.8</ele></trkpt>
      <trkpt lat="42.172146" lon="2.737230"><ele>140.5</ele></trkpt>
      <trkpt lat="42.171957" lon="2.737275"><ele>140.8</ele></trkpt>
      <trkpt lat="42.171781" lon="2.737353"><ele>141.5</ele></trkpt>
      <trkpt lat="42.171474" lon="2.737522"><ele>141.8</ele></trkpt>
      <trkpt lat="42.170962" lon="2.737747"><ele>143.2</ele></trkpt>
      <trkpt lat="42.170783" lon="2.737785"><ele>142.2</ele></trkpt>
      <trkpt lat="42.170681" lon="2.737742"><ele>142.0</ele></trkpt>
      <trkpt lat="42.170606" lon="2.737677"><ele>141.5</ele></trkpt>
      <trkpt lat="42.170548" lon="2.737555"><ele>140.5</ele></trkpt>
      <trkpt lat="42.170496" lon="2.737305"><ele>139.5</ele></trkpt>
      <trkpt lat="42.170496" lon="2.737130"><ele>139.5</ele></trkpt>
      <trkpt lat="42.170520" lon="2.737010"><ele>139.8</ele></trkpt>
      <trkpt lat="42.170541" lon="2.736939"><ele>139.8</ele></trkpt>
      <trkpt lat="42.170545" lon="2.736852"><ele>139.5</ele></trkpt>
      <trkpt lat="42.170437" lon="2.736388"><ele>139.2</ele></trkpt>
      <trkpt lat="42.170417" lon="2.736241"><ele>139.2</ele></trkpt>
      <trkpt lat="42.170417" lon="2.736092"><ele>139.2</ele></trkpt>
      <trkpt lat="42.170453" lon="2.735465"><ele>139.2</ele></trkpt>
      <trkpt lat="42.170405" lon="2.735256"><ele>139.5</ele></trkpt>
      <trkpt lat="42.170342" lon="2.735089"><ele>139.8</ele></trkpt>
      <trkpt lat="42.170161" lon="2.734448"><ele>140.2</ele></trkpt>
      <trkpt lat="42.169829" lon="2.733609"><ele>140.2</ele></trkpt>
      <trkpt lat="42.169677" lon="2.733357"><ele>142.0</ele></trkpt>
      <trkpt lat="42.169578" lon="2.732970"><ele>140.2</ele></trkpt>
      <trkpt lat="42.169459" lon="2.732708"><ele>143.5</ele></trkpt>
      <trkpt lat="42.169411" lon="2.732498"><ele>144.0</ele></trkpt>
      <trkpt lat="42.169435" lon="2.731924"><ele>146.0</ele></trkpt>
      <trkpt lat="42.169391" lon="2.731479"><ele>145.0</ele></trkpt>
      <trkpt lat="42.169415" lon="2.730825"><ele>145.2</ele></trkpt>
      <trkpt lat="42.169415" lon="2.730565"><ele>144.5</ele></trkpt>
      <trkpt lat="42.169415" lon="2.730331"><ele>144.5</ele></trkpt>
      <trkpt lat="42.169368" lon="2.730078"><ele>144.8</ele></trkpt>
      <trkpt lat="42.169339" lon="2.729821"><ele>146.0</ele></trkpt>
      <trkpt lat="42.169411" lon="2.729178"><ele>147.5</ele></trkpt>
      <trkpt lat="42.169439" lon="2.728743"><ele>147.0</ele></trkpt>
      <trkpt lat="42.169483" lon="2.728416"><ele>146.5</ele></trkpt>
      <trkpt lat="42.169666" lon="2.727837"><ele>146.5</ele></trkpt>
      <trkpt lat="42.169777" lon="2.727354"><ele>145.8</ele></trkpt>
      <trkpt lat="42.169876" lon="2.726656"><ele>142.8</ele></trkpt>
      <trkpt lat="42.169987" lon="2.726222"><ele>140.5</ele></trkpt>
      <trkpt lat="42.170457" lon="2.725310"><ele>140.0</ele></trkpt>
      <trkpt lat="42.170558" lon="2.725091"><ele>140.5</ele></trkpt>
      <trkpt lat="42.170584" lon="2.725202"><ele>140.0</ele></trkpt>
      <trkpt lat="42.170574" lon="2.725459"><ele>138.0</ele></trkpt>
      <trkpt lat="42.170653" lon="2.725598"><ele>138.5</ele></trkpt>
      <trkpt lat="42.170663" lon="2.725826"><ele>139.0</ele></trkpt>
      <trkpt lat="42.170650" lon="2.726482"><ele>141.0</ele></trkpt>
      <trkpt lat="42.170718" lon="2.726884"><ele>141.0</ele></trkpt>
      <trkpt lat="42.170789" lon="2.727694"><ele>140.2</ele></trkpt>
      <trkpt lat="42.170929" lon="2.728488"><ele>139.5</ele></trkpt>
      <trkpt lat="42.171056" lon="2.729067"><ele>139.0</ele></trkpt>
      <trkpt lat="42.171968" lon="2.729402"><ele>141.0</ele></trkpt>
      <trkpt lat="42.172051" lon="2.729452"><ele>141.8</ele></trkpt>
      <trkpt lat="42.172160" lon="2.729449"><ele>142.5</ele></trkpt>
      <trkpt lat="42.172248" lon="2.729493"><ele>144.2</ele></trkpt>
      <trkpt lat="42.172284" lon="2.729525"><ele>145.8</ele></trkpt>
      <trkpt lat="42.172314" lon="2.729565"><ele>147.0</ele></trkpt>
      <trkpt lat="42.172344" lon="2.729675"><ele>148.2</ele></trkpt>
      <trkpt lat="42.172346" lon="2.729788"><ele>148.2</ele></trkpt>
      <trkpt lat="42.172334" lon="2.729957"><ele>147.8</ele></trkpt>
      <trkpt lat="42.172336" lon="2.730010"><ele>147.8</ele></trkpt>
      <trkpt lat="42.172358" lon="2.730059"><ele>147.8</ele></trkpt>
      <trkpt lat="42.172393" lon="2.730083"><ele>148.2</ele></trkpt>
      <trkpt lat="42.172478" lon="2.730085"><ele>150.2</ele></trkpt>
      <trkpt lat="42.172560" lon="2.730080"><ele>151.0</ele></trkpt>
      <trkpt lat="42.172648" lon="2.730061"><ele>151.5</ele></trkpt>
      <trkpt lat="42.172784" lon="2.729962"><ele>153.8</ele></trkpt>
      <trkpt lat="42.172895" lon="2.729941"><ele>155.8</ele></trkpt>
      <trkpt lat="42.172973" lon="2.729970"><ele>156.2</ele></trkpt>
      <trkpt lat="42.173044" lon="2.730024"><ele>156.2</ele></trkpt>
      <trkpt lat="42.173142" lon="2.730142"><ele>155.5</ele></trkpt>
      <trkpt lat="42.173180" lon="2.730163"><ele>155.5</ele></trkpt>
      <trkpt lat="42.173221" lon="2.730163"><ele>155.8</ele></trkpt>
      <trkpt lat="42.173261" lon="2.730150"><ele>156.5</ele></trkpt>
      <trkpt lat="42.173372" lon="2.730072"><ele>159.0</ele></trkpt>
      <trkpt lat="42.173563" lon="2.730067"><ele>159.5</ele></trkpt>
      <trkpt lat="42.173730" lon="2.730059"><ele>161.0</ele></trkpt>
      <trkpt lat="42.173770" lon="2.730072"><ele>161.2</ele></trkpt>
      <trkpt lat="42.173812" lon="2.730094"><ele>161.2</ele></trkpt>
      <trkpt lat="42.173879" lon="2.730169"><ele>160.8</ele></trkpt>
      <trkpt lat="42.173915" lon="2.730198"><ele>160.5</ele></trkpt>
      <trkpt lat="42.173955" lon="2.730217"><ele>160.8</ele></trkpt>
      <trkpt lat="42.174181" lon="2.730381"><ele>161.2</ele></trkpt>
      <trkpt lat="42.174223" lon="2.730391"><ele>162.0</ele></trkpt>
      <trkpt lat="42.174305" lon="2.730375"><ele>163.2</ele></trkpt>
      <trkpt lat="42.174378" lon="2.730405"><ele>164.0</ele></trkpt>
      <trkpt lat="42.174412" lon="2.730437"><ele>164.2</ele></trkpt>
      <trkpt lat="42.174565" lon="2.730705"><ele>164.0</ele></trkpt>
      <trkpt lat="42.174666" lon="2.730802"><ele>164.5</ele></trkpt>
      <trkpt lat="42.174708" lon="2.730812"><ele>165.0</ele></trkpt>
      <trkpt lat="42.174748" lon="2.730812"><ele>165.8</ele></trkpt>
      <trkpt lat="42.174786" lon="2.730786"><ele>167.0</ele></trkpt>
      <trkpt lat="42.174796" lon="2.730735"><ele>167.8</ele></trkpt>
      <trkpt lat="42.174792" lon="2.730560"><ele>169.2</ele></trkpt>
      <trkpt lat="42.174805" lon="2.730504"><ele>170.5</ele></trkpt>
      <trkpt lat="42.174831" lon="2.730450"><ele>172.0</ele></trkpt>
      <trkpt lat="42.174871" lon="2.730461"><ele>172.8</ele></trkpt>
      <trkpt lat="42.174901" lon="2.730501"><ele>172.8</ele></trkpt>
      <trkpt lat="42.175034" lon="2.730796"><ele>173.0</ele></trkpt>
      <trkpt lat="42.175064" lon="2.730837"><ele>173.2</ele></trkpt>
      <trkpt lat="42.175104" lon="2.730869"><ele>173.8</ele></trkpt>
      <trkpt lat="42.175151" lon="2.730896"><ele>174.2</ele></trkpt>
      <trkpt lat="42.175199" lon="2.730912"><ele>175.0</ele></trkpt>
      <trkpt lat="42.175273" lon="2.730909"><ele>176.5</ele></trkpt>
      <trkpt lat="42.175342" lon="2.730877"><ele>177.2</ele></trkpt>
      <trkpt lat="42.175584" lon="2.730659"><ele>179.8</ele></trkpt>
      <trkpt lat="42.175624" lon="2.730568"><ele>181.0</ele></trkpt>
      <trkpt lat="42.175651" lon="2.730461"><ele>182.5</ele></trkpt>
      <trkpt lat="42.175643" lon="2.730359"><ele>183.8</ele></trkpt>
      <trkpt lat="42.175616" lon="2.730257"><ele>185.0</ele></trkpt>
      <trkpt lat="42.175596" lon="2.730139"><ele>185.8</ele></trkpt>
      <trkpt lat="42.175600" lon="2.730026"><ele>186.8</ele></trkpt>
      <trkpt lat="42.175636" lon="2.729961"><ele>187.2</ele></trkpt>
      <trkpt lat="42.175806" lon="2.729860"><ele>188.8</ele></trkpt>
      <trkpt lat="42.176013" lon="2.729672"><ele>192.0</ele></trkpt>
      <trkpt lat="42.176097" lon="2.729549"><ele>193.0</ele></trkpt>
      <trkpt lat="42.176188" lon="2.729377"><ele>194.8</ele></trkpt>
      <trkpt lat="42.176327" lon="2.729254"><ele>196.5</ele></trkpt>
      <trkpt lat="42.176448" lon="2.729192"><ele>197.8</ele></trkpt>
      <trkpt lat="42.176538" lon="2.729160"><ele>198.5</ele></trkpt>
      <trkpt lat="42.176868" lon="2.729123"><ele>198.8</ele></trkpt>
      <trkpt lat="42.176995" lon="2.729090"><ele>198.8</ele></trkpt>
      <trkpt lat="42.177395" lon="2.728873"><ele>200.0</ele></trkpt>
      <trkpt lat="42.177466" lon="2.728806"><ele>200.5</ele></trkpt>
      <trkpt lat="42.177554" lon="2.728691"><ele>201.0</ele></trkpt>
      <trkpt lat="42.177609" lon="2.728594"><ele>201.8</ele></trkpt>
      <trkpt lat="42.177705" lon="2.728458"><ele>202.5</ele></trkpt>
      <trkpt lat="42.177749" lon="2.728369"><ele>202.8</ele></trkpt>
      <trkpt lat="42.177771" lon="2.728305"><ele>203.2</ele></trkpt>
      <trkpt lat="42.177780" lon="2.728254"><ele>203.5</ele></trkpt>
      <trkpt lat="42.177772" lon="2.728191"><ele>204.0</ele></trkpt>
      <trkpt lat="42.177728" lon="2.728101"><ele>205.0</ele></trkpt>
      <trkpt lat="42.177691" lon="2.728050"><ele>205.5</ele></trkpt>
      <trkpt lat="42.177659" lon="2.727982"><ele>206.5</ele></trkpt>
      <trkpt lat="42.177627" lon="2.727894"><ele>207.5</ele></trkpt>
      <trkpt lat="42.177560" lon="2.727750"><ele>208.8</ele></trkpt>
      <trkpt lat="42.177500" lon="2.727596"><ele>210.2</ele></trkpt>
      <trkpt lat="42.177481" lon="2.727488"><ele>211.0</ele></trkpt>
      <trkpt lat="42.177506" lon="2.727420"><ele>211.2</ele></trkpt>
      <trkpt lat="42.177503" lon="2.727372"><ele>211.2</ele></trkpt>
      <trkpt lat="42.177486" lon="2.727335"><ele>211.5</ele></trkpt>
      <trkpt lat="42.177462" lon="2.727306"><ele>211.8</ele></trkpt>
      <trkpt lat="42.177417" lon="2.727301"><ele>212.0</ele></trkpt>
      <trkpt lat="42.177401" lon="2.727281"><ele>212.0</ele></trkpt>
      <trkpt lat="42.177393" lon="2.727256"><ele>212.2</ele></trkpt>
      <trkpt lat="42.177324" lon="2.726775"><ele>212.5</ele></trkpt>
      <trkpt lat="42.177055" lon="2.724696"><ele>210.8</ele></trkpt>
      <trkpt lat="42.176765" lon="2.722312"><ele>212.5</ele></trkpt>
      <trkpt lat="42.176755" lon="2.722174"><ele>213.2</ele></trkpt>
      <trkpt lat="42.176758" lon="2.722036"><ele>214.0</ele></trkpt>
      <trkpt lat="42.176769" lon="2.721893"><ele>214.5</ele></trkpt>
      <trkpt lat="42.176801" lon="2.721621"><ele>215.2</ele></trkpt>
      <trkpt lat="42.176803" lon="2.721438"><ele>216.2</ele></trkpt>
      <trkpt lat="42.176822" lon="2.721197"><ele>216.5</ele></trkpt>
      <trkpt lat="42.176847" lon="2.721054"><ele>216.2</ele></trkpt>
      <trkpt lat="42.176949" lon="2.720639"><ele>213.8</ele></trkpt>
      <trkpt lat="42.176953" lon="2.720496"><ele>213.2</ele></trkpt>
      <trkpt lat="42.176949" lon="2.720348"><ele>213.0</ele></trkpt>
      <trkpt lat="42.176900" lon="2.720076"><ele>212.2</ele></trkpt>
      <trkpt lat="42.176878" lon="2.719790"><ele>212.5</ele></trkpt>
      <trkpt lat="42.176907" lon="2.719657"><ele>211.5</ele></trkpt>
      <trkpt lat="42.176963" lon="2.719542"><ele>210.5</ele></trkpt>
      <trkpt lat="42.177062" lon="2.719499"><ele>211.0</ele></trkpt>
      <trkpt lat="42.177129" lon="2.719614"><ele>210.5</ele></trkpt>
      <trkpt lat="42.177179" lon="2.719742"><ele>209.8</ele></trkpt>
      <trkpt lat="42.177249" lon="2.719852"><ele>208.8</ele></trkpt>
      <trkpt lat="42.177408" lon="2.719971"><ele>209.2</ele></trkpt>
      <trkpt lat="42.177507" lon="2.720029"><ele>209.5</ele></trkpt>
      <trkpt lat="42.177617" lon="2.720057"><ele>210.2</ele></trkpt>
      <trkpt lat="42.177723" lon="2.720043"><ele>211.8</ele></trkpt>
      <trkpt lat="42.177818" lon="2.720000"><ele>213.0</ele></trkpt>
      <trkpt lat="42.177914" lon="2.719943"><ele>213.8</ele></trkpt>
      <trkpt lat="42.178005" lon="2.719871"><ele>214.2</ele></trkpt>
      <trkpt lat="42.178083" lon="2.719781"><ele>214.5</ele></trkpt>
      <trkpt lat="42.178133" lon="2.719661"><ele>214.8</ele></trkpt>
      <trkpt lat="42.178189" lon="2.719547"><ele>215.2</ele></trkpt>
      <trkpt lat="42.178264" lon="2.719456"><ele>215.2</ele></trkpt>
      <trkpt lat="42.178345" lon="2.719371"><ele>215.2</ele></trkpt>
      <trkpt lat="42.178564" lon="2.719223"><ele>215.8</ele></trkpt>
      <trkpt lat="42.178645" lon="2.719146"><ele>216.0</ele></trkpt>
      <trkpt lat="42.178815" lon="2.718970"><ele>216.5</ele></trkpt>
      <trkpt lat="42.178882" lon="2.718865"><ele>217.0</ele></trkpt>
      <trkpt lat="42.179044" lon="2.718694"><ele>217.5</ele></trkpt>
      <trkpt lat="42.179143" lon="2.718651"><ele>217.8</ele></trkpt>
      <trkpt lat="42.179206" lon="2.718642"><ele>217.8</ele></trkpt>
      <trkpt lat="42.179246" lon="2.718636"><ele>217.8</ele></trkpt>
      <trkpt lat="42.179355" lon="2.718651"><ele>217.8</ele></trkpt>
      <trkpt lat="42.179461" lon="2.718684"><ele>217.5</ele></trkpt>
      <trkpt lat="42.179670" lon="2.718794"><ele>215.8</ele></trkpt>
      <trkpt lat="42.179776" lon="2.718827"><ele>215.2</ele></trkpt>
      <trkpt lat="42.180217" lon="2.718932"><ele>212.2</ele></trkpt>
      <trkpt lat="42.180323" lon="2.718946"><ele>211.8</ele></trkpt>
      <trkpt lat="42.180429" lon="2.718970"><ele>211.2</ele></trkpt>
      <trkpt lat="42.180525" lon="2.719042"><ele>210.5</ele></trkpt>
      <trkpt lat="42.180655" lon="2.719270"><ele>209.0</ele></trkpt>
      <trkpt lat="42.180747" lon="2.719347"><ele>208.0</ele></trkpt>
      <trkpt lat="42.180853" lon="2.719380"><ele>207.5</ele></trkpt>
      <trkpt lat="42.180945" lon="2.719447"><ele>207.2</ele></trkpt>
      <trkpt lat="42.181033" lon="2.719561"><ele>206.8</ele></trkpt>
      <trkpt lat="42.181256" lon="2.719871"><ele>203.5</ele></trkpt>
      <trkpt lat="42.181327" lon="2.719981"><ele>203.0</ele></trkpt>
      <trkpt lat="42.181436" lon="2.720238"><ele>202.0</ele></trkpt>
      <trkpt lat="42.181496" lon="2.720362"><ele>201.8</ele></trkpt>
      <trkpt lat="42.181567" lon="2.720481"><ele>201.5</ele></trkpt>
      <trkpt lat="42.181645" lon="2.720582"><ele>201.8</ele></trkpt>
      <trkpt lat="42.181874" lon="2.720834"><ele>200.2</ele></trkpt>
      <trkpt lat="42.181959" lon="2.720920"><ele>200.2</ele></trkpt>
      <trkpt lat="42.182058" lon="2.720982"><ele>200.0</ele></trkpt>
      <trkpt lat="42.182263" lon="2.721073"><ele>199.5</ele></trkpt>
      <trkpt lat="42.182405" lon="2.721107"><ele>199.2</ele></trkpt>
      <trkpt lat="42.182505" lon="2.721092"><ele>198.8</ele></trkpt>
      <trkpt lat="42.182584" lon="2.721030"><ele>198.5</ele></trkpt>
      <trkpt lat="42.182796" lon="2.720958"><ele>198.2</ele></trkpt>
      <trkpt lat="42.183005" lon="2.720911"><ele>197.2</ele></trkpt>
      <trkpt lat="42.183111" lon="2.720896"><ele>197.0</ele></trkpt>
      <trkpt lat="42.183362" lon="2.720896"><ele>196.5</ele></trkpt>
      <trkpt lat="42.183468" lon="2.720911"><ele>196.8</ele></trkpt>
      <trkpt lat="42.183680" lon="2.720915"><ele>196.8</ele></trkpt>
      <trkpt lat="42.183786" lon="2.720939"><ele>196.8</ele></trkpt>
      <trkpt lat="42.183899" lon="2.720953"><ele>196.5</ele></trkpt>
      <trkpt lat="42.184001" lon="2.720987"><ele>196.0</ele></trkpt>
      <trkpt lat="42.184301" lon="2.721130"><ele>195.0</ele></trkpt>
      <trkpt lat="42.184400" lon="2.721187"><ele>195.0</ele></trkpt>
      <trkpt lat="42.184588" lon="2.721349"><ele>194.5</ele></trkpt>
      <trkpt lat="42.184761" lon="2.721516"><ele>194.0</ele></trkpt>
      <trkpt lat="42.184878" lon="2.721651"><ele>194.0</ele></trkpt>
      <trkpt lat="42.184923" lon="2.721693"><ele>193.8</ele></trkpt>
      <trkpt lat="42.185213" lon="2.722126"><ele>192.8</ele></trkpt>
      <trkpt lat="42.185276" lon="2.722246"><ele>192.0</ele></trkpt>
      <trkpt lat="42.185389" lon="2.722503"><ele>192.2</ele></trkpt>
      <trkpt lat="42.185453" lon="2.722632"><ele>190.8</ele></trkpt>
      <trkpt lat="42.185496" lon="2.722765"><ele>188.8</ele></trkpt>
      <trkpt lat="42.185549" lon="2.722894"><ele>189.2</ele></trkpt>
      <trkpt lat="42.185612" lon="2.723008"><ele>189.0</ele></trkpt>
      <trkpt lat="42.185669" lon="2.723128"><ele>188.2</ele></trkpt>
      <trkpt lat="42.185764" lon="2.723385"><ele>187.8</ele></trkpt>
      <trkpt lat="42.185801" lon="2.723535"><ele>189.0</ele></trkpt>
      <trkpt lat="42.185855" lon="2.723619"><ele>189.8</ele></trkpt>
      <trkpt lat="42.186096" lon="2.723719"><ele>189.2</ele></trkpt>
      <trkpt lat="42.186301" lon="2.723819"><ele>189.5</ele></trkpt>
      <trkpt lat="42.186413" lon="2.723860"><ele>189.8</ele></trkpt>
      <trkpt lat="42.186643" lon="2.723569"><ele>187.5</ele></trkpt>
      <trkpt lat="42.186943" lon="2.723325"><ele>185.8</ele></trkpt>
      <trkpt lat="42.187150" lon="2.723223"><ele>184.8</ele></trkpt>
      <trkpt lat="42.187194" lon="2.723222"><ele>184.8</ele></trkpt>
      <trkpt lat="42.187266" lon="2.723186"><ele>184.2</ele></trkpt>
      <trkpt lat="42.187361" lon="2.723187"><ele>184.5</ele></trkpt>
      <trkpt lat="42.187449" lon="2.723168"><ele>184.5</ele></trkpt>
      <trkpt lat="42.187501" lon="2.723117"><ele>183.8</ele></trkpt>
      <trkpt lat="42.187577" lon="2.723005"><ele>182.8</ele></trkpt>
      <trkpt lat="42.187602" lon="2.722957"><ele>182.5</ele></trkpt>
      <trkpt lat="42.187624" lon="2.722839"><ele>181.5</ele></trkpt>
      <trkpt lat="42.187628" lon="2.722673"><ele>180.0</ele></trkpt>
      <trkpt lat="42.187641" lon="2.722599"><ele>179.2</ele></trkpt>
      <trkpt lat="42.187674" lon="2.722492"><ele>178.5</ele></trkpt>
      <trkpt lat="42.187847" lon="2.722096"><ele>175.5</ele></trkpt>
      <trkpt lat="42.187861" lon="2.722034"><ele>174.8</ele></trkpt>
      <trkpt lat="42.187869" lon="2.721975"><ele>174.2</ele></trkpt>
      <trkpt lat="42.187875" lon="2.721860"><ele>173.2</ele></trkpt>
      <trkpt lat="42.187859" lon="2.721686"><ele>171.5</ele></trkpt>
      <trkpt lat="42.187871" lon="2.721557"><ele>170.0</ele></trkpt>
      <trkpt lat="42.187912" lon="2.721369"><ele>168.8</ele></trkpt>
      <trkpt lat="42.188000" lon="2.721077"><ele>165.5</ele></trkpt>
      <trkpt lat="42.188020" lon="2.721026"><ele>165.2</ele></trkpt>
      <trkpt lat="42.188091" lon="2.720870"><ele>162.8</ele></trkpt>
      <trkpt lat="42.188119" lon="2.720825"><ele>161.5</ele></trkpt>
      <trkpt lat="42.188195" lon="2.720744"><ele>159.8</ele></trkpt>
      <trkpt lat="42.188230" lon="2.720712"><ele>159.0</ele></trkpt>
      <trkpt lat="42.188308" lon="2.720666"><ele>158.0</ele></trkpt>
      <trkpt lat="42.188477" lon="2.720607"><ele>154.8</ele></trkpt>
      <trkpt lat="42.188646" lon="2.720578"><ele>152.5</ele></trkpt>
      <trkpt lat="42.188721" lon="2.720535"><ele>151.0</ele></trkpt>
      <trkpt lat="42.188755" lon="2.720500"><ele>150.2</ele></trkpt>
      <trkpt lat="42.188777" lon="2.720449"><ele>149.8</ele></trkpt>
      <trkpt lat="42.188841" lon="2.720202"><ele>147.5</ele></trkpt>
      <trkpt lat="42.188948" lon="2.719881"><ele>145.5</ele></trkpt>
      <trkpt lat="42.188989" lon="2.719797"><ele>145.2</ele></trkpt>
      <trkpt lat="42.189139" lon="2.719612"><ele>144.5</ele></trkpt>
      <trkpt lat="42.189381" lon="2.719178"><ele>143.0</ele></trkpt>
      <trkpt lat="42.189512" lon="2.719017"><ele>140.5</ele></trkpt>
      <trkpt lat="42.189540" lon="2.718966"><ele>140.0</ele></trkpt>
      <trkpt lat="42.189576" lon="2.718936"><ele>139.8</ele></trkpt>
      <trkpt lat="42.189616" lon="2.718923"><ele>140.0</ele></trkpt>
      <trkpt lat="42.189697" lon="2.718899"><ele>140.8</ele></trkpt>
      <trkpt lat="42.189780" lon="2.718888"><ele>140.8</ele></trkpt>
      <trkpt lat="42.190095" lon="2.718776"><ele>137.8</ele></trkpt>
      <trkpt lat="42.190283" lon="2.718751"><ele>136.8</ele></trkpt>
      <trkpt lat="42.190348" lon="2.718715"><ele>136.5</ele></trkpt>
      <trkpt lat="42.190464" lon="2.718604"><ele>136.2</ele></trkpt>
      <trkpt lat="42.190551" lon="2.718543"><ele>136.0</ele></trkpt>
      <trkpt lat="42.190572" lon="2.718427"><ele>136.0</ele></trkpt>
      <trkpt lat="42.190515" lon="2.718271"><ele>136.2</ele></trkpt>
      <trkpt lat="42.190530" lon="2.718169"><ele>136.5</ele></trkpt>
      <trkpt lat="42.190589" lon="2.718085"><ele>136.8</ele></trkpt>
      <trkpt lat="42.190685" lon="2.717987"><ele>137.0</ele></trkpt>
      <trkpt lat="42.190794" lon="2.717915"><ele>137.0</ele></trkpt>
      <trkpt lat="42.191012" lon="2.717883"><ele>137.2</ele></trkpt>
      <trkpt lat="42.191150" lon="2.717912"><ele>137.2</ele></trkpt>
      <trkpt lat="42.191269" lon="2.718001"><ele>137.0</ele></trkpt>
      <trkpt lat="42.191312" lon="2.718098"><ele>137.0</ele></trkpt>
      <trkpt lat="42.191359" lon="2.718460"><ele>136.8</ele></trkpt>
      <trkpt lat="42.191424" lon="2.718601"><ele>137.0</ele></trkpt>
      <trkpt lat="42.191518" lon="2.718740"><ele>136.8</ele></trkpt>
      <trkpt lat="42.191587" lon="2.718787"><ele>136.5</ele></trkpt>
      <trkpt lat="42.191726" lon="2.718859"><ele>136.0</ele></trkpt>
      <trkpt lat="42.191838" lon="2.718858"><ele>135.5</ele></trkpt>
      <trkpt lat="42.192029" lon="2.718788"><ele>135.5</ele></trkpt>
      <trkpt lat="42.192099" lon="2.718782"><ele>135.8</ele></trkpt>
      <trkpt lat="42.192253" lon="2.718820"><ele>135.8</ele></trkpt>
      <trkpt lat="42.192541" lon="2.719012"><ele>136.0</ele></trkpt>
      <trkpt lat="42.192669" lon="2.719050"><ele>136.5</ele></trkpt>
      <trkpt lat="42.192739" lon="2.719040"><ele>137.5</ele></trkpt>
      <trkpt lat="42.192588" lon="2.718877"><ele>139.0</ele></trkpt>
      <trkpt lat="42.192449" lon="2.718632"><ele>140.8</ele></trkpt>
      <trkpt lat="42.192277" lon="2.718426"><ele>142.8</ele></trkpt>
      <trkpt lat="42.192134" lon="2.718337"><ele>146.0</ele></trkpt>
      <trkpt lat="42.191912" lon="2.718247"><ele>148.5</ele></trkpt>
      <trkpt lat="42.191830" lon="2.718159"><ele>150.0</ele></trkpt>
      <trkpt lat="42.191785" lon="2.718046"><ele>151.8</ele></trkpt>
      <trkpt lat="42.191674" lon="2.717467"><ele>154.0</ele></trkpt>
      <trkpt lat="42.191610" lon="2.717269"><ele>151.8</ele></trkpt>
      <trkpt lat="42.191538" lon="2.717118"><ele>151.2</ele></trkpt>
      <trkpt lat="42.191434" lon="2.716977"><ele>153.0</ele></trkpt>
      <trkpt lat="42.191293" lon="2.716828"><ele>151.0</ele></trkpt>
      <trkpt lat="42.191221" lon="2.716710"><ele>151.5</ele></trkpt>
      <trkpt lat="42.191154" lon="2.716541"><ele>153.0</ele></trkpt>
      <trkpt lat="42.191064" lon="2.716397"><ele>154.2</ele></trkpt>
      <trkpt lat="42.190952" lon="2.716310"><ele>154.0</ele></trkpt>
      <trkpt lat="42.190821" lon="2.716290"><ele>153.8</ele></trkpt>
      <trkpt lat="42.190607" lon="2.716307"><ele>156.2</ele></trkpt>
      <trkpt lat="42.190450" lon="2.716269"><ele>157.2</ele></trkpt>
      <trkpt lat="42.190245" lon="2.716150"><ele>158.0</ele></trkpt>
      <trkpt lat="42.190020" lon="2.715976"><ele>159.2</ele></trkpt>
      <trkpt lat="42.189801" lon="2.715841"><ele>160.5</ele></trkpt>
      <trkpt lat="42.189597" lon="2.715796"><ele>163.0</ele></trkpt>
      <trkpt lat="42.189556" lon="2.715776"><ele>163.8</ele></trkpt>
      <trkpt lat="42.189535" lon="2.715716"><ele>164.8</ele></trkpt>
      <trkpt lat="42.189621" lon="2.715598"><ele>164.0</ele></trkpt>
      <trkpt lat="42.189917" lon="2.715251"><ele>162.5</ele></trkpt>
      <trkpt lat="42.190057" lon="2.714970"><ele>162.5</ele></trkpt>
      <trkpt lat="42.190170" lon="2.714702"><ele>162.8</ele></trkpt>
      <trkpt lat="42.190347" lon="2.714284"><ele>163.2</ele></trkpt>
      <trkpt lat="42.190420" lon="2.714149"><ele>162.8</ele></trkpt>
      <trkpt lat="42.190583" lon="2.713737"><ele>161.8</ele></trkpt>
      <trkpt lat="42.190639" lon="2.713558"><ele>162.8</ele></trkpt>
      <trkpt lat="42.190772" lon="2.713136"><ele>161.8</ele></trkpt>
      <trkpt lat="42.190895" lon="2.712865"><ele>163.0</ele></trkpt>
      <trkpt lat="42.190989" lon="2.712739"><ele>163.5</ele></trkpt>
      <trkpt lat="42.191055" lon="2.712788"><ele>162.2</ele></trkpt>
      <trkpt lat="42.191155" lon="2.712763"><ele>161.5</ele></trkpt>
      <trkpt lat="42.191301" lon="2.712696"><ele>160.5</ele></trkpt>
      <trkpt lat="42.191484" lon="2.712560"><ele>159.5</ele></trkpt>
      <trkpt lat="42.191593" lon="2.712418"><ele>158.0</ele></trkpt>
      <trkpt lat="42.191666" lon="2.712246"><ele>155.2</ele></trkpt>
      <trkpt lat="42.191717" lon="2.712159"><ele>155.2</ele></trkpt>
      <trkpt lat="42.191785" lon="2.712153"><ele>155.2</ele></trkpt>
      <trkpt lat="42.191940" lon="2.712338"><ele>154.5</ele></trkpt>
      <trkpt lat="42.192059" lon="2.712375"><ele>154.0</ele></trkpt>
      <trkpt lat="42.192367" lon="2.712408"><ele>153.2</ele></trkpt>
      <trkpt lat="42.192002" lon="2.711979"><ele>156.8</ele></trkpt>
      <trkpt lat="42.191206" lon="2.710900"><ele>169.8</ele></trkpt>
      <trkpt lat="42.191487" lon="2.710617"><ele>169.5</ele></trkpt>
      <trkpt lat="42.191650" lon="2.710469"><ele>169.0</ele></trkpt>
      <trkpt lat="42.191947" lon="2.710142"><ele>166.8</ele></trkpt>
      <trkpt lat="42.192087" lon="2.709746"><ele>165.2</ele></trkpt>
      <trkpt lat="42.192186" lon="2.709618"><ele>162.5</ele></trkpt>
      <trkpt lat="42.192322" lon="2.709443"><ele>159.8</ele></trkpt>
      <trkpt lat="42.192473" lon="2.709350"><ele>160.2</ele></trkpt>
      <trkpt lat="42.193073" lon="2.708891"><ele>168.0</ele></trkpt>
      <trkpt lat="42.193352" lon="2.708766"><ele>169.2</ele></trkpt>
      <trkpt lat="42.193432" lon="2.708641"><ele>170.2</ele></trkpt>
      <trkpt lat="42.193551" lon="2.708612"><ele>170.0</ele></trkpt>
      <trkpt lat="42.193825" lon="2.708442"><ele>171.2</ele></trkpt>
      <trkpt lat="42.193912" lon="2.708342"><ele>171.8</ele></trkpt>
      <trkpt lat="42.194259" lon="2.708176"><ele>173.5</ele></trkpt>
      <trkpt lat="42.194465" lon="2.708121"><ele>173.8</ele></trkpt>
      <trkpt lat="42.194646" lon="2.708052"><ele>173.5</ele></trkpt>
      <trkpt lat="42.195713" lon="2.707385"><ele>175.0</ele></trkpt>
      <trkpt lat="42.196032" lon="2.707204"><ele>174.0</ele></trkpt>
      <trkpt lat="42.196139" lon="2.707124"><ele>173.8</ele></trkpt>
      <trkpt lat="42.196372" lon="2.706925"><ele>172.2</ele></trkpt>
      <trkpt lat="42.196464" lon="2.706833"><ele>171.8</ele></trkpt>
      <trkpt lat="42.196640" lon="2.706578"><ele>170.0</ele></trkpt>
      <trkpt lat="42.196864" lon="2.706282"><ele>167.8</ele></trkpt>
      <trkpt lat="42.196904" lon="2.706216"><ele>167.0</ele></trkpt>
      <trkpt lat="42.196930" lon="2.706153"><ele>166.2</ele></trkpt>
      <trkpt lat="42.196953" lon="2.706092"><ele>165.8</ele></trkpt>
      <trkpt lat="42.196965" lon="2.706029"><ele>165.8</ele></trkpt>
      <trkpt lat="42.196977" lon="2.705856"><ele>165.8</ele></trkpt>
      <trkpt lat="42.196973" lon="2.705773"><ele>165.0</ele></trkpt>
      <trkpt lat="42.196948" lon="2.705557"><ele>162.8</ele></trkpt>
      <trkpt lat="42.196822" lon="2.705000"><ele>158.2</ele></trkpt>
      <trkpt lat="42.196701" lon="2.704569"><ele>152.0</ele></trkpt>
      <trkpt lat="42.196583" lon="2.704243"><ele>151.8</ele></trkpt>
      <trkpt lat="42.196553" lon="2.704110"><ele>151.0</ele></trkpt>
      <trkpt lat="42.196497" lon="2.704111"><ele>153.0</ele></trkpt>
      <trkpt lat="42.196444" lon="2.704102"><ele>154.8</ele></trkpt>
      <trkpt lat="42.196368" lon="2.704061"><ele>156.2</ele></trkpt>
      <trkpt lat="42.196290" lon="2.704000"><ele>157.5</ele></trkpt>
      <trkpt lat="42.196112" lon="2.703822"><ele>157.0</ele></trkpt>
      <trkpt lat="42.195949" lon="2.703605"><ele>157.2</ele></trkpt>
      <trkpt lat="42.195862" lon="2.703451"><ele>158.0</ele></trkpt>
      <trkpt lat="42.195793" lon="2.703285"><ele>159.8</ele></trkpt>
      <trkpt lat="42.195702" lon="2.703034"><ele>163.2</ele></trkpt>
      <trkpt lat="42.195661" lon="2.702701"><ele>164.0</ele></trkpt>
      <trkpt lat="42.195667" lon="2.702392"><ele>165.0</ele></trkpt>
      <trkpt lat="42.195640" lon="2.702246"><ele>167.0</ele></trkpt>
      <trkpt lat="42.195591" lon="2.702131"><ele>168.5</ele></trkpt>
      <trkpt lat="42.195499" lon="2.702043"><ele>169.2</ele></trkpt>
      <trkpt lat="42.195427" lon="2.702019"><ele>169.2</ele></trkpt>
      <trkpt lat="42.195374" lon="2.702034"><ele>170.0</ele></trkpt>
      <trkpt lat="42.195170" lon="2.702170"><ele>173.8</ele></trkpt>
      <trkpt lat="42.194866" lon="2.702439"><ele>179.2</ele></trkpt>
      <trkpt lat="42.194684" lon="2.702547"><ele>181.2</ele></trkpt>
      <trkpt lat="42.194476" lon="2.702540"><ele>183.0</ele></trkpt>
      <trkpt lat="42.194273" lon="2.702537"><ele>184.2</ele></trkpt>
      <trkpt lat="42.194223" lon="2.702456"><ele>184.5</ele></trkpt>
      <trkpt lat="42.194205" lon="2.702353"><ele>185.0</ele></trkpt>
      <trkpt lat="42.194208" lon="2.701813"><ele>186.2</ele></trkpt>
      <trkpt lat="42.194233" lon="2.701700"><ele>186.5</ele></trkpt>
      <trkpt lat="42.194425" lon="2.701564"><ele>185.2</ele></trkpt>
      <trkpt lat="42.194486" lon="2.701388"><ele>186.5</ele></trkpt>
      <trkpt lat="42.194580" lon="2.700890"><ele>186.8</ele></trkpt>
      <trkpt lat="42.194583" lon="2.700755"><ele>187.2</ele></trkpt>
      <trkpt lat="42.194540" lon="2.700662"><ele>188.2</ele></trkpt>
      <trkpt lat="42.194470" lon="2.700634"><ele>189.0</ele></trkpt>
      <trkpt lat="42.193720" lon="2.700476"><ele>188.2</ele></trkpt>
      <trkpt lat="42.193608" lon="2.700376"><ele>187.2</ele></trkpt>
      <trkpt lat="42.193572" lon="2.700121"><ele>186.0</ele></trkpt>
      <trkpt lat="42.193540" lon="2.699961"><ele>186.0</ele></trkpt>
      <trkpt lat="42.193359" lon="2.699613"><ele>185.0</ele></trkpt>
      <trkpt lat="42.193339" lon="2.699523"><ele>184.5</ele></trkpt>
      <trkpt lat="42.193364" lon="2.699141"><ele>184.5</ele></trkpt>
      <trkpt lat="42.193334" lon="2.698975"><ele>184.8</ele></trkpt>
      <trkpt lat="42.193284" lon="2.698865"><ele>184.8</ele></trkpt>
      <trkpt lat="42.193073" lon="2.698714"><ele>186.0</ele></trkpt>
      <trkpt lat="42.193007" lon="2.698565"><ele>187.8</ele></trkpt>
      <trkpt lat="42.193045" lon="2.698436"><ele>187.8</ele></trkpt>
      <trkpt lat="42.193105" lon="2.698361"><ele>187.8</ele></trkpt>
      <trkpt lat="42.193219" lon="2.698286"><ele>188.0</ele></trkpt>
      <trkpt lat="42.193847" lon="2.698052"><ele>189.8</ele></trkpt>
      <trkpt lat="42.193920" lon="2.697961"><ele>189.2</ele></trkpt>
      <trkpt lat="42.193942" lon="2.697834"><ele>188.5</ele></trkpt>
      <trkpt lat="42.193904" lon="2.697681"><ele>189.5</ele></trkpt>
      <trkpt lat="42.193827" lon="2.697564"><ele>189.5</ele></trkpt>
      <trkpt lat="42.193666" lon="2.697549"><ele>189.8</ele></trkpt>
      <trkpt lat="42.193305" lon="2.697525"><ele>189.8</ele></trkpt>
      <trkpt lat="42.193114" lon="2.697348"><ele>190.8</ele></trkpt>
      <trkpt lat="42.192867" lon="2.697026"><ele>194.5</ele></trkpt>
      <trkpt lat="42.192856" lon="2.696883"><ele>193.2</ele></trkpt>
      <trkpt lat="42.192936" lon="2.696791"><ele>193.8</ele></trkpt>
      <trkpt lat="42.193234" lon="2.696632"><ele>192.5</ele></trkpt>
      <trkpt lat="42.193390" lon="2.696287"><ele>191.5</ele></trkpt>
      <trkpt lat="42.193407" lon="2.696155"><ele>192.5</ele></trkpt>
      <trkpt lat="42.193324" lon="2.695701"><ele>192.2</ele></trkpt>
      <trkpt lat="42.193312" lon="2.695458"><ele>192.8</ele></trkpt>
      <trkpt lat="42.193402" lon="2.694811"><ele>192.0</ele></trkpt>
      <trkpt lat="42.193329" lon="2.694324"><ele>191.5</ele></trkpt>
      <trkpt lat="42.193159" lon="2.693864"><ele>193.0</ele></trkpt>
      <trkpt lat="42.193161" lon="2.693691"><ele>192.5</ele></trkpt>
      <trkpt lat="42.193415" lon="2.692175"><ele>185.0</ele></trkpt>
      <trkpt lat="42.193382" lon="2.692022"><ele>185.0</ele></trkpt>
      <trkpt lat="42.193252" lon="2.691924"><ele>190.2</ele></trkpt>
      <trkpt lat="42.193189" lon="2.691806"><ele>188.8</ele></trkpt>
      <trkpt lat="42.193177" lon="2.691677"><ele>184.5</ele></trkpt>
      <trkpt lat="42.193229" lon="2.691562"><ele>187.8</ele></trkpt>
      <trkpt lat="42.193334" lon="2.691525"><ele>188.5</ele></trkpt>
      <trkpt lat="42.193442" lon="2.691552"><ele>187.8</ele></trkpt>
      <trkpt lat="42.193678" lon="2.691674"><ele>185.5</ele></trkpt>
      <trkpt lat="42.193793" lon="2.691660"><ele>186.0</ele></trkpt>
      <trkpt lat="42.193919" lon="2.691532"><ele>186.0</ele></trkpt>
      <trkpt lat="42.193954" lon="2.691332"><ele>185.8</ele></trkpt>
      <trkpt lat="42.193889" lon="2.691088"><ele>185.2</ele></trkpt>
      <trkpt lat="42.193565" lon="2.690384"><ele>187.5</ele></trkpt>
      <trkpt lat="42.193540" lon="2.690219"><ele>187.0</ele></trkpt>
      <trkpt lat="42.193588" lon="2.690087"><ele>184.2</ele></trkpt>
      <trkpt lat="42.193675" lon="2.690022"><ele>186.0</ele></trkpt>
      <trkpt lat="42.193761" lon="2.690049"><ele>188.2</ele></trkpt>
      <trkpt lat="42.193839" lon="2.690147"><ele>188.0</ele></trkpt>
      <trkpt lat="42.193969" lon="2.690435"><ele>182.2</ele></trkpt>
      <trkpt lat="42.194072" lon="2.690496"><ele>182.8</ele></trkpt>
      <trkpt lat="42.194366" lon="2.690506"><ele>183.8</ele></trkpt>
      <trkpt lat="42.194513" lon="2.690480"><ele>183.2</ele></trkpt>
      <trkpt lat="42.194697" lon="2.690339"><ele>183.5</ele></trkpt>
      <trkpt lat="42.194962" lon="2.690001"><ele>181.5</ele></trkpt>
      <trkpt lat="42.195077" lon="2.689714"><ele>180.0</ele></trkpt>
      <trkpt lat="42.195196" lon="2.688840"><ele>171.0</ele></trkpt>
      <trkpt lat="42.195183" lon="2.688625"><ele>172.8</ele></trkpt>
      <trkpt lat="42.195272" lon="2.688252"><ele>169.5</ele></trkpt>
      <trkpt lat="42.195396" lon="2.687828"><ele>170.2</ele></trkpt>
      <trkpt lat="42.195492" lon="2.687357"><ele>166.5</ele></trkpt>
      <trkpt lat="42.195504" lon="2.686801"><ele>165.2</ele></trkpt>
      <trkpt lat="42.195538" lon="2.686595"><ele>163.5</ele></trkpt>
      <trkpt lat="42.195580" lon="2.686493"><ele>162.5</ele></trkpt>
      <trkpt lat="42.195602" lon="2.686440"><ele>162.2</ele></trkpt>
      <trkpt lat="42.195873" lon="2.685672"><ele>160.5</ele></trkpt>
      <trkpt lat="42.196173" lon="2.684942"><ele>160.8</ele></trkpt>
      <trkpt lat="42.196238" lon="2.684657"><ele>162.0</ele></trkpt>
      <trkpt lat="42.196260" lon="2.684348"><ele>163.0</ele></trkpt>
      <trkpt lat="42.196260" lon="2.683834"><ele>164.2</ele></trkpt>
      <trkpt lat="42.196334" lon="2.683199"><ele>163.8</ele></trkpt>
      <trkpt lat="42.196432" lon="2.682802"><ele>164.0</ele></trkpt>
      <trkpt lat="42.196476" lon="2.682704"><ele>164.2</ele></trkpt>
      <trkpt lat="42.196518" lon="2.682666"><ele>163.8</ele></trkpt>
      <trkpt lat="42.196562" lon="2.682661"><ele>163.0</ele></trkpt>
      <trkpt lat="42.196698" lon="2.682716"><ele>161.0</ele></trkpt>
      <trkpt lat="42.197097" lon="2.682996"><ele>158.8</ele></trkpt>
      <trkpt lat="42.197280" lon="2.683157"><ele>158.0</ele></trkpt>
      <trkpt lat="42.197591" lon="2.683490"><ele>156.2</ele></trkpt>
      <trkpt lat="42.197662" lon="2.683518"><ele>155.2</ele></trkpt>
      <trkpt lat="42.197718" lon="2.683504"><ele>154.5</ele></trkpt>
      <trkpt lat="42.197756" lon="2.683439"><ele>154.2</ele></trkpt>
      <trkpt lat="42.197771" lon="2.683181"><ele>153.5</ele></trkpt>
      <trkpt lat="42.197702" lon="2.682779"><ele>150.5</ele></trkpt>
      <trkpt lat="42.197733" lon="2.682544"><ele>150.2</ele></trkpt>
      <trkpt lat="42.197701" lon="2.682303"><ele>150.8</ele></trkpt>
      <trkpt lat="42.197621" lon="2.682123"><ele>152.0</ele></trkpt>
      <trkpt lat="42.197516" lon="2.681963"><ele>151.2</ele></trkpt>
      <trkpt lat="42.197500" lon="2.681838"><ele>151.2</ele></trkpt>
      <trkpt lat="42.197534" lon="2.681712"><ele>152.0</ele></trkpt>
      <trkpt lat="42.197621" lon="2.681585"><ele>153.5</ele></trkpt>
      <trkpt lat="42.197798" lon="2.681436"><ele>154.8</ele></trkpt>
      <trkpt lat="42.197942" lon="2.681439"><ele>155.0</ele></trkpt>
      <trkpt lat="42.198103" lon="2.681508"><ele>154.8</ele></trkpt>
      <trkpt lat="42.198186" lon="2.681668"><ele>154.2</ele></trkpt>
      <trkpt lat="42.198220" lon="2.681855"><ele>153.8</ele></trkpt>
      <trkpt lat="42.198277" lon="2.681951"><ele>154.0</ele></trkpt>
      <trkpt lat="42.198350" lon="2.681975"><ele>154.2</ele></trkpt>
      <trkpt lat="42.198442" lon="2.681948"><ele>151.8</ele></trkpt>
      <trkpt lat="42.198536" lon="2.681817"><ele>152.0</ele></trkpt>
      <trkpt lat="42.198968" lon="2.680776"><ele>154.2</ele></trkpt>
      <trkpt lat="42.199045" lon="2.680663"><ele>153.8</ele></trkpt>
      <trkpt lat="42.199238" lon="2.680448"><ele>153.2</ele></trkpt>
      <trkpt lat="42.199335" lon="2.680276"><ele>153.2</ele></trkpt>
      <trkpt lat="42.199392" lon="2.680094"><ele>153.5</ele></trkpt>
      <trkpt lat="42.199403" lon="2.679830"><ele>153.8</ele></trkpt>
      <trkpt lat="42.199438" lon="2.679505"><ele>153.0</ele></trkpt>
      <trkpt lat="42.199523" lon="2.679191"><ele>154.5</ele></trkpt>
      <trkpt lat="42.199589" lon="2.678698"><ele>155.2</ele></trkpt>
      <trkpt lat="42.199649" lon="2.678536"><ele>155.2</ele></trkpt>
      <trkpt lat="42.199738" lon="2.678421"><ele>154.8</ele></trkpt>
      <trkpt lat="42.199846" lon="2.678308"><ele>154.8</ele></trkpt>
      <trkpt lat="42.199906" lon="2.678155"><ele>156.2</ele></trkpt>
      <trkpt lat="42.199917" lon="2.678016"><ele>156.8</ele></trkpt>
      <trkpt lat="42.199853" lon="2.677846"><ele>156.2</ele></trkpt>
      <trkpt lat="42.199704" lon="2.677705"><ele>159.0</ele></trkpt>
      <trkpt lat="42.199601" lon="2.677681"><ele>158.5</ele></trkpt>
      <trkpt lat="42.199477" lon="2.677715"><ele>159.5</ele></trkpt>
      <trkpt lat="42.199334" lon="2.677691"><ele>160.2</ele></trkpt>
      <trkpt lat="42.199217" lon="2.677586"><ele>161.0</ele></trkpt>
      <trkpt lat="42.198914" lon="2.677129"><ele>163.0</ele></trkpt>
      <trkpt lat="42.198821" lon="2.676921"><ele>165.5</ele></trkpt>
      <trkpt lat="42.198580" lon="2.676332"><ele>167.2</ele></trkpt>
      <trkpt lat="42.198557" lon="2.676202"><ele>168.8</ele></trkpt>
      <trkpt lat="42.198592" lon="2.676114"><ele>167.5</ele></trkpt>
      <trkpt lat="42.198667" lon="2.676080"><ele>169.0</ele></trkpt>
      <trkpt lat="42.199000" lon="2.676147"><ele>170.0</ele></trkpt>
      <trkpt lat="42.199139" lon="2.676111"><ele>171.8</ele></trkpt>
      <trkpt lat="42.199325" lon="2.676049"><ele>173.2</ele></trkpt>
      <trkpt lat="42.199656" lon="2.676051"><ele>173.5</ele></trkpt>
      <trkpt lat="42.199708" lon="2.676087"><ele>172.5</ele></trkpt>
      <trkpt lat="42.199811" lon="2.676072"><ele>172.0</ele></trkpt>
      <trkpt lat="42.199916" lon="2.675984"><ele>172.2</ele></trkpt>
      <trkpt lat="42.200163" lon="2.675541"><ele>175.0</ele></trkpt>
      <trkpt lat="42.200342" lon="2.675391"><ele>172.0</ele></trkpt>
      <trkpt lat="42.200600" lon="2.675284"><ele>169.0</ele></trkpt>
      <trkpt lat="42.200828" lon="2.675113"><ele>165.8</ele></trkpt>
      <trkpt lat="42.200930" lon="2.674967"><ele>164.8</ele></trkpt>
      <trkpt lat="42.201085" lon="2.674517"><ele>165.2</ele></trkpt>
      <trkpt lat="42.201310" lon="2.674004"><ele>164.2</ele></trkpt>
      <trkpt lat="42.201349" lon="2.673791"><ele>165.5</ele></trkpt>
      <trkpt lat="42.201377" lon="2.673408"><ele>166.0</ele></trkpt>
      <trkpt lat="42.201411" lon="2.673343"><ele>165.5</ele></trkpt>
      <trkpt lat="42.201478" lon="2.673294"><ele>165.8</ele></trkpt>
      <trkpt lat="42.201749" lon="2.673186"><ele>162.2</ele></trkpt>
      <trkpt lat="42.201872" lon="2.672924"><ele>163.0</ele></trkpt>
      <trkpt lat="42.202039" lon="2.672720"><ele>161.2</ele></trkpt>
      <trkpt lat="42.202277" lon="2.672183"><ele>163.0</ele></trkpt>
      <trkpt lat="42.202428" lon="2.671953"><ele>165.5</ele></trkpt>
      <trkpt lat="42.202667" lon="2.671195"><ele>168.8</ele></trkpt>
      <trkpt lat="42.202609" lon="2.670847"><ele>174.0</ele></trkpt>
      <trkpt lat="42.202620" lon="2.670678"><ele>175.0</ele></trkpt>
      <trkpt lat="42.202733" lon="2.670521"><ele>172.2</ele></trkpt>
      <trkpt lat="42.202873" lon="2.670359"><ele>170.0</ele></trkpt>
      <trkpt lat="42.203020" lon="2.669984"><ele>171.2</ele></trkpt>
      <trkpt lat="42.203068" lon="2.669544"><ele>173.5</ele></trkpt>
      <trkpt lat="42.203183" lon="2.669174"><ele>175.8</ele></trkpt>
      <trkpt lat="42.203438" lon="2.668981"><ele>174.8</ele></trkpt>
      <trkpt lat="42.203700" lon="2.668680"><ele>172.2</ele></trkpt>
      <trkpt lat="42.203700" lon="2.668509"><ele>174.8</ele></trkpt>
      <trkpt lat="42.203779" lon="2.668235"><ele>171.8</ele></trkpt>
      <trkpt lat="42.203775" lon="2.668106"><ele>172.5</ele></trkpt>
      <trkpt lat="42.203708" lon="2.667876"><ele>174.0</ele></trkpt>
      <trkpt lat="42.203779" lon="2.667726"><ele>173.8</ele></trkpt>
      <trkpt lat="42.203946" lon="2.667575"><ele>176.2</ele></trkpt>
      <trkpt lat="42.204073" lon="2.667522"><ele>177.0</ele></trkpt>
      <trkpt lat="42.204304" lon="2.667312"><ele>177.2</ele></trkpt>
      <trkpt lat="42.204487" lon="2.667221"><ele>177.5</ele></trkpt>
      <trkpt lat="42.204618" lon="2.667280"><ele>175.2</ele></trkpt>
      <trkpt lat="42.204737" lon="2.667286"><ele>174.8</ele></trkpt>
      <trkpt lat="42.204820" lon="2.667237"><ele>174.2</ele></trkpt>
      <trkpt lat="42.204924" lon="2.667109"><ele>174.0</ele></trkpt>
      <trkpt lat="42.204987" lon="2.666889"><ele>175.0</ele></trkpt>
      <trkpt lat="42.205627" lon="2.666004"><ele>172.5</ele></trkpt>
      <trkpt lat="42.205722" lon="2.665923"><ele>172.2</ele></trkpt>
      <trkpt lat="42.205806" lon="2.665896"><ele>171.0</ele></trkpt>
      <trkpt lat="42.205969" lon="2.665939"><ele>169.8</ele></trkpt>
      <trkpt lat="42.206251" lon="2.665880"><ele>168.2</ele></trkpt>
      <trkpt lat="42.206418" lon="2.665902"><ele>167.8</ele></trkpt>
      <trkpt lat="42.206541" lon="2.665928"><ele>167.2</ele></trkpt>
      <trkpt lat="42.206688" lon="2.665912"><ele>166.8</ele></trkpt>
      <trkpt lat="42.206954" lon="2.665955"><ele>165.8</ele></trkpt>
      <trkpt lat="42.207217" lon="2.665961"><ele>163.5</ele></trkpt>
      <trkpt lat="42.207304" lon="2.665939"><ele>162.5</ele></trkpt>
      <trkpt lat="42.207411" lon="2.665950"><ele>161.2</ele></trkpt>
      <trkpt lat="42.207554" lon="2.666138"><ele>160.0</ele></trkpt>
      <trkpt lat="42.207725" lon="2.666502"><ele>159.0</ele></trkpt>
      <trkpt lat="42.207876" lon="2.666583"><ele>157.5</ele></trkpt>
      <trkpt lat="42.208258" lon="2.666502"><ele>157.0</ele></trkpt>
      <trkpt lat="42.208381" lon="2.666433"><ele>156.5</ele></trkpt>
      <trkpt lat="42.208456" lon="2.666207"><ele>156.2</ele></trkpt>
      <trkpt lat="42.208476" lon="2.665698"><ele>157.5</ele></trkpt>
      <trkpt lat="42.208540" lon="2.665430"><ele>157.5</ele></trkpt>
      <trkpt lat="42.208671" lon="2.664995"><ele>157.8</ele></trkpt>
      <trkpt lat="42.208798" lon="2.664861"><ele>157.0</ele></trkpt>
      <trkpt lat="42.208797" lon="2.664533"><ele>157.5</ele></trkpt>
      <trkpt lat="42.208814" lon="2.664024"><ele>157.2</ele></trkpt>
      <trkpt lat="42.208810" lon="2.663343"><ele>157.0</ele></trkpt>
      <trkpt lat="42.208512" lon="2.662436"><ele>156.5</ele></trkpt>
      <trkpt lat="42.208464" lon="2.662238"><ele>157.0</ele></trkpt>
      <trkpt lat="42.208418" lon="2.661647"><ele>156.2</ele></trkpt>
      <trkpt lat="42.208397" lon="2.661310"><ele>156.0</ele></trkpt>
      <trkpt lat="42.208417" lon="2.661187"><ele>155.2</ele></trkpt>
      <trkpt lat="42.208444" lon="2.661025"><ele>155.0</ele></trkpt>
      <trkpt lat="42.208460" lon="2.660805"><ele>155.2</ele></trkpt>
      <trkpt lat="42.208397" lon="2.660607"><ele>154.8</ele></trkpt>
      <trkpt lat="42.208178" lon="2.660156"><ele>155.2</ele></trkpt>
      <trkpt lat="42.208157" lon="2.659766"><ele>154.2</ele></trkpt>
      <trkpt lat="42.208150" lon="2.659641"><ele>154.0</ele></trkpt>
      <trkpt lat="42.208202" lon="2.659293"><ele>154.0</ele></trkpt>
      <trkpt lat="42.208492" lon="2.658804"><ele>154.2</ele></trkpt>
      <trkpt lat="42.208691" lon="2.658665"><ele>156.2</ele></trkpt>
      <trkpt lat="42.208913" lon="2.658568"><ele>158.0</ele></trkpt>
      <trkpt lat="42.209227" lon="2.658708"><ele>158.5</ele></trkpt>
      <trkpt lat="42.209358" lon="2.658778"><ele>157.8</ele></trkpt>
      <trkpt lat="42.209656" lon="2.658719"><ele>158.8</ele></trkpt>
      <trkpt lat="42.209891" lon="2.658558"><ele>161.0</ele></trkpt>
      <trkpt lat="42.210562" lon="2.658644"><ele>167.0</ele></trkpt>
      <trkpt lat="42.210749" lon="2.658676"><ele>168.0</ele></trkpt>
      <trkpt lat="42.210971" lon="2.658654"><ele>169.0</ele></trkpt>
      <trkpt lat="42.211190" lon="2.658719"><ele>167.5</ele></trkpt>
      <trkpt lat="42.211365" lon="2.658923"><ele>167.5</ele></trkpt>
      <trkpt lat="42.211619" lon="2.659116"><ele>166.0</ele></trkpt>
      <trkpt lat="42.211782" lon="2.659175"><ele>165.5</ele></trkpt>
      <trkpt lat="42.211873" lon="2.659159"><ele>165.0</ele></trkpt>
      <trkpt lat="42.211993" lon="2.659142"><ele>164.2</ele></trkpt>
      <trkpt lat="42.212886" lon="2.659223"><ele>165.2</ele></trkpt>
      <trkpt lat="42.213109" lon="2.659223"><ele>165.5</ele></trkpt>
      <trkpt lat="42.213602" lon="2.659175"><ele>168.0</ele></trkpt>
      <trkpt lat="42.213816" lon="2.658987"><ele>168.8</ele></trkpt>
      <trkpt lat="42.214281" lon="2.658220"><ele>170.0</ele></trkpt>
      <trkpt lat="42.214488" lon="2.657635"><ele>169.5</ele></trkpt>
      <trkpt lat="42.214669" lon="2.656960"><ele>167.2</ele></trkpt>
      <trkpt lat="42.214889" lon="2.656289"><ele>169.8</ele></trkpt>
      <trkpt lat="42.214980" lon="2.655965"><ele>169.5</ele></trkpt>
      <trkpt lat="42.215037" lon="2.655735"><ele>171.5</ele></trkpt>
      <trkpt lat="42.215092" lon="2.655415"><ele>172.8</ele></trkpt>
      <trkpt lat="42.214980" lon="2.655349"><ele>169.8</ele></trkpt>
      <trkpt lat="42.214925" lon="2.655190"><ele>168.0</ele></trkpt>
      <trkpt lat="42.214823" lon="2.654953"><ele>165.8</ele></trkpt>
      <trkpt lat="42.214702" lon="2.654833"><ele>164.2</ele></trkpt>
      <trkpt lat="42.214608" lon="2.654702"><ele>164.0</ele></trkpt>
      <trkpt lat="42.214561" lon="2.654549"><ele>164.0</ele></trkpt>
      <trkpt lat="42.214555" lon="2.654351"><ele>164.2</ele></trkpt>
      <trkpt lat="42.214605" lon="2.654135"><ele>164.5</ele></trkpt>
      <trkpt lat="42.214676" lon="2.653633"><ele>164.8</ele></trkpt>
      <trkpt lat="42.214674" lon="2.653430"><ele>164.8</ele></trkpt>
      <trkpt lat="42.214575" lon="2.653196"><ele>164.8</ele></trkpt>
      <trkpt lat="42.214423" lon="2.653045"><ele>164.8</ele></trkpt>
      <trkpt lat="42.214362" lon="2.652759"><ele>165.0</ele></trkpt>
      <trkpt lat="42.214355" lon="2.652374"><ele>167.0</ele></trkpt>
      <trkpt lat="42.214414" lon="2.652033"><ele>167.8</ele></trkpt>
      <trkpt lat="42.214420" lon="2.651925"><ele>167.8</ele></trkpt>
      <trkpt lat="42.214391" lon="2.651558"><ele>168.5</ele></trkpt>
      <trkpt lat="42.214401" lon="2.651325"><ele>168.2</ele></trkpt>
      <trkpt lat="42.214480" lon="2.650767"><ele>168.0</ele></trkpt>
      <trkpt lat="42.214536" lon="2.650472"><ele>168.0</ele></trkpt>
      <trkpt lat="42.214788" lon="2.650268"><ele>169.0</ele></trkpt>
      <trkpt lat="42.214883" lon="2.649962"><ele>170.2</ele></trkpt>
      <trkpt lat="42.214941" lon="2.649656"><ele>170.8</ele></trkpt>
      <trkpt lat="42.215034" lon="2.649047"><ele>173.8</ele></trkpt>
      <trkpt lat="42.215034" lon="2.648624"><ele>174.5</ele></trkpt>
      <trkpt lat="42.215046" lon="2.648242"><ele>175.8</ele></trkpt>
      <trkpt lat="42.215083" lon="2.647707"><ele>178.0</ele></trkpt>
      <trkpt lat="42.215126" lon="2.647450"><ele>180.0</ele></trkpt>
      <trkpt lat="42.215126" lon="2.647342"><ele>179.8</ele></trkpt>
      <trkpt lat="42.215119" lon="2.647268"><ele>179.8</ele></trkpt>
      <trkpt lat="42.215098" lon="2.647140"><ele>179.8</ele></trkpt>
      <trkpt lat="42.215083" lon="2.647096"><ele>180.0</ele></trkpt>
      <trkpt lat="42.215062" lon="2.647065"><ele>180.0</ele></trkpt>
      <trkpt lat="42.215041" lon="2.647052"><ele>180.0</ele></trkpt>
      <trkpt lat="42.215011" lon="2.647053"><ele>179.8</ele></trkpt>
      <trkpt lat="42.214731" lon="2.647394"><ele>179.0</ele></trkpt>
      <trkpt lat="42.214647" lon="2.647471"><ele>177.8</ele></trkpt>
      <trkpt lat="42.214535" lon="2.647530"><ele>177.2</ele></trkpt>
      <trkpt lat="42.214469" lon="2.647550"><ele>177.0</ele></trkpt>
      <trkpt lat="42.214413" lon="2.647554"><ele>176.8</ele></trkpt>
      <trkpt lat="42.214336" lon="2.647543"><ele>176.8</ele></trkpt>
      <trkpt lat="42.214275" lon="2.647524"><ele>176.8</ele></trkpt>
      <trkpt lat="42.214227" lon="2.647494"><ele>177.0</ele></trkpt>
      <trkpt lat="42.214192" lon="2.647459"><ele>177.0</ele></trkpt>
      <trkpt lat="42.214183" lon="2.647426"><ele>177.0</ele></trkpt>
      <trkpt lat="42.214185" lon="2.647385"><ele>177.0</ele></trkpt>
      <trkpt lat="42.214203" lon="2.647309"><ele>177.0</ele></trkpt>
      <trkpt lat="42.214087" lon="2.647119"><ele>176.5</ele></trkpt>
      <trkpt lat="42.214114" lon="2.647079"><ele>176.5</ele></trkpt>
      <trkpt lat="42.214633" lon="2.646317"><ele>178.5</ele></trkpt>
      <trkpt lat="42.214709" lon="2.646219"><ele>178.8</ele></trkpt>
      <trkpt lat="42.214739" lon="2.646185"><ele>179.0</ele></trkpt>
      <trkpt lat="42.214816" lon="2.646129"><ele>179.5</ele></trkpt>
      <trkpt lat="42.214851" lon="2.646117"><ele>179.8</ele></trkpt>
      <trkpt lat="42.214928" lon="2.646115"><ele>180.2</ele></trkpt>
      <trkpt lat="42.214985" lon="2.645811"><ele>180.8</ele></trkpt>
      <trkpt lat="42.215000" lon="2.645681"><ele>181.0</ele></trkpt>
      <trkpt lat="42.215009" lon="2.645531"><ele>180.8</ele></trkpt>
      <trkpt lat="42.215009" lon="2.645420"><ele>180.5</ele></trkpt>
      <trkpt lat="42.214989" lon="2.644926"><ele>181.0</ele></trkpt>
      <trkpt lat="42.214956" lon="2.644337"><ele>181.8</ele></trkpt>
      <trkpt lat="42.214542" lon="2.643475"><ele>181.8</ele></trkpt>
      <trkpt lat="42.214235" lon="2.642837"><ele>182.5</ele></trkpt>
      <trkpt lat="42.214186" lon="2.642703"><ele>182.8</ele></trkpt>
      <trkpt lat="42.214116" lon="2.642489"><ele>182.8</ele></trkpt>
      <trkpt lat="42.214103" lon="2.642431"><ele>182.8</ele></trkpt>
      <trkpt lat="42.214082" lon="2.642374"><ele>182.8</ele></trkpt>
      <trkpt lat="42.214051" lon="2.642281"><ele>182.5</ele></trkpt>
      <trkpt lat="42.213954" lon="2.642203"><ele>182.2</ele></trkpt>
      <trkpt lat="42.213799" lon="2.642098"><ele>182.2</ele></trkpt>
      <trkpt lat="42.213644" lon="2.642056"><ele>182.0</ele></trkpt>
      <trkpt lat="42.213615" lon="2.642060"><ele>182.0</ele></trkpt>
      <trkpt lat="42.213613" lon="2.642026"><ele>182.0</ele></trkpt>
      <trkpt lat="42.213600" lon="2.641795"><ele>182.0</ele></trkpt>
      <trkpt lat="42.213616" lon="2.641606"><ele>181.8</ele></trkpt>
      <trkpt lat="42.213739" lon="2.641582"><ele>182.0</ele></trkpt>
      <trkpt lat="42.214049" lon="2.641350"><ele>179.8</ele></trkpt>
      <trkpt lat="42.214226" lon="2.641328"><ele>178.8</ele></trkpt>
      <trkpt lat="42.214265" lon="2.641298"><ele>178.8</ele></trkpt>
      <trkpt lat="42.214277" lon="2.641250"><ele>178.8</ele></trkpt>
      <trkpt lat="42.214276" lon="2.641213"><ele>178.8</ele></trkpt>
      <trkpt lat="42.214255" lon="2.641102"><ele>178.5</ele></trkpt>
      <trkpt lat="42.214204" lon="2.640921"><ele>179.0</ele></trkpt>
      <trkpt lat="42.214150" lon="2.640775"><ele>179.2</ele></trkpt>
      <trkpt lat="42.214074" lon="2.640613"><ele>180.0</ele></trkpt>
      <trkpt lat="42.214042" lon="2.640568"><ele>180.0</ele></trkpt>
      <trkpt lat="42.214016" lon="2.640545"><ele>179.8</ele></trkpt>
      <trkpt lat="42.213967" lon="2.640522"><ele>179.8</ele></trkpt>
      <trkpt lat="42.213921" lon="2.640525"><ele>179.2</ele></trkpt>
      <trkpt lat="42.213719" lon="2.640591"><ele>179.0</ele></trkpt>
      <trkpt lat="42.213589" lon="2.640602"><ele>178.8</ele></trkpt>
      <trkpt lat="42.213522" lon="2.640602"><ele>178.2</ele></trkpt>
      <trkpt lat="42.213400" lon="2.640571"><ele>176.8</ele></trkpt>
      <trkpt lat="42.213113" lon="2.640432"><ele>177.8</ele></trkpt>
      <trkpt lat="42.213050" lon="2.640410"><ele>178.0</ele></trkpt>
      <trkpt lat="42.212964" lon="2.640386"><ele>178.0</ele></trkpt>
      <trkpt lat="42.212804" lon="2.640371"><ele>178.0</ele></trkpt>
      <trkpt lat="42.212645" lon="2.640340"><ele>176.8</ele></trkpt>
      <trkpt lat="42.212585" lon="2.640320"><ele>176.2</ele></trkpt>
      <trkpt lat="42.212445" lon="2.640252"><ele>175.0</ele></trkpt>
      <trkpt lat="42.212353" lon="2.640193"><ele>175.2</ele></trkpt>
      <trkpt lat="42.212270" lon="2.640129"><ele>175.5</ele></trkpt>
      <trkpt lat="42.212190" lon="2.640055"><ele>175.8</ele></trkpt>
      <trkpt lat="42.212111" lon="2.639967"><ele>175.5</ele></trkpt>
      <trkpt lat="42.212041" lon="2.639865"><ele>175.5</ele></trkpt>
      <trkpt lat="42.212004" lon="2.639806"><ele>175.5</ele></trkpt>
      <trkpt lat="42.211974" lon="2.639737"><ele>175.2</ele></trkpt>
      <trkpt lat="42.211963" lon="2.639676"><ele>175.5</ele></trkpt>
      <trkpt lat="42.211958" lon="2.639633"><ele>176.0</ele></trkpt>
      <trkpt lat="42.211967" lon="2.639560"><ele>176.8</ele></trkpt>
      <trkpt lat="42.212061" lon="2.639230"><ele>178.2</ele></trkpt>
      <trkpt lat="42.212086" lon="2.639117"><ele>178.5</ele></trkpt>
      <trkpt lat="42.212096" lon="2.639008"><ele>178.8</ele></trkpt>
      <trkpt lat="42.212098" lon="2.638872"><ele>179.0</ele></trkpt>
      <trkpt lat="42.212098" lon="2.638789"><ele>179.0</ele></trkpt>
      <trkpt lat="42.212111" lon="2.638704"><ele>179.0</ele></trkpt>
      <trkpt lat="42.212213" lon="2.638189"><ele>179.5</ele></trkpt>
      <trkpt lat="42.212299" lon="2.637841"><ele>179.2</ele></trkpt>
      <trkpt lat="42.212544" lon="2.637270"><ele>180.0</ele></trkpt>
      <trkpt lat="42.212770" lon="2.636615"><ele>181.0</ele></trkpt>
      <trkpt lat="42.213001" lon="2.635726"><ele>181.0</ele></trkpt>
      <trkpt lat="42.213109" lon="2.635510"><ele>179.5</ele></trkpt>
      <trkpt lat="42.213167" lon="2.635410"><ele>177.0</ele></trkpt>
      <trkpt lat="42.213565" lon="2.635222"><ele>177.2</ele></trkpt>
      <trkpt lat="42.213770" lon="2.635157"><ele>177.2</ele></trkpt>
      <trkpt lat="42.213831" lon="2.635091"><ele>176.0</ele></trkpt>
      <trkpt lat="42.213898" lon="2.634983"><ele>174.0</ele></trkpt>
      <trkpt lat="42.213991" lon="2.634767"><ele>173.8</ele></trkpt>
      <trkpt lat="42.214398" lon="2.634503"><ele>173.5</ele></trkpt>
      <trkpt lat="42.214484" lon="2.634433"><ele>173.2</ele></trkpt>
      <trkpt lat="42.214875" lon="2.634106"><ele>173.2</ele></trkpt>
      <trkpt lat="42.215032" lon="2.633734"><ele>173.8</ele></trkpt>
      <trkpt lat="42.215227" lon="2.633175"><ele>174.8</ele></trkpt>
      <trkpt lat="42.215349" lon="2.632764"><ele>175.8</ele></trkpt>
      <trkpt lat="42.215396" lon="2.632385"><ele>175.5</ele></trkpt>
      <trkpt lat="42.215399" lon="2.632251"><ele>175.5</ele></trkpt>
      <trkpt lat="42.215401" lon="2.632128"><ele>175.5</ele></trkpt>
      <trkpt lat="42.215323" lon="2.631770"><ele>175.2</ele></trkpt>
      <trkpt lat="42.215310" lon="2.631503"><ele>174.8</ele></trkpt>
      <trkpt lat="42.215198" lon="2.630976"><ele>175.0</ele></trkpt>
      <trkpt lat="42.215099" lon="2.630818"><ele>175.8</ele></trkpt>
      <trkpt lat="42.214909" lon="2.630238"><ele>175.8</ele></trkpt>
      <trkpt lat="42.214618" lon="2.629669"><ele>175.8</ele></trkpt>
      <trkpt lat="42.214378" lon="2.629310"><ele>175.8</ele></trkpt>
      <trkpt lat="42.214233" lon="2.628804"><ele>175.2</ele></trkpt>
      <trkpt lat="42.213957" lon="2.628442"><ele>176.0</ele></trkpt>
      <trkpt lat="42.213581" lon="2.627975"><ele>177.2</ele></trkpt>
      <trkpt lat="42.213528" lon="2.627908"><ele>177.5</ele></trkpt>
      <trkpt lat="42.213449" lon="2.627870"><ele>177.8</ele></trkpt>
      <trkpt lat="42.213210" lon="2.627789"><ele>177.8</ele></trkpt>
      <trkpt lat="42.212921" lon="2.627596"><ele>177.8</ele></trkpt>
      <trkpt lat="42.212505" lon="2.627076"><ele>178.0</ele></trkpt>
      <trkpt lat="42.212042" lon="2.626563"><ele>178.2</ele></trkpt>
      <trkpt lat="42.211732" lon="2.626071"><ele>179.8</ele></trkpt>
      <trkpt lat="42.211685" lon="2.626044"><ele>178.5</ele></trkpt>
      <trkpt lat="42.211525" lon="2.625789"><ele>178.8</ele></trkpt>
      <trkpt lat="42.211072" lon="2.625224"><ele>179.0</ele></trkpt>
      <trkpt lat="42.210854" lon="2.624850"><ele>179.0</ele></trkpt>
      <trkpt lat="42.210716" lon="2.624552"><ele>178.5</ele></trkpt>
      <trkpt lat="42.210621" lon="2.624197"><ele>178.2</ele></trkpt>
      <trkpt lat="42.210591" lon="2.624055"><ele>178.5</ele></trkpt>
      <trkpt lat="42.210575" lon="2.623836"><ele>179.2</ele></trkpt>
      <trkpt lat="42.210516" lon="2.623492"><ele>180.0</ele></trkpt>
      <trkpt lat="42.210511" lon="2.623415"><ele>179.8</ele></trkpt>
      <trkpt lat="42.210516" lon="2.623347"><ele>180.0</ele></trkpt>
      <trkpt lat="42.210586" lon="2.623118"><ele>180.2</ele></trkpt>
      <trkpt lat="42.210701" lon="2.622810"><ele>181.0</ele></trkpt>
      <trkpt lat="42.210760" lon="2.622572"><ele>179.8</ele></trkpt>
      <trkpt lat="42.210788" lon="2.622495"><ele>179.5</ele></trkpt>
      <trkpt lat="42.210860" lon="2.622350"><ele>179.5</ele></trkpt>
      <trkpt lat="42.210985" lon="2.622160"><ele>180.0</ele></trkpt>
      <trkpt lat="42.211057" lon="2.622018"><ele>179.2</ele></trkpt>
      <trkpt lat="42.211129" lon="2.621790"><ele>179.2</ele></trkpt>
      <trkpt lat="42.211146" lon="2.621693"><ele>179.8</ele></trkpt>
      <trkpt lat="42.211152" lon="2.621603"><ele>180.0</ele></trkpt>
      <trkpt lat="42.211129" lon="2.621178"><ele>179.2</ele></trkpt>
      <trkpt lat="42.211129" lon="2.620995"><ele>179.2</ele></trkpt>
      <trkpt lat="42.211141" lon="2.620725"><ele>179.5</ele></trkpt>
      <trkpt lat="42.211149" lon="2.619995"><ele>180.2</ele></trkpt>
      <trkpt lat="42.211159" lon="2.619816"><ele>180.5</ele></trkpt>
      <trkpt lat="42.211200" lon="2.619380"><ele>181.0</ele></trkpt>
      <trkpt lat="42.211206" lon="2.619259"><ele>181.2</ele></trkpt>
      <trkpt lat="42.211203" lon="2.619100"><ele>181.0</ele></trkpt>
      <trkpt lat="42.211180" lon="2.618930"><ele>180.8</ele></trkpt>
      <trkpt lat="42.211165" lon="2.618751"><ele>180.5</ele></trkpt>
      <trkpt lat="42.211200" lon="2.618312"><ele>181.0</ele></trkpt>
      <trkpt lat="42.211203" lon="2.618215"><ele>181.5</ele></trkpt>
      <trkpt lat="42.211159" lon="2.617696"><ele>182.5</ele></trkpt>
      <trkpt lat="42.211146" lon="2.617613"><ele>182.5</ele></trkpt>
      <trkpt lat="42.211111" lon="2.617143"><ele>182.0</ele></trkpt>
      <trkpt lat="42.211106" lon="2.617049"><ele>182.0</ele></trkpt>
      <trkpt lat="42.211108" lon="2.616783"><ele>182.0</ele></trkpt>
      <trkpt lat="42.211190" lon="2.616455"><ele>182.2</ele></trkpt>
      <trkpt lat="42.211318" lon="2.615763"><ele>182.8</ele></trkpt>
      <trkpt lat="42.211336" lon="2.615597"><ele>182.8</ele></trkpt>
      <trkpt lat="42.211339" lon="2.615435"><ele>182.8</ele></trkpt>
      <trkpt lat="42.211334" lon="2.615217"><ele>183.0</ele></trkpt>
      <trkpt lat="42.211359" lon="2.614892"><ele>183.0</ele></trkpt>
      <trkpt lat="42.211377" lon="2.614456"><ele>183.0</ele></trkpt>
      <trkpt lat="42.211367" lon="2.614370"><ele>183.2</ele></trkpt>
      <trkpt lat="42.211334" lon="2.614204"><ele>183.8</ele></trkpt>
      <trkpt lat="42.211254" lon="2.613879"><ele>184.5</ele></trkpt>
      <trkpt lat="42.211244" lon="2.613792"><ele>184.2</ele></trkpt>
      <trkpt lat="42.211244" lon="2.613709"><ele>184.2</ele></trkpt>
      <trkpt lat="42.211262" lon="2.613540"><ele>184.2</ele></trkpt>
      <trkpt lat="42.211295" lon="2.613374"><ele>184.0</ele></trkpt>
      <trkpt lat="42.211372" lon="2.613114"><ele>184.0</ele></trkpt>
      <trkpt lat="42.211497" lon="2.612824"><ele>184.2</ele></trkpt>
      <trkpt lat="42.211638" lon="2.612533"><ele>184.0</ele></trkpt>
      <trkpt lat="42.212007" lon="2.611942"><ele>185.0</ele></trkpt>
      <trkpt lat="42.212262" lon="2.611733"><ele>185.2</ele></trkpt>
      <trkpt lat="42.212434" lon="2.611501"><ele>186.0</ele></trkpt>
      <trkpt lat="42.212478" lon="2.611432"><ele>186.0</ele></trkpt>
      <trkpt lat="42.212514" lon="2.611360"><ele>186.0</ele></trkpt>
      <trkpt lat="42.212564" lon="2.611204"><ele>186.2</ele></trkpt>
      <trkpt lat="42.212583" lon="2.611169"><ele>186.2</ele></trkpt>
      <trkpt lat="42.212612" lon="2.611147"><ele>186.2</ele></trkpt>
      <trkpt lat="42.212641" lon="2.611162"><ele>186.5</ele></trkpt>
      <trkpt lat="42.212664" lon="2.611245"><ele>186.8</ele></trkpt>
      <trkpt lat="42.212641" lon="2.611660"><ele>187.8</ele></trkpt>
      <trkpt lat="42.212650" lon="2.611705"><ele>187.8</ele></trkpt>
      <trkpt lat="42.212670" lon="2.611740"><ele>187.8</ele></trkpt>
      <trkpt lat="42.212696" lon="2.611769"><ele>188.0</ele></trkpt>
      <trkpt lat="42.212727" lon="2.611788"><ele>188.0</ele></trkpt>
      <trkpt lat="42.212880" lon="2.611802"><ele>189.0</ele></trkpt>
      <trkpt lat="42.213041" lon="2.611831"><ele>189.8</ele></trkpt>
      <trkpt lat="42.213079" lon="2.611837"><ele>190.0</ele></trkpt>
      <trkpt lat="42.213133" lon="2.611427"><ele>190.0</ele></trkpt>
      <trkpt lat="42.213175" lon="2.611024"><ele>187.5</ele></trkpt>
      <trkpt lat="42.213288" lon="2.609976"><ele>186.8</ele></trkpt>
      <trkpt lat="42.213377" lon="2.609486"><ele>191.2</ele></trkpt>
      <trkpt lat="42.213439" lon="2.609003"><ele>192.2</ele></trkpt>
      <trkpt lat="42.213453" lon="2.608845"><ele>192.2</ele></trkpt>
      <trkpt lat="42.213520" lon="2.608249"><ele>193.5</ele></trkpt>
      <trkpt lat="42.213544" lon="2.608045"><ele>195.0</ele></trkpt>
      <trkpt lat="42.213623" lon="2.607810"><ele>198.8</ele></trkpt>
      <trkpt lat="42.213711" lon="2.607611"><ele>200.0</ele></trkpt>
      <trkpt lat="42.214016" lon="2.607141"><ele>203.8</ele></trkpt>
      <trkpt lat="42.214100" lon="2.606992"><ele>205.8</ele></trkpt>
      <trkpt lat="42.214206" lon="2.606765"><ele>207.0</ele></trkpt>
      <trkpt lat="42.214266" lon="2.606571"><ele>207.2</ele></trkpt>
      <trkpt lat="42.214403" lon="2.606042"><ele>214.5</ele></trkpt>
      <trkpt lat="42.214430" lon="2.605958"><ele>215.5</ele></trkpt>
      <trkpt lat="42.214508" lon="2.605728"><ele>216.8</ele></trkpt>
      <trkpt lat="42.214647" lon="2.605425"><ele>219.2</ele></trkpt>
      <trkpt lat="42.214855" lon="2.605036"><ele>220.8</ele></trkpt>
      <trkpt lat="42.214948" lon="2.604808"><ele>223.0</ele></trkpt>
      <trkpt lat="42.215022" lon="2.604545"><ele>224.8</ele></trkpt>
      <trkpt lat="42.215072" lon="2.604311"><ele>226.2</ele></trkpt>
      <trkpt lat="42.215102" lon="2.604076"><ele>227.8</ele></trkpt>
      <trkpt lat="42.215111" lon="2.603868"><ele>228.8</ele></trkpt>
      <trkpt lat="42.215176" lon="2.603927"><ele>229.0</ele></trkpt>
      <trkpt lat="42.215864" lon="2.603886"><ele>236.0</ele></trkpt>
      <trkpt lat="42.215860" lon="2.603777"><ele>236.8</ele></trkpt>
      <trkpt lat="42.215924" lon="2.602775"><ele>240.2</ele></trkpt>
      <trkpt lat="42.215990" lon="2.602266"><ele>242.5</ele></trkpt>
      <trkpt lat="42.216099" lon="2.601965"><ele>244.5</ele></trkpt>
      <trkpt lat="42.216129" lon="2.601737"><ele>244.8</ele></trkpt>
      <trkpt lat="42.216105" lon="2.601040"><ele>242.2</ele></trkpt>
      <trkpt lat="42.216090" lon="2.600352"><ele>240.2</ele></trkpt>
      <trkpt lat="42.216113" lon="2.600002"><ele>240.8</ele></trkpt>
      <trkpt lat="42.216115" lon="2.599595"><ele>241.0</ele></trkpt>
      <trkpt lat="42.216141" lon="2.599097"><ele>241.0</ele></trkpt>
      <trkpt lat="42.216257" lon="2.598032"><ele>241.5</ele></trkpt>
      <trkpt lat="42.216300" lon="2.597870"><ele>241.8</ele></trkpt>
      <trkpt lat="42.216365" lon="2.597282"><ele>243.0</ele></trkpt>
      <trkpt lat="42.216639" lon="2.596370"><ele>245.0</ele></trkpt>
      <trkpt lat="42.216866" lon="2.595568"><ele>246.8</ele></trkpt>
      <trkpt lat="42.217001" lon="2.594943"><ele>247.8</ele></trkpt>
      <trkpt lat="42.217033" lon="2.594777"><ele>247.8</ele></trkpt>
      <trkpt lat="42.217059" lon="2.594495"><ele>248.2</ele></trkpt>
      <trkpt lat="42.217066" lon="2.594173"><ele>245.8</ele></trkpt>
      <trkpt lat="42.217124" lon="2.593954"><ele>247.0</ele></trkpt>
      <trkpt lat="42.217202" lon="2.593634"><ele>248.0</ele></trkpt>
      <trkpt lat="42.217241" lon="2.593610"><ele>248.0</ele></trkpt>
      <trkpt lat="42.217500" lon="2.592519"><ele>249.0</ele></trkpt>
      <trkpt lat="42.218057" lon="2.590103"><ele>249.8</ele></trkpt>
      <trkpt lat="42.218363" lon="2.588687"><ele>251.0</ele></trkpt>
      <trkpt lat="42.219200" lon="2.585194"><ele>253.5</ele></trkpt>
      <trkpt lat="42.219398" lon="2.584475"><ele>254.2</ele></trkpt>
      <trkpt lat="42.219502" lon="2.584192"><ele>254.8</ele></trkpt>
      <trkpt lat="42.219613" lon="2.583949"><ele>255.2</ele></trkpt>
      <trkpt lat="42.219683" lon="2.583859"><ele>255.8</ele></trkpt>
      <trkpt lat="42.219764" lon="2.583778"><ele>256.5</ele></trkpt>
      <trkpt lat="42.219861" lon="2.583767"><ele>256.8</ele></trkpt>
      <trkpt lat="42.220280" lon="2.583939"><ele>260.0</ele></trkpt>
      <trkpt lat="42.220353" lon="2.583990"><ele>260.5</ele></trkpt>
      <trkpt lat="42.220526" lon="2.584041"><ele>261.2</ele></trkpt>
      <trkpt lat="42.220861" lon="2.584079"><ele>263.2</ele></trkpt>
      <trkpt lat="42.220995" lon="2.584014"><ele>263.2</ele></trkpt>
      <trkpt lat="42.221106" lon="2.583885"><ele>262.8</ele></trkpt>
      <trkpt lat="42.221194" lon="2.583542"><ele>262.8</ele></trkpt>
      <trkpt lat="42.221233" lon="2.582705"><ele>262.8</ele></trkpt>
      <trkpt lat="42.221281" lon="2.582362"><ele>263.0</ele></trkpt>
      <trkpt lat="42.221297" lon="2.581975"><ele>264.5</ele></trkpt>
      <trkpt lat="42.221262" lon="2.581718"><ele>264.0</ele></trkpt>
      <trkpt lat="42.221198" lon="2.581394"><ele>263.5</ele></trkpt>
      <trkpt lat="42.221227" lon="2.581326"><ele>263.5</ele></trkpt>
      <trkpt lat="42.221237" lon="2.581249"><ele>263.5</ele></trkpt>
      <trkpt lat="42.221232" lon="2.581197"><ele>263.5</ele></trkpt>
      <trkpt lat="42.221209" lon="2.581124"><ele>263.2</ele></trkpt>
      <trkpt lat="42.221177" lon="2.581075"><ele>263.0</ele></trkpt>
      <trkpt lat="42.221135" lon="2.581041"><ele>262.8</ele></trkpt>
      <trkpt lat="42.221102" lon="2.581027"><ele>262.5</ele></trkpt>
      <trkpt lat="42.220987" lon="2.580933"><ele>261.8</ele></trkpt>
      <trkpt lat="42.220912" lon="2.580820"><ele>261.0</ele></trkpt>
      <trkpt lat="42.220907" lon="2.580697"><ele>260.8</ele></trkpt>
      <trkpt lat="42.220930" lon="2.580539"><ele>260.2</ele></trkpt>
      <trkpt lat="42.220963" lon="2.580312"><ele>260.2</ele></trkpt>
      <trkpt lat="42.221065" lon="2.579802"><ele>259.0</ele></trkpt>
      <trkpt lat="42.221175" lon="2.579400"><ele>258.5</ele></trkpt>
      <trkpt lat="42.221415" lon="2.578636"><ele>260.5</ele></trkpt>
      <trkpt lat="42.221564" lon="2.578218"><ele>259.8</ele></trkpt>
      <trkpt lat="42.221916" lon="2.577243"><ele>260.2</ele></trkpt>
      <trkpt lat="42.222067" lon="2.576243"><ele>259.2</ele></trkpt>
      <trkpt lat="42.222114" lon="2.575663"><ele>257.8</ele></trkpt>
      <trkpt lat="42.222181" lon="2.575645"><ele>258.5</ele></trkpt>
      <trkpt lat="42.222212" lon="2.575625"><ele>258.8</ele></trkpt>
      <trkpt lat="42.222264" lon="2.575569"><ele>259.5</ele></trkpt>
      <trkpt lat="42.222282" lon="2.575533"><ele>259.8</ele></trkpt>
      <trkpt lat="42.222304" lon="2.575439"><ele>259.5</ele></trkpt>
      <trkpt lat="42.222339" lon="2.575173"><ele>257.5</ele></trkpt>
      <trkpt lat="42.222360" lon="2.574992"><ele>256.0</ele></trkpt>
      <trkpt lat="42.222352" lon="2.574905"><ele>256.2</ele></trkpt>
      <trkpt lat="42.222340" lon="2.574860"><ele>256.2</ele></trkpt>
      <trkpt lat="42.222323" lon="2.574816"><ele>256.0</ele></trkpt>
      <trkpt lat="42.222300" lon="2.574787"><ele>255.5</ele></trkpt>
      <trkpt lat="42.222236" lon="2.574738"><ele>253.5</ele></trkpt>
      <trkpt lat="42.222187" lon="2.574714"><ele>253.2</ele></trkpt>
      <trkpt lat="42.221685" lon="2.574440"><ele>246.5</ele></trkpt>
      <trkpt lat="42.221602" lon="2.574403"><ele>245.2</ele></trkpt>
      <trkpt lat="42.221472" lon="2.574358"><ele>243.2</ele></trkpt>
      <trkpt lat="42.221365" lon="2.574349"><ele>241.2</ele></trkpt>
      <trkpt lat="42.221297" lon="2.574366"><ele>240.2</ele></trkpt>
      <trkpt lat="42.221260" lon="2.574389"><ele>239.8</ele></trkpt>
      <trkpt lat="42.220981" lon="2.574638"><ele>238.0</ele></trkpt>
      <trkpt lat="42.220818" lon="2.574752"><ele>235.2</ele></trkpt>
      <trkpt lat="42.220715" lon="2.574808"><ele>235.0</ele></trkpt>
      <trkpt lat="42.220610" lon="2.574537"><ele>233.2</ele></trkpt>
      <trkpt lat="42.220455" lon="2.574226"><ele>233.2</ele></trkpt>
      <trkpt lat="42.220336" lon="2.573891"><ele>234.5</ele></trkpt>
      <trkpt lat="42.220306" lon="2.573386"><ele>235.2</ele></trkpt>
      <trkpt lat="42.220279" lon="2.573075"><ele>235.8</ele></trkpt>
      <trkpt lat="42.220207" lon="2.572753"><ele>235.0</ele></trkpt>
      <trkpt lat="42.220136" lon="2.572477"><ele>233.8</ele></trkpt>
      <trkpt lat="42.220100" lon="2.571739"><ele>233.2</ele></trkpt>
      <trkpt lat="42.220068" lon="2.571222"><ele>233.2</ele></trkpt>
      <trkpt lat="42.220044" lon="2.570929"><ele>233.2</ele></trkpt>
      <trkpt lat="42.219981" lon="2.570581"><ele>235.0</ele></trkpt>
      <trkpt lat="42.219778" lon="2.569639"><ele>237.5</ele></trkpt>
      <trkpt lat="42.219750" lon="2.569344"><ele>237.8</ele></trkpt>
      <trkpt lat="42.219738" lon="2.569116"><ele>237.8</ele></trkpt>
      <trkpt lat="42.219722" lon="2.568939"><ele>236.8</ele></trkpt>
      <trkpt lat="42.219712" lon="2.568340"><ele>233.5</ele></trkpt>
      <trkpt lat="42.219762" lon="2.568132"><ele>232.0</ele></trkpt>
      <trkpt lat="42.219785" lon="2.567924"><ele>231.0</ele></trkpt>
      <trkpt lat="42.219788" lon="2.567703"><ele>229.2</ele></trkpt>
      <trkpt lat="42.219813" lon="2.567508"><ele>230.5</ele></trkpt>
      <trkpt lat="42.219826" lon="2.567313"><ele>229.8</ele></trkpt>
      <trkpt lat="42.219933" lon="2.567159"><ele>235.5</ele></trkpt>
      <trkpt lat="42.220016" lon="2.566827"><ele>236.8</ele></trkpt>
      <trkpt lat="42.220034" lon="2.566430"><ele>236.2</ele></trkpt>
      <trkpt lat="42.219947" lon="2.565870"><ele>231.2</ele></trkpt>
      <trkpt lat="42.219923" lon="2.565534"><ele>230.5</ele></trkpt>
      <trkpt lat="42.219912" lon="2.565382"><ele>230.0</ele></trkpt>
      <trkpt lat="42.219897" lon="2.565050"><ele>230.0</ele></trkpt>
      <trkpt lat="42.219816" lon="2.564939"><ele>229.0</ele></trkpt>
      <trkpt lat="42.219759" lon="2.564741"><ele>229.5</ele></trkpt>
      <trkpt lat="42.219756" lon="2.564663"><ele>230.0</ele></trkpt>
      <trkpt lat="42.219766" lon="2.564592"><ele>230.8</ele></trkpt>
      <trkpt lat="42.219766" lon="2.564535"><ele>231.0</ele></trkpt>
      <trkpt lat="42.219726" lon="2.564343"><ele>232.0</ele></trkpt>
      <trkpt lat="42.219699" lon="2.564161"><ele>233.0</ele></trkpt>
      <trkpt lat="42.219695" lon="2.564086"><ele>233.0</ele></trkpt>
      <trkpt lat="42.219706" lon="2.563738"><ele>233.2</ele></trkpt>
      <trkpt lat="42.219703" lon="2.563656"><ele>233.2</ele></trkpt>
      <trkpt lat="42.219680" lon="2.563490"><ele>233.0</ele></trkpt>
      <trkpt lat="42.219644" lon="2.563358"><ele>232.5</ele></trkpt>
      <trkpt lat="42.219518" lon="2.563121"><ele>229.5</ele></trkpt>
      <trkpt lat="42.219492" lon="2.563046"><ele>229.0</ele></trkpt>
      <trkpt lat="42.219402" lon="2.562895"><ele>228.5</ele></trkpt>
      <trkpt lat="42.219347" lon="2.562761"><ele>228.5</ele></trkpt>
      <trkpt lat="42.219275" lon="2.562524"><ele>228.2</ele></trkpt>
      <trkpt lat="42.219229" lon="2.562322"><ele>228.2</ele></trkpt>
      <trkpt lat="42.219172" lon="2.562178"><ele>228.2</ele></trkpt>
      <trkpt lat="42.219071" lon="2.561974"><ele>228.2</ele></trkpt>
      <trkpt lat="42.219048" lon="2.561901"><ele>228.5</ele></trkpt>
      <trkpt lat="42.219017" lon="2.561701"><ele>229.0</ele></trkpt>
      <trkpt lat="42.219010" lon="2.561594"><ele>229.0</ele></trkpt>
      <trkpt lat="42.219009" lon="2.561471"><ele>229.0</ele></trkpt>
      <trkpt lat="42.219025" lon="2.561185"><ele>229.2</ele></trkpt>
      <trkpt lat="42.219085" lon="2.560429"><ele>230.8</ele></trkpt>
      <trkpt lat="42.219146" lon="2.560074"><ele>231.8</ele></trkpt>
      <trkpt lat="42.219158" lon="2.559563"><ele>232.2</ele></trkpt>
      <trkpt lat="42.219168" lon="2.559387"><ele>233.0</ele></trkpt>
      <trkpt lat="42.219178" lon="2.559201"><ele>233.0</ele></trkpt>
      <trkpt lat="42.219212" lon="2.558867"><ele>233.5</ele></trkpt>
      <trkpt lat="42.219264" lon="2.558551"><ele>233.8</ele></trkpt>
      <trkpt lat="42.219366" lon="2.558158"><ele>234.0</ele></trkpt>
      <trkpt lat="42.219475" lon="2.557575"><ele>235.8</ele></trkpt>
      <trkpt lat="42.219519" lon="2.557435"><ele>235.5</ele></trkpt>
      <trkpt lat="42.219691" lon="2.557021"><ele>239.0</ele></trkpt>
      <trkpt lat="42.219728" lon="2.556882"><ele>240.2</ele></trkpt>
      <trkpt lat="42.219763" lon="2.556897"><ele>240.2</ele></trkpt>
      <trkpt lat="42.220129" lon="2.556903"><ele>244.5</ele></trkpt>
      <trkpt lat="42.220168" lon="2.556876"><ele>245.2</ele></trkpt>
      <trkpt lat="42.220178" lon="2.556852"><ele>245.5</ele></trkpt>
      <trkpt lat="42.220228" lon="2.556386"><ele>245.2</ele></trkpt>
      <trkpt lat="42.220248" lon="2.556299"><ele>244.8</ele></trkpt>
      <trkpt lat="42.220289" lon="2.556202"><ele>245.0</ele></trkpt>
      <trkpt lat="42.220315" lon="2.556173"><ele>245.5</ele></trkpt>
      <trkpt lat="42.220417" lon="2.556090"><ele>248.8</ele></trkpt>
      <trkpt lat="42.220462" lon="2.556023"><ele>250.2</ele></trkpt>
      <trkpt lat="42.220509" lon="2.555898"><ele>251.5</ele></trkpt>
      <trkpt lat="42.220539" lon="2.555794"><ele>252.2</ele></trkpt>
      <trkpt lat="42.220598" lon="2.555408"><ele>254.8</ele></trkpt>
      <trkpt lat="42.220610" lon="2.555389"><ele>255.2</ele></trkpt>
      <trkpt lat="42.220645" lon="2.555377"><ele>256.8</ele></trkpt>
      <trkpt lat="42.220648" lon="2.555199"><ele>256.0</ele></trkpt>
      <trkpt lat="42.220658" lon="2.554550"><ele>254.0</ele></trkpt>
      <trkpt lat="42.220681" lon="2.553974"><ele>257.0</ele></trkpt>
      <trkpt lat="42.220700" lon="2.553806"><ele>257.2</ele></trkpt>
      <trkpt lat="42.220745" lon="2.553602"><ele>257.5</ele></trkpt>
      <trkpt lat="42.220788" lon="2.553431"><ele>257.5</ele></trkpt>
      <trkpt lat="42.220904" lon="2.553143"><ele>259.0</ele></trkpt>
      <trkpt lat="42.220968" lon="2.553047"><ele>259.8</ele></trkpt>
      <trkpt lat="42.221073" lon="2.552927"><ele>260.5</ele></trkpt>
      <trkpt lat="42.221240" lon="2.552732"><ele>260.0</ele></trkpt>
      <trkpt lat="42.221272" lon="2.552690"><ele>260.0</ele></trkpt>
      <trkpt lat="42.221306" lon="2.552642"><ele>260.2</ele></trkpt>
      <trkpt lat="42.221371" lon="2.552533"><ele>261.5</ele></trkpt>
      <trkpt lat="42.221412" lon="2.552425"><ele>262.0</ele></trkpt>
      <trkpt lat="42.221432" lon="2.552331"><ele>262.0</ele></trkpt>
      <trkpt lat="42.221443" lon="2.552193"><ele>262.0</ele></trkpt>
      <trkpt lat="42.221445" lon="2.552058"><ele>262.0</ele></trkpt>
      <trkpt lat="42.221440" lon="2.551981"><ele>262.0</ele></trkpt>
      <trkpt lat="42.221421" lon="2.551856"><ele>260.2</ele></trkpt>
      <trkpt lat="42.221417" lon="2.551760"><ele>260.5</ele></trkpt>
      <trkpt lat="42.221379" lon="2.550871"><ele>264.8</ele></trkpt>
      <trkpt lat="42.221325" lon="2.549953"><ele>269.0</ele></trkpt>
      <trkpt lat="42.221328" lon="2.549763"><ele>269.2</ele></trkpt>
      <trkpt lat="42.221341" lon="2.549598"><ele>270.2</ele></trkpt>
      <trkpt lat="42.221358" lon="2.549509"><ele>270.0</ele></trkpt>
      <trkpt lat="42.221449" lon="2.549172"><ele>270.8</ele></trkpt>
      <trkpt lat="42.221563" lon="2.548867"><ele>272.5</ele></trkpt>
      <trkpt lat="42.221605" lon="2.548722"><ele>273.0</ele></trkpt>
      <trkpt lat="42.221623" lon="2.548571"><ele>273.8</ele></trkpt>
      <trkpt lat="42.221630" lon="2.548404"><ele>274.2</ele></trkpt>
      <trkpt lat="42.221616" lon="2.547873"><ele>277.0</ele></trkpt>
      <trkpt lat="42.221601" lon="2.547765"><ele>277.5</ele></trkpt>
      <trkpt lat="42.221578" lon="2.547685"><ele>277.0</ele></trkpt>
      <trkpt lat="42.221540" lon="2.547625"><ele>277.0</ele></trkpt>
      <trkpt lat="42.221516" lon="2.547603"><ele>277.2</ele></trkpt>
      <trkpt lat="42.221467" lon="2.547574"><ele>278.2</ele></trkpt>
      <trkpt lat="42.221394" lon="2.547582"><ele>279.8</ele></trkpt>
      <trkpt lat="42.221356" lon="2.547608"><ele>280.8</ele></trkpt>
      <trkpt lat="42.221306" lon="2.547665"><ele>281.8</ele></trkpt>
      <trkpt lat="42.221262" lon="2.547761"><ele>282.8</ele></trkpt>
      <trkpt lat="42.221228" lon="2.547876"><ele>283.0</ele></trkpt>
      <trkpt lat="42.220930" lon="2.549487"><ele>287.8</ele></trkpt>
      <trkpt lat="42.220886" lon="2.549724"><ele>288.5</ele></trkpt>
      <trkpt lat="42.220275" lon="2.549541"><ele>295.5</ele></trkpt>
      <trkpt lat="42.220107" lon="2.549491"><ele>295.5</ele></trkpt>
      <trkpt lat="42.220182" lon="2.549061"><ele>297.2</ele></trkpt>
      <trkpt lat="42.219993" lon="2.549006"><ele>298.5</ele></trkpt>
      <trkpt lat="42.220101" lon="2.548411"><ele>300.8</ele></trkpt>
      <trkpt lat="42.220340" lon="2.547670"><ele>303.0</ele></trkpt>
      <trkpt lat="42.220515" lon="2.546964"><ele>306.8</ele></trkpt>
      <trkpt lat="42.220504" lon="2.546940"><ele>307.0</ele></trkpt>
      <trkpt lat="42.220490" lon="2.546928"><ele>307.0</ele></trkpt>
      <trkpt lat="42.220465" lon="2.546921"><ele>307.0</ele></trkpt>
      <trkpt lat="42.219996" lon="2.546939"><ele>307.0</ele></trkpt>
      <trkpt lat="42.219499" lon="2.546975"><ele>307.5</ele></trkpt>
      <trkpt lat="42.219482" lon="2.546518"><ele>308.5</ele></trkpt>
      <trkpt lat="42.219475" lon="2.546341"><ele>309.0</ele></trkpt>
      <trkpt lat="42.219471" lon="2.546234"><ele>309.5</ele></trkpt>
      <trkpt lat="42.219439" lon="2.546041"><ele>310.5</ele></trkpt>
      <trkpt lat="42.219409" lon="2.545286"><ele>313.8</ele></trkpt>
      <trkpt lat="42.219406" lon="2.545001"><ele>314.8</ele></trkpt>
      <trkpt lat="42.219414" lon="2.544875"><ele>315.8</ele></trkpt>
      <trkpt lat="42.219407" lon="2.544706"><ele>317.0</ele></trkpt>
      <trkpt lat="42.219415" lon="2.544498"><ele>317.8</ele></trkpt>
      <trkpt lat="42.219074" lon="2.544516"><ele>316.8</ele></trkpt>
      <trkpt lat="42.219048" lon="2.543633"><ele>321.8</ele></trkpt>
      <trkpt lat="42.219034" lon="2.543502"><ele>322.2</ele></trkpt>
      <trkpt lat="42.219009" lon="2.543376"><ele>322.5</ele></trkpt>
      <trkpt lat="42.218977" lon="2.543276"><ele>322.8</ele></trkpt>
      <trkpt lat="42.218922" lon="2.543161"><ele>322.8</ele></trkpt>
      <trkpt lat="42.218803" lon="2.542961"><ele>324.0</ele></trkpt>
      <trkpt lat="42.218696" lon="2.542753"><ele>324.8</ele></trkpt>
      <trkpt lat="42.218570" lon="2.542540"><ele>325.8</ele></trkpt>
      <trkpt lat="42.218007" lon="2.541593"><ele>329.0</ele></trkpt>
      <trkpt lat="42.217836" lon="2.541321"><ele>330.2</ele></trkpt>
      <trkpt lat="42.217695" lon="2.541168"><ele>330.8</ele></trkpt>
      <trkpt lat="42.217551" lon="2.541059"><ele>331.0</ele></trkpt>
      <trkpt lat="42.217460" lon="2.541007"><ele>331.5</ele></trkpt>
      <trkpt lat="42.217330" lon="2.540954"><ele>332.2</ele></trkpt>
      <trkpt lat="42.217216" lon="2.540921"><ele>333.0</ele></trkpt>
      <trkpt lat="42.217184" lon="2.540517"><ele>333.2</ele></trkpt>
      <trkpt lat="42.217154" lon="2.540068"><ele>334.8</ele></trkpt>
      <trkpt lat="42.216859" lon="2.535818"><ele>336.2</ele></trkpt>
      <trkpt lat="42.216858" lon="2.535805"><ele>336.2</ele></trkpt>
      <trkpt lat="42.216756" lon="2.534259"><ele>337.5</ele></trkpt>
      <trkpt lat="42.216708" lon="2.533804"><ele>335.2</ele></trkpt>
      <trkpt lat="42.216643" lon="2.533451"><ele>335.2</ele></trkpt>
      <trkpt lat="42.216536" lon="2.533100"><ele>336.0</ele></trkpt>
      <trkpt lat="42.216404" lon="2.532803"><ele>333.2</ele></trkpt>
      <trkpt lat="42.216246" lon="2.532536"><ele>334.8</ele></trkpt>
      <trkpt lat="42.216096" lon="2.532332"><ele>331.5</ele></trkpt>
      <trkpt lat="42.216031" lon="2.532265"><ele>330.8</ele></trkpt>
      <trkpt lat="42.215133" lon="2.531346"><ele>320.5</ele></trkpt>
      <trkpt lat="42.214956" lon="2.531164"><ele>320.0</ele></trkpt>
      <trkpt lat="42.214525" lon="2.530723"><ele>315.5</ele></trkpt>
      <trkpt lat="42.214279" lon="2.530437"><ele>317.8</ele></trkpt>
      <trkpt lat="42.214069" lon="2.530115"><ele>318.5</ele></trkpt>
      <trkpt lat="42.213962" lon="2.529894"><ele>319.0</ele></trkpt>
      <trkpt lat="42.213915" lon="2.529725"><ele>319.8</ele></trkpt>
      <trkpt lat="42.213876" lon="2.529585"><ele>319.2</ele></trkpt>
      <trkpt lat="42.213823" lon="2.529256"><ele>319.0</ele></trkpt>
      <trkpt lat="42.213816" lon="2.528861"><ele>319.8</ele></trkpt>
      <trkpt lat="42.213837" lon="2.528432"><ele>320.8</ele></trkpt>
      <trkpt lat="42.213842" lon="2.528320"><ele>321.2</ele></trkpt>
      <trkpt lat="42.213934" lon="2.527599"><ele>323.0</ele></trkpt>
      <trkpt lat="42.213980" lon="2.526997"><ele>323.5</ele></trkpt>
      <trkpt lat="42.214038" lon="2.526896"><ele>323.2</ele></trkpt>
      <trkpt lat="42.214084" lon="2.526842"><ele>323.0</ele></trkpt>
      <trkpt lat="42.214174" lon="2.526816"><ele>322.2</ele></trkpt>
      <trkpt lat="42.214288" lon="2.526774"><ele>321.5</ele></trkpt>
      <trkpt lat="42.214257" lon="2.526696"><ele>321.2</ele></trkpt>
      <trkpt lat="42.214156" lon="2.526687"><ele>322.0</ele></trkpt>
      <trkpt lat="42.214095" lon="2.526648"><ele>322.5</ele></trkpt>
      <trkpt lat="42.214039" lon="2.526558"><ele>323.0</ele></trkpt>
      <trkpt lat="42.213946" lon="2.526059"><ele>324.5</ele></trkpt>
      <trkpt lat="42.213751" lon="2.525097"><ele>324.8</ele></trkpt>
      <trkpt lat="42.213335" lon="2.522810"><ele>327.8</ele></trkpt>
      <trkpt lat="42.213337" lon="2.522764"><ele>327.8</ele></trkpt>
      <trkpt lat="42.213355" lon="2.522671"><ele>327.2</ele></trkpt>
      <trkpt lat="42.213307" lon="2.522403"><ele>327.0</ele></trkpt>
      <trkpt lat="42.213284" lon="2.522273"><ele>327.2</ele></trkpt>
      <trkpt lat="42.213251" lon="2.522211"><ele>327.5</ele></trkpt>
      <trkpt lat="42.213214" lon="2.522105"><ele>327.0</ele></trkpt>
      <trkpt lat="42.212582" lon="2.518590"><ele>325.5</ele></trkpt>
      <trkpt lat="42.212543" lon="2.518121"><ele>325.5</ele></trkpt>
      <trkpt lat="42.212526" lon="2.517728"><ele>326.0</ele></trkpt>
      <trkpt lat="42.212538" lon="2.516755"><ele>329.2</ele></trkpt>
      <trkpt lat="42.213145" lon="2.516748"><ele>328.8</ele></trkpt>
      <trkpt lat="42.213102" lon="2.515932"><ele>331.8</ele></trkpt>
      <trkpt lat="42.213050" lon="2.515210"><ele>333.0</ele></trkpt>
      <trkpt lat="42.213013" lon="2.514605"><ele>334.0</ele></trkpt>
      <trkpt lat="42.212958" lon="2.513632"><ele>336.2</ele></trkpt>
      <trkpt lat="42.212908" lon="2.513095"><ele>336.5</ele></trkpt>
      <trkpt lat="42.212865" lon="2.512328"><ele>338.0</ele></trkpt>
      <trkpt lat="42.212815" lon="2.511538"><ele>338.2</ele></trkpt>
      <trkpt lat="42.212902" lon="2.511434"><ele>338.0</ele></trkpt>
      <trkpt lat="42.212381" lon="2.510153"><ele>331.2</ele></trkpt>
      <trkpt lat="42.212373" lon="2.510081"><ele>331.2</ele></trkpt>
      <trkpt lat="42.212355" lon="2.509420"><ele>330.8</ele></trkpt>
      <trkpt lat="42.212394" lon="2.508939"><ele>331.0</ele></trkpt>
      <trkpt lat="42.212385" lon="2.508643"><ele>331.0</ele></trkpt>
      <trkpt lat="42.212321" lon="2.508357"><ele>332.2</ele></trkpt>
      <trkpt lat="42.212159" lon="2.508133"><ele>336.0</ele></trkpt>
      <trkpt lat="42.212081" lon="2.508070"><ele>336.5</ele></trkpt>
      <trkpt lat="42.211881" lon="2.507912"><ele>336.5</ele></trkpt>
      <trkpt lat="42.211771" lon="2.507900"><ele>336.5</ele></trkpt>
      <trkpt lat="42.211503" lon="2.507969"><ele>337.0</ele></trkpt>
      <trkpt lat="42.211095" lon="2.508199"><ele>337.2</ele></trkpt>
      <trkpt lat="42.211059" lon="2.508220"><ele>337.2</ele></trkpt>
      <trkpt lat="42.211021" lon="2.508303"><ele>337.5</ele></trkpt>
      <trkpt lat="42.210124" lon="2.507599"><ele>334.2</ele></trkpt>
      <trkpt lat="42.210010" lon="2.507472"><ele>334.5</ele></trkpt>
      <trkpt lat="42.209965" lon="2.507374"><ele>334.8</ele></trkpt>
      <trkpt lat="42.209946" lon="2.507273"><ele>334.8</ele></trkpt>
      <trkpt lat="42.209913" lon="2.506669"><ele>335.8</ele></trkpt>
      <trkpt lat="42.209917" lon="2.506610"><ele>336.0</ele></trkpt>
      <trkpt lat="42.209932" lon="2.506332"><ele>336.2</ele></trkpt>
      <trkpt lat="42.209871" lon="2.505166"><ele>341.0</ele></trkpt>
      <trkpt lat="42.209857" lon="2.504952"><ele>341.8</ele></trkpt>
      <trkpt lat="42.209841" lon="2.504838"><ele>342.2</ele></trkpt>
      <trkpt lat="42.209765" lon="2.504592"><ele>344.2</ele></trkpt>
      <trkpt lat="42.209750" lon="2.504507"><ele>345.0</ele></trkpt>
      <trkpt lat="42.209738" lon="2.504313"><ele>345.8</ele></trkpt>
      <trkpt lat="42.209719" lon="2.504230"><ele>346.0</ele></trkpt>
      <trkpt lat="42.209664" lon="2.504076"><ele>346.2</ele></trkpt>
      <trkpt lat="42.209660" lon="2.504015"><ele>346.2</ele></trkpt>
      <trkpt lat="42.209664" lon="2.503967"><ele>346.2</ele></trkpt>
      <trkpt lat="42.209693" lon="2.503887"><ele>346.0</ele></trkpt>
      <trkpt lat="42.209771" lon="2.503790"><ele>345.8</ele></trkpt>
      <trkpt lat="42.209850" lon="2.503712"><ele>345.5</ele></trkpt>
      <trkpt lat="42.210241" lon="2.503326"><ele>344.0</ele></trkpt>
      <trkpt lat="42.210643" lon="2.502926"><ele>342.8</ele></trkpt>
      <trkpt lat="42.210938" lon="2.502634"><ele>343.2</ele></trkpt>
      <trkpt lat="42.210895" lon="2.502558"><ele>343.5</ele></trkpt>
      <trkpt lat="42.210886" lon="2.502416"><ele>344.0</ele></trkpt>
      <trkpt lat="42.210847" lon="2.502195"><ele>345.0</ele></trkpt>
      <trkpt lat="42.210799" lon="2.502043"><ele>346.0</ele></trkpt>
      <trkpt lat="42.210750" lon="2.501925"><ele>346.5</ele></trkpt>
      <trkpt lat="42.210647" lon="2.501730"><ele>346.5</ele></trkpt>
      <trkpt lat="42.210522" lon="2.501395"><ele>349.2</ele></trkpt>
      <trkpt lat="42.210471" lon="2.501285"><ele>349.8</ele></trkpt>
      <trkpt lat="42.210394" lon="2.501144"><ele>350.2</ele></trkpt>
      <trkpt lat="42.210240" lon="2.500736"><ele>352.0</ele></trkpt>
      <trkpt lat="42.210163" lon="2.500487"><ele>352.8</ele></trkpt>
      <trkpt lat="42.210076" lon="2.500135"><ele>354.8</ele></trkpt>
      <trkpt lat="42.210038" lon="2.500047"><ele>355.5</ele></trkpt>
      <trkpt lat="42.209986" lon="2.499969"><ele>356.2</ele></trkpt>
      <trkpt lat="42.210157" lon="2.499635"><ele>359.0</ele></trkpt>
      <trkpt lat="42.210250" lon="2.499449"><ele>358.2</ele></trkpt>
      <trkpt lat="42.210367" lon="2.499141"><ele>358.0</ele></trkpt>
      <trkpt lat="42.210406" lon="2.498925"><ele>356.2</ele></trkpt>
      <trkpt lat="42.210381" lon="2.498597"><ele>356.5</ele></trkpt>
      <trkpt lat="42.210299" lon="2.498197"><ele>355.0</ele></trkpt>
      <trkpt lat="42.210168" lon="2.497886"><ele>356.2</ele></trkpt>
      <trkpt lat="42.210068" lon="2.497509"><ele>358.2</ele></trkpt>
      <trkpt lat="42.210052" lon="2.497407"><ele>358.5</ele></trkpt>
      <trkpt lat="42.210050" lon="2.497228"><ele>358.0</ele></trkpt>
      <trkpt lat="42.209975" lon="2.497246"><ele>359.2</ele></trkpt>
      <trkpt lat="42.209911" lon="2.497206"><ele>359.8</ele></trkpt>
      <trkpt lat="42.209695" lon="2.497021"><ele>361.5</ele></trkpt>
      <trkpt lat="42.209590" lon="2.496988"><ele>362.5</ele></trkpt>
      <trkpt lat="42.209443" lon="2.497029"><ele>364.0</ele></trkpt>
      <trkpt lat="42.209244" lon="2.497103"><ele>365.2</ele></trkpt>
      <trkpt lat="42.209055" lon="2.497123"><ele>366.2</ele></trkpt>
      <trkpt lat="42.208264" lon="2.497103"><ele>369.0</ele></trkpt>
      <trkpt lat="42.208077" lon="2.497112"><ele>369.8</ele></trkpt>
      <trkpt lat="42.208012" lon="2.497114"><ele>370.0</ele></trkpt>
      <trkpt lat="42.207663" lon="2.497129"><ele>371.5</ele></trkpt>
      <trkpt lat="42.207501" lon="2.497102"><ele>371.8</ele></trkpt>
      <trkpt lat="42.207853" lon="2.495304"><ele>371.5</ele></trkpt>
      <trkpt lat="42.207743" lon="2.495305"><ele>372.0</ele></trkpt>
      <trkpt lat="42.207598" lon="2.495307"><ele>373.0</ele></trkpt>
      <trkpt lat="42.207263" lon="2.495375"><ele>373.2</ele></trkpt>
      <trkpt lat="42.207181" lon="2.495405"><ele>373.2</ele></trkpt>
      <trkpt lat="42.206273" lon="2.496033"><ele>378.2</ele></trkpt>
      <trkpt lat="42.206034" lon="2.495638"><ele>379.8</ele></trkpt>
      <trkpt lat="42.205908" lon="2.495386"><ele>379.8</ele></trkpt>
      <trkpt lat="42.205762" lon="2.495017"><ele>379.2</ele></trkpt>
      <trkpt lat="42.205681" lon="2.494843"><ele>379.0</ele></trkpt>
      <trkpt lat="42.205659" lon="2.494721"><ele>378.8</ele></trkpt>
      <trkpt lat="42.205590" lon="2.494562"><ele>378.8</ele></trkpt>
      <trkpt lat="42.205362" lon="2.493995"><ele>378.5</ele></trkpt>
      <trkpt lat="42.205116" lon="2.493386"><ele>378.5</ele></trkpt>
      <trkpt lat="42.204735" lon="2.492458"><ele>377.0</ele></trkpt>
      <trkpt lat="42.204673" lon="2.492397"><ele>376.5</ele></trkpt>
      <trkpt lat="42.204313" lon="2.492118"><ele>377.8</ele></trkpt>
      <trkpt lat="42.203921" lon="2.491780"><ele>380.2</ele></trkpt>
      <trkpt lat="42.203622" lon="2.491594"><ele>381.8</ele></trkpt>
      <trkpt lat="42.203466" lon="2.491432"><ele>382.5</ele></trkpt>
      <trkpt lat="42.203243" lon="2.491148"><ele>383.2</ele></trkpt>
      <trkpt lat="42.203138" lon="2.491071"><ele>383.2</ele></trkpt>
      <trkpt lat="42.202908" lon="2.490989"><ele>383.5</ele></trkpt>
      <trkpt lat="42.202750" lon="2.490982"><ele>384.2</ele></trkpt>
      <trkpt lat="42.202660" lon="2.491009"><ele>385.5</ele></trkpt>
      <trkpt lat="42.202542" lon="2.491044"><ele>386.8</ele></trkpt>
      <trkpt lat="42.202120" lon="2.491129"><ele>387.5</ele></trkpt>
      <trkpt lat="42.201851" lon="2.491121"><ele>388.2</ele></trkpt>
      <trkpt lat="42.201619" lon="2.491086"><ele>389.0</ele></trkpt>
      <trkpt lat="42.201181" lon="2.490997"><ele>392.2</ele></trkpt>
      <trkpt lat="42.201083" lon="2.490968"><ele>393.2</ele></trkpt>
      <trkpt lat="42.200868" lon="2.490905"><ele>395.2</ele></trkpt>
      <trkpt lat="42.200789" lon="2.490896"><ele>395.8</ele></trkpt>
      <trkpt lat="42.200590" lon="2.490888"><ele>395.8</ele></trkpt>
      <trkpt lat="42.200089" lon="2.490888"><ele>396.0</ele></trkpt>
      <trkpt lat="42.199631" lon="2.490807"><ele>396.5</ele></trkpt>
      <trkpt lat="42.199359" lon="2.490779"><ele>396.2</ele></trkpt>
      <trkpt lat="42.199319" lon="2.490781"><ele>396.2</ele></trkpt>
      <trkpt lat="42.199217" lon="2.490786"><ele>396.5</ele></trkpt>
      <trkpt lat="42.199062" lon="2.490787"><ele>397.0</ele></trkpt>
      <trkpt lat="42.198851" lon="2.490756"><ele>397.2</ele></trkpt>
      <trkpt lat="42.198081" lon="2.490613"><ele>399.2</ele></trkpt>
      <trkpt lat="42.198012" lon="2.490585"><ele>399.8</ele></trkpt>
      <trkpt lat="42.197963" lon="2.490513"><ele>399.8</ele></trkpt>
      <trkpt lat="42.197821" lon="2.490303"><ele>402.2</ele></trkpt>
      <trkpt lat="42.197760" lon="2.490264"><ele>404.0</ele></trkpt>
      <trkpt lat="42.197649" lon="2.490292"><ele>405.2</ele></trkpt>
      <trkpt lat="42.197477" lon="2.490359"><ele>406.0</ele></trkpt>
      <trkpt lat="42.197241" lon="2.490336"><ele>407.2</ele></trkpt>
      <trkpt lat="42.196889" lon="2.490329"><ele>408.2</ele></trkpt>
      <trkpt lat="42.196714" lon="2.490374"><ele>407.8</ele></trkpt>
      <trkpt lat="42.196448" lon="2.490546"><ele>406.8</ele></trkpt>
      <trkpt lat="42.196362" lon="2.490585"><ele>407.5</ele></trkpt>
      <trkpt lat="42.196272" lon="2.490608"><ele>408.8</ele></trkpt>
      <trkpt lat="42.196081" lon="2.490630"><ele>410.0</ele></trkpt>
      <trkpt lat="42.195827" lon="2.490633"><ele>410.2</ele></trkpt>
      <trkpt lat="42.195479" lon="2.490733"><ele>411.2</ele></trkpt>
      <trkpt lat="42.195302" lon="2.490796"><ele>412.0</ele></trkpt>
      <trkpt lat="42.195270" lon="2.490794"><ele>412.2</ele></trkpt>
      <trkpt lat="42.195211" lon="2.490740"><ele>413.2</ele></trkpt>
      <trkpt lat="42.195077" lon="2.490520"><ele>415.8</ele></trkpt>
      <trkpt lat="42.194783" lon="2.490239"><ele>418.2</ele></trkpt>
      <trkpt lat="42.194736" lon="2.490175"><ele>418.8</ele></trkpt>
      <trkpt lat="42.194682" lon="2.490073"><ele>419.2</ele></trkpt>
      <trkpt lat="42.194669" lon="2.490008"><ele>419.8</ele></trkpt>
      <trkpt lat="42.194668" lon="2.489844"><ele>420.5</ele></trkpt>
      <trkpt lat="42.194669" lon="2.489724"><ele>421.0</ele></trkpt>
      <trkpt lat="42.193683" lon="2.489660"><ele>423.8</ele></trkpt>
      <trkpt lat="42.192751" lon="2.489580"><ele>426.5</ele></trkpt>
      <trkpt lat="42.192624" lon="2.489564"><ele>427.2</ele></trkpt>
      <trkpt lat="42.192627" lon="2.489509"><ele>427.2</ele></trkpt>
      <trkpt lat="42.192620" lon="2.489462"><ele>427.5</ele></trkpt>
      <trkpt lat="42.192606" lon="2.489420"><ele>427.5</ele></trkpt>
      <trkpt lat="42.192584" lon="2.489383"><ele>427.8</ele></trkpt>
      <trkpt lat="42.192556" lon="2.489354"><ele>428.0</ele></trkpt>
      <trkpt lat="42.192500" lon="2.489329"><ele>428.2</ele></trkpt>
      <trkpt lat="42.192441" lon="2.489336"><ele>428.8</ele></trkpt>
      <trkpt lat="42.192405" lon="2.489358"><ele>428.8</ele></trkpt>
      <trkpt lat="42.192375" lon="2.489392"><ele>429.0</ele></trkpt>
      <trkpt lat="42.192353" lon="2.489437"><ele>429.0</ele></trkpt>
      <trkpt lat="42.192340" lon="2.489488"><ele>428.8</ele></trkpt>
      <trkpt lat="42.192338" lon="2.489542"><ele>428.8</ele></trkpt>
      <trkpt lat="42.192346" lon="2.489588"><ele>428.5</ele></trkpt>
      <trkpt lat="42.192359" lon="2.489625"><ele>428.2</ele></trkpt>
      <trkpt lat="42.192340" lon="2.489711"><ele>428.0</ele></trkpt>
      <trkpt lat="42.192334" lon="2.489835"><ele>427.5</ele></trkpt>
      <trkpt lat="42.192323" lon="2.489895"><ele>427.5</ele></trkpt>
      <trkpt lat="42.192228" lon="2.490061"><ele>427.5</ele></trkpt>
      <trkpt lat="42.192156" lon="2.490164"><ele>427.0</ele></trkpt>
      <trkpt lat="42.192102" lon="2.490217"><ele>427.0</ele></trkpt>
      <trkpt lat="42.192035" lon="2.490247"><ele>427.2</ele></trkpt>
      <trkpt lat="42.191868" lon="2.490269"><ele>428.2</ele></trkpt>
      <trkpt lat="42.191798" lon="2.490262"><ele>428.5</ele></trkpt>
      <trkpt lat="42.191637" lon="2.490220"><ele>429.5</ele></trkpt>
      <trkpt lat="42.191577" lon="2.490217"><ele>429.8</ele></trkpt>
      <trkpt lat="42.191171" lon="2.490263"><ele>431.5</ele></trkpt>
      <trkpt lat="42.190850" lon="2.490266"><ele>434.0</ele></trkpt>
      <trkpt lat="42.190758" lon="2.490289"><ele>434.8</ele></trkpt>
      <trkpt lat="42.190687" lon="2.490319"><ele>435.5</ele></trkpt>
      <trkpt lat="42.190568" lon="2.490404"><ele>436.2</ele></trkpt>
      <trkpt lat="42.190524" lon="2.490428"><ele>436.5</ele></trkpt>
      <trkpt lat="42.190200" lon="2.490519"><ele>439.0</ele></trkpt>
      <trkpt lat="42.190154" lon="2.490548"><ele>439.8</ele></trkpt>
      <trkpt lat="42.189994" lon="2.490691"><ele>440.5</ele></trkpt>
      <trkpt lat="42.189509" lon="2.491343"><ele>441.5</ele></trkpt>
      <trkpt lat="42.189314" lon="2.491635"><ele>441.0</ele></trkpt>
      <trkpt lat="42.189245" lon="2.491714"><ele>441.2</ele></trkpt>
      <trkpt lat="42.189177" lon="2.491773"><ele>441.0</ele></trkpt>
      <trkpt lat="42.189050" lon="2.491859"><ele>440.5</ele></trkpt>
      <trkpt lat="42.188884" lon="2.491958"><ele>441.5</ele></trkpt>
      <trkpt lat="42.188773" lon="2.492007"><ele>441.5</ele></trkpt>
      <trkpt lat="42.188718" lon="2.492013"><ele>441.8</ele></trkpt>
      <trkpt lat="42.188590" lon="2.491969"><ele>444.5</ele></trkpt>
      <trkpt lat="42.188228" lon="2.492047"><ele>445.5</ele></trkpt>
      <trkpt lat="42.187689" lon="2.492136"><ele>448.0</ele></trkpt>
      <trkpt lat="42.186925" lon="2.492261"><ele>449.8</ele></trkpt>
      <trkpt lat="42.185992" lon="2.492407"><ele>447.0</ele></trkpt>
      <trkpt lat="42.185630" lon="2.492425"><ele>445.0</ele></trkpt>
      <trkpt lat="42.185242" lon="2.492508"><ele>439.5</ele></trkpt>
      <trkpt lat="42.185190" lon="2.492539"><ele>438.8</ele></trkpt>
      <trkpt lat="42.185291" lon="2.492578"><ele>438.5</ele></trkpt>
      <trkpt lat="42.185716" lon="2.492775"><ele>436.2</ele></trkpt>
      <trkpt lat="42.185750" lon="2.492796"><ele>436.0</ele></trkpt>
      <trkpt lat="42.185772" lon="2.492821"><ele>435.5</ele></trkpt>
      <trkpt lat="42.185750" lon="2.492902"><ele>434.5</ele></trkpt>
      <trkpt lat="42.185733" lon="2.492939"><ele>434.0</ele></trkpt>
      <trkpt lat="42.184899" lon="2.494224"><ele>426.8</ele></trkpt>
      <trkpt lat="42.185076" lon="2.494430"><ele>425.8</ele></trkpt>
      <trkpt lat="42.184806" lon="2.494863"><ele>423.8</ele></trkpt>
      <trkpt lat="42.184443" lon="2.494680"><ele>422.5</ele></trkpt>
      <trkpt lat="42.184377" lon="2.494625"><ele>421.5</ele></trkpt>
      <trkpt lat="42.184327" lon="2.494566"><ele>421.5</ele></trkpt>
      <trkpt lat="42.184028" lon="2.494121"><ele>422.5</ele></trkpt>
      <trkpt lat="42.183991" lon="2.494081"><ele>422.5</ele></trkpt>
      <trkpt lat="42.183891" lon="2.494013"><ele>422.8</ele></trkpt>
      <trkpt lat="42.183783" lon="2.493942"><ele>423.5</ele></trkpt>
      <trkpt lat="42.183764" lon="2.493936"><ele>423.2</ele></trkpt>
      <trkpt lat="42.183423" lon="2.493879"><ele>423.8</ele></trkpt>
      <trkpt lat="42.183181" lon="2.493792"><ele>426.2</ele></trkpt>
      <trkpt lat="42.183121" lon="2.493761"><ele>426.8</ele></trkpt>
      <trkpt lat="42.182983" lon="2.493657"><ele>428.0</ele></trkpt>
      <trkpt lat="42.182989" lon="2.493557"><ele>428.2</ele></trkpt>
      <trkpt lat="42.183004" lon="2.493462"><ele>428.5</ele></trkpt>
      <trkpt lat="42.182709" lon="2.493244"><ele>429.0</ele></trkpt>
      <trkpt lat="42.182569" lon="2.493146"><ele>429.0</ele></trkpt>
      <trkpt lat="42.182583" lon="2.493076"><ele>429.0</ele></trkpt>
      <trkpt lat="42.182587" lon="2.493021"><ele>429.0</ele></trkpt>
      <trkpt lat="42.182549" lon="2.492568"><ele>430.0</ele></trkpt>
      <trkpt lat="42.182556" lon="2.492489"><ele>430.0</ele></trkpt>
      <trkpt lat="42.182515" lon="2.492465"><ele>430.0</ele></trkpt>
      <trkpt lat="42.182501" lon="2.492437"><ele>430.0</ele></trkpt>
      <trkpt lat="42.182408" lon="2.492172"><ele>431.2</ele></trkpt>
      <trkpt lat="42.182388" lon="2.492077"><ele>432.0</ele></trkpt>
      <trkpt lat="42.182341" lon="2.491919"><ele>433.0</ele></trkpt>
      <trkpt lat="42.182332" lon="2.491850"><ele>433.0</ele></trkpt>
      <trkpt lat="42.182296" lon="2.491747"><ele>433.0</ele></trkpt>
      <trkpt lat="42.182270" lon="2.491624"><ele>433.2</ele></trkpt>
      <trkpt lat="42.182220" lon="2.491472"><ele>433.5</ele></trkpt>
      <trkpt lat="42.182200" lon="2.491415"><ele>433.8</ele></trkpt>
      <trkpt lat="42.182222" lon="2.491402"><ele>433.8</ele></trkpt>
      <trkpt lat="42.182148" lon="2.491120"><ele>434.2</ele></trkpt>
      <trkpt lat="42.182097" lon="2.490855"><ele>434.8</ele></trkpt>
      <trkpt lat="42.182071" lon="2.490784"><ele>435.0</ele></trkpt>
      <trkpt lat="42.181938" lon="2.490378"><ele>435.5</ele></trkpt>
      <trkpt lat="42.181879" lon="2.490209"><ele>435.8</ele></trkpt>
      <trkpt lat="42.181867" lon="2.490174"><ele>435.5</ele></trkpt>
      <trkpt lat="42.181804" lon="2.489992"><ele>435.2</ele></trkpt>
      <trkpt lat="42.181784" lon="2.489914"><ele>435.2</ele></trkpt>
      <trkpt lat="42.181759" lon="2.489762"><ele>435.2</ele></trkpt>
      <trkpt lat="42.181755" lon="2.489675"><ele>435.2</ele></trkpt>
      <trkpt lat="42.181747" lon="2.489672"><ele>435.2</ele></trkpt>
      <trkpt lat="42.181743" lon="2.489670"><ele>435.2</ele></trkpt>
      <trkpt lat="42.181754" lon="2.489839"><ele>435.2</ele></trkpt>
      <trkpt lat="42.181785" lon="2.489974"><ele>435.2</ele></trkpt>
    </trkseg>
  </trk>
</gpx>
