<?xml version="1.0" encoding="UTF-8"?>
<gpx version="1.1" creator="Gravel Kompass" xmlns="http://www.topografix.com/GPX/1/1">
  <metadata><name>Pirinexus-Runde: Girona, Pyrenäenrand &amp; Costa Brava – Etappe 3</name></metadata>
  <trk>
    <name>Etappe 3: Prats-de-Mollo (F) – La Jonquera</name>
    <trkseg>
      <trkpt lat="42.405306" lon="2.477902"><ele>750.5</ele></trkpt>
      <trkpt lat="42.405271" lon="2.478060"><ele>745.8</ele></trkpt>
      <trkpt lat="42.405193" lon="2.478028"><ele>745.2</ele></trkpt>
      <trkpt lat="42.405166" lon="2.477986"><ele>746.0</ele></trkpt>
      <trkpt lat="42.405156" lon="2.478022"><ele>744.8</ele></trkpt>
      <trkpt lat="42.405120" lon="2.478031"><ele>743.8</ele></trkpt>
      <trkpt lat="42.405085" lon="2.478136"><ele>744.8</ele></trkpt>
      <trkpt lat="42.405065" lon="2.478150"><ele>745.0</ele></trkpt>
      <trkpt lat="42.405127" lon="2.478256"><ele>748.5</ele></trkpt>
      <trkpt lat="42.405041" lon="2.478383"><ele>752.0</ele></trkpt>
      <trkpt lat="42.404847" lon="2.478784"><ele>758.2</ele></trkpt>
      <trkpt lat="42.404714" lon="2.479157"><ele>757.8</ele></trkpt>
      <trkpt lat="42.404677" lon="2.479271"><ele>757.8</ele></trkpt>
      <trkpt lat="42.404782" lon="2.479358"><ele>759.2</ele></trkpt>
      <trkpt lat="42.404752" lon="2.479405"><ele>759.0</ele></trkpt>
      <trkpt lat="42.404741" lon="2.479435"><ele>759.0</ele></trkpt>
      <trkpt lat="42.404741" lon="2.479504"><ele>759.0</ele></trkpt>
      <trkpt lat="42.404777" lon="2.479777"><ele>759.5</ele></trkpt>
      <trkpt lat="42.404844" lon="2.479973"><ele>760.0</ele></trkpt>
      <trkpt lat="42.404854" lon="2.480050"><ele>760.2</ele></trkpt>
      <trkpt lat="42.404861" lon="2.480416"><ele>759.5</ele></trkpt>
      <trkpt lat="42.404853" lon="2.480585"><ele>759.2</ele></trkpt>
      <trkpt lat="42.404830" lon="2.480940"><ele>760.0</ele></trkpt>
      <trkpt lat="42.404801" lon="2.481233"><ele>759.0</ele></trkpt>
      <trkpt lat="42.404766" lon="2.481446"><ele>757.2</ele></trkpt>
      <trkpt lat="42.404646" lon="2.481973"><ele>755.0</ele></trkpt>
      <trkpt lat="42.404630" lon="2.482067"><ele>754.2</ele></trkpt>
      <trkpt lat="42.404629" lon="2.482147"><ele>754.0</ele></trkpt>
      <trkpt lat="42.404655" lon="2.482338"><ele>753.5</ele></trkpt>
      <trkpt lat="42.404711" lon="2.482515"><ele>753.5</ele></trkpt>
      <trkpt lat="42.404760" lon="2.482602"><ele>753.5</ele></trkpt>
      <trkpt lat="42.404823" lon="2.482689"><ele>753.5</ele></trkpt>
      <trkpt lat="42.405032" lon="2.482854"><ele>754.0</ele></trkpt>
      <trkpt lat="42.405077" lon="2.482910"><ele>754.5</ele></trkpt>
      <trkpt lat="42.405109" lon="2.482972"><ele>754.5</ele></trkpt>
      <trkpt lat="42.405131" lon="2.483039"><ele>754.0</ele></trkpt>
      <trkpt lat="42.405136" lon="2.483098"><ele>754.5</ele></trkpt>
      <trkpt lat="42.405120" lon="2.483189"><ele>756.0</ele></trkpt>
      <trkpt lat="42.405095" lon="2.483256"><ele>756.5</ele></trkpt>
      <trkpt lat="42.404886" lon="2.483583"><ele>759.5</ele></trkpt>
      <trkpt lat="42.404808" lon="2.483679"><ele>758.2</ele></trkpt>
      <trkpt lat="42.404442" lon="2.483923"><ele>754.8</ele></trkpt>
      <trkpt lat="42.404405" lon="2.483963"><ele>753.8</ele></trkpt>
      <trkpt lat="42.404379" lon="2.484021"><ele>753.2</ele></trkpt>
      <trkpt lat="42.404363" lon="2.484113"><ele>753.0</ele></trkpt>
      <trkpt lat="42.404387" lon="2.485087"><ele>751.8</ele></trkpt>
      <trkpt lat="42.404407" lon="2.485851"><ele>747.5</ele></trkpt>
      <trkpt lat="42.404397" lon="2.485909"><ele>747.0</ele></trkpt>
      <trkpt lat="42.404370" lon="2.485953"><ele>746.2</ele></trkpt>
      <trkpt lat="42.404337" lon="2.485989"><ele>745.8</ele></trkpt>
      <trkpt lat="42.404090" lon="2.486035"><ele>743.5</ele></trkpt>
      <trkpt lat="42.404040" lon="2.486037"><ele>742.8</ele></trkpt>
      <trkpt lat="42.403995" lon="2.486012"><ele>742.2</ele></trkpt>
      <trkpt lat="42.403966" lon="2.485979"><ele>742.0</ele></trkpt>
      <trkpt lat="42.403942" lon="2.485929"><ele>742.0</ele></trkpt>
      <trkpt lat="42.403927" lon="2.485868"><ele>742.2</ele></trkpt>
      <trkpt lat="42.403912" lon="2.485690"><ele>742.2</ele></trkpt>
      <trkpt lat="42.403902" lon="2.485662"><ele>742.2</ele></trkpt>
      <trkpt lat="42.403884" lon="2.485650"><ele>741.8</ele></trkpt>
      <trkpt lat="42.403852" lon="2.485655"><ele>741.5</ele></trkpt>
      <trkpt lat="42.403865" lon="2.485924"><ele>741.0</ele></trkpt>
      <trkpt lat="42.403885" lon="2.486173"><ele>739.0</ele></trkpt>
      <trkpt lat="42.403908" lon="2.486266"><ele>738.0</ele></trkpt>
      <trkpt lat="42.403963" lon="2.486389"><ele>737.0</ele></trkpt>
      <trkpt lat="42.404136" lon="2.486644"><ele>735.8</ele></trkpt>
      <trkpt lat="42.404156" lon="2.486705"><ele>735.8</ele></trkpt>
      <trkpt lat="42.404166" lon="2.486769"><ele>736.2</ele></trkpt>
      <trkpt lat="42.404124" lon="2.487097"><ele>737.5</ele></trkpt>
      <trkpt lat="42.404108" lon="2.487282"><ele>738.5</ele></trkpt>
      <trkpt lat="42.404107" lon="2.487397"><ele>738.2</ele></trkpt>
      <trkpt lat="42.404126" lon="2.487515"><ele>738.2</ele></trkpt>
      <trkpt lat="42.404162" lon="2.487664"><ele>738.2</ele></trkpt>
      <trkpt lat="42.404463" lon="2.488679"><ele>741.8</ele></trkpt>
      <trkpt lat="42.404545" lon="2.488780"><ele>742.5</ele></trkpt>
      <trkpt lat="42.404590" lon="2.488819"><ele>743.0</ele></trkpt>
      <trkpt lat="42.404657" lon="2.488854"><ele>744.0</ele></trkpt>
      <trkpt lat="42.404779" lon="2.488901"><ele>745.2</ele></trkpt>
      <trkpt lat="42.404885" lon="2.488921"><ele>746.5</ele></trkpt>
      <trkpt lat="42.405005" lon="2.488924"><ele>748.2</ele></trkpt>
      <trkpt lat="42.405176" lon="2.488915"><ele>748.8</ele></trkpt>
      <trkpt lat="42.405229" lon="2.488930"><ele>749.0</ele></trkpt>
      <trkpt lat="42.405264" lon="2.488962"><ele>749.2</ele></trkpt>
      <trkpt lat="42.405285" lon="2.488994"><ele>749.8</ele></trkpt>
      <trkpt lat="42.405296" lon="2.489050"><ele>750.5</ele></trkpt>
      <trkpt lat="42.405292" lon="2.489107"><ele>750.8</ele></trkpt>
      <trkpt lat="42.405273" lon="2.489170"><ele>750.8</ele></trkpt>
      <trkpt lat="42.405215" lon="2.489290"><ele>751.2</ele></trkpt>
      <trkpt lat="42.405186" lon="2.489384"><ele>752.0</ele></trkpt>
      <trkpt lat="42.405160" lon="2.489500"><ele>752.2</ele></trkpt>
      <trkpt lat="42.405155" lon="2.489608"><ele>752.5</ele></trkpt>
      <trkpt lat="42.405158" lon="2.489699"><ele>753.0</ele></trkpt>
      <trkpt lat="42.405172" lon="2.489781"><ele>753.0</ele></trkpt>
      <trkpt lat="42.405217" lon="2.489884"><ele>753.8</ele></trkpt>
      <trkpt lat="42.405321" lon="2.490035"><ele>755.8</ele></trkpt>
      <trkpt lat="42.405381" lon="2.490136"><ele>756.8</ele></trkpt>
      <trkpt lat="42.405451" lon="2.490298"><ele>758.5</ele></trkpt>
      <trkpt lat="42.405522" lon="2.490523"><ele>759.2</ele></trkpt>
      <trkpt lat="42.405583" lon="2.490678"><ele>759.8</ele></trkpt>
      <trkpt lat="42.405670" lon="2.490846"><ele>761.2</ele></trkpt>
      <trkpt lat="42.405738" lon="2.491028"><ele>763.2</ele></trkpt>
      <trkpt lat="42.405756" lon="2.491121"><ele>764.2</ele></trkpt>
      <trkpt lat="42.405836" lon="2.491794"><ele>768.5</ele></trkpt>
      <trkpt lat="42.405867" lon="2.492011"><ele>770.0</ele></trkpt>
      <trkpt lat="42.405894" lon="2.492156"><ele>771.0</ele></trkpt>
      <trkpt lat="42.405967" lon="2.492460"><ele>774.5</ele></trkpt>
      <trkpt lat="42.406052" lon="2.492672"><ele>776.2</ele></trkpt>
      <trkpt lat="42.406115" lon="2.492770"><ele>777.0</ele></trkpt>
      <trkpt lat="42.406300" lon="2.493022"><ele>779.5</ele></trkpt>
      <trkpt lat="42.406491" lon="2.493156"><ele>779.2</ele></trkpt>
      <trkpt lat="42.406655" lon="2.493200"><ele>780.5</ele></trkpt>
      <trkpt lat="42.406852" lon="2.493067"><ele>784.8</ele></trkpt>
      <trkpt lat="42.406958" lon="2.493085"><ele>785.0</ele></trkpt>
      <trkpt lat="42.406997" lon="2.493191"><ele>785.8</ele></trkpt>
      <trkpt lat="42.407004" lon="2.493414"><ele>784.8</ele></trkpt>
      <trkpt lat="42.407050" lon="2.493646"><ele>785.5</ele></trkpt>
      <trkpt lat="42.407129" lon="2.493762"><ele>785.2</ele></trkpt>
      <trkpt lat="42.407313" lon="2.493770"><ele>788.8</ele></trkpt>
      <trkpt lat="42.407819" lon="2.493895"><ele>793.8</ele></trkpt>
      <trkpt lat="42.408030" lon="2.493931"><ele>798.2</ele></trkpt>
      <trkpt lat="42.408095" lon="2.494082"><ele>796.8</ele></trkpt>
      <trkpt lat="42.408076" lon="2.494189"><ele>795.2</ele></trkpt>
      <trkpt lat="42.407852" lon="2.494332"><ele>794.8</ele></trkpt>
      <trkpt lat="42.407727" lon="2.494421"><ele>795.8</ele></trkpt>
      <trkpt lat="42.407648" lon="2.494581"><ele>796.8</ele></trkpt>
      <trkpt lat="42.407655" lon="2.494804"><ele>799.5</ele></trkpt>
      <trkpt lat="42.407743" lon="2.495123"><ele>801.8</ele></trkpt>
      <trkpt lat="42.407852" lon="2.495516"><ele>802.8</ele></trkpt>
      <trkpt lat="42.408036" lon="2.495970"><ele>803.8</ele></trkpt>
      <trkpt lat="42.408260" lon="2.496211"><ele>806.8</ele></trkpt>
      <trkpt lat="42.408299" lon="2.496380"><ele>805.5</ele></trkpt>
      <trkpt lat="42.408286" lon="2.496799"><ele>805.0</ele></trkpt>
      <trkpt lat="42.408391" lon="2.497200"><ele>807.8</ele></trkpt>
      <trkpt lat="42.408451" lon="2.497458"><ele>806.5</ele></trkpt>
      <trkpt lat="42.408635" lon="2.497547"><ele>807.2</ele></trkpt>
      <trkpt lat="42.408990" lon="2.497440"><ele>810.2</ele></trkpt>
      <trkpt lat="42.410095" lon="2.497592"><ele>816.8</ele></trkpt>
      <trkpt lat="42.410292" lon="2.497645"><ele>819.0</ele></trkpt>
      <trkpt lat="42.410345" lon="2.497752"><ele>817.2</ele></trkpt>
      <trkpt lat="42.410338" lon="2.497859"><ele>817.8</ele></trkpt>
      <trkpt lat="42.409963" lon="2.498554"><ele>816.8</ele></trkpt>
      <trkpt lat="42.409700" lon="2.498963"><ele>815.2</ele></trkpt>
      <trkpt lat="42.409595" lon="2.499222"><ele>816.0</ele></trkpt>
      <trkpt lat="42.409582" lon="2.499444"><ele>817.8</ele></trkpt>
      <trkpt lat="42.409693" lon="2.499658"><ele>819.2</ele></trkpt>
      <trkpt lat="42.410345" lon="2.500112"><ele>825.0</ele></trkpt>
      <trkpt lat="42.410437" lon="2.500246"><ele>823.2</ele></trkpt>
      <trkpt lat="42.410437" lon="2.500460"><ele>822.2</ele></trkpt>
      <trkpt lat="42.410187" lon="2.501243"><ele>820.0</ele></trkpt>
      <trkpt lat="42.410121" lon="2.501805"><ele>821.5</ele></trkpt>
      <trkpt lat="42.410134" lon="2.502107"><ele>823.2</ele></trkpt>
      <trkpt lat="42.410193" lon="2.502294"><ele>823.8</ele></trkpt>
      <trkpt lat="42.410391" lon="2.502526"><ele>823.0</ele></trkpt>
      <trkpt lat="42.410680" lon="2.502651"><ele>823.5</ele></trkpt>
      <trkpt lat="42.411055" lon="2.502588"><ele>822.8</ele></trkpt>
      <trkpt lat="42.412133" lon="2.501974"><ele>825.0</ele></trkpt>
      <trkpt lat="42.412784" lon="2.501591"><ele>826.8</ele></trkpt>
      <trkpt lat="42.413153" lon="2.501324"><ele>828.2</ele></trkpt>
      <trkpt lat="42.413370" lon="2.501288"><ele>826.5</ele></trkpt>
      <trkpt lat="42.413666" lon="2.501386"><ele>825.5</ele></trkpt>
      <trkpt lat="42.413929" lon="2.501395"><ele>826.8</ele></trkpt>
      <trkpt lat="42.414803" lon="2.501413"><ele>826.0</ele></trkpt>
      <trkpt lat="42.415106" lon="2.501377"><ele>825.5</ele></trkpt>
      <trkpt lat="42.415323" lon="2.501217"><ele>825.0</ele></trkpt>
      <trkpt lat="42.415500" lon="2.500976"><ele>824.5</ele></trkpt>
      <trkpt lat="42.415960" lon="2.500005"><ele>827.5</ele></trkpt>
      <trkpt lat="42.416039" lon="2.499952"><ele>827.8</ele></trkpt>
      <trkpt lat="42.416158" lon="2.500050"><ele>826.5</ele></trkpt>
      <trkpt lat="42.416723" lon="2.500771"><ele>828.8</ele></trkpt>
      <trkpt lat="42.416967" lon="2.501056"><ele>830.2</ele></trkpt>
      <trkpt lat="42.417282" lon="2.501163"><ele>830.8</ele></trkpt>
      <trkpt lat="42.417644" lon="2.501172"><ele>830.5</ele></trkpt>
      <trkpt lat="42.418190" lon="2.501083"><ele>832.0</ele></trkpt>
      <trkpt lat="42.418518" lon="2.500950"><ele>832.2</ele></trkpt>
      <trkpt lat="42.418834" lon="2.500736"><ele>834.0</ele></trkpt>
      <trkpt lat="42.419091" lon="2.500540"><ele>834.2</ele></trkpt>
      <trkpt lat="42.419354" lon="2.500157"><ele>835.5</ele></trkpt>
      <trkpt lat="42.419419" lon="2.499898"><ele>836.0</ele></trkpt>
      <trkpt lat="42.419432" lon="2.499605"><ele>838.5</ele></trkpt>
      <trkpt lat="42.419485" lon="2.499364"><ele>839.8</ele></trkpt>
      <trkpt lat="42.419715" lon="2.498741"><ele>845.2</ele></trkpt>
      <trkpt lat="42.419768" lon="2.498554"><ele>846.8</ele></trkpt>
      <trkpt lat="42.419755" lon="2.498277"><ele>849.0</ele></trkpt>
      <trkpt lat="42.419722" lon="2.498055"><ele>848.0</ele></trkpt>
      <trkpt lat="42.419761" lon="2.497983"><ele>850.8</ele></trkpt>
      <trkpt lat="42.419873" lon="2.498019"><ele>853.5</ele></trkpt>
      <trkpt lat="42.420057" lon="2.498304"><ele>847.8</ele></trkpt>
      <trkpt lat="42.420294" lon="2.498562"><ele>851.0</ele></trkpt>
      <trkpt lat="42.420544" lon="2.498972"><ele>849.8</ele></trkpt>
      <trkpt lat="42.420978" lon="2.499551"><ele>852.2</ele></trkpt>
      <trkpt lat="42.421195" lon="2.499738"><ele>851.5</ele></trkpt>
      <trkpt lat="42.421405" lon="2.499809"><ele>852.2</ele></trkpt>
      <trkpt lat="42.421583" lon="2.499747"><ele>852.5</ele></trkpt>
      <trkpt lat="42.421872" lon="2.499578"><ele>853.2</ele></trkpt>
      <trkpt lat="42.422188" lon="2.499284"><ele>854.2</ele></trkpt>
      <trkpt lat="42.422404" lon="2.499043"><ele>855.8</ele></trkpt>
      <trkpt lat="42.422720" lon="2.498749"><ele>857.5</ele></trkpt>
      <trkpt lat="42.422898" lon="2.498562"><ele>856.8</ele></trkpt>
      <trkpt lat="42.423016" lon="2.498304"><ele>859.2</ele></trkpt>
      <trkpt lat="42.423134" lon="2.497832"><ele>858.8</ele></trkpt>
      <trkpt lat="42.423154" lon="2.497690"><ele>861.5</ele></trkpt>
      <trkpt lat="42.423253" lon="2.497529"><ele>861.0</ele></trkpt>
      <trkpt lat="42.423351" lon="2.497351"><ele>860.5</ele></trkpt>
      <trkpt lat="42.423364" lon="2.497253"><ele>862.8</ele></trkpt>
      <trkpt lat="42.423338" lon="2.497093"><ele>865.2</ele></trkpt>
      <trkpt lat="42.423345" lon="2.496932"><ele>865.8</ele></trkpt>
      <trkpt lat="42.423463" lon="2.496558"><ele>867.8</ele></trkpt>
      <trkpt lat="42.423595" lon="2.496211"><ele>869.2</ele></trkpt>
      <trkpt lat="42.423726" lon="2.495997"><ele>870.8</ele></trkpt>
      <trkpt lat="42.423969" lon="2.495801"><ele>873.8</ele></trkpt>
      <trkpt lat="42.424075" lon="2.495792"><ele>873.8</ele></trkpt>
      <trkpt lat="42.424252" lon="2.495872"><ele>872.5</ele></trkpt>
      <trkpt lat="42.424309" lon="2.495945"><ele>872.2</ele></trkpt>
      <trkpt lat="42.424357" lon="2.496006"><ele>872.2</ele></trkpt>
      <trkpt lat="42.424410" lon="2.496184"><ele>872.8</ele></trkpt>
      <trkpt lat="42.424390" lon="2.496416"><ele>872.8</ele></trkpt>
      <trkpt lat="42.424378" lon="2.496876"><ele>873.5</ele></trkpt>
      <trkpt lat="42.424430" lon="2.497200"><ele>874.5</ele></trkpt>
      <trkpt lat="42.424495" lon="2.497966"><ele>875.2</ele></trkpt>
      <trkpt lat="42.424548" lon="2.498162"><ele>873.2</ele></trkpt>
      <trkpt lat="42.424699" lon="2.498179"><ele>877.0</ele></trkpt>
      <trkpt lat="42.424837" lon="2.498206"><ele>879.0</ele></trkpt>
      <trkpt lat="42.424890" lon="2.498358"><ele>879.8</ele></trkpt>
      <trkpt lat="42.424870" lon="2.498491"><ele>882.8</ele></trkpt>
      <trkpt lat="42.424712" lon="2.498687"><ele>879.5</ele></trkpt>
      <trkpt lat="42.424574" lon="2.498928"><ele>880.0</ele></trkpt>
      <trkpt lat="42.424436" lon="2.499320"><ele>876.8</ele></trkpt>
      <trkpt lat="42.424357" lon="2.500014"><ele>877.8</ele></trkpt>
      <trkpt lat="42.424338" lon="2.500620"><ele>880.0</ele></trkpt>
      <trkpt lat="42.424259" lon="2.501199"><ele>882.8</ele></trkpt>
      <trkpt lat="42.424022" lon="2.502081"><ele>892.0</ele></trkpt>
      <trkpt lat="42.424042" lon="2.502259"><ele>894.2</ele></trkpt>
      <trkpt lat="42.424232" lon="2.502482"><ele>895.8</ele></trkpt>
      <trkpt lat="42.424568" lon="2.502793"><ele>899.2</ele></trkpt>
      <trkpt lat="42.424752" lon="2.503158"><ele>898.5</ele></trkpt>
      <trkpt lat="42.424916" lon="2.503274"><ele>899.0</ele></trkpt>
      <trkpt lat="42.425028" lon="2.503301"><ele>899.8</ele></trkpt>
      <trkpt lat="42.425120" lon="2.503239"><ele>903.5</ele></trkpt>
      <trkpt lat="42.425258" lon="2.503212"><ele>905.0</ele></trkpt>
      <trkpt lat="42.425409" lon="2.503256"><ele>905.0</ele></trkpt>
      <trkpt lat="42.425692" lon="2.503292"><ele>910.2</ele></trkpt>
      <trkpt lat="42.425745" lon="2.503372"><ele>909.0</ele></trkpt>
      <trkpt lat="42.425731" lon="2.503488"><ele>909.0</ele></trkpt>
      <trkpt lat="42.425659" lon="2.503595"><ele>906.5</ele></trkpt>
      <trkpt lat="42.425435" lon="2.503702"><ele>904.8</ele></trkpt>
      <trkpt lat="42.425100" lon="2.504156"><ele>907.5</ele></trkpt>
      <trkpt lat="42.424982" lon="2.504361"><ele>908.0</ele></trkpt>
      <trkpt lat="42.424975" lon="2.504530"><ele>909.8</ele></trkpt>
      <trkpt lat="42.425061" lon="2.504869"><ele>910.2</ele></trkpt>
      <trkpt lat="42.425087" lon="2.505109"><ele>911.2</ele></trkpt>
      <trkpt lat="42.425041" lon="2.505252"><ele>912.2</ele></trkpt>
      <trkpt lat="42.424910" lon="2.505341"><ele>913.0</ele></trkpt>
      <trkpt lat="42.424614" lon="2.505252"><ele>912.5</ele></trkpt>
      <trkpt lat="42.424364" lon="2.505136"><ele>912.8</ele></trkpt>
      <trkpt lat="42.424226" lon="2.505163"><ele>915.0</ele></trkpt>
      <trkpt lat="42.424081" lon="2.505225"><ele>919.8</ele></trkpt>
      <trkpt lat="42.423989" lon="2.505163"><ele>919.8</ele></trkpt>
      <trkpt lat="42.423805" lon="2.504984"><ele>918.2</ele></trkpt>
      <trkpt lat="42.423450" lon="2.504869"><ele>919.2</ele></trkpt>
      <trkpt lat="42.423207" lon="2.504922"><ele>921.8</ele></trkpt>
      <trkpt lat="42.423023" lon="2.505029"><ele>923.8</ele></trkpt>
      <trkpt lat="42.422792" lon="2.505287"><ele>924.8</ele></trkpt>
      <trkpt lat="42.422615" lon="2.505724"><ele>929.0</ele></trkpt>
      <trkpt lat="42.422497" lon="2.506107"><ele>929.5</ele></trkpt>
      <trkpt lat="42.422234" lon="2.506712"><ele>931.5</ele></trkpt>
      <trkpt lat="42.422135" lon="2.506989"><ele>932.8</ele></trkpt>
      <trkpt lat="42.422188" lon="2.507336"><ele>934.8</ele></trkpt>
      <trkpt lat="42.422621" lon="2.507861"><ele>941.2</ele></trkpt>
      <trkpt lat="42.422773" lon="2.508262"><ele>940.8</ele></trkpt>
      <trkpt lat="42.422766" lon="2.508788"><ele>941.0</ele></trkpt>
      <trkpt lat="42.422698" lon="2.509402"><ele>947.0</ele></trkpt>
      <trkpt lat="42.422444" lon="2.509898"><ele>944.8</ele></trkpt>
      <trkpt lat="42.422296" lon="2.510345"><ele>947.0</ele></trkpt>
      <trkpt lat="42.422261" lon="2.510573"><ele>948.8</ele></trkpt>
      <trkpt lat="42.422276" lon="2.510752"><ele>948.2</ele></trkpt>
      <trkpt lat="42.422352" lon="2.510828"><ele>948.5</ele></trkpt>
      <trkpt lat="42.422510" lon="2.510834"><ele>949.8</ele></trkpt>
      <trkpt lat="42.422795" lon="2.510704"><ele>955.0</ele></trkpt>
      <trkpt lat="42.423084" lon="2.510724"><ele>957.5</ele></trkpt>
      <trkpt lat="42.423410" lon="2.510828"><ele>958.5</ele></trkpt>
      <trkpt lat="42.423516" lon="2.510903"><ele>959.5</ele></trkpt>
      <trkpt lat="42.423704" lon="2.511523"><ele>956.2</ele></trkpt>
      <trkpt lat="42.423770" lon="2.511771"><ele>958.5</ele></trkpt>
      <trkpt lat="42.423765" lon="2.511936"><ele>959.8</ele></trkpt>
      <trkpt lat="42.423669" lon="2.512198"><ele>961.2</ele></trkpt>
      <trkpt lat="42.423613" lon="2.512480"><ele>959.8</ele></trkpt>
      <trkpt lat="42.423633" lon="2.512811"><ele>961.2</ele></trkpt>
      <trkpt lat="42.423765" lon="2.513162"><ele>966.2</ele></trkpt>
      <trkpt lat="42.423872" lon="2.513313"><ele>967.8</ele></trkpt>
      <trkpt lat="42.424259" lon="2.513554"><ele>970.8</ele></trkpt>
      <trkpt lat="42.424574" lon="2.513878"><ele>975.8</ele></trkpt>
      <trkpt lat="42.424726" lon="2.514222"><ele>976.2</ele></trkpt>
      <trkpt lat="42.424955" lon="2.514663"><ele>979.8</ele></trkpt>
      <trkpt lat="42.425285" lon="2.515090"><ele>984.8</ele></trkpt>
      <trkpt lat="42.425341" lon="2.515235"><ele>985.8</ele></trkpt>
      <trkpt lat="42.425331" lon="2.515324"><ele>986.0</ele></trkpt>
      <trkpt lat="42.425184" lon="2.515476"><ele>985.5</ele></trkpt>
      <trkpt lat="42.424945" lon="2.515827"><ele>986.8</ele></trkpt>
      <trkpt lat="42.424818" lon="2.516130"><ele>988.8</ele></trkpt>
      <trkpt lat="42.424747" lon="2.516584"><ele>993.2</ele></trkpt>
      <trkpt lat="42.424741" lon="2.516860"><ele>996.2</ele></trkpt>
      <trkpt lat="42.424828" lon="2.517053"><ele>998.2</ele></trkpt>
      <trkpt lat="42.424929" lon="2.517108"><ele>998.2</ele></trkpt>
      <trkpt lat="42.424990" lon="2.517080"><ele>998.5</ele></trkpt>
      <trkpt lat="42.425087" lon="2.516956"><ele>999.8</ele></trkpt>
      <trkpt lat="42.425166" lon="2.516912"><ele>1000.2</ele></trkpt>
      <trkpt lat="42.425282" lon="2.516884"><ele>1001.2</ele></trkpt>
      <trkpt lat="42.425453" lon="2.516892"><ele>1002.8</ele></trkpt>
      <trkpt lat="42.425880" lon="2.516908"><ele>1004.2</ele></trkpt>
      <trkpt lat="42.426221" lon="2.516936"><ele>1006.8</ele></trkpt>
      <trkpt lat="42.426586" lon="2.517115"><ele>1006.5</ele></trkpt>
      <trkpt lat="42.426775" lon="2.517177"><ele>1006.2</ele></trkpt>
      <trkpt lat="42.427217" lon="2.517177"><ele>1008.2</ele></trkpt>
      <trkpt lat="42.427344" lon="2.517156"><ele>1005.5</ele></trkpt>
      <trkpt lat="42.427466" lon="2.517053"><ele>1005.5</ele></trkpt>
      <trkpt lat="42.427603" lon="2.516722"><ele>1010.2</ele></trkpt>
      <trkpt lat="42.427740" lon="2.516509"><ele>1010.8</ele></trkpt>
      <trkpt lat="42.427827" lon="2.516433"><ele>1012.5</ele></trkpt>
      <trkpt lat="42.427959" lon="2.516481"><ele>1013.5</ele></trkpt>
      <trkpt lat="42.428381" lon="2.516825"><ele>1010.2</ele></trkpt>
      <trkpt lat="42.428792" lon="2.517018"><ele>1016.0</ele></trkpt>
      <trkpt lat="42.429077" lon="2.517280"><ele>1015.8</ele></trkpt>
      <trkpt lat="42.429189" lon="2.517287"><ele>1017.8</ele></trkpt>
      <trkpt lat="42.429306" lon="2.517204"><ele>1016.0</ele></trkpt>
      <trkpt lat="42.429367" lon="2.517066"><ele>1017.0</ele></trkpt>
      <trkpt lat="42.429636" lon="2.516226"><ele>1017.2</ele></trkpt>
      <trkpt lat="42.429733" lon="2.515965"><ele>1017.2</ele></trkpt>
      <trkpt lat="42.429799" lon="2.515903"><ele>1018.0</ele></trkpt>
      <trkpt lat="42.429921" lon="2.515903"><ele>1016.5</ele></trkpt>
      <trkpt lat="42.430148" lon="2.515836"><ele>1013.5</ele></trkpt>
      <trkpt lat="42.430399" lon="2.515648"><ele>1012.5</ele></trkpt>
      <trkpt lat="42.430551" lon="2.515503"><ele>1010.8</ele></trkpt>
      <trkpt lat="42.430637" lon="2.515297"><ele>1011.8</ele></trkpt>
      <trkpt lat="42.430739" lon="2.515097"><ele>1012.0</ele></trkpt>
      <trkpt lat="42.431171" lon="2.514704"><ele>1006.2</ele></trkpt>
      <trkpt lat="42.431273" lon="2.514567"><ele>1005.2</ele></trkpt>
      <trkpt lat="42.431390" lon="2.514312"><ele>1008.5</ele></trkpt>
      <trkpt lat="42.431461" lon="2.514271"><ele>1009.2</ele></trkpt>
      <trkpt lat="42.431672" lon="2.514328"><ele>1002.0</ele></trkpt>
      <trkpt lat="42.432371" lon="2.514374"><ele>997.0</ele></trkpt>
      <trkpt lat="42.432554" lon="2.514401"><ele>994.0</ele></trkpt>
      <trkpt lat="42.432828" lon="2.514326"><ele>993.5</ele></trkpt>
      <trkpt lat="42.432930" lon="2.514367"><ele>992.8</ele></trkpt>
      <trkpt lat="42.433036" lon="2.514505"><ele>988.5</ele></trkpt>
      <trkpt lat="42.433341" lon="2.514698"><ele>988.8</ele></trkpt>
      <trkpt lat="42.433733" lon="2.515021"><ele>983.0</ele></trkpt>
      <trkpt lat="42.433870" lon="2.515111"><ele>982.5</ele></trkpt>
      <trkpt lat="42.434134" lon="2.515131"><ele>980.5</ele></trkpt>
      <trkpt lat="42.434251" lon="2.515090"><ele>978.2</ele></trkpt>
      <trkpt lat="42.434434" lon="2.514849"><ele>978.2</ele></trkpt>
      <trkpt lat="42.434556" lon="2.514732"><ele>976.8</ele></trkpt>
      <trkpt lat="42.434891" lon="2.514518"><ele>969.0</ele></trkpt>
      <trkpt lat="42.434963" lon="2.514429"><ele>967.8</ele></trkpt>
      <trkpt lat="42.434993" lon="2.514250"><ele>967.0</ele></trkpt>
      <trkpt lat="42.434983" lon="2.513981"><ele>967.0</ele></trkpt>
      <trkpt lat="42.434998" lon="2.513720"><ele>965.0</ele></trkpt>
      <trkpt lat="42.435034" lon="2.513603"><ele>964.2</ele></trkpt>
      <trkpt lat="42.435115" lon="2.513541"><ele>965.0</ele></trkpt>
      <trkpt lat="42.435898" lon="2.513548"><ele>958.8</ele></trkpt>
      <trkpt lat="42.436040" lon="2.513534"><ele>957.8</ele></trkpt>
      <trkpt lat="42.436177" lon="2.513403"><ele>958.5</ele></trkpt>
      <trkpt lat="42.436807" lon="2.513004"><ele>949.5</ele></trkpt>
      <trkpt lat="42.436914" lon="2.512866"><ele>948.0</ele></trkpt>
      <trkpt lat="42.437072" lon="2.512480"><ele>946.5</ele></trkpt>
      <trkpt lat="42.437158" lon="2.512253"><ele>943.5</ele></trkpt>
      <trkpt lat="42.437290" lon="2.511847"><ele>939.5</ele></trkpt>
      <trkpt lat="42.437361" lon="2.511537"><ele>936.5</ele></trkpt>
      <trkpt lat="42.437397" lon="2.511310"><ele>936.5</ele></trkpt>
      <trkpt lat="42.437448" lon="2.511206"><ele>937.2</ele></trkpt>
      <trkpt lat="42.437570" lon="2.511124"><ele>936.5</ele></trkpt>
      <trkpt lat="42.437788" lon="2.511000"><ele>936.5</ele></trkpt>
      <trkpt lat="42.438017" lon="2.510710"><ele>936.2</ele></trkpt>
      <trkpt lat="42.438358" lon="2.510380"><ele>930.0</ele></trkpt>
      <trkpt lat="42.438698" lon="2.510098"><ele>927.2</ele></trkpt>
      <trkpt lat="42.438998" lon="2.509932"><ele>918.5</ele></trkpt>
      <trkpt lat="42.439155" lon="2.509795"><ele>914.5</ele></trkpt>
      <trkpt lat="42.439242" lon="2.509657"><ele>913.2</ele></trkpt>
      <trkpt lat="42.439257" lon="2.509519"><ele>917.2</ele></trkpt>
      <trkpt lat="42.439313" lon="2.509368"><ele>917.5</ele></trkpt>
      <trkpt lat="42.439409" lon="2.509306"><ele>912.2</ele></trkpt>
      <trkpt lat="42.439643" lon="2.509319"><ele>911.2</ele></trkpt>
      <trkpt lat="42.439912" lon="2.509257"><ele>909.8</ele></trkpt>
      <trkpt lat="42.440278" lon="2.509154"><ele>905.2</ele></trkpt>
      <trkpt lat="42.440493" lon="2.509215"><ele>898.8</ele></trkpt>
      <trkpt lat="42.440624" lon="2.509347"><ele>897.5</ele></trkpt>
      <trkpt lat="42.440761" lon="2.509540"><ele>900.5</ele></trkpt>
      <trkpt lat="42.440777" lon="2.509691"><ele>901.5</ele></trkpt>
      <trkpt lat="42.440690" lon="2.509898"><ele>902.5</ele></trkpt>
      <trkpt lat="42.440522" lon="2.510187"><ele>900.8</ele></trkpt>
      <trkpt lat="42.439963" lon="2.510807"><ele>898.0</ele></trkpt>
      <trkpt lat="42.439862" lon="2.510958"><ele>897.5</ele></trkpt>
      <trkpt lat="42.439831" lon="2.511165"><ele>900.0</ele></trkpt>
      <trkpt lat="42.439740" lon="2.511688"><ele>900.5</ele></trkpt>
      <trkpt lat="42.439623" lon="2.512026"><ele>902.0</ele></trkpt>
      <trkpt lat="42.439399" lon="2.512274"><ele>897.8</ele></trkpt>
      <trkpt lat="42.439298" lon="2.512707"><ele>898.0</ele></trkpt>
      <trkpt lat="42.439298" lon="2.513196"><ele>897.5</ele></trkpt>
      <trkpt lat="42.439333" lon="2.513300"><ele>897.5</ele></trkpt>
      <trkpt lat="42.439577" lon="2.513534"><ele>898.2</ele></trkpt>
      <trkpt lat="42.439679" lon="2.513699"><ele>896.8</ele></trkpt>
      <trkpt lat="42.439694" lon="2.513809"><ele>894.8</ele></trkpt>
      <trkpt lat="42.439684" lon="2.513919"><ele>893.2</ele></trkpt>
      <trkpt lat="42.439501" lon="2.514284"><ele>893.0</ele></trkpt>
      <trkpt lat="42.439257" lon="2.515105"><ele>892.8</ele></trkpt>
      <trkpt lat="42.439305" lon="2.515169"><ele>894.8</ele></trkpt>
      <trkpt lat="42.439287" lon="2.515273"><ele>895.2</ele></trkpt>
      <trkpt lat="42.439087" lon="2.515648"><ele>897.2</ele></trkpt>
      <trkpt lat="42.438881" lon="2.515943"><ele>899.2</ele></trkpt>
      <trkpt lat="42.438728" lon="2.516254"><ele>903.0</ele></trkpt>
      <trkpt lat="42.438569" lon="2.516645"><ele>907.2</ele></trkpt>
      <trkpt lat="42.438386" lon="2.517013"><ele>909.8</ele></trkpt>
      <trkpt lat="42.438315" lon="2.517228"><ele>911.0</ele></trkpt>
      <trkpt lat="42.438292" lon="2.517436"><ele>913.2</ele></trkpt>
      <trkpt lat="42.438313" lon="2.517628"><ele>915.5</ele></trkpt>
      <trkpt lat="42.438388" lon="2.517887"><ele>919.2</ele></trkpt>
      <trkpt lat="42.438413" lon="2.518124"><ele>920.0</ele></trkpt>
      <trkpt lat="42.438467" lon="2.518818"><ele>925.0</ele></trkpt>
      <trkpt lat="42.438496" lon="2.519044"><ele>927.2</ele></trkpt>
      <trkpt lat="42.438475" lon="2.519242"><ele>928.0</ele></trkpt>
      <trkpt lat="42.438413" lon="2.519394"><ele>929.0</ele></trkpt>
      <trkpt lat="42.438321" lon="2.519513"><ele>928.8</ele></trkpt>
      <trkpt lat="42.438279" lon="2.519648"><ele>930.5</ele></trkpt>
      <trkpt lat="42.438275" lon="2.519846"><ele>934.0</ele></trkpt>
      <trkpt lat="42.438304" lon="2.520263"><ele>937.0</ele></trkpt>
      <trkpt lat="42.438288" lon="2.520382"><ele>939.2</ele></trkpt>
      <trkpt lat="42.438196" lon="2.520478"><ele>939.0</ele></trkpt>
      <trkpt lat="42.437913" lon="2.520630"><ele>938.8</ele></trkpt>
      <trkpt lat="42.437600" lon="2.520884"><ele>943.0</ele></trkpt>
      <trkpt lat="42.437434" lon="2.521053"><ele>945.2</ele></trkpt>
      <trkpt lat="42.437142" lon="2.521460"><ele>948.0</ele></trkpt>
      <trkpt lat="42.437063" lon="2.521590"><ele>947.8</ele></trkpt>
      <trkpt lat="42.437063" lon="2.521697"><ele>949.0</ele></trkpt>
      <trkpt lat="42.437151" lon="2.521979"><ele>952.8</ele></trkpt>
      <trkpt lat="42.437363" lon="2.523198"><ele>961.8</ele></trkpt>
      <trkpt lat="42.437463" lon="2.523565"><ele>965.8</ele></trkpt>
      <trkpt lat="42.437500" lon="2.523836"><ele>966.2</ele></trkpt>
      <trkpt lat="42.437505" lon="2.523949"><ele>968.0</ele></trkpt>
      <trkpt lat="42.437480" lon="2.524084"><ele>970.2</ele></trkpt>
      <trkpt lat="42.437167" lon="2.524790"><ele>974.8</ele></trkpt>
      <trkpt lat="42.436980" lon="2.525173"><ele>977.8</ele></trkpt>
      <trkpt lat="42.436901" lon="2.525512"><ele>981.5</ele></trkpt>
      <trkpt lat="42.436901" lon="2.525839"><ele>985.0</ele></trkpt>
      <trkpt lat="42.436855" lon="2.526178"><ele>986.5</ele></trkpt>
      <trkpt lat="42.436859" lon="2.526596"><ele>989.2</ele></trkpt>
      <trkpt lat="42.436905" lon="2.527583"><ele>996.0</ele></trkpt>
      <trkpt lat="42.436955" lon="2.527871"><ele>998.8</ele></trkpt>
      <trkpt lat="42.437142" lon="2.528650"><ele>1004.8</ele></trkpt>
      <trkpt lat="42.437176" lon="2.528983"><ele>1006.5</ele></trkpt>
      <trkpt lat="42.437230" lon="2.529282"><ele>1008.5</ele></trkpt>
      <trkpt lat="42.437334" lon="2.529559"><ele>1009.8</ele></trkpt>
      <trkpt lat="42.437484" lon="2.529807"><ele>1011.8</ele></trkpt>
      <trkpt lat="42.437584" lon="2.529875"><ele>1011.8</ele></trkpt>
      <trkpt lat="42.437655" lon="2.529858"><ele>1012.0</ele></trkpt>
      <trkpt lat="42.437687" lon="2.529791"><ele>1013.5</ele></trkpt>
      <trkpt lat="42.438050" lon="2.529643"><ele>1016.2</ele></trkpt>
      <trkpt lat="42.438254" lon="2.529491"><ele>1017.8</ele></trkpt>
      <trkpt lat="42.438799" lon="2.528983"><ele>1022.8</ele></trkpt>
      <trkpt lat="42.439064" lon="2.528679"><ele>1025.0</ele></trkpt>
      <trkpt lat="42.439288" lon="2.528408"><ele>1027.2</ele></trkpt>
      <trkpt lat="42.439494" lon="2.528248"><ele>1029.0</ele></trkpt>
      <trkpt lat="42.439730" lon="2.528089"><ele>1030.8</ele></trkpt>
      <trkpt lat="42.440036" lon="2.527722"><ele>1031.8</ele></trkpt>
      <trkpt lat="42.440148" lon="2.527474"><ele>1038.8</ele></trkpt>
      <trkpt lat="42.440219" lon="2.527434"><ele>1037.5</ele></trkpt>
      <trkpt lat="42.440325" lon="2.527474"><ele>1036.0</ele></trkpt>
      <trkpt lat="42.440454" lon="2.527642"><ele>1037.0</ele></trkpt>
      <trkpt lat="42.440708" lon="2.527905"><ele>1041.5</ele></trkpt>
      <trkpt lat="42.441008" lon="2.528264"><ele>1045.5</ele></trkpt>
      <trkpt lat="42.441161" lon="2.528576"><ele>1045.5</ele></trkpt>
      <trkpt lat="42.441255" lon="2.528751"><ele>1044.2</ele></trkpt>
      <trkpt lat="42.441397" lon="2.528791"><ele>1048.8</ele></trkpt>
      <trkpt lat="42.441897" lon="2.528743"><ele>1051.8</ele></trkpt>
      <trkpt lat="42.442174" lon="2.528632"><ele>1053.5</ele></trkpt>
      <trkpt lat="42.442563" lon="2.528368"><ele>1057.8</ele></trkpt>
      <trkpt lat="42.442934" lon="2.528232"><ele>1060.0</ele></trkpt>
      <trkpt lat="42.443069" lon="2.528264"><ele>1058.5</ele></trkpt>
      <trkpt lat="42.443252" lon="2.528408"><ele>1059.2</ele></trkpt>
      <trkpt lat="42.443446" lon="2.528576"><ele>1063.2</ele></trkpt>
      <trkpt lat="42.443635" lon="2.528799"><ele>1063.8</ele></trkpt>
      <trkpt lat="42.443776" lon="2.528815"><ele>1065.0</ele></trkpt>
      <trkpt lat="42.444271" lon="2.528807"><ele>1068.2</ele></trkpt>
      <trkpt lat="42.444518" lon="2.528735"><ele>1071.5</ele></trkpt>
      <trkpt lat="42.444719" lon="2.528695"><ele>1073.2</ele></trkpt>
      <trkpt lat="42.445231" lon="2.528440"><ele>1077.0</ele></trkpt>
      <trkpt lat="42.445473" lon="2.528240"><ele>1082.2</ele></trkpt>
      <trkpt lat="42.445614" lon="2.528153"><ele>1085.5</ele></trkpt>
      <trkpt lat="42.445732" lon="2.528224"><ele>1084.0</ele></trkpt>
      <trkpt lat="42.445826" lon="2.528360"><ele>1081.5</ele></trkpt>
      <trkpt lat="42.445944" lon="2.528392"><ele>1084.8</ele></trkpt>
      <trkpt lat="42.446079" lon="2.528472"><ele>1087.0</ele></trkpt>
      <trkpt lat="42.446238" lon="2.528751"><ele>1088.2</ele></trkpt>
      <trkpt lat="42.446391" lon="2.529118"><ele>1087.5</ele></trkpt>
      <trkpt lat="42.446515" lon="2.529270"><ele>1088.8</ele></trkpt>
      <trkpt lat="42.446810" lon="2.529502"><ele>1092.8</ele></trkpt>
      <trkpt lat="42.446998" lon="2.529765"><ele>1094.8</ele></trkpt>
      <trkpt lat="42.447186" lon="2.530068"><ele>1096.5</ele></trkpt>
      <trkpt lat="42.447357" lon="2.530379"><ele>1096.2</ele></trkpt>
      <trkpt lat="42.447493" lon="2.530555"><ele>1098.5</ele></trkpt>
      <trkpt lat="42.447728" lon="2.530699"><ele>1100.8</ele></trkpt>
      <trkpt lat="42.447876" lon="2.530707"><ele>1102.8</ele></trkpt>
      <trkpt lat="42.448105" lon="2.530699"><ele>1104.5</ele></trkpt>
      <trkpt lat="42.448470" lon="2.530723"><ele>1106.0</ele></trkpt>
      <trkpt lat="42.449006" lon="2.530659"><ele>1110.5</ele></trkpt>
      <trkpt lat="42.449201" lon="2.530579"><ele>1113.5</ele></trkpt>
      <trkpt lat="42.449578" lon="2.530379"><ele>1117.5</ele></trkpt>
      <trkpt lat="42.449954" lon="2.530228"><ele>1119.2</ele></trkpt>
      <trkpt lat="42.450167" lon="2.530052"><ele>1120.8</ele></trkpt>
      <trkpt lat="42.450302" lon="2.529901"><ele>1122.8</ele></trkpt>
      <trkpt lat="42.450349" lon="2.529813"><ele>1124.2</ele></trkpt>
      <trkpt lat="42.450560" lon="2.529569"><ele>1127.0</ele></trkpt>
      <trkpt lat="42.451118" lon="2.529355"><ele>1130.5</ele></trkpt>
      <trkpt lat="42.451359" lon="2.529118"><ele>1130.0</ele></trkpt>
      <trkpt lat="42.451509" lon="2.528779"><ele>1135.0</ele></trkpt>
      <trkpt lat="42.451643" lon="2.528621"><ele>1133.8</ele></trkpt>
      <trkpt lat="42.451734" lon="2.528644"><ele>1135.0</ele></trkpt>
      <trkpt lat="42.451776" lon="2.528745"><ele>1135.8</ele></trkpt>
      <trkpt lat="42.451784" lon="2.529580"><ele>1135.8</ele></trkpt>
      <trkpt lat="42.451718" lon="2.530043"><ele>1138.5</ele></trkpt>
      <trkpt lat="42.451650" lon="2.530393"><ele>1138.5</ele></trkpt>
      <trkpt lat="42.451668" lon="2.530489"><ele>1139.2</ele></trkpt>
      <trkpt lat="42.451762" lon="2.530648"><ele>1141.2</ele></trkpt>
      <trkpt lat="42.451868" lon="2.530760"><ele>1144.8</ele></trkpt>
      <trkpt lat="42.451991" lon="2.531080"><ele>1145.5</ele></trkpt>
      <trkpt lat="42.452068" lon="2.531407"><ele>1144.0</ele></trkpt>
      <trkpt lat="42.452168" lon="2.531550"><ele>1145.5</ele></trkpt>
      <trkpt lat="42.452298" lon="2.531638"><ele>1149.8</ele></trkpt>
      <trkpt lat="42.452351" lon="2.531710"><ele>1152.0</ele></trkpt>
      <trkpt lat="42.452345" lon="2.531822"><ele>1152.2</ele></trkpt>
      <trkpt lat="42.452292" lon="2.531878"><ele>1150.5</ele></trkpt>
      <trkpt lat="42.452174" lon="2.531942"><ele>1147.2</ele></trkpt>
      <trkpt lat="42.452080" lon="2.532125"><ele>1150.8</ele></trkpt>
      <trkpt lat="42.451897" lon="2.532572"><ele>1156.2</ele></trkpt>
      <trkpt lat="42.451809" lon="2.532636"><ele>1156.5</ele></trkpt>
      <trkpt lat="42.451744" lon="2.532604"><ele>1154.8</ele></trkpt>
      <trkpt lat="42.451709" lon="2.532468"><ele>1152.8</ele></trkpt>
      <trkpt lat="42.451685" lon="2.532253"><ele>1151.0</ele></trkpt>
      <trkpt lat="42.451615" lon="2.532157"><ele>1150.0</ele></trkpt>
      <trkpt lat="42.451485" lon="2.532141"><ele>1152.5</ele></trkpt>
      <trkpt lat="42.451132" lon="2.532173"><ele>1157.0</ele></trkpt>
      <trkpt lat="42.451026" lon="2.532269"><ele>1158.2</ele></trkpt>
      <trkpt lat="42.450560" lon="2.532899"><ele>1165.0</ele></trkpt>
      <trkpt lat="42.450195" lon="2.533426"><ele>1169.5</ele></trkpt>
      <trkpt lat="42.449848" lon="2.533729"><ele>1169.2</ele></trkpt>
      <trkpt lat="42.449777" lon="2.533857"><ele>1171.5</ele></trkpt>
      <trkpt lat="42.449701" lon="2.534112"><ele>1173.2</ele></trkpt>
      <trkpt lat="42.449606" lon="2.534575"><ele>1176.2</ele></trkpt>
      <trkpt lat="42.449494" lon="2.534982"><ele>1178.5</ele></trkpt>
      <trkpt lat="42.449271" lon="2.535605"><ele>1183.0</ele></trkpt>
      <trkpt lat="42.449088" lon="2.536140"><ele>1187.5</ele></trkpt>
      <trkpt lat="42.449006" lon="2.536260"><ele>1188.2</ele></trkpt>
      <trkpt lat="42.448800" lon="2.536467"><ele>1190.0</ele></trkpt>
      <trkpt lat="42.448493" lon="2.536722"><ele>1192.5</ele></trkpt>
      <trkpt lat="42.448228" lon="2.537058"><ele>1195.5</ele></trkpt>
      <trkpt lat="42.448024" lon="2.537384"><ele>1199.0</ele></trkpt>
      <trkpt lat="42.447816" lon="2.537520"><ele>1200.8</ele></trkpt>
      <trkpt lat="42.447574" lon="2.537542"><ele>1201.5</ele></trkpt>
      <trkpt lat="42.447391" lon="2.537689"><ele>1203.0</ele></trkpt>
      <trkpt lat="42.447258" lon="2.537971"><ele>1205.5</ele></trkpt>
      <trkpt lat="42.447208" lon="2.538457"><ele>1208.5</ele></trkpt>
      <trkpt lat="42.447233" lon="2.538829"><ele>1211.0</ele></trkpt>
      <trkpt lat="42.447291" lon="2.539066"><ele>1211.8</ele></trkpt>
      <trkpt lat="42.447441" lon="2.539247"><ele>1213.5</ele></trkpt>
      <trkpt lat="42.447716" lon="2.539484"><ele>1217.5</ele></trkpt>
      <trkpt lat="42.447891" lon="2.539665"><ele>1218.2</ele></trkpt>
      <trkpt lat="42.448440" lon="2.540048"><ele>1222.5</ele></trkpt>
      <trkpt lat="42.448607" lon="2.540093"><ele>1224.8</ele></trkpt>
      <trkpt lat="42.448757" lon="2.540048"><ele>1225.2</ele></trkpt>
      <trkpt lat="42.448890" lon="2.539969"><ele>1227.0</ele></trkpt>
      <trkpt lat="42.449290" lon="2.539947"><ele>1230.0</ele></trkpt>
      <trkpt lat="42.449531" lon="2.539868"><ele>1233.5</ele></trkpt>
      <trkpt lat="42.449881" lon="2.539868"><ele>1236.0</ele></trkpt>
      <trkpt lat="42.450114" lon="2.539981"><ele>1236.5</ele></trkpt>
      <trkpt lat="42.450448" lon="2.540274"><ele>1238.5</ele></trkpt>
      <trkpt lat="42.450656" lon="2.540500"><ele>1241.5</ele></trkpt>
      <trkpt lat="42.450814" lon="2.540782"><ele>1242.0</ele></trkpt>
      <trkpt lat="42.451043" lon="2.541142"><ele>1243.5</ele></trkpt>
      <trkpt lat="42.451249" lon="2.541301"><ele>1247.0</ele></trkpt>
      <trkpt lat="42.451390" lon="2.541453"><ele>1247.8</ele></trkpt>
      <trkpt lat="42.451526" lon="2.541724"><ele>1250.2</ele></trkpt>
      <trkpt lat="42.451549" lon="2.542036"><ele>1251.0</ele></trkpt>
      <trkpt lat="42.451402" lon="2.542578"><ele>1251.8</ele></trkpt>
      <trkpt lat="42.451396" lon="2.542762"><ele>1253.0</ele></trkpt>
      <trkpt lat="42.451456" lon="2.542896"><ele>1254.8</ele></trkpt>
      <trkpt lat="42.451456" lon="2.543184"><ele>1254.5</ele></trkpt>
      <trkpt lat="42.451521" lon="2.543375"><ele>1255.5</ele></trkpt>
      <trkpt lat="42.451633" lon="2.543559"><ele>1256.5</ele></trkpt>
      <trkpt lat="42.451692" lon="2.543795"><ele>1256.8</ele></trkpt>
      <trkpt lat="42.451698" lon="2.543970"><ele>1257.2</ele></trkpt>
      <trkpt lat="42.451633" lon="2.544186"><ele>1256.5</ele></trkpt>
      <trkpt lat="42.451557" lon="2.544361"><ele>1256.2</ele></trkpt>
      <trkpt lat="42.451545" lon="2.544561"><ele>1256.2</ele></trkpt>
      <trkpt lat="42.451551" lon="2.544856"><ele>1257.2</ele></trkpt>
      <trkpt lat="42.451474" lon="2.545191"><ele>1256.5</ele></trkpt>
      <trkpt lat="42.451292" lon="2.545686"><ele>1253.2</ele></trkpt>
      <trkpt lat="42.451174" lon="2.546157"><ele>1255.0</ele></trkpt>
      <trkpt lat="42.451086" lon="2.546652"><ele>1254.0</ele></trkpt>
      <trkpt lat="42.451192" lon="2.547410"><ele>1252.5</ele></trkpt>
      <trkpt lat="42.451197" lon="2.547658"><ele>1251.2</ele></trkpt>
      <trkpt lat="42.451249" lon="2.547843"><ele>1250.5</ele></trkpt>
      <trkpt lat="42.451368" lon="2.547969"><ele>1249.8</ele></trkpt>
      <trkpt lat="42.452234" lon="2.548488"><ele>1242.5</ele></trkpt>
      <trkpt lat="42.452440" lon="2.548639"><ele>1240.0</ele></trkpt>
      <trkpt lat="42.454090" lon="2.549134"><ele>1226.2</ele></trkpt>
      <trkpt lat="42.454432" lon="2.549123"><ele>1223.5</ele></trkpt>
      <trkpt lat="42.454832" lon="2.549123"><ele>1221.8</ele></trkpt>
      <trkpt lat="42.454898" lon="2.549196"><ele>1220.5</ele></trkpt>
      <trkpt lat="42.454936" lon="2.549411"><ele>1217.2</ele></trkpt>
      <trkpt lat="42.454969" lon="2.549840"><ele>1213.8</ele></trkpt>
      <trkpt lat="42.455002" lon="2.550077"><ele>1211.8</ele></trkpt>
      <trkpt lat="42.455127" lon="2.550319"><ele>1211.0</ele></trkpt>
      <trkpt lat="42.455352" lon="2.550624"><ele>1208.8</ele></trkpt>
      <trkpt lat="42.455544" lon="2.550923"><ele>1206.8</ele></trkpt>
      <trkpt lat="42.455656" lon="2.551160"><ele>1204.0</ele></trkpt>
      <trkpt lat="42.455923" lon="2.551510"><ele>1201.2</ele></trkpt>
      <trkpt lat="42.456201" lon="2.551764"><ele>1198.0</ele></trkpt>
      <trkpt lat="42.456414" lon="2.551866"><ele>1196.8</ele></trkpt>
      <trkpt lat="42.456508" lon="2.551870"><ele>1196.8</ele></trkpt>
      <trkpt lat="42.456672" lon="2.551855"><ele>1196.8</ele></trkpt>
      <trkpt lat="42.457101" lon="2.551555"><ele>1197.8</ele></trkpt>
      <trkpt lat="42.457480" lon="2.551358"><ele>1197.2</ele></trkpt>
      <trkpt lat="42.457667" lon="2.551341"><ele>1197.2</ele></trkpt>
      <trkpt lat="42.457842" lon="2.551538"><ele>1196.2</ele></trkpt>
      <trkpt lat="42.458121" lon="2.551939"><ele>1199.5</ele></trkpt>
      <trkpt lat="42.458308" lon="2.552131"><ele>1198.5</ele></trkpt>
      <trkpt lat="42.458587" lon="2.552329"><ele>1198.8</ele></trkpt>
      <trkpt lat="42.458821" lon="2.552402"><ele>1198.2</ele></trkpt>
      <trkpt lat="42.459008" lon="2.552385"><ele>1198.2</ele></trkpt>
      <trkpt lat="42.459299" lon="2.552272"><ele>1200.2</ele></trkpt>
      <trkpt lat="42.459495" lon="2.552289"><ele>1199.8</ele></trkpt>
      <trkpt lat="42.459791" lon="2.552340"><ele>1200.5</ele></trkpt>
      <trkpt lat="42.460045" lon="2.552594"><ele>1198.5</ele></trkpt>
      <trkpt lat="42.460261" lon="2.552763"><ele>1199.0</ele></trkpt>
      <trkpt lat="42.460445" lon="2.552882"><ele>1201.2</ele></trkpt>
      <trkpt lat="42.460578" lon="2.553074"><ele>1199.5</ele></trkpt>
      <trkpt lat="42.460753" lon="2.553373"><ele>1199.5</ele></trkpt>
      <trkpt lat="42.460961" lon="2.553548"><ele>1199.5</ele></trkpt>
      <trkpt lat="42.461240" lon="2.553683"><ele>1199.2</ele></trkpt>
      <trkpt lat="42.461373" lon="2.553711"><ele>1199.8</ele></trkpt>
      <trkpt lat="42.461664" lon="2.553632"><ele>1201.2</ele></trkpt>
      <trkpt lat="42.461864" lon="2.553553"><ele>1203.2</ele></trkpt>
      <trkpt lat="42.461960" lon="2.553576"><ele>1202.8</ele></trkpt>
      <trkpt lat="42.462039" lon="2.553728"><ele>1201.5</ele></trkpt>
      <trkpt lat="42.462106" lon="2.554022"><ele>1200.5</ele></trkpt>
      <trkpt lat="42.462102" lon="2.554248"><ele>1200.0</ele></trkpt>
      <trkpt lat="42.462031" lon="2.554575"><ele>1198.8</ele></trkpt>
      <trkpt lat="42.462018" lon="2.554925"><ele>1199.2</ele></trkpt>
      <trkpt lat="42.462018" lon="2.555117"><ele>1199.0</ele></trkpt>
      <trkpt lat="42.462060" lon="2.555337"><ele>1200.2</ele></trkpt>
      <trkpt lat="42.462160" lon="2.555523"><ele>1201.5</ele></trkpt>
      <trkpt lat="42.462235" lon="2.555608"><ele>1201.5</ele></trkpt>
      <trkpt lat="42.462306" lon="2.555608"><ele>1202.2</ele></trkpt>
      <trkpt lat="42.462481" lon="2.555534"><ele>1205.0</ele></trkpt>
      <trkpt lat="42.463088" lon="2.555218"><ele>1212.8</ele></trkpt>
      <trkpt lat="42.463317" lon="2.555117"><ele>1214.5</ele></trkpt>
      <trkpt lat="42.463426" lon="2.554959"><ele>1217.0</ele></trkpt>
      <trkpt lat="42.463584" lon="2.554507"><ele>1220.0</ele></trkpt>
      <trkpt lat="42.463625" lon="2.554291"><ele>1220.5</ele></trkpt>
      <trkpt lat="42.463742" lon="2.554123"><ele>1221.0</ele></trkpt>
      <trkpt lat="42.464017" lon="2.553677"><ele>1219.0</ele></trkpt>
      <trkpt lat="42.464042" lon="2.553491"><ele>1218.8</ele></trkpt>
      <trkpt lat="42.464187" lon="2.553319"><ele>1215.8</ele></trkpt>
      <trkpt lat="42.464499" lon="2.553016"><ele>1211.8</ele></trkpt>
      <trkpt lat="42.464585" lon="2.552892"><ele>1210.8</ele></trkpt>
      <trkpt lat="42.464664" lon="2.552777"><ele>1209.2</ele></trkpt>
      <trkpt lat="42.464888" lon="2.552274"><ele>1205.0</ele></trkpt>
      <trkpt lat="42.465151" lon="2.551885"><ele>1201.2</ele></trkpt>
      <trkpt lat="42.465676" lon="2.551462"><ele>1193.0</ele></trkpt>
      <trkpt lat="42.466158" lon="2.551166"><ele>1186.0</ele></trkpt>
      <trkpt lat="42.466688" lon="2.550759"><ele>1179.5</ele></trkpt>
      <trkpt lat="42.467100" lon="2.550376"><ele>1174.0</ele></trkpt>
      <trkpt lat="42.467312" lon="2.550145"><ele>1171.0</ele></trkpt>
      <trkpt lat="42.467401" lon="2.550089"><ele>1169.5</ele></trkpt>
      <trkpt lat="42.467477" lon="2.549841"><ele>1168.0</ele></trkpt>
      <trkpt lat="42.467566" lon="2.549426"><ele>1164.8</ele></trkpt>
      <trkpt lat="42.467760" lon="2.548836"><ele>1158.5</ele></trkpt>
      <trkpt lat="42.467978" lon="2.548062"><ele>1152.5</ele></trkpt>
      <trkpt lat="42.468019" lon="2.547686"><ele>1150.0</ele></trkpt>
      <trkpt lat="42.468084" lon="2.547407"><ele>1145.8</ele></trkpt>
      <trkpt lat="42.468095" lon="2.546697"><ele>1140.5</ele></trkpt>
      <trkpt lat="42.468113" lon="2.546138"><ele>1136.2</ele></trkpt>
      <trkpt lat="42.468042" lon="2.545843"><ele>1134.5</ele></trkpt>
      <trkpt lat="42.468078" lon="2.545771"><ele>1132.5</ele></trkpt>
      <trkpt lat="42.468148" lon="2.545787"><ele>1131.2</ele></trkpt>
      <trkpt lat="42.468190" lon="2.545867"><ele>1131.2</ele></trkpt>
      <trkpt lat="42.468319" lon="2.546354"><ele>1128.8</ele></trkpt>
      <trkpt lat="42.468525" lon="2.547080"><ele>1122.8</ele></trkpt>
      <trkpt lat="42.468537" lon="2.547263"><ele>1122.5</ele></trkpt>
      <trkpt lat="42.468602" lon="2.547463"><ele>1120.2</ele></trkpt>
      <trkpt lat="42.468690" lon="2.547591"><ele>1119.2</ele></trkpt>
      <trkpt lat="42.468914" lon="2.547734"><ele>1114.8</ele></trkpt>
      <trkpt lat="42.469137" lon="2.548006"><ele>1110.5</ele></trkpt>
      <trkpt lat="42.469556" lon="2.548804"><ele>1104.2</ele></trkpt>
      <trkpt lat="42.469608" lon="2.549043"><ele>1104.2</ele></trkpt>
      <trkpt lat="42.469662" lon="2.549115"><ele>1103.2</ele></trkpt>
      <trkpt lat="42.469726" lon="2.549091"><ele>1101.8</ele></trkpt>
      <trkpt lat="42.469744" lon="2.549011"><ele>1101.2</ele></trkpt>
      <trkpt lat="42.469703" lon="2.548812"><ele>1101.5</ele></trkpt>
      <trkpt lat="42.469650" lon="2.547982"><ele>1095.8</ele></trkpt>
      <trkpt lat="42.469599" lon="2.547676"><ele>1093.5</ele></trkpt>
      <trkpt lat="42.469487" lon="2.547420"><ele>1092.2</ele></trkpt>
      <trkpt lat="42.469451" lon="2.547197"><ele>1090.0</ele></trkpt>
      <trkpt lat="42.469493" lon="2.546925"><ele>1090.2</ele></trkpt>
      <trkpt lat="42.469593" lon="2.546582"><ele>1086.5</ele></trkpt>
      <trkpt lat="42.469605" lon="2.546415"><ele>1085.0</ele></trkpt>
      <trkpt lat="42.469569" lon="2.546024"><ele>1082.8</ele></trkpt>
      <trkpt lat="42.469587" lon="2.545561"><ele>1078.8</ele></trkpt>
      <trkpt lat="42.469589" lon="2.545125"><ele>1073.5</ele></trkpt>
      <trkpt lat="42.469551" lon="2.545006"><ele>1073.0</ele></trkpt>
      <trkpt lat="42.469410" lon="2.544747"><ele>1072.8</ele></trkpt>
      <trkpt lat="42.469418" lon="2.544639"><ele>1069.5</ele></trkpt>
      <trkpt lat="42.469464" lon="2.544605"><ele>1067.2</ele></trkpt>
      <trkpt lat="42.469530" lon="2.544662"><ele>1066.0</ele></trkpt>
      <trkpt lat="42.469726" lon="2.545051"><ele>1065.5</ele></trkpt>
      <trkpt lat="42.469863" lon="2.545175"><ele>1062.5</ele></trkpt>
      <trkpt lat="42.469988" lon="2.545333"><ele>1060.8</ele></trkpt>
      <trkpt lat="42.470030" lon="2.545486"><ele>1060.0</ele></trkpt>
      <trkpt lat="42.470101" lon="2.545672"><ele>1059.2</ele></trkpt>
      <trkpt lat="42.470217" lon="2.545898"><ele>1057.5</ele></trkpt>
      <trkpt lat="42.470288" lon="2.546090"><ele>1055.2</ele></trkpt>
      <trkpt lat="42.470305" lon="2.546231"><ele>1054.8</ele></trkpt>
      <trkpt lat="42.470309" lon="2.546389"><ele>1054.8</ele></trkpt>
      <trkpt lat="42.470288" lon="2.546654"><ele>1054.8</ele></trkpt>
      <trkpt lat="42.470305" lon="2.546795"><ele>1054.8</ele></trkpt>
      <trkpt lat="42.470363" lon="2.546897"><ele>1053.8</ele></trkpt>
      <trkpt lat="42.470484" lon="2.546987"><ele>1052.2</ele></trkpt>
      <trkpt lat="42.470889" lon="2.547089"><ele>1046.0</ele></trkpt>
      <trkpt lat="42.471025" lon="2.547196"><ele>1044.0</ele></trkpt>
      <trkpt lat="42.471117" lon="2.547433"><ele>1042.5</ele></trkpt>
      <trkpt lat="42.471204" lon="2.547800"><ele>1040.2</ele></trkpt>
      <trkpt lat="42.471358" lon="2.548748"><ele>1034.5</ele></trkpt>
      <trkpt lat="42.471337" lon="2.548985"><ele>1032.8</ele></trkpt>
      <trkpt lat="42.471229" lon="2.549245"><ele>1031.5</ele></trkpt>
      <trkpt lat="42.470858" lon="2.549984"><ele>1025.5</ele></trkpt>
      <trkpt lat="42.470763" lon="2.550193"><ele>1025.0</ele></trkpt>
      <trkpt lat="42.470625" lon="2.550492"><ele>1021.8</ele></trkpt>
      <trkpt lat="42.470571" lon="2.550689"><ele>1020.5</ele></trkpt>
      <trkpt lat="42.470609" lon="2.550791"><ele>1019.2</ele></trkpt>
      <trkpt lat="42.470684" lon="2.550859"><ele>1019.0</ele></trkpt>
      <trkpt lat="42.471157" lon="2.550945"><ele>1014.8</ele></trkpt>
      <trkpt lat="42.471369" lon="2.551080"><ele>1012.8</ele></trkpt>
      <trkpt lat="42.471760" lon="2.551424"><ele>1010.2</ele></trkpt>
      <trkpt lat="42.472013" lon="2.551659"><ele>1009.5</ele></trkpt>
      <trkpt lat="42.472346" lon="2.551862"><ele>1007.5</ele></trkpt>
      <trkpt lat="42.472463" lon="2.552015"><ele>1007.8</ele></trkpt>
      <trkpt lat="42.472476" lon="2.552178"><ele>1009.5</ele></trkpt>
      <trkpt lat="42.472455" lon="2.552302"><ele>1010.0</ele></trkpt>
      <trkpt lat="42.472272" lon="2.552748"><ele>1010.0</ele></trkpt>
      <trkpt lat="42.472217" lon="2.552923"><ele>1010.2</ele></trkpt>
      <trkpt lat="42.472213" lon="2.553053"><ele>1009.5</ele></trkpt>
      <trkpt lat="42.472276" lon="2.553301"><ele>1011.2</ele></trkpt>
      <trkpt lat="42.472413" lon="2.553505"><ele>1011.8</ele></trkpt>
      <trkpt lat="42.472746" lon="2.553787"><ele>1007.5</ele></trkpt>
      <trkpt lat="42.472821" lon="2.553933"><ele>1006.8</ele></trkpt>
      <trkpt lat="42.472825" lon="2.554142"><ele>1008.2</ele></trkpt>
      <trkpt lat="42.472813" lon="2.554537"><ele>1008.0</ele></trkpt>
      <trkpt lat="42.472846" lon="2.554678"><ele>1007.2</ele></trkpt>
      <trkpt lat="42.472925" lon="2.554791"><ele>1008.0</ele></trkpt>
      <trkpt lat="42.473300" lon="2.555045"><ele>1005.8</ele></trkpt>
      <trkpt lat="42.473404" lon="2.555203"><ele>1005.5</ele></trkpt>
      <trkpt lat="42.473487" lon="2.555390"><ele>1004.8</ele></trkpt>
      <trkpt lat="42.473541" lon="2.555689"><ele>1005.0</ele></trkpt>
      <trkpt lat="42.473600" lon="2.555898"><ele>1002.2</ele></trkpt>
      <trkpt lat="42.473687" lon="2.556050"><ele>1001.2</ele></trkpt>
      <trkpt lat="42.473799" lon="2.556101"><ele>1000.8</ele></trkpt>
      <trkpt lat="42.474166" lon="2.556095"><ele>995.2</ele></trkpt>
      <trkpt lat="42.474291" lon="2.556191"><ele>992.8</ele></trkpt>
      <trkpt lat="42.474365" lon="2.556394"><ele>992.8</ele></trkpt>
      <trkpt lat="42.474353" lon="2.556558"><ele>992.0</ele></trkpt>
      <trkpt lat="42.474261" lon="2.557043"><ele>988.5</ele></trkpt>
      <trkpt lat="42.474157" lon="2.557359"><ele>987.2</ele></trkpt>
      <trkpt lat="42.473970" lon="2.557749"><ele>986.2</ele></trkpt>
      <trkpt lat="42.473899" lon="2.558008"><ele>983.5</ele></trkpt>
      <trkpt lat="42.473866" lon="2.558257"><ele>982.5</ele></trkpt>
      <trkpt lat="42.473883" lon="2.558449"><ele>980.2</ele></trkpt>
      <trkpt lat="42.473957" lon="2.558629"><ele>977.5</ele></trkpt>
      <trkpt lat="42.474257" lon="2.559154"><ele>973.2</ele></trkpt>
      <trkpt lat="42.474503" lon="2.559730"><ele>969.8</ele></trkpt>
      <trkpt lat="42.474636" lon="2.559910"><ele>968.8</ele></trkpt>
      <trkpt lat="42.474753" lon="2.559944"><ele>967.2</ele></trkpt>
      <trkpt lat="42.475123" lon="2.559769"><ele>964.5</ele></trkpt>
      <trkpt lat="42.475381" lon="2.559724"><ele>962.5</ele></trkpt>
      <trkpt lat="42.475556" lon="2.559747"><ele>962.5</ele></trkpt>
      <trkpt lat="42.475793" lon="2.559848"><ele>958.5</ele></trkpt>
      <trkpt lat="42.476255" lon="2.560311"><ele>959.2</ele></trkpt>
      <trkpt lat="42.476363" lon="2.560350"><ele>959.0</ele></trkpt>
      <trkpt lat="42.476518" lon="2.560334"><ele>957.8</ele></trkpt>
      <trkpt lat="42.476842" lon="2.560238"><ele>950.8</ele></trkpt>
      <trkpt lat="42.476921" lon="2.560260"><ele>951.0</ele></trkpt>
      <trkpt lat="42.477038" lon="2.560384"><ele>948.2</ele></trkpt>
      <trkpt lat="42.477275" lon="2.560791"><ele>946.0</ele></trkpt>
      <trkpt lat="42.477458" lon="2.561141"><ele>948.0</ele></trkpt>
      <trkpt lat="42.477579" lon="2.561287"><ele>943.0</ele></trkpt>
      <trkpt lat="42.477625" lon="2.561440"><ele>943.5</ele></trkpt>
      <trkpt lat="42.477687" lon="2.561609"><ele>943.8</ele></trkpt>
      <trkpt lat="42.477758" lon="2.561739"><ele>941.8</ele></trkpt>
      <trkpt lat="42.477766" lon="2.561852"><ele>942.5</ele></trkpt>
      <trkpt lat="42.477741" lon="2.561993"><ele>943.5</ele></trkpt>
      <trkpt lat="42.477383" lon="2.562631"><ele>938.8</ele></trkpt>
      <trkpt lat="42.477105" lon="2.563246"><ele>930.8</ele></trkpt>
      <trkpt lat="42.476963" lon="2.563833"><ele>925.2</ele></trkpt>
      <trkpt lat="42.476871" lon="2.564064"><ele>923.5</ele></trkpt>
      <trkpt lat="42.476755" lon="2.564160"><ele>923.0</ele></trkpt>
      <trkpt lat="42.476484" lon="2.564318"><ele>921.0</ele></trkpt>
      <trkpt lat="42.476239" lon="2.564617"><ele>917.0</ele></trkpt>
      <trkpt lat="42.476051" lon="2.564888"><ele>914.2</ele></trkpt>
      <trkpt lat="42.475947" lon="2.564961"><ele>913.5</ele></trkpt>
      <trkpt lat="42.475752" lon="2.565007"><ele>914.5</ele></trkpt>
      <trkpt lat="42.475702" lon="2.565114"><ele>913.0</ele></trkpt>
      <trkpt lat="42.475535" lon="2.565249"><ele>911.2</ele></trkpt>
      <trkpt lat="42.475429" lon="2.565356"><ele>909.2</ele></trkpt>
      <trkpt lat="42.475300" lon="2.565390"><ele>910.2</ele></trkpt>
      <trkpt lat="42.475146" lon="2.565553"><ele>907.8</ele></trkpt>
      <trkpt lat="42.474922" lon="2.565706"><ele>908.0</ele></trkpt>
      <trkpt lat="42.474747" lon="2.565711"><ele>909.5</ele></trkpt>
      <trkpt lat="42.474572" lon="2.565672"><ele>909.5</ele></trkpt>
      <trkpt lat="42.474426" lon="2.565604"><ele>910.0</ele></trkpt>
      <trkpt lat="42.474160" lon="2.565441"><ele>911.8</ele></trkpt>
      <trkpt lat="42.474022" lon="2.565260"><ele>913.8</ele></trkpt>
      <trkpt lat="42.473831" lon="2.565068"><ele>915.0</ele></trkpt>
      <trkpt lat="42.473531" lon="2.564910"><ele>914.8</ele></trkpt>
      <trkpt lat="42.473431" lon="2.564775"><ele>916.0</ele></trkpt>
      <trkpt lat="42.473386" lon="2.564622"><ele>918.0</ele></trkpt>
      <trkpt lat="42.473290" lon="2.564464"><ele>919.2</ele></trkpt>
      <trkpt lat="42.473252" lon="2.564385"><ele>920.5</ele></trkpt>
      <trkpt lat="42.472973" lon="2.564339"><ele>919.5</ele></trkpt>
      <trkpt lat="42.472840" lon="2.564353"><ele>918.0</ele></trkpt>
      <trkpt lat="42.472707" lon="2.564382"><ele>917.2</ele></trkpt>
      <trkpt lat="42.472579" lon="2.564483"><ele>916.2</ele></trkpt>
      <trkpt lat="42.472488" lon="2.564664"><ele>914.2</ele></trkpt>
      <trkpt lat="42.472461" lon="2.564859"><ele>911.5</ele></trkpt>
      <trkpt lat="42.472381" lon="2.565018"><ele>910.5</ele></trkpt>
      <trkpt lat="42.472376" lon="2.565170"><ele>907.2</ele></trkpt>
      <trkpt lat="42.472253" lon="2.565279"><ele>905.5</ele></trkpt>
      <trkpt lat="42.472067" lon="2.565213"><ele>907.2</ele></trkpt>
      <trkpt lat="42.471976" lon="2.565250"><ele>905.8</ele></trkpt>
      <trkpt lat="42.471891" lon="2.565474"><ele>904.0</ele></trkpt>
      <trkpt lat="42.471805" lon="2.565922"><ele>901.2</ele></trkpt>
      <trkpt lat="42.471667" lon="2.566428"><ele>897.2</ele></trkpt>
      <trkpt lat="42.471475" lon="2.566826"><ele>895.5</ele></trkpt>
      <trkpt lat="42.471304" lon="2.567224"><ele>891.2</ele></trkpt>
      <trkpt lat="42.471053" lon="2.567701"><ele>886.0</ele></trkpt>
      <trkpt lat="42.470792" lon="2.568070"><ele>883.8</ele></trkpt>
      <trkpt lat="42.470531" lon="2.568388"><ele>881.0</ele></trkpt>
      <trkpt lat="42.470477" lon="2.568532"><ele>880.8</ele></trkpt>
      <trkpt lat="42.470440" lon="2.568757"><ele>878.5</ele></trkpt>
      <trkpt lat="42.470392" lon="2.568981"><ele>876.0</ele></trkpt>
      <trkpt lat="42.470293" lon="2.569221"><ele>873.8</ele></trkpt>
      <trkpt lat="42.469999" lon="2.570059"><ele>867.2</ele></trkpt>
      <trkpt lat="42.469951" lon="2.570378"><ele>865.2</ele></trkpt>
      <trkpt lat="42.469903" lon="2.570804"><ele>861.8</ele></trkpt>
      <trkpt lat="42.469882" lon="2.571101"><ele>860.0</ele></trkpt>
      <trkpt lat="42.469898" lon="2.571455"><ele>857.0</ele></trkpt>
      <trkpt lat="42.469925" lon="2.571665"><ele>855.0</ele></trkpt>
      <trkpt lat="42.469935" lon="2.571824"><ele>853.2</ele></trkpt>
      <trkpt lat="42.469887" lon="2.572055"><ele>851.2</ele></trkpt>
      <trkpt lat="42.469586" lon="2.572793"><ele>844.5</ele></trkpt>
      <trkpt lat="42.469501" lon="2.573068"><ele>842.5</ele></trkpt>
      <trkpt lat="42.469447" lon="2.573350"><ele>839.8</ele></trkpt>
      <trkpt lat="42.469437" lon="2.573654"><ele>837.0</ele></trkpt>
      <trkpt lat="42.469479" lon="2.573979"><ele>835.0</ele></trkpt>
      <trkpt lat="42.469498" lon="2.574331"><ele>833.0</ele></trkpt>
      <trkpt lat="42.469602" lon="2.574493"><ele>830.0</ele></trkpt>
      <trkpt lat="42.469725" lon="2.574738"><ele>827.8</ele></trkpt>
      <trkpt lat="42.469954" lon="2.574992"><ele>823.8</ele></trkpt>
      <trkpt lat="42.470093" lon="2.575136"><ele>823.0</ele></trkpt>
      <trkpt lat="42.470221" lon="2.575339"><ele>822.8</ele></trkpt>
      <trkpt lat="42.470269" lon="2.575483"><ele>822.0</ele></trkpt>
      <trkpt lat="42.470242" lon="2.576076"><ele>819.5</ele></trkpt>
      <trkpt lat="42.470247" lon="2.576329"><ele>818.5</ele></trkpt>
      <trkpt lat="42.470215" lon="2.576524"><ele>817.0</ele></trkpt>
      <trkpt lat="42.470119" lon="2.576763"><ele>815.5</ele></trkpt>
      <trkpt lat="42.469991" lon="2.576864"><ele>816.2</ele></trkpt>
      <trkpt lat="42.469864" lon="2.576878"><ele>816.2</ele></trkpt>
      <trkpt lat="42.469853" lon="2.576879"><ele>816.2</ele></trkpt>
      <trkpt lat="42.469703" lon="2.576995"><ele>814.0</ele></trkpt>
      <trkpt lat="42.469453" lon="2.577284"><ele>813.0</ele></trkpt>
      <trkpt lat="42.469198" lon="2.577663"><ele>810.0</ele></trkpt>
      <trkpt lat="42.469053" lon="2.577830"><ele>809.2</ele></trkpt>
      <trkpt lat="42.468908" lon="2.577861"><ele>809.0</ele></trkpt>
      <trkpt lat="42.468795" lon="2.577868"><ele>808.8</ele></trkpt>
      <trkpt lat="42.468709" lon="2.577862"><ele>808.5</ele></trkpt>
      <trkpt lat="42.468655" lon="2.577837"><ele>808.2</ele></trkpt>
      <trkpt lat="42.468621" lon="2.577811"><ele>808.0</ele></trkpt>
      <trkpt lat="42.468579" lon="2.577754"><ele>807.5</ele></trkpt>
      <trkpt lat="42.468539" lon="2.577665"><ele>807.0</ele></trkpt>
      <trkpt lat="42.468508" lon="2.577563"><ele>806.5</ele></trkpt>
      <trkpt lat="42.468462" lon="2.577408"><ele>806.2</ele></trkpt>
      <trkpt lat="42.468413" lon="2.577283"><ele>806.0</ele></trkpt>
      <trkpt lat="42.468352" lon="2.577185"><ele>804.8</ele></trkpt>
      <trkpt lat="42.468299" lon="2.577138"><ele>804.5</ele></trkpt>
      <trkpt lat="42.468244" lon="2.577109"><ele>804.2</ele></trkpt>
      <trkpt lat="42.468152" lon="2.577112"><ele>803.0</ele></trkpt>
      <trkpt lat="42.468033" lon="2.577139"><ele>801.8</ele></trkpt>
      <trkpt lat="42.467921" lon="2.577200"><ele>800.8</ele></trkpt>
      <trkpt lat="42.467718" lon="2.577260"><ele>799.5</ele></trkpt>
      <trkpt lat="42.467570" lon="2.577329"><ele>798.5</ele></trkpt>
      <trkpt lat="42.467450" lon="2.577431"><ele>797.0</ele></trkpt>
      <trkpt lat="42.467303" lon="2.577572"><ele>795.8</ele></trkpt>
      <trkpt lat="42.467135" lon="2.577798"><ele>793.2</ele></trkpt>
      <trkpt lat="42.467041" lon="2.577904"><ele>791.8</ele></trkpt>
      <trkpt lat="42.466941" lon="2.577980"><ele>791.5</ele></trkpt>
      <trkpt lat="42.466868" lon="2.578020"><ele>791.0</ele></trkpt>
      <trkpt lat="42.466783" lon="2.578034"><ele>790.5</ele></trkpt>
      <trkpt lat="42.466724" lon="2.578034"><ele>790.5</ele></trkpt>
      <trkpt lat="42.466646" lon="2.578019"><ele>790.0</ele></trkpt>
      <trkpt lat="42.466469" lon="2.577950"><ele>788.2</ele></trkpt>
      <trkpt lat="42.466402" lon="2.577943"><ele>787.2</ele></trkpt>
      <trkpt lat="42.466138" lon="2.577974"><ele>784.2</ele></trkpt>
      <trkpt lat="42.466072" lon="2.577953"><ele>784.2</ele></trkpt>
      <trkpt lat="42.465993" lon="2.577904"><ele>784.5</ele></trkpt>
      <trkpt lat="42.465881" lon="2.577763"><ele>785.8</ele></trkpt>
      <trkpt lat="42.465833" lon="2.577671"><ele>786.5</ele></trkpt>
      <trkpt lat="42.465814" lon="2.577622"><ele>787.0</ele></trkpt>
      <trkpt lat="42.465776" lon="2.577587"><ele>786.2</ele></trkpt>
      <trkpt lat="42.465735" lon="2.577581"><ele>784.8</ele></trkpt>
      <trkpt lat="42.465695" lon="2.577609"><ele>782.5</ele></trkpt>
      <trkpt lat="42.465673" lon="2.577667"><ele>780.0</ele></trkpt>
      <trkpt lat="42.465674" lon="2.577732"><ele>778.2</ele></trkpt>
      <trkpt lat="42.465695" lon="2.577792"><ele>777.5</ele></trkpt>
      <trkpt lat="42.465853" lon="2.578080"><ele>777.8</ele></trkpt>
      <trkpt lat="42.465935" lon="2.578193"><ele>776.8</ele></trkpt>
      <trkpt lat="42.465987" lon="2.578251"><ele>776.5</ele></trkpt>
      <trkpt lat="42.466123" lon="2.578440"><ele>776.2</ele></trkpt>
      <trkpt lat="42.466225" lon="2.578592"><ele>775.0</ele></trkpt>
      <trkpt lat="42.466449" lon="2.578786"><ele>777.8</ele></trkpt>
      <trkpt lat="42.466545" lon="2.578960"><ele>779.2</ele></trkpt>
      <trkpt lat="42.466597" lon="2.579075"><ele>777.5</ele></trkpt>
      <trkpt lat="42.466649" lon="2.579331"><ele>772.8</ele></trkpt>
      <trkpt lat="42.466682" lon="2.579544"><ele>770.5</ele></trkpt>
      <trkpt lat="42.466736" lon="2.579681"><ele>769.8</ele></trkpt>
      <trkpt lat="42.466763" lon="2.579752"><ele>769.2</ele></trkpt>
      <trkpt lat="42.466841" lon="2.579938"><ele>768.2</ele></trkpt>
      <trkpt lat="42.466891" lon="2.580058"><ele>766.8</ele></trkpt>
      <trkpt lat="42.467005" lon="2.580398"><ele>765.8</ele></trkpt>
      <trkpt lat="42.467032" lon="2.580479"><ele>766.0</ele></trkpt>
      <trkpt lat="42.467114" lon="2.581019"><ele>759.8</ele></trkpt>
      <trkpt lat="42.467231" lon="2.581606"><ele>754.8</ele></trkpt>
      <trkpt lat="42.467262" lon="2.581711"><ele>753.0</ele></trkpt>
      <trkpt lat="42.467296" lon="2.581788"><ele>751.5</ele></trkpt>
      <trkpt lat="42.467340" lon="2.581853"><ele>750.2</ele></trkpt>
      <trkpt lat="42.467465" lon="2.581975"><ele>750.0</ele></trkpt>
      <trkpt lat="42.467502" lon="2.582032"><ele>750.0</ele></trkpt>
      <trkpt lat="42.467561" lon="2.582186"><ele>749.0</ele></trkpt>
      <trkpt lat="42.467569" lon="2.582270"><ele>748.5</ele></trkpt>
      <trkpt lat="42.467567" lon="2.582365"><ele>748.0</ele></trkpt>
      <trkpt lat="42.467559" lon="2.582657"><ele>745.5</ele></trkpt>
      <trkpt lat="42.467567" lon="2.582795"><ele>744.5</ele></trkpt>
      <trkpt lat="42.467650" lon="2.583183"><ele>741.5</ele></trkpt>
      <trkpt lat="42.467859" lon="2.583801"><ele>737.2</ele></trkpt>
      <trkpt lat="42.467892" lon="2.583943"><ele>736.2</ele></trkpt>
      <trkpt lat="42.468133" lon="2.584843"><ele>729.5</ele></trkpt>
      <trkpt lat="42.468178" lon="2.585009"><ele>727.5</ele></trkpt>
      <trkpt lat="42.468286" lon="2.585279"><ele>726.2</ele></trkpt>
      <trkpt lat="42.468387" lon="2.585438"><ele>725.2</ele></trkpt>
      <trkpt lat="42.468439" lon="2.585673"><ele>723.8</ele></trkpt>
      <trkpt lat="42.468383" lon="2.585811"><ele>722.0</ele></trkpt>
      <trkpt lat="42.468175" lon="2.585869"><ele>719.5</ele></trkpt>
      <trkpt lat="42.467895" lon="2.586013"><ele>717.0</ele></trkpt>
      <trkpt lat="42.467336" lon="2.586479"><ele>710.2</ele></trkpt>
      <trkpt lat="42.467257" lon="2.586626"><ele>710.0</ele></trkpt>
      <trkpt lat="42.467210" lon="2.586783"><ele>708.5</ele></trkpt>
      <trkpt lat="42.467309" lon="2.587076"><ele>706.5</ele></trkpt>
      <trkpt lat="42.467741" lon="2.587735"><ele>701.0</ele></trkpt>
      <trkpt lat="42.467787" lon="2.587860"><ele>700.5</ele></trkpt>
      <trkpt lat="42.467778" lon="2.588016"><ele>699.2</ele></trkpt>
      <trkpt lat="42.467647" lon="2.588364"><ele>694.2</ele></trkpt>
      <trkpt lat="42.467644" lon="2.588613"><ele>693.5</ele></trkpt>
      <trkpt lat="42.467714" lon="2.589049"><ele>692.2</ele></trkpt>
      <trkpt lat="42.467642" lon="2.589326"><ele>690.0</ele></trkpt>
      <trkpt lat="42.467393" lon="2.589768"><ele>686.5</ele></trkpt>
      <trkpt lat="42.467253" lon="2.589904"><ele>684.0</ele></trkpt>
      <trkpt lat="42.466943" lon="2.590108"><ele>680.5</ele></trkpt>
      <trkpt lat="42.466638" lon="2.590150"><ele>676.8</ele></trkpt>
      <trkpt lat="42.466454" lon="2.590286"><ele>675.0</ele></trkpt>
      <trkpt lat="42.466167" lon="2.590722"><ele>670.5</ele></trkpt>
      <trkpt lat="42.466161" lon="2.590907"><ele>670.2</ele></trkpt>
      <trkpt lat="42.466241" lon="2.591134"><ele>669.0</ele></trkpt>
      <trkpt lat="42.466439" lon="2.591435"><ele>669.2</ele></trkpt>
      <trkpt lat="42.466467" lon="2.591560"><ele>668.2</ele></trkpt>
      <trkpt lat="42.466435" lon="2.592194"><ele>663.0</ele></trkpt>
      <trkpt lat="42.466477" lon="2.592474"><ele>661.0</ele></trkpt>
      <trkpt lat="42.466643" lon="2.592911"><ele>657.2</ele></trkpt>
      <trkpt lat="42.466712" lon="2.593248"><ele>656.0</ele></trkpt>
      <trkpt lat="42.466726" lon="2.593604"><ele>653.8</ele></trkpt>
      <trkpt lat="42.466702" lon="2.594554"><ele>646.2</ele></trkpt>
      <trkpt lat="42.466702" lon="2.594760"><ele>644.8</ele></trkpt>
      <trkpt lat="42.466812" lon="2.594949"><ele>642.8</ele></trkpt>
      <trkpt lat="42.466970" lon="2.595308"><ele>640.8</ele></trkpt>
      <trkpt lat="42.467015" lon="2.595632"><ele>638.8</ele></trkpt>
      <trkpt lat="42.466971" lon="2.596237"><ele>634.2</ele></trkpt>
      <trkpt lat="42.466864" lon="2.596620"><ele>631.5</ele></trkpt>
      <trkpt lat="42.466775" lon="2.596825"><ele>629.0</ele></trkpt>
      <trkpt lat="42.466766" lon="2.597015"><ele>629.0</ele></trkpt>
      <trkpt lat="42.466814" lon="2.597414"><ele>627.8</ele></trkpt>
      <trkpt lat="42.466696" lon="2.597849"><ele>623.5</ele></trkpt>
      <trkpt lat="42.466678" lon="2.598110"><ele>621.0</ele></trkpt>
      <trkpt lat="42.466717" lon="2.598432"><ele>619.8</ele></trkpt>
      <trkpt lat="42.466682" lon="2.598738"><ele>617.0</ele></trkpt>
      <trkpt lat="42.466595" lon="2.599026"><ele>615.2</ele></trkpt>
      <trkpt lat="42.466403" lon="2.599282"><ele>611.5</ele></trkpt>
      <trkpt lat="42.466203" lon="2.599525"><ele>608.2</ele></trkpt>
      <trkpt lat="42.465982" lon="2.599967"><ele>605.2</ele></trkpt>
      <trkpt lat="42.465871" lon="2.600206"><ele>604.5</ele></trkpt>
      <trkpt lat="42.465645" lon="2.600579"><ele>602.8</ele></trkpt>
      <trkpt lat="42.465500" lon="2.600799"><ele>601.5</ele></trkpt>
      <trkpt lat="42.465375" lon="2.601124"><ele>600.0</ele></trkpt>
      <trkpt lat="42.465096" lon="2.602193"><ele>595.0</ele></trkpt>
      <trkpt lat="42.464962" lon="2.603056"><ele>591.5</ele></trkpt>
      <trkpt lat="42.464777" lon="2.603544"><ele>589.8</ele></trkpt>
      <trkpt lat="42.464714" lon="2.603823"><ele>589.2</ele></trkpt>
      <trkpt lat="42.464619" lon="2.604081"><ele>587.2</ele></trkpt>
      <trkpt lat="42.464418" lon="2.604240"><ele>585.2</ele></trkpt>
      <trkpt lat="42.463999" lon="2.604450"><ele>584.8</ele></trkpt>
      <trkpt lat="42.463459" lon="2.605109"><ele>579.5</ele></trkpt>
      <trkpt lat="42.462929" lon="2.605969"><ele>576.8</ele></trkpt>
      <trkpt lat="42.462768" lon="2.606518"><ele>575.0</ele></trkpt>
      <trkpt lat="42.462692" lon="2.606964"><ele>570.8</ele></trkpt>
      <trkpt lat="42.462636" lon="2.607043"><ele>571.0</ele></trkpt>
      <trkpt lat="42.462578" lon="2.607083"><ele>571.8</ele></trkpt>
      <trkpt lat="42.462519" lon="2.607069"><ele>573.0</ele></trkpt>
      <trkpt lat="42.462468" lon="2.607044"><ele>572.2</ele></trkpt>
      <trkpt lat="42.462429" lon="2.606967"><ele>570.8</ele></trkpt>
      <trkpt lat="42.462314" lon="2.606388"><ele>568.5</ele></trkpt>
      <trkpt lat="42.462250" lon="2.606167"><ele>566.8</ele></trkpt>
      <trkpt lat="42.462209" lon="2.605987"><ele>565.2</ele></trkpt>
      <trkpt lat="42.462183" lon="2.605654"><ele>562.8</ele></trkpt>
      <trkpt lat="42.462193" lon="2.605511"><ele>562.2</ele></trkpt>
      <trkpt lat="42.462232" lon="2.605261"><ele>562.2</ele></trkpt>
      <trkpt lat="42.462239" lon="2.605174"><ele>562.2</ele></trkpt>
      <trkpt lat="42.462236" lon="2.605092"><ele>561.8</ele></trkpt>
      <trkpt lat="42.462216" lon="2.604998"><ele>561.0</ele></trkpt>
      <trkpt lat="42.462184" lon="2.604933"><ele>562.8</ele></trkpt>
      <trkpt lat="42.462129" lon="2.604889"><ele>564.0</ele></trkpt>
      <trkpt lat="42.462056" lon="2.604875"><ele>564.0</ele></trkpt>
      <trkpt lat="42.461992" lon="2.604941"><ele>561.2</ele></trkpt>
      <trkpt lat="42.461969" lon="2.605037"><ele>558.2</ele></trkpt>
      <trkpt lat="42.461966" lon="2.605145"><ele>556.2</ele></trkpt>
      <trkpt lat="42.461987" lon="2.605318"><ele>554.0</ele></trkpt>
      <trkpt lat="42.461993" lon="2.605459"><ele>553.5</ele></trkpt>
      <trkpt lat="42.461970" lon="2.605742"><ele>553.5</ele></trkpt>
      <trkpt lat="42.461948" lon="2.606180"><ele>550.8</ele></trkpt>
      <trkpt lat="42.461919" lon="2.606533"><ele>548.0</ele></trkpt>
      <trkpt lat="42.461875" lon="2.606738"><ele>546.5</ele></trkpt>
      <trkpt lat="42.461810" lon="2.606939"><ele>545.5</ele></trkpt>
      <trkpt lat="42.461448" lon="2.607805"><ele>538.2</ele></trkpt>
      <trkpt lat="42.461304" lon="2.608274"><ele>534.5</ele></trkpt>
      <trkpt lat="42.461151" lon="2.608594"><ele>532.2</ele></trkpt>
      <trkpt lat="42.460804" lon="2.608853"><ele>527.2</ele></trkpt>
      <trkpt lat="42.460433" lon="2.609074"><ele>523.5</ele></trkpt>
      <trkpt lat="42.460347" lon="2.609261"><ele>523.0</ele></trkpt>
      <trkpt lat="42.460329" lon="2.609524"><ele>522.0</ele></trkpt>
      <trkpt lat="42.460505" lon="2.610829"><ele>511.8</ele></trkpt>
      <trkpt lat="42.460469" lon="2.611081"><ele>510.8</ele></trkpt>
      <trkpt lat="42.460378" lon="2.611247"><ele>508.8</ele></trkpt>
      <trkpt lat="42.460101" lon="2.611454"><ele>504.0</ele></trkpt>
      <trkpt lat="42.459778" lon="2.611791"><ele>502.0</ele></trkpt>
      <trkpt lat="42.459533" lon="2.611882"><ele>497.5</ele></trkpt>
      <trkpt lat="42.459289" lon="2.611985"><ele>494.2</ele></trkpt>
      <trkpt lat="42.459154" lon="2.612228"><ele>492.0</ele></trkpt>
      <trkpt lat="42.459113" lon="2.612468"><ele>491.5</ele></trkpt>
      <trkpt lat="42.459102" lon="2.613096"><ele>488.5</ele></trkpt>
      <trkpt lat="42.459044" lon="2.613498"><ele>487.5</ele></trkpt>
      <trkpt lat="42.458938" lon="2.613849"><ele>482.2</ele></trkpt>
      <trkpt lat="42.458659" lon="2.614024"><ele>478.2</ele></trkpt>
      <trkpt lat="42.457998" lon="2.614215"><ele>470.2</ele></trkpt>
      <trkpt lat="42.457643" lon="2.614412"><ele>466.8</ele></trkpt>
      <trkpt lat="42.457412" lon="2.614439"><ele>464.0</ele></trkpt>
      <trkpt lat="42.457157" lon="2.614371"><ele>461.5</ele></trkpt>
      <trkpt lat="42.457043" lon="2.614353"><ele>460.0</ele></trkpt>
      <trkpt lat="42.456930" lon="2.614350"><ele>459.5</ele></trkpt>
      <trkpt lat="42.456798" lon="2.614315"><ele>458.5</ele></trkpt>
      <trkpt lat="42.456600" lon="2.614238"><ele>456.2</ele></trkpt>
      <trkpt lat="42.456546" lon="2.614209"><ele>455.0</ele></trkpt>
      <trkpt lat="42.456337" lon="2.614096"><ele>451.2</ele></trkpt>
      <trkpt lat="42.456203" lon="2.614092"><ele>450.5</ele></trkpt>
      <trkpt lat="42.456064" lon="2.614093"><ele>449.2</ele></trkpt>
      <trkpt lat="42.455933" lon="2.614123"><ele>447.0</ele></trkpt>
      <trkpt lat="42.455784" lon="2.614200"><ele>445.2</ele></trkpt>
      <trkpt lat="42.455457" lon="2.614454"><ele>442.8</ele></trkpt>
      <trkpt lat="42.455230" lon="2.614601"><ele>439.0</ele></trkpt>
      <trkpt lat="42.455134" lon="2.614717"><ele>438.5</ele></trkpt>
      <trkpt lat="42.455003" lon="2.615041"><ele>435.8</ele></trkpt>
      <trkpt lat="42.454935" lon="2.615193"><ele>435.0</ele></trkpt>
      <trkpt lat="42.454806" lon="2.615347"><ele>432.5</ele></trkpt>
      <trkpt lat="42.454697" lon="2.615438"><ele>430.0</ele></trkpt>
      <trkpt lat="42.453570" lon="2.616125"><ele>417.8</ele></trkpt>
      <trkpt lat="42.453293" lon="2.616363"><ele>414.2</ele></trkpt>
      <trkpt lat="42.453195" lon="2.616412"><ele>413.2</ele></trkpt>
      <trkpt lat="42.453097" lon="2.616446"><ele>411.8</ele></trkpt>
      <trkpt lat="42.453010" lon="2.616463"><ele>410.5</ele></trkpt>
      <trkpt lat="42.452336" lon="2.616483"><ele>402.8</ele></trkpt>
      <trkpt lat="42.452071" lon="2.616508"><ele>400.0</ele></trkpt>
      <trkpt lat="42.451582" lon="2.616589"><ele>394.8</ele></trkpt>
      <trkpt lat="42.451456" lon="2.616574"><ele>392.2</ele></trkpt>
      <trkpt lat="42.451186" lon="2.616559"><ele>389.5</ele></trkpt>
      <trkpt lat="42.451038" lon="2.616559"><ele>388.0</ele></trkpt>
      <trkpt lat="42.450940" lon="2.616582"><ele>387.0</ele></trkpt>
      <trkpt lat="42.450862" lon="2.616611"><ele>386.5</ele></trkpt>
      <trkpt lat="42.450798" lon="2.616653"><ele>386.0</ele></trkpt>
      <trkpt lat="42.450728" lon="2.616755"><ele>385.0</ele></trkpt>
      <trkpt lat="42.450698" lon="2.616870"><ele>384.0</ele></trkpt>
      <trkpt lat="42.450707" lon="2.617023"><ele>382.5</ele></trkpt>
      <trkpt lat="42.450735" lon="2.617131"><ele>381.0</ele></trkpt>
      <trkpt lat="42.450789" lon="2.617242"><ele>380.0</ele></trkpt>
      <trkpt lat="42.450883" lon="2.617355"><ele>378.8</ele></trkpt>
      <trkpt lat="42.451013" lon="2.617444"><ele>377.8</ele></trkpt>
      <trkpt lat="42.452070" lon="2.617971"><ele>369.8</ele></trkpt>
      <trkpt lat="42.452147" lon="2.618031"><ele>368.5</ele></trkpt>
      <trkpt lat="42.452184" lon="2.618098"><ele>366.8</ele></trkpt>
      <trkpt lat="42.452213" lon="2.618170"><ele>366.0</ele></trkpt>
      <trkpt lat="42.452231" lon="2.618238"><ele>365.8</ele></trkpt>
      <trkpt lat="42.452245" lon="2.618389"><ele>365.0</ele></trkpt>
      <trkpt lat="42.452273" lon="2.618550"><ele>365.2</ele></trkpt>
      <trkpt lat="42.452293" lon="2.618630"><ele>364.8</ele></trkpt>
      <trkpt lat="42.452317" lon="2.618694"><ele>363.0</ele></trkpt>
      <trkpt lat="42.452406" lon="2.618825"><ele>360.5</ele></trkpt>
      <trkpt lat="42.452501" lon="2.618925"><ele>359.5</ele></trkpt>
      <trkpt lat="42.452787" lon="2.619153"><ele>356.8</ele></trkpt>
      <trkpt lat="42.453451" lon="2.619628"><ele>349.2</ele></trkpt>
      <trkpt lat="42.453741" lon="2.619860"><ele>347.8</ele></trkpt>
      <trkpt lat="42.453974" lon="2.620020"><ele>344.8</ele></trkpt>
      <trkpt lat="42.454101" lon="2.620121"><ele>343.5</ele></trkpt>
      <trkpt lat="42.454220" lon="2.620250"><ele>342.5</ele></trkpt>
      <trkpt lat="42.454390" lon="2.620531"><ele>338.2</ele></trkpt>
      <trkpt lat="42.454558" lon="2.620853"><ele>335.2</ele></trkpt>
      <trkpt lat="42.454620" lon="2.620961"><ele>334.0</ele></trkpt>
      <trkpt lat="42.454997" lon="2.621541"><ele>327.5</ele></trkpt>
      <trkpt lat="42.455336" lon="2.622043"><ele>324.2</ele></trkpt>
      <trkpt lat="42.455484" lon="2.622332"><ele>321.2</ele></trkpt>
      <trkpt lat="42.455680" lon="2.622715"><ele>319.0</ele></trkpt>
      <trkpt lat="42.455763" lon="2.622876"><ele>318.0</ele></trkpt>
      <trkpt lat="42.455905" lon="2.623139"><ele>316.5</ele></trkpt>
      <trkpt lat="42.456098" lon="2.623494"><ele>315.0</ele></trkpt>
      <trkpt lat="42.456143" lon="2.623616"><ele>314.2</ele></trkpt>
      <trkpt lat="42.456172" lon="2.623737"><ele>313.5</ele></trkpt>
      <trkpt lat="42.456194" lon="2.623885"><ele>312.5</ele></trkpt>
      <trkpt lat="42.456204" lon="2.624005"><ele>312.5</ele></trkpt>
      <trkpt lat="42.456205" lon="2.624114"><ele>312.2</ele></trkpt>
      <trkpt lat="42.456193" lon="2.624216"><ele>312.2</ele></trkpt>
      <trkpt lat="42.456139" lon="2.624424"><ele>312.0</ele></trkpt>
      <trkpt lat="42.456201" lon="2.624444"><ele>312.2</ele></trkpt>
      <trkpt lat="42.456305" lon="2.624427"><ele>312.5</ele></trkpt>
      <trkpt lat="42.456577" lon="2.624358"><ele>313.5</ele></trkpt>
      <trkpt lat="42.456740" lon="2.624341"><ele>314.5</ele></trkpt>
      <trkpt lat="42.456762" lon="2.624424"><ele>314.5</ele></trkpt>
      <trkpt lat="42.457169" lon="2.624931"><ele>313.5</ele></trkpt>
      <trkpt lat="42.457200" lon="2.624951"><ele>313.5</ele></trkpt>
      <trkpt lat="42.457226" lon="2.624959"><ele>313.5</ele></trkpt>
      <trkpt lat="42.457334" lon="2.624940"><ele>314.8</ele></trkpt>
      <trkpt lat="42.457379" lon="2.624951"><ele>315.0</ele></trkpt>
      <trkpt lat="42.457486" lon="2.625017"><ele>315.2</ele></trkpt>
      <trkpt lat="42.457535" lon="2.625028"><ele>315.0</ele></trkpt>
      <trkpt lat="42.457692" lon="2.625025"><ele>314.8</ele></trkpt>
      <trkpt lat="42.458012" lon="2.625122"><ele>314.0</ele></trkpt>
      <trkpt lat="42.458054" lon="2.625300"><ele>310.8</ele></trkpt>
      <trkpt lat="42.458050" lon="2.625679"><ele>310.8</ele></trkpt>
      <trkpt lat="42.458050" lon="2.625786"><ele>310.8</ele></trkpt>
      <trkpt lat="42.458061" lon="2.625923"><ele>309.0</ele></trkpt>
      <trkpt lat="42.458053" lon="2.625935"><ele>308.8</ele></trkpt>
      <trkpt lat="42.458057" lon="2.625961"><ele>308.0</ele></trkpt>
      <trkpt lat="42.458172" lon="2.626390"><ele>308.5</ele></trkpt>
      <trkpt lat="42.458203" lon="2.626693"><ele>310.5</ele></trkpt>
      <trkpt lat="42.458230" lon="2.626978"><ele>310.5</ele></trkpt>
      <trkpt lat="42.458255" lon="2.627292"><ele>310.8</ele></trkpt>
      <trkpt lat="42.458238" lon="2.627399"><ele>311.5</ele></trkpt>
      <trkpt lat="42.458203" lon="2.627440"><ele>311.2</ele></trkpt>
      <trkpt lat="42.457847" lon="2.627785"><ele>309.5</ele></trkpt>
      <trkpt lat="42.457819" lon="2.627829"><ele>309.2</ele></trkpt>
      <trkpt lat="42.457604" lon="2.628506"><ele>307.5</ele></trkpt>
      <trkpt lat="42.457565" lon="2.628606"><ele>307.2</ele></trkpt>
      <trkpt lat="42.456979" lon="2.629640"><ele>302.5</ele></trkpt>
      <trkpt lat="42.456964" lon="2.629717"><ele>302.5</ele></trkpt>
      <trkpt lat="42.456905" lon="2.629876"><ele>301.5</ele></trkpt>
      <trkpt lat="42.456654" lon="2.630413"><ele>299.8</ele></trkpt>
      <trkpt lat="42.456678" lon="2.630451"><ele>300.0</ele></trkpt>
      <trkpt lat="42.456716" lon="2.630501"><ele>300.0</ele></trkpt>
      <trkpt lat="42.456941" lon="2.631006"><ele>298.8</ele></trkpt>
      <trkpt lat="42.456764" lon="2.631777"><ele>295.5</ele></trkpt>
      <trkpt lat="42.456700" lon="2.631964"><ele>294.8</ele></trkpt>
      <trkpt lat="42.456712" lon="2.632215"><ele>294.0</ele></trkpt>
      <trkpt lat="42.456722" lon="2.632294"><ele>294.0</ele></trkpt>
      <trkpt lat="42.456747" lon="2.632358"><ele>294.0</ele></trkpt>
      <trkpt lat="42.456740" lon="2.632494"><ele>294.0</ele></trkpt>
      <trkpt lat="42.456739" lon="2.632857"><ele>293.5</ele></trkpt>
      <trkpt lat="42.456697" lon="2.633073"><ele>292.5</ele></trkpt>
      <trkpt lat="42.456503" lon="2.633278"><ele>289.2</ele></trkpt>
      <trkpt lat="42.456448" lon="2.633340"><ele>288.8</ele></trkpt>
      <trkpt lat="42.456388" lon="2.633398"><ele>288.8</ele></trkpt>
      <trkpt lat="42.456320" lon="2.633429"><ele>288.8</ele></trkpt>
      <trkpt lat="42.456161" lon="2.633471"><ele>288.8</ele></trkpt>
      <trkpt lat="42.456145" lon="2.633496"><ele>288.8</ele></trkpt>
      <trkpt lat="42.456093" lon="2.633634"><ele>287.8</ele></trkpt>
      <trkpt lat="42.456178" lon="2.633682"><ele>287.5</ele></trkpt>
      <trkpt lat="42.456303" lon="2.633673"><ele>287.8</ele></trkpt>
      <trkpt lat="42.456395" lon="2.633647"><ele>287.8</ele></trkpt>
      <trkpt lat="42.456546" lon="2.633978"><ele>286.2</ele></trkpt>
      <trkpt lat="42.456571" lon="2.634165"><ele>285.0</ele></trkpt>
      <trkpt lat="42.456576" lon="2.634338"><ele>283.8</ele></trkpt>
      <trkpt lat="42.456613" lon="2.634353"><ele>283.5</ele></trkpt>
      <trkpt lat="42.456646" lon="2.634468"><ele>282.0</ele></trkpt>
      <trkpt lat="42.456644" lon="2.634640"><ele>280.8</ele></trkpt>
      <trkpt lat="42.456659" lon="2.634714"><ele>279.8</ele></trkpt>
      <trkpt lat="42.456673" lon="2.634781"><ele>279.8</ele></trkpt>
      <trkpt lat="42.456813" lon="2.634763"><ele>279.8</ele></trkpt>
      <trkpt lat="42.456835" lon="2.634760"><ele>279.8</ele></trkpt>
      <trkpt lat="42.457363" lon="2.634685"><ele>280.5</ele></trkpt>
      <trkpt lat="42.457449" lon="2.634698"><ele>280.8</ele></trkpt>
      <trkpt lat="42.457569" lon="2.634818"><ele>280.8</ele></trkpt>
      <trkpt lat="42.457625" lon="2.634813"><ele>281.0</ele></trkpt>
      <trkpt lat="42.457635" lon="2.634964"><ele>280.5</ele></trkpt>
      <trkpt lat="42.457581" lon="2.635425"><ele>277.0</ele></trkpt>
      <trkpt lat="42.457522" lon="2.636249"><ele>271.0</ele></trkpt>
      <trkpt lat="42.457517" lon="2.636296"><ele>270.8</ele></trkpt>
      <trkpt lat="42.457664" lon="2.636329"><ele>271.0</ele></trkpt>
      <trkpt lat="42.457817" lon="2.636365"><ele>271.0</ele></trkpt>
      <trkpt lat="42.458120" lon="2.636424"><ele>270.5</ele></trkpt>
      <trkpt lat="42.458165" lon="2.636434"><ele>270.5</ele></trkpt>
      <trkpt lat="42.458231" lon="2.636448"><ele>270.2</ele></trkpt>
      <trkpt lat="42.458418" lon="2.636475"><ele>270.0</ele></trkpt>
      <trkpt lat="42.458654" lon="2.636510"><ele>270.2</ele></trkpt>
      <trkpt lat="42.458712" lon="2.636535"><ele>270.2</ele></trkpt>
      <trkpt lat="42.459430" lon="2.636668"><ele>270.0</ele></trkpt>
      <trkpt lat="42.459865" lon="2.636908"><ele>270.0</ele></trkpt>
      <trkpt lat="42.460172" lon="2.637074"><ele>270.0</ele></trkpt>
      <trkpt lat="42.460366" lon="2.637094"><ele>270.0</ele></trkpt>
      <trkpt lat="42.460415" lon="2.637085"><ele>270.0</ele></trkpt>
      <trkpt lat="42.460539" lon="2.637063"><ele>270.0</ele></trkpt>
      <trkpt lat="42.460931" lon="2.636884"><ele>271.0</ele></trkpt>
      <trkpt lat="42.460960" lon="2.636934"><ele>271.0</ele></trkpt>
      <trkpt lat="42.461004" lon="2.636957"><ele>270.8</ele></trkpt>
      <trkpt lat="42.461050" lon="2.636948"><ele>270.8</ele></trkpt>
      <trkpt lat="42.461087" lon="2.636909"><ele>271.2</ele></trkpt>
      <trkpt lat="42.461104" lon="2.636850"><ele>271.8</ele></trkpt>
      <trkpt lat="42.461189" lon="2.636894"><ele>272.8</ele></trkpt>
      <trkpt lat="42.461273" lon="2.636938"><ele>273.2</ele></trkpt>
      <trkpt lat="42.461573" lon="2.637282"><ele>273.0</ele></trkpt>
      <trkpt lat="42.461794" lon="2.637519"><ele>271.2</ele></trkpt>
      <trkpt lat="42.462115" lon="2.637833"><ele>267.5</ele></trkpt>
      <trkpt lat="42.462202" lon="2.637910"><ele>268.0</ele></trkpt>
      <trkpt lat="42.462545" lon="2.638280"><ele>269.2</ele></trkpt>
      <trkpt lat="42.462744" lon="2.638524"><ele>264.5</ele></trkpt>
      <trkpt lat="42.462974" lon="2.638794"><ele>263.5</ele></trkpt>
      <trkpt lat="42.463139" lon="2.639035"><ele>268.0</ele></trkpt>
      <trkpt lat="42.463276" lon="2.639291"><ele>270.5</ele></trkpt>
      <trkpt lat="42.463383" lon="2.639537"><ele>269.0</ele></trkpt>
      <trkpt lat="42.463447" lon="2.639762"><ele>269.5</ele></trkpt>
      <trkpt lat="42.463494" lon="2.639931"><ele>268.5</ele></trkpt>
      <trkpt lat="42.463787" lon="2.640999"><ele>266.8</ele></trkpt>
      <trkpt lat="42.463759" lon="2.641085"><ele>265.2</ele></trkpt>
      <trkpt lat="42.463749" lon="2.641187"><ele>264.0</ele></trkpt>
      <trkpt lat="42.463760" lon="2.641274"><ele>263.0</ele></trkpt>
      <trkpt lat="42.463796" lon="2.641380"><ele>262.2</ele></trkpt>
      <trkpt lat="42.463836" lon="2.641599"><ele>261.0</ele></trkpt>
      <trkpt lat="42.463848" lon="2.641744"><ele>260.0</ele></trkpt>
      <trkpt lat="42.463851" lon="2.641928"><ele>258.8</ele></trkpt>
      <trkpt lat="42.463844" lon="2.642108"><ele>258.5</ele></trkpt>
      <trkpt lat="42.463819" lon="2.642213"><ele>258.2</ele></trkpt>
      <trkpt lat="42.463722" lon="2.642468"><ele>258.5</ele></trkpt>
      <trkpt lat="42.463684" lon="2.642584"><ele>258.2</ele></trkpt>
      <trkpt lat="42.463626" lon="2.642837"><ele>256.0</ele></trkpt>
      <trkpt lat="42.463623" lon="2.642944"><ele>256.2</ele></trkpt>
      <trkpt lat="42.463626" lon="2.643488"><ele>256.0</ele></trkpt>
      <trkpt lat="42.463662" lon="2.643753"><ele>256.2</ele></trkpt>
      <trkpt lat="42.463727" lon="2.644136"><ele>253.8</ele></trkpt>
      <trkpt lat="42.463771" lon="2.644321"><ele>252.5</ele></trkpt>
      <trkpt lat="42.463821" lon="2.644498"><ele>251.5</ele></trkpt>
      <trkpt lat="42.463860" lon="2.644595"><ele>251.0</ele></trkpt>
      <trkpt lat="42.463975" lon="2.644688"><ele>251.5</ele></trkpt>
      <trkpt lat="42.464468" lon="2.644959"><ele>253.2</ele></trkpt>
      <trkpt lat="42.464525" lon="2.644984"><ele>253.2</ele></trkpt>
      <trkpt lat="42.464609" lon="2.644997"><ele>253.5</ele></trkpt>
      <trkpt lat="42.464678" lon="2.644945"><ele>254.0</ele></trkpt>
      <trkpt lat="42.464899" lon="2.645012"><ele>253.8</ele></trkpt>
      <trkpt lat="42.465198" lon="2.645191"><ele>254.0</ele></trkpt>
      <trkpt lat="42.465344" lon="2.645329"><ele>253.5</ele></trkpt>
      <trkpt lat="42.465454" lon="2.645488"><ele>252.8</ele></trkpt>
      <trkpt lat="42.465790" lon="2.645920"><ele>252.2</ele></trkpt>
      <trkpt lat="42.466117" lon="2.646318"><ele>252.8</ele></trkpt>
      <trkpt lat="42.466313" lon="2.646623"><ele>251.2</ele></trkpt>
      <trkpt lat="42.466430" lon="2.646709"><ele>251.5</ele></trkpt>
      <trkpt lat="42.466736" lon="2.646777"><ele>250.2</ele></trkpt>
      <trkpt lat="42.467222" lon="2.646892"><ele>249.0</ele></trkpt>
      <trkpt lat="42.467323" lon="2.647005"><ele>248.8</ele></trkpt>
      <trkpt lat="42.467468" lon="2.647138"><ele>248.8</ele></trkpt>
      <trkpt lat="42.467967" lon="2.647439"><ele>249.0</ele></trkpt>
      <trkpt lat="42.468277" lon="2.647641"><ele>249.2</ele></trkpt>
      <trkpt lat="42.468407" lon="2.647712"><ele>249.0</ele></trkpt>
      <trkpt lat="42.468659" lon="2.647793"><ele>249.0</ele></trkpt>
      <trkpt lat="42.469004" lon="2.647480"><ele>250.5</ele></trkpt>
      <trkpt lat="42.469193" lon="2.647914"><ele>249.2</ele></trkpt>
      <trkpt lat="42.469411" lon="2.648536"><ele>248.5</ele></trkpt>
      <trkpt lat="42.469451" lon="2.648776"><ele>247.5</ele></trkpt>
      <trkpt lat="42.469493" lon="2.649081"><ele>246.5</ele></trkpt>
      <trkpt lat="42.469610" lon="2.649319"><ele>246.0</ele></trkpt>
      <trkpt lat="42.469684" lon="2.649461"><ele>245.0</ele></trkpt>
      <trkpt lat="42.469771" lon="2.649695"><ele>246.0</ele></trkpt>
      <trkpt lat="42.469796" lon="2.649860"><ele>245.0</ele></trkpt>
      <trkpt lat="42.469818" lon="2.650299"><ele>244.2</ele></trkpt>
      <trkpt lat="42.469833" lon="2.650825"><ele>246.2</ele></trkpt>
      <trkpt lat="42.469896" lon="2.651214"><ele>247.2</ele></trkpt>
      <trkpt lat="42.469957" lon="2.651452"><ele>245.8</ele></trkpt>
      <trkpt lat="42.470070" lon="2.652044"><ele>249.8</ele></trkpt>
      <trkpt lat="42.470069" lon="2.652311"><ele>249.8</ele></trkpt>
      <trkpt lat="42.470020" lon="2.652570"><ele>246.5</ele></trkpt>
      <trkpt lat="42.469961" lon="2.652831"><ele>245.2</ele></trkpt>
      <trkpt lat="42.469936" lon="2.653066"><ele>246.2</ele></trkpt>
      <trkpt lat="42.469939" lon="2.653263"><ele>244.2</ele></trkpt>
      <trkpt lat="42.469962" lon="2.653404"><ele>243.8</ele></trkpt>
      <trkpt lat="42.470038" lon="2.653664"><ele>243.8</ele></trkpt>
      <trkpt lat="42.470179" lon="2.654312"><ele>243.0</ele></trkpt>
      <trkpt lat="42.470352" lon="2.655434"><ele>244.2</ele></trkpt>
      <trkpt lat="42.470346" lon="2.655601"><ele>244.2</ele></trkpt>
      <trkpt lat="42.470275" lon="2.655909"><ele>241.8</ele></trkpt>
      <trkpt lat="42.470271" lon="2.656108"><ele>241.8</ele></trkpt>
      <trkpt lat="42.470349" lon="2.656464"><ele>243.5</ele></trkpt>
      <trkpt lat="42.470667" lon="2.657248"><ele>244.0</ele></trkpt>
      <trkpt lat="42.470800" lon="2.657520"><ele>242.8</ele></trkpt>
      <trkpt lat="42.470895" lon="2.657688"><ele>242.0</ele></trkpt>
      <trkpt lat="42.471872" lon="2.659038"><ele>238.8</ele></trkpt>
      <trkpt lat="42.472033" lon="2.659296"><ele>239.5</ele></trkpt>
      <trkpt lat="42.472183" lon="2.659787"><ele>235.5</ele></trkpt>
      <trkpt lat="42.472332" lon="2.660013"><ele>234.5</ele></trkpt>
      <trkpt lat="42.472576" lon="2.660199"><ele>233.8</ele></trkpt>
      <trkpt lat="42.472682" lon="2.660265"><ele>233.0</ele></trkpt>
      <trkpt lat="42.472811" lon="2.660298"><ele>233.8</ele></trkpt>
      <trkpt lat="42.473015" lon="2.660406"><ele>233.5</ele></trkpt>
      <trkpt lat="42.473067" lon="2.660433"><ele>233.8</ele></trkpt>
      <trkpt lat="42.473297" lon="2.660591"><ele>234.0</ele></trkpt>
      <trkpt lat="42.473869" lon="2.661007"><ele>238.5</ele></trkpt>
      <trkpt lat="42.474059" lon="2.661156"><ele>239.0</ele></trkpt>
      <trkpt lat="42.474411" lon="2.661522"><ele>235.2</ele></trkpt>
      <trkpt lat="42.474961" lon="2.662210"><ele>231.5</ele></trkpt>
      <trkpt lat="42.475197" lon="2.662489"><ele>229.5</ele></trkpt>
      <trkpt lat="42.475681" lon="2.663107"><ele>229.0</ele></trkpt>
      <trkpt lat="42.475769" lon="2.663217"><ele>228.8</ele></trkpt>
      <trkpt lat="42.475897" lon="2.663428"><ele>228.2</ele></trkpt>
      <trkpt lat="42.475977" lon="2.663637"><ele>227.8</ele></trkpt>
      <trkpt lat="42.476020" lon="2.663818"><ele>227.8</ele></trkpt>
      <trkpt lat="42.476388" lon="2.664795"><ele>224.8</ele></trkpt>
      <trkpt lat="42.476470" lon="2.665096"><ele>225.0</ele></trkpt>
      <trkpt lat="42.476535" lon="2.665378"><ele>224.8</ele></trkpt>
      <trkpt lat="42.476551" lon="2.665669"><ele>224.0</ele></trkpt>
      <trkpt lat="42.476553" lon="2.665997"><ele>223.8</ele></trkpt>
      <trkpt lat="42.476506" lon="2.666353"><ele>223.2</ele></trkpt>
      <trkpt lat="42.476427" lon="2.666747"><ele>223.0</ele></trkpt>
      <trkpt lat="42.476348" lon="2.667003"><ele>222.8</ele></trkpt>
      <trkpt lat="42.476098" lon="2.667711"><ele>221.0</ele></trkpt>
      <trkpt lat="42.475923" lon="2.668184"><ele>223.2</ele></trkpt>
      <trkpt lat="42.475862" lon="2.668271"><ele>222.0</ele></trkpt>
      <trkpt lat="42.475806" lon="2.668320"><ele>220.8</ele></trkpt>
      <trkpt lat="42.475733" lon="2.668359"><ele>221.5</ele></trkpt>
      <trkpt lat="42.475671" lon="2.668369"><ele>221.2</ele></trkpt>
      <trkpt lat="42.475633" lon="2.668358"><ele>220.8</ele></trkpt>
      <trkpt lat="42.475602" lon="2.668564"><ele>223.0</ele></trkpt>
      <trkpt lat="42.475473" lon="2.668806"><ele>223.2</ele></trkpt>
      <trkpt lat="42.475297" lon="2.669038"><ele>222.5</ele></trkpt>
      <trkpt lat="42.475012" lon="2.669558"><ele>223.0</ele></trkpt>
      <trkpt lat="42.474798" lon="2.669992"><ele>223.8</ele></trkpt>
      <trkpt lat="42.474651" lon="2.670349"><ele>226.8</ele></trkpt>
      <trkpt lat="42.474574" lon="2.670450"><ele>226.5</ele></trkpt>
      <trkpt lat="42.474513" lon="2.670488"><ele>223.8</ele></trkpt>
      <trkpt lat="42.474450" lon="2.670528"><ele>220.2</ele></trkpt>
      <trkpt lat="42.474476" lon="2.670792"><ele>222.0</ele></trkpt>
      <trkpt lat="42.474452" lon="2.670807"><ele>220.5</ele></trkpt>
      <trkpt lat="42.474431" lon="2.670828"><ele>219.8</ele></trkpt>
      <trkpt lat="42.474286" lon="2.671373"><ele>218.5</ele></trkpt>
      <trkpt lat="42.474189" lon="2.671945"><ele>217.0</ele></trkpt>
      <trkpt lat="42.474168" lon="2.672232"><ele>217.0</ele></trkpt>
      <trkpt lat="42.474176" lon="2.672369"><ele>217.0</ele></trkpt>
      <trkpt lat="42.474299" lon="2.672829"><ele>216.8</ele></trkpt>
      <trkpt lat="42.474309" lon="2.672922"><ele>216.8</ele></trkpt>
      <trkpt lat="42.474279" lon="2.673017"><ele>216.2</ele></trkpt>
      <trkpt lat="42.474221" lon="2.673084"><ele>215.5</ele></trkpt>
      <trkpt lat="42.474102" lon="2.673187"><ele>214.2</ele></trkpt>
      <trkpt lat="42.474068" lon="2.673265"><ele>214.0</ele></trkpt>
      <trkpt lat="42.474063" lon="2.673371"><ele>213.2</ele></trkpt>
      <trkpt lat="42.474108" lon="2.673555"><ele>211.2</ele></trkpt>
      <trkpt lat="42.474163" lon="2.673730"><ele>209.8</ele></trkpt>
      <trkpt lat="42.474259" lon="2.673929"><ele>207.5</ele></trkpt>
      <trkpt lat="42.474332" lon="2.674035"><ele>206.8</ele></trkpt>
      <trkpt lat="42.474429" lon="2.674119"><ele>207.2</ele></trkpt>
      <trkpt lat="42.474503" lon="2.674170"><ele>207.0</ele></trkpt>
      <trkpt lat="42.474592" lon="2.674214"><ele>207.0</ele></trkpt>
      <trkpt lat="42.474727" lon="2.674246"><ele>207.2</ele></trkpt>
      <trkpt lat="42.474841" lon="2.674247"><ele>207.5</ele></trkpt>
      <trkpt lat="42.474976" lon="2.674216"><ele>207.8</ele></trkpt>
      <trkpt lat="42.475827" lon="2.674004"><ele>206.5</ele></trkpt>
      <trkpt lat="42.476243" lon="2.673870"><ele>205.0</ele></trkpt>
      <trkpt lat="42.476341" lon="2.673811"><ele>206.0</ele></trkpt>
      <trkpt lat="42.476491" lon="2.673668"><ele>207.2</ele></trkpt>
      <trkpt lat="42.476511" lon="2.673630"><ele>207.5</ele></trkpt>
      <trkpt lat="42.476537" lon="2.673579"><ele>207.5</ele></trkpt>
      <trkpt lat="42.476641" lon="2.673349"><ele>205.0</ele></trkpt>
      <trkpt lat="42.476749" lon="2.673186"><ele>203.8</ele></trkpt>
      <trkpt lat="42.476854" lon="2.673068"><ele>203.5</ele></trkpt>
      <trkpt lat="42.476964" lon="2.672980"><ele>202.8</ele></trkpt>
      <trkpt lat="42.477292" lon="2.672843"><ele>201.2</ele></trkpt>
      <trkpt lat="42.477342" lon="2.672820"><ele>201.0</ele></trkpt>
      <trkpt lat="42.478532" lon="2.672271"><ele>198.5</ele></trkpt>
      <trkpt lat="42.479129" lon="2.672007"><ele>199.2</ele></trkpt>
      <trkpt lat="42.479386" lon="2.671897"><ele>199.2</ele></trkpt>
      <trkpt lat="42.479768" lon="2.671793"><ele>199.0</ele></trkpt>
      <trkpt lat="42.480071" lon="2.671748"><ele>198.2</ele></trkpt>
      <trkpt lat="42.480437" lon="2.671725"><ele>199.2</ele></trkpt>
      <trkpt lat="42.480827" lon="2.671758"><ele>199.2</ele></trkpt>
      <trkpt lat="42.480908" lon="2.671771"><ele>199.2</ele></trkpt>
      <trkpt lat="42.481193" lon="2.671852"><ele>199.8</ele></trkpt>
      <trkpt lat="42.481429" lon="2.671920"><ele>201.0</ele></trkpt>
      <trkpt lat="42.481589" lon="2.671996"><ele>200.0</ele></trkpt>
      <trkpt lat="42.481821" lon="2.672131"><ele>199.0</ele></trkpt>
      <trkpt lat="42.481962" lon="2.672238"><ele>198.8</ele></trkpt>
      <trkpt lat="42.482070" lon="2.672347"><ele>198.5</ele></trkpt>
      <trkpt lat="42.482227" lon="2.672549"><ele>197.5</ele></trkpt>
      <trkpt lat="42.482348" lon="2.672726"><ele>197.2</ele></trkpt>
      <trkpt lat="42.482472" lon="2.672971"><ele>196.8</ele></trkpt>
      <trkpt lat="42.482570" lon="2.673184"><ele>195.8</ele></trkpt>
      <trkpt lat="42.482981" lon="2.674066"><ele>195.2</ele></trkpt>
      <trkpt lat="42.483182" lon="2.674490"><ele>194.5</ele></trkpt>
      <trkpt lat="42.483878" lon="2.676025"><ele>195.5</ele></trkpt>
      <trkpt lat="42.483959" lon="2.676202"><ele>195.8</ele></trkpt>
      <trkpt lat="42.484209" lon="2.676640"><ele>195.8</ele></trkpt>
      <trkpt lat="42.484301" lon="2.676772"><ele>195.5</ele></trkpt>
      <trkpt lat="42.483305" lon="2.677361"><ele>191.2</ele></trkpt>
      <trkpt lat="42.483287" lon="2.677369"><ele>191.5</ele></trkpt>
      <trkpt lat="42.483288" lon="2.677439"><ele>192.0</ele></trkpt>
      <trkpt lat="42.483255" lon="2.677487"><ele>192.8</ele></trkpt>
      <trkpt lat="42.483179" lon="2.677531"><ele>193.5</ele></trkpt>
      <trkpt lat="42.483147" lon="2.677579"><ele>194.2</ele></trkpt>
      <trkpt lat="42.483170" lon="2.677786"><ele>194.5</ele></trkpt>
      <trkpt lat="42.483238" lon="2.678105"><ele>194.2</ele></trkpt>
      <trkpt lat="42.483317" lon="2.678667"><ele>193.5</ele></trkpt>
      <trkpt lat="42.483288" lon="2.678703"><ele>194.2</ele></trkpt>
      <trkpt lat="42.483267" lon="2.678743"><ele>195.0</ele></trkpt>
      <trkpt lat="42.483267" lon="2.678854"><ele>195.2</ele></trkpt>
      <trkpt lat="42.483364" lon="2.679691"><ele>197.0</ele></trkpt>
      <trkpt lat="42.483327" lon="2.679987"><ele>198.8</ele></trkpt>
      <trkpt lat="42.483434" lon="2.680046"><ele>196.5</ele></trkpt>
      <trkpt lat="42.483526" lon="2.680154"><ele>195.8</ele></trkpt>
      <trkpt lat="42.483572" lon="2.680292"><ele>197.0</ele></trkpt>
      <trkpt lat="42.483688" lon="2.680979"><ele>193.8</ele></trkpt>
      <trkpt lat="42.483976" lon="2.682566"><ele>191.5</ele></trkpt>
      <trkpt lat="42.484006" lon="2.682961"><ele>191.5</ele></trkpt>
      <trkpt lat="42.484000" lon="2.683123"><ele>191.5</ele></trkpt>
      <trkpt lat="42.483970" lon="2.683317"><ele>191.8</ele></trkpt>
      <trkpt lat="42.483803" lon="2.683776"><ele>192.5</ele></trkpt>
      <trkpt lat="42.483744" lon="2.684024"><ele>192.5</ele></trkpt>
      <trkpt lat="42.483726" lon="2.684192"><ele>192.5</ele></trkpt>
      <trkpt lat="42.483740" lon="2.684301"><ele>192.8</ele></trkpt>
      <trkpt lat="42.483767" lon="2.684415"><ele>192.8</ele></trkpt>
      <trkpt lat="42.483918" lon="2.684788"><ele>192.5</ele></trkpt>
      <trkpt lat="42.484092" lon="2.685193"><ele>191.0</ele></trkpt>
      <trkpt lat="42.484158" lon="2.685456"><ele>191.2</ele></trkpt>
      <trkpt lat="42.484158" lon="2.685579"><ele>191.0</ele></trkpt>
      <trkpt lat="42.484032" lon="2.686433"><ele>190.2</ele></trkpt>
      <trkpt lat="42.483985" lon="2.686680"><ele>190.5</ele></trkpt>
      <trkpt lat="42.483939" lon="2.686785"><ele>190.5</ele></trkpt>
      <trkpt lat="42.483881" lon="2.686883"><ele>191.0</ele></trkpt>
      <trkpt lat="42.483629" lon="2.687090"><ele>190.2</ele></trkpt>
      <trkpt lat="42.483565" lon="2.687170"><ele>190.2</ele></trkpt>
      <trkpt lat="42.483526" lon="2.687321"><ele>189.8</ele></trkpt>
      <trkpt lat="42.483526" lon="2.687495"><ele>189.2</ele></trkpt>
      <trkpt lat="42.483738" lon="2.688549"><ele>188.0</ele></trkpt>
      <trkpt lat="42.483732" lon="2.688653"><ele>187.8</ele></trkpt>
      <trkpt lat="42.483695" lon="2.688756"><ele>187.5</ele></trkpt>
      <trkpt lat="42.483504" lon="2.688833"><ele>188.0</ele></trkpt>
      <trkpt lat="42.483465" lon="2.688846"><ele>188.5</ele></trkpt>
      <trkpt lat="42.483705" lon="2.690095"><ele>185.2</ele></trkpt>
      <trkpt lat="42.483749" lon="2.690376"><ele>185.0</ele></trkpt>
      <trkpt lat="42.483657" lon="2.690448"><ele>185.2</ele></trkpt>
      <trkpt lat="42.483534" lon="2.690594"><ele>186.0</ele></trkpt>
      <trkpt lat="42.483403" lon="2.690829"><ele>189.0</ele></trkpt>
      <trkpt lat="42.483358" lon="2.690966"><ele>189.8</ele></trkpt>
      <trkpt lat="42.483343" lon="2.691062"><ele>189.8</ele></trkpt>
      <trkpt lat="42.483317" lon="2.691333"><ele>191.8</ele></trkpt>
      <trkpt lat="42.483284" lon="2.691438"><ele>191.8</ele></trkpt>
      <trkpt lat="42.483197" lon="2.691487"><ele>192.5</ele></trkpt>
      <trkpt lat="42.483150" lon="2.691494"><ele>193.0</ele></trkpt>
      <trkpt lat="42.483083" lon="2.692384"><ele>191.5</ele></trkpt>
      <trkpt lat="42.483055" lon="2.692839"><ele>191.8</ele></trkpt>
      <trkpt lat="42.483061" lon="2.693198"><ele>190.8</ele></trkpt>
      <trkpt lat="42.483097" lon="2.693607"><ele>189.8</ele></trkpt>
      <trkpt lat="42.483151" lon="2.693917"><ele>190.8</ele></trkpt>
      <trkpt lat="42.483247" lon="2.694274"><ele>189.5</ele></trkpt>
      <trkpt lat="42.483402" lon="2.694705"><ele>186.8</ele></trkpt>
      <trkpt lat="42.483521" lon="2.694967"><ele>186.2</ele></trkpt>
      <trkpt lat="42.483669" lon="2.695231"><ele>184.2</ele></trkpt>
      <trkpt lat="42.483935" lon="2.695629"><ele>184.8</ele></trkpt>
      <trkpt lat="42.484210" lon="2.695922"><ele>183.2</ele></trkpt>
      <trkpt lat="42.484334" lon="2.696058"><ele>183.2</ele></trkpt>
      <trkpt lat="42.484513" lon="2.696240"><ele>182.8</ele></trkpt>
      <trkpt lat="42.484962" lon="2.696753"><ele>182.8</ele></trkpt>
      <trkpt lat="42.485363" lon="2.697161"><ele>183.0</ele></trkpt>
      <trkpt lat="42.485582" lon="2.697384"><ele>183.2</ele></trkpt>
      <trkpt lat="42.485881" lon="2.697660"><ele>183.2</ele></trkpt>
      <trkpt lat="42.486045" lon="2.697784"><ele>183.8</ele></trkpt>
      <trkpt lat="42.486205" lon="2.697904"><ele>183.2</ele></trkpt>
      <trkpt lat="42.486835" lon="2.698345"><ele>182.8</ele></trkpt>
      <trkpt lat="42.486967" lon="2.698449"><ele>182.2</ele></trkpt>
      <trkpt lat="42.487222" lon="2.698635"><ele>183.2</ele></trkpt>
      <trkpt lat="42.487323" lon="2.698711"><ele>183.8</ele></trkpt>
      <trkpt lat="42.487996" lon="2.699207"><ele>181.8</ele></trkpt>
      <trkpt lat="42.488087" lon="2.699269"><ele>182.0</ele></trkpt>
      <trkpt lat="42.489248" lon="2.700234"><ele>182.8</ele></trkpt>
      <trkpt lat="42.490067" lon="2.700929"><ele>185.0</ele></trkpt>
      <trkpt lat="42.490322" lon="2.701095"><ele>184.0</ele></trkpt>
      <trkpt lat="42.490433" lon="2.701162"><ele>182.5</ele></trkpt>
      <trkpt lat="42.491369" lon="2.701692"><ele>187.5</ele></trkpt>
      <trkpt lat="42.492838" lon="2.702504"><ele>184.0</ele></trkpt>
      <trkpt lat="42.493302" lon="2.702715"><ele>179.2</ele></trkpt>
      <trkpt lat="42.494017" lon="2.703032"><ele>177.8</ele></trkpt>
      <trkpt lat="42.494039" lon="2.703038"><ele>178.5</ele></trkpt>
      <trkpt lat="42.494469" lon="2.703243"><ele>182.0</ele></trkpt>
      <trkpt lat="42.494951" lon="2.703406"><ele>183.8</ele></trkpt>
      <trkpt lat="42.497065" lon="2.703998"><ele>177.2</ele></trkpt>
      <trkpt lat="42.497413" lon="2.704177"><ele>179.0</ele></trkpt>
      <trkpt lat="42.497696" lon="2.704400"><ele>179.8</ele></trkpt>
      <trkpt lat="42.498065" lon="2.704746"><ele>179.5</ele></trkpt>
      <trkpt lat="42.498352" lon="2.705129"><ele>179.8</ele></trkpt>
      <trkpt lat="42.498629" lon="2.705656"><ele>182.5</ele></trkpt>
      <trkpt lat="42.498806" lon="2.706146"><ele>183.0</ele></trkpt>
      <trkpt lat="42.498954" lon="2.706742"><ele>183.8</ele></trkpt>
      <trkpt lat="42.499004" lon="2.707148"><ele>184.5</ele></trkpt>
      <trkpt lat="42.499011" lon="2.707568"><ele>185.2</ele></trkpt>
      <trkpt lat="42.498977" lon="2.707955"><ele>185.2</ele></trkpt>
      <trkpt lat="42.498875" lon="2.708772"><ele>179.2</ele></trkpt>
      <trkpt lat="42.498884" lon="2.708828"><ele>179.0</ele></trkpt>
      <trkpt lat="42.498872" lon="2.708869"><ele>179.0</ele></trkpt>
      <trkpt lat="42.498864" lon="2.708922"><ele>179.0</ele></trkpt>
      <trkpt lat="42.498680" lon="2.709880"><ele>178.8</ele></trkpt>
      <trkpt lat="42.498630" lon="2.710180"><ele>177.2</ele></trkpt>
      <trkpt lat="42.498602" lon="2.710342"><ele>176.5</ele></trkpt>
      <trkpt lat="42.498593" lon="2.710391"><ele>176.2</ele></trkpt>
      <trkpt lat="42.498584" lon="2.710431"><ele>176.0</ele></trkpt>
      <trkpt lat="42.498578" lon="2.710457"><ele>175.8</ele></trkpt>
      <trkpt lat="42.498522" lon="2.710733"><ele>174.0</ele></trkpt>
      <trkpt lat="42.498466" lon="2.711009"><ele>175.0</ele></trkpt>
      <trkpt lat="42.498342" lon="2.711505"><ele>176.0</ele></trkpt>
      <trkpt lat="42.498042" lon="2.712500"><ele>173.8</ele></trkpt>
      <trkpt lat="42.497919" lon="2.712838"><ele>174.8</ele></trkpt>
      <trkpt lat="42.497178" lon="2.714791"><ele>169.0</ele></trkpt>
      <trkpt lat="42.497166" lon="2.714822"><ele>168.8</ele></trkpt>
      <trkpt lat="42.497143" lon="2.714886"><ele>168.0</ele></trkpt>
      <trkpt lat="42.496652" lon="2.716184"><ele>160.8</ele></trkpt>
      <trkpt lat="42.496532" lon="2.716506"><ele>156.2</ele></trkpt>
      <trkpt lat="42.496371" lon="2.716909"><ele>163.2</ele></trkpt>
      <trkpt lat="42.496286" lon="2.717060"><ele>161.8</ele></trkpt>
      <trkpt lat="42.496216" lon="2.717187"><ele>161.8</ele></trkpt>
      <trkpt lat="42.496165" lon="2.717395"><ele>162.0</ele></trkpt>
      <trkpt lat="42.496129" lon="2.717475"><ele>162.0</ele></trkpt>
      <trkpt lat="42.496048" lon="2.717586"><ele>161.2</ele></trkpt>
      <trkpt lat="42.496014" lon="2.717612"><ele>161.0</ele></trkpt>
      <trkpt lat="42.495835" lon="2.717829"><ele>160.0</ele></trkpt>
      <trkpt lat="42.495746" lon="2.717919"><ele>159.8</ele></trkpt>
      <trkpt lat="42.495671" lon="2.717953"><ele>159.8</ele></trkpt>
      <trkpt lat="42.495561" lon="2.717955"><ele>159.5</ele></trkpt>
      <trkpt lat="42.495469" lon="2.717943"><ele>158.8</ele></trkpt>
      <trkpt lat="42.495409" lon="2.717961"><ele>158.5</ele></trkpt>
      <trkpt lat="42.495378" lon="2.717988"><ele>158.5</ele></trkpt>
      <trkpt lat="42.495348" lon="2.718028"><ele>158.8</ele></trkpt>
      <trkpt lat="42.495339" lon="2.718055"><ele>159.0</ele></trkpt>
      <trkpt lat="42.495319" lon="2.718112"><ele>159.0</ele></trkpt>
      <trkpt lat="42.495306" lon="2.718156"><ele>159.0</ele></trkpt>
      <trkpt lat="42.495203" lon="2.718487"><ele>153.5</ele></trkpt>
      <trkpt lat="42.495134" lon="2.718594"><ele>148.0</ele></trkpt>
      <trkpt lat="42.495105" lon="2.718628"><ele>148.2</ele></trkpt>
      <trkpt lat="42.494824" lon="2.719010"><ele>151.2</ele></trkpt>
      <trkpt lat="42.494533" lon="2.719332"><ele>154.2</ele></trkpt>
      <trkpt lat="42.494238" lon="2.719645"><ele>157.5</ele></trkpt>
      <trkpt lat="42.494221" lon="2.719669"><ele>157.5</ele></trkpt>
      <trkpt lat="42.494177" lon="2.719723"><ele>159.5</ele></trkpt>
      <trkpt lat="42.494155" lon="2.719776"><ele>160.5</ele></trkpt>
      <trkpt lat="42.494158" lon="2.719845"><ele>160.2</ele></trkpt>
      <trkpt lat="42.494177" lon="2.719958"><ele>159.2</ele></trkpt>
      <trkpt lat="42.494153" lon="2.720068"><ele>158.8</ele></trkpt>
      <trkpt lat="42.494052" lon="2.720277"><ele>161.5</ele></trkpt>
      <trkpt lat="42.494009" lon="2.720382"><ele>163.0</ele></trkpt>
      <trkpt lat="42.493799" lon="2.720467"><ele>166.5</ele></trkpt>
      <trkpt lat="42.493733" lon="2.720515"><ele>166.5</ele></trkpt>
      <trkpt lat="42.493656" lon="2.720695"><ele>166.2</ele></trkpt>
      <trkpt lat="42.493468" lon="2.721341"><ele>167.8</ele></trkpt>
      <trkpt lat="42.493367" lon="2.721967"><ele>164.0</ele></trkpt>
      <trkpt lat="42.493355" lon="2.722068"><ele>163.5</ele></trkpt>
      <trkpt lat="42.493320" lon="2.722358"><ele>162.8</ele></trkpt>
      <trkpt lat="42.493311" lon="2.722756"><ele>155.8</ele></trkpt>
      <trkpt lat="42.493321" lon="2.722910"><ele>158.5</ele></trkpt>
      <trkpt lat="42.493359" lon="2.723294"><ele>161.5</ele></trkpt>
      <trkpt lat="42.493443" lon="2.723771"><ele>159.8</ele></trkpt>
      <trkpt lat="42.493581" lon="2.724257"><ele>160.0</ele></trkpt>
      <trkpt lat="42.493805" lon="2.724791"><ele>160.0</ele></trkpt>
      <trkpt lat="42.493824" lon="2.724911"><ele>160.5</ele></trkpt>
      <trkpt lat="42.493891" lon="2.725061"><ele>161.0</ele></trkpt>
      <trkpt lat="42.493966" lon="2.725266"><ele>161.2</ele></trkpt>
      <trkpt lat="42.494014" lon="2.725297"><ele>161.0</ele></trkpt>
      <trkpt lat="42.494097" lon="2.725346"><ele>160.5</ele></trkpt>
      <trkpt lat="42.494155" lon="2.725392"><ele>160.0</ele></trkpt>
      <trkpt lat="42.494218" lon="2.725521"><ele>159.5</ele></trkpt>
      <trkpt lat="42.494198" lon="2.725666"><ele>160.2</ele></trkpt>
      <trkpt lat="42.494207" lon="2.725684"><ele>160.5</ele></trkpt>
      <trkpt lat="42.494247" lon="2.725780"><ele>160.5</ele></trkpt>
      <trkpt lat="42.494402" lon="2.726112"><ele>161.2</ele></trkpt>
      <trkpt lat="42.494640" lon="2.726781"><ele>161.8</ele></trkpt>
      <trkpt lat="42.494764" lon="2.727280"><ele>157.8</ele></trkpt>
      <trkpt lat="42.494948" lon="2.728423"><ele>155.5</ele></trkpt>
      <trkpt lat="42.494986" lon="2.728800"><ele>155.8</ele></trkpt>
      <trkpt lat="42.494982" lon="2.729531"><ele>155.0</ele></trkpt>
      <trkpt lat="42.494945" lon="2.729863"><ele>154.8</ele></trkpt>
      <trkpt lat="42.494736" lon="2.729837"><ele>156.0</ele></trkpt>
      <trkpt lat="42.494670" lon="2.730018"><ele>155.8</ele></trkpt>
      <trkpt lat="42.494516" lon="2.730752"><ele>156.0</ele></trkpt>
      <trkpt lat="42.494462" lon="2.731116"><ele>155.8</ele></trkpt>
      <trkpt lat="42.494442" lon="2.731211"><ele>155.5</ele></trkpt>
      <trkpt lat="42.494431" lon="2.731253"><ele>155.5</ele></trkpt>
      <trkpt lat="42.494078" lon="2.732023"><ele>157.0</ele></trkpt>
      <trkpt lat="42.493948" lon="2.732218"><ele>158.2</ele></trkpt>
      <trkpt lat="42.493921" lon="2.732295"><ele>158.2</ele></trkpt>
      <trkpt lat="42.493880" lon="2.732408"><ele>158.2</ele></trkpt>
      <trkpt lat="42.493861" lon="2.732603"><ele>158.2</ele></trkpt>
      <trkpt lat="42.493819" lon="2.732822"><ele>158.8</ele></trkpt>
      <trkpt lat="42.493781" lon="2.732982"><ele>159.2</ele></trkpt>
      <trkpt lat="42.493671" lon="2.733342"><ele>160.2</ele></trkpt>
      <trkpt lat="42.493615" lon="2.733627"><ele>159.8</ele></trkpt>
      <trkpt lat="42.493565" lon="2.734082"><ele>158.8</ele></trkpt>
      <trkpt lat="42.493524" lon="2.734334"><ele>158.5</ele></trkpt>
      <trkpt lat="42.493486" lon="2.734520"><ele>158.8</ele></trkpt>
      <trkpt lat="42.493367" lon="2.735077"><ele>158.2</ele></trkpt>
      <trkpt lat="42.493347" lon="2.735167"><ele>158.2</ele></trkpt>
      <trkpt lat="42.493351" lon="2.735290"><ele>157.5</ele></trkpt>
      <trkpt lat="42.493312" lon="2.735336"><ele>157.8</ele></trkpt>
      <trkpt lat="42.493210" lon="2.735536"><ele>157.8</ele></trkpt>
      <trkpt lat="42.493042" lon="2.735891"><ele>159.0</ele></trkpt>
      <trkpt lat="42.493000" lon="2.735982"><ele>159.0</ele></trkpt>
      <trkpt lat="42.492940" lon="2.736125"><ele>159.2</ele></trkpt>
      <trkpt lat="42.492623" lon="2.736859"><ele>160.0</ele></trkpt>
      <trkpt lat="42.492444" lon="2.737242"><ele>159.2</ele></trkpt>
      <trkpt lat="42.492325" lon="2.737554"><ele>159.0</ele></trkpt>
      <trkpt lat="42.492233" lon="2.737772"><ele>158.8</ele></trkpt>
      <trkpt lat="42.492129" lon="2.738001"><ele>158.8</ele></trkpt>
      <trkpt lat="42.492051" lon="2.738266"><ele>158.8</ele></trkpt>
      <trkpt lat="42.492037" lon="2.738314"><ele>158.5</ele></trkpt>
      <trkpt lat="42.492023" lon="2.738364"><ele>158.5</ele></trkpt>
      <trkpt lat="42.491911" lon="2.738769"><ele>158.5</ele></trkpt>
      <trkpt lat="42.491857" lon="2.738909"><ele>158.5</ele></trkpt>
      <trkpt lat="42.491805" lon="2.739028"><ele>159.0</ele></trkpt>
      <trkpt lat="42.491589" lon="2.739538"><ele>159.2</ele></trkpt>
      <trkpt lat="42.491364" lon="2.740103"><ele>159.0</ele></trkpt>
      <trkpt lat="42.491255" lon="2.740359"><ele>159.2</ele></trkpt>
      <trkpt lat="42.491199" lon="2.740461"><ele>159.5</ele></trkpt>
      <trkpt lat="42.491164" lon="2.740444"><ele>159.8</ele></trkpt>
      <trkpt lat="42.491127" lon="2.740446"><ele>159.8</ele></trkpt>
      <trkpt lat="42.491094" lon="2.740467"><ele>160.0</ele></trkpt>
      <trkpt lat="42.491069" lon="2.740503"><ele>160.0</ele></trkpt>
      <trkpt lat="42.491056" lon="2.740550"><ele>160.0</ele></trkpt>
      <trkpt lat="42.491057" lon="2.740600"><ele>160.0</ele></trkpt>
      <trkpt lat="42.491072" lon="2.740646"><ele>160.0</ele></trkpt>
      <trkpt lat="42.491099" lon="2.740680"><ele>160.0</ele></trkpt>
      <trkpt lat="42.491058" lon="2.740820"><ele>160.0</ele></trkpt>
      <trkpt lat="42.491020" lon="2.740951"><ele>159.5</ele></trkpt>
      <trkpt lat="42.490853" lon="2.741241"><ele>159.8</ele></trkpt>
      <trkpt lat="42.490756" lon="2.741365"><ele>160.2</ele></trkpt>
      <trkpt lat="42.490632" lon="2.741434"><ele>160.5</ele></trkpt>
      <trkpt lat="42.490507" lon="2.741491"><ele>160.8</ele></trkpt>
      <trkpt lat="42.490519" lon="2.741538"><ele>160.5</ele></trkpt>
      <trkpt lat="42.490601" lon="2.741848"><ele>159.8</ele></trkpt>
      <trkpt lat="42.490614" lon="2.742028"><ele>159.2</ele></trkpt>
      <trkpt lat="42.490599" lon="2.742212"><ele>158.8</ele></trkpt>
      <trkpt lat="42.490539" lon="2.743007"><ele>158.0</ele></trkpt>
      <trkpt lat="42.490507" lon="2.743515"><ele>157.5</ele></trkpt>
      <trkpt lat="42.490563" lon="2.743768"><ele>155.8</ele></trkpt>
      <trkpt lat="42.490681" lon="2.744048"><ele>153.2</ele></trkpt>
      <trkpt lat="42.490731" lon="2.744122"><ele>152.0</ele></trkpt>
      <trkpt lat="42.490710" lon="2.744164"><ele>151.8</ele></trkpt>
      <trkpt lat="42.490618" lon="2.744344"><ele>152.5</ele></trkpt>
      <trkpt lat="42.490476" lon="2.744624"><ele>150.5</ele></trkpt>
      <trkpt lat="42.490446" lon="2.744684"><ele>149.8</ele></trkpt>
      <trkpt lat="42.490259" lon="2.745025"><ele>154.0</ele></trkpt>
      <trkpt lat="42.490243" lon="2.745044"><ele>154.2</ele></trkpt>
      <trkpt lat="42.490200" lon="2.745110"><ele>154.8</ele></trkpt>
      <trkpt lat="42.489888" lon="2.745808"><ele>156.2</ele></trkpt>
      <trkpt lat="42.489758" lon="2.746102"><ele>153.5</ele></trkpt>
      <trkpt lat="42.489680" lon="2.746262"><ele>152.5</ele></trkpt>
      <trkpt lat="42.489663" lon="2.746339"><ele>152.2</ele></trkpt>
      <trkpt lat="42.489636" lon="2.746465"><ele>152.0</ele></trkpt>
      <trkpt lat="42.489634" lon="2.746654"><ele>151.2</ele></trkpt>
      <trkpt lat="42.489635" lon="2.746772"><ele>150.8</ele></trkpt>
      <trkpt lat="42.489636" lon="2.746831"><ele>150.5</ele></trkpt>
      <trkpt lat="42.489622" lon="2.746900"><ele>150.0</ele></trkpt>
      <trkpt lat="42.489631" lon="2.746982"><ele>150.2</ele></trkpt>
      <trkpt lat="42.489607" lon="2.747029"><ele>150.2</ele></trkpt>
      <trkpt lat="42.489599" lon="2.747045"><ele>150.2</ele></trkpt>
      <trkpt lat="42.489536" lon="2.747099"><ele>150.0</ele></trkpt>
      <trkpt lat="42.489298" lon="2.747294"><ele>152.2</ele></trkpt>
      <trkpt lat="42.489197" lon="2.747378"><ele>152.8</ele></trkpt>
      <trkpt lat="42.489131" lon="2.747400"><ele>153.2</ele></trkpt>
      <trkpt lat="42.489081" lon="2.747397"><ele>153.8</ele></trkpt>
      <trkpt lat="42.488862" lon="2.747332"><ele>155.2</ele></trkpt>
      <trkpt lat="42.488776" lon="2.747337"><ele>156.0</ele></trkpt>
      <trkpt lat="42.488607" lon="2.747420"><ele>157.5</ele></trkpt>
      <trkpt lat="42.488442" lon="2.747544"><ele>159.2</ele></trkpt>
      <trkpt lat="42.488303" lon="2.747588"><ele>160.0</ele></trkpt>
      <trkpt lat="42.488261" lon="2.747600"><ele>160.2</ele></trkpt>
      <trkpt lat="42.488216" lon="2.747601"><ele>160.2</ele></trkpt>
      <trkpt lat="42.487656" lon="2.747608"><ele>162.2</ele></trkpt>
      <trkpt lat="42.487189" lon="2.747642"><ele>165.0</ele></trkpt>
      <trkpt lat="42.486993" lon="2.747648"><ele>165.8</ele></trkpt>
      <trkpt lat="42.486507" lon="2.747651"><ele>167.5</ele></trkpt>
      <trkpt lat="42.486307" lon="2.747696"><ele>168.2</ele></trkpt>
      <trkpt lat="42.485798" lon="2.747847"><ele>170.0</ele></trkpt>
      <trkpt lat="42.485742" lon="2.747819"><ele>170.2</ele></trkpt>
      <trkpt lat="42.485719" lon="2.747817"><ele>170.2</ele></trkpt>
      <trkpt lat="42.485659" lon="2.747835"><ele>170.5</ele></trkpt>
      <trkpt lat="42.485641" lon="2.747841"><ele>170.5</ele></trkpt>
      <trkpt lat="42.485657" lon="2.747917"><ele>170.5</ele></trkpt>
      <trkpt lat="42.485678" lon="2.748123"><ele>170.5</ele></trkpt>
      <trkpt lat="42.485669" lon="2.748134"><ele>170.5</ele></trkpt>
      <trkpt lat="42.485638" lon="2.748141"><ele>170.5</ele></trkpt>
      <trkpt lat="42.485636" lon="2.748169"><ele>170.5</ele></trkpt>
      <trkpt lat="42.485633" lon="2.748239"><ele>170.5</ele></trkpt>
      <trkpt lat="42.485597" lon="2.748307"><ele>170.8</ele></trkpt>
      <trkpt lat="42.485606" lon="2.748401"><ele>170.8</ele></trkpt>
      <trkpt lat="42.485672" lon="2.748528"><ele>170.5</ele></trkpt>
      <trkpt lat="42.485760" lon="2.748589"><ele>170.2</ele></trkpt>
      <trkpt lat="42.485655" lon="2.748766"><ele>170.2</ele></trkpt>
      <trkpt lat="42.485621" lon="2.748787"><ele>170.2</ele></trkpt>
      <trkpt lat="42.485536" lon="2.748783"><ele>170.2</ele></trkpt>
      <trkpt lat="42.485470" lon="2.748770"><ele>170.5</ele></trkpt>
      <trkpt lat="42.485253" lon="2.748707"><ele>171.5</ele></trkpt>
      <trkpt lat="42.485051" lon="2.748708"><ele>171.8</ele></trkpt>
      <trkpt lat="42.484885" lon="2.748848"><ele>172.0</ele></trkpt>
      <trkpt lat="42.484768" lon="2.748940"><ele>171.8</ele></trkpt>
      <trkpt lat="42.484757" lon="2.748948"><ele>171.8</ele></trkpt>
      <trkpt lat="42.484817" lon="2.749138"><ele>171.2</ele></trkpt>
      <trkpt lat="42.484859" lon="2.749246"><ele>171.0</ele></trkpt>
      <trkpt lat="42.484987" lon="2.749528"><ele>169.8</ele></trkpt>
      <trkpt lat="42.485070" lon="2.749735"><ele>168.8</ele></trkpt>
      <trkpt lat="42.485106" lon="2.749755"><ele>168.8</ele></trkpt>
      <trkpt lat="42.485068" lon="2.750019"><ele>168.5</ele></trkpt>
      <trkpt lat="42.485038" lon="2.750229"><ele>168.0</ele></trkpt>
      <trkpt lat="42.485030" lon="2.750263"><ele>167.8</ele></trkpt>
      <trkpt lat="42.484982" lon="2.750476"><ele>167.2</ele></trkpt>
      <trkpt lat="42.484934" lon="2.750843"><ele>167.0</ele></trkpt>
      <trkpt lat="42.484891" lon="2.751142"><ele>166.5</ele></trkpt>
      <trkpt lat="42.484879" lon="2.751191"><ele>166.5</ele></trkpt>
      <trkpt lat="42.484811" lon="2.751650"><ele>167.0</ele></trkpt>
      <trkpt lat="42.484740" lon="2.752133"><ele>166.8</ele></trkpt>
      <trkpt lat="42.484486" lon="2.753827"><ele>165.8</ele></trkpt>
      <trkpt lat="42.484449" lon="2.754080"><ele>165.8</ele></trkpt>
      <trkpt lat="42.484424" lon="2.754253"><ele>166.0</ele></trkpt>
      <trkpt lat="42.484407" lon="2.754383"><ele>166.0</ele></trkpt>
      <trkpt lat="42.484381" lon="2.754462"><ele>166.2</ele></trkpt>
      <trkpt lat="42.484343" lon="2.754772"><ele>166.8</ele></trkpt>
      <trkpt lat="42.484338" lon="2.754852"><ele>166.8</ele></trkpt>
      <trkpt lat="42.484354" lon="2.754937"><ele>166.2</ele></trkpt>
      <trkpt lat="42.484335" lon="2.754962"><ele>166.5</ele></trkpt>
      <trkpt lat="42.484325" lon="2.754994"><ele>166.5</ele></trkpt>
      <trkpt lat="42.484326" lon="2.755030"><ele>166.8</ele></trkpt>
      <trkpt lat="42.484266" lon="2.755304"><ele>167.8</ele></trkpt>
      <trkpt lat="42.484181" lon="2.755743"><ele>165.0</ele></trkpt>
      <trkpt lat="42.484170" lon="2.755924"><ele>163.2</ele></trkpt>
      <trkpt lat="42.484187" lon="2.756060"><ele>162.8</ele></trkpt>
      <trkpt lat="42.484200" lon="2.756387"><ele>159.5</ele></trkpt>
      <trkpt lat="42.484206" lon="2.756535"><ele>156.2</ele></trkpt>
      <trkpt lat="42.484220" lon="2.756808"><ele>155.0</ele></trkpt>
      <trkpt lat="42.484293" lon="2.758104"><ele>159.5</ele></trkpt>
      <trkpt lat="42.484320" lon="2.758681"><ele>164.5</ele></trkpt>
      <trkpt lat="42.484323" lon="2.758733"><ele>165.2</ele></trkpt>
      <trkpt lat="42.484380" lon="2.758728"><ele>165.0</ele></trkpt>
      <trkpt lat="42.484426" lon="2.758628"><ele>164.0</ele></trkpt>
      <trkpt lat="42.484463" lon="2.758547"><ele>163.0</ele></trkpt>
      <trkpt lat="42.484512" lon="2.758484"><ele>162.8</ele></trkpt>
      <trkpt lat="42.484583" lon="2.758446"><ele>162.8</ele></trkpt>
      <trkpt lat="42.484773" lon="2.758406"><ele>163.8</ele></trkpt>
      <trkpt lat="42.484900" lon="2.758395"><ele>164.0</ele></trkpt>
      <trkpt lat="42.484993" lon="2.758450"><ele>164.2</ele></trkpt>
      <trkpt lat="42.485068" lon="2.758517"><ele>165.0</ele></trkpt>
      <trkpt lat="42.485120" lon="2.758627"><ele>165.8</ele></trkpt>
      <trkpt lat="42.485149" lon="2.758745"><ele>166.5</ele></trkpt>
      <trkpt lat="42.485156" lon="2.758845"><ele>167.0</ele></trkpt>
      <trkpt lat="42.485161" lon="2.759185"><ele>167.8</ele></trkpt>
      <trkpt lat="42.485179" lon="2.759895"><ele>166.2</ele></trkpt>
      <trkpt lat="42.485214" lon="2.760694"><ele>166.2</ele></trkpt>
      <trkpt lat="42.485256" lon="2.760982"><ele>166.0</ele></trkpt>
      <trkpt lat="42.485265" lon="2.761573"><ele>165.2</ele></trkpt>
      <trkpt lat="42.485147" lon="2.762193"><ele>163.8</ele></trkpt>
      <trkpt lat="42.485060" lon="2.763184"><ele>163.8</ele></trkpt>
      <trkpt lat="42.484738" lon="2.764240"><ele>165.8</ele></trkpt>
      <trkpt lat="42.484677" lon="2.764278"><ele>166.5</ele></trkpt>
      <trkpt lat="42.484615" lon="2.764317"><ele>167.0</ele></trkpt>
      <trkpt lat="42.484622" lon="2.764407"><ele>166.8</ele></trkpt>
      <trkpt lat="42.484645" lon="2.764981"><ele>164.8</ele></trkpt>
      <trkpt lat="42.484666" lon="2.765412"><ele>162.0</ele></trkpt>
      <trkpt lat="42.484672" lon="2.765539"><ele>162.0</ele></trkpt>
      <trkpt lat="42.484687" lon="2.765876"><ele>165.0</ele></trkpt>
      <trkpt lat="42.484739" lon="2.766770"><ele>165.2</ele></trkpt>
      <trkpt lat="42.484868" lon="2.769333"><ele>162.2</ele></trkpt>
      <trkpt lat="42.484887" lon="2.769651"><ele>159.8</ele></trkpt>
      <trkpt lat="42.484923" lon="2.769835"><ele>157.5</ele></trkpt>
      <trkpt lat="42.484973" lon="2.770022"><ele>155.2</ele></trkpt>
      <trkpt lat="42.485022" lon="2.770166"><ele>153.8</ele></trkpt>
      <trkpt lat="42.485099" lon="2.770337"><ele>151.5</ele></trkpt>
      <trkpt lat="42.485233" lon="2.770602"><ele>147.8</ele></trkpt>
      <trkpt lat="42.485298" lon="2.770719"><ele>147.8</ele></trkpt>
      <trkpt lat="42.485456" lon="2.770992"><ele>149.5</ele></trkpt>
      <trkpt lat="42.486192" lon="2.772191"><ele>151.2</ele></trkpt>
      <trkpt lat="42.486355" lon="2.772466"><ele>153.5</ele></trkpt>
      <trkpt lat="42.486367" lon="2.772491"><ele>153.5</ele></trkpt>
      <trkpt lat="42.486599" lon="2.772930"><ele>156.5</ele></trkpt>
      <trkpt lat="42.486798" lon="2.773284"><ele>157.0</ele></trkpt>
      <trkpt lat="42.486964" lon="2.773526"><ele>157.5</ele></trkpt>
      <trkpt lat="42.487160" lon="2.773730"><ele>156.2</ele></trkpt>
      <trkpt lat="42.487248" lon="2.773808"><ele>155.8</ele></trkpt>
      <trkpt lat="42.486926" lon="2.774317"><ele>158.0</ele></trkpt>
      <trkpt lat="42.486875" lon="2.774472"><ele>158.2</ele></trkpt>
      <trkpt lat="42.486764" lon="2.775220"><ele>158.0</ele></trkpt>
      <trkpt lat="42.486716" lon="2.775581"><ele>158.2</ele></trkpt>
      <trkpt lat="42.486667" lon="2.775780"><ele>157.2</ele></trkpt>
      <trkpt lat="42.486572" lon="2.776015"><ele>157.2</ele></trkpt>
      <trkpt lat="42.486438" lon="2.776310"><ele>156.2</ele></trkpt>
      <trkpt lat="42.486270" lon="2.776927"><ele>154.8</ele></trkpt>
      <trkpt lat="42.485814" lon="2.778628"><ele>154.8</ele></trkpt>
      <trkpt lat="42.485904" lon="2.778820"><ele>152.5</ele></trkpt>
      <trkpt lat="42.486345" lon="2.779336"><ele>150.5</ele></trkpt>
      <trkpt lat="42.486379" lon="2.779468"><ele>149.8</ele></trkpt>
      <trkpt lat="42.486499" lon="2.779663"><ele>148.5</ele></trkpt>
      <trkpt lat="42.486603" lon="2.779785"><ele>148.0</ele></trkpt>
      <trkpt lat="42.486624" lon="2.779877"><ele>148.8</ele></trkpt>
      <trkpt lat="42.486609" lon="2.780012"><ele>150.2</ele></trkpt>
      <trkpt lat="42.486535" lon="2.780253"><ele>150.8</ele></trkpt>
      <trkpt lat="42.486405" lon="2.780386"><ele>150.2</ele></trkpt>
      <trkpt lat="42.486353" lon="2.780541"><ele>148.2</ele></trkpt>
      <trkpt lat="42.486331" lon="2.780660"><ele>149.0</ele></trkpt>
      <trkpt lat="42.485924" lon="2.781828"><ele>157.8</ele></trkpt>
      <trkpt lat="42.485497" lon="2.783830"><ele>176.0</ele></trkpt>
      <trkpt lat="42.485510" lon="2.784123"><ele>177.8</ele></trkpt>
      <trkpt lat="42.485276" lon="2.784221"><ele>179.0</ele></trkpt>
      <trkpt lat="42.485015" lon="2.784448"><ele>181.8</ele></trkpt>
      <trkpt lat="42.484896" lon="2.784568"><ele>183.2</ele></trkpt>
      <trkpt lat="42.484763" lon="2.784676"><ele>185.2</ele></trkpt>
      <trkpt lat="42.484501" lon="2.784848"><ele>189.2</ele></trkpt>
      <trkpt lat="42.484215" lon="2.784975"><ele>193.2</ele></trkpt>
      <trkpt lat="42.483997" lon="2.785095"><ele>195.5</ele></trkpt>
      <trkpt lat="42.483749" lon="2.785200"><ele>197.5</ele></trkpt>
      <trkpt lat="42.483349" lon="2.785324"><ele>198.8</ele></trkpt>
      <trkpt lat="42.483178" lon="2.785340"><ele>198.0</ele></trkpt>
      <trkpt lat="42.482959" lon="2.785314"><ele>197.5</ele></trkpt>
      <trkpt lat="42.482832" lon="2.785334"><ele>197.2</ele></trkpt>
      <trkpt lat="42.482655" lon="2.785363"><ele>196.8</ele></trkpt>
      <trkpt lat="42.482514" lon="2.785410"><ele>196.0</ele></trkpt>
      <trkpt lat="42.482334" lon="2.785563"><ele>195.0</ele></trkpt>
      <trkpt lat="42.482193" lon="2.785797"><ele>195.5</ele></trkpt>
      <trkpt lat="42.482173" lon="2.785884"><ele>195.5</ele></trkpt>
      <trkpt lat="42.482154" lon="2.785965"><ele>195.5</ele></trkpt>
      <trkpt lat="42.482190" lon="2.786294"><ele>195.5</ele></trkpt>
      <trkpt lat="42.482190" lon="2.786500"><ele>195.8</ele></trkpt>
      <trkpt lat="42.482228" lon="2.786572"><ele>195.2</ele></trkpt>
      <trkpt lat="42.482250" lon="2.786614"><ele>194.8</ele></trkpt>
      <trkpt lat="42.482496" lon="2.786806"><ele>192.0</ele></trkpt>
      <trkpt lat="42.482584" lon="2.786935"><ele>190.2</ele></trkpt>
      <trkpt lat="42.482690" lon="2.787264"><ele>188.5</ele></trkpt>
      <trkpt lat="42.482708" lon="2.787375"><ele>187.8</ele></trkpt>
      <trkpt lat="42.482757" lon="2.787675"><ele>185.5</ele></trkpt>
      <trkpt lat="42.482743" lon="2.787795"><ele>184.2</ele></trkpt>
      <trkpt lat="42.482740" lon="2.787897"><ele>183.0</ele></trkpt>
      <trkpt lat="42.482736" lon="2.788024"><ele>181.8</ele></trkpt>
      <trkpt lat="42.482775" lon="2.788358"><ele>179.8</ele></trkpt>
      <trkpt lat="42.482884" lon="2.788822"><ele>177.5</ele></trkpt>
      <trkpt lat="42.483012" lon="2.789175"><ele>177.2</ele></trkpt>
      <trkpt lat="42.483222" lon="2.789748"><ele>173.8</ele></trkpt>
      <trkpt lat="42.483360" lon="2.789984"><ele>170.8</ele></trkpt>
      <trkpt lat="42.483375" lon="2.790020"><ele>170.2</ele></trkpt>
      <trkpt lat="42.483416" lon="2.790106"><ele>168.5</ele></trkpt>
      <trkpt lat="42.483452" lon="2.790154"><ele>167.5</ele></trkpt>
      <trkpt lat="42.483504" lon="2.790160"><ele>167.0</ele></trkpt>
      <trkpt lat="42.483761" lon="2.790140"><ele>165.5</ele></trkpt>
      <trkpt lat="42.483842" lon="2.790188"><ele>164.8</ele></trkpt>
      <trkpt lat="42.483895" lon="2.790284"><ele>164.0</ele></trkpt>
      <trkpt lat="42.483930" lon="2.790513"><ele>162.8</ele></trkpt>
      <trkpt lat="42.483920" lon="2.790637"><ele>161.8</ele></trkpt>
      <trkpt lat="42.483814" lon="2.790957"><ele>158.8</ele></trkpt>
      <trkpt lat="42.483793" lon="2.791144"><ele>157.8</ele></trkpt>
      <trkpt lat="42.483800" lon="2.791440"><ele>156.0</ele></trkpt>
      <trkpt lat="42.483863" lon="2.791956"><ele>154.5</ele></trkpt>
      <trkpt lat="42.483881" lon="2.792181"><ele>153.2</ele></trkpt>
      <trkpt lat="42.483832" lon="2.792419"><ele>152.0</ele></trkpt>
      <trkpt lat="42.483747" lon="2.792634"><ele>151.2</ele></trkpt>
      <trkpt lat="42.483733" lon="2.792797"><ele>150.2</ele></trkpt>
      <trkpt lat="42.483751" lon="2.792993"><ele>150.8</ele></trkpt>
      <trkpt lat="42.483856" lon="2.793437"><ele>149.8</ele></trkpt>
      <trkpt lat="42.483916" lon="2.793877"><ele>148.0</ele></trkpt>
      <trkpt lat="42.483958" lon="2.794065"><ele>147.0</ele></trkpt>
      <trkpt lat="42.483966" lon="2.794096"><ele>147.0</ele></trkpt>
      <trkpt lat="42.484036" lon="2.794216"><ele>146.8</ele></trkpt>
      <trkpt lat="42.484465" lon="2.794609"><ele>144.8</ele></trkpt>
      <trkpt lat="42.484454" lon="2.794737"><ele>144.0</ele></trkpt>
      <trkpt lat="42.484417" lon="2.794860"><ele>145.5</ele></trkpt>
      <trkpt lat="42.484427" lon="2.794990"><ele>147.0</ele></trkpt>
      <trkpt lat="42.484506" lon="2.795090"><ele>147.0</ele></trkpt>
      <trkpt lat="42.484894" lon="2.795220"><ele>145.5</ele></trkpt>
      <trkpt lat="42.485147" lon="2.795423"><ele>144.5</ele></trkpt>
      <trkpt lat="42.485372" lon="2.795568"><ele>144.0</ele></trkpt>
      <trkpt lat="42.485540" lon="2.795657"><ele>142.8</ele></trkpt>
      <trkpt lat="42.486081" lon="2.795921"><ele>141.8</ele></trkpt>
      <trkpt lat="42.486250" lon="2.796053"><ele>142.2</ele></trkpt>
      <trkpt lat="42.486402" lon="2.796255"><ele>141.8</ele></trkpt>
      <trkpt lat="42.486709" lon="2.796807"><ele>142.8</ele></trkpt>
      <trkpt lat="42.487233" lon="2.797711"><ele>142.5</ele></trkpt>
      <trkpt lat="42.487411" lon="2.797996"><ele>141.2</ele></trkpt>
      <trkpt lat="42.487609" lon="2.798313"><ele>140.5</ele></trkpt>
      <trkpt lat="42.487962" lon="2.798983"><ele>138.8</ele></trkpt>
      <trkpt lat="42.488495" lon="2.799993"><ele>137.8</ele></trkpt>
      <trkpt lat="42.488769" lon="2.800419"><ele>137.5</ele></trkpt>
      <trkpt lat="42.489371" lon="2.801196"><ele>137.0</ele></trkpt>
      <trkpt lat="42.489346" lon="2.801252"><ele>137.0</ele></trkpt>
      <trkpt lat="42.489346" lon="2.801299"><ele>137.0</ele></trkpt>
      <trkpt lat="42.489354" lon="2.801346"><ele>137.0</ele></trkpt>
      <trkpt lat="42.489373" lon="2.801386"><ele>137.0</ele></trkpt>
      <trkpt lat="42.489400" lon="2.801415"><ele>136.8</ele></trkpt>
      <trkpt lat="42.489433" lon="2.801431"><ele>136.5</ele></trkpt>
      <trkpt lat="42.489468" lon="2.801431"><ele>136.5</ele></trkpt>
      <trkpt lat="42.489486" lon="2.801423"><ele>136.8</ele></trkpt>
      <trkpt lat="42.489495" lon="2.801459"><ele>136.5</ele></trkpt>
      <trkpt lat="42.489520" lon="2.801508"><ele>136.2</ele></trkpt>
      <trkpt lat="42.489820" lon="2.801902"><ele>132.5</ele></trkpt>
      <trkpt lat="42.489935" lon="2.802324"><ele>127.2</ele></trkpt>
      <trkpt lat="42.490004" lon="2.802603"><ele>125.5</ele></trkpt>
      <trkpt lat="42.490062" lon="2.802719"><ele>123.8</ele></trkpt>
      <trkpt lat="42.490120" lon="2.802786"><ele>123.2</ele></trkpt>
      <trkpt lat="42.490109" lon="2.802832"><ele>122.8</ele></trkpt>
      <trkpt lat="42.490106" lon="2.802878"><ele>122.2</ele></trkpt>
      <trkpt lat="42.490118" lon="2.802926"><ele>121.8</ele></trkpt>
      <trkpt lat="42.490137" lon="2.802966"><ele>121.8</ele></trkpt>
      <trkpt lat="42.490164" lon="2.802997"><ele>121.8</ele></trkpt>
      <trkpt lat="42.490139" lon="2.803047"><ele>121.0</ele></trkpt>
      <trkpt lat="42.490042" lon="2.803275"><ele>119.2</ele></trkpt>
      <trkpt lat="42.489594" lon="2.804879"><ele>110.5</ele></trkpt>
      <trkpt lat="42.489519" lon="2.805134"><ele>111.8</ele></trkpt>
      <trkpt lat="42.489486" lon="2.805276"><ele>114.8</ele></trkpt>
      <trkpt lat="42.489460" lon="2.805339"><ele>115.2</ele></trkpt>
      <trkpt lat="42.489431" lon="2.805496"><ele>116.2</ele></trkpt>
      <trkpt lat="42.489420" lon="2.805595"><ele>116.5</ele></trkpt>
      <trkpt lat="42.489405" lon="2.805616"><ele>116.5</ele></trkpt>
      <trkpt lat="42.489388" lon="2.805659"><ele>116.2</ele></trkpt>
      <trkpt lat="42.489289" lon="2.805700"><ele>115.5</ele></trkpt>
      <trkpt lat="42.489205" lon="2.805695"><ele>114.8</ele></trkpt>
      <trkpt lat="42.488847" lon="2.805353"><ele>113.8</ele></trkpt>
      <trkpt lat="42.488736" lon="2.805520"><ele>114.0</ele></trkpt>
      <trkpt lat="42.488296" lon="2.805655"><ele>115.0</ele></trkpt>
      <trkpt lat="42.488102" lon="2.805886"><ele>116.8</ele></trkpt>
      <trkpt lat="42.488049" lon="2.806036"><ele>117.8</ele></trkpt>
      <trkpt lat="42.488037" lon="2.806248"><ele>120.2</ele></trkpt>
      <trkpt lat="42.488088" lon="2.806417"><ele>122.2</ele></trkpt>
      <trkpt lat="42.488215" lon="2.806562"><ele>124.2</ele></trkpt>
      <trkpt lat="42.488350" lon="2.806669"><ele>126.0</ele></trkpt>
      <trkpt lat="42.488566" lon="2.806713"><ele>128.2</ele></trkpt>
      <trkpt lat="42.488532" lon="2.806761"><ele>128.8</ele></trkpt>
      <trkpt lat="42.488555" lon="2.807026"><ele>132.0</ele></trkpt>
      <trkpt lat="42.488418" lon="2.807068"><ele>132.2</ele></trkpt>
      <trkpt lat="42.488165" lon="2.807080"><ele>133.2</ele></trkpt>
      <trkpt lat="42.488021" lon="2.807089"><ele>134.0</ele></trkpt>
      <trkpt lat="42.487629" lon="2.807301"><ele>134.8</ele></trkpt>
      <trkpt lat="42.487541" lon="2.807348"><ele>134.8</ele></trkpt>
      <trkpt lat="42.487132" lon="2.807505"><ele>135.8</ele></trkpt>
      <trkpt lat="42.486938" lon="2.807607"><ele>136.0</ele></trkpt>
      <trkpt lat="42.486668" lon="2.807726"><ele>136.8</ele></trkpt>
      <trkpt lat="42.486582" lon="2.807722"><ele>137.5</ele></trkpt>
      <trkpt lat="42.486522" lon="2.807698"><ele>137.8</ele></trkpt>
      <trkpt lat="42.486208" lon="2.807653"><ele>138.5</ele></trkpt>
      <trkpt lat="42.486103" lon="2.807660"><ele>138.5</ele></trkpt>
      <trkpt lat="42.485979" lon="2.807691"><ele>139.2</ele></trkpt>
      <trkpt lat="42.485631" lon="2.807848"><ele>141.2</ele></trkpt>
      <trkpt lat="42.485262" lon="2.808014"><ele>144.8</ele></trkpt>
      <trkpt lat="42.485077" lon="2.808084"><ele>146.5</ele></trkpt>
      <trkpt lat="42.484643" lon="2.808152"><ele>148.8</ele></trkpt>
      <trkpt lat="42.484462" lon="2.808219"><ele>149.0</ele></trkpt>
      <trkpt lat="42.484149" lon="2.808383"><ele>152.2</ele></trkpt>
      <trkpt lat="42.483767" lon="2.808727"><ele>155.0</ele></trkpt>
      <trkpt lat="42.483568" lon="2.808886"><ele>155.0</ele></trkpt>
      <trkpt lat="42.483315" lon="2.809029"><ele>157.8</ele></trkpt>
      <trkpt lat="42.483201" lon="2.809083"><ele>158.8</ele></trkpt>
      <trkpt lat="42.483073" lon="2.809110"><ele>158.2</ele></trkpt>
      <trkpt lat="42.482931" lon="2.809112"><ele>158.8</ele></trkpt>
      <trkpt lat="42.482763" lon="2.809070"><ele>157.8</ele></trkpt>
      <trkpt lat="42.482675" lon="2.809030"><ele>158.8</ele></trkpt>
      <trkpt lat="42.482579" lon="2.808954"><ele>157.8</ele></trkpt>
      <trkpt lat="42.482317" lon="2.808618"><ele>157.0</ele></trkpt>
      <trkpt lat="42.482125" lon="2.808384"><ele>154.0</ele></trkpt>
      <trkpt lat="42.482080" lon="2.808357"><ele>153.8</ele></trkpt>
      <trkpt lat="42.482027" lon="2.808345"><ele>154.0</ele></trkpt>
      <trkpt lat="42.481581" lon="2.808381"><ele>157.0</ele></trkpt>
      <trkpt lat="42.481271" lon="2.808468"><ele>157.8</ele></trkpt>
      <trkpt lat="42.481086" lon="2.808570"><ele>157.0</ele></trkpt>
      <trkpt lat="42.480792" lon="2.808809"><ele>157.5</ele></trkpt>
      <trkpt lat="42.480702" lon="2.808850"><ele>157.2</ele></trkpt>
      <trkpt lat="42.480190" lon="2.808964"><ele>153.5</ele></trkpt>
      <trkpt lat="42.479822" lon="2.809142"><ele>151.0</ele></trkpt>
      <trkpt lat="42.479700" lon="2.809227"><ele>152.2</ele></trkpt>
      <trkpt lat="42.479549" lon="2.809374"><ele>152.8</ele></trkpt>
      <trkpt lat="42.479333" lon="2.809529"><ele>152.2</ele></trkpt>
      <trkpt lat="42.479221" lon="2.809583"><ele>153.0</ele></trkpt>
      <trkpt lat="42.479152" lon="2.809587"><ele>153.0</ele></trkpt>
      <trkpt lat="42.479090" lon="2.809562"><ele>152.5</ele></trkpt>
      <trkpt lat="42.479041" lon="2.809509"><ele>151.5</ele></trkpt>
      <trkpt lat="42.478943" lon="2.809350"><ele>150.5</ele></trkpt>
      <trkpt lat="42.478902" lon="2.809270"><ele>152.0</ele></trkpt>
      <trkpt lat="42.478531" lon="2.809553"><ele>155.0</ele></trkpt>
      <trkpt lat="42.478384" lon="2.809605"><ele>155.5</ele></trkpt>
      <trkpt lat="42.478323" lon="2.809585"><ele>156.8</ele></trkpt>
      <trkpt lat="42.478160" lon="2.809437"><ele>158.2</ele></trkpt>
      <trkpt lat="42.478047" lon="2.809386"><ele>156.5</ele></trkpt>
      <trkpt lat="42.478000" lon="2.809386"><ele>156.5</ele></trkpt>
      <trkpt lat="42.477903" lon="2.809458"><ele>156.5</ele></trkpt>
      <trkpt lat="42.477839" lon="2.809536"><ele>157.0</ele></trkpt>
      <trkpt lat="42.477805" lon="2.809632"><ele>158.0</ele></trkpt>
      <trkpt lat="42.477803" lon="2.809693"><ele>158.2</ele></trkpt>
      <trkpt lat="42.477801" lon="2.809738"><ele>158.8</ele></trkpt>
      <trkpt lat="42.477817" lon="2.809816"><ele>159.5</ele></trkpt>
      <trkpt lat="42.478147" lon="2.810371"><ele>162.2</ele></trkpt>
      <trkpt lat="42.478132" lon="2.810657"><ele>165.2</ele></trkpt>
      <trkpt lat="42.478061" lon="2.810928"><ele>166.2</ele></trkpt>
      <trkpt lat="42.477955" lon="2.811041"><ele>168.5</ele></trkpt>
      <trkpt lat="42.477616" lon="2.811312"><ele>171.2</ele></trkpt>
      <trkpt lat="42.477238" lon="2.811574"><ele>175.0</ele></trkpt>
      <trkpt lat="42.477110" lon="2.811692"><ele>176.2</ele></trkpt>
      <trkpt lat="42.477000" lon="2.811809"><ele>176.0</ele></trkpt>
      <trkpt lat="42.476898" lon="2.811805"><ele>178.5</ele></trkpt>
      <trkpt lat="42.476796" lon="2.811764"><ele>180.0</ele></trkpt>
      <trkpt lat="42.476479" lon="2.811673"><ele>184.0</ele></trkpt>
      <trkpt lat="42.476392" lon="2.811765"><ele>183.0</ele></trkpt>
      <trkpt lat="42.476317" lon="2.811919"><ele>182.0</ele></trkpt>
      <trkpt lat="42.476309" lon="2.812046"><ele>185.2</ele></trkpt>
      <trkpt lat="42.476608" lon="2.812244"><ele>185.8</ele></trkpt>
      <trkpt lat="42.476642" lon="2.812372"><ele>186.0</ele></trkpt>
      <trkpt lat="42.476645" lon="2.812737"><ele>189.2</ele></trkpt>
      <trkpt lat="42.476650" lon="2.813048"><ele>192.2</ele></trkpt>
      <trkpt lat="42.476718" lon="2.813395"><ele>188.5</ele></trkpt>
      <trkpt lat="42.476643" lon="2.813549"><ele>190.8</ele></trkpt>
      <trkpt lat="42.476496" lon="2.813799"><ele>191.5</ele></trkpt>
      <trkpt lat="42.476406" lon="2.814116"><ele>197.0</ele></trkpt>
      <trkpt lat="42.476399" lon="2.814484"><ele>201.0</ele></trkpt>
      <trkpt lat="42.476486" lon="2.814835"><ele>202.5</ele></trkpt>
      <trkpt lat="42.476494" lon="2.815055"><ele>203.5</ele></trkpt>
      <trkpt lat="42.476415" lon="2.815249"><ele>204.2</ele></trkpt>
      <trkpt lat="42.476309" lon="2.815336"><ele>205.2</ele></trkpt>
      <trkpt lat="42.476094" lon="2.815408"><ele>207.5</ele></trkpt>
      <trkpt lat="42.475909" lon="2.815623"><ele>208.0</ele></trkpt>
      <trkpt lat="42.475687" lon="2.815864"><ele>207.8</ele></trkpt>
      <trkpt lat="42.475536" lon="2.815895"><ele>212.2</ele></trkpt>
      <trkpt lat="42.475350" lon="2.815890"><ele>213.2</ele></trkpt>
      <trkpt lat="42.475230" lon="2.815901"><ele>214.0</ele></trkpt>
      <trkpt lat="42.475075" lon="2.815937"><ele>215.2</ele></trkpt>
      <trkpt lat="42.474901" lon="2.815897"><ele>216.8</ele></trkpt>
      <trkpt lat="42.474787" lon="2.815800"><ele>218.8</ele></trkpt>
      <trkpt lat="42.474685" lon="2.815663"><ele>220.8</ele></trkpt>
      <trkpt lat="42.474553" lon="2.815615"><ele>221.2</ele></trkpt>
      <trkpt lat="42.474199" lon="2.815535"><ele>223.8</ele></trkpt>
      <trkpt lat="42.474088" lon="2.815444"><ele>225.8</ele></trkpt>
      <trkpt lat="42.473839" lon="2.815304"><ele>226.8</ele></trkpt>
      <trkpt lat="42.473522" lon="2.815227"><ele>230.0</ele></trkpt>
      <trkpt lat="42.473377" lon="2.815240"><ele>231.5</ele></trkpt>
      <trkpt lat="42.473155" lon="2.815302"><ele>231.2</ele></trkpt>
      <trkpt lat="42.473053" lon="2.815271"><ele>233.2</ele></trkpt>
      <trkpt lat="42.472951" lon="2.815277"><ele>235.5</ele></trkpt>
      <trkpt lat="42.472592" lon="2.815518"><ele>237.5</ele></trkpt>
      <trkpt lat="42.472487" lon="2.815661"><ele>236.8</ele></trkpt>
      <trkpt lat="42.472253" lon="2.815825"><ele>240.2</ele></trkpt>
      <trkpt lat="42.471871" lon="2.816076"><ele>243.0</ele></trkpt>
      <trkpt lat="42.471747" lon="2.816087"><ele>244.0</ele></trkpt>
      <trkpt lat="42.471614" lon="2.816077"><ele>246.5</ele></trkpt>
      <trkpt lat="42.471195" lon="2.816241"><ele>249.0</ele></trkpt>
      <trkpt lat="42.471086" lon="2.816308"><ele>250.8</ele></trkpt>
      <trkpt lat="42.470897" lon="2.816584"><ele>252.5</ele></trkpt>
      <trkpt lat="42.470712" lon="2.816789"><ele>253.0</ele></trkpt>
      <trkpt lat="42.470456" lon="2.817045"><ele>257.0</ele></trkpt>
      <trkpt lat="42.470324" lon="2.817311"><ele>259.0</ele></trkpt>
      <trkpt lat="42.470272" lon="2.817627"><ele>258.8</ele></trkpt>
      <trkpt lat="42.470113" lon="2.817730"><ele>261.8</ele></trkpt>
      <trkpt lat="42.470038" lon="2.817858"><ele>263.2</ele></trkpt>
      <trkpt lat="42.470023" lon="2.818067"><ele>265.0</ele></trkpt>
      <trkpt lat="42.470024" lon="2.818603"><ele>267.2</ele></trkpt>
      <trkpt lat="42.470055" lon="2.818827"><ele>269.2</ele></trkpt>
      <trkpt lat="42.470059" lon="2.819037"><ele>270.2</ele></trkpt>
      <trkpt lat="42.469894" lon="2.820068"><ele>277.5</ele></trkpt>
      <trkpt lat="42.469847" lon="2.820407"><ele>280.2</ele></trkpt>
      <trkpt lat="42.469717" lon="2.820836"><ele>282.0</ele></trkpt>
      <trkpt lat="42.469606" lon="2.821143"><ele>283.2</ele></trkpt>
      <trkpt lat="42.469467" lon="2.821294"><ele>285.2</ele></trkpt>
      <trkpt lat="42.469087" lon="2.821581"><ele>288.5</ele></trkpt>
      <trkpt lat="42.468936" lon="2.821672"><ele>289.2</ele></trkpt>
      <trkpt lat="42.468830" lon="2.821672"><ele>290.2</ele></trkpt>
      <trkpt lat="42.468566" lon="2.821597"><ele>292.8</ele></trkpt>
      <trkpt lat="42.468373" lon="2.821547"><ele>294.5</ele></trkpt>
      <trkpt lat="42.468261" lon="2.821584"><ele>295.2</ele></trkpt>
      <trkpt lat="42.468210" lon="2.821617"><ele>295.5</ele></trkpt>
      <trkpt lat="42.468189" lon="2.821690"><ele>295.2</ele></trkpt>
      <trkpt lat="42.468216" lon="2.821845"><ele>297.2</ele></trkpt>
      <trkpt lat="42.468277" lon="2.822053"><ele>297.8</ele></trkpt>
      <trkpt lat="42.468285" lon="2.822129"><ele>297.8</ele></trkpt>
      <trkpt lat="42.468259" lon="2.822232"><ele>299.0</ele></trkpt>
      <trkpt lat="42.468120" lon="2.822436"><ele>301.0</ele></trkpt>
      <trkpt lat="42.467989" lon="2.822593"><ele>302.2</ele></trkpt>
      <trkpt lat="42.467833" lon="2.822704"><ele>303.8</ele></trkpt>
      <trkpt lat="42.467769" lon="2.822737"><ele>304.5</ele></trkpt>
      <trkpt lat="42.467385" lon="2.822885"><ele>307.5</ele></trkpt>
      <trkpt lat="42.467227" lon="2.822896"><ele>307.8</ele></trkpt>
      <trkpt lat="42.466752" lon="2.822763"><ele>309.0</ele></trkpt>
      <trkpt lat="42.466672" lon="2.822687"><ele>309.2</ele></trkpt>
      <trkpt lat="42.466627" lon="2.822621"><ele>309.0</ele></trkpt>
      <trkpt lat="42.466546" lon="2.822500"><ele>308.5</ele></trkpt>
      <trkpt lat="42.466481" lon="2.822410"><ele>308.8</ele></trkpt>
      <trkpt lat="42.466389" lon="2.822342"><ele>308.5</ele></trkpt>
      <trkpt lat="42.466281" lon="2.822321"><ele>308.5</ele></trkpt>
      <trkpt lat="42.465708" lon="2.822418"><ele>308.5</ele></trkpt>
      <trkpt lat="42.465440" lon="2.822436"><ele>309.2</ele></trkpt>
      <trkpt lat="42.465334" lon="2.822377"><ele>309.5</ele></trkpt>
      <trkpt lat="42.465161" lon="2.822016"><ele>309.0</ele></trkpt>
      <trkpt lat="42.465024" lon="2.821839"><ele>308.5</ele></trkpt>
      <trkpt lat="42.464896" lon="2.821747"><ele>309.8</ele></trkpt>
      <trkpt lat="42.464756" lon="2.821778"><ele>307.0</ele></trkpt>
      <trkpt lat="42.464513" lon="2.822014"><ele>303.8</ele></trkpt>
      <trkpt lat="42.464438" lon="2.822070"><ele>303.0</ele></trkpt>
      <trkpt lat="42.464322" lon="2.822080"><ele>302.0</ele></trkpt>
      <trkpt lat="42.464205" lon="2.821974"><ele>304.5</ele></trkpt>
      <trkpt lat="42.464083" lon="2.821946"><ele>303.8</ele></trkpt>
      <trkpt lat="42.464014" lon="2.821949"><ele>302.8</ele></trkpt>
      <trkpt lat="42.463892" lon="2.822020"><ele>301.8</ele></trkpt>
      <trkpt lat="42.463800" lon="2.822042"><ele>305.2</ele></trkpt>
      <trkpt lat="42.463727" lon="2.821971"><ele>306.8</ele></trkpt>
      <trkpt lat="42.463598" lon="2.821690"><ele>306.8</ele></trkpt>
      <trkpt lat="42.463224" lon="2.821005"><ele>315.0</ele></trkpt>
      <trkpt lat="42.463050" lon="2.820630"><ele>318.8</ele></trkpt>
      <trkpt lat="42.462933" lon="2.820260"><ele>323.0</ele></trkpt>
      <trkpt lat="42.462774" lon="2.820036"><ele>326.8</ele></trkpt>
      <trkpt lat="42.462746" lon="2.819942"><ele>327.5</ele></trkpt>
      <trkpt lat="42.462756" lon="2.819872"><ele>328.2</ele></trkpt>
      <trkpt lat="42.462884" lon="2.819746"><ele>325.8</ele></trkpt>
      <trkpt lat="42.462914" lon="2.819601"><ele>325.5</ele></trkpt>
      <trkpt lat="42.462899" lon="2.819510"><ele>326.5</ele></trkpt>
      <trkpt lat="42.462848" lon="2.819418"><ele>328.0</ele></trkpt>
      <trkpt lat="42.462724" lon="2.819334"><ele>329.5</ele></trkpt>
      <trkpt lat="42.462671" lon="2.819310"><ele>329.8</ele></trkpt>
      <trkpt lat="42.462560" lon="2.819309"><ele>331.8</ele></trkpt>
      <trkpt lat="42.462505" lon="2.819341"><ele>333.0</ele></trkpt>
      <trkpt lat="42.462492" lon="2.819368"><ele>333.5</ele></trkpt>
      <trkpt lat="42.462524" lon="2.819484"><ele>333.5</ele></trkpt>
      <trkpt lat="42.462332" lon="2.819640"><ele>336.5</ele></trkpt>
      <trkpt lat="42.462273" lon="2.819701"><ele>337.8</ele></trkpt>
      <trkpt lat="42.462235" lon="2.819836"><ele>339.8</ele></trkpt>
      <trkpt lat="42.462161" lon="2.819972"><ele>342.8</ele></trkpt>
      <trkpt lat="42.462274" lon="2.820106"><ele>342.0</ele></trkpt>
      <trkpt lat="42.462343" lon="2.820423"><ele>344.5</ele></trkpt>
      <trkpt lat="42.462468" lon="2.820815"><ele>345.8</ele></trkpt>
      <trkpt lat="42.462488" lon="2.821031"><ele>347.5</ele></trkpt>
      <trkpt lat="42.462498" lon="2.821423"><ele>348.2</ele></trkpt>
      <trkpt lat="42.462533" lon="2.821626"><ele>348.2</ele></trkpt>
      <trkpt lat="42.462697" lon="2.821957"><ele>347.8</ele></trkpt>
      <trkpt lat="42.462737" lon="2.822126"><ele>348.0</ele></trkpt>
      <trkpt lat="42.462777" lon="2.822356"><ele>348.0</ele></trkpt>
      <trkpt lat="42.462862" lon="2.822518"><ele>348.0</ele></trkpt>
      <trkpt lat="42.463216" lon="2.822856"><ele>348.8</ele></trkpt>
      <trkpt lat="42.463285" lon="2.823004"><ele>350.0</ele></trkpt>
      <trkpt lat="42.463320" lon="2.823274"><ele>351.0</ele></trkpt>
      <trkpt lat="42.463310" lon="2.823835"><ele>350.8</ele></trkpt>
      <trkpt lat="42.463240" lon="2.824308"><ele>352.2</ele></trkpt>
      <trkpt lat="42.463325" lon="2.824822"><ele>349.8</ele></trkpt>
      <trkpt lat="42.463330" lon="2.825024"><ele>348.5</ele></trkpt>
      <trkpt lat="42.463271" lon="2.825166"><ele>347.2</ele></trkpt>
      <trkpt lat="42.463186" lon="2.825220"><ele>347.0</ele></trkpt>
      <trkpt lat="42.462946" lon="2.825281"><ele>346.8</ele></trkpt>
      <trkpt lat="42.462917" lon="2.825342"><ele>347.8</ele></trkpt>
      <trkpt lat="42.462961" lon="2.825464"><ele>348.2</ele></trkpt>
      <trkpt lat="42.463126" lon="2.825680"><ele>346.0</ele></trkpt>
      <trkpt lat="42.463156" lon="2.825822"><ele>347.0</ele></trkpt>
      <trkpt lat="42.463126" lon="2.826112"><ele>346.2</ele></trkpt>
      <trkpt lat="42.463106" lon="2.826497"><ele>344.2</ele></trkpt>
      <trkpt lat="42.463036" lon="2.826633"><ele>344.5</ele></trkpt>
      <trkpt lat="42.462877" lon="2.826734"><ele>343.8</ele></trkpt>
      <trkpt lat="42.462647" lon="2.826802"><ele>344.5</ele></trkpt>
      <trkpt lat="42.462448" lon="2.826937"><ele>341.5</ele></trkpt>
      <trkpt lat="42.462034" lon="2.827085"><ele>338.2</ele></trkpt>
      <trkpt lat="42.461865" lon="2.827254"><ele>335.2</ele></trkpt>
      <trkpt lat="42.461775" lon="2.827443"><ele>336.0</ele></trkpt>
      <trkpt lat="42.461790" lon="2.827862"><ele>335.5</ele></trkpt>
      <trkpt lat="42.461845" lon="2.828038"><ele>333.8</ele></trkpt>
      <trkpt lat="42.461910" lon="2.828025"><ele>331.8</ele></trkpt>
      <trkpt lat="42.461954" lon="2.827957"><ele>330.5</ele></trkpt>
      <trkpt lat="42.462009" lon="2.827741"><ele>329.8</ele></trkpt>
      <trkpt lat="42.462114" lon="2.827653"><ele>329.0</ele></trkpt>
      <trkpt lat="42.462269" lon="2.827660"><ele>329.8</ele></trkpt>
      <trkpt lat="42.462418" lon="2.827727"><ele>330.5</ele></trkpt>
      <trkpt lat="42.462702" lon="2.827970"><ele>333.2</ele></trkpt>
      <trkpt lat="42.462742" lon="2.828079"><ele>335.5</ele></trkpt>
      <trkpt lat="42.462762" lon="2.828241"><ele>336.0</ele></trkpt>
      <trkpt lat="42.462712" lon="2.828639"><ele>338.0</ele></trkpt>
      <trkpt lat="42.462812" lon="2.829241"><ele>340.8</ele></trkpt>
      <trkpt lat="42.462892" lon="2.829389"><ele>340.8</ele></trkpt>
      <trkpt lat="42.462907" lon="2.829484"><ele>341.8</ele></trkpt>
      <trkpt lat="42.462887" lon="2.829626"><ele>342.5</ele></trkpt>
      <trkpt lat="42.462857" lon="2.829768"><ele>345.2</ele></trkpt>
      <trkpt lat="42.462882" lon="2.829916"><ele>346.2</ele></trkpt>
      <trkpt lat="42.462986" lon="2.829998"><ele>344.8</ele></trkpt>
      <trkpt lat="42.463231" lon="2.830072"><ele>343.5</ele></trkpt>
      <trkpt lat="42.463315" lon="2.830187"><ele>344.8</ele></trkpt>
      <trkpt lat="42.463330" lon="2.830342"><ele>344.8</ele></trkpt>
      <trkpt lat="42.463300" lon="2.830450"><ele>344.0</ele></trkpt>
      <trkpt lat="42.463156" lon="2.830741"><ele>343.8</ele></trkpt>
      <trkpt lat="42.463131" lon="2.830876"><ele>342.8</ele></trkpt>
      <trkpt lat="42.463191" lon="2.831018"><ele>340.5</ele></trkpt>
      <trkpt lat="42.463226" lon="2.831220"><ele>338.2</ele></trkpt>
      <trkpt lat="42.463206" lon="2.831423"><ele>337.8</ele></trkpt>
      <trkpt lat="42.463151" lon="2.831639"><ele>337.2</ele></trkpt>
      <trkpt lat="42.463151" lon="2.832038"><ele>335.8</ele></trkpt>
      <trkpt lat="42.463101" lon="2.832248"><ele>335.0</ele></trkpt>
      <trkpt lat="42.462981" lon="2.832491"><ele>333.2</ele></trkpt>
      <trkpt lat="42.463001" lon="2.832606"><ele>334.0</ele></trkpt>
      <trkpt lat="42.463111" lon="2.832849"><ele>333.8</ele></trkpt>
      <trkpt lat="42.463161" lon="2.833085"><ele>336.5</ele></trkpt>
      <trkpt lat="42.463196" lon="2.833173"><ele>337.8</ele></trkpt>
      <trkpt lat="42.463271" lon="2.833200"><ele>337.0</ele></trkpt>
      <trkpt lat="42.463315" lon="2.833139"><ele>335.0</ele></trkpt>
      <trkpt lat="42.463415" lon="2.832876"><ele>333.8</ele></trkpt>
      <trkpt lat="42.463510" lon="2.832693"><ele>334.0</ele></trkpt>
      <trkpt lat="42.463759" lon="2.832416"><ele>337.2</ele></trkpt>
      <trkpt lat="42.463988" lon="2.832085"><ele>337.2</ele></trkpt>
      <trkpt lat="42.464123" lon="2.832018"><ele>338.8</ele></trkpt>
      <trkpt lat="42.464228" lon="2.832018"><ele>338.8</ele></trkpt>
      <trkpt lat="42.464322" lon="2.832065"><ele>338.0</ele></trkpt>
      <trkpt lat="42.464387" lon="2.832180"><ele>338.5</ele></trkpt>
      <trkpt lat="42.464427" lon="2.832416"><ele>339.2</ele></trkpt>
      <trkpt lat="42.464462" lon="2.832714"><ele>340.8</ele></trkpt>
      <trkpt lat="42.464561" lon="2.832916"><ele>341.5</ele></trkpt>
      <trkpt lat="42.464716" lon="2.832984"><ele>340.2</ele></trkpt>
      <trkpt lat="42.464831" lon="2.832937"><ele>340.0</ele></trkpt>
      <trkpt lat="42.464965" lon="2.832835"><ele>339.5</ele></trkpt>
      <trkpt lat="42.465363" lon="2.832797"><ele>338.5</ele></trkpt>
      <trkpt lat="42.465508" lon="2.832777"><ele>337.2</ele></trkpt>
      <trkpt lat="42.465543" lon="2.832882"><ele>337.2</ele></trkpt>
      <trkpt lat="42.465465" lon="2.833404"><ele>339.5</ele></trkpt>
      <trkpt lat="42.465510" lon="2.833519"><ele>339.8</ele></trkpt>
      <trkpt lat="42.465729" lon="2.833702"><ele>339.0</ele></trkpt>
      <trkpt lat="42.465819" lon="2.833925"><ele>340.2</ele></trkpt>
      <trkpt lat="42.465799" lon="2.834235"><ele>340.5</ele></trkpt>
      <trkpt lat="42.465700" lon="2.834492"><ele>341.5</ele></trkpt>
      <trkpt lat="42.465475" lon="2.834837"><ele>342.8</ele></trkpt>
      <trkpt lat="42.465166" lon="2.835181"><ele>344.8</ele></trkpt>
      <trkpt lat="42.464957" lon="2.835539"><ele>345.2</ele></trkpt>
      <trkpt lat="42.464942" lon="2.835681"><ele>345.5</ele></trkpt>
      <trkpt lat="42.464977" lon="2.835985"><ele>345.2</ele></trkpt>
      <trkpt lat="42.464937" lon="2.836188"><ele>345.5</ele></trkpt>
      <trkpt lat="42.464867" lon="2.836330"><ele>344.8</ele></trkpt>
      <trkpt lat="42.464742" lon="2.836384"><ele>345.8</ele></trkpt>
      <trkpt lat="42.464533" lon="2.836384"><ele>348.0</ele></trkpt>
      <trkpt lat="42.464478" lon="2.836492"><ele>348.8</ele></trkpt>
      <trkpt lat="42.464513" lon="2.836735"><ele>348.8</ele></trkpt>
      <trkpt lat="42.464623" lon="2.836837"><ele>347.8</ele></trkpt>
      <trkpt lat="42.464742" lon="2.836931"><ele>346.8</ele></trkpt>
      <trkpt lat="42.464787" lon="2.837060"><ele>345.8</ele></trkpt>
      <trkpt lat="42.464752" lon="2.837235"><ele>347.8</ele></trkpt>
      <trkpt lat="42.464663" lon="2.837411"><ele>349.2</ele></trkpt>
      <trkpt lat="42.464653" lon="2.837566"><ele>349.8</ele></trkpt>
      <trkpt lat="42.464703" lon="2.837668"><ele>349.5</ele></trkpt>
      <trkpt lat="42.464887" lon="2.837837"><ele>347.8</ele></trkpt>
      <trkpt lat="42.464900" lon="2.837938"><ele>348.2</ele></trkpt>
      <trkpt lat="42.464912" lon="2.838026"><ele>348.5</ele></trkpt>
      <trkpt lat="42.464897" lon="2.838222"><ele>348.5</ele></trkpt>
      <trkpt lat="42.464822" lon="2.838445"><ele>349.5</ele></trkpt>
      <trkpt lat="42.464812" lon="2.838769"><ele>348.2</ele></trkpt>
      <trkpt lat="42.464723" lon="2.838972"><ele>349.2</ele></trkpt>
      <trkpt lat="42.464613" lon="2.839121"><ele>348.0</ele></trkpt>
      <trkpt lat="42.464498" lon="2.839148"><ele>348.8</ele></trkpt>
      <trkpt lat="42.464344" lon="2.839094"><ele>350.2</ele></trkpt>
      <trkpt lat="42.464272" lon="2.839030"><ele>351.2</ele></trkpt>
      <trkpt lat="42.464179" lon="2.839035"><ele>350.2</ele></trkpt>
      <trkpt lat="42.464105" lon="2.839078"><ele>350.8</ele></trkpt>
      <trkpt lat="42.464025" lon="2.839188"><ele>351.0</ele></trkpt>
      <trkpt lat="42.464139" lon="2.839722"><ele>350.8</ele></trkpt>
      <trkpt lat="42.464174" lon="2.840012"><ele>349.5</ele></trkpt>
      <trkpt lat="42.464143" lon="2.840140"><ele>349.5</ele></trkpt>
      <trkpt lat="42.464055" lon="2.840269"><ele>350.5</ele></trkpt>
      <trkpt lat="42.463935" lon="2.840350"><ele>350.0</ele></trkpt>
      <trkpt lat="42.463815" lon="2.840337"><ele>350.5</ele></trkpt>
      <trkpt lat="42.463621" lon="2.840208"><ele>353.0</ele></trkpt>
      <trkpt lat="42.463486" lon="2.840229"><ele>354.0</ele></trkpt>
      <trkpt lat="42.463402" lon="2.840296"><ele>353.8</ele></trkpt>
      <trkpt lat="42.463397" lon="2.840411"><ele>354.5</ele></trkpt>
      <trkpt lat="42.463471" lon="2.840708"><ele>352.2</ele></trkpt>
      <trkpt lat="42.463491" lon="2.841350"><ele>353.8</ele></trkpt>
      <trkpt lat="42.463456" lon="2.841533"><ele>353.5</ele></trkpt>
      <trkpt lat="42.463272" lon="2.841999"><ele>354.0</ele></trkpt>
      <trkpt lat="42.463227" lon="2.842181"><ele>355.0</ele></trkpt>
      <trkpt lat="42.463232" lon="2.842465"><ele>355.0</ele></trkpt>
      <trkpt lat="42.463187" lon="2.842560"><ele>354.8</ele></trkpt>
      <trkpt lat="42.463058" lon="2.842594"><ele>355.2</ele></trkpt>
      <trkpt lat="42.462993" lon="2.842681"><ele>355.5</ele></trkpt>
      <trkpt lat="42.462958" lon="2.842985"><ele>354.8</ele></trkpt>
      <trkpt lat="42.462888" lon="2.843222"><ele>355.2</ele></trkpt>
      <trkpt lat="42.462769" lon="2.843458"><ele>355.2</ele></trkpt>
      <trkpt lat="42.462460" lon="2.843918"><ele>356.2</ele></trkpt>
      <trkpt lat="42.462215" lon="2.844208"><ele>356.5</ele></trkpt>
      <trkpt lat="42.461872" lon="2.844591"><ele>357.5</ele></trkpt>
      <trkpt lat="42.461583" lon="2.844861"><ele>355.2</ele></trkpt>
      <trkpt lat="42.461478" lon="2.844873"><ele>354.8</ele></trkpt>
      <trkpt lat="42.461417" lon="2.844794"><ele>356.2</ele></trkpt>
      <trkpt lat="42.461378" lon="2.844682"><ele>358.0</ele></trkpt>
      <trkpt lat="42.461326" lon="2.844419"><ele>359.5</ele></trkpt>
      <trkpt lat="42.461288" lon="2.844284"><ele>361.5</ele></trkpt>
      <trkpt lat="42.461223" lon="2.844164"><ele>362.0</ele></trkpt>
      <trkpt lat="42.461166" lon="2.844144"><ele>360.2</ele></trkpt>
      <trkpt lat="42.461076" lon="2.844161"><ele>359.0</ele></trkpt>
      <trkpt lat="42.460860" lon="2.844494"><ele>357.8</ele></trkpt>
      <trkpt lat="42.460711" lon="2.844603"><ele>358.8</ele></trkpt>
      <trkpt lat="42.460568" lon="2.844640"><ele>359.0</ele></trkpt>
      <trkpt lat="42.460436" lon="2.844704"><ele>359.5</ele></trkpt>
      <trkpt lat="42.460327" lon="2.844827"><ele>358.8</ele></trkpt>
      <trkpt lat="42.460192" lon="2.845082"><ele>359.0</ele></trkpt>
      <trkpt lat="42.460097" lon="2.845592"><ele>357.5</ele></trkpt>
      <trkpt lat="42.459759" lon="2.846104"><ele>355.8</ele></trkpt>
      <trkpt lat="42.459705" lon="2.846211"><ele>356.8</ele></trkpt>
      <trkpt lat="42.459669" lon="2.846337"><ele>357.2</ele></trkpt>
      <trkpt lat="42.459705" lon="2.846454"><ele>355.8</ele></trkpt>
      <trkpt lat="42.459771" lon="2.846606"><ele>354.0</ele></trkpt>
      <trkpt lat="42.459803" lon="2.846785"><ele>352.8</ele></trkpt>
      <trkpt lat="42.459652" lon="2.847323"><ele>350.8</ele></trkpt>
      <trkpt lat="42.459617" lon="2.847440"><ele>350.8</ele></trkpt>
      <trkpt lat="42.459509" lon="2.847637"><ele>350.2</ele></trkpt>
      <trkpt lat="42.459306" lon="2.847776"><ele>350.0</ele></trkpt>
      <trkpt lat="42.458639" lon="2.848269"><ele>348.0</ele></trkpt>
      <trkpt lat="42.458263" lon="2.848690"><ele>347.2</ele></trkpt>
      <trkpt lat="42.458174" lon="2.848871"><ele>346.8</ele></trkpt>
      <trkpt lat="42.458155" lon="2.848966"><ele>345.2</ele></trkpt>
      <trkpt lat="42.457626" lon="2.849540"><ele>344.8</ele></trkpt>
      <trkpt lat="42.457253" lon="2.850104"><ele>342.5</ele></trkpt>
      <trkpt lat="42.457091" lon="2.850397"><ele>342.0</ele></trkpt>
      <trkpt lat="42.456994" lon="2.850711"><ele>340.2</ele></trkpt>
      <trkpt lat="42.456941" lon="2.851152"><ele>340.0</ele></trkpt>
      <trkpt lat="42.457217" lon="2.851719"><ele>337.2</ele></trkpt>
      <trkpt lat="42.457242" lon="2.851811"><ele>336.8</ele></trkpt>
      <trkpt lat="42.457230" lon="2.851901"><ele>337.5</ele></trkpt>
      <trkpt lat="42.457148" lon="2.852014"><ele>337.5</ele></trkpt>
      <trkpt lat="42.456982" lon="2.852131"><ele>337.2</ele></trkpt>
      <trkpt lat="42.456777" lon="2.852374"><ele>337.0</ele></trkpt>
      <trkpt lat="42.456709" lon="2.852492"><ele>336.5</ele></trkpt>
      <trkpt lat="42.456622" lon="2.852579"><ele>335.5</ele></trkpt>
      <trkpt lat="42.456502" lon="2.852640"><ele>335.2</ele></trkpt>
      <trkpt lat="42.456401" lon="2.852730"><ele>335.0</ele></trkpt>
      <trkpt lat="42.456259" lon="2.852944"><ele>333.8</ele></trkpt>
      <trkpt lat="42.456174" lon="2.853007"><ele>333.8</ele></trkpt>
      <trkpt lat="42.456111" lon="2.853030"><ele>334.2</ele></trkpt>
      <trkpt lat="42.455955" lon="2.853072"><ele>333.0</ele></trkpt>
      <trkpt lat="42.455733" lon="2.853148"><ele>331.8</ele></trkpt>
      <trkpt lat="42.455646" lon="2.853221"><ele>331.0</ele></trkpt>
      <trkpt lat="42.455594" lon="2.853299"><ele>330.0</ele></trkpt>
      <trkpt lat="42.455564" lon="2.853382"><ele>329.5</ele></trkpt>
      <trkpt lat="42.455474" lon="2.853937"><ele>328.8</ele></trkpt>
      <trkpt lat="42.455466" lon="2.854083"><ele>327.5</ele></trkpt>
      <trkpt lat="42.455335" lon="2.854791"><ele>326.5</ele></trkpt>
      <trkpt lat="42.455319" lon="2.854944"><ele>326.0</ele></trkpt>
      <trkpt lat="42.455297" lon="2.855087"><ele>326.2</ele></trkpt>
      <trkpt lat="42.455279" lon="2.855163"><ele>326.8</ele></trkpt>
      <trkpt lat="42.455207" lon="2.855317"><ele>328.0</ele></trkpt>
      <trkpt lat="42.455101" lon="2.855445"><ele>328.8</ele></trkpt>
      <trkpt lat="42.455050" lon="2.855518"><ele>329.0</ele></trkpt>
      <trkpt lat="42.455017" lon="2.855587"><ele>329.2</ele></trkpt>
      <trkpt lat="42.454952" lon="2.855821"><ele>329.2</ele></trkpt>
      <trkpt lat="42.454809" lon="2.856384"><ele>328.0</ele></trkpt>
      <trkpt lat="42.454667" lon="2.856976"><ele>326.2</ele></trkpt>
      <trkpt lat="42.454470" lon="2.857481"><ele>325.0</ele></trkpt>
      <trkpt lat="42.454474" lon="2.857578"><ele>325.0</ele></trkpt>
      <trkpt lat="42.454496" lon="2.857626"><ele>325.0</ele></trkpt>
      <trkpt lat="42.454586" lon="2.857749"><ele>325.5</ele></trkpt>
      <trkpt lat="42.454654" lon="2.857815"><ele>326.0</ele></trkpt>
      <trkpt lat="42.454813" lon="2.857934"><ele>328.2</ele></trkpt>
      <trkpt lat="42.454850" lon="2.857940"><ele>328.8</ele></trkpt>
      <trkpt lat="42.454898" lon="2.857925"><ele>329.2</ele></trkpt>
      <trkpt lat="42.454943" lon="2.857896"><ele>329.2</ele></trkpt>
      <trkpt lat="42.455093" lon="2.857752"><ele>328.5</ele></trkpt>
      <trkpt lat="42.455154" lon="2.857719"><ele>328.5</ele></trkpt>
      <trkpt lat="42.455216" lon="2.857706"><ele>329.0</ele></trkpt>
      <trkpt lat="42.455272" lon="2.857732"><ele>330.2</ele></trkpt>
      <trkpt lat="42.455446" lon="2.857988"><ele>333.5</ele></trkpt>
      <trkpt lat="42.455493" lon="2.858037"><ele>334.2</ele></trkpt>
      <trkpt lat="42.455612" lon="2.858113"><ele>336.2</ele></trkpt>
      <trkpt lat="42.455681" lon="2.858147"><ele>337.8</ele></trkpt>
      <trkpt lat="42.455744" lon="2.858154"><ele>338.2</ele></trkpt>
      <trkpt lat="42.455789" lon="2.858126"><ele>338.2</ele></trkpt>
      <trkpt lat="42.455818" lon="2.858073"><ele>337.8</ele></trkpt>
      <trkpt lat="42.455820" lon="2.857995"><ele>337.8</ele></trkpt>
      <trkpt lat="42.455838" lon="2.857908"><ele>338.5</ele></trkpt>
      <trkpt lat="42.455873" lon="2.857846"><ele>339.2</ele></trkpt>
      <trkpt lat="42.455911" lon="2.857818"><ele>339.8</ele></trkpt>
      <trkpt lat="42.456016" lon="2.857801"><ele>340.5</ele></trkpt>
      <trkpt lat="42.456086" lon="2.857808"><ele>341.5</ele></trkpt>
      <trkpt lat="42.456167" lon="2.857771"><ele>343.0</ele></trkpt>
      <trkpt lat="42.456209" lon="2.857725"><ele>344.2</ele></trkpt>
      <trkpt lat="42.456239" lon="2.857639"><ele>344.5</ele></trkpt>
      <trkpt lat="42.456276" lon="2.857462"><ele>344.2</ele></trkpt>
      <trkpt lat="42.456329" lon="2.857317"><ele>344.8</ele></trkpt>
      <trkpt lat="42.456431" lon="2.857151"><ele>346.2</ele></trkpt>
      <trkpt lat="42.456522" lon="2.857029"><ele>346.8</ele></trkpt>
      <trkpt lat="42.456591" lon="2.856959"><ele>347.0</ele></trkpt>
      <trkpt lat="42.456657" lon="2.856911"><ele>347.8</ele></trkpt>
      <trkpt lat="42.456730" lon="2.856872"><ele>348.0</ele></trkpt>
      <trkpt lat="42.456798" lon="2.856850"><ele>348.5</ele></trkpt>
      <trkpt lat="42.456928" lon="2.856824"><ele>349.8</ele></trkpt>
      <trkpt lat="42.457052" lon="2.856833"><ele>350.0</ele></trkpt>
      <trkpt lat="42.457124" lon="2.856857"><ele>350.8</ele></trkpt>
      <trkpt lat="42.457183" lon="2.856889"><ele>351.8</ele></trkpt>
      <trkpt lat="42.457232" lon="2.856928"><ele>353.5</ele></trkpt>
      <trkpt lat="42.457334" lon="2.856981"><ele>357.5</ele></trkpt>
      <trkpt lat="42.457380" lon="2.856977"><ele>358.0</ele></trkpt>
      <trkpt lat="42.457456" lon="2.856917"><ele>357.2</ele></trkpt>
      <trkpt lat="42.457559" lon="2.856760"><ele>356.5</ele></trkpt>
      <trkpt lat="42.457672" lon="2.856652"><ele>359.2</ele></trkpt>
      <trkpt lat="42.457763" lon="2.856473"><ele>360.8</ele></trkpt>
      <trkpt lat="42.457859" lon="2.856303"><ele>360.8</ele></trkpt>
      <trkpt lat="42.457910" lon="2.856257"><ele>361.0</ele></trkpt>
      <trkpt lat="42.457969" lon="2.856227"><ele>362.0</ele></trkpt>
      <trkpt lat="42.458040" lon="2.856205"><ele>363.2</ele></trkpt>
      <trkpt lat="42.458212" lon="2.856199"><ele>364.5</ele></trkpt>
      <trkpt lat="42.458281" lon="2.856212"><ele>365.5</ele></trkpt>
      <trkpt lat="42.458370" lon="2.856257"><ele>366.5</ele></trkpt>
      <trkpt lat="42.458568" lon="2.856393"><ele>367.8</ele></trkpt>
      <trkpt lat="42.458703" lon="2.856501"><ele>370.5</ele></trkpt>
      <trkpt lat="42.458925" lon="2.856593"><ele>372.5</ele></trkpt>
      <trkpt lat="42.459059" lon="2.856692"><ele>374.8</ele></trkpt>
      <trkpt lat="42.459147" lon="2.856789"><ele>376.2</ele></trkpt>
      <trkpt lat="42.459187" lon="2.856808"><ele>376.5</ele></trkpt>
      <trkpt lat="42.459237" lon="2.856808"><ele>377.0</ele></trkpt>
      <trkpt lat="42.459423" lon="2.856780"><ele>378.2</ele></trkpt>
      <trkpt lat="42.459498" lon="2.856784"><ele>377.8</ele></trkpt>
      <trkpt lat="42.459566" lon="2.856807"><ele>377.5</ele></trkpt>
      <trkpt lat="42.459611" lon="2.856837"><ele>378.0</ele></trkpt>
      <trkpt lat="42.459643" lon="2.856875"><ele>378.5</ele></trkpt>
      <trkpt lat="42.459709" lon="2.856997"><ele>380.5</ele></trkpt>
      <trkpt lat="42.459733" lon="2.857078"><ele>381.0</ele></trkpt>
      <trkpt lat="42.459767" lon="2.857296"><ele>381.0</ele></trkpt>
      <trkpt lat="42.459776" lon="2.857440"><ele>380.0</ele></trkpt>
      <trkpt lat="42.459770" lon="2.857518"><ele>380.0</ele></trkpt>
      <trkpt lat="42.459757" lon="2.857599"><ele>380.2</ele></trkpt>
      <trkpt lat="42.459724" lon="2.857715"><ele>381.0</ele></trkpt>
      <trkpt lat="42.459724" lon="2.857798"><ele>381.0</ele></trkpt>
      <trkpt lat="42.459749" lon="2.857855"><ele>381.2</ele></trkpt>
      <trkpt lat="42.459794" lon="2.857899"><ele>380.8</ele></trkpt>
      <trkpt lat="42.459840" lon="2.857914"><ele>380.2</ele></trkpt>
      <trkpt lat="42.459903" lon="2.857908"><ele>379.0</ele></trkpt>
      <trkpt lat="42.459960" lon="2.857882"><ele>377.2</ele></trkpt>
      <trkpt lat="42.460145" lon="2.857766"><ele>373.0</ele></trkpt>
      <trkpt lat="42.460194" lon="2.857746"><ele>372.5</ele></trkpt>
      <trkpt lat="42.460253" lon="2.857741"><ele>372.0</ele></trkpt>
      <trkpt lat="42.460298" lon="2.857758"><ele>371.8</ele></trkpt>
      <trkpt lat="42.460339" lon="2.857794"><ele>371.2</ele></trkpt>
      <trkpt lat="42.460375" lon="2.857861"><ele>370.2</ele></trkpt>
      <trkpt lat="42.460389" lon="2.857910"><ele>369.8</ele></trkpt>
      <trkpt lat="42.460393" lon="2.857983"><ele>369.8</ele></trkpt>
      <trkpt lat="42.460388" lon="2.858203"><ele>369.8</ele></trkpt>
      <trkpt lat="42.460392" lon="2.858271"><ele>369.5</ele></trkpt>
      <trkpt lat="42.460409" lon="2.858338"><ele>368.8</ele></trkpt>
      <trkpt lat="42.460426" lon="2.858374"><ele>369.0</ele></trkpt>
      <trkpt lat="42.460698" lon="2.858639"><ele>365.0</ele></trkpt>
      <trkpt lat="42.460752" lon="2.858671"><ele>363.5</ele></trkpt>
      <trkpt lat="42.460953" lon="2.858950"><ele>359.5</ele></trkpt>
      <trkpt lat="42.461012" lon="2.858980"><ele>358.8</ele></trkpt>
      <trkpt lat="42.461131" lon="2.859020"><ele>356.8</ele></trkpt>
      <trkpt lat="42.461186" lon="2.859057"><ele>355.8</ele></trkpt>
      <trkpt lat="42.461220" lon="2.859094"><ele>355.0</ele></trkpt>
      <trkpt lat="42.461244" lon="2.859148"><ele>355.0</ele></trkpt>
      <trkpt lat="42.461254" lon="2.859200"><ele>354.2</ele></trkpt>
      <trkpt lat="42.461242" lon="2.859307"><ele>353.0</ele></trkpt>
      <trkpt lat="42.461220" lon="2.859361"><ele>352.8</ele></trkpt>
      <trkpt lat="42.461187" lon="2.859414"><ele>352.8</ele></trkpt>
      <trkpt lat="42.461107" lon="2.859519"><ele>352.2</ele></trkpt>
      <trkpt lat="42.461051" lon="2.859608"><ele>352.0</ele></trkpt>
      <trkpt lat="42.461019" lon="2.859677"><ele>352.0</ele></trkpt>
      <trkpt lat="42.461013" lon="2.859732"><ele>351.5</ele></trkpt>
      <trkpt lat="42.461017" lon="2.859788"><ele>351.0</ele></trkpt>
      <trkpt lat="42.461037" lon="2.859865"><ele>350.2</ele></trkpt>
      <trkpt lat="42.461067" lon="2.859930"><ele>349.2</ele></trkpt>
      <trkpt lat="42.461205" lon="2.860096"><ele>345.8</ele></trkpt>
      <trkpt lat="42.461266" lon="2.860149"><ele>344.5</ele></trkpt>
      <trkpt lat="42.461330" lon="2.860193"><ele>343.8</ele></trkpt>
      <trkpt lat="42.461378" lon="2.860239"><ele>343.5</ele></trkpt>
      <trkpt lat="42.461424" lon="2.860300"><ele>342.8</ele></trkpt>
      <trkpt lat="42.461488" lon="2.860454"><ele>341.5</ele></trkpt>
      <trkpt lat="42.461565" lon="2.860746"><ele>340.0</ele></trkpt>
      <trkpt lat="42.461614" lon="2.860851"><ele>339.5</ele></trkpt>
      <trkpt lat="42.461738" lon="2.861276"><ele>336.8</ele></trkpt>
      <trkpt lat="42.461853" lon="2.861731"><ele>332.8</ele></trkpt>
      <trkpt lat="42.461971" lon="2.862067"><ele>330.0</ele></trkpt>
      <trkpt lat="42.462002" lon="2.862123"><ele>329.2</ele></trkpt>
      <trkpt lat="42.462036" lon="2.862151"><ele>328.8</ele></trkpt>
      <trkpt lat="42.462069" lon="2.862163"><ele>328.5</ele></trkpt>
      <trkpt lat="42.462117" lon="2.862169"><ele>328.2</ele></trkpt>
      <trkpt lat="42.462168" lon="2.862163"><ele>328.2</ele></trkpt>
      <trkpt lat="42.462225" lon="2.862146"><ele>328.5</ele></trkpt>
      <trkpt lat="42.462342" lon="2.862090"><ele>326.5</ele></trkpt>
      <trkpt lat="42.462418" lon="2.862034"><ele>325.8</ele></trkpt>
      <trkpt lat="42.462528" lon="2.861916"><ele>325.5</ele></trkpt>
      <trkpt lat="42.462651" lon="2.861805"><ele>324.0</ele></trkpt>
      <trkpt lat="42.462733" lon="2.861752"><ele>323.0</ele></trkpt>
      <trkpt lat="42.462954" lon="2.861581"><ele>320.5</ele></trkpt>
      <trkpt lat="42.463147" lon="2.861337"><ele>318.5</ele></trkpt>
      <trkpt lat="42.463285" lon="2.861129"><ele>316.5</ele></trkpt>
      <trkpt lat="42.463439" lon="2.860819"><ele>314.2</ele></trkpt>
      <trkpt lat="42.463487" lon="2.860686"><ele>313.5</ele></trkpt>
      <trkpt lat="42.463532" lon="2.860494"><ele>313.0</ele></trkpt>
      <trkpt lat="42.463553" lon="2.860478"><ele>312.2</ele></trkpt>
      <trkpt lat="42.463578" lon="2.860468"><ele>311.5</ele></trkpt>
      <trkpt lat="42.463603" lon="2.860479"><ele>310.5</ele></trkpt>
      <trkpt lat="42.463625" lon="2.860504"><ele>309.8</ele></trkpt>
      <trkpt lat="42.463727" lon="2.860837"><ele>306.2</ele></trkpt>
      <trkpt lat="42.463766" lon="2.860923"><ele>305.2</ele></trkpt>
      <trkpt lat="42.463830" lon="2.861026"><ele>304.0</ele></trkpt>
      <trkpt lat="42.463905" lon="2.861110"><ele>302.8</ele></trkpt>
      <trkpt lat="42.464101" lon="2.861297"><ele>301.2</ele></trkpt>
      <trkpt lat="42.464355" lon="2.861527"><ele>300.2</ele></trkpt>
      <trkpt lat="42.464372" lon="2.861555"><ele>300.2</ele></trkpt>
      <trkpt lat="42.464405" lon="2.861586"><ele>300.5</ele></trkpt>
      <trkpt lat="42.464435" lon="2.861594"><ele>300.8</ele></trkpt>
      <trkpt lat="42.464431" lon="2.861904"><ele>299.0</ele></trkpt>
      <trkpt lat="42.464431" lon="2.861962"><ele>298.5</ele></trkpt>
      <trkpt lat="42.464431" lon="2.862243"><ele>297.2</ele></trkpt>
      <trkpt lat="42.464443" lon="2.862283"><ele>297.0</ele></trkpt>
      <trkpt lat="42.464457" lon="2.862306"><ele>296.5</ele></trkpt>
      <trkpt lat="42.464476" lon="2.862316"><ele>296.2</ele></trkpt>
      <trkpt lat="42.464495" lon="2.862556"><ele>291.8</ele></trkpt>
      <trkpt lat="42.464523" lon="2.862694"><ele>287.5</ele></trkpt>
      <trkpt lat="42.464559" lon="2.862974"><ele>282.8</ele></trkpt>
      <trkpt lat="42.464553" lon="2.863109"><ele>281.8</ele></trkpt>
      <trkpt lat="42.464401" lon="2.863079"><ele>280.8</ele></trkpt>
      <trkpt lat="42.464334" lon="2.863079"><ele>280.2</ele></trkpt>
      <trkpt lat="42.464274" lon="2.863093"><ele>279.8</ele></trkpt>
      <trkpt lat="42.463939" lon="2.863192"><ele>278.2</ele></trkpt>
      <trkpt lat="42.463910" lon="2.863026"><ele>282.0</ele></trkpt>
      <trkpt lat="42.463939" lon="2.863192"><ele>278.2</ele></trkpt>
      <trkpt lat="42.463578" lon="2.863290"><ele>274.8</ele></trkpt>
      <trkpt lat="42.463548" lon="2.863300"><ele>274.5</ele></trkpt>
      <trkpt lat="42.463280" lon="2.863382"><ele>273.0</ele></trkpt>
      <trkpt lat="42.462666" lon="2.863571"><ele>269.2</ele></trkpt>
      <trkpt lat="42.462706" lon="2.863811"><ele>269.5</ele></trkpt>
      <trkpt lat="42.462666" lon="2.864084"><ele>269.8</ele></trkpt>
      <trkpt lat="42.462658" lon="2.864364"><ele>270.8</ele></trkpt>
      <trkpt lat="42.462539" lon="2.864412"><ele>271.2</ele></trkpt>
      <trkpt lat="42.462410" lon="2.864410"><ele>270.8</ele></trkpt>
      <trkpt lat="42.461817" lon="2.864559"><ele>267.0</ele></trkpt>
      <trkpt lat="42.461518" lon="2.864748"><ele>267.2</ele></trkpt>
      <trkpt lat="42.461488" lon="2.864772"><ele>267.2</ele></trkpt>
      <trkpt lat="42.460943" lon="2.865137"><ele>263.8</ele></trkpt>
      <trkpt lat="42.460827" lon="2.865205"><ele>263.0</ele></trkpt>
      <trkpt lat="42.460781" lon="2.865212"><ele>263.5</ele></trkpt>
      <trkpt lat="42.460741" lon="2.865204"><ele>263.8</ele></trkpt>
      <trkpt lat="42.460712" lon="2.865183"><ele>263.8</ele></trkpt>
      <trkpt lat="42.460667" lon="2.865122"><ele>262.8</ele></trkpt>
      <trkpt lat="42.460423" lon="2.864636"><ele>256.5</ele></trkpt>
      <trkpt lat="42.460315" lon="2.864491"><ele>254.0</ele></trkpt>
      <trkpt lat="42.460203" lon="2.864351"><ele>253.2</ele></trkpt>
      <trkpt lat="42.460102" lon="2.864277"><ele>253.0</ele></trkpt>
      <trkpt lat="42.460038" lon="2.864264"><ele>253.2</ele></trkpt>
      <trkpt lat="42.459938" lon="2.864271"><ele>252.8</ele></trkpt>
      <trkpt lat="42.459782" lon="2.864293"><ele>251.2</ele></trkpt>
      <trkpt lat="42.459438" lon="2.864383"><ele>246.8</ele></trkpt>
      <trkpt lat="42.459098" lon="2.864462"><ele>245.5</ele></trkpt>
      <trkpt lat="42.459056" lon="2.864149"><ele>245.0</ele></trkpt>
      <trkpt lat="42.459045" lon="2.864062"><ele>245.0</ele></trkpt>
      <trkpt lat="42.458967" lon="2.864081"><ele>244.5</ele></trkpt>
      <trkpt lat="42.458938" lon="2.864086"><ele>244.2</ele></trkpt>
      <trkpt lat="42.458904" lon="2.864091"><ele>244.0</ele></trkpt>
      <trkpt lat="42.458764" lon="2.864140"><ele>243.0</ele></trkpt>
      <trkpt lat="42.458599" lon="2.864250"><ele>241.8</ele></trkpt>
      <trkpt lat="42.458467" lon="2.864371"><ele>240.2</ele></trkpt>
      <trkpt lat="42.458226" lon="2.864555"><ele>240.0</ele></trkpt>
      <trkpt lat="42.458069" lon="2.864611"><ele>237.8</ele></trkpt>
      <trkpt lat="42.456926" lon="2.864898"><ele>229.5</ele></trkpt>
      <trkpt lat="42.456565" lon="2.864980"><ele>225.5</ele></trkpt>
      <trkpt lat="42.456380" lon="2.865000"><ele>224.8</ele></trkpt>
      <trkpt lat="42.456189" lon="2.865009"><ele>223.2</ele></trkpt>
      <trkpt lat="42.453737" lon="2.865046"><ele>217.8</ele></trkpt>
      <trkpt lat="42.453533" lon="2.865060"><ele>217.5</ele></trkpt>
      <trkpt lat="42.453437" lon="2.865074"><ele>217.5</ele></trkpt>
      <trkpt lat="42.453221" lon="2.865138"><ele>218.0</ele></trkpt>
      <trkpt lat="42.452993" lon="2.865247"><ele>217.5</ele></trkpt>
      <trkpt lat="42.452812" lon="2.865383"><ele>215.5</ele></trkpt>
      <trkpt lat="42.452723" lon="2.865459"><ele>215.5</ele></trkpt>
      <trkpt lat="42.452644" lon="2.865539"><ele>214.5</ele></trkpt>
      <trkpt lat="42.452572" lon="2.865620"><ele>213.0</ele></trkpt>
      <trkpt lat="42.452307" lon="2.865970"><ele>211.0</ele></trkpt>
      <trkpt lat="42.452215" lon="2.866074"><ele>210.8</ele></trkpt>
      <trkpt lat="42.452112" lon="2.866176"><ele>210.2</ele></trkpt>
      <trkpt lat="42.451993" lon="2.866268"><ele>210.2</ele></trkpt>
      <trkpt lat="42.451852" lon="2.866361"><ele>208.5</ele></trkpt>
      <trkpt lat="42.451743" lon="2.866417"><ele>206.5</ele></trkpt>
      <trkpt lat="42.451638" lon="2.866456"><ele>205.2</ele></trkpt>
      <trkpt lat="42.451506" lon="2.866493"><ele>204.5</ele></trkpt>
      <trkpt lat="42.451233" lon="2.866538"><ele>203.5</ele></trkpt>
      <trkpt lat="42.451102" lon="2.866542"><ele>203.2</ele></trkpt>
      <trkpt lat="42.450892" lon="2.866528"><ele>202.2</ele></trkpt>
      <trkpt lat="42.450787" lon="2.866512"><ele>201.5</ele></trkpt>
      <trkpt lat="42.450594" lon="2.866448"><ele>199.8</ele></trkpt>
      <trkpt lat="42.450360" lon="2.866316"><ele>200.0</ele></trkpt>
      <trkpt lat="42.449907" lon="2.866094"><ele>194.8</ele></trkpt>
      <trkpt lat="42.449839" lon="2.866067"><ele>193.8</ele></trkpt>
      <trkpt lat="42.449411" lon="2.865934"><ele>194.8</ele></trkpt>
      <trkpt lat="42.449277" lon="2.865899"><ele>195.2</ele></trkpt>
      <trkpt lat="42.449004" lon="2.865846"><ele>194.5</ele></trkpt>
      <trkpt lat="42.448600" lon="2.865816"><ele>193.0</ele></trkpt>
      <trkpt lat="42.448417" lon="2.865815"><ele>192.8</ele></trkpt>
      <trkpt lat="42.448233" lon="2.865826"><ele>192.2</ele></trkpt>
      <trkpt lat="42.448067" lon="2.865847"><ele>192.2</ele></trkpt>
      <trkpt lat="42.447762" lon="2.865905"><ele>191.2</ele></trkpt>
      <trkpt lat="42.447441" lon="2.865996"><ele>190.5</ele></trkpt>
      <trkpt lat="42.447150" lon="2.866109"><ele>189.5</ele></trkpt>
      <trkpt lat="42.446102" lon="2.866631"><ele>186.2</ele></trkpt>
      <trkpt lat="42.445866" lon="2.866744"><ele>185.5</ele></trkpt>
      <trkpt lat="42.445626" lon="2.866842"><ele>184.0</ele></trkpt>
      <trkpt lat="42.445521" lon="2.866874"><ele>184.0</ele></trkpt>
      <trkpt lat="42.445410" lon="2.866897"><ele>184.2</ele></trkpt>
      <trkpt lat="42.445183" lon="2.866931"><ele>184.5</ele></trkpt>
      <trkpt lat="42.444919" lon="2.866938"><ele>183.8</ele></trkpt>
      <trkpt lat="42.444799" lon="2.866930"><ele>183.8</ele></trkpt>
      <trkpt lat="42.444643" lon="2.866908"><ele>184.0</ele></trkpt>
      <trkpt lat="42.444535" lon="2.866856"><ele>184.0</ele></trkpt>
      <trkpt lat="42.444026" lon="2.866718"><ele>182.8</ele></trkpt>
      <trkpt lat="42.443399" lon="2.866548"><ele>179.8</ele></trkpt>
      <trkpt lat="42.443379" lon="2.866506"><ele>179.5</ele></trkpt>
      <trkpt lat="42.443204" lon="2.866439"><ele>179.0</ele></trkpt>
      <trkpt lat="42.443131" lon="2.866366"><ele>178.8</ele></trkpt>
      <trkpt lat="42.443066" lon="2.866278"><ele>178.5</ele></trkpt>
      <trkpt lat="42.443053" lon="2.866125"><ele>178.0</ele></trkpt>
      <trkpt lat="42.443052" lon="2.866027"><ele>177.5</ele></trkpt>
      <trkpt lat="42.443051" lon="2.865914"><ele>177.0</ele></trkpt>
      <trkpt lat="42.443089" lon="2.865636"><ele>176.0</ele></trkpt>
      <trkpt lat="42.443132" lon="2.865409"><ele>174.2</ele></trkpt>
      <trkpt lat="42.443202" lon="2.865266"><ele>172.8</ele></trkpt>
      <trkpt lat="42.443327" lon="2.865081"><ele>171.8</ele></trkpt>
      <trkpt lat="42.443434" lon="2.864902"><ele>170.0</ele></trkpt>
      <trkpt lat="42.443486" lon="2.864765"><ele>168.5</ele></trkpt>
      <trkpt lat="42.443514" lon="2.864664"><ele>167.8</ele></trkpt>
      <trkpt lat="42.443572" lon="2.864184"><ele>165.2</ele></trkpt>
      <trkpt lat="42.443631" lon="2.863925"><ele>164.8</ele></trkpt>
      <trkpt lat="42.443745" lon="2.863682"><ele>162.2</ele></trkpt>
      <trkpt lat="42.443933" lon="2.863313"><ele>163.2</ele></trkpt>
      <trkpt lat="42.443970" lon="2.863262"><ele>163.8</ele></trkpt>
      <trkpt lat="42.444052" lon="2.863199"><ele>164.5</ele></trkpt>
      <trkpt lat="42.443968" lon="2.863123"><ele>164.2</ele></trkpt>
      <trkpt lat="42.443838" lon="2.863002"><ele>164.0</ele></trkpt>
      <trkpt lat="42.443765" lon="2.862947"><ele>164.0</ele></trkpt>
      <trkpt lat="42.443703" lon="2.862906"><ele>163.8</ele></trkpt>
      <trkpt lat="42.443650" lon="2.862883"><ele>163.5</ele></trkpt>
      <trkpt lat="42.443454" lon="2.862852"><ele>162.8</ele></trkpt>
      <trkpt lat="42.443140" lon="2.862844"><ele>162.8</ele></trkpt>
      <trkpt lat="42.442657" lon="2.862861"><ele>161.5</ele></trkpt>
      <trkpt lat="42.442580" lon="2.862892"><ele>161.2</ele></trkpt>
      <trkpt lat="42.442525" lon="2.862931"><ele>161.0</ele></trkpt>
      <trkpt lat="42.442296" lon="2.863120"><ele>159.8</ele></trkpt>
      <trkpt lat="42.442132" lon="2.863263"><ele>157.5</ele></trkpt>
      <trkpt lat="42.441842" lon="2.863490"><ele>156.0</ele></trkpt>
      <trkpt lat="42.441772" lon="2.863524"><ele>156.5</ele></trkpt>
      <trkpt lat="42.441685" lon="2.863535"><ele>157.2</ele></trkpt>
      <trkpt lat="42.441639" lon="2.863557"><ele>157.2</ele></trkpt>
      <trkpt lat="42.441579" lon="2.863600"><ele>157.5</ele></trkpt>
      <trkpt lat="42.441464" lon="2.863701"><ele>157.8</ele></trkpt>
      <trkpt lat="42.441266" lon="2.863958"><ele>158.0</ele></trkpt>
      <trkpt lat="42.441084" lon="2.864244"><ele>158.5</ele></trkpt>
      <trkpt lat="42.440930" lon="2.864439"><ele>159.8</ele></trkpt>
      <trkpt lat="42.440818" lon="2.864674"><ele>159.8</ele></trkpt>
      <trkpt lat="42.440758" lon="2.864673"><ele>159.2</ele></trkpt>
      <trkpt lat="42.440688" lon="2.864653"><ele>158.5</ele></trkpt>
      <trkpt lat="42.440624" lon="2.864648"><ele>158.0</ele></trkpt>
      <trkpt lat="42.440541" lon="2.864658"><ele>157.5</ele></trkpt>
      <trkpt lat="42.440399" lon="2.864717"><ele>157.8</ele></trkpt>
      <trkpt lat="42.439991" lon="2.864787"><ele>157.0</ele></trkpt>
      <trkpt lat="42.439789" lon="2.864808"><ele>156.5</ele></trkpt>
      <trkpt lat="42.439482" lon="2.864760"><ele>154.5</ele></trkpt>
      <trkpt lat="42.439110" lon="2.864728"><ele>155.8</ele></trkpt>
      <trkpt lat="42.439005" lon="2.864728"><ele>155.2</ele></trkpt>
      <trkpt lat="42.438972" lon="2.864739"><ele>155.2</ele></trkpt>
      <trkpt lat="42.438902" lon="2.864782"><ele>155.0</ele></trkpt>
      <trkpt lat="42.438864" lon="2.864838"><ele>155.0</ele></trkpt>
      <trkpt lat="42.438849" lon="2.864881"><ele>155.0</ele></trkpt>
      <trkpt lat="42.438572" lon="2.864892"><ele>154.8</ele></trkpt>
      <trkpt lat="42.438303" lon="2.864924"><ele>153.8</ele></trkpt>
      <trkpt lat="42.438160" lon="2.864881"><ele>153.5</ele></trkpt>
      <trkpt lat="42.438076" lon="2.864824"><ele>153.2</ele></trkpt>
      <trkpt lat="42.438002" lon="2.864774"><ele>153.5</ele></trkpt>
      <trkpt lat="42.437772" lon="2.864538"><ele>153.0</ele></trkpt>
      <trkpt lat="42.437574" lon="2.864312"><ele>151.2</ele></trkpt>
      <trkpt lat="42.437426" lon="2.864117"><ele>150.5</ele></trkpt>
      <trkpt lat="42.437281" lon="2.863926"><ele>149.8</ele></trkpt>
      <trkpt lat="42.437028" lon="2.863497"><ele>149.0</ele></trkpt>
      <trkpt lat="42.436775" lon="2.862971"><ele>147.0</ele></trkpt>
      <trkpt lat="42.436695" lon="2.862714"><ele>148.0</ele></trkpt>
      <trkpt lat="42.436462" lon="2.862290"><ele>147.5</ele></trkpt>
      <trkpt lat="42.436339" lon="2.862059"><ele>146.8</ele></trkpt>
      <trkpt lat="42.436149" lon="2.861845"><ele>146.5</ele></trkpt>
      <trkpt lat="42.435872" lon="2.861759"><ele>144.8</ele></trkpt>
      <trkpt lat="42.435547" lon="2.861748"><ele>143.2</ele></trkpt>
      <trkpt lat="42.434843" lon="2.861534"><ele>141.8</ele></trkpt>
      <trkpt lat="42.434225" lon="2.861448"><ele>141.2</ele></trkpt>
      <trkpt lat="42.433979" lon="2.861469"><ele>141.5</ele></trkpt>
      <trkpt lat="42.433330" lon="2.861845"><ele>141.5</ele></trkpt>
      <trkpt lat="42.432998" lon="2.862049"><ele>140.2</ele></trkpt>
      <trkpt lat="42.432641" lon="2.862091"><ele>137.5</ele></trkpt>
      <trkpt lat="42.431956" lon="2.862324"><ele>133.2</ele></trkpt>
      <trkpt lat="42.431553" lon="2.862638"><ele>131.2</ele></trkpt>
      <trkpt lat="42.431512" lon="2.862641"><ele>131.0</ele></trkpt>
      <trkpt lat="42.431456" lon="2.862707"><ele>130.5</ele></trkpt>
      <trkpt lat="42.431431" lon="2.862783"><ele>130.2</ele></trkpt>
      <trkpt lat="42.431364" lon="2.863048"><ele>131.2</ele></trkpt>
      <trkpt lat="42.431329" lon="2.863123"><ele>131.8</ele></trkpt>
      <trkpt lat="42.431163" lon="2.863321"><ele>133.2</ele></trkpt>
      <trkpt lat="42.430938" lon="2.863422"><ele>132.2</ele></trkpt>
      <trkpt lat="42.430756" lon="2.863566"><ele>134.5</ele></trkpt>
      <trkpt lat="42.430326" lon="2.863689"><ele>129.8</ele></trkpt>
      <trkpt lat="42.430214" lon="2.863861"><ele>132.2</ele></trkpt>
      <trkpt lat="42.430149" lon="2.863982"><ele>130.8</ele></trkpt>
      <trkpt lat="42.430076" lon="2.864084"><ele>129.0</ele></trkpt>
      <trkpt lat="42.429946" lon="2.863986"><ele>126.5</ele></trkpt>
      <trkpt lat="42.429848" lon="2.863884"><ele>126.5</ele></trkpt>
      <trkpt lat="42.429819" lon="2.863849"><ele>127.0</ele></trkpt>
      <trkpt lat="42.429665" lon="2.863842"><ele>127.8</ele></trkpt>
      <trkpt lat="42.429527" lon="2.863782"><ele>129.0</ele></trkpt>
      <trkpt lat="42.429492" lon="2.863779"><ele>129.0</ele></trkpt>
      <trkpt lat="42.429307" lon="2.863703"><ele>129.8</ele></trkpt>
      <trkpt lat="42.429190" lon="2.863682"><ele>130.0</ele></trkpt>
      <trkpt lat="42.429063" lon="2.863700"><ele>130.0</ele></trkpt>
      <trkpt lat="42.428821" lon="2.863779"><ele>129.5</ele></trkpt>
      <trkpt lat="42.428651" lon="2.863864"><ele>129.8</ele></trkpt>
      <trkpt lat="42.427232" lon="2.864779"><ele>128.0</ele></trkpt>
      <trkpt lat="42.427142" lon="2.864818"><ele>128.0</ele></trkpt>
      <trkpt lat="42.427045" lon="2.864818"><ele>128.0</ele></trkpt>
      <trkpt lat="42.426978" lon="2.864787"><ele>128.2</ele></trkpt>
      <trkpt lat="42.426928" lon="2.864752"><ele>129.0</ele></trkpt>
      <trkpt lat="42.426879" lon="2.864758"><ele>129.8</ele></trkpt>
      <trkpt lat="42.426838" lon="2.864784"><ele>130.0</ele></trkpt>
      <trkpt lat="42.426721" lon="2.864948"><ele>129.2</ele></trkpt>
      <trkpt lat="42.426491" lon="2.865115"><ele>129.5</ele></trkpt>
      <trkpt lat="42.426016" lon="2.865591"><ele>128.2</ele></trkpt>
      <trkpt lat="42.425901" lon="2.865649"><ele>129.0</ele></trkpt>
      <trkpt lat="42.425751" lon="2.865810"><ele>129.2</ele></trkpt>
      <trkpt lat="42.425587" lon="2.866154"><ele>126.8</ele></trkpt>
      <trkpt lat="42.425493" lon="2.866281"><ele>125.8</ele></trkpt>
      <trkpt lat="42.425427" lon="2.866323"><ele>125.5</ele></trkpt>
      <trkpt lat="42.424717" lon="2.866484"><ele>126.8</ele></trkpt>
      <trkpt lat="42.424494" lon="2.866551"><ele>127.0</ele></trkpt>
      <trkpt lat="42.424273" lon="2.866573"><ele>126.8</ele></trkpt>
      <trkpt lat="42.424233" lon="2.866606"><ele>126.2</ele></trkpt>
      <trkpt lat="42.423938" lon="2.866294"><ele>127.0</ele></trkpt>
      <trkpt lat="42.423774" lon="2.866198"><ele>126.0</ele></trkpt>
      <trkpt lat="42.423695" lon="2.866277"><ele>124.5</ele></trkpt>
      <trkpt lat="42.423646" lon="2.866444"><ele>123.0</ele></trkpt>
      <trkpt lat="42.423595" lon="2.866786"><ele>121.8</ele></trkpt>
      <trkpt lat="42.423551" lon="2.866913"><ele>121.8</ele></trkpt>
      <trkpt lat="42.423451" lon="2.866977"><ele>121.2</ele></trkpt>
      <trkpt lat="42.423400" lon="2.867298"><ele>120.2</ele></trkpt>
      <trkpt lat="42.423351" lon="2.867379"><ele>120.8</ele></trkpt>
      <trkpt lat="42.422594" lon="2.867753"><ele>125.8</ele></trkpt>
      <trkpt lat="42.422391" lon="2.867905"><ele>127.0</ele></trkpt>
      <trkpt lat="42.422471" lon="2.868197"><ele>127.8</ele></trkpt>
      <trkpt lat="42.422467" lon="2.868316"><ele>127.8</ele></trkpt>
      <trkpt lat="42.422413" lon="2.868427"><ele>128.5</ele></trkpt>
      <trkpt lat="42.422289" lon="2.868532"><ele>129.2</ele></trkpt>
      <trkpt lat="42.421977" lon="2.868648"><ele>129.0</ele></trkpt>
      <trkpt lat="42.421435" lon="2.868820"><ele>126.2</ele></trkpt>
      <trkpt lat="42.421318" lon="2.868875"><ele>125.5</ele></trkpt>
      <trkpt lat="42.421221" lon="2.868969"><ele>125.0</ele></trkpt>
      <trkpt lat="42.421180" lon="2.869038"><ele>124.8</ele></trkpt>
      <trkpt lat="42.420704" lon="2.869836"><ele>119.5</ele></trkpt>
      <trkpt lat="42.420549" lon="2.870038"><ele>117.8</ele></trkpt>
      <trkpt lat="42.420429" lon="2.870128"><ele>117.0</ele></trkpt>
      <trkpt lat="42.420248" lon="2.870217"><ele>116.0</ele></trkpt>
      <trkpt lat="42.419812" lon="2.870308"><ele>115.0</ele></trkpt>
      <trkpt lat="42.419796" lon="2.870439"><ele>115.5</ele></trkpt>
      <trkpt lat="42.419614" lon="2.871115"><ele>113.8</ele></trkpt>
      <trkpt lat="42.419652" lon="2.871231"><ele>113.5</ele></trkpt>
      <trkpt lat="42.419776" lon="2.871206"><ele>113.5</ele></trkpt>
      <trkpt lat="42.419799" lon="2.871353"><ele>113.0</ele></trkpt>
      <trkpt lat="42.419850" lon="2.871667"><ele>112.8</ele></trkpt>
      <trkpt lat="42.419862" lon="2.871739"><ele>111.8</ele></trkpt>
      <trkpt lat="42.419867" lon="2.871769"><ele>111.2</ele></trkpt>
      <trkpt lat="42.419873" lon="2.871809"><ele>110.5</ele></trkpt>
      <trkpt lat="42.419916" lon="2.872117"><ele>110.0</ele></trkpt>
      <trkpt lat="42.419930" lon="2.872213"><ele>111.0</ele></trkpt>
      <trkpt lat="42.419954" lon="2.872379"><ele>112.5</ele></trkpt>
      <trkpt lat="42.419989" lon="2.872497"><ele>113.8</ele></trkpt>
      <trkpt lat="42.419996" lon="2.872523"><ele>113.8</ele></trkpt>
      <trkpt lat="42.420002" lon="2.872552"><ele>114.0</ele></trkpt>
      <trkpt lat="42.420044" lon="2.872754"><ele>114.0</ele></trkpt>
      <trkpt lat="42.419935" lon="2.873117"><ele>115.5</ele></trkpt>
      <trkpt lat="42.419927" lon="2.873143"><ele>116.0</ele></trkpt>
      <trkpt lat="42.419922" lon="2.873161"><ele>116.0</ele></trkpt>
      <trkpt lat="42.419866" lon="2.873347"><ele>117.8</ele></trkpt>
      <trkpt lat="42.419485" lon="2.873500"><ele>117.8</ele></trkpt>
      <trkpt lat="42.419400" lon="2.873534"><ele>117.0</ele></trkpt>
      <trkpt lat="42.419403" lon="2.873587"><ele>117.5</ele></trkpt>
      <trkpt lat="42.419406" lon="2.873640"><ele>118.2</ele></trkpt>
      <trkpt lat="42.419232" lon="2.873778"><ele>118.5</ele></trkpt>
      <trkpt lat="42.419128" lon="2.873919"><ele>118.0</ele></trkpt>
      <trkpt lat="42.419064" lon="2.874038"><ele>119.2</ele></trkpt>
      <trkpt lat="42.419002" lon="2.874173"><ele>120.0</ele></trkpt>
      <trkpt lat="42.418963" lon="2.874296"><ele>120.8</ele></trkpt>
      <trkpt lat="42.418963" lon="2.874439"><ele>122.5</ele></trkpt>
      <trkpt lat="42.418995" lon="2.874576"><ele>123.8</ele></trkpt>
      <trkpt lat="42.418882" lon="2.874620"><ele>123.5</ele></trkpt>
    </trkseg>
  </trk>
</gpx>
