<?xml version="1.0" encoding="UTF-8"?>
<gpx version="1.1" creator="Gravel Kompass" xmlns="http://www.topografix.com/GPX/1/1">
  <metadata><name>Loiretal-Runde: Schlösser &amp; Weinberge</name></metadata>
  <trk>
    <name>Loiretal-Runde: Schlösser &amp; Weinberge (komplett)</name>
    <trkseg>
      <trkpt lat="47.586093" lon="1.335886"><ele>72.8</ele></trkpt>
      <trkpt lat="47.586070" lon="1.335911"><ele>72.8</ele></trkpt>
      <trkpt lat="47.586046" lon="1.335915"><ele>72.5</ele></trkpt>
      <trkpt lat="47.586026" lon="1.335899"><ele>72.5</ele></trkpt>
      <trkpt lat="47.585994" lon="1.335855"><ele>72.8</ele></trkpt>
      <trkpt lat="47.585967" lon="1.335897"><ele>72.2</ele></trkpt>
      <trkpt lat="47.585936" lon="1.335945"><ele>71.2</ele></trkpt>
      <trkpt lat="47.585909" lon="1.335987"><ele>70.5</ele></trkpt>
      <trkpt lat="47.585868" lon="1.336050"><ele>68.8</ele></trkpt>
      <trkpt lat="47.585937" lon="1.336151"><ele>68.8</ele></trkpt>
      <trkpt lat="47.585917" lon="1.336187"><ele>68.2</ele></trkpt>
      <trkpt lat="47.584137" lon="1.338845"><ele>70.2</ele></trkpt>
      <trkpt lat="47.584099" lon="1.338889"><ele>71.2</ele></trkpt>
      <trkpt lat="47.584143" lon="1.338959"><ele>71.5</ele></trkpt>
      <trkpt lat="47.584174" lon="1.339012"><ele>71.5</ele></trkpt>
      <trkpt lat="47.584207" lon="1.339069"><ele>71.2</ele></trkpt>
      <trkpt lat="47.584234" lon="1.339116"><ele>71.0</ele></trkpt>
      <trkpt lat="47.584273" lon="1.339182"><ele>70.8</ele></trkpt>
      <trkpt lat="47.584313" lon="1.339232"><ele>70.5</ele></trkpt>
      <trkpt lat="47.584517" lon="1.339490"><ele>71.2</ele></trkpt>
      <trkpt lat="47.584536" lon="1.339514"><ele>70.8</ele></trkpt>
      <trkpt lat="47.585011" lon="1.340241"><ele>71.8</ele></trkpt>
      <trkpt lat="47.585439" lon="1.341008"><ele>70.0</ele></trkpt>
      <trkpt lat="47.585556" lon="1.341216"><ele>71.0</ele></trkpt>
      <trkpt lat="47.585595" lon="1.341286"><ele>71.0</ele></trkpt>
      <trkpt lat="47.585641" lon="1.342121"><ele>70.5</ele></trkpt>
      <trkpt lat="47.585649" lon="1.342286"><ele>70.8</ele></trkpt>
      <trkpt lat="47.585671" lon="1.342384"><ele>71.0</ele></trkpt>
      <trkpt lat="47.585700" lon="1.342827"><ele>71.5</ele></trkpt>
      <trkpt lat="47.585716" lon="1.342910"><ele>71.5</ele></trkpt>
      <trkpt lat="47.585967" lon="1.343596"><ele>72.2</ele></trkpt>
      <trkpt lat="47.585986" lon="1.343650"><ele>72.0</ele></trkpt>
      <trkpt lat="47.586142" lon="1.344001"><ele>72.5</ele></trkpt>
      <trkpt lat="47.586201" lon="1.344135"><ele>72.8</ele></trkpt>
      <trkpt lat="47.586438" lon="1.344598"><ele>72.2</ele></trkpt>
      <trkpt lat="47.586819" lon="1.345260"><ele>72.2</ele></trkpt>
      <trkpt lat="47.586993" lon="1.345567"><ele>72.2</ele></trkpt>
      <trkpt lat="47.587074" lon="1.345736"><ele>72.0</ele></trkpt>
      <trkpt lat="47.587283" lon="1.346294"><ele>71.5</ele></trkpt>
      <trkpt lat="47.587317" lon="1.346434"><ele>72.0</ele></trkpt>
      <trkpt lat="47.587778" lon="1.347411"><ele>72.2</ele></trkpt>
      <trkpt lat="47.587811" lon="1.347412"><ele>71.5</ele></trkpt>
      <trkpt lat="47.587886" lon="1.347413"><ele>70.0</ele></trkpt>
      <trkpt lat="47.587915" lon="1.347426"><ele>69.5</ele></trkpt>
      <trkpt lat="47.588114" lon="1.347885"><ele>70.8</ele></trkpt>
      <trkpt lat="47.588208" lon="1.348120"><ele>70.5</ele></trkpt>
      <trkpt lat="47.588388" lon="1.348522"><ele>70.5</ele></trkpt>
      <trkpt lat="47.588592" lon="1.348832"><ele>69.8</ele></trkpt>
      <trkpt lat="47.588820" lon="1.349220"><ele>69.0</ele></trkpt>
      <trkpt lat="47.589195" lon="1.350009"><ele>69.5</ele></trkpt>
      <trkpt lat="47.589219" lon="1.350072"><ele>69.2</ele></trkpt>
      <trkpt lat="47.589262" lon="1.350248"><ele>69.0</ele></trkpt>
      <trkpt lat="47.589414" lon="1.350783"><ele>68.8</ele></trkpt>
      <trkpt lat="47.589522" lon="1.351057"><ele>69.2</ele></trkpt>
      <trkpt lat="47.589578" lon="1.351237"><ele>69.0</ele></trkpt>
      <trkpt lat="47.589831" lon="1.352359"><ele>69.2</ele></trkpt>
      <trkpt lat="47.589962" lon="1.353001"><ele>69.0</ele></trkpt>
      <trkpt lat="47.590095" lon="1.353602"><ele>70.2</ele></trkpt>
      <trkpt lat="47.590250" lon="1.354187"><ele>70.0</ele></trkpt>
      <trkpt lat="47.590309" lon="1.354337"><ele>69.8</ele></trkpt>
      <trkpt lat="47.590387" lon="1.354493"><ele>70.0</ele></trkpt>
      <trkpt lat="47.590460" lon="1.354622"><ele>70.5</ele></trkpt>
      <trkpt lat="47.590665" lon="1.354926"><ele>71.2</ele></trkpt>
      <trkpt lat="47.590697" lon="1.355009"><ele>71.5</ele></trkpt>
      <trkpt lat="47.590644" lon="1.355192"><ele>72.0</ele></trkpt>
      <trkpt lat="47.590567" lon="1.355297"><ele>72.0</ele></trkpt>
      <trkpt lat="47.590473" lon="1.355468"><ele>72.0</ele></trkpt>
      <trkpt lat="47.590471" lon="1.355542"><ele>72.0</ele></trkpt>
      <trkpt lat="47.590486" lon="1.355632"><ele>72.0</ele></trkpt>
      <trkpt lat="47.590536" lon="1.355849"><ele>71.8</ele></trkpt>
      <trkpt lat="47.590651" lon="1.356272"><ele>72.5</ele></trkpt>
      <trkpt lat="47.590691" lon="1.356389"><ele>73.2</ele></trkpt>
      <trkpt lat="47.590735" lon="1.356479"><ele>73.2</ele></trkpt>
      <trkpt lat="47.590764" lon="1.356571"><ele>72.8</ele></trkpt>
      <trkpt lat="47.590772" lon="1.356690"><ele>72.0</ele></trkpt>
      <trkpt lat="47.590760" lon="1.356761"><ele>72.0</ele></trkpt>
      <trkpt lat="47.590771" lon="1.356845"><ele>72.0</ele></trkpt>
      <trkpt lat="47.590881" lon="1.357136"><ele>72.0</ele></trkpt>
      <trkpt lat="47.590976" lon="1.357362"><ele>72.5</ele></trkpt>
      <trkpt lat="47.591223" lon="1.357780"><ele>72.0</ele></trkpt>
      <trkpt lat="47.591374" lon="1.357968"><ele>72.0</ele></trkpt>
      <trkpt lat="47.591535" lon="1.358144"><ele>72.0</ele></trkpt>
      <trkpt lat="47.591653" lon="1.358248"><ele>72.0</ele></trkpt>
      <trkpt lat="47.591704" lon="1.358269"><ele>72.0</ele></trkpt>
      <trkpt lat="47.591770" lon="1.358280"><ele>72.5</ele></trkpt>
      <trkpt lat="47.591832" lon="1.358315"><ele>73.0</ele></trkpt>
      <trkpt lat="47.591885" lon="1.358367"><ele>73.5</ele></trkpt>
      <trkpt lat="47.591950" lon="1.358455"><ele>73.5</ele></trkpt>
      <trkpt lat="47.592015" lon="1.358482"><ele>73.0</ele></trkpt>
      <trkpt lat="47.592015" lon="1.358574"><ele>73.0</ele></trkpt>
      <trkpt lat="47.592008" lon="1.358640"><ele>72.8</ele></trkpt>
      <trkpt lat="47.592007" lon="1.358797"><ele>72.2</ele></trkpt>
      <trkpt lat="47.592001" lon="1.358848"><ele>72.2</ele></trkpt>
      <trkpt lat="47.591996" lon="1.358899"><ele>72.0</ele></trkpt>
      <trkpt lat="47.591877" lon="1.358983"><ele>71.8</ele></trkpt>
      <trkpt lat="47.591868" lon="1.359076"><ele>71.5</ele></trkpt>
      <trkpt lat="47.591839" lon="1.359089"><ele>71.5</ele></trkpt>
      <trkpt lat="47.591810" lon="1.359101"><ele>71.5</ele></trkpt>
      <trkpt lat="47.591748" lon="1.359123"><ele>71.8</ele></trkpt>
      <trkpt lat="47.591800" lon="1.359247"><ele>71.0</ele></trkpt>
      <trkpt lat="47.591841" lon="1.359366"><ele>70.8</ele></trkpt>
      <trkpt lat="47.592026" lon="1.360138"><ele>70.2</ele></trkpt>
      <trkpt lat="47.592165" lon="1.360712"><ele>70.0</ele></trkpt>
      <trkpt lat="47.592214" lon="1.361001"><ele>70.5</ele></trkpt>
      <trkpt lat="47.592290" lon="1.361366"><ele>70.0</ele></trkpt>
      <trkpt lat="47.592434" lon="1.361957"><ele>70.0</ele></trkpt>
      <trkpt lat="47.592539" lon="1.362373"><ele>70.0</ele></trkpt>
      <trkpt lat="47.592673" lon="1.362804"><ele>70.0</ele></trkpt>
      <trkpt lat="47.593482" lon="1.366262"><ele>70.0</ele></trkpt>
      <trkpt lat="47.594304" lon="1.369629"><ele>69.0</ele></trkpt>
      <trkpt lat="47.594944" lon="1.371912"><ele>69.8</ele></trkpt>
      <trkpt lat="47.595289" lon="1.373186"><ele>69.8</ele></trkpt>
      <trkpt lat="47.595574" lon="1.374212"><ele>69.8</ele></trkpt>
      <trkpt lat="47.596039" lon="1.375889"><ele>70.0</ele></trkpt>
      <trkpt lat="47.596200" lon="1.376591"><ele>70.0</ele></trkpt>
      <trkpt lat="47.596667" lon="1.378738"><ele>70.0</ele></trkpt>
      <trkpt lat="47.596720" lon="1.379044"><ele>70.0</ele></trkpt>
      <trkpt lat="47.596776" lon="1.379065"><ele>70.0</ele></trkpt>
      <trkpt lat="47.596912" lon="1.379411"><ele>70.0</ele></trkpt>
      <trkpt lat="47.597676" lon="1.381150"><ele>69.0</ele></trkpt>
      <trkpt lat="47.597954" lon="1.381809"><ele>69.0</ele></trkpt>
      <trkpt lat="47.598190" lon="1.382468"><ele>69.5</ele></trkpt>
      <trkpt lat="47.598367" lon="1.383057"><ele>70.0</ele></trkpt>
      <trkpt lat="47.598585" lon="1.383836"><ele>70.0</ele></trkpt>
      <trkpt lat="47.598821" lon="1.384568"><ele>70.0</ele></trkpt>
      <trkpt lat="47.599275" lon="1.385634"><ele>70.5</ele></trkpt>
      <trkpt lat="47.599412" lon="1.385940"><ele>70.8</ele></trkpt>
      <trkpt lat="47.599650" lon="1.386437"><ele>70.5</ele></trkpt>
      <trkpt lat="47.600114" lon="1.387325"><ele>71.0</ele></trkpt>
      <trkpt lat="47.600149" lon="1.387397"><ele>71.0</ele></trkpt>
      <trkpt lat="47.600160" lon="1.387418"><ele>71.0</ele></trkpt>
      <trkpt lat="47.601159" lon="1.389394"><ele>70.2</ele></trkpt>
      <trkpt lat="47.601515" lon="1.390026"><ele>70.2</ele></trkpt>
      <trkpt lat="47.602548" lon="1.391889"><ele>70.2</ele></trkpt>
      <trkpt lat="47.602604" lon="1.391998"><ele>70.2</ele></trkpt>
      <trkpt lat="47.603310" lon="1.393345"><ele>70.8</ele></trkpt>
      <trkpt lat="47.603556" lon="1.393816"><ele>70.8</ele></trkpt>
      <trkpt lat="47.603671" lon="1.394015"><ele>71.0</ele></trkpt>
      <trkpt lat="47.603710" lon="1.394081"><ele>71.0</ele></trkpt>
      <trkpt lat="47.603837" lon="1.394302"><ele>71.8</ele></trkpt>
      <trkpt lat="47.603926" lon="1.394507"><ele>70.8</ele></trkpt>
      <trkpt lat="47.603967" lon="1.394502"><ele>70.5</ele></trkpt>
      <trkpt lat="47.604300" lon="1.395015"><ele>71.0</ele></trkpt>
      <trkpt lat="47.604875" lon="1.395989"><ele>71.0</ele></trkpt>
      <trkpt lat="47.605119" lon="1.396431"><ele>70.0</ele></trkpt>
      <trkpt lat="47.605744" lon="1.397630"><ele>70.0</ele></trkpt>
      <trkpt lat="47.606103" lon="1.398193"><ele>70.0</ele></trkpt>
      <trkpt lat="47.606854" lon="1.399292"><ele>70.0</ele></trkpt>
      <trkpt lat="47.607276" lon="1.399941"><ele>70.5</ele></trkpt>
      <trkpt lat="47.607749" lon="1.400620"><ele>70.0</ele></trkpt>
      <trkpt lat="47.608490" lon="1.401756"><ele>71.0</ele></trkpt>
      <trkpt lat="47.608534" lon="1.401835"><ele>71.0</ele></trkpt>
      <trkpt lat="47.608563" lon="1.401908"><ele>71.0</ele></trkpt>
      <trkpt lat="47.608579" lon="1.401957"><ele>71.0</ele></trkpt>
      <trkpt lat="47.608583" lon="1.402011"><ele>71.0</ele></trkpt>
      <trkpt lat="47.608662" lon="1.402077"><ele>70.8</ele></trkpt>
      <trkpt lat="47.608817" lon="1.402284"><ele>70.2</ele></trkpt>
      <trkpt lat="47.609001" lon="1.402533"><ele>70.8</ele></trkpt>
      <trkpt lat="47.609733" lon="1.403597"><ele>71.0</ele></trkpt>
      <trkpt lat="47.610153" lon="1.404125"><ele>71.0</ele></trkpt>
      <trkpt lat="47.610318" lon="1.404289"><ele>71.0</ele></trkpt>
      <trkpt lat="47.610673" lon="1.404780"><ele>71.0</ele></trkpt>
      <trkpt lat="47.611050" lon="1.405262"><ele>71.0</ele></trkpt>
      <trkpt lat="47.611631" lon="1.406073"><ele>71.0</ele></trkpt>
      <trkpt lat="47.611891" lon="1.406424"><ele>71.0</ele></trkpt>
      <trkpt lat="47.612226" lon="1.406877"><ele>70.8</ele></trkpt>
      <trkpt lat="47.612438" lon="1.407130"><ele>71.0</ele></trkpt>
      <trkpt lat="47.612626" lon="1.407369"><ele>71.2</ele></trkpt>
      <trkpt lat="47.613060" lon="1.407747"><ele>71.0</ele></trkpt>
      <trkpt lat="47.614084" lon="1.408584"><ele>71.0</ele></trkpt>
      <trkpt lat="47.614741" lon="1.409093"><ele>70.8</ele></trkpt>
      <trkpt lat="47.615411" lon="1.409497"><ele>71.0</ele></trkpt>
      <trkpt lat="47.615653" lon="1.409662"><ele>71.0</ele></trkpt>
      <trkpt lat="47.615932" lon="1.409821"><ele>71.0</ele></trkpt>
      <trkpt lat="47.616320" lon="1.410093"><ele>71.0</ele></trkpt>
      <trkpt lat="47.617472" lon="1.411075"><ele>71.8</ele></trkpt>
      <trkpt lat="47.618271" lon="1.412126"><ele>71.5</ele></trkpt>
      <trkpt lat="47.619743" lon="1.414564"><ele>72.0</ele></trkpt>
      <trkpt lat="47.620225" lon="1.415233"><ele>72.0</ele></trkpt>
      <trkpt lat="47.620774" lon="1.415736"><ele>72.0</ele></trkpt>
      <trkpt lat="47.621478" lon="1.416206"><ele>72.0</ele></trkpt>
      <trkpt lat="47.621804" lon="1.416560"><ele>72.0</ele></trkpt>
      <trkpt lat="47.622561" lon="1.417605"><ele>73.0</ele></trkpt>
      <trkpt lat="47.623309" lon="1.418527"><ele>72.8</ele></trkpt>
      <trkpt lat="47.623710" lon="1.419083"><ele>73.2</ele></trkpt>
      <trkpt lat="47.624044" lon="1.419669"><ele>73.2</ele></trkpt>
      <trkpt lat="47.624154" lon="1.419903"><ele>73.5</ele></trkpt>
      <trkpt lat="47.624644" lon="1.421187"><ele>74.0</ele></trkpt>
      <trkpt lat="47.624663" lon="1.421236"><ele>74.0</ele></trkpt>
      <trkpt lat="47.624675" lon="1.421268"><ele>74.0</ele></trkpt>
      <trkpt lat="47.624959" lon="1.421971"><ele>74.0</ele></trkpt>
      <trkpt lat="47.625140" lon="1.422284"><ele>75.5</ele></trkpt>
      <trkpt lat="47.625185" lon="1.422423"><ele>76.0</ele></trkpt>
      <trkpt lat="47.625211" lon="1.422561"><ele>76.5</ele></trkpt>
      <trkpt lat="47.625252" lon="1.423035"><ele>77.8</ele></trkpt>
      <trkpt lat="47.625270" lon="1.423240"><ele>78.5</ele></trkpt>
      <trkpt lat="47.625293" lon="1.423379"><ele>79.0</ele></trkpt>
      <trkpt lat="47.625334" lon="1.423484"><ele>79.0</ele></trkpt>
      <trkpt lat="47.625377" lon="1.423556"><ele>79.2</ele></trkpt>
      <trkpt lat="47.625509" lon="1.423752"><ele>79.8</ele></trkpt>
      <trkpt lat="47.625904" lon="1.424339"><ele>81.8</ele></trkpt>
      <trkpt lat="47.626199" lon="1.424806"><ele>83.2</ele></trkpt>
      <trkpt lat="47.626714" lon="1.425665"><ele>84.0</ele></trkpt>
      <trkpt lat="47.627054" lon="1.426255"><ele>84.0</ele></trkpt>
      <trkpt lat="47.627165" lon="1.426420"><ele>84.0</ele></trkpt>
      <trkpt lat="47.628367" lon="1.428049"><ele>85.0</ele></trkpt>
      <trkpt lat="47.628722" lon="1.428554"><ele>85.0</ele></trkpt>
      <trkpt lat="47.629059" lon="1.429057"><ele>85.0</ele></trkpt>
      <trkpt lat="47.629706" lon="1.430071"><ele>85.0</ele></trkpt>
      <trkpt lat="47.629953" lon="1.430482"><ele>85.0</ele></trkpt>
      <trkpt lat="47.631331" lon="1.428419"><ele>81.5</ele></trkpt>
      <trkpt lat="47.631356" lon="1.428390"><ele>81.2</ele></trkpt>
      <trkpt lat="47.631394" lon="1.428365"><ele>81.0</ele></trkpt>
      <trkpt lat="47.631427" lon="1.428355"><ele>80.5</ele></trkpt>
      <trkpt lat="47.631512" lon="1.428379"><ele>79.8</ele></trkpt>
      <trkpt lat="47.631787" lon="1.428521"><ele>78.2</ele></trkpt>
      <trkpt lat="47.632338" lon="1.428733"><ele>75.2</ele></trkpt>
      <trkpt lat="47.632452" lon="1.428703"><ele>74.5</ele></trkpt>
      <trkpt lat="47.632549" lon="1.428628"><ele>73.8</ele></trkpt>
      <trkpt lat="47.632598" lon="1.428640"><ele>73.8</ele></trkpt>
      <trkpt lat="47.632679" lon="1.428703"><ele>73.5</ele></trkpt>
      <trkpt lat="47.633302" lon="1.429560"><ele>73.5</ele></trkpt>
      <trkpt lat="47.633491" lon="1.429808"><ele>73.8</ele></trkpt>
      <trkpt lat="47.633672" lon="1.430086"><ele>74.2</ele></trkpt>
      <trkpt lat="47.633963" lon="1.430554"><ele>74.5</ele></trkpt>
      <trkpt lat="47.634100" lon="1.430718"><ele>75.0</ele></trkpt>
      <trkpt lat="47.634246" lon="1.430854"><ele>74.8</ele></trkpt>
      <trkpt lat="47.634511" lon="1.431031"><ele>74.2</ele></trkpt>
      <trkpt lat="47.634670" lon="1.431170"><ele>74.2</ele></trkpt>
      <trkpt lat="47.634835" lon="1.431341"><ele>74.2</ele></trkpt>
      <trkpt lat="47.635061" lon="1.431596"><ele>73.8</ele></trkpt>
      <trkpt lat="47.635218" lon="1.431804"><ele>73.5</ele></trkpt>
      <trkpt lat="47.635293" lon="1.431950"><ele>73.8</ele></trkpt>
      <trkpt lat="47.635327" lon="1.432033"><ele>74.0</ele></trkpt>
      <trkpt lat="47.635376" lon="1.432153"><ele>74.0</ele></trkpt>
      <trkpt lat="47.635452" lon="1.432301"><ele>74.0</ele></trkpt>
      <trkpt lat="47.635759" lon="1.432803"><ele>74.5</ele></trkpt>
      <trkpt lat="47.636111" lon="1.433409"><ele>75.2</ele></trkpt>
      <trkpt lat="47.636191" lon="1.433574"><ele>75.2</ele></trkpt>
      <trkpt lat="47.636253" lon="1.433742"><ele>75.5</ele></trkpt>
      <trkpt lat="47.636277" lon="1.433888"><ele>76.0</ele></trkpt>
      <trkpt lat="47.636344" lon="1.434739"><ele>81.2</ele></trkpt>
      <trkpt lat="47.636342" lon="1.434868"><ele>82.2</ele></trkpt>
      <trkpt lat="47.636335" lon="1.434923"><ele>82.5</ele></trkpt>
      <trkpt lat="47.636303" lon="1.435006"><ele>83.2</ele></trkpt>
      <trkpt lat="47.636330" lon="1.435029"><ele>83.0</ele></trkpt>
      <trkpt lat="47.636398" lon="1.435137"><ele>82.8</ele></trkpt>
      <trkpt lat="47.637001" lon="1.436142"><ele>82.8</ele></trkpt>
      <trkpt lat="47.637221" lon="1.436462"><ele>83.2</ele></trkpt>
      <trkpt lat="47.637511" lon="1.436804"><ele>83.2</ele></trkpt>
      <trkpt lat="47.637738" lon="1.437072"><ele>82.5</ele></trkpt>
      <trkpt lat="47.637904" lon="1.437289"><ele>82.2</ele></trkpt>
      <trkpt lat="47.638338" lon="1.437889"><ele>82.2</ele></trkpt>
      <trkpt lat="47.638953" lon="1.439029"><ele>82.8</ele></trkpt>
      <trkpt lat="47.639255" lon="1.439589"><ele>82.5</ele></trkpt>
      <trkpt lat="47.639538" lon="1.439971"><ele>82.5</ele></trkpt>
      <trkpt lat="47.639641" lon="1.440125"><ele>82.2</ele></trkpt>
      <trkpt lat="47.639845" lon="1.440449"><ele>82.0</ele></trkpt>
      <trkpt lat="47.639932" lon="1.440625"><ele>82.2</ele></trkpt>
      <trkpt lat="47.640008" lon="1.440834"><ele>82.8</ele></trkpt>
      <trkpt lat="47.640187" lon="1.441324"><ele>83.2</ele></trkpt>
      <trkpt lat="47.640216" lon="1.441386"><ele>83.0</ele></trkpt>
      <trkpt lat="47.640235" lon="1.441395"><ele>83.0</ele></trkpt>
      <trkpt lat="47.640266" lon="1.441380"><ele>83.0</ele></trkpt>
      <trkpt lat="47.640534" lon="1.441118"><ele>79.2</ele></trkpt>
      <trkpt lat="47.640555" lon="1.441111"><ele>79.0</ele></trkpt>
      <trkpt lat="47.640582" lon="1.441155"><ele>78.8</ele></trkpt>
      <trkpt lat="47.640699" lon="1.441419"><ele>79.0</ele></trkpt>
      <trkpt lat="47.640802" lon="1.441623"><ele>77.5</ele></trkpt>
      <trkpt lat="47.641048" lon="1.442209"><ele>78.0</ele></trkpt>
      <trkpt lat="47.641070" lon="1.442288"><ele>78.2</ele></trkpt>
      <trkpt lat="47.641153" lon="1.442710"><ele>80.0</ele></trkpt>
      <trkpt lat="47.641320" lon="1.443007"><ele>80.0</ele></trkpt>
      <trkpt lat="47.641701" lon="1.444047"><ele>82.5</ele></trkpt>
      <trkpt lat="47.641850" lon="1.444513"><ele>83.0</ele></trkpt>
      <trkpt lat="47.641731" lon="1.444602"><ele>83.5</ele></trkpt>
      <trkpt lat="47.641625" lon="1.444668"><ele>84.0</ele></trkpt>
      <trkpt lat="47.641492" lon="1.444750"><ele>84.0</ele></trkpt>
      <trkpt lat="47.641422" lon="1.444792"><ele>84.2</ele></trkpt>
      <trkpt lat="47.641165" lon="1.445010"><ele>85.0</ele></trkpt>
      <trkpt lat="47.641109" lon="1.445102"><ele>85.0</ele></trkpt>
      <trkpt lat="47.641115" lon="1.445146"><ele>85.0</ele></trkpt>
      <trkpt lat="47.641121" lon="1.445179"><ele>85.0</ele></trkpt>
      <trkpt lat="47.641162" lon="1.445278"><ele>85.0</ele></trkpt>
      <trkpt lat="47.641223" lon="1.445423"><ele>85.0</ele></trkpt>
      <trkpt lat="47.641276" lon="1.445550"><ele>85.0</ele></trkpt>
      <trkpt lat="47.641309" lon="1.445628"><ele>85.0</ele></trkpt>
      <trkpt lat="47.641314" lon="1.445694"><ele>85.0</ele></trkpt>
      <trkpt lat="47.641297" lon="1.445750"><ele>85.0</ele></trkpt>
      <trkpt lat="47.641170" lon="1.445922"><ele>85.0</ele></trkpt>
      <trkpt lat="47.640952" lon="1.446171"><ele>85.0</ele></trkpt>
      <trkpt lat="47.641311" lon="1.446954"><ele>86.0</ele></trkpt>
      <trkpt lat="47.641381" lon="1.447106"><ele>86.0</ele></trkpt>
      <trkpt lat="47.641514" lon="1.447470"><ele>86.0</ele></trkpt>
      <trkpt lat="47.641573" lon="1.447670"><ele>85.2</ele></trkpt>
      <trkpt lat="47.641603" lon="1.447796"><ele>85.0</ele></trkpt>
      <trkpt lat="47.641798" lon="1.448608"><ele>85.0</ele></trkpt>
      <trkpt lat="47.642179" lon="1.450128"><ele>85.0</ele></trkpt>
      <trkpt lat="47.642406" lon="1.450782"><ele>84.2</ele></trkpt>
      <trkpt lat="47.642657" lon="1.451419"><ele>84.2</ele></trkpt>
      <trkpt lat="47.642899" lon="1.451902"><ele>84.2</ele></trkpt>
      <trkpt lat="47.643020" lon="1.452106"><ele>84.0</ele></trkpt>
      <trkpt lat="47.643259" lon="1.452442"><ele>84.0</ele></trkpt>
      <trkpt lat="47.643454" lon="1.452663"><ele>84.0</ele></trkpt>
      <trkpt lat="47.643717" lon="1.452927"><ele>83.8</ele></trkpt>
      <trkpt lat="47.643818" lon="1.453016"><ele>83.8</ele></trkpt>
      <trkpt lat="47.644046" lon="1.453218"><ele>83.2</ele></trkpt>
      <trkpt lat="47.644899" lon="1.454013"><ele>84.0</ele></trkpt>
      <trkpt lat="47.645078" lon="1.454180"><ele>84.2</ele></trkpt>
      <trkpt lat="47.645206" lon="1.454371"><ele>84.5</ele></trkpt>
      <trkpt lat="47.645465" lon="1.454754"><ele>82.5</ele></trkpt>
      <trkpt lat="47.645815" lon="1.455602"><ele>83.0</ele></trkpt>
      <trkpt lat="47.646422" lon="1.457179"><ele>82.2</ele></trkpt>
      <trkpt lat="47.646938" lon="1.458580"><ele>82.5</ele></trkpt>
      <trkpt lat="47.647846" lon="1.460853"><ele>83.5</ele></trkpt>
      <trkpt lat="47.648125" lon="1.461798"><ele>83.8</ele></trkpt>
      <trkpt lat="47.648403" lon="1.462838"><ele>84.0</ele></trkpt>
      <trkpt lat="47.648791" lon="1.463907"><ele>83.2</ele></trkpt>
      <trkpt lat="47.649403" lon="1.465880"><ele>82.8</ele></trkpt>
      <trkpt lat="47.649838" lon="1.467371"><ele>83.8</ele></trkpt>
      <trkpt lat="47.650239" lon="1.468600"><ele>84.8</ele></trkpt>
      <trkpt lat="47.650542" lon="1.469785"><ele>82.0</ele></trkpt>
      <trkpt lat="47.650759" lon="1.470440"><ele>81.5</ele></trkpt>
      <trkpt lat="47.650957" lon="1.470881"><ele>80.2</ele></trkpt>
      <trkpt lat="47.651411" lon="1.472222"><ele>80.5</ele></trkpt>
      <trkpt lat="47.651791" lon="1.473317"><ele>79.5</ele></trkpt>
      <trkpt lat="47.651999" lon="1.474237"><ele>79.2</ele></trkpt>
      <trkpt lat="47.652035" lon="1.474469"><ele>79.2</ele></trkpt>
      <trkpt lat="47.652051" lon="1.474708"><ele>79.0</ele></trkpt>
      <trkpt lat="47.652050" lon="1.475490"><ele>79.2</ele></trkpt>
      <trkpt lat="47.652144" lon="1.476522"><ele>79.0</ele></trkpt>
      <trkpt lat="47.652209" lon="1.477095"><ele>79.0</ele></trkpt>
      <trkpt lat="47.652279" lon="1.477527"><ele>78.5</ele></trkpt>
      <trkpt lat="47.652626" lon="1.478527"><ele>78.2</ele></trkpt>
      <trkpt lat="47.653003" lon="1.479465"><ele>79.8</ele></trkpt>
      <trkpt lat="47.652743" lon="1.479634"><ele>79.5</ele></trkpt>
      <trkpt lat="47.652276" lon="1.479790"><ele>79.0</ele></trkpt>
      <trkpt lat="47.651955" lon="1.479882"><ele>79.5</ele></trkpt>
      <trkpt lat="47.651086" lon="1.479981"><ele>81.0</ele></trkpt>
      <trkpt lat="47.650642" lon="1.480073"><ele>82.0</ele></trkpt>
      <trkpt lat="47.650287" lon="1.480190"><ele>82.0</ele></trkpt>
      <trkpt lat="47.650196" lon="1.480250"><ele>82.2</ele></trkpt>
      <trkpt lat="47.650132" lon="1.480321"><ele>82.2</ele></trkpt>
      <trkpt lat="47.650062" lon="1.480415"><ele>82.2</ele></trkpt>
      <trkpt lat="47.649999" lon="1.480560"><ele>82.0</ele></trkpt>
      <trkpt lat="47.649960" lon="1.480717"><ele>82.0</ele></trkpt>
      <trkpt lat="47.649946" lon="1.480875"><ele>82.0</ele></trkpt>
      <trkpt lat="47.649948" lon="1.480993"><ele>82.2</ele></trkpt>
      <trkpt lat="47.650043" lon="1.481499"><ele>83.0</ele></trkpt>
      <trkpt lat="47.650251" lon="1.482807"><ele>86.0</ele></trkpt>
      <trkpt lat="47.650649" lon="1.484542"><ele>86.8</ele></trkpt>
      <trkpt lat="47.650771" lon="1.484657"><ele>86.8</ele></trkpt>
      <trkpt lat="47.651353" lon="1.485105"><ele>86.0</ele></trkpt>
      <trkpt lat="47.651944" lon="1.485673"><ele>85.0</ele></trkpt>
      <trkpt lat="47.652021" lon="1.485793"><ele>85.0</ele></trkpt>
      <trkpt lat="47.651994" lon="1.485863"><ele>85.0</ele></trkpt>
      <trkpt lat="47.651509" lon="1.486560"><ele>86.5</ele></trkpt>
      <trkpt lat="47.651410" lon="1.486725"><ele>86.5</ele></trkpt>
      <trkpt lat="47.651125" lon="1.487346"><ele>86.8</ele></trkpt>
      <trkpt lat="47.651340" lon="1.487851"><ele>86.0</ele></trkpt>
      <trkpt lat="47.651544" lon="1.488498"><ele>85.5</ele></trkpt>
      <trkpt lat="47.651837" lon="1.489551"><ele>85.2</ele></trkpt>
      <trkpt lat="47.651834" lon="1.489669"><ele>85.2</ele></trkpt>
      <trkpt lat="47.651780" lon="1.489777"><ele>85.2</ele></trkpt>
      <trkpt lat="47.651256" lon="1.490149"><ele>85.2</ele></trkpt>
      <trkpt lat="47.651631" lon="1.490563"><ele>86.0</ele></trkpt>
      <trkpt lat="47.652279" lon="1.491295"><ele>86.0</ele></trkpt>
      <trkpt lat="47.653146" lon="1.492272"><ele>85.5</ele></trkpt>
      <trkpt lat="47.653252" lon="1.492252"><ele>85.2</ele></trkpt>
      <trkpt lat="47.653417" lon="1.492192"><ele>85.0</ele></trkpt>
      <trkpt lat="47.653570" lon="1.492118"><ele>85.0</ele></trkpt>
      <trkpt lat="47.653661" lon="1.492104"><ele>85.0</ele></trkpt>
      <trkpt lat="47.653934" lon="1.491970"><ele>85.0</ele></trkpt>
      <trkpt lat="47.653987" lon="1.491913"><ele>85.0</ele></trkpt>
      <trkpt lat="47.654588" lon="1.491644"><ele>85.0</ele></trkpt>
      <trkpt lat="47.654806" lon="1.491537"><ele>85.2</ele></trkpt>
      <trkpt lat="47.654880" lon="1.491504"><ele>85.5</ele></trkpt>
      <trkpt lat="47.655046" lon="1.491421"><ele>86.0</ele></trkpt>
      <trkpt lat="47.655378" lon="1.491193"><ele>86.8</ele></trkpt>
      <trkpt lat="47.655046" lon="1.491421"><ele>86.0</ele></trkpt>
      <trkpt lat="47.654880" lon="1.491504"><ele>85.5</ele></trkpt>
      <trkpt lat="47.654806" lon="1.491537"><ele>85.2</ele></trkpt>
      <trkpt lat="47.654588" lon="1.491644"><ele>85.0</ele></trkpt>
      <trkpt lat="47.653987" lon="1.491913"><ele>85.0</ele></trkpt>
      <trkpt lat="47.653934" lon="1.491970"><ele>85.0</ele></trkpt>
      <trkpt lat="47.653661" lon="1.492104"><ele>85.0</ele></trkpt>
      <trkpt lat="47.653570" lon="1.492118"><ele>85.0</ele></trkpt>
      <trkpt lat="47.653417" lon="1.492192"><ele>85.0</ele></trkpt>
      <trkpt lat="47.653252" lon="1.492252"><ele>85.2</ele></trkpt>
      <trkpt lat="47.653146" lon="1.492272"><ele>85.5</ele></trkpt>
      <trkpt lat="47.652279" lon="1.491295"><ele>86.0</ele></trkpt>
      <trkpt lat="47.651167" lon="1.492243"><ele>87.0</ele></trkpt>
      <trkpt lat="47.650811" lon="1.492550"><ele>87.0</ele></trkpt>
      <trkpt lat="47.650578" lon="1.492734"><ele>87.0</ele></trkpt>
      <trkpt lat="47.650423" lon="1.492848"><ele>87.0</ele></trkpt>
      <trkpt lat="47.650273" lon="1.492936"><ele>87.0</ele></trkpt>
      <trkpt lat="47.649988" lon="1.493072"><ele>87.0</ele></trkpt>
      <trkpt lat="47.649986" lon="1.493184"><ele>87.2</ele></trkpt>
      <trkpt lat="47.649852" lon="1.493328"><ele>87.8</ele></trkpt>
      <trkpt lat="47.649622" lon="1.493616"><ele>88.0</ele></trkpt>
      <trkpt lat="47.649286" lon="1.494162"><ele>88.0</ele></trkpt>
      <trkpt lat="47.649201" lon="1.494324"><ele>87.8</ele></trkpt>
      <trkpt lat="47.648894" lon="1.494914"><ele>88.0</ele></trkpt>
      <trkpt lat="47.648636" lon="1.495484"><ele>89.0</ele></trkpt>
      <trkpt lat="47.648203" lon="1.496831"><ele>89.8</ele></trkpt>
      <trkpt lat="47.647939" lon="1.497947"><ele>90.0</ele></trkpt>
      <trkpt lat="47.647856" lon="1.498190"><ele>90.0</ele></trkpt>
      <trkpt lat="47.647769" lon="1.498370"><ele>89.8</ele></trkpt>
      <trkpt lat="47.647701" lon="1.498290"><ele>89.8</ele></trkpt>
      <trkpt lat="47.647668" lon="1.498237"><ele>89.5</ele></trkpt>
      <trkpt lat="47.647497" lon="1.497879"><ele>90.0</ele></trkpt>
      <trkpt lat="47.646352" lon="1.495327"><ele>89.0</ele></trkpt>
      <trkpt lat="47.646278" lon="1.495338"><ele>89.0</ele></trkpt>
      <trkpt lat="47.645909" lon="1.495568"><ele>89.0</ele></trkpt>
      <trkpt lat="47.645282" lon="1.495976"><ele>89.0</ele></trkpt>
      <trkpt lat="47.645075" lon="1.496085"><ele>89.0</ele></trkpt>
      <trkpt lat="47.644197" lon="1.496378"><ele>90.0</ele></trkpt>
      <trkpt lat="47.643592" lon="1.496579"><ele>89.8</ele></trkpt>
      <trkpt lat="47.643403" lon="1.496614"><ele>89.8</ele></trkpt>
      <trkpt lat="47.642830" lon="1.496636"><ele>89.5</ele></trkpt>
      <trkpt lat="47.641891" lon="1.496652"><ele>88.0</ele></trkpt>
      <trkpt lat="47.640742" lon="1.496681"><ele>89.2</ele></trkpt>
      <trkpt lat="47.640314" lon="1.496660"><ele>89.8</ele></trkpt>
      <trkpt lat="47.639752" lon="1.496526"><ele>90.0</ele></trkpt>
      <trkpt lat="47.639651" lon="1.496483"><ele>89.8</ele></trkpt>
      <trkpt lat="47.639361" lon="1.495898"><ele>89.5</ele></trkpt>
      <trkpt lat="47.638934" lon="1.494951"><ele>88.8</ele></trkpt>
      <trkpt lat="47.638410" lon="1.493966"><ele>88.8</ele></trkpt>
      <trkpt lat="47.637245" lon="1.491518"><ele>88.8</ele></trkpt>
      <trkpt lat="47.637194" lon="1.491517"><ele>89.0</ele></trkpt>
      <trkpt lat="47.637043" lon="1.491655"><ele>89.0</ele></trkpt>
      <trkpt lat="47.636846" lon="1.491886"><ele>89.0</ele></trkpt>
      <trkpt lat="47.636349" lon="1.492399"><ele>89.0</ele></trkpt>
      <trkpt lat="47.636056" lon="1.492683"><ele>89.0</ele></trkpt>
      <trkpt lat="47.635446" lon="1.493322"><ele>89.0</ele></trkpt>
      <trkpt lat="47.634732" lon="1.493989"><ele>88.2</ele></trkpt>
      <trkpt lat="47.634574" lon="1.494218"><ele>89.0</ele></trkpt>
      <trkpt lat="47.634483" lon="1.494418"><ele>89.0</ele></trkpt>
      <trkpt lat="47.634510" lon="1.494546"><ele>89.0</ele></trkpt>
      <trkpt lat="47.634544" lon="1.494653"><ele>89.0</ele></trkpt>
      <trkpt lat="47.634560" lon="1.494760"><ele>89.0</ele></trkpt>
      <trkpt lat="47.634552" lon="1.494892"><ele>89.0</ele></trkpt>
      <trkpt lat="47.634535" lon="1.494988"><ele>89.0</ele></trkpt>
      <trkpt lat="47.634503" lon="1.495096"><ele>89.0</ele></trkpt>
      <trkpt lat="47.634422" lon="1.495209"><ele>89.0</ele></trkpt>
      <trkpt lat="47.634121" lon="1.495480"><ele>89.0</ele></trkpt>
      <trkpt lat="47.633806" lon="1.495703"><ele>89.0</ele></trkpt>
      <trkpt lat="47.633676" lon="1.495744"><ele>89.0</ele></trkpt>
      <trkpt lat="47.633551" lon="1.495738"><ele>89.0</ele></trkpt>
      <trkpt lat="47.633451" lon="1.495772"><ele>89.5</ele></trkpt>
      <trkpt lat="47.633364" lon="1.495801"><ele>89.8</ele></trkpt>
      <trkpt lat="47.633057" lon="1.496030"><ele>90.0</ele></trkpt>
      <trkpt lat="47.632801" lon="1.496237"><ele>90.0</ele></trkpt>
      <trkpt lat="47.632671" lon="1.496362"><ele>90.2</ele></trkpt>
      <trkpt lat="47.632422" lon="1.496563"><ele>91.0</ele></trkpt>
      <trkpt lat="47.632184" lon="1.496728"><ele>91.0</ele></trkpt>
      <trkpt lat="47.631561" lon="1.497259"><ele>92.0</ele></trkpt>
      <trkpt lat="47.630956" lon="1.497740"><ele>93.5</ele></trkpt>
      <trkpt lat="47.630787" lon="1.497923"><ele>94.0</ele></trkpt>
      <trkpt lat="47.630386" lon="1.498293"><ele>95.0</ele></trkpt>
      <trkpt lat="47.630342" lon="1.498345"><ele>95.0</ele></trkpt>
      <trkpt lat="47.630232" lon="1.498925"><ele>96.0</ele></trkpt>
      <trkpt lat="47.629826" lon="1.498862"><ele>97.5</ele></trkpt>
      <trkpt lat="47.629797" lon="1.498846"><ele>97.5</ele></trkpt>
      <trkpt lat="47.629780" lon="1.498837"><ele>97.8</ele></trkpt>
      <trkpt lat="47.629754" lon="1.498914"><ele>97.8</ele></trkpt>
      <trkpt lat="47.629718" lon="1.498991"><ele>98.0</ele></trkpt>
      <trkpt lat="47.629706" lon="1.499022"><ele>98.0</ele></trkpt>
      <trkpt lat="47.629494" lon="1.499318"><ele>98.2</ele></trkpt>
      <trkpt lat="47.629528" lon="1.499410"><ele>98.5</ele></trkpt>
      <trkpt lat="47.629771" lon="1.503393"><ele>99.8</ele></trkpt>
      <trkpt lat="47.629805" lon="1.504021"><ele>100.0</ele></trkpt>
      <trkpt lat="47.629866" lon="1.505199"><ele>99.0</ele></trkpt>
      <trkpt lat="47.630079" lon="1.509309"><ele>99.0</ele></trkpt>
      <trkpt lat="47.627921" lon="1.507744"><ele>100.2</ele></trkpt>
      <trkpt lat="47.626963" lon="1.507047"><ele>100.0</ele></trkpt>
      <trkpt lat="47.625081" lon="1.505655"><ele>98.0</ele></trkpt>
      <trkpt lat="47.625010" lon="1.505796"><ele>98.0</ele></trkpt>
      <trkpt lat="47.624982" lon="1.505860"><ele>97.8</ele></trkpt>
      <trkpt lat="47.624935" lon="1.506038"><ele>96.8</ele></trkpt>
      <trkpt lat="47.624933" lon="1.506131"><ele>96.5</ele></trkpt>
      <trkpt lat="47.624947" lon="1.506213"><ele>96.5</ele></trkpt>
      <trkpt lat="47.624955" lon="1.506320"><ele>96.5</ele></trkpt>
      <trkpt lat="47.624939" lon="1.506410"><ele>96.2</ele></trkpt>
      <trkpt lat="47.624904" lon="1.506495"><ele>95.5</ele></trkpt>
      <trkpt lat="47.624828" lon="1.506587"><ele>94.8</ele></trkpt>
      <trkpt lat="47.624783" lon="1.506661"><ele>94.2</ele></trkpt>
      <trkpt lat="47.624656" lon="1.506829"><ele>93.8</ele></trkpt>
      <trkpt lat="47.624525" lon="1.506981"><ele>93.2</ele></trkpt>
      <trkpt lat="47.624403" lon="1.507174"><ele>92.8</ele></trkpt>
      <trkpt lat="47.624338" lon="1.507254"><ele>92.5</ele></trkpt>
      <trkpt lat="47.624249" lon="1.507335"><ele>92.0</ele></trkpt>
      <trkpt lat="47.624192" lon="1.507402"><ele>92.0</ele></trkpt>
      <trkpt lat="47.624095" lon="1.507495"><ele>91.5</ele></trkpt>
      <trkpt lat="47.624008" lon="1.507593"><ele>91.2</ele></trkpt>
      <trkpt lat="47.623939" lon="1.507702"><ele>91.0</ele></trkpt>
      <trkpt lat="47.623831" lon="1.507805"><ele>90.5</ele></trkpt>
      <trkpt lat="47.623727" lon="1.507870"><ele>90.2</ele></trkpt>
      <trkpt lat="47.623671" lon="1.507925"><ele>90.0</ele></trkpt>
      <trkpt lat="47.623639" lon="1.507968"><ele>90.0</ele></trkpt>
      <trkpt lat="47.623617" lon="1.508021"><ele>90.0</ele></trkpt>
      <trkpt lat="47.623609" lon="1.508081"><ele>89.8</ele></trkpt>
      <trkpt lat="47.623613" lon="1.508154"><ele>90.0</ele></trkpt>
      <trkpt lat="47.623638" lon="1.508224"><ele>89.8</ele></trkpt>
      <trkpt lat="47.623712" lon="1.508291"><ele>90.0</ele></trkpt>
      <trkpt lat="47.623822" lon="1.508530"><ele>89.8</ele></trkpt>
      <trkpt lat="47.623722" lon="1.508588"><ele>89.2</ele></trkpt>
      <trkpt lat="47.623666" lon="1.508648"><ele>89.0</ele></trkpt>
      <trkpt lat="47.623553" lon="1.508809"><ele>89.0</ele></trkpt>
      <trkpt lat="47.623399" lon="1.509247"><ele>89.0</ele></trkpt>
      <trkpt lat="47.623256" lon="1.509441"><ele>88.5</ele></trkpt>
      <trkpt lat="47.623229" lon="1.509473"><ele>88.5</ele></trkpt>
      <trkpt lat="47.623185" lon="1.509432"><ele>88.2</ele></trkpt>
      <trkpt lat="47.623065" lon="1.509365"><ele>88.0</ele></trkpt>
      <trkpt lat="47.622978" lon="1.509409"><ele>88.0</ele></trkpt>
      <trkpt lat="47.622737" lon="1.509283"><ele>87.8</ele></trkpt>
      <trkpt lat="47.622634" lon="1.509259"><ele>87.2</ele></trkpt>
      <trkpt lat="47.622504" lon="1.509139"><ele>87.0</ele></trkpt>
      <trkpt lat="47.622433" lon="1.509160"><ele>86.8</ele></trkpt>
      <trkpt lat="47.622381" lon="1.509160"><ele>86.5</ele></trkpt>
      <trkpt lat="47.622329" lon="1.509145"><ele>86.2</ele></trkpt>
      <trkpt lat="47.622262" lon="1.509095"><ele>86.2</ele></trkpt>
      <trkpt lat="47.618950" lon="1.513569"><ele>78.2</ele></trkpt>
      <trkpt lat="47.618866" lon="1.513682"><ele>78.0</ele></trkpt>
      <trkpt lat="47.618813" lon="1.513585"><ele>78.0</ele></trkpt>
      <trkpt lat="47.618755" lon="1.513495"><ele>78.0</ele></trkpt>
      <trkpt lat="47.618669" lon="1.513388"><ele>78.0</ele></trkpt>
      <trkpt lat="47.618597" lon="1.513316"><ele>77.8</ele></trkpt>
      <trkpt lat="47.618520" lon="1.513252"><ele>77.5</ele></trkpt>
      <trkpt lat="47.618438" lon="1.513199"><ele>77.2</ele></trkpt>
      <trkpt lat="47.618324" lon="1.513146"><ele>76.8</ele></trkpt>
      <trkpt lat="47.618206" lon="1.513114"><ele>76.8</ele></trkpt>
      <trkpt lat="47.618059" lon="1.513106"><ele>76.8</ele></trkpt>
      <trkpt lat="47.617917" lon="1.513119"><ele>76.8</ele></trkpt>
      <trkpt lat="47.617762" lon="1.513160"><ele>76.5</ele></trkpt>
      <trkpt lat="47.617696" lon="1.513195"><ele>76.2</ele></trkpt>
      <trkpt lat="47.617542" lon="1.513304"><ele>76.5</ele></trkpt>
      <trkpt lat="47.617431" lon="1.513446"><ele>76.2</ele></trkpt>
      <trkpt lat="47.617329" lon="1.513581"><ele>76.5</ele></trkpt>
      <trkpt lat="47.617160" lon="1.513806"><ele>77.0</ele></trkpt>
      <trkpt lat="47.617111" lon="1.513871"><ele>76.8</ele></trkpt>
      <trkpt lat="47.616848" lon="1.514223"><ele>75.8</ele></trkpt>
      <trkpt lat="47.616814" lon="1.514249"><ele>76.0</ele></trkpt>
      <trkpt lat="47.616668" lon="1.514320"><ele>77.5</ele></trkpt>
      <trkpt lat="47.616594" lon="1.514344"><ele>77.8</ele></trkpt>
      <trkpt lat="47.616410" lon="1.514376"><ele>78.8</ele></trkpt>
      <trkpt lat="47.616286" lon="1.514379"><ele>79.0</ele></trkpt>
      <trkpt lat="47.616167" lon="1.514382"><ele>79.0</ele></trkpt>
      <trkpt lat="47.616174" lon="1.514572"><ele>78.8</ele></trkpt>
      <trkpt lat="47.616096" lon="1.514564"><ele>79.0</ele></trkpt>
      <trkpt lat="47.615991" lon="1.514569"><ele>79.2</ele></trkpt>
      <trkpt lat="47.615879" lon="1.514592"><ele>79.8</ele></trkpt>
      <trkpt lat="47.615711" lon="1.514768"><ele>79.8</ele></trkpt>
      <trkpt lat="47.615684" lon="1.514808"><ele>79.8</ele></trkpt>
      <trkpt lat="47.615623" lon="1.514968"><ele>79.8</ele></trkpt>
      <trkpt lat="47.615590" lon="1.515184"><ele>79.8</ele></trkpt>
      <trkpt lat="47.615553" lon="1.515554"><ele>80.0</ele></trkpt>
      <trkpt lat="47.615506" lon="1.515732"><ele>80.2</ele></trkpt>
      <trkpt lat="47.615434" lon="1.515946"><ele>80.5</ele></trkpt>
      <trkpt lat="47.615380" lon="1.516107"><ele>80.8</ele></trkpt>
      <trkpt lat="47.615306" lon="1.516278"><ele>80.5</ele></trkpt>
      <trkpt lat="47.615141" lon="1.516552"><ele>81.0</ele></trkpt>
      <trkpt lat="47.615094" lon="1.516660"><ele>81.0</ele></trkpt>
      <trkpt lat="47.615088" lon="1.516884"><ele>79.0</ele></trkpt>
      <trkpt lat="47.615082" lon="1.516965"><ele>78.5</ele></trkpt>
      <trkpt lat="47.615088" lon="1.517018"><ele>78.5</ele></trkpt>
      <trkpt lat="47.615112" lon="1.517103"><ele>78.2</ele></trkpt>
      <trkpt lat="47.615220" lon="1.517283"><ele>78.0</ele></trkpt>
      <trkpt lat="47.615299" lon="1.517413"><ele>78.0</ele></trkpt>
      <trkpt lat="47.615570" lon="1.517877"><ele>77.8</ele></trkpt>
      <trkpt lat="47.615817" lon="1.518291"><ele>78.0</ele></trkpt>
      <trkpt lat="47.615925" lon="1.518483"><ele>77.5</ele></trkpt>
      <trkpt lat="47.616141" lon="1.518848"><ele>76.8</ele></trkpt>
      <trkpt lat="47.616154" lon="1.518832"><ele>76.8</ele></trkpt>
      <trkpt lat="47.616209" lon="1.518763"><ele>76.5</ele></trkpt>
      <trkpt lat="47.616607" lon="1.518249"><ele>76.8</ele></trkpt>
      <trkpt lat="47.617182" lon="1.517505"><ele>76.8</ele></trkpt>
      <trkpt lat="47.617058" lon="1.517292"><ele>76.8</ele></trkpt>
      <trkpt lat="47.616607" lon="1.516525"><ele>76.8</ele></trkpt>
      <trkpt lat="47.616495" lon="1.516692"><ele>76.2</ele></trkpt>
      <trkpt lat="47.616390" lon="1.516820"><ele>76.5</ele></trkpt>
      <trkpt lat="47.616321" lon="1.516920"><ele>77.0</ele></trkpt>
      <trkpt lat="47.616293" lon="1.516959"><ele>77.2</ele></trkpt>
      <trkpt lat="47.616260" lon="1.516952"><ele>77.2</ele></trkpt>
      <trkpt lat="47.616231" lon="1.516945"><ele>77.5</ele></trkpt>
      <trkpt lat="47.616199" lon="1.516962"><ele>77.5</ele></trkpt>
      <trkpt lat="47.616187" lon="1.517039"><ele>77.8</ele></trkpt>
      <trkpt lat="47.616198" lon="1.517088"><ele>77.8</ele></trkpt>
      <trkpt lat="47.616157" lon="1.517141"><ele>77.8</ele></trkpt>
      <trkpt lat="47.616116" lon="1.517075"><ele>78.0</ele></trkpt>
      <trkpt lat="47.616157" lon="1.517141"><ele>77.8</ele></trkpt>
      <trkpt lat="47.616198" lon="1.517088"><ele>77.8</ele></trkpt>
      <trkpt lat="47.616187" lon="1.517039"><ele>77.8</ele></trkpt>
      <trkpt lat="47.616199" lon="1.516962"><ele>77.5</ele></trkpt>
      <trkpt lat="47.616231" lon="1.516945"><ele>77.5</ele></trkpt>
      <trkpt lat="47.616260" lon="1.516952"><ele>77.2</ele></trkpt>
      <trkpt lat="47.616293" lon="1.516959"><ele>77.2</ele></trkpt>
      <trkpt lat="47.616321" lon="1.516920"><ele>77.0</ele></trkpt>
      <trkpt lat="47.616390" lon="1.516820"><ele>76.5</ele></trkpt>
      <trkpt lat="47.616495" lon="1.516692"><ele>76.2</ele></trkpt>
      <trkpt lat="47.616607" lon="1.516525"><ele>76.8</ele></trkpt>
      <trkpt lat="47.617058" lon="1.517292"><ele>76.8</ele></trkpt>
      <trkpt lat="47.617182" lon="1.517505"><ele>76.8</ele></trkpt>
      <trkpt lat="47.616607" lon="1.518249"><ele>76.8</ele></trkpt>
      <trkpt lat="47.616209" lon="1.518763"><ele>76.5</ele></trkpt>
      <trkpt lat="47.616154" lon="1.518832"><ele>76.8</ele></trkpt>
      <trkpt lat="47.616141" lon="1.518848"><ele>76.8</ele></trkpt>
      <trkpt lat="47.615925" lon="1.518483"><ele>77.5</ele></trkpt>
      <trkpt lat="47.615853" lon="1.518569"><ele>77.8</ele></trkpt>
      <trkpt lat="47.614994" lon="1.519687"><ele>78.8</ele></trkpt>
      <trkpt lat="47.614927" lon="1.519776"><ele>78.5</ele></trkpt>
      <trkpt lat="47.614861" lon="1.519846"><ele>78.2</ele></trkpt>
      <trkpt lat="47.614731" lon="1.519923"><ele>78.5</ele></trkpt>
      <trkpt lat="47.614642" lon="1.519936"><ele>78.8</ele></trkpt>
      <trkpt lat="47.614526" lon="1.519926"><ele>78.8</ele></trkpt>
      <trkpt lat="47.614407" lon="1.519888"><ele>79.0</ele></trkpt>
      <trkpt lat="47.614276" lon="1.519752"><ele>79.0</ele></trkpt>
      <trkpt lat="47.614204" lon="1.519636"><ele>79.0</ele></trkpt>
      <trkpt lat="47.614130" lon="1.519499"><ele>79.0</ele></trkpt>
      <trkpt lat="47.614091" lon="1.519369"><ele>79.0</ele></trkpt>
      <trkpt lat="47.614068" lon="1.519232"><ele>79.0</ele></trkpt>
      <trkpt lat="47.614058" lon="1.519128"><ele>79.0</ele></trkpt>
      <trkpt lat="47.614064" lon="1.518983"><ele>79.0</ele></trkpt>
      <trkpt lat="47.613873" lon="1.518913"><ele>79.0</ele></trkpt>
      <trkpt lat="47.613784" lon="1.518869"><ele>79.5</ele></trkpt>
      <trkpt lat="47.613719" lon="1.518822"><ele>80.0</ele></trkpt>
      <trkpt lat="47.613655" lon="1.518761"><ele>80.2</ele></trkpt>
      <trkpt lat="47.613510" lon="1.518573"><ele>80.2</ele></trkpt>
      <trkpt lat="47.613279" lon="1.518177"><ele>81.0</ele></trkpt>
      <trkpt lat="47.613215" lon="1.518262"><ele>81.0</ele></trkpt>
      <trkpt lat="47.613171" lon="1.518281"><ele>81.0</ele></trkpt>
      <trkpt lat="47.613105" lon="1.518279"><ele>81.0</ele></trkpt>
      <trkpt lat="47.613104" lon="1.518365"><ele>81.0</ele></trkpt>
      <trkpt lat="47.613087" lon="1.518416"><ele>80.8</ele></trkpt>
      <trkpt lat="47.612945" lon="1.518582"><ele>81.0</ele></trkpt>
      <trkpt lat="47.612418" lon="1.519187"><ele>80.2</ele></trkpt>
      <trkpt lat="47.612343" lon="1.519248"><ele>80.5</ele></trkpt>
      <trkpt lat="47.612293" lon="1.519280"><ele>80.5</ele></trkpt>
      <trkpt lat="47.612142" lon="1.519327"><ele>81.0</ele></trkpt>
      <trkpt lat="47.611789" lon="1.519421"><ele>81.0</ele></trkpt>
      <trkpt lat="47.611508" lon="1.519520"><ele>81.0</ele></trkpt>
      <trkpt lat="47.610274" lon="1.520029"><ele>82.0</ele></trkpt>
      <trkpt lat="47.609600" lon="1.520308"><ele>83.0</ele></trkpt>
      <trkpt lat="47.609464" lon="1.520369"><ele>83.0</ele></trkpt>
      <trkpt lat="47.609431" lon="1.520384"><ele>83.0</ele></trkpt>
      <trkpt lat="47.609246" lon="1.520221"><ele>83.5</ele></trkpt>
      <trkpt lat="47.608792" lon="1.520016"><ele>84.2</ele></trkpt>
      <trkpt lat="47.608652" lon="1.519953"><ele>84.5</ele></trkpt>
      <trkpt lat="47.608371" lon="1.519786"><ele>85.0</ele></trkpt>
      <trkpt lat="47.608315" lon="1.519770"><ele>85.0</ele></trkpt>
      <trkpt lat="47.608275" lon="1.519805"><ele>85.5</ele></trkpt>
      <trkpt lat="47.608068" lon="1.520105"><ele>86.5</ele></trkpt>
      <trkpt lat="47.607956" lon="1.520312"><ele>86.5</ele></trkpt>
      <trkpt lat="47.607879" lon="1.520398"><ele>86.8</ele></trkpt>
      <trkpt lat="47.607794" lon="1.520454"><ele>87.2</ele></trkpt>
      <trkpt lat="47.607501" lon="1.520551"><ele>87.8</ele></trkpt>
      <trkpt lat="47.606836" lon="1.520648"><ele>89.8</ele></trkpt>
      <trkpt lat="47.606634" lon="1.520871"><ele>89.8</ele></trkpt>
      <trkpt lat="47.606363" lon="1.520900"><ele>90.0</ele></trkpt>
      <trkpt lat="47.605538" lon="1.521293"><ele>90.2</ele></trkpt>
      <trkpt lat="47.605448" lon="1.521368"><ele>90.0</ele></trkpt>
      <trkpt lat="47.605335" lon="1.521406"><ele>89.8</ele></trkpt>
      <trkpt lat="47.604656" lon="1.521452"><ele>89.0</ele></trkpt>
      <trkpt lat="47.604381" lon="1.521462"><ele>89.5</ele></trkpt>
      <trkpt lat="47.604160" lon="1.521500"><ele>89.5</ele></trkpt>
      <trkpt lat="47.603971" lon="1.521580"><ele>89.0</ele></trkpt>
      <trkpt lat="47.603877" lon="1.521697"><ele>89.0</ele></trkpt>
      <trkpt lat="47.603794" lon="1.521831"><ele>89.0</ele></trkpt>
      <trkpt lat="47.603668" lon="1.521966"><ele>89.0</ele></trkpt>
      <trkpt lat="47.603229" lon="1.522206"><ele>89.8</ele></trkpt>
      <trkpt lat="47.603053" lon="1.522356"><ele>90.0</ele></trkpt>
      <trkpt lat="47.602977" lon="1.522402"><ele>90.0</ele></trkpt>
      <trkpt lat="47.602849" lon="1.522480"><ele>90.0</ele></trkpt>
      <trkpt lat="47.602574" lon="1.522604"><ele>90.5</ele></trkpt>
      <trkpt lat="47.602367" lon="1.522716"><ele>91.0</ele></trkpt>
      <trkpt lat="47.602137" lon="1.522798"><ele>91.0</ele></trkpt>
      <trkpt lat="47.601780" lon="1.522801"><ele>91.5</ele></trkpt>
      <trkpt lat="47.601483" lon="1.522825"><ele>92.5</ele></trkpt>
      <trkpt lat="47.601319" lon="1.522910"><ele>92.5</ele></trkpt>
      <trkpt lat="47.600848" lon="1.523233"><ele>92.2</ele></trkpt>
      <trkpt lat="47.600728" lon="1.523240"><ele>92.2</ele></trkpt>
      <trkpt lat="47.600602" lon="1.523218"><ele>92.2</ele></trkpt>
      <trkpt lat="47.600498" lon="1.523294"><ele>92.0</ele></trkpt>
      <trkpt lat="47.600386" lon="1.523360"><ele>92.0</ele></trkpt>
      <trkpt lat="47.600256" lon="1.523367"><ele>92.0</ele></trkpt>
      <trkpt lat="47.600028" lon="1.523474"><ele>92.0</ele></trkpt>
      <trkpt lat="47.599810" lon="1.523621"><ele>92.0</ele></trkpt>
      <trkpt lat="47.599602" lon="1.523683"><ele>92.0</ele></trkpt>
      <trkpt lat="47.599428" lon="1.523726"><ele>92.0</ele></trkpt>
      <trkpt lat="47.599270" lon="1.523725"><ele>92.5</ele></trkpt>
      <trkpt lat="47.599178" lon="1.523714"><ele>92.8</ele></trkpt>
      <trkpt lat="47.599084" lon="1.523779"><ele>93.2</ele></trkpt>
      <trkpt lat="47.598973" lon="1.523877"><ele>93.5</ele></trkpt>
      <trkpt lat="47.597980" lon="1.524271"><ele>95.5</ele></trkpt>
      <trkpt lat="47.597127" lon="1.524689"><ele>97.2</ele></trkpt>
      <trkpt lat="47.596818" lon="1.524812"><ele>98.0</ele></trkpt>
      <trkpt lat="47.596572" lon="1.524936"><ele>98.8</ele></trkpt>
      <trkpt lat="47.596416" lon="1.525036"><ele>99.0</ele></trkpt>
      <trkpt lat="47.596286" lon="1.525196"><ele>99.0</ele></trkpt>
      <trkpt lat="47.596203" lon="1.525258"><ele>99.0</ele></trkpt>
      <trkpt lat="47.596092" lon="1.525262"><ele>98.8</ele></trkpt>
      <trkpt lat="47.595985" lon="1.525240"><ele>99.0</ele></trkpt>
      <trkpt lat="47.595865" lon="1.525254"><ele>99.0</ele></trkpt>
      <trkpt lat="47.594775" lon="1.525765"><ele>98.8</ele></trkpt>
      <trkpt lat="47.594512" lon="1.525811"><ele>98.0</ele></trkpt>
      <trkpt lat="47.594268" lon="1.525876"><ele>98.0</ele></trkpt>
      <trkpt lat="47.594172" lon="1.525941"><ele>98.0</ele></trkpt>
      <trkpt lat="47.594083" lon="1.526037"><ele>97.5</ele></trkpt>
      <trkpt lat="47.593715" lon="1.526193"><ele>97.0</ele></trkpt>
      <trkpt lat="47.593561" lon="1.526205"><ele>96.8</ele></trkpt>
      <trkpt lat="47.593350" lon="1.526292"><ele>96.0</ele></trkpt>
      <trkpt lat="47.593205" lon="1.526312"><ele>96.0</ele></trkpt>
      <trkpt lat="47.593070" lon="1.526366"><ele>96.0</ele></trkpt>
      <trkpt lat="47.592923" lon="1.526461"><ele>96.0</ele></trkpt>
      <trkpt lat="47.592750" lon="1.526532"><ele>95.8</ele></trkpt>
      <trkpt lat="47.592593" lon="1.526655"><ele>95.2</ele></trkpt>
      <trkpt lat="47.592455" lon="1.526665"><ele>95.0</ele></trkpt>
      <trkpt lat="47.592354" lon="1.526661"><ele>95.0</ele></trkpt>
      <trkpt lat="47.592160" lon="1.526846"><ele>95.0</ele></trkpt>
      <trkpt lat="47.592021" lon="1.526944"><ele>95.0</ele></trkpt>
      <trkpt lat="47.591926" lon="1.526947"><ele>94.8</ele></trkpt>
      <trkpt lat="47.591845" lon="1.526915"><ele>95.0</ele></trkpt>
      <trkpt lat="47.591725" lon="1.526957"><ele>95.0</ele></trkpt>
      <trkpt lat="47.591629" lon="1.526912"><ele>95.0</ele></trkpt>
      <trkpt lat="47.591031" lon="1.527147"><ele>95.0</ele></trkpt>
      <trkpt lat="47.590861" lon="1.527261"><ele>95.8</ele></trkpt>
      <trkpt lat="47.590750" lon="1.527365"><ele>96.0</ele></trkpt>
      <trkpt lat="47.590688" lon="1.527494"><ele>96.5</ele></trkpt>
      <trkpt lat="47.590647" lon="1.527727"><ele>96.5</ele></trkpt>
      <trkpt lat="47.590588" lon="1.527887"><ele>96.8</ele></trkpt>
      <trkpt lat="47.590528" lon="1.528015"><ele>97.0</ele></trkpt>
      <trkpt lat="47.590413" lon="1.528109"><ele>97.5</ele></trkpt>
      <trkpt lat="47.590221" lon="1.528015"><ele>98.0</ele></trkpt>
      <trkpt lat="47.590141" lon="1.527945"><ele>98.0</ele></trkpt>
      <trkpt lat="47.590014" lon="1.527893"><ele>98.2</ele></trkpt>
      <trkpt lat="47.589755" lon="1.527843"><ele>98.8</ele></trkpt>
      <trkpt lat="47.589582" lon="1.527967"><ele>99.5</ele></trkpt>
      <trkpt lat="47.589386" lon="1.527997"><ele>100.0</ele></trkpt>
      <trkpt lat="47.589240" lon="1.528089"><ele>100.0</ele></trkpt>
      <trkpt lat="47.589100" lon="1.528120"><ele>100.2</ele></trkpt>
      <trkpt lat="47.588933" lon="1.528127"><ele>100.8</ele></trkpt>
      <trkpt lat="47.588787" lon="1.528110"><ele>101.0</ele></trkpt>
      <trkpt lat="47.588631" lon="1.528163"><ele>101.0</ele></trkpt>
      <trkpt lat="47.588497" lon="1.528343"><ele>101.0</ele></trkpt>
      <trkpt lat="47.588403" lon="1.528507"><ele>101.0</ele></trkpt>
      <trkpt lat="47.588271" lon="1.528620"><ele>100.8</ele></trkpt>
      <trkpt lat="47.588080" lon="1.528670"><ele>101.0</ele></trkpt>
      <trkpt lat="47.587845" lon="1.528690"><ele>101.0</ele></trkpt>
      <trkpt lat="47.587660" lon="1.528794"><ele>100.5</ele></trkpt>
      <trkpt lat="47.587406" lon="1.529148"><ele>100.5</ele></trkpt>
      <trkpt lat="47.587275" lon="1.529226"><ele>100.0</ele></trkpt>
      <trkpt lat="47.587056" lon="1.529285"><ele>99.2</ele></trkpt>
      <trkpt lat="47.586722" lon="1.529264"><ele>99.0</ele></trkpt>
      <trkpt lat="47.586618" lon="1.529135"><ele>99.0</ele></trkpt>
      <trkpt lat="47.586497" lon="1.529127"><ele>99.0</ele></trkpt>
      <trkpt lat="47.586314" lon="1.529182"><ele>99.0</ele></trkpt>
      <trkpt lat="47.585882" lon="1.529382"><ele>99.0</ele></trkpt>
      <trkpt lat="47.585663" lon="1.529420"><ele>99.0</ele></trkpt>
      <trkpt lat="47.585491" lon="1.529409"><ele>99.0</ele></trkpt>
      <trkpt lat="47.585376" lon="1.529336"><ele>99.5</ele></trkpt>
      <trkpt lat="47.585182" lon="1.529328"><ele>100.0</ele></trkpt>
      <trkpt lat="47.584908" lon="1.529357"><ele>100.0</ele></trkpt>
      <trkpt lat="47.584558" lon="1.529366"><ele>100.0</ele></trkpt>
      <trkpt lat="47.584403" lon="1.529332"><ele>100.0</ele></trkpt>
      <trkpt lat="47.584265" lon="1.529316"><ele>100.0</ele></trkpt>
      <trkpt lat="47.583995" lon="1.529361"><ele>100.5</ele></trkpt>
      <trkpt lat="47.583654" lon="1.529397"><ele>101.8</ele></trkpt>
      <trkpt lat="47.583427" lon="1.529434"><ele>102.0</ele></trkpt>
      <trkpt lat="47.583214" lon="1.529458"><ele>102.0</ele></trkpt>
      <trkpt lat="47.583130" lon="1.529458"><ele>102.0</ele></trkpt>
      <trkpt lat="47.583105" lon="1.529488"><ele>102.0</ele></trkpt>
      <trkpt lat="47.583034" lon="1.529467"><ele>102.0</ele></trkpt>
      <trkpt lat="47.582929" lon="1.529495"><ele>102.0</ele></trkpt>
      <trkpt lat="47.582831" lon="1.529533"><ele>102.0</ele></trkpt>
      <trkpt lat="47.582765" lon="1.529603"><ele>102.0</ele></trkpt>
      <trkpt lat="47.583101" lon="1.530123"><ele>102.0</ele></trkpt>
      <trkpt lat="47.583122" lon="1.530249"><ele>102.0</ele></trkpt>
      <trkpt lat="47.583133" lon="1.530442"><ele>101.8</ele></trkpt>
      <trkpt lat="47.583121" lon="1.530552"><ele>101.8</ele></trkpt>
      <trkpt lat="47.583087" lon="1.530894"><ele>101.5</ele></trkpt>
      <trkpt lat="47.583019" lon="1.531284"><ele>101.0</ele></trkpt>
      <trkpt lat="47.582924" lon="1.531691"><ele>101.0</ele></trkpt>
      <trkpt lat="47.581737" lon="1.536109"><ele>97.5</ele></trkpt>
      <trkpt lat="47.580917" lon="1.539225"><ele>99.0</ele></trkpt>
      <trkpt lat="47.579650" lon="1.543907"><ele>106.0</ele></trkpt>
      <trkpt lat="47.579535" lon="1.544012"><ele>106.2</ele></trkpt>
      <trkpt lat="47.579268" lon="1.544150"><ele>106.8</ele></trkpt>
      <trkpt lat="47.578881" lon="1.544305"><ele>107.0</ele></trkpt>
      <trkpt lat="47.578520" lon="1.544378"><ele>107.0</ele></trkpt>
      <trkpt lat="47.578189" lon="1.544432"><ele>106.2</ele></trkpt>
      <trkpt lat="47.577834" lon="1.544432"><ele>106.0</ele></trkpt>
      <trkpt lat="47.577665" lon="1.544454"><ele>105.5</ele></trkpt>
      <trkpt lat="47.577278" lon="1.544623"><ele>105.0</ele></trkpt>
      <trkpt lat="47.577218" lon="1.544649"><ele>105.0</ele></trkpt>
      <trkpt lat="47.576851" lon="1.544809"><ele>105.0</ele></trkpt>
      <trkpt lat="47.575495" lon="1.545224"><ele>103.8</ele></trkpt>
      <trkpt lat="47.574085" lon="1.545388"><ele>100.5</ele></trkpt>
      <trkpt lat="47.573869" lon="1.545474"><ele>100.0</ele></trkpt>
      <trkpt lat="47.573069" lon="1.545661"><ele>100.0</ele></trkpt>
      <trkpt lat="47.571762" lon="1.546015"><ele>97.2</ele></trkpt>
      <trkpt lat="47.568739" lon="1.546889"><ele>91.0</ele></trkpt>
      <trkpt lat="47.568577" lon="1.546903"><ele>90.8</ele></trkpt>
      <trkpt lat="47.568399" lon="1.546964"><ele>90.8</ele></trkpt>
      <trkpt lat="47.567536" lon="1.547201"><ele>89.8</ele></trkpt>
      <trkpt lat="47.567187" lon="1.547254"><ele>89.8</ele></trkpt>
      <trkpt lat="47.564605" lon="1.546486"><ele>87.0</ele></trkpt>
      <trkpt lat="47.562584" lon="1.545867"><ele>85.0</ele></trkpt>
      <trkpt lat="47.562321" lon="1.545787"><ele>84.2</ele></trkpt>
      <trkpt lat="47.562257" lon="1.545762"><ele>84.0</ele></trkpt>
      <trkpt lat="47.562181" lon="1.545726"><ele>83.8</ele></trkpt>
      <trkpt lat="47.562119" lon="1.545701"><ele>83.8</ele></trkpt>
      <trkpt lat="47.559823" lon="1.544795"><ele>83.0</ele></trkpt>
      <trkpt lat="47.559749" lon="1.544770"><ele>82.8</ele></trkpt>
      <trkpt lat="47.558526" lon="1.544282"><ele>82.2</ele></trkpt>
      <trkpt lat="47.558499" lon="1.544270"><ele>82.2</ele></trkpt>
      <trkpt lat="47.558398" lon="1.544266"><ele>82.0</ele></trkpt>
      <trkpt lat="47.556206" lon="1.543391"><ele>80.8</ele></trkpt>
      <trkpt lat="47.556085" lon="1.543315"><ele>81.0</ele></trkpt>
      <trkpt lat="47.555940" lon="1.543160"><ele>81.5</ele></trkpt>
      <trkpt lat="47.554960" lon="1.541339"><ele>80.8</ele></trkpt>
      <trkpt lat="47.553923" lon="1.542085"><ele>78.5</ele></trkpt>
      <trkpt lat="47.553864" lon="1.542127"><ele>78.5</ele></trkpt>
      <trkpt lat="47.553688" lon="1.542248"><ele>78.2</ele></trkpt>
      <trkpt lat="47.553657" lon="1.542153"><ele>78.0</ele></trkpt>
      <trkpt lat="47.553626" lon="1.542060"><ele>78.0</ele></trkpt>
      <trkpt lat="47.553344" lon="1.541204"><ele>77.5</ele></trkpt>
      <trkpt lat="47.552723" lon="1.539216"><ele>77.8</ele></trkpt>
      <trkpt lat="47.552562" lon="1.539190"><ele>77.8</ele></trkpt>
      <trkpt lat="47.552314" lon="1.539191"><ele>75.8</ele></trkpt>
      <trkpt lat="47.552093" lon="1.539191"><ele>76.2</ele></trkpt>
      <trkpt lat="47.551784" lon="1.539206"><ele>77.0</ele></trkpt>
      <trkpt lat="47.551646" lon="1.539201"><ele>77.5</ele></trkpt>
      <trkpt lat="47.551612" lon="1.539182"><ele>77.8</ele></trkpt>
      <trkpt lat="47.551596" lon="1.539173"><ele>77.8</ele></trkpt>
      <trkpt lat="47.551560" lon="1.539168"><ele>77.8</ele></trkpt>
      <trkpt lat="47.551510" lon="1.539151"><ele>77.8</ele></trkpt>
      <trkpt lat="47.551495" lon="1.539127"><ele>77.5</ele></trkpt>
      <trkpt lat="47.551474" lon="1.539111"><ele>77.5</ele></trkpt>
      <trkpt lat="47.551450" lon="1.539106"><ele>77.5</ele></trkpt>
      <trkpt lat="47.551410" lon="1.539128"><ele>77.8</ele></trkpt>
      <trkpt lat="47.551391" lon="1.539165"><ele>77.8</ele></trkpt>
      <trkpt lat="47.551370" lon="1.539188"><ele>77.8</ele></trkpt>
      <trkpt lat="47.551317" lon="1.539223"><ele>77.5</ele></trkpt>
      <trkpt lat="47.551130" lon="1.539284"><ele>77.0</ele></trkpt>
      <trkpt lat="47.550948" lon="1.539379"><ele>77.0</ele></trkpt>
      <trkpt lat="47.550842" lon="1.539469"><ele>77.0</ele></trkpt>
      <trkpt lat="47.550478" lon="1.539714"><ele>76.5</ele></trkpt>
      <trkpt lat="47.550408" lon="1.539761"><ele>76.5</ele></trkpt>
      <trkpt lat="47.550270" lon="1.539857"><ele>76.5</ele></trkpt>
      <trkpt lat="47.550172" lon="1.539931"><ele>77.0</ele></trkpt>
      <trkpt lat="47.549804" lon="1.540180"><ele>77.0</ele></trkpt>
      <trkpt lat="47.549665" lon="1.540270"><ele>77.0</ele></trkpt>
      <trkpt lat="47.549635" lon="1.540308"><ele>77.2</ele></trkpt>
      <trkpt lat="47.549618" lon="1.540344"><ele>77.2</ele></trkpt>
      <trkpt lat="47.549606" lon="1.540500"><ele>77.2</ele></trkpt>
      <trkpt lat="47.549613" lon="1.540791"><ele>77.2</ele></trkpt>
      <trkpt lat="47.549608" lon="1.540975"><ele>77.2</ele></trkpt>
      <trkpt lat="47.549587" lon="1.541136"><ele>77.2</ele></trkpt>
      <trkpt lat="47.549532" lon="1.541433"><ele>77.5</ele></trkpt>
      <trkpt lat="47.549491" lon="1.541686"><ele>77.8</ele></trkpt>
      <trkpt lat="47.549478" lon="1.541879"><ele>77.8</ele></trkpt>
      <trkpt lat="47.549506" lon="1.542097"><ele>78.0</ele></trkpt>
      <trkpt lat="47.548994" lon="1.542486"><ele>79.0</ele></trkpt>
      <trkpt lat="47.548962" lon="1.542559"><ele>79.0</ele></trkpt>
      <trkpt lat="47.548915" lon="1.542565"><ele>79.0</ele></trkpt>
      <trkpt lat="47.548862" lon="1.542616"><ele>79.5</ele></trkpt>
      <trkpt lat="47.548915" lon="1.542565"><ele>79.0</ele></trkpt>
      <trkpt lat="47.548857" lon="1.542361"><ele>79.0</ele></trkpt>
      <trkpt lat="47.548788" lon="1.542152"><ele>79.2</ele></trkpt>
      <trkpt lat="47.548593" lon="1.541603"><ele>79.8</ele></trkpt>
      <trkpt lat="47.548550" lon="1.541504"><ele>79.5</ele></trkpt>
      <trkpt lat="47.548519" lon="1.541464"><ele>79.5</ele></trkpt>
      <trkpt lat="47.548421" lon="1.541066"><ele>79.0</ele></trkpt>
      <trkpt lat="47.548384" lon="1.541085"><ele>79.0</ele></trkpt>
      <trkpt lat="47.548316" lon="1.541119"><ele>79.0</ele></trkpt>
      <trkpt lat="47.548272" lon="1.541138"><ele>79.2</ele></trkpt>
      <trkpt lat="47.548223" lon="1.541162"><ele>79.2</ele></trkpt>
      <trkpt lat="47.548174" lon="1.541190"><ele>79.5</ele></trkpt>
      <trkpt lat="47.547802" lon="1.541378"><ele>79.0</ele></trkpt>
      <trkpt lat="47.547718" lon="1.541403"><ele>78.8</ele></trkpt>
      <trkpt lat="47.547497" lon="1.541465"><ele>77.8</ele></trkpt>
      <trkpt lat="47.547364" lon="1.541521"><ele>77.5</ele></trkpt>
      <trkpt lat="47.546991" lon="1.541694"><ele>77.8</ele></trkpt>
      <trkpt lat="47.546949" lon="1.541709"><ele>77.8</ele></trkpt>
      <trkpt lat="47.546836" lon="1.541757"><ele>77.5</ele></trkpt>
      <trkpt lat="47.546701" lon="1.541816"><ele>77.2</ele></trkpt>
      <trkpt lat="47.546620" lon="1.541851"><ele>77.2</ele></trkpt>
      <trkpt lat="47.546424" lon="1.541856"><ele>77.5</ele></trkpt>
      <trkpt lat="47.546357" lon="1.541840"><ele>77.5</ele></trkpt>
      <trkpt lat="47.546303" lon="1.541817"><ele>77.5</ele></trkpt>
      <trkpt lat="47.546244" lon="1.541778"><ele>77.5</ele></trkpt>
      <trkpt lat="47.546177" lon="1.541847"><ele>77.8</ele></trkpt>
      <trkpt lat="47.546142" lon="1.541964"><ele>78.0</ele></trkpt>
      <trkpt lat="47.546160" lon="1.542087"><ele>78.0</ele></trkpt>
      <trkpt lat="47.546191" lon="1.542285"><ele>78.0</ele></trkpt>
      <trkpt lat="47.546116" lon="1.542363"><ele>78.2</ele></trkpt>
      <trkpt lat="47.546031" lon="1.542491"><ele>78.8</ele></trkpt>
      <trkpt lat="47.545912" lon="1.542733"><ele>79.0</ele></trkpt>
      <trkpt lat="47.545765" lon="1.543072"><ele>80.0</ele></trkpt>
      <trkpt lat="47.545489" lon="1.543891"><ele>82.0</ele></trkpt>
      <trkpt lat="47.545400" lon="1.544098"><ele>82.8</ele></trkpt>
      <trkpt lat="47.545364" lon="1.544182"><ele>83.2</ele></trkpt>
      <trkpt lat="47.545310" lon="1.544267"><ele>83.8</ele></trkpt>
      <trkpt lat="47.544832" lon="1.544945"><ele>86.5</ele></trkpt>
      <trkpt lat="47.544443" lon="1.545433"><ele>88.0</ele></trkpt>
      <trkpt lat="47.544341" lon="1.545540"><ele>88.0</ele></trkpt>
      <trkpt lat="47.543993" lon="1.545991"><ele>88.0</ele></trkpt>
      <trkpt lat="47.543817" lon="1.546273"><ele>88.0</ele></trkpt>
      <trkpt lat="47.543692" lon="1.546521"><ele>88.0</ele></trkpt>
      <trkpt lat="47.543556" lon="1.546791"><ele>88.0</ele></trkpt>
      <trkpt lat="47.543365" lon="1.547193"><ele>88.8</ele></trkpt>
      <trkpt lat="47.543278" lon="1.547343"><ele>89.0</ele></trkpt>
      <trkpt lat="47.543150" lon="1.547704"><ele>89.0</ele></trkpt>
      <trkpt lat="47.542885" lon="1.548490"><ele>89.0</ele></trkpt>
      <trkpt lat="47.542608" lon="1.549010"><ele>89.0</ele></trkpt>
      <trkpt lat="47.542261" lon="1.549587"><ele>89.2</ele></trkpt>
      <trkpt lat="47.542108" lon="1.549803"><ele>89.5</ele></trkpt>
      <trkpt lat="47.541929" lon="1.550055"><ele>89.0</ele></trkpt>
      <trkpt lat="47.541766" lon="1.550233"><ele>89.8</ele></trkpt>
      <trkpt lat="47.541649" lon="1.550345"><ele>89.8</ele></trkpt>
      <trkpt lat="47.541190" lon="1.550781"><ele>89.0</ele></trkpt>
      <trkpt lat="47.541032" lon="1.550910"><ele>89.0</ele></trkpt>
      <trkpt lat="47.540928" lon="1.551007"><ele>89.0</ele></trkpt>
      <trkpt lat="47.540765" lon="1.551088"><ele>89.0</ele></trkpt>
      <trkpt lat="47.540546" lon="1.551214"><ele>89.2</ele></trkpt>
      <trkpt lat="47.540487" lon="1.551276"><ele>89.5</ele></trkpt>
      <trkpt lat="47.540427" lon="1.551381"><ele>89.8</ele></trkpt>
      <trkpt lat="47.540387" lon="1.551501"><ele>90.0</ele></trkpt>
      <trkpt lat="47.540264" lon="1.551956"><ele>90.0</ele></trkpt>
      <trkpt lat="47.539547" lon="1.552295"><ele>90.0</ele></trkpt>
      <trkpt lat="47.538674" lon="1.552693"><ele>88.0</ele></trkpt>
      <trkpt lat="47.536940" lon="1.553540"><ele>86.0</ele></trkpt>
      <trkpt lat="47.536610" lon="1.553696"><ele>86.0</ele></trkpt>
      <trkpt lat="47.534625" lon="1.554638"><ele>87.2</ele></trkpt>
      <trkpt lat="47.533072" lon="1.555393"><ele>89.0</ele></trkpt>
      <trkpt lat="47.531898" lon="1.555952"><ele>93.0</ele></trkpt>
      <trkpt lat="47.528078" lon="1.557781"><ele>99.8</ele></trkpt>
      <trkpt lat="47.527971" lon="1.557826"><ele>99.8</ele></trkpt>
      <trkpt lat="47.527832" lon="1.557831"><ele>99.8</ele></trkpt>
      <trkpt lat="47.527620" lon="1.557737"><ele>100.5</ele></trkpt>
      <trkpt lat="47.527293" lon="1.557528"><ele>101.5</ele></trkpt>
      <trkpt lat="47.526899" lon="1.557244"><ele>103.0</ele></trkpt>
      <trkpt lat="47.526435" lon="1.556876"><ele>104.8</ele></trkpt>
      <trkpt lat="47.525682" lon="1.556176"><ele>108.5</ele></trkpt>
      <trkpt lat="47.524956" lon="1.555528"><ele>110.0</ele></trkpt>
      <trkpt lat="47.523830" lon="1.554555"><ele>108.8</ele></trkpt>
      <trkpt lat="47.523731" lon="1.554442"><ele>108.2</ele></trkpt>
      <trkpt lat="47.523579" lon="1.554172"><ele>107.5</ele></trkpt>
      <trkpt lat="47.523449" lon="1.554087"><ele>106.0</ele></trkpt>
      <trkpt lat="47.522596" lon="1.553637"><ele>99.5</ele></trkpt>
      <trkpt lat="47.522111" lon="1.553364"><ele>96.5</ele></trkpt>
      <trkpt lat="47.521621" lon="1.553070"><ele>93.8</ele></trkpt>
      <trkpt lat="47.521229" lon="1.552681"><ele>91.5</ele></trkpt>
      <trkpt lat="47.520545" lon="1.552111"><ele>91.0</ele></trkpt>
      <trkpt lat="47.519939" lon="1.551948"><ele>92.0</ele></trkpt>
      <trkpt lat="47.518988" lon="1.551833"><ele>92.2</ele></trkpt>
      <trkpt lat="47.518867" lon="1.551793"><ele>92.2</ele></trkpt>
      <trkpt lat="47.518806" lon="1.551750"><ele>92.5</ele></trkpt>
      <trkpt lat="47.518763" lon="1.551682"><ele>92.2</ele></trkpt>
      <trkpt lat="47.518745" lon="1.551559"><ele>92.5</ele></trkpt>
      <trkpt lat="47.518746" lon="1.550933"><ele>92.8</ele></trkpt>
      <trkpt lat="47.518731" lon="1.550831"><ele>92.8</ele></trkpt>
      <trkpt lat="47.518683" lon="1.550743"><ele>92.8</ele></trkpt>
      <trkpt lat="47.518556" lon="1.550640"><ele>93.0</ele></trkpt>
      <trkpt lat="47.518028" lon="1.550313"><ele>93.0</ele></trkpt>
      <trkpt lat="47.517157" lon="1.550375"><ele>92.2</ele></trkpt>
      <trkpt lat="47.516770" lon="1.550371"><ele>92.2</ele></trkpt>
      <trkpt lat="47.516583" lon="1.550340"><ele>92.2</ele></trkpt>
      <trkpt lat="47.516318" lon="1.550258"><ele>92.8</ele></trkpt>
      <trkpt lat="47.516171" lon="1.550179"><ele>92.5</ele></trkpt>
      <trkpt lat="47.516032" lon="1.550071"><ele>92.2</ele></trkpt>
      <trkpt lat="47.515741" lon="1.550024"><ele>92.2</ele></trkpt>
      <trkpt lat="47.515602" lon="1.550036"><ele>92.8</ele></trkpt>
      <trkpt lat="47.514422" lon="1.550303"><ele>95.0</ele></trkpt>
      <trkpt lat="47.513108" lon="1.550631"><ele>99.0</ele></trkpt>
      <trkpt lat="47.512733" lon="1.550762"><ele>100.0</ele></trkpt>
      <trkpt lat="47.512624" lon="1.550810"><ele>100.5</ele></trkpt>
      <trkpt lat="47.511740" lon="1.550524"><ele>104.2</ele></trkpt>
      <trkpt lat="47.511293" lon="1.550215"><ele>106.8</ele></trkpt>
      <trkpt lat="47.511109" lon="1.550124"><ele>108.2</ele></trkpt>
      <trkpt lat="47.510825" lon="1.549872"><ele>110.0</ele></trkpt>
      <trkpt lat="47.510798" lon="1.549807"><ele>109.8</ele></trkpt>
      <trkpt lat="47.510777" lon="1.549759"><ele>109.5</ele></trkpt>
      <trkpt lat="47.510436" lon="1.549999"><ele>111.2</ele></trkpt>
      <trkpt lat="47.510333" lon="1.550064"><ele>112.0</ele></trkpt>
      <trkpt lat="47.510239" lon="1.550101"><ele>112.5</ele></trkpt>
      <trkpt lat="47.510146" lon="1.550122"><ele>112.8</ele></trkpt>
      <trkpt lat="47.510048" lon="1.550127"><ele>113.2</ele></trkpt>
      <trkpt lat="47.509964" lon="1.550111"><ele>113.5</ele></trkpt>
      <trkpt lat="47.509782" lon="1.550029"><ele>113.8</ele></trkpt>
      <trkpt lat="47.509668" lon="1.550021"><ele>114.0</ele></trkpt>
      <trkpt lat="47.509634" lon="1.550006"><ele>114.0</ele></trkpt>
      <trkpt lat="47.509614" lon="1.549993"><ele>113.8</ele></trkpt>
      <trkpt lat="47.509578" lon="1.549949"><ele>113.8</ele></trkpt>
      <trkpt lat="47.509524" lon="1.549905"><ele>113.8</ele></trkpt>
      <trkpt lat="47.509376" lon="1.549838"><ele>113.8</ele></trkpt>
      <trkpt lat="47.509333" lon="1.549819"><ele>113.5</ele></trkpt>
      <trkpt lat="47.509363" lon="1.549680"><ele>113.5</ele></trkpt>
      <trkpt lat="47.509395" lon="1.549486"><ele>113.0</ele></trkpt>
      <trkpt lat="47.509449" lon="1.549092"><ele>113.0</ele></trkpt>
      <trkpt lat="47.509484" lon="1.548778"><ele>113.0</ele></trkpt>
      <trkpt lat="47.509525" lon="1.548517"><ele>113.0</ele></trkpt>
      <trkpt lat="47.509569" lon="1.548301"><ele>113.0</ele></trkpt>
      <trkpt lat="47.509646" lon="1.548119"><ele>112.8</ele></trkpt>
      <trkpt lat="47.509735" lon="1.547951"><ele>111.8</ele></trkpt>
      <trkpt lat="47.509829" lon="1.547805"><ele>111.2</ele></trkpt>
      <trkpt lat="47.509936" lon="1.547687"><ele>109.8</ele></trkpt>
      <trkpt lat="47.510071" lon="1.547594"><ele>108.0</ele></trkpt>
      <trkpt lat="47.510398" lon="1.547350"><ele>105.2</ele></trkpt>
      <trkpt lat="47.510704" lon="1.547034"><ele>102.8</ele></trkpt>
      <trkpt lat="47.510811" lon="1.546868"><ele>101.8</ele></trkpt>
      <trkpt lat="47.510930" lon="1.546552"><ele>100.0</ele></trkpt>
      <trkpt lat="47.511361" lon="1.545094"><ele>95.2</ele></trkpt>
      <trkpt lat="47.511486" lon="1.544601"><ele>94.5</ele></trkpt>
      <trkpt lat="47.511956" lon="1.542496"><ele>92.0</ele></trkpt>
      <trkpt lat="47.511674" lon="1.538046"><ele>94.8</ele></trkpt>
      <trkpt lat="47.511528" lon="1.535894"><ele>95.8</ele></trkpt>
      <trkpt lat="47.511475" lon="1.535254"><ele>96.0</ele></trkpt>
      <trkpt lat="47.511322" lon="1.532889"><ele>97.2</ele></trkpt>
      <trkpt lat="47.511432" lon="1.531437"><ele>98.8</ele></trkpt>
      <trkpt lat="47.511605" lon="1.529170"><ele>100.8</ele></trkpt>
      <trkpt lat="47.511517" lon="1.528070"><ele>101.2</ele></trkpt>
      <trkpt lat="47.511245" lon="1.527038"><ele>102.2</ele></trkpt>
      <trkpt lat="47.511316" lon="1.526465"><ele>103.0</ele></trkpt>
      <trkpt lat="47.510763" lon="1.523092"><ele>109.8</ele></trkpt>
      <trkpt lat="47.510707" lon="1.521177"><ele>112.0</ele></trkpt>
      <trkpt lat="47.510690" lon="1.519616"><ele>109.8</ele></trkpt>
      <trkpt lat="47.510660" lon="1.517873"><ele>107.8</ele></trkpt>
      <trkpt lat="47.510743" lon="1.516229"><ele>106.2</ele></trkpt>
      <trkpt lat="47.510788" lon="1.516014"><ele>106.0</ele></trkpt>
      <trkpt lat="47.511555" lon="1.513337"><ele>101.2</ele></trkpt>
      <trkpt lat="47.511794" lon="1.512254"><ele>100.0</ele></trkpt>
      <trkpt lat="47.512198" lon="1.510738"><ele>99.0</ele></trkpt>
      <trkpt lat="47.512251" lon="1.509596"><ele>99.0</ele></trkpt>
      <trkpt lat="47.512195" lon="1.508614"><ele>100.0</ele></trkpt>
      <trkpt lat="47.512028" lon="1.507741"><ele>101.0</ele></trkpt>
      <trkpt lat="47.511502" lon="1.505121"><ele>105.0</ele></trkpt>
      <trkpt lat="47.511366" lon="1.504437"><ele>106.0</ele></trkpt>
      <trkpt lat="47.510925" lon="1.502409"><ele>108.5</ele></trkpt>
      <trkpt lat="47.510862" lon="1.501495"><ele>109.8</ele></trkpt>
      <trkpt lat="47.510976" lon="1.499768"><ele>108.2</ele></trkpt>
      <trkpt lat="47.511178" lon="1.496318"><ele>105.5</ele></trkpt>
      <trkpt lat="47.511285" lon="1.493370"><ele>101.0</ele></trkpt>
      <trkpt lat="47.511614" lon="1.490845"><ele>100.2</ele></trkpt>
      <trkpt lat="47.511785" lon="1.490156"><ele>101.8</ele></trkpt>
      <trkpt lat="47.512019" lon="1.489455"><ele>101.8</ele></trkpt>
      <trkpt lat="47.512552" lon="1.488342"><ele>101.8</ele></trkpt>
      <trkpt lat="47.513083" lon="1.487213"><ele>102.0</ele></trkpt>
      <trkpt lat="47.514219" lon="1.485131"><ele>100.5</ele></trkpt>
      <trkpt lat="47.514615" lon="1.484355"><ele>100.5</ele></trkpt>
      <trkpt lat="47.514748" lon="1.483943"><ele>101.0</ele></trkpt>
      <trkpt lat="47.514816" lon="1.483636"><ele>101.0</ele></trkpt>
      <trkpt lat="47.514859" lon="1.483349"><ele>101.0</ele></trkpt>
      <trkpt lat="47.514876" lon="1.482829"><ele>101.0</ele></trkpt>
      <trkpt lat="47.514830" lon="1.481493"><ele>102.0</ele></trkpt>
      <trkpt lat="47.514870" lon="1.480226"><ele>103.0</ele></trkpt>
      <trkpt lat="47.514852" lon="1.479406"><ele>103.2</ele></trkpt>
      <trkpt lat="47.514777" lon="1.478738"><ele>103.8</ele></trkpt>
      <trkpt lat="47.514703" lon="1.478351"><ele>103.8</ele></trkpt>
      <trkpt lat="47.514326" lon="1.476799"><ele>105.2</ele></trkpt>
      <trkpt lat="47.514242" lon="1.476461"><ele>105.2</ele></trkpt>
      <trkpt lat="47.514181" lon="1.476020"><ele>106.0</ele></trkpt>
      <trkpt lat="47.514075" lon="1.474793"><ele>105.8</ele></trkpt>
      <trkpt lat="47.514063" lon="1.473946"><ele>105.2</ele></trkpt>
      <trkpt lat="47.514076" lon="1.473410"><ele>104.8</ele></trkpt>
      <trkpt lat="47.514116" lon="1.472886"><ele>104.0</ele></trkpt>
      <trkpt lat="47.514172" lon="1.472352"><ele>104.0</ele></trkpt>
      <trkpt lat="47.513234" lon="1.471951"><ele>101.0</ele></trkpt>
      <trkpt lat="47.512771" lon="1.471671"><ele>99.8</ele></trkpt>
      <trkpt lat="47.512575" lon="1.471524"><ele>99.2</ele></trkpt>
      <trkpt lat="47.512279" lon="1.471198"><ele>98.0</ele></trkpt>
      <trkpt lat="47.511703" lon="1.470462"><ele>96.0</ele></trkpt>
      <trkpt lat="47.511239" lon="1.469711"><ele>95.0</ele></trkpt>
      <trkpt lat="47.511058" lon="1.469451"><ele>95.8</ele></trkpt>
      <trkpt lat="47.510849" lon="1.469259"><ele>95.0</ele></trkpt>
      <trkpt lat="47.510547" lon="1.469024"><ele>94.8</ele></trkpt>
      <trkpt lat="47.510243" lon="1.468854"><ele>94.0</ele></trkpt>
      <trkpt lat="47.509735" lon="1.468703"><ele>93.0</ele></trkpt>
      <trkpt lat="47.509112" lon="1.468396"><ele>91.8</ele></trkpt>
      <trkpt lat="47.508869" lon="1.468169"><ele>91.0</ele></trkpt>
      <trkpt lat="47.508646" lon="1.467842"><ele>91.0</ele></trkpt>
      <trkpt lat="47.508192" lon="1.467380"><ele>89.2</ele></trkpt>
      <trkpt lat="47.507540" lon="1.466875"><ele>89.0</ele></trkpt>
      <trkpt lat="47.506627" lon="1.466234"><ele>86.2</ele></trkpt>
      <trkpt lat="47.506511" lon="1.466138"><ele>86.2</ele></trkpt>
      <trkpt lat="47.506397" lon="1.466007"><ele>86.0</ele></trkpt>
      <trkpt lat="47.506227" lon="1.465724"><ele>85.2</ele></trkpt>
      <trkpt lat="47.506119" lon="1.465315"><ele>84.0</ele></trkpt>
      <trkpt lat="47.506099" lon="1.465128"><ele>83.8</ele></trkpt>
      <trkpt lat="47.506073" lon="1.464767"><ele>83.8</ele></trkpt>
      <trkpt lat="47.506052" lon="1.464602"><ele>83.8</ele></trkpt>
      <trkpt lat="47.506021" lon="1.464465"><ele>83.5</ele></trkpt>
      <trkpt lat="47.505975" lon="1.464358"><ele>83.0</ele></trkpt>
      <trkpt lat="47.505921" lon="1.464258"><ele>82.5</ele></trkpt>
      <trkpt lat="47.505869" lon="1.464193"><ele>82.0</ele></trkpt>
      <trkpt lat="47.505314" lon="1.463858"><ele>81.0</ele></trkpt>
      <trkpt lat="47.505212" lon="1.463803"><ele>81.0</ele></trkpt>
      <trkpt lat="47.504334" lon="1.463329"><ele>85.0</ele></trkpt>
      <trkpt lat="47.504261" lon="1.463223"><ele>85.0</ele></trkpt>
      <trkpt lat="47.504241" lon="1.463166"><ele>85.0</ele></trkpt>
      <trkpt lat="47.504105" lon="1.463293"><ele>85.0</ele></trkpt>
      <trkpt lat="47.504068" lon="1.463225"><ele>85.2</ele></trkpt>
      <trkpt lat="47.504014" lon="1.463149"><ele>85.5</ele></trkpt>
      <trkpt lat="47.502875" lon="1.462447"><ele>88.5</ele></trkpt>
      <trkpt lat="47.502497" lon="1.462268"><ele>89.0</ele></trkpt>
      <trkpt lat="47.502329" lon="1.462211"><ele>89.0</ele></trkpt>
      <trkpt lat="47.502288" lon="1.462190"><ele>89.0</ele></trkpt>
      <trkpt lat="47.502246" lon="1.462165"><ele>89.0</ele></trkpt>
      <trkpt lat="47.501733" lon="1.461883"><ele>88.8</ele></trkpt>
      <trkpt lat="47.501476" lon="1.461729"><ele>89.0</ele></trkpt>
      <trkpt lat="47.501315" lon="1.461601"><ele>89.2</ele></trkpt>
      <trkpt lat="47.501012" lon="1.461262"><ele>90.0</ele></trkpt>
      <trkpt lat="47.500278" lon="1.460586"><ele>92.0</ele></trkpt>
      <trkpt lat="47.500179" lon="1.460445"><ele>92.5</ele></trkpt>
      <trkpt lat="47.500069" lon="1.460238"><ele>93.0</ele></trkpt>
      <trkpt lat="47.499857" lon="1.459768"><ele>93.8</ele></trkpt>
      <trkpt lat="47.499851" lon="1.459726"><ele>93.8</ele></trkpt>
      <trkpt lat="47.499470" lon="1.459850"><ele>94.0</ele></trkpt>
      <trkpt lat="47.499383" lon="1.459902"><ele>93.8</ele></trkpt>
      <trkpt lat="47.499340" lon="1.459948"><ele>93.8</ele></trkpt>
      <trkpt lat="47.499213" lon="1.460068"><ele>94.0</ele></trkpt>
      <trkpt lat="47.499247" lon="1.460145"><ele>94.0</ele></trkpt>
      <trkpt lat="47.499441" lon="1.461092"><ele>93.0</ele></trkpt>
      <trkpt lat="47.499247" lon="1.460145"><ele>94.0</ele></trkpt>
      <trkpt lat="47.499213" lon="1.460068"><ele>94.0</ele></trkpt>
      <trkpt lat="47.499340" lon="1.459948"><ele>93.8</ele></trkpt>
      <trkpt lat="47.499383" lon="1.459902"><ele>93.8</ele></trkpt>
      <trkpt lat="47.499310" lon="1.459666"><ele>93.2</ele></trkpt>
      <trkpt lat="47.499272" lon="1.459367"><ele>93.0</ele></trkpt>
      <trkpt lat="47.499281" lon="1.459285"><ele>93.0</ele></trkpt>
      <trkpt lat="47.499292" lon="1.459196"><ele>93.0</ele></trkpt>
      <trkpt lat="47.499247" lon="1.459070"><ele>93.0</ele></trkpt>
      <trkpt lat="47.499252" lon="1.459032"><ele>93.0</ele></trkpt>
      <trkpt lat="47.499320" lon="1.458560"><ele>92.0</ele></trkpt>
      <trkpt lat="47.499267" lon="1.458448"><ele>92.0</ele></trkpt>
      <trkpt lat="47.499290" lon="1.458255"><ele>92.0</ele></trkpt>
      <trkpt lat="47.499230" lon="1.458139"><ele>92.0</ele></trkpt>
      <trkpt lat="47.499189" lon="1.458004"><ele>92.0</ele></trkpt>
      <trkpt lat="47.499170" lon="1.457859"><ele>92.0</ele></trkpt>
      <trkpt lat="47.499170" lon="1.457740"><ele>91.8</ele></trkpt>
      <trkpt lat="47.498344" lon="1.457525"><ele>92.0</ele></trkpt>
      <trkpt lat="47.497194" lon="1.457225"><ele>92.0</ele></trkpt>
      <trkpt lat="47.497090" lon="1.457199"><ele>91.8</ele></trkpt>
      <trkpt lat="47.496967" lon="1.457151"><ele>91.5</ele></trkpt>
      <trkpt lat="47.497010" lon="1.457029"><ele>91.2</ele></trkpt>
      <trkpt lat="47.496864" lon="1.456978"><ele>91.0</ele></trkpt>
      <trkpt lat="47.495328" lon="1.456551"><ele>89.5</ele></trkpt>
      <trkpt lat="47.493335" lon="1.455974"><ele>88.0</ele></trkpt>
      <trkpt lat="47.493243" lon="1.455897"><ele>87.5</ele></trkpt>
      <trkpt lat="47.493163" lon="1.455913"><ele>87.5</ele></trkpt>
      <trkpt lat="47.492698" lon="1.454546"><ele>85.2</ele></trkpt>
      <trkpt lat="47.492506" lon="1.453965"><ele>84.8</ele></trkpt>
      <trkpt lat="47.492487" lon="1.453910"><ele>84.8</ele></trkpt>
      <trkpt lat="47.491747" lon="1.451679"><ele>88.0</ele></trkpt>
      <trkpt lat="47.491676" lon="1.451325"><ele>88.0</ele></trkpt>
      <trkpt lat="47.491554" lon="1.450588"><ele>89.0</ele></trkpt>
      <trkpt lat="47.491492" lon="1.450252"><ele>89.0</ele></trkpt>
      <trkpt lat="47.491349" lon="1.449905"><ele>89.2</ele></trkpt>
      <trkpt lat="47.490923" lon="1.449277"><ele>90.0</ele></trkpt>
      <trkpt lat="47.490915" lon="1.449254"><ele>90.0</ele></trkpt>
      <trkpt lat="47.490428" lon="1.447874"><ele>90.8</ele></trkpt>
      <trkpt lat="47.490370" lon="1.447701"><ele>91.0</ele></trkpt>
      <trkpt lat="47.490090" lon="1.446669"><ele>91.5</ele></trkpt>
      <trkpt lat="47.489958" lon="1.446118"><ele>92.0</ele></trkpt>
      <trkpt lat="47.489565" lon="1.444967"><ele>93.0</ele></trkpt>
      <trkpt lat="47.489418" lon="1.444553"><ele>92.2</ele></trkpt>
      <trkpt lat="47.489282" lon="1.444201"><ele>92.0</ele></trkpt>
      <trkpt lat="47.488869" lon="1.443517"><ele>93.0</ele></trkpt>
      <trkpt lat="47.488808" lon="1.443369"><ele>93.0</ele></trkpt>
      <trkpt lat="47.488783" lon="1.443129"><ele>93.0</ele></trkpt>
      <trkpt lat="47.488891" lon="1.442409"><ele>93.0</ele></trkpt>
      <trkpt lat="47.489002" lon="1.442097"><ele>93.2</ele></trkpt>
      <trkpt lat="47.489174" lon="1.441663"><ele>94.0</ele></trkpt>
      <trkpt lat="47.489310" lon="1.441434"><ele>94.0</ele></trkpt>
      <trkpt lat="47.489491" lon="1.441259"><ele>94.0</ele></trkpt>
      <trkpt lat="47.489692" lon="1.441138"><ele>94.0</ele></trkpt>
      <trkpt lat="47.489840" lon="1.441013"><ele>93.5</ele></trkpt>
      <trkpt lat="47.490173" lon="1.440598"><ele>92.2</ele></trkpt>
      <trkpt lat="47.490322" lon="1.440441"><ele>91.8</ele></trkpt>
      <trkpt lat="47.490748" lon="1.440060"><ele>90.2</ele></trkpt>
      <trkpt lat="47.491074" lon="1.439792"><ele>90.0</ele></trkpt>
      <trkpt lat="47.491301" lon="1.439585"><ele>89.5</ele></trkpt>
      <trkpt lat="47.491387" lon="1.439414"><ele>90.0</ele></trkpt>
      <trkpt lat="47.491453" lon="1.439174"><ele>89.8</ele></trkpt>
      <trkpt lat="47.491481" lon="1.438857"><ele>89.5</ele></trkpt>
      <trkpt lat="47.491498" lon="1.438435"><ele>89.8</ele></trkpt>
      <trkpt lat="47.491479" lon="1.438205"><ele>89.8</ele></trkpt>
      <trkpt lat="47.491445" lon="1.437916"><ele>89.8</ele></trkpt>
      <trkpt lat="47.491657" lon="1.437722"><ele>90.0</ele></trkpt>
      <trkpt lat="47.491912" lon="1.437438"><ele>90.8</ele></trkpt>
      <trkpt lat="47.492280" lon="1.437002"><ele>93.0</ele></trkpt>
      <trkpt lat="47.492446" lon="1.436806"><ele>92.8</ele></trkpt>
      <trkpt lat="47.492287" lon="1.436564"><ele>92.0</ele></trkpt>
      <trkpt lat="47.492300" lon="1.436491"><ele>92.2</ele></trkpt>
      <trkpt lat="47.492295" lon="1.436208"><ele>92.0</ele></trkpt>
      <trkpt lat="47.492284" lon="1.436156"><ele>92.0</ele></trkpt>
      <trkpt lat="47.492241" lon="1.435968"><ele>91.5</ele></trkpt>
      <trkpt lat="47.491931" lon="1.435088"><ele>91.5</ele></trkpt>
      <trkpt lat="47.491632" lon="1.433088"><ele>92.0</ele></trkpt>
      <trkpt lat="47.491606" lon="1.432857"><ele>92.0</ele></trkpt>
      <trkpt lat="47.491546" lon="1.432319"><ele>92.0</ele></trkpt>
      <trkpt lat="47.491466" lon="1.431429"><ele>91.2</ele></trkpt>
      <trkpt lat="47.491427" lon="1.430404"><ele>93.0</ele></trkpt>
      <trkpt lat="47.491499" lon="1.428954"><ele>94.0</ele></trkpt>
      <trkpt lat="47.491539" lon="1.428319"><ele>94.0</ele></trkpt>
      <trkpt lat="47.491510" lon="1.428164"><ele>94.0</ele></trkpt>
      <trkpt lat="47.491315" lon="1.427642"><ele>93.5</ele></trkpt>
      <trkpt lat="47.490991" lon="1.426863"><ele>93.0</ele></trkpt>
      <trkpt lat="47.490926" lon="1.426612"><ele>93.2</ele></trkpt>
      <trkpt lat="47.490929" lon="1.426511"><ele>93.5</ele></trkpt>
      <trkpt lat="47.490957" lon="1.426506"><ele>93.8</ele></trkpt>
      <trkpt lat="47.492006" lon="1.425253"><ele>94.0</ele></trkpt>
      <trkpt lat="47.492648" lon="1.424178"><ele>95.0</ele></trkpt>
      <trkpt lat="47.493313" lon="1.423155"><ele>96.0</ele></trkpt>
      <trkpt lat="47.492904" lon="1.421697"><ele>96.2</ele></trkpt>
      <trkpt lat="47.492722" lon="1.420906"><ele>96.8</ele></trkpt>
      <trkpt lat="47.492647" lon="1.419854"><ele>97.0</ele></trkpt>
      <trkpt lat="47.492600" lon="1.419595"><ele>96.8</ele></trkpt>
      <trkpt lat="47.492560" lon="1.419496"><ele>97.0</ele></trkpt>
      <trkpt lat="47.492601" lon="1.419429"><ele>97.0</ele></trkpt>
      <trkpt lat="47.492712" lon="1.419354"><ele>97.0</ele></trkpt>
      <trkpt lat="47.492919" lon="1.419275"><ele>97.0</ele></trkpt>
      <trkpt lat="47.493529" lon="1.419472"><ele>97.0</ele></trkpt>
      <trkpt lat="47.494235" lon="1.419323"><ele>96.2</ele></trkpt>
      <trkpt lat="47.494696" lon="1.418846"><ele>96.0</ele></trkpt>
      <trkpt lat="47.495654" lon="1.418098"><ele>96.0</ele></trkpt>
      <trkpt lat="47.496173" lon="1.417504"><ele>96.0</ele></trkpt>
      <trkpt lat="47.498144" lon="1.416104"><ele>95.5</ele></trkpt>
      <trkpt lat="47.498165" lon="1.416086"><ele>95.5</ele></trkpt>
      <trkpt lat="47.498321" lon="1.415963"><ele>95.5</ele></trkpt>
      <trkpt lat="47.498873" lon="1.415475"><ele>96.0</ele></trkpt>
      <trkpt lat="47.499088" lon="1.415321"><ele>95.8</ele></trkpt>
      <trkpt lat="47.499512" lon="1.415088"><ele>95.8</ele></trkpt>
      <trkpt lat="47.499967" lon="1.414897"><ele>95.2</ele></trkpt>
      <trkpt lat="47.500433" lon="1.414684"><ele>95.2</ele></trkpt>
      <trkpt lat="47.500719" lon="1.414527"><ele>95.0</ele></trkpt>
      <trkpt lat="47.501856" lon="1.413806"><ele>94.5</ele></trkpt>
      <trkpt lat="47.502313" lon="1.413520"><ele>93.8</ele></trkpt>
      <trkpt lat="47.502435" lon="1.413483"><ele>93.5</ele></trkpt>
      <trkpt lat="47.502529" lon="1.413491"><ele>93.5</ele></trkpt>
      <trkpt lat="47.502829" lon="1.413609"><ele>93.8</ele></trkpt>
      <trkpt lat="47.502964" lon="1.413623"><ele>94.0</ele></trkpt>
      <trkpt lat="47.503114" lon="1.413599"><ele>93.8</ele></trkpt>
      <trkpt lat="47.503258" lon="1.413548"><ele>93.8</ele></trkpt>
      <trkpt lat="47.504164" lon="1.413120"><ele>93.0</ele></trkpt>
      <trkpt lat="47.504374" lon="1.413051"><ele>92.0</ele></trkpt>
      <trkpt lat="47.504917" lon="1.412893"><ele>92.0</ele></trkpt>
      <trkpt lat="47.506427" lon="1.412472"><ele>92.8</ele></trkpt>
      <trkpt lat="47.506870" lon="1.412303"><ele>92.5</ele></trkpt>
      <trkpt lat="47.507128" lon="1.412187"><ele>92.2</ele></trkpt>
      <trkpt lat="47.507309" lon="1.412123"><ele>91.8</ele></trkpt>
      <trkpt lat="47.507500" lon="1.412108"><ele>91.2</ele></trkpt>
      <trkpt lat="47.508400" lon="1.412250"><ele>91.5</ele></trkpt>
      <trkpt lat="47.508547" lon="1.412291"><ele>91.0</ele></trkpt>
      <trkpt lat="47.508746" lon="1.412361"><ele>91.0</ele></trkpt>
      <trkpt lat="47.509058" lon="1.412514"><ele>90.8</ele></trkpt>
      <trkpt lat="47.509159" lon="1.412587"><ele>90.5</ele></trkpt>
      <trkpt lat="47.509235" lon="1.412599"><ele>90.2</ele></trkpt>
      <trkpt lat="47.509630" lon="1.412769"><ele>89.8</ele></trkpt>
      <trkpt lat="47.510405" lon="1.413067"><ele>89.5</ele></trkpt>
      <trkpt lat="47.510907" lon="1.413181"><ele>88.5</ele></trkpt>
      <trkpt lat="47.511410" lon="1.413270"><ele>89.8</ele></trkpt>
      <trkpt lat="47.511625" lon="1.413281"><ele>90.5</ele></trkpt>
      <trkpt lat="47.511676" lon="1.413263"><ele>90.5</ele></trkpt>
      <trkpt lat="47.511722" lon="1.413247"><ele>90.5</ele></trkpt>
      <trkpt lat="47.511815" lon="1.413150"><ele>90.2</ele></trkpt>
      <trkpt lat="47.511875" lon="1.412991"><ele>89.8</ele></trkpt>
      <trkpt lat="47.511896" lon="1.412824"><ele>89.8</ele></trkpt>
      <trkpt lat="47.511895" lon="1.412568"><ele>89.0</ele></trkpt>
      <trkpt lat="47.511719" lon="1.410705"><ele>89.2</ele></trkpt>
      <trkpt lat="47.511673" lon="1.410361"><ele>89.8</ele></trkpt>
      <trkpt lat="47.511616" lon="1.410070"><ele>89.8</ele></trkpt>
      <trkpt lat="47.511514" lon="1.409619"><ele>90.2</ele></trkpt>
      <trkpt lat="47.511493" lon="1.409462"><ele>90.8</ele></trkpt>
      <trkpt lat="47.511487" lon="1.409364"><ele>91.0</ele></trkpt>
      <trkpt lat="47.511965" lon="1.409499"><ele>91.0</ele></trkpt>
      <trkpt lat="47.513105" lon="1.410119"><ele>89.2</ele></trkpt>
      <trkpt lat="47.513785" lon="1.410577"><ele>87.8</ele></trkpt>
      <trkpt lat="47.514186" lon="1.410754"><ele>87.0</ele></trkpt>
      <trkpt lat="47.514546" lon="1.410809"><ele>86.5</ele></trkpt>
      <trkpt lat="47.514686" lon="1.410821"><ele>86.0</ele></trkpt>
      <trkpt lat="47.515177" lon="1.410766"><ele>86.0</ele></trkpt>
      <trkpt lat="47.515879" lon="1.410652"><ele>85.5</ele></trkpt>
      <trkpt lat="47.516147" lon="1.410646"><ele>85.5</ele></trkpt>
      <trkpt lat="47.516377" lon="1.410685"><ele>85.8</ele></trkpt>
      <trkpt lat="47.516926" lon="1.410851"><ele>85.8</ele></trkpt>
      <trkpt lat="47.516973" lon="1.410828"><ele>86.0</ele></trkpt>
      <trkpt lat="47.517181" lon="1.410449"><ele>86.2</ele></trkpt>
      <trkpt lat="47.518058" lon="1.408726"><ele>88.0</ele></trkpt>
      <trkpt lat="47.518142" lon="1.408712"><ele>87.8</ele></trkpt>
      <trkpt lat="47.518276" lon="1.408779"><ele>88.0</ele></trkpt>
      <trkpt lat="47.518843" lon="1.409248"><ele>87.0</ele></trkpt>
      <trkpt lat="47.518986" lon="1.409316"><ele>87.0</ele></trkpt>
      <trkpt lat="47.519305" lon="1.409332"><ele>86.5</ele></trkpt>
      <trkpt lat="47.519574" lon="1.409295"><ele>86.2</ele></trkpt>
      <trkpt lat="47.520346" lon="1.407875"><ele>83.0</ele></trkpt>
      <trkpt lat="47.520358" lon="1.407851"><ele>82.8</ele></trkpt>
      <trkpt lat="47.520435" lon="1.407705"><ele>82.2</ele></trkpt>
      <trkpt lat="47.520516" lon="1.407521"><ele>82.0</ele></trkpt>
      <trkpt lat="47.520624" lon="1.407203"><ele>82.0</ele></trkpt>
      <trkpt lat="47.520942" lon="1.406321"><ele>84.0</ele></trkpt>
      <trkpt lat="47.521148" lon="1.405758"><ele>86.0</ele></trkpt>
      <trkpt lat="47.521483" lon="1.404782"><ele>88.0</ele></trkpt>
      <trkpt lat="47.521733" lon="1.404193"><ele>89.8</ele></trkpt>
      <trkpt lat="47.521790" lon="1.404109"><ele>90.0</ele></trkpt>
      <trkpt lat="47.521897" lon="1.404055"><ele>90.2</ele></trkpt>
      <trkpt lat="47.522014" lon="1.404054"><ele>90.5</ele></trkpt>
      <trkpt lat="47.522100" lon="1.404089"><ele>90.5</ele></trkpt>
      <trkpt lat="47.522250" lon="1.404197"><ele>90.8</ele></trkpt>
      <trkpt lat="47.522537" lon="1.404457"><ele>89.8</ele></trkpt>
      <trkpt lat="47.522633" lon="1.404443"><ele>90.0</ele></trkpt>
      <trkpt lat="47.522700" lon="1.404381"><ele>90.0</ele></trkpt>
      <trkpt lat="47.522764" lon="1.404240"><ele>90.5</ele></trkpt>
      <trkpt lat="47.523077" lon="1.403285"><ele>91.0</ele></trkpt>
      <trkpt lat="47.523255" lon="1.402735"><ele>92.0</ele></trkpt>
      <trkpt lat="47.523478" lon="1.401991"><ele>92.8</ele></trkpt>
      <trkpt lat="47.523546" lon="1.401801"><ele>92.2</ele></trkpt>
      <trkpt lat="47.523625" lon="1.401650"><ele>92.0</ele></trkpt>
      <trkpt lat="47.523810" lon="1.401397"><ele>92.0</ele></trkpt>
      <trkpt lat="47.523870" lon="1.401272"><ele>92.0</ele></trkpt>
      <trkpt lat="47.524102" lon="1.400482"><ele>91.5</ele></trkpt>
      <trkpt lat="47.524331" lon="1.399883"><ele>90.0</ele></trkpt>
      <trkpt lat="47.524768" lon="1.398238"><ele>87.0</ele></trkpt>
      <trkpt lat="47.524933" lon="1.397871"><ele>87.0</ele></trkpt>
      <trkpt lat="47.524982" lon="1.397652"><ele>86.8</ele></trkpt>
      <trkpt lat="47.524975" lon="1.397397"><ele>86.8</ele></trkpt>
      <trkpt lat="47.524936" lon="1.396992"><ele>82.8</ele></trkpt>
      <trkpt lat="47.524916" lon="1.396735"><ele>84.0</ele></trkpt>
      <trkpt lat="47.524900" lon="1.396614"><ele>84.5</ele></trkpt>
      <trkpt lat="47.524874" lon="1.396498"><ele>84.8</ele></trkpt>
      <trkpt lat="47.524583" lon="1.395361"><ele>83.2</ele></trkpt>
      <trkpt lat="47.524430" lon="1.394603"><ele>83.0</ele></trkpt>
      <trkpt lat="47.524413" lon="1.394474"><ele>83.0</ele></trkpt>
      <trkpt lat="47.524408" lon="1.394346"><ele>83.2</ele></trkpt>
      <trkpt lat="47.524408" lon="1.393567"><ele>83.0</ele></trkpt>
      <trkpt lat="47.524415" lon="1.393059"><ele>83.0</ele></trkpt>
      <trkpt lat="47.524432" lon="1.392254"><ele>83.0</ele></trkpt>
      <trkpt lat="47.524423" lon="1.391979"><ele>83.0</ele></trkpt>
      <trkpt lat="47.524395" lon="1.391726"><ele>83.0</ele></trkpt>
      <trkpt lat="47.524196" lon="1.390655"><ele>81.2</ele></trkpt>
      <trkpt lat="47.524143" lon="1.390032"><ele>79.2</ele></trkpt>
      <trkpt lat="47.524157" lon="1.389783"><ele>78.2</ele></trkpt>
      <trkpt lat="47.524202" lon="1.389543"><ele>77.8</ele></trkpt>
      <trkpt lat="47.524435" lon="1.388888"><ele>75.0</ele></trkpt>
      <trkpt lat="47.524677" lon="1.388241"><ele>73.5</ele></trkpt>
      <trkpt lat="47.524769" lon="1.387955"><ele>73.0</ele></trkpt>
      <trkpt lat="47.525157" lon="1.388273"><ele>73.0</ele></trkpt>
      <trkpt lat="47.525191" lon="1.388268"><ele>73.0</ele></trkpt>
      <trkpt lat="47.525235" lon="1.388220"><ele>73.0</ele></trkpt>
      <trkpt lat="47.525268" lon="1.388152"><ele>73.0</ele></trkpt>
      <trkpt lat="47.525337" lon="1.387976"><ele>72.5</ele></trkpt>
      <trkpt lat="47.525433" lon="1.388064"><ele>72.2</ele></trkpt>
      <trkpt lat="47.525828" lon="1.388512"><ele>72.0</ele></trkpt>
      <trkpt lat="47.526061" lon="1.388127"><ele>71.2</ele></trkpt>
      <trkpt lat="47.526405" lon="1.387537"><ele>71.0</ele></trkpt>
      <trkpt lat="47.526689" lon="1.387086"><ele>70.8</ele></trkpt>
      <trkpt lat="47.526711" lon="1.386924"><ele>70.5</ele></trkpt>
      <trkpt lat="47.526757" lon="1.386865"><ele>70.2</ele></trkpt>
      <trkpt lat="47.526826" lon="1.386735"><ele>70.0</ele></trkpt>
      <trkpt lat="47.526878" lon="1.386392"><ele>69.8</ele></trkpt>
      <trkpt lat="47.526907" lon="1.386371"><ele>69.5</ele></trkpt>
      <trkpt lat="47.527018" lon="1.386432"><ele>69.5</ele></trkpt>
      <trkpt lat="47.527193" lon="1.386499"><ele>69.5</ele></trkpt>
      <trkpt lat="47.527338" lon="1.386616"><ele>69.5</ele></trkpt>
      <trkpt lat="47.527476" lon="1.386750"><ele>69.5</ele></trkpt>
      <trkpt lat="47.527597" lon="1.386749"><ele>69.8</ele></trkpt>
      <trkpt lat="47.527672" lon="1.386698"><ele>69.8</ele></trkpt>
      <trkpt lat="47.527903" lon="1.386423"><ele>70.8</ele></trkpt>
      <trkpt lat="47.528262" lon="1.385628"><ele>75.2</ele></trkpt>
      <trkpt lat="47.528409" lon="1.385363"><ele>76.5</ele></trkpt>
      <trkpt lat="47.528085" lon="1.384939"><ele>77.0</ele></trkpt>
      <trkpt lat="47.528344" lon="1.384555"><ele>77.5</ele></trkpt>
      <trkpt lat="47.528436" lon="1.384419"><ele>78.0</ele></trkpt>
      <trkpt lat="47.528817" lon="1.383870"><ele>78.0</ele></trkpt>
      <trkpt lat="47.529341" lon="1.383108"><ele>79.0</ele></trkpt>
      <trkpt lat="47.529668" lon="1.382635"><ele>79.8</ele></trkpt>
      <trkpt lat="47.529693" lon="1.382602"><ele>79.8</ele></trkpt>
      <trkpt lat="47.529718" lon="1.382585"><ele>79.8</ele></trkpt>
      <trkpt lat="47.530421" lon="1.382265"><ele>80.8</ele></trkpt>
      <trkpt lat="47.530715" lon="1.382132"><ele>81.0</ele></trkpt>
      <trkpt lat="47.531086" lon="1.382028"><ele>80.5</ele></trkpt>
      <trkpt lat="47.531332" lon="1.381959"><ele>80.8</ele></trkpt>
      <trkpt lat="47.531569" lon="1.381871"><ele>81.2</ele></trkpt>
      <trkpt lat="47.531838" lon="1.381688"><ele>81.8</ele></trkpt>
      <trkpt lat="47.531964" lon="1.381582"><ele>82.0</ele></trkpt>
      <trkpt lat="47.532238" lon="1.381354"><ele>82.0</ele></trkpt>
      <trkpt lat="47.532481" lon="1.381096"><ele>83.0</ele></trkpt>
      <trkpt lat="47.532551" lon="1.380974"><ele>83.2</ele></trkpt>
      <trkpt lat="47.532695" lon="1.380723"><ele>83.5</ele></trkpt>
      <trkpt lat="47.532732" lon="1.380658"><ele>83.5</ele></trkpt>
      <trkpt lat="47.532841" lon="1.380441"><ele>84.5</ele></trkpt>
      <trkpt lat="47.533011" lon="1.380099"><ele>85.8</ele></trkpt>
      <trkpt lat="47.533105" lon="1.379911"><ele>86.2</ele></trkpt>
      <trkpt lat="47.533361" lon="1.379395"><ele>87.0</ele></trkpt>
      <trkpt lat="47.534046" lon="1.378018"><ele>89.0</ele></trkpt>
      <trkpt lat="47.533803" lon="1.377414"><ele>90.0</ele></trkpt>
      <trkpt lat="47.533691" lon="1.377162"><ele>89.5</ele></trkpt>
      <trkpt lat="47.533624" lon="1.376990"><ele>89.8</ele></trkpt>
      <trkpt lat="47.533653" lon="1.376912"><ele>90.0</ele></trkpt>
      <trkpt lat="47.533669" lon="1.376896"><ele>90.0</ele></trkpt>
      <trkpt lat="47.533744" lon="1.376856"><ele>90.2</ele></trkpt>
      <trkpt lat="47.533801" lon="1.376815"><ele>90.5</ele></trkpt>
      <trkpt lat="47.533785" lon="1.376739"><ele>90.5</ele></trkpt>
      <trkpt lat="47.533765" lon="1.376660"><ele>90.5</ele></trkpt>
      <trkpt lat="47.533898" lon="1.376576"><ele>91.0</ele></trkpt>
      <trkpt lat="47.533929" lon="1.376530"><ele>91.0</ele></trkpt>
      <trkpt lat="47.533932" lon="1.376514"><ele>91.0</ele></trkpt>
      <trkpt lat="47.533939" lon="1.376474"><ele>91.0</ele></trkpt>
      <trkpt lat="47.533977" lon="1.376435"><ele>91.2</ele></trkpt>
      <trkpt lat="47.534029" lon="1.376402"><ele>91.5</ele></trkpt>
      <trkpt lat="47.534044" lon="1.376396"><ele>91.5</ele></trkpt>
      <trkpt lat="47.534071" lon="1.376401"><ele>91.5</ele></trkpt>
      <trkpt lat="47.534112" lon="1.376429"><ele>91.8</ele></trkpt>
      <trkpt lat="47.534137" lon="1.376432"><ele>91.8</ele></trkpt>
      <trkpt lat="47.534472" lon="1.376236"><ele>93.0</ele></trkpt>
      <trkpt lat="47.534953" lon="1.375927"><ele>94.0</ele></trkpt>
      <trkpt lat="47.535374" lon="1.375670"><ele>94.5</ele></trkpt>
      <trkpt lat="47.535437" lon="1.375569"><ele>94.5</ele></trkpt>
      <trkpt lat="47.535545" lon="1.375449"><ele>94.5</ele></trkpt>
      <trkpt lat="47.535734" lon="1.375093"><ele>93.8</ele></trkpt>
      <trkpt lat="47.535827" lon="1.374944"><ele>93.8</ele></trkpt>
      <trkpt lat="47.536075" lon="1.374494"><ele>93.8</ele></trkpt>
      <trkpt lat="47.536103" lon="1.374384"><ele>93.8</ele></trkpt>
      <trkpt lat="47.536099" lon="1.374224"><ele>93.8</ele></trkpt>
      <trkpt lat="47.536001" lon="1.373018"><ele>93.5</ele></trkpt>
      <trkpt lat="47.538288" lon="1.369282"><ele>95.0</ele></trkpt>
      <trkpt lat="47.538660" lon="1.368222"><ele>93.2</ele></trkpt>
      <trkpt lat="47.541642" lon="1.359732"><ele>98.0</ele></trkpt>
      <trkpt lat="47.539825" lon="1.356704"><ele>101.0</ele></trkpt>
      <trkpt lat="47.533446" lon="1.346917"><ele>101.0</ele></trkpt>
      <trkpt lat="47.532346" lon="1.336087"><ele>101.8</ele></trkpt>
      <trkpt lat="47.531988" lon="1.332562"><ele>101.8</ele></trkpt>
      <trkpt lat="47.531632" lon="1.329059"><ele>102.0</ele></trkpt>
      <trkpt lat="47.531116" lon="1.323970"><ele>100.8</ele></trkpt>
      <trkpt lat="47.531230" lon="1.323917"><ele>100.5</ele></trkpt>
      <trkpt lat="47.531284" lon="1.323641"><ele>100.2</ele></trkpt>
      <trkpt lat="47.531293" lon="1.323411"><ele>100.0</ele></trkpt>
      <trkpt lat="47.531164" lon="1.322123"><ele>100.0</ele></trkpt>
      <trkpt lat="47.530767" lon="1.319091"><ele>100.8</ele></trkpt>
      <trkpt lat="47.530766" lon="1.318369"><ele>100.8</ele></trkpt>
      <trkpt lat="47.530747" lon="1.318151"><ele>101.0</ele></trkpt>
      <trkpt lat="47.530621" lon="1.317618"><ele>100.8</ele></trkpt>
      <trkpt lat="47.530599" lon="1.317556"><ele>100.8</ele></trkpt>
      <trkpt lat="47.530726" lon="1.317408"><ele>100.2</ele></trkpt>
      <trkpt lat="47.531454" lon="1.316437"><ele>99.8</ele></trkpt>
      <trkpt lat="47.531792" lon="1.316043"><ele>99.2</ele></trkpt>
      <trkpt lat="47.532125" lon="1.315697"><ele>99.0</ele></trkpt>
      <trkpt lat="47.532353" lon="1.315487"><ele>98.5</ele></trkpt>
      <trkpt lat="47.532737" lon="1.315202"><ele>98.0</ele></trkpt>
      <trkpt lat="47.533111" lon="1.314825"><ele>98.0</ele></trkpt>
      <trkpt lat="47.533162" lon="1.314720"><ele>98.0</ele></trkpt>
      <trkpt lat="47.533171" lon="1.314650"><ele>98.0</ele></trkpt>
      <trkpt lat="47.533171" lon="1.314586"><ele>98.0</ele></trkpt>
      <trkpt lat="47.533309" lon="1.314570"><ele>98.0</ele></trkpt>
      <trkpt lat="47.533722" lon="1.314447"><ele>97.0</ele></trkpt>
      <trkpt lat="47.533875" lon="1.314451"><ele>97.0</ele></trkpt>
      <trkpt lat="47.534331" lon="1.314592"><ele>95.0</ele></trkpt>
      <trkpt lat="47.534632" lon="1.314593"><ele>93.2</ele></trkpt>
      <trkpt lat="47.534963" lon="1.314504"><ele>91.2</ele></trkpt>
      <trkpt lat="47.535021" lon="1.314451"><ele>91.0</ele></trkpt>
      <trkpt lat="47.535048" lon="1.314307"><ele>90.5</ele></trkpt>
      <trkpt lat="47.535080" lon="1.313933"><ele>90.0</ele></trkpt>
      <trkpt lat="47.535090" lon="1.313778"><ele>89.8</ele></trkpt>
      <trkpt lat="47.535122" lon="1.313537"><ele>89.5</ele></trkpt>
      <trkpt lat="47.535161" lon="1.313373"><ele>89.2</ele></trkpt>
      <trkpt lat="47.535246" lon="1.313111"><ele>89.0</ele></trkpt>
      <trkpt lat="47.535328" lon="1.312923"><ele>88.8</ele></trkpt>
      <trkpt lat="47.535500" lon="1.312653"><ele>87.8</ele></trkpt>
      <trkpt lat="47.535552" lon="1.312528"><ele>87.0</ele></trkpt>
      <trkpt lat="47.535649" lon="1.312173"><ele>86.8</ele></trkpt>
      <trkpt lat="47.535788" lon="1.311397"><ele>84.2</ele></trkpt>
      <trkpt lat="47.535845" lon="1.311251"><ele>83.5</ele></trkpt>
      <trkpt lat="47.536050" lon="1.310828"><ele>83.0</ele></trkpt>
      <trkpt lat="47.536179" lon="1.310485"><ele>83.8</ele></trkpt>
      <trkpt lat="47.536339" lon="1.309810"><ele>84.2</ele></trkpt>
      <trkpt lat="47.536434" lon="1.309450"><ele>81.8</ele></trkpt>
      <trkpt lat="47.536510" lon="1.309249"><ele>82.2</ele></trkpt>
      <trkpt lat="47.536587" lon="1.309075"><ele>82.0</ele></trkpt>
      <trkpt lat="47.536691" lon="1.308898"><ele>81.5</ele></trkpt>
      <trkpt lat="47.536886" lon="1.308605"><ele>83.2</ele></trkpt>
      <trkpt lat="47.537099" lon="1.308180"><ele>81.5</ele></trkpt>
      <trkpt lat="47.537433" lon="1.307278"><ele>78.2</ele></trkpt>
      <trkpt lat="47.537429" lon="1.307204"><ele>78.0</ele></trkpt>
      <trkpt lat="47.537412" lon="1.307144"><ele>78.0</ele></trkpt>
      <trkpt lat="47.537361" lon="1.307196"><ele>78.2</ele></trkpt>
      <trkpt lat="47.537339" lon="1.307142"><ele>78.2</ele></trkpt>
      <trkpt lat="47.537413" lon="1.307071"><ele>77.8</ele></trkpt>
      <trkpt lat="47.537572" lon="1.306891"><ele>76.5</ele></trkpt>
      <trkpt lat="47.537682" lon="1.306729"><ele>75.2</ele></trkpt>
      <trkpt lat="47.537854" lon="1.306499"><ele>73.8</ele></trkpt>
      <trkpt lat="47.538078" lon="1.306302"><ele>71.8</ele></trkpt>
      <trkpt lat="47.538120" lon="1.306222"><ele>70.8</ele></trkpt>
      <trkpt lat="47.538010" lon="1.305945"><ele>69.5</ele></trkpt>
      <trkpt lat="47.537939" lon="1.305721"><ele>69.0</ele></trkpt>
      <trkpt lat="47.537715" lon="1.305297"><ele>69.0</ele></trkpt>
      <trkpt lat="47.536470" lon="1.303477"><ele>67.0</ele></trkpt>
      <trkpt lat="47.536165" lon="1.303019"><ele>66.8</ele></trkpt>
      <trkpt lat="47.535975" lon="1.302659"><ele>67.0</ele></trkpt>
      <trkpt lat="47.535692" lon="1.302080"><ele>67.0</ele></trkpt>
      <trkpt lat="47.535528" lon="1.301807"><ele>67.0</ele></trkpt>
      <trkpt lat="47.535231" lon="1.301409"><ele>67.0</ele></trkpt>
      <trkpt lat="47.535017" lon="1.301175"><ele>67.0</ele></trkpt>
      <trkpt lat="47.534681" lon="1.300852"><ele>67.0</ele></trkpt>
      <trkpt lat="47.534326" lon="1.300487"><ele>67.0</ele></trkpt>
      <trkpt lat="47.533182" lon="1.299277"><ele>66.0</ele></trkpt>
      <trkpt lat="47.531433" lon="1.297444"><ele>66.0</ele></trkpt>
      <trkpt lat="47.530898" lon="1.296879"><ele>66.0</ele></trkpt>
      <trkpt lat="47.530247" lon="1.296282"><ele>66.5</ele></trkpt>
      <trkpt lat="47.530177" lon="1.296243"><ele>66.2</ele></trkpt>
      <trkpt lat="47.530104" lon="1.296225"><ele>66.2</ele></trkpt>
      <trkpt lat="47.530030" lon="1.296242"><ele>66.2</ele></trkpt>
      <trkpt lat="47.529942" lon="1.296304"><ele>66.5</ele></trkpt>
      <trkpt lat="47.529053" lon="1.297402"><ele>72.5</ele></trkpt>
      <trkpt lat="47.528346" lon="1.296639"><ele>71.5</ele></trkpt>
      <trkpt lat="47.527897" lon="1.296103"><ele>71.0</ele></trkpt>
      <trkpt lat="47.527406" lon="1.295606"><ele>70.5</ele></trkpt>
      <trkpt lat="47.526447" lon="1.294392"><ele>68.5</ele></trkpt>
      <trkpt lat="47.525816" lon="1.293877"><ele>68.0</ele></trkpt>
      <trkpt lat="47.525567" lon="1.293618"><ele>68.8</ele></trkpt>
      <trkpt lat="47.525470" lon="1.293501"><ele>68.8</ele></trkpt>
      <trkpt lat="47.525133" lon="1.293062"><ele>68.5</ele></trkpt>
      <trkpt lat="47.524171" lon="1.291553"><ele>68.5</ele></trkpt>
      <trkpt lat="47.523479" lon="1.290516"><ele>67.8</ele></trkpt>
      <trkpt lat="47.522409" lon="1.289145"><ele>66.8</ele></trkpt>
      <trkpt lat="47.521731" lon="1.288397"><ele>66.8</ele></trkpt>
      <trkpt lat="47.521130" lon="1.287680"><ele>66.5</ele></trkpt>
      <trkpt lat="47.520782" lon="1.287372"><ele>66.5</ele></trkpt>
      <trkpt lat="47.520239" lon="1.286844"><ele>67.2</ele></trkpt>
      <trkpt lat="47.519844" lon="1.286380"><ele>66.5</ele></trkpt>
      <trkpt lat="47.519748" lon="1.286188"><ele>66.8</ele></trkpt>
      <trkpt lat="47.519499" lon="1.285690"><ele>66.2</ele></trkpt>
      <trkpt lat="47.519152" lon="1.285036"><ele>66.0</ele></trkpt>
      <trkpt lat="47.518637" lon="1.284436"><ele>65.8</ele></trkpt>
      <trkpt lat="47.518452" lon="1.284499"><ele>66.0</ele></trkpt>
      <trkpt lat="47.518167" lon="1.284452"><ele>66.5</ele></trkpt>
      <trkpt lat="47.517639" lon="1.284053"><ele>66.2</ele></trkpt>
      <trkpt lat="47.517153" lon="1.283600"><ele>66.8</ele></trkpt>
      <trkpt lat="47.516998" lon="1.283586"><ele>66.8</ele></trkpt>
      <trkpt lat="47.516651" lon="1.284155"><ele>69.0</ele></trkpt>
      <trkpt lat="47.516612" lon="1.284165"><ele>69.0</ele></trkpt>
      <trkpt lat="47.516559" lon="1.284141"><ele>69.2</ele></trkpt>
      <trkpt lat="47.516377" lon="1.283818"><ele>68.8</ele></trkpt>
      <trkpt lat="47.516266" lon="1.283656"><ele>68.5</ele></trkpt>
      <trkpt lat="47.516039" lon="1.283388"><ele>68.2</ele></trkpt>
      <trkpt lat="47.515763" lon="1.283111"><ele>68.2</ele></trkpt>
      <trkpt lat="47.515254" lon="1.282793"><ele>69.0</ele></trkpt>
      <trkpt lat="47.515134" lon="1.282706"><ele>68.8</ele></trkpt>
      <trkpt lat="47.515011" lon="1.282565"><ele>68.8</ele></trkpt>
      <trkpt lat="47.514419" lon="1.281841"><ele>70.5</ele></trkpt>
      <trkpt lat="47.514387" lon="1.281856"><ele>70.8</ele></trkpt>
      <trkpt lat="47.514355" lon="1.281872"><ele>71.0</ele></trkpt>
      <trkpt lat="47.514105" lon="1.281818"><ele>71.8</ele></trkpt>
      <trkpt lat="47.513010" lon="1.281774"><ele>78.5</ele></trkpt>
      <trkpt lat="47.512703" lon="1.281759"><ele>80.8</ele></trkpt>
      <trkpt lat="47.511469" lon="1.281742"><ele>89.0</ele></trkpt>
      <trkpt lat="47.511203" lon="1.281593"><ele>90.2</ele></trkpt>
      <trkpt lat="47.510963" lon="1.281330"><ele>90.2</ele></trkpt>
      <trkpt lat="47.510671" lon="1.280999"><ele>90.2</ele></trkpt>
      <trkpt lat="47.510308" lon="1.280495"><ele>89.5</ele></trkpt>
      <trkpt lat="47.510195" lon="1.280316"><ele>89.5</ele></trkpt>
      <trkpt lat="47.510128" lon="1.280103"><ele>89.5</ele></trkpt>
      <trkpt lat="47.510026" lon="1.279857"><ele>89.8</ele></trkpt>
      <trkpt lat="47.509822" lon="1.279497"><ele>90.8</ele></trkpt>
      <trkpt lat="47.509581" lon="1.279145"><ele>92.0</ele></trkpt>
      <trkpt lat="47.509438" lon="1.278974"><ele>93.0</ele></trkpt>
      <trkpt lat="47.509199" lon="1.278751"><ele>94.8</ele></trkpt>
      <trkpt lat="47.509003" lon="1.278531"><ele>95.5</ele></trkpt>
      <trkpt lat="47.508132" lon="1.277378"><ele>97.8</ele></trkpt>
      <trkpt lat="47.507811" lon="1.276930"><ele>97.8</ele></trkpt>
      <trkpt lat="47.507371" lon="1.276275"><ele>97.8</ele></trkpt>
      <trkpt lat="47.506902" lon="1.275624"><ele>97.0</ele></trkpt>
      <trkpt lat="47.506202" lon="1.274655"><ele>95.8</ele></trkpt>
      <trkpt lat="47.505488" lon="1.273659"><ele>95.0</ele></trkpt>
      <trkpt lat="47.504995" lon="1.273002"><ele>94.8</ele></trkpt>
      <trkpt lat="47.504446" lon="1.272491"><ele>93.8</ele></trkpt>
      <trkpt lat="47.503992" lon="1.272054"><ele>93.8</ele></trkpt>
      <trkpt lat="47.503651" lon="1.271820"><ele>93.5</ele></trkpt>
      <trkpt lat="47.503187" lon="1.271517"><ele>93.2</ele></trkpt>
      <trkpt lat="47.502738" lon="1.271338"><ele>93.5</ele></trkpt>
      <trkpt lat="47.502419" lon="1.271185"><ele>93.2</ele></trkpt>
      <trkpt lat="47.502113" lon="1.271013"><ele>93.8</ele></trkpt>
      <trkpt lat="47.501937" lon="1.270875"><ele>94.0</ele></trkpt>
      <trkpt lat="47.501237" lon="1.270198"><ele>94.0</ele></trkpt>
      <trkpt lat="47.500440" lon="1.269082"><ele>94.0</ele></trkpt>
      <trkpt lat="47.499838" lon="1.268203"><ele>93.0</ele></trkpt>
      <trkpt lat="47.499607" lon="1.267794"><ele>93.0</ele></trkpt>
      <trkpt lat="47.499447" lon="1.267391"><ele>93.0</ele></trkpt>
      <trkpt lat="47.499106" lon="1.266701"><ele>92.0</ele></trkpt>
      <trkpt lat="47.498657" lon="1.265867"><ele>91.0</ele></trkpt>
      <trkpt lat="47.497999" lon="1.264596"><ele>89.8</ele></trkpt>
      <trkpt lat="47.497910" lon="1.264465"><ele>89.2</ele></trkpt>
      <trkpt lat="47.497731" lon="1.264188"><ele>88.8</ele></trkpt>
      <trkpt lat="47.497684" lon="1.264051"><ele>88.5</ele></trkpt>
      <trkpt lat="47.497580" lon="1.263600"><ele>89.0</ele></trkpt>
      <trkpt lat="47.497464" lon="1.263094"><ele>89.5</ele></trkpt>
      <trkpt lat="47.497459" lon="1.262933"><ele>89.8</ele></trkpt>
      <trkpt lat="47.497504" lon="1.262775"><ele>90.0</ele></trkpt>
      <trkpt lat="47.497480" lon="1.262654"><ele>89.8</ele></trkpt>
      <trkpt lat="47.497116" lon="1.262888"><ele>88.8</ele></trkpt>
      <trkpt lat="47.496832" lon="1.263105"><ele>87.2</ele></trkpt>
      <trkpt lat="47.496703" lon="1.263188"><ele>86.5</ele></trkpt>
      <trkpt lat="47.496555" lon="1.263204"><ele>85.0</ele></trkpt>
      <trkpt lat="47.496460" lon="1.263172"><ele>84.0</ele></trkpt>
      <trkpt lat="47.496400" lon="1.263133"><ele>83.8</ele></trkpt>
      <trkpt lat="47.496354" lon="1.263104"><ele>83.8</ele></trkpt>
      <trkpt lat="47.496259" lon="1.263020"><ele>83.2</ele></trkpt>
      <trkpt lat="47.496002" lon="1.262750"><ele>81.0</ele></trkpt>
      <trkpt lat="47.495760" lon="1.262470"><ele>78.2</ele></trkpt>
      <trkpt lat="47.495724" lon="1.262427"><ele>77.8</ele></trkpt>
      <trkpt lat="47.495438" lon="1.262193"><ele>75.2</ele></trkpt>
      <trkpt lat="47.495362" lon="1.262143"><ele>74.8</ele></trkpt>
      <trkpt lat="47.495321" lon="1.262139"><ele>74.5</ele></trkpt>
      <trkpt lat="47.495148" lon="1.261783"><ele>72.5</ele></trkpt>
      <trkpt lat="47.495035" lon="1.261608"><ele>70.2</ele></trkpt>
      <trkpt lat="47.494620" lon="1.261098"><ele>67.2</ele></trkpt>
      <trkpt lat="47.494566" lon="1.261037"><ele>67.0</ele></trkpt>
      <trkpt lat="47.494391" lon="1.260861"><ele>66.5</ele></trkpt>
      <trkpt lat="47.494220" lon="1.260693"><ele>64.5</ele></trkpt>
      <trkpt lat="47.493806" lon="1.260274"><ele>64.5</ele></trkpt>
      <trkpt lat="47.493754" lon="1.260224"><ele>65.2</ele></trkpt>
      <trkpt lat="47.493678" lon="1.260155"><ele>66.0</ele></trkpt>
      <trkpt lat="47.493699" lon="1.260111"><ele>66.0</ele></trkpt>
      <trkpt lat="47.493807" lon="1.260048"><ele>66.0</ele></trkpt>
      <trkpt lat="47.493867" lon="1.259855"><ele>65.5</ele></trkpt>
      <trkpt lat="47.493813" lon="1.259406"><ele>63.8</ele></trkpt>
      <trkpt lat="47.493671" lon="1.258493"><ele>64.0</ele></trkpt>
      <trkpt lat="47.493491" lon="1.257746"><ele>62.5</ele></trkpt>
      <trkpt lat="47.493438" lon="1.257464"><ele>62.8</ele></trkpt>
      <trkpt lat="47.493401" lon="1.257168"><ele>63.0</ele></trkpt>
      <trkpt lat="47.493447" lon="1.256679"><ele>62.8</ele></trkpt>
      <trkpt lat="47.493586" lon="1.256279"><ele>64.2</ele></trkpt>
      <trkpt lat="47.494030" lon="1.255364"><ele>63.0</ele></trkpt>
      <trkpt lat="47.494524" lon="1.253827"><ele>62.8</ele></trkpt>
      <trkpt lat="47.494889" lon="1.252185"><ele>61.0</ele></trkpt>
      <trkpt lat="47.494835" lon="1.251298"><ele>61.2</ele></trkpt>
      <trkpt lat="47.494687" lon="1.250568"><ele>63.0</ele></trkpt>
      <trkpt lat="47.494652" lon="1.249977"><ele>63.0</ele></trkpt>
      <trkpt lat="47.494635" lon="1.249388"><ele>62.2</ele></trkpt>
      <trkpt lat="47.494564" lon="1.249121"><ele>62.5</ele></trkpt>
      <trkpt lat="47.494596" lon="1.248805"><ele>62.2</ele></trkpt>
      <trkpt lat="47.494619" lon="1.248214"><ele>62.0</ele></trkpt>
      <trkpt lat="47.494438" lon="1.247540"><ele>64.0</ele></trkpt>
      <trkpt lat="47.493637" lon="1.245777"><ele>62.5</ele></trkpt>
      <trkpt lat="47.493457" lon="1.245435"><ele>62.0</ele></trkpt>
      <trkpt lat="47.493217" lon="1.245228"><ele>62.8</ele></trkpt>
      <trkpt lat="47.492951" lon="1.244914"><ele>63.0</ele></trkpt>
      <trkpt lat="47.492788" lon="1.244548"><ele>63.8</ele></trkpt>
      <trkpt lat="47.492671" lon="1.244268"><ele>63.8</ele></trkpt>
      <trkpt lat="47.492670" lon="1.243938"><ele>63.8</ele></trkpt>
      <trkpt lat="47.492699" lon="1.243526"><ele>64.0</ele></trkpt>
      <trkpt lat="47.492781" lon="1.243142"><ele>63.8</ele></trkpt>
      <trkpt lat="47.492926" lon="1.242661"><ele>62.2</ele></trkpt>
      <trkpt lat="47.493106" lon="1.241558"><ele>64.0</ele></trkpt>
      <trkpt lat="47.493303" lon="1.240868"><ele>64.8</ele></trkpt>
      <trkpt lat="47.493286" lon="1.240631"><ele>64.2</ele></trkpt>
      <trkpt lat="47.492715" lon="1.238459"><ele>64.0</ele></trkpt>
      <trkpt lat="47.492141" lon="1.236000"><ele>63.2</ele></trkpt>
      <trkpt lat="47.491892" lon="1.234817"><ele>64.0</ele></trkpt>
      <trkpt lat="47.491799" lon="1.234170"><ele>62.5</ele></trkpt>
      <trkpt lat="47.491753" lon="1.233767"><ele>63.0</ele></trkpt>
      <trkpt lat="47.491622" lon="1.233089"><ele>64.0</ele></trkpt>
      <trkpt lat="47.491052" lon="1.229156"><ele>63.8</ele></trkpt>
      <trkpt lat="47.490964" lon="1.228545"><ele>63.0</ele></trkpt>
      <trkpt lat="47.490857" lon="1.227810"><ele>64.5</ele></trkpt>
      <trkpt lat="47.490756" lon="1.226132"><ele>62.5</ele></trkpt>
      <trkpt lat="47.490682" lon="1.225653"><ele>62.8</ele></trkpt>
      <trkpt lat="47.490610" lon="1.225349"><ele>64.0</ele></trkpt>
      <trkpt lat="47.489955" lon="1.222626"><ele>64.5</ele></trkpt>
      <trkpt lat="47.490245" lon="1.221081"><ele>64.0</ele></trkpt>
      <trkpt lat="47.489915" lon="1.220944"><ele>64.8</ele></trkpt>
      <trkpt lat="47.488784" lon="1.217708"><ele>64.0</ele></trkpt>
      <trkpt lat="47.488633" lon="1.216971"><ele>64.0</ele></trkpt>
      <trkpt lat="47.488517" lon="1.216403"><ele>64.0</ele></trkpt>
      <trkpt lat="47.488401" lon="1.215159"><ele>64.0</ele></trkpt>
      <trkpt lat="47.488099" lon="1.214429"><ele>64.0</ele></trkpt>
      <trkpt lat="47.488940" lon="1.213786"><ele>64.0</ele></trkpt>
      <trkpt lat="47.488229" lon="1.210644"><ele>63.8</ele></trkpt>
      <trkpt lat="47.487781" lon="1.208894"><ele>63.0</ele></trkpt>
      <trkpt lat="47.486717" lon="1.205685"><ele>63.0</ele></trkpt>
      <trkpt lat="47.486065" lon="1.203349"><ele>63.0</ele></trkpt>
      <trkpt lat="47.485763" lon="1.202028"><ele>63.0</ele></trkpt>
      <trkpt lat="47.485060" lon="1.198199"><ele>63.0</ele></trkpt>
      <trkpt lat="47.484897" lon="1.197194"><ele>63.0</ele></trkpt>
      <trkpt lat="47.484640" lon="1.195294"><ele>63.0</ele></trkpt>
      <trkpt lat="47.484479" lon="1.194279"><ele>62.8</ele></trkpt>
      <trkpt lat="47.484497" lon="1.194195"><ele>62.8</ele></trkpt>
      <trkpt lat="47.484377" lon="1.193916"><ele>62.0</ele></trkpt>
      <trkpt lat="47.484151" lon="1.193499"><ele>62.5</ele></trkpt>
      <trkpt lat="47.483967" lon="1.193067"><ele>61.8</ele></trkpt>
      <trkpt lat="47.483870" lon="1.192636"><ele>62.2</ele></trkpt>
      <trkpt lat="47.483533" lon="1.191427"><ele>63.0</ele></trkpt>
      <trkpt lat="47.483402" lon="1.191168"><ele>62.8</ele></trkpt>
      <trkpt lat="47.483282" lon="1.190753"><ele>63.0</ele></trkpt>
      <trkpt lat="47.483131" lon="1.190225"><ele>62.5</ele></trkpt>
      <trkpt lat="47.483008" lon="1.189784"><ele>63.0</ele></trkpt>
      <trkpt lat="47.482846" lon="1.189377"><ele>64.0</ele></trkpt>
      <trkpt lat="47.482723" lon="1.189114"><ele>64.0</ele></trkpt>
      <trkpt lat="47.482568" lon="1.188812"><ele>63.5</ele></trkpt>
      <trkpt lat="47.482406" lon="1.188482"><ele>63.5</ele></trkpt>
      <trkpt lat="47.482219" lon="1.188044"><ele>63.0</ele></trkpt>
      <trkpt lat="47.482066" lon="1.187653"><ele>62.8</ele></trkpt>
      <trkpt lat="47.481938" lon="1.187303"><ele>63.0</ele></trkpt>
      <trkpt lat="47.481753" lon="1.186840"><ele>63.0</ele></trkpt>
      <trkpt lat="47.481428" lon="1.186029"><ele>62.8</ele></trkpt>
      <trkpt lat="47.481040" lon="1.184884"><ele>62.0</ele></trkpt>
      <trkpt lat="47.480976" lon="1.184696"><ele>62.2</ele></trkpt>
      <trkpt lat="47.480707" lon="1.183903"><ele>62.2</ele></trkpt>
      <trkpt lat="47.480473" lon="1.183319"><ele>63.0</ele></trkpt>
      <trkpt lat="47.480444" lon="1.183290"><ele>63.2</ele></trkpt>
      <trkpt lat="47.480425" lon="1.183209"><ele>63.0</ele></trkpt>
      <trkpt lat="47.480369" lon="1.183037"><ele>63.2</ele></trkpt>
      <trkpt lat="47.480269" lon="1.182809"><ele>64.0</ele></trkpt>
      <trkpt lat="47.480241" lon="1.182711"><ele>63.8</ele></trkpt>
      <trkpt lat="47.480211" lon="1.182307"><ele>61.5</ele></trkpt>
      <trkpt lat="47.480179" lon="1.182075"><ele>61.2</ele></trkpt>
      <trkpt lat="47.480163" lon="1.182007"><ele>61.5</ele></trkpt>
      <trkpt lat="47.480021" lon="1.181408"><ele>60.8</ele></trkpt>
      <trkpt lat="47.479842" lon="1.180658"><ele>61.8</ele></trkpt>
      <trkpt lat="47.479685" lon="1.179988"><ele>60.8</ele></trkpt>
      <trkpt lat="47.479372" lon="1.178769"><ele>61.0</ele></trkpt>
      <trkpt lat="47.479240" lon="1.178336"><ele>60.0</ele></trkpt>
      <trkpt lat="47.479189" lon="1.178262"><ele>60.2</ele></trkpt>
      <trkpt lat="47.479332" lon="1.179179"><ele>64.2</ele></trkpt>
      <trkpt lat="47.479311" lon="1.179253"><ele>65.2</ele></trkpt>
      <trkpt lat="47.479486" lon="1.179891"><ele>64.5</ele></trkpt>
      <trkpt lat="47.479509" lon="1.179982"><ele>64.5</ele></trkpt>
      <trkpt lat="47.479355" lon="1.180230"><ele>66.5</ele></trkpt>
      <trkpt lat="47.479348" lon="1.180362"><ele>66.8</ele></trkpt>
      <trkpt lat="47.479295" lon="1.180526"><ele>67.8</ele></trkpt>
      <trkpt lat="47.479214" lon="1.180690"><ele>70.2</ele></trkpt>
      <trkpt lat="47.478710" lon="1.181294"><ele>91.2</ele></trkpt>
      <trkpt lat="47.478263" lon="1.181864"><ele>97.2</ele></trkpt>
      <trkpt lat="47.478113" lon="1.182037"><ele>98.5</ele></trkpt>
      <trkpt lat="47.477998" lon="1.182144"><ele>99.5</ele></trkpt>
      <trkpt lat="47.477670" lon="1.182327"><ele>100.5</ele></trkpt>
      <trkpt lat="47.477478" lon="1.182451"><ele>101.0</ele></trkpt>
      <trkpt lat="47.477332" lon="1.182455"><ele>101.5</ele></trkpt>
      <trkpt lat="47.477194" lon="1.182366"><ele>101.5</ele></trkpt>
      <trkpt lat="47.477142" lon="1.182296"><ele>101.2</ele></trkpt>
      <trkpt lat="47.477092" lon="1.182210"><ele>101.2</ele></trkpt>
      <trkpt lat="47.477054" lon="1.182171"><ele>101.5</ele></trkpt>
      <trkpt lat="47.476978" lon="1.182170"><ele>102.0</ele></trkpt>
      <trkpt lat="47.476462" lon="1.182277"><ele>103.0</ele></trkpt>
      <trkpt lat="47.476438" lon="1.182282"><ele>103.0</ele></trkpt>
      <trkpt lat="47.476523" lon="1.183209"><ele>103.8</ele></trkpt>
      <trkpt lat="47.476454" lon="1.183226"><ele>103.8</ele></trkpt>
      <trkpt lat="47.476406" lon="1.183181"><ele>103.8</ele></trkpt>
      <trkpt lat="47.476345" lon="1.183172"><ele>104.0</ele></trkpt>
      <trkpt lat="47.476266" lon="1.183080"><ele>104.2</ele></trkpt>
      <trkpt lat="47.476156" lon="1.182894"><ele>104.2</ele></trkpt>
      <trkpt lat="47.476073" lon="1.182714"><ele>104.0</ele></trkpt>
      <trkpt lat="47.476053" lon="1.182578"><ele>104.0</ele></trkpt>
      <trkpt lat="47.476002" lon="1.182519"><ele>104.2</ele></trkpt>
      <trkpt lat="47.475878" lon="1.182550"><ele>104.8</ele></trkpt>
      <trkpt lat="47.475844" lon="1.182380"><ele>105.2</ele></trkpt>
      <trkpt lat="47.475827" lon="1.182307"><ele>105.5</ele></trkpt>
      <trkpt lat="47.475770" lon="1.182294"><ele>105.8</ele></trkpt>
      <trkpt lat="47.475616" lon="1.182247"><ele>105.8</ele></trkpt>
      <trkpt lat="47.475532" lon="1.182222"><ele>106.0</ele></trkpt>
      <trkpt lat="47.475318" lon="1.182137"><ele>106.8</ele></trkpt>
      <trkpt lat="47.475045" lon="1.181959"><ele>107.0</ele></trkpt>
      <trkpt lat="47.474776" lon="1.181760"><ele>107.8</ele></trkpt>
      <trkpt lat="47.474609" lon="1.181613"><ele>107.8</ele></trkpt>
      <trkpt lat="47.474356" lon="1.181346"><ele>108.0</ele></trkpt>
      <trkpt lat="47.474220" lon="1.181203"><ele>108.0</ele></trkpt>
      <trkpt lat="47.473918" lon="1.180798"><ele>108.0</ele></trkpt>
      <trkpt lat="47.473822" lon="1.180636"><ele>108.0</ele></trkpt>
      <trkpt lat="47.473731" lon="1.180455"><ele>107.8</ele></trkpt>
      <trkpt lat="47.473822" lon="1.180636"><ele>108.0</ele></trkpt>
      <trkpt lat="47.473918" lon="1.180798"><ele>108.0</ele></trkpt>
      <trkpt lat="47.474220" lon="1.181203"><ele>108.0</ele></trkpt>
      <trkpt lat="47.474356" lon="1.181346"><ele>108.0</ele></trkpt>
      <trkpt lat="47.474609" lon="1.181613"><ele>107.8</ele></trkpt>
      <trkpt lat="47.474776" lon="1.181760"><ele>107.8</ele></trkpt>
      <trkpt lat="47.475045" lon="1.181959"><ele>107.0</ele></trkpt>
      <trkpt lat="47.475318" lon="1.182137"><ele>106.8</ele></trkpt>
      <trkpt lat="47.475532" lon="1.182222"><ele>106.0</ele></trkpt>
      <trkpt lat="47.475616" lon="1.182247"><ele>105.8</ele></trkpt>
      <trkpt lat="47.475770" lon="1.182294"><ele>105.8</ele></trkpt>
      <trkpt lat="47.475827" lon="1.182307"><ele>105.5</ele></trkpt>
      <trkpt lat="47.475844" lon="1.182380"><ele>105.2</ele></trkpt>
      <trkpt lat="47.475878" lon="1.182550"><ele>104.8</ele></trkpt>
      <trkpt lat="47.476002" lon="1.182519"><ele>104.2</ele></trkpt>
      <trkpt lat="47.476053" lon="1.182578"><ele>104.0</ele></trkpt>
      <trkpt lat="47.476073" lon="1.182714"><ele>104.0</ele></trkpt>
      <trkpt lat="47.476156" lon="1.182894"><ele>104.2</ele></trkpt>
      <trkpt lat="47.476266" lon="1.183080"><ele>104.2</ele></trkpt>
      <trkpt lat="47.476345" lon="1.183172"><ele>104.0</ele></trkpt>
      <trkpt lat="47.476406" lon="1.183181"><ele>103.8</ele></trkpt>
      <trkpt lat="47.476454" lon="1.183226"><ele>103.8</ele></trkpt>
      <trkpt lat="47.476523" lon="1.183209"><ele>103.8</ele></trkpt>
      <trkpt lat="47.476438" lon="1.182282"><ele>103.0</ele></trkpt>
      <trkpt lat="47.476462" lon="1.182277"><ele>103.0</ele></trkpt>
      <trkpt lat="47.476978" lon="1.182170"><ele>102.0</ele></trkpt>
      <trkpt lat="47.477054" lon="1.182171"><ele>101.5</ele></trkpt>
      <trkpt lat="47.477092" lon="1.182210"><ele>101.2</ele></trkpt>
      <trkpt lat="47.477142" lon="1.182296"><ele>101.2</ele></trkpt>
      <trkpt lat="47.477194" lon="1.182366"><ele>101.5</ele></trkpt>
      <trkpt lat="47.477332" lon="1.182455"><ele>101.5</ele></trkpt>
      <trkpt lat="47.477478" lon="1.182451"><ele>101.0</ele></trkpt>
      <trkpt lat="47.477670" lon="1.182327"><ele>100.5</ele></trkpt>
      <trkpt lat="47.477998" lon="1.182144"><ele>99.5</ele></trkpt>
      <trkpt lat="47.478113" lon="1.182037"><ele>98.5</ele></trkpt>
      <trkpt lat="47.478263" lon="1.181864"><ele>97.2</ele></trkpt>
      <trkpt lat="47.478710" lon="1.181294"><ele>91.2</ele></trkpt>
      <trkpt lat="47.479214" lon="1.180690"><ele>70.2</ele></trkpt>
      <trkpt lat="47.479295" lon="1.180526"><ele>67.8</ele></trkpt>
      <trkpt lat="47.479348" lon="1.180362"><ele>66.8</ele></trkpt>
      <trkpt lat="47.479355" lon="1.180230"><ele>66.5</ele></trkpt>
      <trkpt lat="47.479509" lon="1.179982"><ele>64.5</ele></trkpt>
      <trkpt lat="47.479486" lon="1.179891"><ele>64.5</ele></trkpt>
      <trkpt lat="47.479311" lon="1.179253"><ele>65.2</ele></trkpt>
      <trkpt lat="47.479332" lon="1.179179"><ele>64.2</ele></trkpt>
      <trkpt lat="47.479189" lon="1.178262"><ele>60.2</ele></trkpt>
      <trkpt lat="47.479148" lon="1.178211"><ele>60.5</ele></trkpt>
      <trkpt lat="47.478992" lon="1.177659"><ele>61.8</ele></trkpt>
      <trkpt lat="47.478718" lon="1.176798"><ele>62.8</ele></trkpt>
      <trkpt lat="47.478700" lon="1.176699"><ele>63.0</ele></trkpt>
      <trkpt lat="47.478716" lon="1.176632"><ele>62.5</ele></trkpt>
      <trkpt lat="47.478720" lon="1.176554"><ele>62.2</ele></trkpt>
      <trkpt lat="47.478713" lon="1.176433"><ele>62.2</ele></trkpt>
      <trkpt lat="47.478658" lon="1.176235"><ele>61.0</ele></trkpt>
      <trkpt lat="47.478620" lon="1.176168"><ele>60.0</ele></trkpt>
      <trkpt lat="47.478537" lon="1.176052"><ele>61.0</ele></trkpt>
      <trkpt lat="47.478375" lon="1.175484"><ele>62.2</ele></trkpt>
      <trkpt lat="47.478139" lon="1.174431"><ele>62.8</ele></trkpt>
      <trkpt lat="47.478026" lon="1.173901"><ele>61.8</ele></trkpt>
      <trkpt lat="47.476999" lon="1.169893"><ele>63.8</ele></trkpt>
      <trkpt lat="47.476600" lon="1.168418"><ele>63.8</ele></trkpt>
      <trkpt lat="47.476314" lon="1.167312"><ele>64.2</ele></trkpt>
      <trkpt lat="47.476288" lon="1.167125"><ele>64.2</ele></trkpt>
      <trkpt lat="47.476209" lon="1.166921"><ele>64.8</ele></trkpt>
      <trkpt lat="47.476138" lon="1.166866"><ele>65.0</ele></trkpt>
      <trkpt lat="47.476099" lon="1.166836"><ele>65.2</ele></trkpt>
      <trkpt lat="47.476059" lon="1.166820"><ele>66.0</ele></trkpt>
      <trkpt lat="47.476006" lon="1.166798"><ele>66.8</ele></trkpt>
      <trkpt lat="47.475966" lon="1.166626"><ele>65.2</ele></trkpt>
      <trkpt lat="47.475853" lon="1.166519"><ele>65.5</ele></trkpt>
      <trkpt lat="47.475837" lon="1.166396"><ele>65.0</ele></trkpt>
      <trkpt lat="47.475745" lon="1.166298"><ele>65.0</ele></trkpt>
      <trkpt lat="47.475636" lon="1.166157"><ele>65.0</ele></trkpt>
      <trkpt lat="47.475341" lon="1.165615"><ele>67.0</ele></trkpt>
      <trkpt lat="47.475019" lon="1.164999"><ele>72.5</ele></trkpt>
      <trkpt lat="47.474613" lon="1.163879"><ele>80.5</ele></trkpt>
      <trkpt lat="47.474557" lon="1.163793"><ele>81.5</ele></trkpt>
      <trkpt lat="47.474495" lon="1.163770"><ele>82.5</ele></trkpt>
      <trkpt lat="47.474409" lon="1.163799"><ele>83.5</ele></trkpt>
      <trkpt lat="47.473875" lon="1.164190"><ele>86.0</ele></trkpt>
      <trkpt lat="47.473797" lon="1.164217"><ele>86.2</ele></trkpt>
      <trkpt lat="47.473717" lon="1.164193"><ele>87.0</ele></trkpt>
      <trkpt lat="47.473663" lon="1.164097"><ele>87.8</ele></trkpt>
      <trkpt lat="47.473226" lon="1.162841"><ele>93.0</ele></trkpt>
      <trkpt lat="47.473107" lon="1.162466"><ele>94.0</ele></trkpt>
      <trkpt lat="47.472985" lon="1.162226"><ele>94.8</ele></trkpt>
      <trkpt lat="47.472779" lon="1.161967"><ele>95.0</ele></trkpt>
      <trkpt lat="47.472507" lon="1.161667"><ele>95.8</ele></trkpt>
      <trkpt lat="47.472430" lon="1.161642"><ele>96.0</ele></trkpt>
      <trkpt lat="47.472377" lon="1.161498"><ele>96.0</ele></trkpt>
      <trkpt lat="47.471628" lon="1.160144"><ele>97.0</ele></trkpt>
      <trkpt lat="47.470645" lon="1.158305"><ele>96.5</ele></trkpt>
      <trkpt lat="47.470473" lon="1.157830"><ele>95.2</ele></trkpt>
      <trkpt lat="47.469968" lon="1.156324"><ele>93.0</ele></trkpt>
      <trkpt lat="47.469900" lon="1.156134"><ele>93.2</ele></trkpt>
      <trkpt lat="47.469672" lon="1.155576"><ele>92.2</ele></trkpt>
      <trkpt lat="47.469523" lon="1.155177"><ele>92.0</ele></trkpt>
      <trkpt lat="47.469274" lon="1.154574"><ele>92.5</ele></trkpt>
      <trkpt lat="47.469215" lon="1.154406"><ele>92.8</ele></trkpt>
      <trkpt lat="47.469156" lon="1.154159"><ele>93.0</ele></trkpt>
      <trkpt lat="47.469068" lon="1.153707"><ele>94.0</ele></trkpt>
      <trkpt lat="47.469009" lon="1.153345"><ele>94.5</ele></trkpt>
      <trkpt lat="47.468985" lon="1.152958"><ele>94.5</ele></trkpt>
      <trkpt lat="47.468963" lon="1.152437"><ele>93.8</ele></trkpt>
      <trkpt lat="47.468758" lon="1.152459"><ele>94.2</ele></trkpt>
      <trkpt lat="47.468570" lon="1.152452"><ele>94.8</ele></trkpt>
      <trkpt lat="47.468237" lon="1.152403"><ele>95.0</ele></trkpt>
      <trkpt lat="47.468181" lon="1.152378"><ele>95.0</ele></trkpt>
      <trkpt lat="47.468148" lon="1.152348"><ele>95.0</ele></trkpt>
      <trkpt lat="47.468180" lon="1.152268"><ele>95.0</ele></trkpt>
      <trkpt lat="47.468198" lon="1.152140"><ele>94.5</ele></trkpt>
      <trkpt lat="47.468196" lon="1.152017"><ele>94.2</ele></trkpt>
      <trkpt lat="47.468169" lon="1.151577"><ele>93.8</ele></trkpt>
      <trkpt lat="47.468164" lon="1.151341"><ele>93.5</ele></trkpt>
      <trkpt lat="47.468142" lon="1.151086"><ele>93.5</ele></trkpt>
      <trkpt lat="47.468100" lon="1.149980"><ele>94.8</ele></trkpt>
      <trkpt lat="47.468105" lon="1.149846"><ele>94.8</ele></trkpt>
      <trkpt lat="47.468117" lon="1.149735"><ele>94.8</ele></trkpt>
      <trkpt lat="47.468200" lon="1.149309"><ele>94.2</ele></trkpt>
      <trkpt lat="47.468209" lon="1.149107"><ele>94.2</ele></trkpt>
      <trkpt lat="47.468206" lon="1.149002"><ele>94.2</ele></trkpt>
      <trkpt lat="47.468194" lon="1.148897"><ele>94.5</ele></trkpt>
      <trkpt lat="47.468169" lon="1.148761"><ele>94.2</ele></trkpt>
      <trkpt lat="47.468084" lon="1.148404"><ele>94.0</ele></trkpt>
      <trkpt lat="47.467658" lon="1.146956"><ele>92.0</ele></trkpt>
      <trkpt lat="47.467601" lon="1.146598"><ele>91.0</ele></trkpt>
      <trkpt lat="47.467564" lon="1.146094"><ele>89.8</ele></trkpt>
      <trkpt lat="47.467536" lon="1.145007"><ele>88.0</ele></trkpt>
      <trkpt lat="47.467518" lon="1.144810"><ele>87.8</ele></trkpt>
      <trkpt lat="47.467409" lon="1.144067"><ele>87.0</ele></trkpt>
      <trkpt lat="47.467384" lon="1.143938"><ele>87.0</ele></trkpt>
      <trkpt lat="47.467336" lon="1.143736"><ele>86.2</ele></trkpt>
      <trkpt lat="47.467267" lon="1.143557"><ele>85.8</ele></trkpt>
      <trkpt lat="47.467012" lon="1.143039"><ele>85.5</ele></trkpt>
      <trkpt lat="47.466951" lon="1.142876"><ele>85.8</ele></trkpt>
      <trkpt lat="47.466906" lon="1.142727"><ele>86.0</ele></trkpt>
      <trkpt lat="47.466876" lon="1.142553"><ele>86.0</ele></trkpt>
      <trkpt lat="47.466879" lon="1.142384"><ele>86.0</ele></trkpt>
      <trkpt lat="47.466896" lon="1.142254"><ele>86.0</ele></trkpt>
      <trkpt lat="47.466991" lon="1.141759"><ele>85.0</ele></trkpt>
      <trkpt lat="47.467005" lon="1.141532"><ele>84.8</ele></trkpt>
      <trkpt lat="47.466974" lon="1.141205"><ele>84.0</ele></trkpt>
      <trkpt lat="47.466867" lon="1.140567"><ele>82.2</ele></trkpt>
      <trkpt lat="47.466797" lon="1.140209"><ele>81.8</ele></trkpt>
      <trkpt lat="47.466719" lon="1.139816"><ele>82.2</ele></trkpt>
      <trkpt lat="47.466664" lon="1.139630"><ele>83.0</ele></trkpt>
      <trkpt lat="47.466566" lon="1.139435"><ele>83.2</ele></trkpt>
      <trkpt lat="47.466464" lon="1.139319"><ele>83.5</ele></trkpt>
      <trkpt lat="47.466116" lon="1.138976"><ele>83.8</ele></trkpt>
      <trkpt lat="47.465939" lon="1.138726"><ele>83.8</ele></trkpt>
      <trkpt lat="47.465849" lon="1.138559"><ele>83.8</ele></trkpt>
      <trkpt lat="47.465823" lon="1.138510"><ele>83.5</ele></trkpt>
      <trkpt lat="47.465956" lon="1.138329"><ele>82.5</ele></trkpt>
      <trkpt lat="47.466165" lon="1.138186"><ele>81.2</ele></trkpt>
      <trkpt lat="47.466353" lon="1.138104"><ele>81.0</ele></trkpt>
      <trkpt lat="47.466603" lon="1.138024"><ele>80.8</ele></trkpt>
      <trkpt lat="47.466682" lon="1.137958"><ele>80.5</ele></trkpt>
      <trkpt lat="47.466745" lon="1.137871"><ele>79.8</ele></trkpt>
      <trkpt lat="47.466777" lon="1.137801"><ele>79.2</ele></trkpt>
      <trkpt lat="47.466796" lon="1.137740"><ele>78.8</ele></trkpt>
      <trkpt lat="47.466805" lon="1.137642"><ele>78.2</ele></trkpt>
      <trkpt lat="47.466808" lon="1.137431"><ele>77.0</ele></trkpt>
      <trkpt lat="47.466782" lon="1.136992"><ele>75.0</ele></trkpt>
      <trkpt lat="47.466756" lon="1.136813"><ele>74.0</ele></trkpt>
      <trkpt lat="47.466725" lon="1.136665"><ele>73.5</ele></trkpt>
      <trkpt lat="47.466688" lon="1.136542"><ele>72.2</ele></trkpt>
      <trkpt lat="47.466605" lon="1.136377"><ele>71.2</ele></trkpt>
      <trkpt lat="47.466544" lon="1.136273"><ele>70.0</ele></trkpt>
      <trkpt lat="47.466485" lon="1.136178"><ele>69.2</ele></trkpt>
      <trkpt lat="47.466475" lon="1.136130"><ele>68.5</ele></trkpt>
      <trkpt lat="47.466491" lon="1.135915"><ele>66.0</ele></trkpt>
      <trkpt lat="47.466523" lon="1.135691"><ele>64.2</ele></trkpt>
      <trkpt lat="47.466550" lon="1.135566"><ele>63.2</ele></trkpt>
      <trkpt lat="47.466571" lon="1.135477"><ele>63.2</ele></trkpt>
      <trkpt lat="47.466711" lon="1.134961"><ele>63.0</ele></trkpt>
      <trkpt lat="47.466720" lon="1.134927"><ele>63.0</ele></trkpt>
      <trkpt lat="47.466765" lon="1.134940"><ele>63.0</ele></trkpt>
      <trkpt lat="47.466893" lon="1.134948"><ele>63.0</ele></trkpt>
      <trkpt lat="47.466941" lon="1.134930"><ele>63.0</ele></trkpt>
      <trkpt lat="47.467002" lon="1.135016"><ele>62.8</ele></trkpt>
      <trkpt lat="47.467061" lon="1.135100"><ele>62.5</ele></trkpt>
      <trkpt lat="47.467213" lon="1.135256"><ele>62.8</ele></trkpt>
      <trkpt lat="47.467290" lon="1.135359"><ele>63.0</ele></trkpt>
      <trkpt lat="47.467313" lon="1.135339"><ele>63.0</ele></trkpt>
      <trkpt lat="47.467354" lon="1.135352"><ele>63.0</ele></trkpt>
      <trkpt lat="47.467408" lon="1.135386"><ele>63.0</ele></trkpt>
      <trkpt lat="47.467622" lon="1.135537"><ele>62.5</ele></trkpt>
      <trkpt lat="47.468330" lon="1.134198"><ele>61.8</ele></trkpt>
      <trkpt lat="47.468344" lon="1.134154"><ele>61.8</ele></trkpt>
      <trkpt lat="47.468351" lon="1.134057"><ele>61.8</ele></trkpt>
      <trkpt lat="47.468348" lon="1.133867"><ele>61.8</ele></trkpt>
      <trkpt lat="47.468282" lon="1.132902"><ele>61.0</ele></trkpt>
      <trkpt lat="47.468240" lon="1.132589"><ele>61.0</ele></trkpt>
      <trkpt lat="47.468188" lon="1.132296"><ele>61.2</ele></trkpt>
      <trkpt lat="47.467977" lon="1.131442"><ele>61.2</ele></trkpt>
      <trkpt lat="47.467809" lon="1.130521"><ele>61.8</ele></trkpt>
      <trkpt lat="47.467809" lon="1.130454"><ele>61.8</ele></trkpt>
      <trkpt lat="47.468044" lon="1.127768"><ele>61.0</ele></trkpt>
      <trkpt lat="47.468054" lon="1.127598"><ele>61.0</ele></trkpt>
      <trkpt lat="47.468041" lon="1.127438"><ele>60.5</ele></trkpt>
      <trkpt lat="47.468003" lon="1.127292"><ele>59.8</ele></trkpt>
      <trkpt lat="47.467925" lon="1.127147"><ele>60.0</ele></trkpt>
      <trkpt lat="47.467855" lon="1.126965"><ele>60.5</ele></trkpt>
      <trkpt lat="47.467702" lon="1.126454"><ele>60.8</ele></trkpt>
      <trkpt lat="47.467635" lon="1.126245"><ele>60.2</ele></trkpt>
      <trkpt lat="47.467448" lon="1.125543"><ele>59.5</ele></trkpt>
      <trkpt lat="47.467313" lon="1.124864"><ele>60.0</ele></trkpt>
      <trkpt lat="47.466806" lon="1.123304"><ele>59.5</ele></trkpt>
      <trkpt lat="47.466372" lon="1.121773"><ele>61.2</ele></trkpt>
      <trkpt lat="47.465630" lon="1.119084"><ele>60.5</ele></trkpt>
      <trkpt lat="47.465408" lon="1.118185"><ele>60.5</ele></trkpt>
      <trkpt lat="47.465247" lon="1.117532"><ele>61.0</ele></trkpt>
      <trkpt lat="47.464842" lon="1.115586"><ele>60.0</ele></trkpt>
      <trkpt lat="47.464361" lon="1.113408"><ele>60.2</ele></trkpt>
      <trkpt lat="47.464346" lon="1.113340"><ele>60.2</ele></trkpt>
      <trkpt lat="47.464255" lon="1.112807"><ele>60.5</ele></trkpt>
      <trkpt lat="47.464199" lon="1.112275"><ele>59.8</ele></trkpt>
      <trkpt lat="47.463813" lon="1.110103"><ele>61.0</ele></trkpt>
      <trkpt lat="47.463436" lon="1.107542"><ele>59.8</ele></trkpt>
      <trkpt lat="47.462721" lon="1.103565"><ele>60.0</ele></trkpt>
      <trkpt lat="47.462562" lon="1.102676"><ele>59.2</ele></trkpt>
      <trkpt lat="47.462471" lon="1.101357"><ele>60.0</ele></trkpt>
      <trkpt lat="47.462448" lon="1.100078"><ele>59.8</ele></trkpt>
      <trkpt lat="47.462545" lon="1.099550"><ele>60.5</ele></trkpt>
      <trkpt lat="47.462581" lon="1.099193"><ele>60.5</ele></trkpt>
      <trkpt lat="47.462533" lon="1.098823"><ele>61.2</ele></trkpt>
      <trkpt lat="47.462516" lon="1.098130"><ele>61.5</ele></trkpt>
      <trkpt lat="47.462500" lon="1.097961"><ele>61.5</ele></trkpt>
      <trkpt lat="47.462394" lon="1.097555"><ele>60.2</ele></trkpt>
      <trkpt lat="47.462317" lon="1.097431"><ele>60.8</ele></trkpt>
      <trkpt lat="47.462310" lon="1.097351"><ele>60.8</ele></trkpt>
      <trkpt lat="47.462074" lon="1.096497"><ele>60.8</ele></trkpt>
      <trkpt lat="47.461791" lon="1.095468"><ele>61.2</ele></trkpt>
      <trkpt lat="47.461672" lon="1.095033"><ele>60.8</ele></trkpt>
      <trkpt lat="47.461408" lon="1.094001"><ele>60.8</ele></trkpt>
      <trkpt lat="47.461211" lon="1.093096"><ele>60.0</ele></trkpt>
      <trkpt lat="47.459614" lon="1.093918"><ele>61.0</ele></trkpt>
      <trkpt lat="47.458774" lon="1.094348"><ele>61.0</ele></trkpt>
      <trkpt lat="47.458016" lon="1.094759"><ele>60.0</ele></trkpt>
      <trkpt lat="47.458572" lon="1.097032"><ele>60.0</ele></trkpt>
      <trkpt lat="47.458048" lon="1.097347"><ele>60.0</ele></trkpt>
      <trkpt lat="47.457566" lon="1.097567"><ele>59.8</ele></trkpt>
      <trkpt lat="47.457454" lon="1.097628"><ele>59.5</ele></trkpt>
      <trkpt lat="47.456553" lon="1.098458"><ele>61.5</ele></trkpt>
      <trkpt lat="47.456025" lon="1.098837"><ele>63.0</ele></trkpt>
      <trkpt lat="47.455844" lon="1.098922"><ele>63.8</ele></trkpt>
      <trkpt lat="47.455612" lon="1.099121"><ele>63.5</ele></trkpt>
      <trkpt lat="47.455580" lon="1.099179"><ele>63.8</ele></trkpt>
      <trkpt lat="47.455538" lon="1.099284"><ele>64.0</ele></trkpt>
      <trkpt lat="47.455374" lon="1.099479"><ele>64.5</ele></trkpt>
      <trkpt lat="47.455276" lon="1.099473"><ele>65.0</ele></trkpt>
      <trkpt lat="47.455252" lon="1.099782"><ele>65.0</ele></trkpt>
      <trkpt lat="47.455218" lon="1.099780"><ele>65.2</ele></trkpt>
      <trkpt lat="47.455062" lon="1.099748"><ele>65.8</ele></trkpt>
      <trkpt lat="47.455024" lon="1.099669"><ele>65.8</ele></trkpt>
      <trkpt lat="47.454728" lon="1.099464"><ele>66.8</ele></trkpt>
      <trkpt lat="47.454567" lon="1.099271"><ele>67.5</ele></trkpt>
      <trkpt lat="47.454440" lon="1.099092"><ele>68.0</ele></trkpt>
      <trkpt lat="47.454211" lon="1.098881"><ele>70.5</ele></trkpt>
      <trkpt lat="47.454088" lon="1.098768"><ele>72.8</ele></trkpt>
      <trkpt lat="47.453878" lon="1.098547"><ele>78.0</ele></trkpt>
      <trkpt lat="47.453581" lon="1.098215"><ele>84.2</ele></trkpt>
      <trkpt lat="47.453528" lon="1.098084"><ele>85.0</ele></trkpt>
      <trkpt lat="47.453425" lon="1.097520"><ele>87.5</ele></trkpt>
      <trkpt lat="47.453355" lon="1.097282"><ele>89.2</ele></trkpt>
      <trkpt lat="47.453084" lon="1.096629"><ele>94.2</ele></trkpt>
      <trkpt lat="47.453047" lon="1.096603"><ele>95.0</ele></trkpt>
      <trkpt lat="47.452957" lon="1.096607"><ele>96.0</ele></trkpt>
      <trkpt lat="47.452778" lon="1.096644"><ele>97.8</ele></trkpt>
      <trkpt lat="47.452570" lon="1.096703"><ele>99.2</ele></trkpt>
      <trkpt lat="47.452134" lon="1.096835"><ele>100.5</ele></trkpt>
      <trkpt lat="47.451951" lon="1.096921"><ele>101.0</ele></trkpt>
      <trkpt lat="47.451877" lon="1.096968"><ele>100.8</ele></trkpt>
      <trkpt lat="47.451823" lon="1.097002"><ele>100.5</ele></trkpt>
      <trkpt lat="47.451594" lon="1.097156"><ele>100.5</ele></trkpt>
      <trkpt lat="47.451028" lon="1.097587"><ele>102.2</ele></trkpt>
      <trkpt lat="47.450746" lon="1.097772"><ele>103.2</ele></trkpt>
      <trkpt lat="47.450428" lon="1.097966"><ele>103.5</ele></trkpt>
      <trkpt lat="47.449525" lon="1.098436"><ele>105.0</ele></trkpt>
      <trkpt lat="47.448259" lon="1.099159"><ele>106.0</ele></trkpt>
      <trkpt lat="47.448111" lon="1.099220"><ele>106.0</ele></trkpt>
      <trkpt lat="47.447933" lon="1.099281"><ele>106.0</ele></trkpt>
      <trkpt lat="47.447776" lon="1.099321"><ele>106.0</ele></trkpt>
      <trkpt lat="47.447422" lon="1.099366"><ele>106.2</ele></trkpt>
      <trkpt lat="47.446870" lon="1.099387"><ele>107.0</ele></trkpt>
      <trkpt lat="47.446670" lon="1.099404"><ele>107.0</ele></trkpt>
      <trkpt lat="47.446088" lon="1.099499"><ele>107.0</ele></trkpt>
      <trkpt lat="47.445918" lon="1.099538"><ele>107.0</ele></trkpt>
      <trkpt lat="47.444439" lon="1.099963"><ele>108.0</ele></trkpt>
      <trkpt lat="47.444375" lon="1.099591"><ele>108.0</ele></trkpt>
      <trkpt lat="47.444091" lon="1.098518"><ele>108.0</ele></trkpt>
      <trkpt lat="47.443851" lon="1.097306"><ele>108.2</ele></trkpt>
      <trkpt lat="47.443735" lon="1.096801"><ele>108.5</ele></trkpt>
      <trkpt lat="47.443608" lon="1.096319"><ele>109.0</ele></trkpt>
      <trkpt lat="47.443437" lon="1.095743"><ele>109.0</ele></trkpt>
      <trkpt lat="47.443280" lon="1.095273"><ele>108.8</ele></trkpt>
      <trkpt lat="47.443164" lon="1.094983"><ele>109.0</ele></trkpt>
      <trkpt lat="47.443066" lon="1.094767"><ele>109.0</ele></trkpt>
      <trkpt lat="47.442574" lon="1.093831"><ele>108.0</ele></trkpt>
      <trkpt lat="47.442554" lon="1.093793"><ele>108.0</ele></trkpt>
      <trkpt lat="47.442448" lon="1.093489"><ele>108.0</ele></trkpt>
      <trkpt lat="47.442234" lon="1.092587"><ele>107.8</ele></trkpt>
      <trkpt lat="47.442108" lon="1.091872"><ele>107.2</ele></trkpt>
      <trkpt lat="47.442073" lon="1.091601"><ele>107.0</ele></trkpt>
      <trkpt lat="47.442063" lon="1.091377"><ele>107.0</ele></trkpt>
      <trkpt lat="47.442069" lon="1.090918"><ele>107.0</ele></trkpt>
      <trkpt lat="47.442060" lon="1.090699"><ele>107.2</ele></trkpt>
      <trkpt lat="47.442005" lon="1.090397"><ele>107.8</ele></trkpt>
      <trkpt lat="47.441982" lon="1.090338"><ele>107.8</ele></trkpt>
      <trkpt lat="47.441577" lon="1.089410"><ele>108.0</ele></trkpt>
      <trkpt lat="47.441342" lon="1.088937"><ele>108.0</ele></trkpt>
      <trkpt lat="47.441231" lon="1.088743"><ele>108.8</ele></trkpt>
      <trkpt lat="47.441150" lon="1.088575"><ele>109.0</ele></trkpt>
      <trkpt lat="47.441105" lon="1.088458"><ele>109.0</ele></trkpt>
      <trkpt lat="47.441075" lon="1.088357"><ele>109.0</ele></trkpt>
      <trkpt lat="47.441036" lon="1.088121"><ele>109.0</ele></trkpt>
      <trkpt lat="47.441036" lon="1.088004"><ele>108.8</ele></trkpt>
      <trkpt lat="47.440996" lon="1.087838"><ele>109.0</ele></trkpt>
      <trkpt lat="47.440946" lon="1.087574"><ele>109.0</ele></trkpt>
      <trkpt lat="47.440923" lon="1.087480"><ele>109.0</ele></trkpt>
      <trkpt lat="47.440886" lon="1.087392"><ele>109.0</ele></trkpt>
      <trkpt lat="47.440848" lon="1.087297"><ele>109.0</ele></trkpt>
      <trkpt lat="47.440732" lon="1.087082"><ele>109.0</ele></trkpt>
      <trkpt lat="47.440502" lon="1.086779"><ele>109.2</ele></trkpt>
      <trkpt lat="47.440174" lon="1.086461"><ele>109.0</ele></trkpt>
      <trkpt lat="47.439603" lon="1.086000"><ele>109.0</ele></trkpt>
      <trkpt lat="47.439439" lon="1.085833"><ele>108.8</ele></trkpt>
      <trkpt lat="47.439277" lon="1.085648"><ele>108.0</ele></trkpt>
      <trkpt lat="47.439090" lon="1.085401"><ele>108.0</ele></trkpt>
      <trkpt lat="47.438931" lon="1.085155"><ele>107.5</ele></trkpt>
      <trkpt lat="47.438740" lon="1.084820"><ele>106.2</ele></trkpt>
      <trkpt lat="47.438563" lon="1.084486"><ele>106.0</ele></trkpt>
      <trkpt lat="47.438370" lon="1.084150"><ele>106.0</ele></trkpt>
      <trkpt lat="47.438177" lon="1.083845"><ele>106.0</ele></trkpt>
      <trkpt lat="47.437972" lon="1.083516"><ele>105.8</ele></trkpt>
      <trkpt lat="47.437838" lon="1.083256"><ele>105.8</ele></trkpt>
      <trkpt lat="47.437733" lon="1.082994"><ele>105.0</ele></trkpt>
      <trkpt lat="47.437694" lon="1.082872"><ele>105.2</ele></trkpt>
      <trkpt lat="47.437670" lon="1.082709"><ele>105.5</ele></trkpt>
      <trkpt lat="47.437669" lon="1.082617"><ele>105.2</ele></trkpt>
      <trkpt lat="47.437679" lon="1.082511"><ele>105.2</ele></trkpt>
      <trkpt lat="47.437712" lon="1.082323"><ele>105.5</ele></trkpt>
      <trkpt lat="47.437743" lon="1.082182"><ele>105.5</ele></trkpt>
      <trkpt lat="47.437823" lon="1.081884"><ele>104.8</ele></trkpt>
      <trkpt lat="47.437899" lon="1.081637"><ele>104.2</ele></trkpt>
      <trkpt lat="47.437927" lon="1.081541"><ele>104.0</ele></trkpt>
      <trkpt lat="47.437950" lon="1.081415"><ele>103.5</ele></trkpt>
      <trkpt lat="47.437957" lon="1.081335"><ele>103.2</ele></trkpt>
      <trkpt lat="47.437929" lon="1.080763"><ele>101.5</ele></trkpt>
      <trkpt lat="47.437929" lon="1.080625"><ele>101.0</ele></trkpt>
      <trkpt lat="47.437936" lon="1.080521"><ele>101.0</ele></trkpt>
      <trkpt lat="47.437963" lon="1.080350"><ele>101.0</ele></trkpt>
      <trkpt lat="47.438090" lon="1.079894"><ele>101.8</ele></trkpt>
      <trkpt lat="47.438153" lon="1.079634"><ele>101.2</ele></trkpt>
      <trkpt lat="47.438195" lon="1.079392"><ele>101.0</ele></trkpt>
      <trkpt lat="47.438221" lon="1.079188"><ele>101.2</ele></trkpt>
      <trkpt lat="47.438226" lon="1.078998"><ele>101.5</ele></trkpt>
      <trkpt lat="47.438222" lon="1.078807"><ele>102.0</ele></trkpt>
      <trkpt lat="47.438202" lon="1.078630"><ele>102.8</ele></trkpt>
      <trkpt lat="47.438092" lon="1.078114"><ele>104.5</ele></trkpt>
      <trkpt lat="47.437988" lon="1.077375"><ele>105.5</ele></trkpt>
      <trkpt lat="47.437883" lon="1.076874"><ele>105.2</ele></trkpt>
      <trkpt lat="47.437856" lon="1.076702"><ele>105.0</ele></trkpt>
      <trkpt lat="47.437848" lon="1.076551"><ele>104.8</ele></trkpt>
      <trkpt lat="47.437996" lon="1.074629"><ele>97.0</ele></trkpt>
      <trkpt lat="47.438004" lon="1.074519"><ele>96.8</ele></trkpt>
      <trkpt lat="47.438005" lon="1.074512"><ele>96.8</ele></trkpt>
      <trkpt lat="47.438009" lon="1.074457"><ele>96.8</ele></trkpt>
      <trkpt lat="47.437923" lon="1.072948"><ele>100.5</ele></trkpt>
      <trkpt lat="47.437913" lon="1.072513"><ele>101.8</ele></trkpt>
      <trkpt lat="47.437937" lon="1.071773"><ele>103.8</ele></trkpt>
      <trkpt lat="47.437969" lon="1.071628"><ele>104.0</ele></trkpt>
      <trkpt lat="47.438005" lon="1.071504"><ele>104.5</ele></trkpt>
      <trkpt lat="47.438192" lon="1.071160"><ele>105.8</ele></trkpt>
      <trkpt lat="47.438212" lon="1.071071"><ele>106.0</ele></trkpt>
      <trkpt lat="47.438222" lon="1.070983"><ele>106.0</ele></trkpt>
      <trkpt lat="47.438223" lon="1.070861"><ele>106.0</ele></trkpt>
      <trkpt lat="47.438218" lon="1.070759"><ele>106.0</ele></trkpt>
      <trkpt lat="47.438195" lon="1.070607"><ele>106.0</ele></trkpt>
      <trkpt lat="47.438062" lon="1.069939"><ele>107.0</ele></trkpt>
      <trkpt lat="47.437973" lon="1.069528"><ele>107.0</ele></trkpt>
      <trkpt lat="47.437660" lon="1.068159"><ele>108.8</ele></trkpt>
      <trkpt lat="47.437581" lon="1.067731"><ele>108.8</ele></trkpt>
      <trkpt lat="47.437501" lon="1.067251"><ele>109.8</ele></trkpt>
      <trkpt lat="47.437382" lon="1.066411"><ele>109.5</ele></trkpt>
      <trkpt lat="47.437361" lon="1.066219"><ele>109.8</ele></trkpt>
      <trkpt lat="47.437228" lon="1.064360"><ele>110.5</ele></trkpt>
      <trkpt lat="47.437249" lon="1.063977"><ele>109.2</ele></trkpt>
      <trkpt lat="47.437278" lon="1.063747"><ele>109.0</ele></trkpt>
      <trkpt lat="47.437363" lon="1.063280"><ele>108.8</ele></trkpt>
      <trkpt lat="47.437391" lon="1.063097"><ele>108.8</ele></trkpt>
      <trkpt lat="47.437410" lon="1.062924"><ele>108.8</ele></trkpt>
      <trkpt lat="47.437420" lon="1.062759"><ele>109.2</ele></trkpt>
      <trkpt lat="47.437413" lon="1.062515"><ele>109.0</ele></trkpt>
      <trkpt lat="47.437404" lon="1.062426"><ele>109.0</ele></trkpt>
      <trkpt lat="47.437390" lon="1.062324"><ele>109.0</ele></trkpt>
      <trkpt lat="47.437327" lon="1.062019"><ele>109.0</ele></trkpt>
      <trkpt lat="47.437221" lon="1.061563"><ele>108.5</ele></trkpt>
      <trkpt lat="47.437188" lon="1.061387"><ele>108.0</ele></trkpt>
      <trkpt lat="47.437165" lon="1.061267"><ele>108.5</ele></trkpt>
      <trkpt lat="47.437142" lon="1.061023"><ele>108.8</ele></trkpt>
      <trkpt lat="47.437130" lon="1.060764"><ele>108.0</ele></trkpt>
      <trkpt lat="47.437113" lon="1.060379"><ele>107.5</ele></trkpt>
      <trkpt lat="47.437075" lon="1.059985"><ele>106.8</ele></trkpt>
      <trkpt lat="47.437000" lon="1.059563"><ele>106.2</ele></trkpt>
      <trkpt lat="47.436762" lon="1.058562"><ele>105.5</ele></trkpt>
      <trkpt lat="47.436751" lon="1.058488"><ele>105.2</ele></trkpt>
      <trkpt lat="47.436618" lon="1.057978"><ele>103.8</ele></trkpt>
      <trkpt lat="47.436161" lon="1.056658"><ele>99.8</ele></trkpt>
      <trkpt lat="47.435853" lon="1.055703"><ele>100.0</ele></trkpt>
      <trkpt lat="47.435806" lon="1.055615"><ele>100.0</ele></trkpt>
      <trkpt lat="47.435684" lon="1.055427"><ele>100.8</ele></trkpt>
      <trkpt lat="47.435610" lon="1.055299"><ele>100.8</ele></trkpt>
      <trkpt lat="47.435471" lon="1.054895"><ele>101.8</ele></trkpt>
      <trkpt lat="47.435445" lon="1.054810"><ele>102.0</ele></trkpt>
      <trkpt lat="47.435400" lon="1.054617"><ele>102.5</ele></trkpt>
      <trkpt lat="47.435321" lon="1.054187"><ele>103.0</ele></trkpt>
      <trkpt lat="47.435161" lon="1.053115"><ele>104.2</ele></trkpt>
      <trkpt lat="47.435114" lon="1.052973"><ele>104.5</ele></trkpt>
      <trkpt lat="47.435055" lon="1.052788"><ele>104.8</ele></trkpt>
      <trkpt lat="47.434941" lon="1.052520"><ele>105.0</ele></trkpt>
      <trkpt lat="47.434624" lon="1.051883"><ele>104.0</ele></trkpt>
      <trkpt lat="47.434419" lon="1.051369"><ele>103.0</ele></trkpt>
      <trkpt lat="47.434105" lon="1.050406"><ele>100.5</ele></trkpt>
      <trkpt lat="47.433894" lon="1.049765"><ele>99.8</ele></trkpt>
      <trkpt lat="47.433482" lon="1.048597"><ele>102.2</ele></trkpt>
      <trkpt lat="47.433210" lon="1.047766"><ele>102.8</ele></trkpt>
      <trkpt lat="47.432827" lon="1.046659"><ele>103.2</ele></trkpt>
      <trkpt lat="47.431572" lon="1.045914"><ele>107.0</ele></trkpt>
      <trkpt lat="47.430980" lon="1.045589"><ele>107.0</ele></trkpt>
      <trkpt lat="47.430710" lon="1.045278"><ele>107.0</ele></trkpt>
      <trkpt lat="47.430568" lon="1.044949"><ele>107.0</ele></trkpt>
      <trkpt lat="47.430446" lon="1.044631"><ele>106.8</ele></trkpt>
      <trkpt lat="47.430441" lon="1.044619"><ele>106.8</ele></trkpt>
      <trkpt lat="47.430320" lon="1.044377"><ele>106.0</ele></trkpt>
      <trkpt lat="47.430196" lon="1.044223"><ele>106.0</ele></trkpt>
      <trkpt lat="47.430052" lon="1.044118"><ele>106.0</ele></trkpt>
      <trkpt lat="47.429857" lon="1.044047"><ele>106.0</ele></trkpt>
      <trkpt lat="47.428821" lon="1.043796"><ele>102.5</ele></trkpt>
      <trkpt lat="47.428713" lon="1.043756"><ele>102.5</ele></trkpt>
      <trkpt lat="47.428555" lon="1.043648"><ele>102.2</ele></trkpt>
      <trkpt lat="47.428459" lon="1.043554"><ele>102.5</ele></trkpt>
      <trkpt lat="47.428375" lon="1.043447"><ele>102.8</ele></trkpt>
      <trkpt lat="47.428084" lon="1.042983"><ele>102.5</ele></trkpt>
      <trkpt lat="47.427677" lon="1.042282"><ele>102.2</ele></trkpt>
      <trkpt lat="47.427520" lon="1.041999"><ele>102.0</ele></trkpt>
      <trkpt lat="47.427413" lon="1.041737"><ele>101.8</ele></trkpt>
      <trkpt lat="47.427324" lon="1.041414"><ele>101.5</ele></trkpt>
      <trkpt lat="47.427316" lon="1.041337"><ele>101.5</ele></trkpt>
      <trkpt lat="47.427287" lon="1.041053"><ele>102.0</ele></trkpt>
      <trkpt lat="47.427261" lon="1.040924"><ele>102.0</ele></trkpt>
      <trkpt lat="47.427198" lon="1.040688"><ele>102.5</ele></trkpt>
      <trkpt lat="47.427143" lon="1.040564"><ele>102.8</ele></trkpt>
      <trkpt lat="47.427036" lon="1.040382"><ele>103.0</ele></trkpt>
      <trkpt lat="47.426949" lon="1.040256"><ele>103.0</ele></trkpt>
      <trkpt lat="47.426782" lon="1.040081"><ele>103.8</ele></trkpt>
      <trkpt lat="47.426525" lon="1.039810"><ele>104.0</ele></trkpt>
      <trkpt lat="47.426224" lon="1.039380"><ele>104.0</ele></trkpt>
      <trkpt lat="47.425753" lon="1.038803"><ele>104.0</ele></trkpt>
      <trkpt lat="47.425564" lon="1.038504"><ele>104.0</ele></trkpt>
      <trkpt lat="47.425322" lon="1.038078"><ele>104.0</ele></trkpt>
      <trkpt lat="47.424964" lon="1.037770"><ele>102.8</ele></trkpt>
      <trkpt lat="47.424703" lon="1.037472"><ele>101.8</ele></trkpt>
      <trkpt lat="47.424390" lon="1.037046"><ele>100.2</ele></trkpt>
      <trkpt lat="47.423879" lon="1.036403"><ele>100.0</ele></trkpt>
      <trkpt lat="47.423731" lon="1.036169"><ele>100.0</ele></trkpt>
      <trkpt lat="47.423649" lon="1.035996"><ele>99.8</ele></trkpt>
      <trkpt lat="47.423555" lon="1.035754"><ele>99.8</ele></trkpt>
      <trkpt lat="47.423480" lon="1.035469"><ele>99.0</ele></trkpt>
      <trkpt lat="47.423335" lon="1.034603"><ele>94.5</ele></trkpt>
      <trkpt lat="47.423169" lon="1.033691"><ele>93.8</ele></trkpt>
      <trkpt lat="47.423038" lon="1.032965"><ele>96.2</ele></trkpt>
      <trkpt lat="47.422799" lon="1.031649"><ele>97.8</ele></trkpt>
      <trkpt lat="47.422690" lon="1.031008"><ele>99.0</ele></trkpt>
      <trkpt lat="47.422655" lon="1.030821"><ele>99.0</ele></trkpt>
      <trkpt lat="47.422581" lon="1.030404"><ele>99.2</ele></trkpt>
      <trkpt lat="47.422493" lon="1.030002"><ele>100.0</ele></trkpt>
      <trkpt lat="47.422218" lon="1.029063"><ele>101.0</ele></trkpt>
      <trkpt lat="47.421928" lon="1.028137"><ele>102.2</ele></trkpt>
      <trkpt lat="47.421755" lon="1.027602"><ele>103.2</ele></trkpt>
      <trkpt lat="47.421626" lon="1.027129"><ele>103.0</ele></trkpt>
      <trkpt lat="47.421622" lon="1.027021"><ele>103.0</ele></trkpt>
      <trkpt lat="47.421635" lon="1.026959"><ele>103.0</ele></trkpt>
      <trkpt lat="47.421538" lon="1.026992"><ele>103.2</ele></trkpt>
      <trkpt lat="47.421237" lon="1.027238"><ele>103.0</ele></trkpt>
      <trkpt lat="47.420918" lon="1.027515"><ele>103.8</ele></trkpt>
      <trkpt lat="47.420731" lon="1.027701"><ele>103.2</ele></trkpt>
      <trkpt lat="47.420667" lon="1.027742"><ele>103.5</ele></trkpt>
      <trkpt lat="47.420596" lon="1.027691"><ele>103.5</ele></trkpt>
      <trkpt lat="47.420573" lon="1.027740"><ele>103.8</ele></trkpt>
      <trkpt lat="47.420553" lon="1.027785"><ele>103.8</ele></trkpt>
      <trkpt lat="47.420518" lon="1.027808"><ele>103.8</ele></trkpt>
      <trkpt lat="47.420222" lon="1.026927"><ele>104.2</ele></trkpt>
      <trkpt lat="47.420184" lon="1.026770"><ele>104.8</ele></trkpt>
      <trkpt lat="47.420131" lon="1.026618"><ele>104.8</ele></trkpt>
      <trkpt lat="47.419395" lon="1.024462"><ele>105.0</ele></trkpt>
      <trkpt lat="47.419379" lon="1.024386"><ele>105.0</ele></trkpt>
      <trkpt lat="47.419378" lon="1.024336"><ele>105.0</ele></trkpt>
      <trkpt lat="47.419398" lon="1.024018"><ele>105.0</ele></trkpt>
      <trkpt lat="47.419389" lon="1.023924"><ele>105.0</ele></trkpt>
      <trkpt lat="47.419377" lon="1.023867"><ele>105.0</ele></trkpt>
      <trkpt lat="47.419358" lon="1.023814"><ele>105.0</ele></trkpt>
      <trkpt lat="47.419136" lon="1.023374"><ele>104.0</ele></trkpt>
      <trkpt lat="47.419093" lon="1.023289"><ele>104.0</ele></trkpt>
      <trkpt lat="47.419043" lon="1.023231"><ele>104.0</ele></trkpt>
      <trkpt lat="47.418751" lon="1.023118"><ele>104.0</ele></trkpt>
      <trkpt lat="47.418760" lon="1.023050"><ele>104.0</ele></trkpt>
      <trkpt lat="47.418770" lon="1.022962"><ele>104.0</ele></trkpt>
      <trkpt lat="47.418745" lon="1.022909"><ele>104.0</ele></trkpt>
      <trkpt lat="47.418691" lon="1.022779"><ele>104.0</ele></trkpt>
      <trkpt lat="47.418666" lon="1.022656"><ele>104.0</ele></trkpt>
      <trkpt lat="47.418627" lon="1.022552"><ele>104.0</ele></trkpt>
      <trkpt lat="47.418562" lon="1.022445"><ele>104.0</ele></trkpt>
      <trkpt lat="47.418521" lon="1.022400"><ele>104.0</ele></trkpt>
      <trkpt lat="47.418432" lon="1.022335"><ele>104.0</ele></trkpt>
      <trkpt lat="47.418384" lon="1.022316"><ele>104.0</ele></trkpt>
      <trkpt lat="47.418298" lon="1.021928"><ele>105.0</ele></trkpt>
      <trkpt lat="47.418263" lon="1.021768"><ele>105.0</ele></trkpt>
      <trkpt lat="47.418178" lon="1.021385"><ele>105.0</ele></trkpt>
      <trkpt lat="47.417976" lon="1.020982"><ele>105.0</ele></trkpt>
      <trkpt lat="47.417800" lon="1.020630"><ele>105.0</ele></trkpt>
      <trkpt lat="47.417735" lon="1.020550"><ele>105.0</ele></trkpt>
      <trkpt lat="47.417620" lon="1.020362"><ele>105.0</ele></trkpt>
      <trkpt lat="47.417600" lon="1.020315"><ele>105.0</ele></trkpt>
      <trkpt lat="47.417564" lon="1.020197"><ele>105.0</ele></trkpt>
      <trkpt lat="47.417254" lon="1.018510"><ele>103.0</ele></trkpt>
      <trkpt lat="47.417221" lon="1.018294"><ele>102.8</ele></trkpt>
      <trkpt lat="47.417197" lon="1.018139"><ele>103.0</ele></trkpt>
      <trkpt lat="47.417077" lon="1.017522"><ele>102.0</ele></trkpt>
      <trkpt lat="47.417091" lon="1.017235"><ele>102.0</ele></trkpt>
      <trkpt lat="47.417089" lon="1.017181"><ele>101.8</ele></trkpt>
      <trkpt lat="47.417015" lon="1.016793"><ele>101.0</ele></trkpt>
      <trkpt lat="47.417001" lon="1.016765"><ele>101.0</ele></trkpt>
      <trkpt lat="47.416980" lon="1.016751"><ele>101.0</ele></trkpt>
      <trkpt lat="47.416996" lon="1.016644"><ele>100.8</ele></trkpt>
      <trkpt lat="47.417025" lon="1.016593"><ele>100.5</ele></trkpt>
      <trkpt lat="47.417057" lon="1.016553"><ele>100.5</ele></trkpt>
      <trkpt lat="47.417112" lon="1.016515"><ele>100.2</ele></trkpt>
      <trkpt lat="47.417102" lon="1.016463"><ele>100.2</ele></trkpt>
      <trkpt lat="47.417097" lon="1.016373"><ele>100.0</ele></trkpt>
      <trkpt lat="47.417102" lon="1.016306"><ele>100.2</ele></trkpt>
      <trkpt lat="47.417036" lon="1.016270"><ele>100.2</ele></trkpt>
      <trkpt lat="47.416996" lon="1.016217"><ele>100.5</ele></trkpt>
      <trkpt lat="47.416967" lon="1.016133"><ele>100.8</ele></trkpt>
      <trkpt lat="47.416964" lon="1.016038"><ele>101.0</ele></trkpt>
      <trkpt lat="47.416975" lon="1.015949"><ele>101.0</ele></trkpt>
      <trkpt lat="47.417015" lon="1.015907"><ele>101.0</ele></trkpt>
      <trkpt lat="47.417075" lon="1.015750"><ele>101.0</ele></trkpt>
      <trkpt lat="47.417127" lon="1.015575"><ele>100.8</ele></trkpt>
      <trkpt lat="47.417186" lon="1.015315"><ele>100.8</ele></trkpt>
      <trkpt lat="47.417210" lon="1.015101"><ele>100.2</ele></trkpt>
      <trkpt lat="47.417227" lon="1.014935"><ele>99.8</ele></trkpt>
      <trkpt lat="47.417213" lon="1.014868"><ele>99.5</ele></trkpt>
      <trkpt lat="47.417209" lon="1.014421"><ele>98.8</ele></trkpt>
      <trkpt lat="47.417157" lon="1.014069"><ele>98.0</ele></trkpt>
      <trkpt lat="47.417135" lon="1.013969"><ele>98.0</ele></trkpt>
      <trkpt lat="47.417119" lon="1.013896"><ele>98.0</ele></trkpt>
      <trkpt lat="47.417033" lon="1.013618"><ele>97.5</ele></trkpt>
      <trkpt lat="47.416971" lon="1.013441"><ele>97.2</ele></trkpt>
      <trkpt lat="47.416896" lon="1.013269"><ele>97.0</ele></trkpt>
      <trkpt lat="47.416789" lon="1.013044"><ele>97.5</ele></trkpt>
      <trkpt lat="47.416647" lon="1.012817"><ele>98.0</ele></trkpt>
      <trkpt lat="47.416526" lon="1.012667"><ele>98.0</ele></trkpt>
      <trkpt lat="47.416491" lon="1.012623"><ele>98.0</ele></trkpt>
      <trkpt lat="47.416366" lon="1.012504"><ele>98.0</ele></trkpt>
      <trkpt lat="47.416254" lon="1.012420"><ele>98.2</ele></trkpt>
      <trkpt lat="47.416114" lon="1.012336"><ele>98.8</ele></trkpt>
      <trkpt lat="47.415999" lon="1.012278"><ele>99.0</ele></trkpt>
      <trkpt lat="47.415884" lon="1.012237"><ele>99.0</ele></trkpt>
      <trkpt lat="47.415690" lon="1.012192"><ele>99.0</ele></trkpt>
      <trkpt lat="47.415414" lon="1.012151"><ele>99.5</ele></trkpt>
      <trkpt lat="47.414910" lon="1.012072"><ele>101.0</ele></trkpt>
      <trkpt lat="47.414808" lon="1.012044"><ele>101.0</ele></trkpt>
      <trkpt lat="47.414732" lon="1.012005"><ele>101.0</ele></trkpt>
      <trkpt lat="47.414713" lon="1.011984"><ele>101.0</ele></trkpt>
      <trkpt lat="47.414696" lon="1.011967"><ele>101.0</ele></trkpt>
      <trkpt lat="47.414677" lon="1.011915"><ele>101.0</ele></trkpt>
      <trkpt lat="47.414665" lon="1.011832"><ele>101.0</ele></trkpt>
      <trkpt lat="47.414639" lon="1.011753"><ele>101.0</ele></trkpt>
      <trkpt lat="47.414598" lon="1.011696"><ele>101.0</ele></trkpt>
      <trkpt lat="47.414544" lon="1.011653"><ele>101.0</ele></trkpt>
      <trkpt lat="47.414415" lon="1.011617"><ele>101.2</ele></trkpt>
      <trkpt lat="47.414377" lon="1.011585"><ele>101.5</ele></trkpt>
      <trkpt lat="47.414351" lon="1.011531"><ele>101.8</ele></trkpt>
      <trkpt lat="47.414218" lon="1.010886"><ele>102.0</ele></trkpt>
      <trkpt lat="47.414218" lon="1.010820"><ele>102.0</ele></trkpt>
      <trkpt lat="47.414232" lon="1.010782"><ele>102.0</ele></trkpt>
      <trkpt lat="47.414198" lon="1.010738"><ele>102.0</ele></trkpt>
      <trkpt lat="47.414183" lon="1.010671"><ele>102.0</ele></trkpt>
      <trkpt lat="47.414110" lon="1.010716"><ele>102.0</ele></trkpt>
      <trkpt lat="47.414062" lon="1.010514"><ele>102.0</ele></trkpt>
      <trkpt lat="47.413870" lon="1.009665"><ele>102.0</ele></trkpt>
      <trkpt lat="47.413855" lon="1.009598"><ele>102.0</ele></trkpt>
      <trkpt lat="47.413795" lon="1.009339"><ele>102.5</ele></trkpt>
      <trkpt lat="47.413734" lon="1.009060"><ele>102.5</ele></trkpt>
      <trkpt lat="47.413688" lon="1.008921"><ele>102.8</ele></trkpt>
      <trkpt lat="47.413665" lon="1.008851"><ele>102.8</ele></trkpt>
      <trkpt lat="47.413631" lon="1.008722"><ele>103.0</ele></trkpt>
      <trkpt lat="47.413392" lon="1.007714"><ele>104.0</ele></trkpt>
      <trkpt lat="47.413011" lon="1.006646"><ele>104.0</ele></trkpt>
      <trkpt lat="47.412621" lon="1.005534"><ele>104.0</ele></trkpt>
      <trkpt lat="47.412346" lon="1.004814"><ele>104.2</ele></trkpt>
      <trkpt lat="47.412226" lon="1.004523"><ele>104.8</ele></trkpt>
      <trkpt lat="47.412120" lon="1.004110"><ele>105.0</ele></trkpt>
      <trkpt lat="47.412006" lon="1.003443"><ele>105.0</ele></trkpt>
      <trkpt lat="47.411790" lon="1.002442"><ele>105.0</ele></trkpt>
      <trkpt lat="47.411759" lon="1.002297"><ele>105.0</ele></trkpt>
      <trkpt lat="47.411632" lon="1.001805"><ele>105.0</ele></trkpt>
      <trkpt lat="47.411589" lon="1.001642"><ele>104.8</ele></trkpt>
      <trkpt lat="47.411580" lon="1.001564"><ele>104.5</ele></trkpt>
      <trkpt lat="47.411586" lon="1.001518"><ele>104.2</ele></trkpt>
      <trkpt lat="47.411527" lon="1.001487"><ele>104.2</ele></trkpt>
      <trkpt lat="47.411479" lon="1.001461"><ele>104.2</ele></trkpt>
      <trkpt lat="47.411483" lon="1.001410"><ele>104.0</ele></trkpt>
      <trkpt lat="47.411469" lon="1.001354"><ele>104.0</ele></trkpt>
      <trkpt lat="47.411446" lon="1.001323"><ele>104.0</ele></trkpt>
      <trkpt lat="47.411418" lon="1.001307"><ele>104.0</ele></trkpt>
      <trkpt lat="47.411384" lon="1.001305"><ele>104.0</ele></trkpt>
      <trkpt lat="47.411371" lon="1.001197"><ele>104.0</ele></trkpt>
      <trkpt lat="47.411348" lon="1.001011"><ele>104.0</ele></trkpt>
      <trkpt lat="47.411278" lon="1.000418"><ele>103.5</ele></trkpt>
      <trkpt lat="47.411238" lon="1.000169"><ele>102.8</ele></trkpt>
      <trkpt lat="47.411218" lon="1.000045"><ele>102.8</ele></trkpt>
      <trkpt lat="47.411124" lon="0.999448"><ele>103.0</ele></trkpt>
      <trkpt lat="47.411094" lon="0.999170"><ele>102.5</ele></trkpt>
      <trkpt lat="47.411072" lon="0.998763"><ele>104.5</ele></trkpt>
      <trkpt lat="47.411061" lon="0.998494"><ele>104.2</ele></trkpt>
      <trkpt lat="47.411047" lon="0.998313"><ele>103.2</ele></trkpt>
      <trkpt lat="47.411027" lon="0.998145"><ele>102.5</ele></trkpt>
      <trkpt lat="47.411002" lon="0.998002"><ele>101.5</ele></trkpt>
      <trkpt lat="47.410947" lon="0.997719"><ele>99.5</ele></trkpt>
      <trkpt lat="47.410875" lon="0.997407"><ele>98.2</ele></trkpt>
      <trkpt lat="47.410739" lon="0.996850"><ele>96.2</ele></trkpt>
      <trkpt lat="47.410547" lon="0.996132"><ele>92.0</ele></trkpt>
      <trkpt lat="47.410181" lon="0.995185"><ele>90.0</ele></trkpt>
      <trkpt lat="47.410097" lon="0.994743"><ele>88.8</ele></trkpt>
      <trkpt lat="47.410083" lon="0.994491"><ele>87.5</ele></trkpt>
      <trkpt lat="47.410048" lon="0.993963"><ele>83.5</ele></trkpt>
      <trkpt lat="47.410071" lon="0.993551"><ele>81.5</ele></trkpt>
      <trkpt lat="47.410198" lon="0.993019"><ele>79.2</ele></trkpt>
      <trkpt lat="47.410278" lon="0.992557"><ele>75.5</ele></trkpt>
      <trkpt lat="47.410365" lon="0.992326"><ele>75.0</ele></trkpt>
      <trkpt lat="47.410435" lon="0.992208"><ele>74.0</ele></trkpt>
      <trkpt lat="47.410448" lon="0.992147"><ele>73.0</ele></trkpt>
      <trkpt lat="47.410668" lon="0.991882"><ele>71.2</ele></trkpt>
      <trkpt lat="47.410759" lon="0.991777"><ele>69.2</ele></trkpt>
      <trkpt lat="47.410884" lon="0.991651"><ele>67.5</ele></trkpt>
      <trkpt lat="47.410977" lon="0.991537"><ele>68.2</ele></trkpt>
      <trkpt lat="47.411042" lon="0.991437"><ele>67.2</ele></trkpt>
      <trkpt lat="47.411154" lon="0.991230"><ele>65.8</ele></trkpt>
      <trkpt lat="47.411353" lon="0.990885"><ele>64.2</ele></trkpt>
      <trkpt lat="47.411197" lon="0.990874"><ele>62.2</ele></trkpt>
      <trkpt lat="47.411174" lon="0.990872"><ele>61.8</ele></trkpt>
      <trkpt lat="47.411057" lon="0.991001"><ele>61.2</ele></trkpt>
      <trkpt lat="47.410981" lon="0.990719"><ele>59.2</ele></trkpt>
      <trkpt lat="47.410948" lon="0.990617"><ele>58.5</ele></trkpt>
      <trkpt lat="47.410791" lon="0.990378"><ele>58.0</ele></trkpt>
      <trkpt lat="47.410846" lon="0.990306"><ele>58.0</ele></trkpt>
      <trkpt lat="47.411008" lon="0.990080"><ele>58.0</ele></trkpt>
      <trkpt lat="47.410914" lon="0.989785"><ele>57.2</ele></trkpt>
      <trkpt lat="47.410887" lon="0.989643"><ele>57.0</ele></trkpt>
      <trkpt lat="47.410907" lon="0.989513"><ele>57.2</ele></trkpt>
      <trkpt lat="47.410988" lon="0.989350"><ele>57.5</ele></trkpt>
      <trkpt lat="47.410887" lon="0.989033"><ele>58.2</ele></trkpt>
      <trkpt lat="47.411029" lon="0.988873"><ele>58.2</ele></trkpt>
      <trkpt lat="47.410917" lon="0.988671"><ele>58.8</ele></trkpt>
      <trkpt lat="47.410799" lon="0.988462"><ele>59.0</ele></trkpt>
      <trkpt lat="47.410856" lon="0.988131"><ele>58.8</ele></trkpt>
      <trkpt lat="47.410775" lon="0.987997"><ele>58.8</ele></trkpt>
      <trkpt lat="47.410729" lon="0.987987"><ele>58.8</ele></trkpt>
      <trkpt lat="47.410532" lon="0.987945"><ele>59.0</ele></trkpt>
      <trkpt lat="47.410281" lon="0.987845"><ele>59.0</ele></trkpt>
      <trkpt lat="47.410252" lon="0.987834"><ele>59.0</ele></trkpt>
      <trkpt lat="47.410230" lon="0.987733"><ele>59.0</ele></trkpt>
      <trkpt lat="47.410391" lon="0.986705"><ele>58.5</ele></trkpt>
      <trkpt lat="47.410413" lon="0.986527"><ele>58.8</ele></trkpt>
      <trkpt lat="47.410415" lon="0.986486"><ele>58.8</ele></trkpt>
      <trkpt lat="47.410420" lon="0.986380"><ele>59.0</ele></trkpt>
      <trkpt lat="47.410458" lon="0.985440"><ele>58.5</ele></trkpt>
      <trkpt lat="47.410489" lon="0.985425"><ele>58.5</ele></trkpt>
      <trkpt lat="47.410497" lon="0.985422"><ele>58.5</ele></trkpt>
      <trkpt lat="47.410497" lon="0.985398"><ele>58.5</ele></trkpt>
      <trkpt lat="47.410617" lon="0.985344"><ele>58.0</ele></trkpt>
      <trkpt lat="47.410777" lon="0.985261"><ele>58.0</ele></trkpt>
      <trkpt lat="47.410844" lon="0.985218"><ele>58.0</ele></trkpt>
      <trkpt lat="47.411111" lon="0.984989"><ele>58.0</ele></trkpt>
      <trkpt lat="47.411451" lon="0.984686"><ele>58.0</ele></trkpt>
      <trkpt lat="47.411677" lon="0.984496"><ele>58.0</ele></trkpt>
      <trkpt lat="47.411713" lon="0.984467"><ele>58.0</ele></trkpt>
      <trkpt lat="47.411738" lon="0.984446"><ele>58.0</ele></trkpt>
      <trkpt lat="47.411776" lon="0.984421"><ele>58.0</ele></trkpt>
      <trkpt lat="47.411777" lon="0.984406"><ele>57.8</ele></trkpt>
      <trkpt lat="47.411754" lon="0.984377"><ele>58.0</ele></trkpt>
      <trkpt lat="47.411733" lon="0.984350"><ele>58.0</ele></trkpt>
      <trkpt lat="47.411833" lon="0.984219"><ele>58.0</ele></trkpt>
      <trkpt lat="47.412218" lon="0.983661"><ele>59.0</ele></trkpt>
      <trkpt lat="47.412240" lon="0.983630"><ele>58.8</ele></trkpt>
      <trkpt lat="47.412405" lon="0.983239"><ele>58.2</ele></trkpt>
      <trkpt lat="47.412421" lon="0.983216"><ele>58.2</ele></trkpt>
      <trkpt lat="47.412441" lon="0.983188"><ele>58.0</ele></trkpt>
      <trkpt lat="47.412754" lon="0.982916"><ele>58.5</ele></trkpt>
      <trkpt lat="47.412788" lon="0.982873"><ele>58.5</ele></trkpt>
      <trkpt lat="47.412767" lon="0.982826"><ele>58.8</ele></trkpt>
      <trkpt lat="47.412858" lon="0.982741"><ele>59.0</ele></trkpt>
      <trkpt lat="47.412879" lon="0.982714"><ele>59.0</ele></trkpt>
      <trkpt lat="47.412952" lon="0.982619"><ele>59.2</ele></trkpt>
      <trkpt lat="47.412982" lon="0.982579"><ele>59.5</ele></trkpt>
      <trkpt lat="47.413007" lon="0.982513"><ele>59.8</ele></trkpt>
      <trkpt lat="47.413096" lon="0.982700"><ele>58.5</ele></trkpt>
      <trkpt lat="47.413173" lon="0.982919"><ele>58.0</ele></trkpt>
      <trkpt lat="47.413096" lon="0.982700"><ele>58.5</ele></trkpt>
      <trkpt lat="47.413007" lon="0.982513"><ele>59.8</ele></trkpt>
      <trkpt lat="47.412742" lon="0.981873"><ele>58.8</ele></trkpt>
      <trkpt lat="47.412694" lon="0.981785"><ele>58.5</ele></trkpt>
      <trkpt lat="47.412644" lon="0.981605"><ele>58.5</ele></trkpt>
      <trkpt lat="47.412613" lon="0.981431"><ele>58.8</ele></trkpt>
      <trkpt lat="47.412645" lon="0.981356"><ele>58.8</ele></trkpt>
      <trkpt lat="47.412638" lon="0.981259"><ele>58.0</ele></trkpt>
      <trkpt lat="47.412492" lon="0.980758"><ele>58.0</ele></trkpt>
      <trkpt lat="47.412486" lon="0.980737"><ele>58.0</ele></trkpt>
      <trkpt lat="47.412505" lon="0.980694"><ele>57.8</ele></trkpt>
      <trkpt lat="47.412521" lon="0.980619"><ele>57.8</ele></trkpt>
      <trkpt lat="47.412533" lon="0.980525"><ele>57.8</ele></trkpt>
      <trkpt lat="47.412537" lon="0.980415"><ele>58.5</ele></trkpt>
      <trkpt lat="47.412533" lon="0.979975"><ele>60.2</ele></trkpt>
      <trkpt lat="47.412500" lon="0.979736"><ele>60.8</ele></trkpt>
      <trkpt lat="47.412429" lon="0.979364"><ele>58.8</ele></trkpt>
      <trkpt lat="47.412424" lon="0.979257"><ele>59.0</ele></trkpt>
      <trkpt lat="47.412390" lon="0.979125"><ele>59.2</ele></trkpt>
      <trkpt lat="47.412538" lon="0.978996"><ele>58.2</ele></trkpt>
      <trkpt lat="47.412535" lon="0.978892"><ele>58.2</ele></trkpt>
      <trkpt lat="47.412320" lon="0.977932"><ele>57.2</ele></trkpt>
      <trkpt lat="47.412336" lon="0.977752"><ele>56.8</ele></trkpt>
      <trkpt lat="47.412212" lon="0.977257"><ele>56.2</ele></trkpt>
      <trkpt lat="47.412221" lon="0.977152"><ele>55.8</ele></trkpt>
      <trkpt lat="47.412245" lon="0.977093"><ele>55.2</ele></trkpt>
      <trkpt lat="47.412026" lon="0.976710"><ele>57.2</ele></trkpt>
      <trkpt lat="47.411997" lon="0.976608"><ele>57.5</ele></trkpt>
      <trkpt lat="47.411910" lon="0.976421"><ele>58.2</ele></trkpt>
      <trkpt lat="47.411619" lon="0.975635"><ele>57.5</ele></trkpt>
      <trkpt lat="47.411066" lon="0.973899"><ele>58.2</ele></trkpt>
      <trkpt lat="47.410981" lon="0.973594"><ele>56.5</ele></trkpt>
      <trkpt lat="47.410910" lon="0.973435"><ele>57.5</ele></trkpt>
      <trkpt lat="47.410780" lon="0.973264"><ele>57.2</ele></trkpt>
      <trkpt lat="47.410488" lon="0.972817"><ele>55.5</ele></trkpt>
      <trkpt lat="47.410129" lon="0.972306"><ele>54.0</ele></trkpt>
      <trkpt lat="47.409975" lon="0.972121"><ele>54.5</ele></trkpt>
      <trkpt lat="47.409891" lon="0.972004"><ele>54.5</ele></trkpt>
      <trkpt lat="47.409832" lon="0.971889"><ele>54.5</ele></trkpt>
      <trkpt lat="47.409586" lon="0.971493"><ele>55.0</ele></trkpt>
      <trkpt lat="47.409498" lon="0.971279"><ele>55.0</ele></trkpt>
      <trkpt lat="47.409133" lon="0.970517"><ele>55.8</ele></trkpt>
      <trkpt lat="47.409055" lon="0.970297"><ele>55.0</ele></trkpt>
      <trkpt lat="47.408865" lon="0.970005"><ele>57.0</ele></trkpt>
      <trkpt lat="47.408793" lon="0.969871"><ele>55.5</ele></trkpt>
      <trkpt lat="47.408713" lon="0.969668"><ele>55.5</ele></trkpt>
      <trkpt lat="47.408549" lon="0.968818"><ele>54.0</ele></trkpt>
      <trkpt lat="47.408332" lon="0.967945"><ele>55.5</ele></trkpt>
      <trkpt lat="47.408093" lon="0.967115"><ele>55.2</ele></trkpt>
      <trkpt lat="47.408005" lon="0.966764"><ele>55.2</ele></trkpt>
      <trkpt lat="47.407334" lon="0.967174"><ele>58.0</ele></trkpt>
      <trkpt lat="47.407264" lon="0.967217"><ele>58.5</ele></trkpt>
      <trkpt lat="47.407078" lon="0.966654"><ele>58.2</ele></trkpt>
      <trkpt lat="47.406814" lon="0.966813"><ele>59.0</ele></trkpt>
      <trkpt lat="47.406531" lon="0.966901"><ele>60.2</ele></trkpt>
      <trkpt lat="47.406410" lon="0.966926"><ele>60.8</ele></trkpt>
      <trkpt lat="47.406276" lon="0.966932"><ele>61.8</ele></trkpt>
      <trkpt lat="47.406147" lon="0.966913"><ele>62.5</ele></trkpt>
      <trkpt lat="47.405970" lon="0.966802"><ele>64.2</ele></trkpt>
      <trkpt lat="47.405587" lon="0.966436"><ele>68.5</ele></trkpt>
      <trkpt lat="47.405494" lon="0.966362"><ele>69.2</ele></trkpt>
      <trkpt lat="47.405187" lon="0.966183"><ele>72.0</ele></trkpt>
      <trkpt lat="47.405015" lon="0.966094"><ele>73.8</ele></trkpt>
      <trkpt lat="47.404272" lon="0.965823"><ele>77.5</ele></trkpt>
      <trkpt lat="47.404070" lon="0.965748"><ele>78.5</ele></trkpt>
      <trkpt lat="47.403932" lon="0.965683"><ele>78.8</ele></trkpt>
      <trkpt lat="47.403803" lon="0.965578"><ele>79.2</ele></trkpt>
      <trkpt lat="47.403500" lon="0.965165"><ele>81.5</ele></trkpt>
      <trkpt lat="47.403248" lon="0.964807"><ele>83.0</ele></trkpt>
      <trkpt lat="47.403157" lon="0.964705"><ele>83.5</ele></trkpt>
      <trkpt lat="47.403044" lon="0.964644"><ele>84.0</ele></trkpt>
      <trkpt lat="47.402909" lon="0.964614"><ele>84.0</ele></trkpt>
      <trkpt lat="47.402522" lon="0.964668"><ele>84.8</ele></trkpt>
      <trkpt lat="47.402425" lon="0.964678"><ele>85.0</ele></trkpt>
      <trkpt lat="47.402302" lon="0.964646"><ele>85.0</ele></trkpt>
      <trkpt lat="47.401675" lon="0.964351"><ele>86.2</ele></trkpt>
      <trkpt lat="47.401111" lon="0.964335"><ele>86.2</ele></trkpt>
      <trkpt lat="47.400994" lon="0.964303"><ele>86.5</ele></trkpt>
      <trkpt lat="47.400864" lon="0.964211"><ele>86.8</ele></trkpt>
      <trkpt lat="47.400711" lon="0.963999"><ele>87.0</ele></trkpt>
      <trkpt lat="47.400643" lon="0.963915"><ele>87.0</ele></trkpt>
      <trkpt lat="47.400506" lon="0.963741"><ele>87.5</ele></trkpt>
      <trkpt lat="47.400418" lon="0.963651"><ele>87.8</ele></trkpt>
      <trkpt lat="47.400338" lon="0.963592"><ele>88.0</ele></trkpt>
      <trkpt lat="47.400262" lon="0.963549"><ele>88.0</ele></trkpt>
      <trkpt lat="47.400164" lon="0.963507"><ele>88.2</ele></trkpt>
      <trkpt lat="47.399965" lon="0.963443"><ele>89.0</ele></trkpt>
      <trkpt lat="47.399146" lon="0.963178"><ele>90.0</ele></trkpt>
      <trkpt lat="47.399096" lon="0.963171"><ele>90.0</ele></trkpt>
      <trkpt lat="47.399047" lon="0.963174"><ele>90.0</ele></trkpt>
      <trkpt lat="47.398988" lon="0.963158"><ele>90.0</ele></trkpt>
      <trkpt lat="47.398860" lon="0.963120"><ele>90.0</ele></trkpt>
      <trkpt lat="47.398711" lon="0.963053"><ele>90.0</ele></trkpt>
      <trkpt lat="47.398074" lon="0.962665"><ele>91.8</ele></trkpt>
      <trkpt lat="47.397722" lon="0.962525"><ele>93.0</ele></trkpt>
      <trkpt lat="47.397313" lon="0.962454"><ele>94.5</ele></trkpt>
      <trkpt lat="47.396980" lon="0.962375"><ele>96.2</ele></trkpt>
      <trkpt lat="47.396678" lon="0.962277"><ele>97.0</ele></trkpt>
      <trkpt lat="47.396521" lon="0.962197"><ele>98.0</ele></trkpt>
      <trkpt lat="47.396365" lon="0.962068"><ele>99.0</ele></trkpt>
      <trkpt lat="47.396262" lon="0.961959"><ele>99.2</ele></trkpt>
      <trkpt lat="47.396147" lon="0.961862"><ele>100.0</ele></trkpt>
      <trkpt lat="47.396057" lon="0.961799"><ele>100.5</ele></trkpt>
      <trkpt lat="47.395806" lon="0.961712"><ele>101.0</ele></trkpt>
      <trkpt lat="47.395350" lon="0.961586"><ele>103.0</ele></trkpt>
      <trkpt lat="47.395298" lon="0.961686"><ele>102.8</ele></trkpt>
      <trkpt lat="47.395247" lon="0.961822"><ele>103.5</ele></trkpt>
      <trkpt lat="47.395006" lon="0.962546"><ele>107.0</ele></trkpt>
      <trkpt lat="47.394687" lon="0.963283"><ele>109.0</ele></trkpt>
      <trkpt lat="47.394645" lon="0.963361"><ele>109.2</ele></trkpt>
      <trkpt lat="47.394622" lon="0.963388"><ele>109.2</ele></trkpt>
      <trkpt lat="47.394594" lon="0.963406"><ele>109.5</ele></trkpt>
      <trkpt lat="47.394492" lon="0.963431"><ele>109.8</ele></trkpt>
      <trkpt lat="47.394012" lon="0.963415"><ele>110.0</ele></trkpt>
      <trkpt lat="47.391432" lon="0.963451"><ele>114.8</ele></trkpt>
      <trkpt lat="47.388357" lon="0.963511"><ele>115.2</ele></trkpt>
      <trkpt lat="47.384253" lon="0.963552"><ele>110.0</ele></trkpt>
      <trkpt lat="47.382838" lon="0.963570"><ele>109.0</ele></trkpt>
      <trkpt lat="47.382727" lon="0.963571"><ele>108.8</ele></trkpt>
      <trkpt lat="47.380359" lon="0.963600"><ele>104.8</ele></trkpt>
      <trkpt lat="47.379657" lon="0.963609"><ele>104.0</ele></trkpt>
      <trkpt lat="47.379624" lon="0.962334"><ele>102.5</ele></trkpt>
      <trkpt lat="47.379605" lon="0.961431"><ele>101.0</ele></trkpt>
      <trkpt lat="47.379598" lon="0.961307"><ele>101.0</ele></trkpt>
      <trkpt lat="47.379581" lon="0.961202"><ele>101.2</ele></trkpt>
      <trkpt lat="47.379556" lon="0.961146"><ele>101.5</ele></trkpt>
      <trkpt lat="47.379618" lon="0.961044"><ele>101.5</ele></trkpt>
      <trkpt lat="47.379633" lon="0.960962"><ele>101.5</ele></trkpt>
      <trkpt lat="47.379523" lon="0.954697"><ele>105.8</ele></trkpt>
      <trkpt lat="47.379520" lon="0.954507"><ele>105.2</ele></trkpt>
      <trkpt lat="47.379427" lon="0.950940"><ele>105.5</ele></trkpt>
      <trkpt lat="47.379378" lon="0.948327"><ele>105.0</ele></trkpt>
      <trkpt lat="47.379304" lon="0.945633"><ele>98.5</ele></trkpt>
      <trkpt lat="47.379259" lon="0.944254"><ele>101.8</ele></trkpt>
      <trkpt lat="47.379257" lon="0.943444"><ele>102.8</ele></trkpt>
      <trkpt lat="47.379230" lon="0.942642"><ele>101.5</ele></trkpt>
      <trkpt lat="47.379203" lon="0.941521"><ele>100.0</ele></trkpt>
      <trkpt lat="47.379194" lon="0.941394"><ele>100.0</ele></trkpt>
      <trkpt lat="47.379199" lon="0.941320"><ele>100.2</ele></trkpt>
      <trkpt lat="47.379218" lon="0.941251"><ele>100.5</ele></trkpt>
      <trkpt lat="47.379149" lon="0.941086"><ele>101.0</ele></trkpt>
      <trkpt lat="47.379173" lon="0.941021"><ele>101.0</ele></trkpt>
      <trkpt lat="47.379198" lon="0.940974"><ele>101.0</ele></trkpt>
      <trkpt lat="47.379216" lon="0.940909"><ele>101.0</ele></trkpt>
      <trkpt lat="47.379124" lon="0.936391"><ele>103.0</ele></trkpt>
      <trkpt lat="47.378935" lon="0.928180"><ele>105.0</ele></trkpt>
      <trkpt lat="47.378899" lon="0.926355"><ele>104.8</ele></trkpt>
      <trkpt lat="47.378868" lon="0.923313"><ele>105.0</ele></trkpt>
      <trkpt lat="47.378815" lon="0.921307"><ele>104.0</ele></trkpt>
      <trkpt lat="47.378768" lon="0.918753"><ele>103.2</ele></trkpt>
      <trkpt lat="47.378663" lon="0.916108"><ele>100.8</ele></trkpt>
      <trkpt lat="47.378664" lon="0.915230"><ele>100.8</ele></trkpt>
      <trkpt lat="47.378625" lon="0.913477"><ele>100.8</ele></trkpt>
      <trkpt lat="47.378584" lon="0.911465"><ele>103.0</ele></trkpt>
      <trkpt lat="47.378572" lon="0.911331"><ele>103.0</ele></trkpt>
      <trkpt lat="47.378563" lon="0.910681"><ele>102.8</ele></trkpt>
      <trkpt lat="47.378568" lon="0.910405"><ele>102.2</ele></trkpt>
      <trkpt lat="47.378564" lon="0.910105"><ele>102.0</ele></trkpt>
      <trkpt lat="47.378560" lon="0.909888"><ele>102.0</ele></trkpt>
      <trkpt lat="47.378547" lon="0.909684"><ele>102.0</ele></trkpt>
      <trkpt lat="47.378529" lon="0.909203"><ele>101.2</ele></trkpt>
      <trkpt lat="47.378496" lon="0.908624"><ele>101.0</ele></trkpt>
      <trkpt lat="47.378461" lon="0.906860"><ele>99.5</ele></trkpt>
      <trkpt lat="47.378442" lon="0.905132"><ele>99.0</ele></trkpt>
      <trkpt lat="47.378417" lon="0.904656"><ele>98.8</ele></trkpt>
      <trkpt lat="47.378347" lon="0.901117"><ele>97.0</ele></trkpt>
      <trkpt lat="47.378340" lon="0.900321"><ele>96.0</ele></trkpt>
      <trkpt lat="47.378319" lon="0.899885"><ele>96.0</ele></trkpt>
      <trkpt lat="47.378281" lon="0.899451"><ele>96.0</ele></trkpt>
      <trkpt lat="47.378291" lon="0.899410"><ele>96.0</ele></trkpt>
      <trkpt lat="47.378198" lon="0.899339"><ele>96.0</ele></trkpt>
      <trkpt lat="47.378095" lon="0.899242"><ele>96.0</ele></trkpt>
      <trkpt lat="47.377661" lon="0.898735"><ele>95.2</ele></trkpt>
      <trkpt lat="47.377621" lon="0.898708"><ele>95.0</ele></trkpt>
      <trkpt lat="47.377616" lon="0.898540"><ele>95.0</ele></trkpt>
      <trkpt lat="47.377603" lon="0.898363"><ele>95.0</ele></trkpt>
      <trkpt lat="47.377605" lon="0.898248"><ele>95.0</ele></trkpt>
      <trkpt lat="47.377625" lon="0.898102"><ele>95.0</ele></trkpt>
      <trkpt lat="47.377663" lon="0.897983"><ele>95.0</ele></trkpt>
      <trkpt lat="47.377710" lon="0.897877"><ele>95.0</ele></trkpt>
      <trkpt lat="47.377750" lon="0.897808"><ele>95.0</ele></trkpt>
      <trkpt lat="47.377792" lon="0.897753"><ele>95.0</ele></trkpt>
      <trkpt lat="47.377902" lon="0.897637"><ele>95.0</ele></trkpt>
      <trkpt lat="47.379588" lon="0.896124"><ele>94.0</ele></trkpt>
      <trkpt lat="47.379799" lon="0.895944"><ele>93.2</ele></trkpt>
      <trkpt lat="47.379960" lon="0.895845"><ele>93.0</ele></trkpt>
      <trkpt lat="47.380150" lon="0.895753"><ele>92.8</ele></trkpt>
      <trkpt lat="47.381883" lon="0.895043"><ele>86.0</ele></trkpt>
      <trkpt lat="47.381987" lon="0.894998"><ele>85.5</ele></trkpt>
      <trkpt lat="47.382063" lon="0.894939"><ele>85.0</ele></trkpt>
      <trkpt lat="47.382124" lon="0.894844"><ele>84.5</ele></trkpt>
      <trkpt lat="47.382165" lon="0.894739"><ele>84.2</ele></trkpt>
      <trkpt lat="47.382193" lon="0.894612"><ele>84.0</ele></trkpt>
      <trkpt lat="47.382203" lon="0.894454"><ele>84.0</ele></trkpt>
      <trkpt lat="47.382216" lon="0.893704"><ele>83.2</ele></trkpt>
      <trkpt lat="47.382238" lon="0.893175"><ele>82.8</ele></trkpt>
      <trkpt lat="47.382257" lon="0.893058"><ele>82.8</ele></trkpt>
      <trkpt lat="47.382314" lon="0.892886"><ele>82.5</ele></trkpt>
      <trkpt lat="47.382356" lon="0.892814"><ele>82.5</ele></trkpt>
      <trkpt lat="47.382393" lon="0.892775"><ele>82.2</ele></trkpt>
      <trkpt lat="47.382473" lon="0.892713"><ele>82.2</ele></trkpt>
      <trkpt lat="47.382910" lon="0.892481"><ele>83.2</ele></trkpt>
      <trkpt lat="47.383368" lon="0.892267"><ele>85.0</ele></trkpt>
      <trkpt lat="47.383797" lon="0.892122"><ele>87.5</ele></trkpt>
      <trkpt lat="47.383932" lon="0.892090"><ele>88.0</ele></trkpt>
      <trkpt lat="47.383963" lon="0.892044"><ele>88.2</ele></trkpt>
      <trkpt lat="47.383971" lon="0.891989"><ele>88.2</ele></trkpt>
      <trkpt lat="47.383239" lon="0.888518"><ele>90.0</ele></trkpt>
      <trkpt lat="47.382541" lon="0.885210"><ele>89.0</ele></trkpt>
      <trkpt lat="47.383486" lon="0.885435"><ele>89.0</ele></trkpt>
      <trkpt lat="47.383801" lon="0.885455"><ele>89.0</ele></trkpt>
      <trkpt lat="47.385007" lon="0.885351"><ele>88.0</ele></trkpt>
      <trkpt lat="47.385292" lon="0.885317"><ele>88.0</ele></trkpt>
      <trkpt lat="47.385776" lon="0.885128"><ele>87.0</ele></trkpt>
      <trkpt lat="47.385192" lon="0.882392"><ele>85.0</ele></trkpt>
      <trkpt lat="47.384993" lon="0.881463"><ele>84.0</ele></trkpt>
      <trkpt lat="47.384960" lon="0.881206"><ele>84.5</ele></trkpt>
      <trkpt lat="47.384916" lon="0.880981"><ele>85.0</ele></trkpt>
      <trkpt lat="47.384874" lon="0.880809"><ele>85.0</ele></trkpt>
      <trkpt lat="47.384820" lon="0.880647"><ele>85.0</ele></trkpt>
      <trkpt lat="47.384759" lon="0.880435"><ele>85.0</ele></trkpt>
      <trkpt lat="47.384630" lon="0.879850"><ele>84.2</ele></trkpt>
      <trkpt lat="47.384599" lon="0.879759"><ele>84.2</ele></trkpt>
      <trkpt lat="47.384520" lon="0.879586"><ele>84.2</ele></trkpt>
      <trkpt lat="47.384484" lon="0.879494"><ele>84.0</ele></trkpt>
      <trkpt lat="47.384405" lon="0.879185"><ele>84.0</ele></trkpt>
      <trkpt lat="47.384351" lon="0.878852"><ele>83.8</ele></trkpt>
      <trkpt lat="47.384232" lon="0.878024"><ele>82.8</ele></trkpt>
      <trkpt lat="47.384047" lon="0.877247"><ele>82.0</ele></trkpt>
      <trkpt lat="47.383978" lon="0.876761"><ele>82.2</ele></trkpt>
      <trkpt lat="47.383817" lon="0.876038"><ele>82.5</ele></trkpt>
      <trkpt lat="47.383671" lon="0.875369"><ele>83.0</ele></trkpt>
      <trkpt lat="47.383516" lon="0.874673"><ele>81.5</ele></trkpt>
      <trkpt lat="47.383197" lon="0.873077"><ele>78.5</ele></trkpt>
      <trkpt lat="47.383166" lon="0.872913"><ele>78.0</ele></trkpt>
      <trkpt lat="47.383095" lon="0.872358"><ele>76.5</ele></trkpt>
      <trkpt lat="47.383017" lon="0.871955"><ele>74.8</ele></trkpt>
      <trkpt lat="47.382960" lon="0.871763"><ele>74.0</ele></trkpt>
      <trkpt lat="47.382861" lon="0.871557"><ele>72.8</ele></trkpt>
      <trkpt lat="47.383440" lon="0.871333"><ele>73.8</ele></trkpt>
      <trkpt lat="47.384260" lon="0.871094"><ele>72.8</ele></trkpt>
      <trkpt lat="47.385602" lon="0.870832"><ele>71.2</ele></trkpt>
      <trkpt lat="47.385573" lon="0.870539"><ele>70.0</ele></trkpt>
      <trkpt lat="47.385558" lon="0.870280"><ele>70.0</ele></trkpt>
      <trkpt lat="47.385549" lon="0.869969"><ele>68.8</ele></trkpt>
      <trkpt lat="47.385564" lon="0.868952"><ele>66.0</ele></trkpt>
      <trkpt lat="47.385552" lon="0.867491"><ele>61.8</ele></trkpt>
      <trkpt lat="47.385527" lon="0.866020"><ele>62.8</ele></trkpt>
      <trkpt lat="47.385497" lon="0.864906"><ele>65.2</ele></trkpt>
      <trkpt lat="47.385241" lon="0.864868"><ele>65.2</ele></trkpt>
      <trkpt lat="47.385229" lon="0.864846"><ele>65.5</ele></trkpt>
      <trkpt lat="47.385226" lon="0.864824"><ele>65.5</ele></trkpt>
      <trkpt lat="47.385224" lon="0.864715"><ele>66.0</ele></trkpt>
      <trkpt lat="47.385216" lon="0.864641"><ele>66.2</ele></trkpt>
      <trkpt lat="47.385250" lon="0.864624"><ele>66.2</ele></trkpt>
      <trkpt lat="47.385319" lon="0.864571"><ele>66.5</ele></trkpt>
      <trkpt lat="47.385348" lon="0.864536"><ele>66.5</ele></trkpt>
      <trkpt lat="47.385407" lon="0.864422"><ele>67.0</ele></trkpt>
      <trkpt lat="47.385455" lon="0.864264"><ele>67.0</ele></trkpt>
      <trkpt lat="47.385509" lon="0.863893"><ele>67.0</ele></trkpt>
      <trkpt lat="47.385541" lon="0.863632"><ele>67.0</ele></trkpt>
      <trkpt lat="47.385665" lon="0.862834"><ele>69.2</ele></trkpt>
      <trkpt lat="47.385677" lon="0.862689"><ele>69.5</ele></trkpt>
      <trkpt lat="47.385680" lon="0.862528"><ele>69.8</ele></trkpt>
      <trkpt lat="47.385672" lon="0.862382"><ele>70.2</ele></trkpt>
      <trkpt lat="47.385652" lon="0.862253"><ele>70.8</ele></trkpt>
      <trkpt lat="47.385456" lon="0.861084"><ele>73.5</ele></trkpt>
      <trkpt lat="47.385380" lon="0.860685"><ele>74.5</ele></trkpt>
      <trkpt lat="47.385351" lon="0.860580"><ele>74.8</ele></trkpt>
      <trkpt lat="47.385311" lon="0.860469"><ele>75.2</ele></trkpt>
      <trkpt lat="47.383889" lon="0.857112"><ele>72.5</ele></trkpt>
      <trkpt lat="47.383864" lon="0.857031"><ele>72.2</ele></trkpt>
      <trkpt lat="47.383849" lon="0.856948"><ele>72.0</ele></trkpt>
      <trkpt lat="47.383723" lon="0.856017"><ele>69.2</ele></trkpt>
      <trkpt lat="47.383752" lon="0.855988"><ele>69.2</ele></trkpt>
      <trkpt lat="47.383823" lon="0.855921"><ele>69.0</ele></trkpt>
      <trkpt lat="47.384482" lon="0.855145"><ele>70.5</ele></trkpt>
      <trkpt lat="47.384923" lon="0.854575"><ele>73.2</ele></trkpt>
      <trkpt lat="47.385199" lon="0.854182"><ele>76.2</ele></trkpt>
      <trkpt lat="47.385267" lon="0.854057"><ele>77.2</ele></trkpt>
      <trkpt lat="47.385644" lon="0.853170"><ele>82.0</ele></trkpt>
      <trkpt lat="47.385838" lon="0.852732"><ele>85.0</ele></trkpt>
      <trkpt lat="47.386077" lon="0.852294"><ele>86.5</ele></trkpt>
      <trkpt lat="47.386439" lon="0.851673"><ele>88.0</ele></trkpt>
      <trkpt lat="47.386502" lon="0.851581"><ele>88.0</ele></trkpt>
      <trkpt lat="47.386701" lon="0.851353"><ele>88.0</ele></trkpt>
      <trkpt lat="47.386964" lon="0.851084"><ele>88.0</ele></trkpt>
      <trkpt lat="47.387224" lon="0.850851"><ele>88.0</ele></trkpt>
      <trkpt lat="47.387755" lon="0.850500"><ele>88.0</ele></trkpt>
      <trkpt lat="47.387820" lon="0.850420"><ele>88.0</ele></trkpt>
      <trkpt lat="47.388118" lon="0.850446"><ele>87.8</ele></trkpt>
      <trkpt lat="47.388301" lon="0.850450"><ele>87.2</ele></trkpt>
      <trkpt lat="47.388327" lon="0.850448"><ele>87.2</ele></trkpt>
      <trkpt lat="47.388367" lon="0.850445"><ele>87.2</ele></trkpt>
      <trkpt lat="47.389552" lon="0.850410"><ele>86.2</ele></trkpt>
      <trkpt lat="47.389711" lon="0.850364"><ele>86.0</ele></trkpt>
      <trkpt lat="47.389827" lon="0.850319"><ele>85.5</ele></trkpt>
      <trkpt lat="47.389958" lon="0.850264"><ele>85.0</ele></trkpt>
      <trkpt lat="47.390050" lon="0.850206"><ele>85.0</ele></trkpt>
      <trkpt lat="47.390159" lon="0.850075"><ele>85.0</ele></trkpt>
      <trkpt lat="47.390235" lon="0.849958"><ele>85.0</ele></trkpt>
      <trkpt lat="47.390300" lon="0.849830"><ele>84.5</ele></trkpt>
      <trkpt lat="47.390342" lon="0.849700"><ele>83.0</ele></trkpt>
      <trkpt lat="47.390358" lon="0.849566"><ele>83.0</ele></trkpt>
      <trkpt lat="47.390362" lon="0.849482"><ele>83.2</ele></trkpt>
      <trkpt lat="47.390357" lon="0.849360"><ele>83.8</ele></trkpt>
      <trkpt lat="47.390274" lon="0.848392"><ele>85.0</ele></trkpt>
      <trkpt lat="47.390217" lon="0.847513"><ele>84.2</ele></trkpt>
      <trkpt lat="47.390191" lon="0.846559"><ele>83.5</ele></trkpt>
      <trkpt lat="47.390186" lon="0.845983"><ele>83.0</ele></trkpt>
      <trkpt lat="47.390178" lon="0.845877"><ele>83.0</ele></trkpt>
      <trkpt lat="47.390137" lon="0.845645"><ele>83.0</ele></trkpt>
      <trkpt lat="47.390061" lon="0.845344"><ele>83.0</ele></trkpt>
      <trkpt lat="47.390014" lon="0.845063"><ele>83.5</ele></trkpt>
      <trkpt lat="47.389905" lon="0.844649"><ele>83.8</ele></trkpt>
      <trkpt lat="47.389816" lon="0.844361"><ele>83.5</ele></trkpt>
      <trkpt lat="47.389766" lon="0.844113"><ele>83.5</ele></trkpt>
      <trkpt lat="47.389724" lon="0.843827"><ele>82.8</ele></trkpt>
      <trkpt lat="47.389701" lon="0.843607"><ele>83.0</ele></trkpt>
      <trkpt lat="47.389683" lon="0.843243"><ele>83.0</ele></trkpt>
      <trkpt lat="47.389668" lon="0.842916"><ele>82.2</ele></trkpt>
      <trkpt lat="47.389645" lon="0.842670"><ele>81.5</ele></trkpt>
      <trkpt lat="47.389628" lon="0.842590"><ele>81.5</ele></trkpt>
      <trkpt lat="47.389613" lon="0.842550"><ele>81.5</ele></trkpt>
      <trkpt lat="47.389592" lon="0.842507"><ele>81.2</ele></trkpt>
      <trkpt lat="47.389585" lon="0.842416"><ele>81.0</ele></trkpt>
      <trkpt lat="47.389592" lon="0.842324"><ele>80.8</ele></trkpt>
      <trkpt lat="47.389602" lon="0.842232"><ele>80.2</ele></trkpt>
      <trkpt lat="47.389620" lon="0.842145"><ele>80.0</ele></trkpt>
      <trkpt lat="47.389632" lon="0.842096"><ele>80.0</ele></trkpt>
      <trkpt lat="47.389657" lon="0.842038"><ele>79.5</ele></trkpt>
      <trkpt lat="47.389744" lon="0.841865"><ele>79.0</ele></trkpt>
      <trkpt lat="47.389821" lon="0.841724"><ele>79.0</ele></trkpt>
      <trkpt lat="47.389816" lon="0.841678"><ele>79.2</ele></trkpt>
      <trkpt lat="47.389820" lon="0.841599"><ele>79.0</ele></trkpt>
      <trkpt lat="47.389869" lon="0.841257"><ele>78.8</ele></trkpt>
      <trkpt lat="47.389913" lon="0.840892"><ele>78.8</ele></trkpt>
      <trkpt lat="47.389919" lon="0.840604"><ele>76.8</ele></trkpt>
      <trkpt lat="47.389913" lon="0.840536"><ele>76.5</ele></trkpt>
      <trkpt lat="47.389881" lon="0.840386"><ele>76.8</ele></trkpt>
      <trkpt lat="47.389877" lon="0.840343"><ele>76.8</ele></trkpt>
      <trkpt lat="47.389878" lon="0.840296"><ele>76.5</ele></trkpt>
      <trkpt lat="47.389898" lon="0.840175"><ele>77.0</ele></trkpt>
      <trkpt lat="47.390153" lon="0.839329"><ele>80.2</ele></trkpt>
      <trkpt lat="47.390239" lon="0.838967"><ele>81.0</ele></trkpt>
      <trkpt lat="47.390241" lon="0.838934"><ele>81.0</ele></trkpt>
      <trkpt lat="47.390232" lon="0.838909"><ele>81.0</ele></trkpt>
      <trkpt lat="47.390209" lon="0.838896"><ele>81.0</ele></trkpt>
      <trkpt lat="47.389958" lon="0.838859"><ele>81.0</ele></trkpt>
      <trkpt lat="47.389504" lon="0.838821"><ele>81.8</ele></trkpt>
      <trkpt lat="47.389133" lon="0.838800"><ele>82.0</ele></trkpt>
      <trkpt lat="47.389114" lon="0.838798"><ele>82.0</ele></trkpt>
      <trkpt lat="47.389082" lon="0.838795"><ele>82.0</ele></trkpt>
      <trkpt lat="47.389077" lon="0.838533"><ele>82.0</ele></trkpt>
      <trkpt lat="47.389032" lon="0.837837"><ele>82.8</ele></trkpt>
      <trkpt lat="47.389003" lon="0.837410"><ele>83.0</ele></trkpt>
      <trkpt lat="47.388994" lon="0.837209"><ele>83.0</ele></trkpt>
      <trkpt lat="47.388993" lon="0.837033"><ele>83.0</ele></trkpt>
      <trkpt lat="47.389012" lon="0.836706"><ele>83.0</ele></trkpt>
      <trkpt lat="47.389043" lon="0.836450"><ele>82.5</ele></trkpt>
      <trkpt lat="47.389115" lon="0.835983"><ele>82.0</ele></trkpt>
      <trkpt lat="47.389232" lon="0.835159"><ele>81.8</ele></trkpt>
      <trkpt lat="47.389259" lon="0.834862"><ele>81.2</ele></trkpt>
      <trkpt lat="47.389267" lon="0.834694"><ele>81.0</ele></trkpt>
      <trkpt lat="47.389274" lon="0.834475"><ele>81.0</ele></trkpt>
      <trkpt lat="47.389274" lon="0.834201"><ele>81.0</ele></trkpt>
      <trkpt lat="47.389266" lon="0.833542"><ele>81.0</ele></trkpt>
      <trkpt lat="47.389248" lon="0.832532"><ele>81.0</ele></trkpt>
      <trkpt lat="47.389244" lon="0.832419"><ele>81.0</ele></trkpt>
      <trkpt lat="47.389245" lon="0.832050"><ele>80.2</ele></trkpt>
      <trkpt lat="47.389246" lon="0.831634"><ele>80.0</ele></trkpt>
      <trkpt lat="47.389238" lon="0.831211"><ele>79.8</ele></trkpt>
      <trkpt lat="47.389225" lon="0.830747"><ele>79.2</ele></trkpt>
      <trkpt lat="47.389249" lon="0.830012"><ele>78.0</ele></trkpt>
      <trkpt lat="47.389252" lon="0.829519"><ele>77.2</ele></trkpt>
      <trkpt lat="47.389247" lon="0.829098"><ele>76.2</ele></trkpt>
      <trkpt lat="47.389251" lon="0.828742"><ele>75.5</ele></trkpt>
      <trkpt lat="47.389255" lon="0.828633"><ele>75.0</ele></trkpt>
      <trkpt lat="47.389269" lon="0.828348"><ele>73.8</ele></trkpt>
      <trkpt lat="47.389271" lon="0.828304"><ele>73.8</ele></trkpt>
      <trkpt lat="47.389273" lon="0.828235"><ele>73.8</ele></trkpt>
      <trkpt lat="47.389271" lon="0.828141"><ele>73.5</ele></trkpt>
      <trkpt lat="47.389193" lon="0.827753"><ele>72.8</ele></trkpt>
      <trkpt lat="47.389159" lon="0.827620"><ele>73.0</ele></trkpt>
      <trkpt lat="47.389128" lon="0.827531"><ele>73.0</ele></trkpt>
      <trkpt lat="47.389081" lon="0.827444"><ele>73.0</ele></trkpt>
      <trkpt lat="47.388932" lon="0.827289"><ele>73.0</ele></trkpt>
      <trkpt lat="47.388983" lon="0.826978"><ele>71.2</ele></trkpt>
      <trkpt lat="47.389026" lon="0.826665"><ele>69.5</ele></trkpt>
      <trkpt lat="47.389100" lon="0.826139"><ele>66.5</ele></trkpt>
      <trkpt lat="47.389197" lon="0.825209"><ele>60.2</ele></trkpt>
      <trkpt lat="47.389231" lon="0.824965"><ele>59.0</ele></trkpt>
      <trkpt lat="47.389248" lon="0.824875"><ele>58.2</ele></trkpt>
      <trkpt lat="47.389301" lon="0.824663"><ele>57.2</ele></trkpt>
      <trkpt lat="47.389345" lon="0.824540"><ele>58.0</ele></trkpt>
      <trkpt lat="47.389408" lon="0.824406"><ele>57.8</ele></trkpt>
      <trkpt lat="47.389434" lon="0.824374"><ele>57.2</ele></trkpt>
      <trkpt lat="47.389446" lon="0.824324"><ele>56.5</ele></trkpt>
      <trkpt lat="47.389527" lon="0.824099"><ele>54.0</ele></trkpt>
      <trkpt lat="47.389569" lon="0.823955"><ele>53.5</ele></trkpt>
      <trkpt lat="47.389653" lon="0.823597"><ele>52.8</ele></trkpt>
      <trkpt lat="47.389738" lon="0.823075"><ele>51.8</ele></trkpt>
      <trkpt lat="47.389828" lon="0.822305"><ele>52.0</ele></trkpt>
      <trkpt lat="47.389842" lon="0.822126"><ele>51.8</ele></trkpt>
      <trkpt lat="47.389837" lon="0.822034"><ele>51.5</ele></trkpt>
      <trkpt lat="47.389824" lon="0.821960"><ele>51.2</ele></trkpt>
      <trkpt lat="47.389868" lon="0.821913"><ele>51.5</ele></trkpt>
      <trkpt lat="47.390072" lon="0.821376"><ele>51.5</ele></trkpt>
      <trkpt lat="47.390231" lon="0.820958"><ele>51.5</ele></trkpt>
      <trkpt lat="47.390290" lon="0.820802"><ele>52.0</ele></trkpt>
      <trkpt lat="47.390334" lon="0.820648"><ele>52.5</ele></trkpt>
      <trkpt lat="47.390361" lon="0.820507"><ele>53.0</ele></trkpt>
      <trkpt lat="47.390376" lon="0.820375"><ele>53.0</ele></trkpt>
      <trkpt lat="47.390384" lon="0.820239"><ele>53.0</ele></trkpt>
      <trkpt lat="47.390370" lon="0.819991"><ele>52.8</ele></trkpt>
      <trkpt lat="47.390307" lon="0.819505"><ele>52.0</ele></trkpt>
      <trkpt lat="47.390266" lon="0.819285"><ele>51.2</ele></trkpt>
      <trkpt lat="47.390197" lon="0.818944"><ele>51.0</ele></trkpt>
      <trkpt lat="47.389842" lon="0.817403"><ele>52.0</ele></trkpt>
      <trkpt lat="47.389828" lon="0.817345"><ele>52.0</ele></trkpt>
      <trkpt lat="47.390077" lon="0.817234"><ele>52.2</ele></trkpt>
      <trkpt lat="47.390227" lon="0.817188"><ele>52.8</ele></trkpt>
      <trkpt lat="47.390310" lon="0.817175"><ele>53.0</ele></trkpt>
      <trkpt lat="47.390393" lon="0.817178"><ele>53.2</ele></trkpt>
      <trkpt lat="47.390461" lon="0.817192"><ele>53.2</ele></trkpt>
      <trkpt lat="47.390594" lon="0.817240"><ele>53.5</ele></trkpt>
      <trkpt lat="47.390740" lon="0.817332"><ele>55.0</ele></trkpt>
      <trkpt lat="47.391085" lon="0.817548"><ele>54.0</ele></trkpt>
      <trkpt lat="47.391181" lon="0.817605"><ele>54.2</ele></trkpt>
      <trkpt lat="47.391255" lon="0.817648"><ele>54.5</ele></trkpt>
      <trkpt lat="47.391481" lon="0.817782"><ele>54.2</ele></trkpt>
      <trkpt lat="47.391633" lon="0.817866"><ele>54.8</ele></trkpt>
      <trkpt lat="47.391642" lon="0.817806"><ele>54.8</ele></trkpt>
      <trkpt lat="47.391743" lon="0.817831"><ele>54.5</ele></trkpt>
      <trkpt lat="47.391764" lon="0.817828"><ele>54.5</ele></trkpt>
      <trkpt lat="47.391785" lon="0.817828"><ele>54.5</ele></trkpt>
      <trkpt lat="47.391841" lon="0.817805"><ele>54.2</ele></trkpt>
      <trkpt lat="47.391892" lon="0.817742"><ele>54.5</ele></trkpt>
      <trkpt lat="47.391922" lon="0.817646"><ele>55.0</ele></trkpt>
      <trkpt lat="47.391981" lon="0.817464"><ele>55.0</ele></trkpt>
      <trkpt lat="47.392019" lon="0.817330"><ele>54.8</ele></trkpt>
      <trkpt lat="47.392016" lon="0.817270"><ele>55.0</ele></trkpt>
      <trkpt lat="47.392006" lon="0.817245"><ele>55.2</ele></trkpt>
      <trkpt lat="47.392027" lon="0.817167"><ele>54.8</ele></trkpt>
      <trkpt lat="47.392069" lon="0.817063"><ele>54.2</ele></trkpt>
      <trkpt lat="47.392328" lon="0.816121"><ele>52.5</ele></trkpt>
      <trkpt lat="47.392358" lon="0.815904"><ele>52.5</ele></trkpt>
      <trkpt lat="47.392635" lon="0.814823"><ele>51.8</ele></trkpt>
      <trkpt lat="47.392714" lon="0.814559"><ele>51.0</ele></trkpt>
      <trkpt lat="47.392779" lon="0.814368"><ele>50.8</ele></trkpt>
      <trkpt lat="47.392784" lon="0.814340"><ele>51.0</ele></trkpt>
      <trkpt lat="47.392780" lon="0.814310"><ele>51.2</ele></trkpt>
      <trkpt lat="47.392773" lon="0.814286"><ele>51.5</ele></trkpt>
      <trkpt lat="47.392597" lon="0.814121"><ele>51.8</ele></trkpt>
      <trkpt lat="47.392574" lon="0.814074"><ele>51.5</ele></trkpt>
      <trkpt lat="47.392578" lon="0.813954"><ele>51.8</ele></trkpt>
      <trkpt lat="47.392622" lon="0.813743"><ele>52.2</ele></trkpt>
      <trkpt lat="47.392724" lon="0.813262"><ele>51.0</ele></trkpt>
      <trkpt lat="47.392759" lon="0.813100"><ele>50.8</ele></trkpt>
      <trkpt lat="47.392863" lon="0.812846"><ele>50.2</ele></trkpt>
      <trkpt lat="47.392919" lon="0.812764"><ele>50.5</ele></trkpt>
      <trkpt lat="47.392985" lon="0.812752"><ele>50.8</ele></trkpt>
      <trkpt lat="47.393136" lon="0.812843"><ele>51.0</ele></trkpt>
      <trkpt lat="47.393275" lon="0.812908"><ele>51.5</ele></trkpt>
      <trkpt lat="47.393293" lon="0.812893"><ele>51.5</ele></trkpt>
      <trkpt lat="47.393319" lon="0.812874"><ele>51.5</ele></trkpt>
      <trkpt lat="47.393569" lon="0.812503"><ele>51.0</ele></trkpt>
      <trkpt lat="47.393650" lon="0.812415"><ele>51.2</ele></trkpt>
      <trkpt lat="47.393938" lon="0.812166"><ele>51.2</ele></trkpt>
      <trkpt lat="47.393988" lon="0.812099"><ele>51.5</ele></trkpt>
      <trkpt lat="47.394187" lon="0.811894"><ele>51.2</ele></trkpt>
      <trkpt lat="47.394253" lon="0.811837"><ele>51.8</ele></trkpt>
      <trkpt lat="47.394282" lon="0.811800"><ele>52.0</ele></trkpt>
      <trkpt lat="47.394317" lon="0.811732"><ele>51.8</ele></trkpt>
      <trkpt lat="47.394338" lon="0.811709"><ele>51.8</ele></trkpt>
      <trkpt lat="47.394445" lon="0.811639"><ele>51.8</ele></trkpt>
      <trkpt lat="47.394475" lon="0.811579"><ele>51.8</ele></trkpt>
      <trkpt lat="47.394887" lon="0.810864"><ele>53.2</ele></trkpt>
      <trkpt lat="47.394999" lon="0.810622"><ele>54.0</ele></trkpt>
      <trkpt lat="47.395083" lon="0.810420"><ele>53.8</ele></trkpt>
      <trkpt lat="47.395101" lon="0.810419"><ele>53.8</ele></trkpt>
      <trkpt lat="47.395129" lon="0.810372"><ele>53.8</ele></trkpt>
      <trkpt lat="47.395161" lon="0.810364"><ele>54.0</ele></trkpt>
      <trkpt lat="47.395185" lon="0.810376"><ele>54.2</ele></trkpt>
      <trkpt lat="47.395213" lon="0.810400"><ele>54.8</ele></trkpt>
      <trkpt lat="47.395198" lon="0.810461"><ele>54.8</ele></trkpt>
      <trkpt lat="47.395220" lon="0.810483"><ele>55.2</ele></trkpt>
      <trkpt lat="47.395237" lon="0.810501"><ele>55.2</ele></trkpt>
      <trkpt lat="47.395275" lon="0.810543"><ele>55.8</ele></trkpt>
      <trkpt lat="47.395288" lon="0.810556"><ele>55.5</ele></trkpt>
      <trkpt lat="47.395304" lon="0.810575"><ele>55.0</ele></trkpt>
      <trkpt lat="47.395318" lon="0.810576"><ele>54.8</ele></trkpt>
      <trkpt lat="47.395334" lon="0.810555"><ele>54.5</ele></trkpt>
      <trkpt lat="47.395383" lon="0.810428"><ele>53.5</ele></trkpt>
      <trkpt lat="47.395411" lon="0.810327"><ele>53.2</ele></trkpt>
      <trkpt lat="47.395504" lon="0.810207"><ele>52.5</ele></trkpt>
      <trkpt lat="47.395582" lon="0.809827"><ele>52.0</ele></trkpt>
      <trkpt lat="47.395706" lon="0.809325"><ele>52.0</ele></trkpt>
      <trkpt lat="47.395946" lon="0.808481"><ele>52.5</ele></trkpt>
      <trkpt lat="47.396201" lon="0.807794"><ele>52.2</ele></trkpt>
      <trkpt lat="47.396400" lon="0.807353"><ele>51.8</ele></trkpt>
      <trkpt lat="47.396594" lon="0.806952"><ele>52.0</ele></trkpt>
      <trkpt lat="47.396730" lon="0.806718"><ele>52.2</ele></trkpt>
      <trkpt lat="47.396830" lon="0.806592"><ele>51.8</ele></trkpt>
      <trkpt lat="47.396938" lon="0.806472"><ele>51.8</ele></trkpt>
      <trkpt lat="47.397328" lon="0.806062"><ele>51.0</ele></trkpt>
      <trkpt lat="47.397422" lon="0.805926"><ele>50.5</ele></trkpt>
      <trkpt lat="47.397522" lon="0.805757"><ele>51.0</ele></trkpt>
      <trkpt lat="47.397622" lon="0.805581"><ele>51.5</ele></trkpt>
      <trkpt lat="47.397695" lon="0.805362"><ele>51.2</ele></trkpt>
      <trkpt lat="47.397768" lon="0.805122"><ele>51.8</ele></trkpt>
      <trkpt lat="47.397846" lon="0.804802"><ele>52.5</ele></trkpt>
      <trkpt lat="47.397952" lon="0.804441"><ele>52.8</ele></trkpt>
      <trkpt lat="47.398031" lon="0.804272"><ele>52.5</ele></trkpt>
      <trkpt lat="47.398108" lon="0.804155"><ele>52.2</ele></trkpt>
      <trkpt lat="47.398204" lon="0.804028"><ele>51.8</ele></trkpt>
      <trkpt lat="47.398294" lon="0.803877"><ele>50.8</ele></trkpt>
      <trkpt lat="47.398550" lon="0.803276"><ele>51.5</ele></trkpt>
      <trkpt lat="47.398642" lon="0.803129"><ele>51.0</ele></trkpt>
      <trkpt lat="47.398997" lon="0.802660"><ele>50.8</ele></trkpt>
      <trkpt lat="47.399335" lon="0.802143"><ele>50.8</ele></trkpt>
      <trkpt lat="47.399618" lon="0.801677"><ele>51.0</ele></trkpt>
      <trkpt lat="47.399987" lon="0.801207"><ele>50.8</ele></trkpt>
      <trkpt lat="47.400269" lon="0.800695"><ele>50.5</ele></trkpt>
      <trkpt lat="47.400496" lon="0.800044"><ele>51.5</ele></trkpt>
      <trkpt lat="47.400694" lon="0.799391"><ele>52.5</ele></trkpt>
      <trkpt lat="47.400867" lon="0.798713"><ele>52.0</ele></trkpt>
      <trkpt lat="47.401116" lon="0.797899"><ele>51.8</ele></trkpt>
      <trkpt lat="47.401331" lon="0.797119"><ele>53.0</ele></trkpt>
      <trkpt lat="47.401450" lon="0.796798"><ele>52.8</ele></trkpt>
      <trkpt lat="47.401529" lon="0.796569"><ele>52.5</ele></trkpt>
      <trkpt lat="47.401545" lon="0.796504"><ele>52.5</ele></trkpt>
      <trkpt lat="47.401548" lon="0.796449"><ele>52.8</ele></trkpt>
      <trkpt lat="47.401533" lon="0.796408"><ele>53.2</ele></trkpt>
      <trkpt lat="47.401505" lon="0.796386"><ele>53.8</ele></trkpt>
      <trkpt lat="47.401481" lon="0.796395"><ele>53.8</ele></trkpt>
      <trkpt lat="47.401465" lon="0.796419"><ele>54.0</ele></trkpt>
      <trkpt lat="47.401410" lon="0.796516"><ele>54.5</ele></trkpt>
      <trkpt lat="47.401372" lon="0.796562"><ele>54.8</ele></trkpt>
      <trkpt lat="47.401337" lon="0.796566"><ele>54.5</ele></trkpt>
      <trkpt lat="47.401319" lon="0.796555"><ele>54.2</ele></trkpt>
      <trkpt lat="47.401304" lon="0.796547"><ele>54.2</ele></trkpt>
      <trkpt lat="47.401280" lon="0.796506"><ele>53.8</ele></trkpt>
      <trkpt lat="47.401262" lon="0.796461"><ele>53.5</ele></trkpt>
      <trkpt lat="47.401256" lon="0.796403"><ele>53.5</ele></trkpt>
      <trkpt lat="47.401307" lon="0.795864"><ele>54.8</ele></trkpt>
      <trkpt lat="47.401328" lon="0.795490"><ele>54.8</ele></trkpt>
      <trkpt lat="47.401335" lon="0.795462"><ele>55.0</ele></trkpt>
      <trkpt lat="47.401386" lon="0.795374"><ele>55.8</ele></trkpt>
      <trkpt lat="47.401459" lon="0.795275"><ele>54.8</ele></trkpt>
      <trkpt lat="47.401465" lon="0.795257"><ele>54.8</ele></trkpt>
      <trkpt lat="47.401471" lon="0.795093"><ele>54.8</ele></trkpt>
      <trkpt lat="47.401437" lon="0.794823"><ele>55.2</ele></trkpt>
      <trkpt lat="47.401390" lon="0.794564"><ele>55.8</ele></trkpt>
      <trkpt lat="47.401361" lon="0.794342"><ele>55.5</ele></trkpt>
      <trkpt lat="47.401356" lon="0.794136"><ele>55.5</ele></trkpt>
      <trkpt lat="47.401371" lon="0.793920"><ele>55.5</ele></trkpt>
      <trkpt lat="47.401473" lon="0.793354"><ele>54.8</ele></trkpt>
      <trkpt lat="47.401610" lon="0.792722"><ele>53.8</ele></trkpt>
      <trkpt lat="47.402207" lon="0.789988"><ele>55.0</ele></trkpt>
      <trkpt lat="47.402217" lon="0.789943"><ele>55.0</ele></trkpt>
      <trkpt lat="47.402376" lon="0.789625"><ele>53.2</ele></trkpt>
      <trkpt lat="47.402539" lon="0.789095"><ele>53.0</ele></trkpt>
      <trkpt lat="47.402717" lon="0.788336"><ele>52.0</ele></trkpt>
      <trkpt lat="47.402754" lon="0.788148"><ele>51.8</ele></trkpt>
      <trkpt lat="47.402787" lon="0.787746"><ele>52.0</ele></trkpt>
      <trkpt lat="47.402913" lon="0.786450"><ele>53.8</ele></trkpt>
      <trkpt lat="47.402951" lon="0.785828"><ele>52.8</ele></trkpt>
      <trkpt lat="47.402965" lon="0.785714"><ele>52.2</ele></trkpt>
      <trkpt lat="47.402986" lon="0.785652"><ele>52.0</ele></trkpt>
      <trkpt lat="47.403113" lon="0.785489"><ele>50.8</ele></trkpt>
      <trkpt lat="47.403153" lon="0.785415"><ele>50.5</ele></trkpt>
      <trkpt lat="47.403175" lon="0.785301"><ele>50.5</ele></trkpt>
      <trkpt lat="47.403172" lon="0.784386"><ele>51.0</ele></trkpt>
      <trkpt lat="47.403228" lon="0.783868"><ele>50.8</ele></trkpt>
      <trkpt lat="47.403231" lon="0.783685"><ele>50.5</ele></trkpt>
      <trkpt lat="47.403213" lon="0.783467"><ele>50.8</ele></trkpt>
      <trkpt lat="47.403205" lon="0.783288"><ele>50.8</ele></trkpt>
      <trkpt lat="47.403222" lon="0.782340"><ele>51.0</ele></trkpt>
      <trkpt lat="47.403196" lon="0.782009"><ele>51.8</ele></trkpt>
      <trkpt lat="47.403238" lon="0.780535"><ele>52.2</ele></trkpt>
      <trkpt lat="47.403230" lon="0.780378"><ele>52.2</ele></trkpt>
      <trkpt lat="47.403163" lon="0.779863"><ele>53.0</ele></trkpt>
      <trkpt lat="47.403134" lon="0.779454"><ele>52.2</ele></trkpt>
      <trkpt lat="47.403133" lon="0.778813"><ele>52.2</ele></trkpt>
      <trkpt lat="47.403122" lon="0.778537"><ele>52.2</ele></trkpt>
      <trkpt lat="47.403073" lon="0.778150"><ele>51.8</ele></trkpt>
      <trkpt lat="47.403007" lon="0.777702"><ele>52.0</ele></trkpt>
      <trkpt lat="47.402947" lon="0.776837"><ele>52.8</ele></trkpt>
      <trkpt lat="47.402850" lon="0.776006"><ele>53.2</ele></trkpt>
      <trkpt lat="47.402678" lon="0.774401"><ele>52.2</ele></trkpt>
      <trkpt lat="47.402641" lon="0.773587"><ele>52.2</ele></trkpt>
      <trkpt lat="47.402721" lon="0.772643"><ele>51.5</ele></trkpt>
      <trkpt lat="47.402817" lon="0.771643"><ele>52.5</ele></trkpt>
      <trkpt lat="47.402931" lon="0.770859"><ele>52.5</ele></trkpt>
      <trkpt lat="47.403009" lon="0.770705"><ele>51.2</ele></trkpt>
      <trkpt lat="47.403066" lon="0.770293"><ele>50.8</ele></trkpt>
      <trkpt lat="47.403137" lon="0.769994"><ele>52.0</ele></trkpt>
      <trkpt lat="47.403148" lon="0.769872"><ele>52.0</ele></trkpt>
      <trkpt lat="47.403108" lon="0.769694"><ele>52.5</ele></trkpt>
      <trkpt lat="47.403207" lon="0.769281"><ele>52.2</ele></trkpt>
      <trkpt lat="47.403317" lon="0.768915"><ele>50.0</ele></trkpt>
      <trkpt lat="47.403389" lon="0.768628"><ele>50.8</ele></trkpt>
      <trkpt lat="47.403471" lon="0.768216"><ele>52.5</ele></trkpt>
      <trkpt lat="47.403699" lon="0.767144"><ele>52.8</ele></trkpt>
      <trkpt lat="47.403976" lon="0.766081"><ele>51.8</ele></trkpt>
      <trkpt lat="47.404020" lon="0.766036"><ele>51.8</ele></trkpt>
      <trkpt lat="47.404128" lon="0.765826"><ele>51.5</ele></trkpt>
      <trkpt lat="47.404188" lon="0.765654"><ele>51.0</ele></trkpt>
      <trkpt lat="47.404240" lon="0.765422"><ele>51.0</ele></trkpt>
      <trkpt lat="47.404306" lon="0.765085"><ele>51.2</ele></trkpt>
      <trkpt lat="47.404377" lon="0.764766"><ele>51.2</ele></trkpt>
      <trkpt lat="47.404397" lon="0.764631"><ele>50.8</ele></trkpt>
      <trkpt lat="47.404421" lon="0.764309"><ele>50.2</ele></trkpt>
      <trkpt lat="47.404430" lon="0.764073"><ele>49.8</ele></trkpt>
      <trkpt lat="47.404378" lon="0.763676"><ele>50.5</ele></trkpt>
      <trkpt lat="47.404274" lon="0.762431"><ele>51.5</ele></trkpt>
      <trkpt lat="47.404216" lon="0.761659"><ele>50.2</ele></trkpt>
      <trkpt lat="47.404183" lon="0.761278"><ele>49.5</ele></trkpt>
      <trkpt lat="47.404157" lon="0.761070"><ele>49.0</ele></trkpt>
      <trkpt lat="47.404152" lon="0.760965"><ele>49.0</ele></trkpt>
      <trkpt lat="47.404158" lon="0.760896"><ele>49.0</ele></trkpt>
      <trkpt lat="47.404216" lon="0.760672"><ele>51.0</ele></trkpt>
      <trkpt lat="47.404221" lon="0.760597"><ele>52.0</ele></trkpt>
      <trkpt lat="47.404218" lon="0.760507"><ele>52.0</ele></trkpt>
      <trkpt lat="47.404153" lon="0.760206"><ele>49.0</ele></trkpt>
      <trkpt lat="47.404136" lon="0.760086"><ele>49.0</ele></trkpt>
      <trkpt lat="47.404124" lon="0.759840"><ele>49.0</ele></trkpt>
      <trkpt lat="47.404130" lon="0.759526"><ele>49.2</ele></trkpt>
      <trkpt lat="47.404124" lon="0.759472"><ele>49.5</ele></trkpt>
      <trkpt lat="47.404115" lon="0.759424"><ele>49.5</ele></trkpt>
      <trkpt lat="47.404070" lon="0.759324"><ele>49.8</ele></trkpt>
      <trkpt lat="47.404010" lon="0.759171"><ele>50.2</ele></trkpt>
      <trkpt lat="47.403974" lon="0.759034"><ele>50.0</ele></trkpt>
      <trkpt lat="47.403940" lon="0.758819"><ele>50.0</ele></trkpt>
      <trkpt lat="47.403821" lon="0.757978"><ele>50.8</ele></trkpt>
      <trkpt lat="47.403755" lon="0.757203"><ele>49.8</ele></trkpt>
      <trkpt lat="47.403740" lon="0.756948"><ele>50.0</ele></trkpt>
      <trkpt lat="47.403742" lon="0.756890"><ele>50.0</ele></trkpt>
      <trkpt lat="47.403796" lon="0.756577"><ele>50.2</ele></trkpt>
      <trkpt lat="47.403810" lon="0.756409"><ele>50.2</ele></trkpt>
      <trkpt lat="47.403813" lon="0.756186"><ele>50.0</ele></trkpt>
      <trkpt lat="47.403801" lon="0.755980"><ele>50.0</ele></trkpt>
      <trkpt lat="47.403771" lon="0.755745"><ele>49.2</ele></trkpt>
      <trkpt lat="47.403729" lon="0.755501"><ele>48.5</ele></trkpt>
      <trkpt lat="47.403683" lon="0.755319"><ele>48.5</ele></trkpt>
      <trkpt lat="47.403680" lon="0.755273"><ele>48.5</ele></trkpt>
      <trkpt lat="47.403683" lon="0.755221"><ele>48.5</ele></trkpt>
      <trkpt lat="47.403742" lon="0.755032"><ele>48.2</ele></trkpt>
      <trkpt lat="47.403750" lon="0.754963"><ele>48.2</ele></trkpt>
      <trkpt lat="47.403741" lon="0.754899"><ele>48.0</ele></trkpt>
      <trkpt lat="47.403664" lon="0.754621"><ele>48.0</ele></trkpt>
      <trkpt lat="47.403608" lon="0.754467"><ele>48.0</ele></trkpt>
      <trkpt lat="47.403530" lon="0.754343"><ele>47.8</ele></trkpt>
      <trkpt lat="47.403430" lon="0.754211"><ele>48.0</ele></trkpt>
      <trkpt lat="47.403355" lon="0.754149"><ele>48.5</ele></trkpt>
      <trkpt lat="47.403260" lon="0.754036"><ele>48.8</ele></trkpt>
      <trkpt lat="47.403238" lon="0.753985"><ele>48.8</ele></trkpt>
      <trkpt lat="47.403226" lon="0.753902"><ele>48.8</ele></trkpt>
      <trkpt lat="47.403219" lon="0.753801"><ele>48.5</ele></trkpt>
      <trkpt lat="47.403219" lon="0.753689"><ele>48.5</ele></trkpt>
      <trkpt lat="47.403204" lon="0.753517"><ele>48.2</ele></trkpt>
      <trkpt lat="47.403186" lon="0.753426"><ele>48.0</ele></trkpt>
      <trkpt lat="47.403083" lon="0.753084"><ele>48.5</ele></trkpt>
      <trkpt lat="47.403071" lon="0.753013"><ele>48.5</ele></trkpt>
      <trkpt lat="47.403067" lon="0.752951"><ele>48.5</ele></trkpt>
      <trkpt lat="47.403077" lon="0.752619"><ele>47.8</ele></trkpt>
      <trkpt lat="47.403076" lon="0.752403"><ele>48.2</ele></trkpt>
      <trkpt lat="47.403062" lon="0.752205"><ele>48.8</ele></trkpt>
      <trkpt lat="47.403040" lon="0.752091"><ele>48.5</ele></trkpt>
      <trkpt lat="47.402994" lon="0.751906"><ele>48.0</ele></trkpt>
      <trkpt lat="47.402942" lon="0.751748"><ele>48.2</ele></trkpt>
      <trkpt lat="47.402896" lon="0.751573"><ele>48.2</ele></trkpt>
      <trkpt lat="47.402885" lon="0.751479"><ele>48.2</ele></trkpt>
      <trkpt lat="47.402825" lon="0.751346"><ele>48.5</ele></trkpt>
      <trkpt lat="47.402677" lon="0.751130"><ele>49.5</ele></trkpt>
      <trkpt lat="47.402654" lon="0.751077"><ele>49.5</ele></trkpt>
      <trkpt lat="47.402593" lon="0.750912"><ele>49.5</ele></trkpt>
      <trkpt lat="47.402462" lon="0.750460"><ele>50.2</ele></trkpt>
      <trkpt lat="47.402406" lon="0.750327"><ele>51.0</ele></trkpt>
      <trkpt lat="47.402360" lon="0.750221"><ele>51.5</ele></trkpt>
      <trkpt lat="47.402276" lon="0.750064"><ele>52.8</ele></trkpt>
      <trkpt lat="47.402196" lon="0.749894"><ele>53.0</ele></trkpt>
      <trkpt lat="47.402130" lon="0.749657"><ele>51.8</ele></trkpt>
      <trkpt lat="47.402039" lon="0.749069"><ele>52.0</ele></trkpt>
      <trkpt lat="47.402014" lon="0.748485"><ele>52.8</ele></trkpt>
      <trkpt lat="47.401760" lon="0.746960"><ele>51.0</ele></trkpt>
      <trkpt lat="47.401677" lon="0.746597"><ele>50.2</ele></trkpt>
      <trkpt lat="47.401548" lon="0.746162"><ele>49.5</ele></trkpt>
      <trkpt lat="47.401410" lon="0.745527"><ele>51.0</ele></trkpt>
      <trkpt lat="47.401353" lon="0.745166"><ele>49.0</ele></trkpt>
      <trkpt lat="47.401321" lon="0.744861"><ele>49.0</ele></trkpt>
      <trkpt lat="47.401298" lon="0.744553"><ele>49.0</ele></trkpt>
      <trkpt lat="47.401253" lon="0.744235"><ele>50.0</ele></trkpt>
      <trkpt lat="47.400699" lon="0.741918"><ele>50.2</ele></trkpt>
      <trkpt lat="47.400605" lon="0.741406"><ele>50.0</ele></trkpt>
      <trkpt lat="47.400502" lon="0.740732"><ele>49.5</ele></trkpt>
      <trkpt lat="47.400413" lon="0.739977"><ele>49.5</ele></trkpt>
      <trkpt lat="47.400383" lon="0.739607"><ele>48.8</ele></trkpt>
      <trkpt lat="47.400378" lon="0.739503"><ele>48.2</ele></trkpt>
      <trkpt lat="47.400399" lon="0.738282"><ele>47.2</ele></trkpt>
      <trkpt lat="47.400396" lon="0.737311"><ele>47.2</ele></trkpt>
      <trkpt lat="47.400390" lon="0.737160"><ele>47.2</ele></trkpt>
      <trkpt lat="47.400371" lon="0.736992"><ele>47.5</ele></trkpt>
      <trkpt lat="47.400364" lon="0.736591"><ele>48.2</ele></trkpt>
      <trkpt lat="47.400337" lon="0.736035"><ele>48.8</ele></trkpt>
      <trkpt lat="47.400324" lon="0.735938"><ele>49.0</ele></trkpt>
      <trkpt lat="47.400291" lon="0.735793"><ele>49.2</ele></trkpt>
      <trkpt lat="47.400152" lon="0.735269"><ele>47.8</ele></trkpt>
      <trkpt lat="47.400112" lon="0.735155"><ele>48.0</ele></trkpt>
      <trkpt lat="47.399990" lon="0.734668"><ele>48.8</ele></trkpt>
      <trkpt lat="47.399971" lon="0.734563"><ele>48.5</ele></trkpt>
      <trkpt lat="47.399951" lon="0.734334"><ele>48.2</ele></trkpt>
      <trkpt lat="47.399958" lon="0.734145"><ele>48.0</ele></trkpt>
      <trkpt lat="47.399943" lon="0.734007"><ele>47.8</ele></trkpt>
      <trkpt lat="47.399926" lon="0.733939"><ele>47.8</ele></trkpt>
      <trkpt lat="47.399697" lon="0.733412"><ele>48.2</ele></trkpt>
      <trkpt lat="47.399362" lon="0.732683"><ele>48.0</ele></trkpt>
      <trkpt lat="47.399225" lon="0.732356"><ele>48.2</ele></trkpt>
      <trkpt lat="47.398892" lon="0.731484"><ele>48.2</ele></trkpt>
      <trkpt lat="47.398451" lon="0.730434"><ele>47.8</ele></trkpt>
      <trkpt lat="47.398376" lon="0.730218"><ele>48.2</ele></trkpt>
      <trkpt lat="47.398276" lon="0.729866"><ele>47.5</ele></trkpt>
      <trkpt lat="47.398116" lon="0.729414"><ele>49.0</ele></trkpt>
      <trkpt lat="47.398009" lon="0.729079"><ele>49.0</ele></trkpt>
      <trkpt lat="47.397911" lon="0.728616"><ele>48.0</ele></trkpt>
      <trkpt lat="47.397874" lon="0.728466"><ele>48.5</ele></trkpt>
      <trkpt lat="47.397623" lon="0.727680"><ele>48.0</ele></trkpt>
      <trkpt lat="47.397467" lon="0.727276"><ele>48.2</ele></trkpt>
      <trkpt lat="47.397307" lon="0.726837"><ele>48.2</ele></trkpt>
      <trkpt lat="47.397249" lon="0.726615"><ele>48.5</ele></trkpt>
      <trkpt lat="47.397185" lon="0.726191"><ele>48.2</ele></trkpt>
      <trkpt lat="47.397130" lon="0.725897"><ele>47.8</ele></trkpt>
      <trkpt lat="47.397119" lon="0.725773"><ele>47.5</ele></trkpt>
      <trkpt lat="47.397069" lon="0.725216"><ele>47.5</ele></trkpt>
      <trkpt lat="47.397013" lon="0.724772"><ele>48.2</ele></trkpt>
      <trkpt lat="47.396992" lon="0.724457"><ele>48.5</ele></trkpt>
      <trkpt lat="47.396963" lon="0.723810"><ele>48.8</ele></trkpt>
      <trkpt lat="47.396943" lon="0.723198"><ele>49.0</ele></trkpt>
      <trkpt lat="47.396939" lon="0.722951"><ele>49.0</ele></trkpt>
      <trkpt lat="47.396957" lon="0.722301"><ele>48.8</ele></trkpt>
      <trkpt lat="47.396969" lon="0.721458"><ele>48.5</ele></trkpt>
      <trkpt lat="47.396975" lon="0.719933"><ele>49.2</ele></trkpt>
      <trkpt lat="47.397000" lon="0.717717"><ele>48.0</ele></trkpt>
      <trkpt lat="47.397018" lon="0.716161"><ele>47.5</ele></trkpt>
      <trkpt lat="47.396985" lon="0.715262"><ele>48.2</ele></trkpt>
      <trkpt lat="47.396988" lon="0.714819"><ele>48.0</ele></trkpt>
      <trkpt lat="47.396997" lon="0.714484"><ele>48.0</ele></trkpt>
      <trkpt lat="47.397012" lon="0.714215"><ele>47.8</ele></trkpt>
      <trkpt lat="47.397060" lon="0.713572"><ele>46.8</ele></trkpt>
      <trkpt lat="47.397070" lon="0.713201"><ele>47.0</ele></trkpt>
      <trkpt lat="47.397022" lon="0.712486"><ele>48.2</ele></trkpt>
      <trkpt lat="47.397013" lon="0.712179"><ele>47.8</ele></trkpt>
      <trkpt lat="47.397011" lon="0.711618"><ele>48.8</ele></trkpt>
      <trkpt lat="47.397017" lon="0.710850"><ele>48.5</ele></trkpt>
      <trkpt lat="47.397014" lon="0.710705"><ele>48.5</ele></trkpt>
      <trkpt lat="47.396991" lon="0.710300"><ele>48.8</ele></trkpt>
      <trkpt lat="47.396987" lon="0.709996"><ele>49.0</ele></trkpt>
      <trkpt lat="47.396998" lon="0.708703"><ele>50.8</ele></trkpt>
      <trkpt lat="47.397002" lon="0.708617"><ele>50.5</ele></trkpt>
      <trkpt lat="47.397014" lon="0.708343"><ele>50.0</ele></trkpt>
      <trkpt lat="47.397040" lon="0.707759"><ele>49.5</ele></trkpt>
      <trkpt lat="47.397055" lon="0.707477"><ele>49.5</ele></trkpt>
      <trkpt lat="47.397094" lon="0.706533"><ele>50.0</ele></trkpt>
      <trkpt lat="47.397119" lon="0.706193"><ele>50.8</ele></trkpt>
      <trkpt lat="47.397146" lon="0.705935"><ele>50.8</ele></trkpt>
      <trkpt lat="47.397124" lon="0.705888"><ele>51.0</ele></trkpt>
      <trkpt lat="47.397088" lon="0.705812"><ele>51.2</ele></trkpt>
      <trkpt lat="47.397198" lon="0.704777"><ele>51.8</ele></trkpt>
      <trkpt lat="47.397246" lon="0.704332"><ele>52.8</ele></trkpt>
      <trkpt lat="47.397282" lon="0.704195"><ele>52.0</ele></trkpt>
      <trkpt lat="47.397318" lon="0.704098"><ele>51.0</ele></trkpt>
      <trkpt lat="47.397341" lon="0.704009"><ele>50.5</ele></trkpt>
      <trkpt lat="47.397349" lon="0.703787"><ele>50.2</ele></trkpt>
      <trkpt lat="47.397372" lon="0.703643"><ele>49.5</ele></trkpt>
      <trkpt lat="47.397307" lon="0.703614"><ele>51.5</ele></trkpt>
      <trkpt lat="47.397281" lon="0.703597"><ele>52.0</ele></trkpt>
      <trkpt lat="47.397263" lon="0.703586"><ele>52.5</ele></trkpt>
      <trkpt lat="47.397232" lon="0.703554"><ele>53.2</ele></trkpt>
      <trkpt lat="47.397212" lon="0.703531"><ele>53.2</ele></trkpt>
      <trkpt lat="47.397192" lon="0.703509"><ele>53.0</ele></trkpt>
      <trkpt lat="47.397185" lon="0.703501"><ele>53.0</ele></trkpt>
      <trkpt lat="47.397217" lon="0.703445"><ele>52.8</ele></trkpt>
      <trkpt lat="47.397244" lon="0.703381"><ele>51.8</ele></trkpt>
      <trkpt lat="47.397258" lon="0.703327"><ele>51.2</ele></trkpt>
      <trkpt lat="47.397267" lon="0.703258"><ele>51.2</ele></trkpt>
      <trkpt lat="47.397267" lon="0.703239"><ele>51.2</ele></trkpt>
      <trkpt lat="47.397252" lon="0.703205"><ele>51.5</ele></trkpt>
      <trkpt lat="47.397252" lon="0.703013"><ele>51.5</ele></trkpt>
      <trkpt lat="47.397297" lon="0.702485"><ele>51.5</ele></trkpt>
      <trkpt lat="47.397302" lon="0.702421"><ele>51.5</ele></trkpt>
      <trkpt lat="47.397192" lon="0.702399"><ele>50.8</ele></trkpt>
      <trkpt lat="47.397096" lon="0.702384"><ele>50.5</ele></trkpt>
      <trkpt lat="47.397067" lon="0.702380"><ele>50.2</ele></trkpt>
      <trkpt lat="47.397066" lon="0.702202"><ele>50.2</ele></trkpt>
      <trkpt lat="47.397060" lon="0.701579"><ele>50.2</ele></trkpt>
      <trkpt lat="47.397051" lon="0.701468"><ele>50.0</ele></trkpt>
      <trkpt lat="47.397052" lon="0.701308"><ele>50.0</ele></trkpt>
      <trkpt lat="47.397047" lon="0.700946"><ele>50.2</ele></trkpt>
      <trkpt lat="47.397049" lon="0.700747"><ele>50.2</ele></trkpt>
      <trkpt lat="47.397050" lon="0.700698"><ele>50.2</ele></trkpt>
      <trkpt lat="47.397058" lon="0.700206"><ele>50.2</ele></trkpt>
      <trkpt lat="47.397058" lon="0.699904"><ele>50.2</ele></trkpt>
      <trkpt lat="47.397061" lon="0.699662"><ele>51.0</ele></trkpt>
      <trkpt lat="47.397063" lon="0.699570"><ele>51.0</ele></trkpt>
      <trkpt lat="47.397065" lon="0.699514"><ele>51.0</ele></trkpt>
      <trkpt lat="47.397064" lon="0.699416"><ele>51.0</ele></trkpt>
      <trkpt lat="47.397060" lon="0.699373"><ele>51.0</ele></trkpt>
      <trkpt lat="47.397048" lon="0.699231"><ele>51.5</ele></trkpt>
      <trkpt lat="47.396997" lon="0.698942"><ele>51.0</ele></trkpt>
      <trkpt lat="47.396959" lon="0.698771"><ele>51.0</ele></trkpt>
      <trkpt lat="47.396907" lon="0.698543"><ele>51.2</ele></trkpt>
      <trkpt lat="47.396894" lon="0.698486"><ele>51.5</ele></trkpt>
      <trkpt lat="47.396870" lon="0.698383"><ele>51.8</ele></trkpt>
      <trkpt lat="47.396794" lon="0.698029"><ele>52.0</ele></trkpt>
      <trkpt lat="47.396777" lon="0.697948"><ele>52.0</ele></trkpt>
      <trkpt lat="47.396756" lon="0.697732"><ele>52.0</ele></trkpt>
      <trkpt lat="47.396752" lon="0.697550"><ele>52.0</ele></trkpt>
      <trkpt lat="47.396800" lon="0.697476"><ele>52.0</ele></trkpt>
      <trkpt lat="47.396799" lon="0.697189"><ele>52.0</ele></trkpt>
      <trkpt lat="47.396811" lon="0.696864"><ele>52.2</ele></trkpt>
      <trkpt lat="47.396805" lon="0.696702"><ele>52.8</ele></trkpt>
      <trkpt lat="47.396756" lon="0.696285"><ele>53.0</ele></trkpt>
      <trkpt lat="47.396656" lon="0.695747"><ele>53.0</ele></trkpt>
      <trkpt lat="47.396642" lon="0.695671"><ele>53.0</ele></trkpt>
      <trkpt lat="47.396582" lon="0.695301"><ele>53.8</ele></trkpt>
      <trkpt lat="47.396436" lon="0.694190"><ele>53.0</ele></trkpt>
      <trkpt lat="47.396316" lon="0.693405"><ele>53.0</ele></trkpt>
      <trkpt lat="47.396305" lon="0.693335"><ele>53.0</ele></trkpt>
      <trkpt lat="47.396238" lon="0.692782"><ele>52.5</ele></trkpt>
      <trkpt lat="47.396199" lon="0.692477"><ele>52.8</ele></trkpt>
      <trkpt lat="47.396154" lon="0.692202"><ele>52.8</ele></trkpt>
      <trkpt lat="47.396104" lon="0.691818"><ele>53.0</ele></trkpt>
      <trkpt lat="47.396004" lon="0.691116"><ele>52.0</ele></trkpt>
      <trkpt lat="47.395980" lon="0.690936"><ele>52.0</ele></trkpt>
      <trkpt lat="47.395880" lon="0.690286"><ele>52.0</ele></trkpt>
      <trkpt lat="47.395850" lon="0.690091"><ele>52.0</ele></trkpt>
      <trkpt lat="47.395810" lon="0.689827"><ele>52.0</ele></trkpt>
      <trkpt lat="47.395774" lon="0.689596"><ele>52.0</ele></trkpt>
      <trkpt lat="47.395756" lon="0.689465"><ele>52.0</ele></trkpt>
      <trkpt lat="47.395699" lon="0.689047"><ele>52.0</ele></trkpt>
      <trkpt lat="47.395696" lon="0.689004"><ele>52.0</ele></trkpt>
      <trkpt lat="47.395698" lon="0.688938"><ele>52.0</ele></trkpt>
      <trkpt lat="47.395680" lon="0.688728"><ele>51.5</ele></trkpt>
      <trkpt lat="47.395669" lon="0.688601"><ele>51.5</ele></trkpt>
      <trkpt lat="47.395589" lon="0.687862"><ele>51.8</ele></trkpt>
      <trkpt lat="47.395576" lon="0.687723"><ele>52.0</ele></trkpt>
      <trkpt lat="47.395546" lon="0.687449"><ele>53.0</ele></trkpt>
      <trkpt lat="47.395475" lon="0.687034"><ele>53.2</ele></trkpt>
      <trkpt lat="47.395458" lon="0.686936"><ele>53.5</ele></trkpt>
      <trkpt lat="47.395434" lon="0.686809"><ele>53.5</ele></trkpt>
      <trkpt lat="47.395424" lon="0.686757"><ele>53.5</ele></trkpt>
      <trkpt lat="47.395420" lon="0.686737"><ele>53.5</ele></trkpt>
      <trkpt lat="47.395417" lon="0.686721"><ele>53.5</ele></trkpt>
      <trkpt lat="47.395405" lon="0.686662"><ele>53.2</ele></trkpt>
      <trkpt lat="47.395376" lon="0.686528"><ele>53.2</ele></trkpt>
      <trkpt lat="47.395357" lon="0.686438"><ele>53.2</ele></trkpt>
      <trkpt lat="47.395273" lon="0.686055"><ele>53.0</ele></trkpt>
      <trkpt lat="47.395174" lon="0.685574"><ele>52.0</ele></trkpt>
      <trkpt lat="47.395167" lon="0.685541"><ele>52.0</ele></trkpt>
      <trkpt lat="47.395049" lon="0.684897"><ele>52.0</ele></trkpt>
      <trkpt lat="47.394976" lon="0.684494"><ele>52.0</ele></trkpt>
      <trkpt lat="47.394964" lon="0.684432"><ele>52.0</ele></trkpt>
      <trkpt lat="47.394955" lon="0.684378"><ele>52.0</ele></trkpt>
      <trkpt lat="47.394903" lon="0.684398"><ele>52.0</ele></trkpt>
      <trkpt lat="47.394291" lon="0.684667"><ele>52.0</ele></trkpt>
      <trkpt lat="47.394230" lon="0.684692"><ele>52.0</ele></trkpt>
      <trkpt lat="47.394240" lon="0.684744"><ele>52.0</ele></trkpt>
      <trkpt lat="47.394198" lon="0.684762"><ele>52.0</ele></trkpt>
      <trkpt lat="47.394100" lon="0.684804"><ele>52.8</ele></trkpt>
      <trkpt lat="47.393594" lon="0.685026"><ele>52.8</ele></trkpt>
      <trkpt lat="47.393584" lon="0.684972"><ele>52.8</ele></trkpt>
      <trkpt lat="47.393539" lon="0.684994"><ele>52.5</ele></trkpt>
      <trkpt lat="47.393493" lon="0.685015"><ele>52.5</ele></trkpt>
      <trkpt lat="47.393018" lon="0.685224"><ele>52.0</ele></trkpt>
      <trkpt lat="47.392967" lon="0.685246"><ele>52.0</ele></trkpt>
      <trkpt lat="47.392924" lon="0.685266"><ele>52.0</ele></trkpt>
      <trkpt lat="47.392465" lon="0.685466"><ele>51.2</ele></trkpt>
      <trkpt lat="47.392410" lon="0.685490"><ele>51.0</ele></trkpt>
      <trkpt lat="47.392361" lon="0.685516"><ele>51.0</ele></trkpt>
      <trkpt lat="47.392068" lon="0.685672"><ele>51.0</ele></trkpt>
      <trkpt lat="47.391836" lon="0.685790"><ele>51.0</ele></trkpt>
      <trkpt lat="47.391771" lon="0.685824"><ele>51.0</ele></trkpt>
      <trkpt lat="47.391716" lon="0.685853"><ele>51.0</ele></trkpt>
      <trkpt lat="47.391542" lon="0.685946"><ele>51.0</ele></trkpt>
      <trkpt lat="47.391430" lon="0.685990"><ele>51.0</ele></trkpt>
      <trkpt lat="47.391283" lon="0.686025"><ele>50.5</ele></trkpt>
      <trkpt lat="47.391124" lon="0.686041"><ele>50.2</ele></trkpt>
      <trkpt lat="47.390983" lon="0.686029"><ele>50.0</ele></trkpt>
      <trkpt lat="47.390908" lon="0.686028"><ele>50.0</ele></trkpt>
      <trkpt lat="47.390746" lon="0.686071"><ele>49.5</ele></trkpt>
      <trkpt lat="47.390556" lon="0.686141"><ele>49.0</ele></trkpt>
      <trkpt lat="47.390063" lon="0.686386"><ele>48.0</ele></trkpt>
      <trkpt lat="47.390018" lon="0.686423"><ele>48.0</ele></trkpt>
      <trkpt lat="47.389905" lon="0.686479"><ele>48.0</ele></trkpt>
      <trkpt lat="47.389850" lon="0.686505"><ele>48.0</ele></trkpt>
      <trkpt lat="47.389777" lon="0.686540"><ele>48.0</ele></trkpt>
      <trkpt lat="47.389719" lon="0.686563"><ele>48.0</ele></trkpt>
      <trkpt lat="47.389562" lon="0.686640"><ele>48.0</ele></trkpt>
      <trkpt lat="47.389324" lon="0.686762"><ele>48.0</ele></trkpt>
      <trkpt lat="47.389228" lon="0.686821"><ele>47.8</ele></trkpt>
      <trkpt lat="47.389016" lon="0.686929"><ele>48.0</ele></trkpt>
      <trkpt lat="47.388953" lon="0.686958"><ele>48.0</ele></trkpt>
      <trkpt lat="47.388890" lon="0.686992"><ele>48.0</ele></trkpt>
      <trkpt lat="47.388240" lon="0.687336"><ele>48.0</ele></trkpt>
      <trkpt lat="47.387947" lon="0.687494"><ele>48.0</ele></trkpt>
      <trkpt lat="47.387881" lon="0.687525"><ele>48.0</ele></trkpt>
      <trkpt lat="47.387873" lon="0.687480"><ele>48.0</ele></trkpt>
      <trkpt lat="47.387792" lon="0.686987"><ele>48.0</ele></trkpt>
      <trkpt lat="47.387737" lon="0.686661"><ele>48.0</ele></trkpt>
      <trkpt lat="47.387682" lon="0.686326"><ele>48.0</ele></trkpt>
      <trkpt lat="47.387673" lon="0.686275"><ele>48.0</ele></trkpt>
      <trkpt lat="47.387600" lon="0.685833"><ele>48.0</ele></trkpt>
      <trkpt lat="47.387588" lon="0.685760"><ele>47.8</ele></trkpt>
      <trkpt lat="47.387577" lon="0.685692"><ele>48.0</ele></trkpt>
      <trkpt lat="47.387572" lon="0.685662"><ele>48.0</ele></trkpt>
      <trkpt lat="47.387530" lon="0.685406"><ele>48.0</ele></trkpt>
      <trkpt lat="47.387470" lon="0.685039"><ele>47.8</ele></trkpt>
      <trkpt lat="47.387461" lon="0.684986"><ele>47.8</ele></trkpt>
      <trkpt lat="47.387448" lon="0.684906"><ele>47.8</ele></trkpt>
      <trkpt lat="47.387313" lon="0.684086"><ele>47.0</ele></trkpt>
      <trkpt lat="47.387292" lon="0.683955"><ele>47.0</ele></trkpt>
      <trkpt lat="47.387277" lon="0.683867"><ele>47.0</ele></trkpt>
      <trkpt lat="47.387262" lon="0.683776"><ele>47.0</ele></trkpt>
      <trkpt lat="47.387134" lon="0.682994"><ele>47.2</ele></trkpt>
      <trkpt lat="47.387065" lon="0.682577"><ele>48.0</ele></trkpt>
      <trkpt lat="47.387020" lon="0.682581"><ele>47.8</ele></trkpt>
      <trkpt lat="47.386309" lon="0.682523"><ele>47.0</ele></trkpt>
      <trkpt lat="47.386264" lon="0.682518"><ele>47.0</ele></trkpt>
      <trkpt lat="47.386224" lon="0.682514"><ele>47.0</ele></trkpt>
      <trkpt lat="47.386035" lon="0.682505"><ele>46.5</ele></trkpt>
      <trkpt lat="47.385777" lon="0.682484"><ele>46.0</ele></trkpt>
      <trkpt lat="47.385727" lon="0.682488"><ele>46.2</ele></trkpt>
      <trkpt lat="47.385655" lon="0.682486"><ele>46.5</ele></trkpt>
      <trkpt lat="47.384987" lon="0.682434"><ele>46.2</ele></trkpt>
      <trkpt lat="47.384931" lon="0.682429"><ele>46.2</ele></trkpt>
      <trkpt lat="47.384617" lon="0.682393"><ele>46.8</ele></trkpt>
      <trkpt lat="47.384547" lon="0.682389"><ele>46.5</ele></trkpt>
      <trkpt lat="47.384520" lon="0.682388"><ele>46.5</ele></trkpt>
      <trkpt lat="47.384454" lon="0.682389"><ele>46.2</ele></trkpt>
      <trkpt lat="47.384395" lon="0.682383"><ele>46.5</ele></trkpt>
      <trkpt lat="47.384337" lon="0.682378"><ele>46.8</ele></trkpt>
      <trkpt lat="47.384041" lon="0.682353"><ele>47.2</ele></trkpt>
      <trkpt lat="47.384014" lon="0.682342"><ele>47.2</ele></trkpt>
      <trkpt lat="47.383953" lon="0.682319"><ele>47.0</ele></trkpt>
      <trkpt lat="47.383870" lon="0.682314"><ele>47.0</ele></trkpt>
      <trkpt lat="47.383436" lon="0.682281"><ele>47.0</ele></trkpt>
      <trkpt lat="47.383342" lon="0.682282"><ele>47.0</ele></trkpt>
      <trkpt lat="47.383300" lon="0.682280"><ele>47.0</ele></trkpt>
      <trkpt lat="47.383252" lon="0.682276"><ele>47.0</ele></trkpt>
      <trkpt lat="47.382721" lon="0.682238"><ele>47.0</ele></trkpt>
      <trkpt lat="47.382677" lon="0.682235"><ele>47.0</ele></trkpt>
      <trkpt lat="47.382622" lon="0.682231"><ele>47.0</ele></trkpt>
      <trkpt lat="47.382211" lon="0.682198"><ele>47.0</ele></trkpt>
      <trkpt lat="47.382158" lon="0.682193"><ele>47.0</ele></trkpt>
      <trkpt lat="47.382109" lon="0.682189"><ele>47.0</ele></trkpt>
      <trkpt lat="47.381779" lon="0.682165"><ele>47.0</ele></trkpt>
      <trkpt lat="47.381742" lon="0.682171"><ele>47.0</ele></trkpt>
      <trkpt lat="47.381717" lon="0.682169"><ele>47.0</ele></trkpt>
      <trkpt lat="47.381691" lon="0.682166"><ele>47.0</ele></trkpt>
      <trkpt lat="47.381634" lon="0.682150"><ele>47.0</ele></trkpt>
      <trkpt lat="47.381542" lon="0.682107"><ele>47.0</ele></trkpt>
      <trkpt lat="47.381095" lon="0.681916"><ele>47.0</ele></trkpt>
      <trkpt lat="47.381062" lon="0.681904"><ele>47.0</ele></trkpt>
      <trkpt lat="47.381004" lon="0.681879"><ele>47.0</ele></trkpt>
      <trkpt lat="47.380630" lon="0.681726"><ele>47.0</ele></trkpt>
      <trkpt lat="47.380587" lon="0.681709"><ele>47.0</ele></trkpt>
      <trkpt lat="47.380505" lon="0.681677"><ele>47.0</ele></trkpt>
      <trkpt lat="47.380320" lon="0.681604"><ele>46.8</ele></trkpt>
      <trkpt lat="47.380054" lon="0.681495"><ele>46.8</ele></trkpt>
      <trkpt lat="47.379697" lon="0.681347"><ele>47.0</ele></trkpt>
      <trkpt lat="47.379617" lon="0.681315"><ele>47.0</ele></trkpt>
      <trkpt lat="47.379497" lon="0.681261"><ele>47.2</ele></trkpt>
      <trkpt lat="47.379444" lon="0.681242"><ele>47.5</ele></trkpt>
      <trkpt lat="47.379244" lon="0.681159"><ele>47.8</ele></trkpt>
      <trkpt lat="47.379183" lon="0.681133"><ele>47.8</ele></trkpt>
      <trkpt lat="47.379170" lon="0.681128"><ele>47.8</ele></trkpt>
      <trkpt lat="47.378983" lon="0.681050"><ele>47.2</ele></trkpt>
      <trkpt lat="47.378529" lon="0.680860"><ele>47.8</ele></trkpt>
      <trkpt lat="47.378164" lon="0.680704"><ele>47.8</ele></trkpt>
      <trkpt lat="47.378117" lon="0.680687"><ele>47.8</ele></trkpt>
      <trkpt lat="47.378124" lon="0.680625"><ele>47.8</ele></trkpt>
      <trkpt lat="47.378169" lon="0.680181"><ele>48.0</ele></trkpt>
      <trkpt lat="47.378200" lon="0.679882"><ele>48.0</ele></trkpt>
      <trkpt lat="47.378204" lon="0.679842"><ele>48.0</ele></trkpt>
      <trkpt lat="47.378212" lon="0.679759"><ele>48.0</ele></trkpt>
      <trkpt lat="47.378215" lon="0.679722"><ele>48.0</ele></trkpt>
      <trkpt lat="47.378219" lon="0.679684"><ele>48.0</ele></trkpt>
      <trkpt lat="47.378173" lon="0.679674"><ele>48.0</ele></trkpt>
      <trkpt lat="47.378126" lon="0.679664"><ele>48.0</ele></trkpt>
      <trkpt lat="47.377794" lon="0.679590"><ele>48.0</ele></trkpt>
      <trkpt lat="47.377546" lon="0.679534"><ele>48.0</ele></trkpt>
      <trkpt lat="47.377484" lon="0.679522"><ele>48.0</ele></trkpt>
      <trkpt lat="47.377325" lon="0.679483"><ele>48.0</ele></trkpt>
      <trkpt lat="47.377237" lon="0.679465"><ele>48.0</ele></trkpt>
      <trkpt lat="47.377197" lon="0.679459"><ele>48.0</ele></trkpt>
      <trkpt lat="47.377066" lon="0.679430"><ele>48.0</ele></trkpt>
      <trkpt lat="47.376778" lon="0.679366"><ele>48.0</ele></trkpt>
      <trkpt lat="47.376739" lon="0.679358"><ele>48.0</ele></trkpt>
      <trkpt lat="47.376349" lon="0.679271"><ele>48.8</ele></trkpt>
      <trkpt lat="47.376317" lon="0.679263"><ele>49.0</ele></trkpt>
      <trkpt lat="47.376270" lon="0.679244"><ele>49.5</ele></trkpt>
      <trkpt lat="47.376199" lon="0.679158"><ele>50.2</ele></trkpt>
      <trkpt lat="47.375851" lon="0.679073"><ele>51.0</ele></trkpt>
      <trkpt lat="47.375664" lon="0.679029"><ele>48.2</ele></trkpt>
      <trkpt lat="47.375396" lon="0.678962"><ele>49.5</ele></trkpt>
      <trkpt lat="47.374971" lon="0.678853"><ele>50.5</ele></trkpt>
      <trkpt lat="47.374357" lon="0.678703"><ele>48.8</ele></trkpt>
      <trkpt lat="47.374318" lon="0.678682"><ele>48.8</ele></trkpt>
      <trkpt lat="47.374279" lon="0.678636"><ele>48.8</ele></trkpt>
      <trkpt lat="47.374128" lon="0.678500"><ele>49.0</ele></trkpt>
      <trkpt lat="47.374031" lon="0.678348"><ele>49.8</ele></trkpt>
      <trkpt lat="47.374011" lon="0.678316"><ele>50.0</ele></trkpt>
      <trkpt lat="47.373995" lon="0.678338"><ele>50.0</ele></trkpt>
      <trkpt lat="47.373983" lon="0.678355"><ele>50.2</ele></trkpt>
      <trkpt lat="47.373970" lon="0.678373"><ele>50.2</ele></trkpt>
      <trkpt lat="47.373966" lon="0.678378"><ele>50.2</ele></trkpt>
      <trkpt lat="47.373953" lon="0.678394"><ele>50.2</ele></trkpt>
      <trkpt lat="47.373905" lon="0.678341"><ele>50.8</ele></trkpt>
      <trkpt lat="47.373817" lon="0.678312"><ele>50.8</ele></trkpt>
      <trkpt lat="47.373796" lon="0.678311"><ele>50.8</ele></trkpt>
      <trkpt lat="47.373778" lon="0.678311"><ele>50.8</ele></trkpt>
      <trkpt lat="47.373680" lon="0.678311"><ele>50.8</ele></trkpt>
      <trkpt lat="47.373644" lon="0.678311"><ele>50.8</ele></trkpt>
      <trkpt lat="47.373621" lon="0.678312"><ele>50.8</ele></trkpt>
      <trkpt lat="47.373588" lon="0.678321"><ele>51.0</ele></trkpt>
      <trkpt lat="47.373561" lon="0.678352"><ele>51.0</ele></trkpt>
      <trkpt lat="47.373532" lon="0.678415"><ele>51.0</ele></trkpt>
      <trkpt lat="47.373499" lon="0.678453"><ele>51.0</ele></trkpt>
      <trkpt lat="47.373480" lon="0.678459"><ele>51.2</ele></trkpt>
      <trkpt lat="47.373454" lon="0.678453"><ele>51.2</ele></trkpt>
      <trkpt lat="47.373166" lon="0.678326"><ele>49.5</ele></trkpt>
      <trkpt lat="47.371792" lon="0.677717"><ele>47.2</ele></trkpt>
      <trkpt lat="47.371771" lon="0.677704"><ele>48.0</ele></trkpt>
      <trkpt lat="47.371755" lon="0.677682"><ele>48.2</ele></trkpt>
      <trkpt lat="47.371726" lon="0.677640"><ele>49.0</ele></trkpt>
      <trkpt lat="47.371738" lon="0.677584"><ele>48.8</ele></trkpt>
      <trkpt lat="47.371756" lon="0.677503"><ele>48.2</ele></trkpt>
      <trkpt lat="47.371795" lon="0.677282"><ele>47.5</ele></trkpt>
      <trkpt lat="47.371899" lon="0.676455"><ele>48.0</ele></trkpt>
      <trkpt lat="47.371930" lon="0.676312"><ele>48.0</ele></trkpt>
      <trkpt lat="47.371981" lon="0.676144"><ele>47.5</ele></trkpt>
      <trkpt lat="47.372474" lon="0.674894"><ele>47.5</ele></trkpt>
      <trkpt lat="47.372626" lon="0.674511"><ele>46.2</ele></trkpt>
      <trkpt lat="47.372671" lon="0.674356"><ele>46.5</ele></trkpt>
      <trkpt lat="47.372691" lon="0.674231"><ele>46.8</ele></trkpt>
      <trkpt lat="47.372706" lon="0.674085"><ele>47.0</ele></trkpt>
      <trkpt lat="47.372733" lon="0.673139"><ele>47.8</ele></trkpt>
      <trkpt lat="47.372743" lon="0.672420"><ele>48.0</ele></trkpt>
      <trkpt lat="47.372764" lon="0.671512"><ele>48.0</ele></trkpt>
      <trkpt lat="47.372827" lon="0.670162"><ele>47.5</ele></trkpt>
      <trkpt lat="47.372862" lon="0.669710"><ele>47.2</ele></trkpt>
      <trkpt lat="47.372908" lon="0.669137"><ele>46.2</ele></trkpt>
      <trkpt lat="47.372997" lon="0.668343"><ele>46.0</ele></trkpt>
      <trkpt lat="47.373130" lon="0.667344"><ele>46.2</ele></trkpt>
      <trkpt lat="47.373214" lon="0.666869"><ele>46.2</ele></trkpt>
      <trkpt lat="47.373276" lon="0.666586"><ele>46.5</ele></trkpt>
      <trkpt lat="47.373314" lon="0.666437"><ele>46.8</ele></trkpt>
      <trkpt lat="47.373395" lon="0.666186"><ele>46.2</ele></trkpt>
      <trkpt lat="47.373552" lon="0.665791"><ele>46.2</ele></trkpt>
      <trkpt lat="47.373608" lon="0.665628"><ele>46.5</ele></trkpt>
      <trkpt lat="47.373650" lon="0.665491"><ele>46.2</ele></trkpt>
      <trkpt lat="47.373689" lon="0.665320"><ele>46.0</ele></trkpt>
      <trkpt lat="47.373816" lon="0.664686"><ele>47.8</ele></trkpt>
      <trkpt lat="47.374020" lon="0.663826"><ele>47.8</ele></trkpt>
      <trkpt lat="47.374082" lon="0.663596"><ele>47.5</ele></trkpt>
      <trkpt lat="47.374133" lon="0.663437"><ele>47.2</ele></trkpt>
      <trkpt lat="47.374174" lon="0.663343"><ele>47.0</ele></trkpt>
      <trkpt lat="47.374313" lon="0.663091"><ele>47.8</ele></trkpt>
      <trkpt lat="47.374343" lon="0.663031"><ele>47.8</ele></trkpt>
      <trkpt lat="47.374360" lon="0.662974"><ele>47.5</ele></trkpt>
      <trkpt lat="47.374369" lon="0.662913"><ele>47.2</ele></trkpt>
      <trkpt lat="47.374372" lon="0.662825"><ele>47.0</ele></trkpt>
      <trkpt lat="47.374374" lon="0.662408"><ele>47.0</ele></trkpt>
      <trkpt lat="47.374417" lon="0.661813"><ele>47.0</ele></trkpt>
      <trkpt lat="47.374424" lon="0.661460"><ele>46.8</ele></trkpt>
      <trkpt lat="47.374418" lon="0.661308"><ele>47.0</ele></trkpt>
      <trkpt lat="47.374404" lon="0.661089"><ele>47.0</ele></trkpt>
      <trkpt lat="47.374338" lon="0.660576"><ele>47.0</ele></trkpt>
      <trkpt lat="47.374315" lon="0.660458"><ele>47.0</ele></trkpt>
      <trkpt lat="47.374224" lon="0.660138"><ele>47.0</ele></trkpt>
      <trkpt lat="47.373977" lon="0.659455"><ele>47.0</ele></trkpt>
      <trkpt lat="47.373843" lon="0.659099"><ele>47.0</ele></trkpt>
      <trkpt lat="47.373806" lon="0.658958"><ele>47.0</ele></trkpt>
      <trkpt lat="47.373763" lon="0.658777"><ele>47.0</ele></trkpt>
      <trkpt lat="47.373652" lon="0.658158"><ele>47.0</ele></trkpt>
      <trkpt lat="47.373512" lon="0.657273"><ele>46.5</ele></trkpt>
      <trkpt lat="47.373452" lon="0.656891"><ele>46.8</ele></trkpt>
      <trkpt lat="47.373359" lon="0.656049"><ele>46.0</ele></trkpt>
      <trkpt lat="47.373309" lon="0.655178"><ele>46.0</ele></trkpt>
      <trkpt lat="47.373347" lon="0.654766"><ele>46.0</ele></trkpt>
      <trkpt lat="47.373422" lon="0.654130"><ele>46.2</ele></trkpt>
      <trkpt lat="47.373419" lon="0.653540"><ele>46.2</ele></trkpt>
      <trkpt lat="47.373402" lon="0.653309"><ele>46.2</ele></trkpt>
      <trkpt lat="47.373833" lon="0.653135"><ele>46.0</ele></trkpt>
      <trkpt lat="47.373874" lon="0.653080"><ele>45.2</ele></trkpt>
      <trkpt lat="47.373895" lon="0.653035"><ele>45.0</ele></trkpt>
      <trkpt lat="47.373906" lon="0.652975"><ele>45.0</ele></trkpt>
      <trkpt lat="47.373903" lon="0.652890"><ele>45.2</ele></trkpt>
      <trkpt lat="47.373925" lon="0.652451"><ele>45.5</ele></trkpt>
      <trkpt lat="47.374104" lon="0.651371"><ele>46.0</ele></trkpt>
      <trkpt lat="47.374209" lon="0.650828"><ele>45.5</ele></trkpt>
      <trkpt lat="47.374287" lon="0.650279"><ele>45.2</ele></trkpt>
      <trkpt lat="47.374301" lon="0.649828"><ele>45.0</ele></trkpt>
      <trkpt lat="47.374288" lon="0.649650"><ele>45.0</ele></trkpt>
      <trkpt lat="47.374253" lon="0.649508"><ele>45.5</ele></trkpt>
      <trkpt lat="47.374182" lon="0.649315"><ele>46.2</ele></trkpt>
      <trkpt lat="47.373998" lon="0.648926"><ele>45.8</ele></trkpt>
      <trkpt lat="47.373891" lon="0.648741"><ele>45.8</ele></trkpt>
      <trkpt lat="47.373401" lon="0.648049"><ele>45.0</ele></trkpt>
      <trkpt lat="47.373106" lon="0.647618"><ele>45.5</ele></trkpt>
      <trkpt lat="47.372787" lon="0.647055"><ele>45.2</ele></trkpt>
      <trkpt lat="47.372423" lon="0.646339"><ele>45.5</ele></trkpt>
      <trkpt lat="47.372364" lon="0.646115"><ele>45.2</ele></trkpt>
      <trkpt lat="47.372299" lon="0.645573"><ele>45.0</ele></trkpt>
      <trkpt lat="47.372261" lon="0.645200"><ele>45.5</ele></trkpt>
      <trkpt lat="47.372233" lon="0.644834"><ele>45.8</ele></trkpt>
      <trkpt lat="47.372217" lon="0.644490"><ele>46.0</ele></trkpt>
      <trkpt lat="47.372178" lon="0.643134"><ele>45.0</ele></trkpt>
      <trkpt lat="47.372168" lon="0.642642"><ele>45.5</ele></trkpt>
      <trkpt lat="47.372175" lon="0.642281"><ele>46.0</ele></trkpt>
      <trkpt lat="47.372181" lon="0.641882"><ele>46.0</ele></trkpt>
      <trkpt lat="47.372159" lon="0.641104"><ele>45.8</ele></trkpt>
      <trkpt lat="47.372156" lon="0.641073"><ele>45.8</ele></trkpt>
      <trkpt lat="47.372131" lon="0.640843"><ele>45.8</ele></trkpt>
      <trkpt lat="47.372011" lon="0.639403"><ele>46.0</ele></trkpt>
      <trkpt lat="47.371954" lon="0.639309"><ele>46.0</ele></trkpt>
      <trkpt lat="47.371938" lon="0.639262"><ele>45.8</ele></trkpt>
      <trkpt lat="47.371528" lon="0.638068"><ele>45.0</ele></trkpt>
      <trkpt lat="47.371433" lon="0.637775"><ele>44.8</ele></trkpt>
      <trkpt lat="47.371396" lon="0.637652"><ele>45.0</ele></trkpt>
      <trkpt lat="47.371351" lon="0.637411"><ele>44.8</ele></trkpt>
      <trkpt lat="47.370858" lon="0.632415"><ele>45.0</ele></trkpt>
      <trkpt lat="47.370831" lon="0.632207"><ele>45.0</ele></trkpt>
      <trkpt lat="47.370547" lon="0.629891"><ele>45.0</ele></trkpt>
      <trkpt lat="47.370422" lon="0.628938"><ele>45.5</ele></trkpt>
      <trkpt lat="47.370397" lon="0.628675"><ele>45.2</ele></trkpt>
      <trkpt lat="47.370384" lon="0.628416"><ele>45.0</ele></trkpt>
      <trkpt lat="47.370386" lon="0.628210"><ele>45.0</ele></trkpt>
      <trkpt lat="47.370360" lon="0.625193"><ele>45.0</ele></trkpt>
      <trkpt lat="47.370335" lon="0.624929"><ele>45.0</ele></trkpt>
      <trkpt lat="47.370090" lon="0.623477"><ele>45.0</ele></trkpt>
      <trkpt lat="47.369203" lon="0.618162"><ele>45.0</ele></trkpt>
      <trkpt lat="47.369056" lon="0.617340"><ele>45.0</ele></trkpt>
      <trkpt lat="47.368832" lon="0.616122"><ele>45.0</ele></trkpt>
      <trkpt lat="47.368689" lon="0.615505"><ele>45.0</ele></trkpt>
      <trkpt lat="47.368612" lon="0.615263"><ele>45.0</ele></trkpt>
      <trkpt lat="47.368518" lon="0.615033"><ele>44.8</ele></trkpt>
      <trkpt lat="47.368284" lon="0.614613"><ele>44.8</ele></trkpt>
      <trkpt lat="47.368025" lon="0.614247"><ele>44.8</ele></trkpt>
      <trkpt lat="47.367549" lon="0.613453"><ele>45.0</ele></trkpt>
      <trkpt lat="47.367460" lon="0.613338"><ele>44.8</ele></trkpt>
      <trkpt lat="47.367326" lon="0.613187"><ele>44.5</ele></trkpt>
      <trkpt lat="47.367069" lon="0.612935"><ele>44.2</ele></trkpt>
      <trkpt lat="47.366559" lon="0.612480"><ele>44.2</ele></trkpt>
      <trkpt lat="47.366439" lon="0.612371"><ele>44.8</ele></trkpt>
      <trkpt lat="47.366144" lon="0.612104"><ele>44.5</ele></trkpt>
      <trkpt lat="47.366025" lon="0.611969"><ele>44.0</ele></trkpt>
      <trkpt lat="47.365913" lon="0.611821"><ele>44.2</ele></trkpt>
      <trkpt lat="47.365806" lon="0.611641"><ele>44.8</ele></trkpt>
      <trkpt lat="47.365672" lon="0.611370"><ele>44.0</ele></trkpt>
      <trkpt lat="47.365640" lon="0.611303"><ele>44.0</ele></trkpt>
      <trkpt lat="47.365493" lon="0.610944"><ele>44.5</ele></trkpt>
      <trkpt lat="47.365363" lon="0.610679"><ele>44.5</ele></trkpt>
      <trkpt lat="47.365297" lon="0.610558"><ele>44.8</ele></trkpt>
      <trkpt lat="47.365043" lon="0.610200"><ele>44.8</ele></trkpt>
      <trkpt lat="47.364918" lon="0.609990"><ele>44.5</ele></trkpt>
      <trkpt lat="47.364702" lon="0.609601"><ele>44.8</ele></trkpt>
      <trkpt lat="47.364486" lon="0.609161"><ele>44.8</ele></trkpt>
      <trkpt lat="47.364320" lon="0.608762"><ele>44.2</ele></trkpt>
      <trkpt lat="47.364164" lon="0.608314"><ele>44.0</ele></trkpt>
      <trkpt lat="47.363999" lon="0.607874"><ele>44.5</ele></trkpt>
      <trkpt lat="47.363840" lon="0.607424"><ele>44.5</ele></trkpt>
      <trkpt lat="47.363809" lon="0.607289"><ele>44.2</ele></trkpt>
      <trkpt lat="47.363799" lon="0.607243"><ele>44.2</ele></trkpt>
      <trkpt lat="47.363764" lon="0.607095"><ele>44.0</ele></trkpt>
      <trkpt lat="47.363705" lon="0.606856"><ele>44.2</ele></trkpt>
      <trkpt lat="47.363505" lon="0.606285"><ele>44.0</ele></trkpt>
      <trkpt lat="47.363305" lon="0.605540"><ele>44.8</ele></trkpt>
      <trkpt lat="47.363239" lon="0.605363"><ele>44.0</ele></trkpt>
      <trkpt lat="47.363186" lon="0.605240"><ele>43.8</ele></trkpt>
      <trkpt lat="47.363152" lon="0.605181"><ele>43.8</ele></trkpt>
      <trkpt lat="47.363059" lon="0.605053"><ele>43.8</ele></trkpt>
      <trkpt lat="47.362970" lon="0.604967"><ele>44.0</ele></trkpt>
      <trkpt lat="47.362850" lon="0.604883"><ele>44.0</ele></trkpt>
      <trkpt lat="47.362741" lon="0.604858"><ele>44.0</ele></trkpt>
      <trkpt lat="47.362771" lon="0.604772"><ele>44.0</ele></trkpt>
      <trkpt lat="47.362797" lon="0.604668"><ele>44.0</ele></trkpt>
      <trkpt lat="47.362821" lon="0.604507"><ele>44.2</ele></trkpt>
      <trkpt lat="47.362853" lon="0.604140"><ele>44.5</ele></trkpt>
      <trkpt lat="47.362867" lon="0.603908"><ele>45.2</ele></trkpt>
      <trkpt lat="47.362878" lon="0.603674"><ele>44.8</ele></trkpt>
      <trkpt lat="47.362858" lon="0.602989"><ele>43.8</ele></trkpt>
      <trkpt lat="47.362782" lon="0.602315"><ele>44.8</ele></trkpt>
      <trkpt lat="47.362769" lon="0.602155"><ele>44.8</ele></trkpt>
      <trkpt lat="47.362773" lon="0.602074"><ele>44.8</ele></trkpt>
      <trkpt lat="47.362776" lon="0.601995"><ele>44.8</ele></trkpt>
      <trkpt lat="47.362828" lon="0.601450"><ele>44.2</ele></trkpt>
      <trkpt lat="47.362844" lon="0.601179"><ele>44.2</ele></trkpt>
      <trkpt lat="47.362847" lon="0.600991"><ele>44.2</ele></trkpt>
      <trkpt lat="47.362827" lon="0.599924"><ele>44.5</ele></trkpt>
      <trkpt lat="47.362816" lon="0.599455"><ele>44.5</ele></trkpt>
      <trkpt lat="47.362826" lon="0.599193"><ele>44.5</ele></trkpt>
      <trkpt lat="47.362849" lon="0.598900"><ele>44.0</ele></trkpt>
      <trkpt lat="47.362885" lon="0.598588"><ele>43.8</ele></trkpt>
      <trkpt lat="47.362951" lon="0.598148"><ele>44.0</ele></trkpt>
      <trkpt lat="47.363044" lon="0.597283"><ele>44.8</ele></trkpt>
      <trkpt lat="47.363088" lon="0.596787"><ele>44.8</ele></trkpt>
      <trkpt lat="47.363098" lon="0.596276"><ele>44.0</ele></trkpt>
      <trkpt lat="47.363189" lon="0.595858"><ele>44.0</ele></trkpt>
      <trkpt lat="47.363413" lon="0.595058"><ele>44.0</ele></trkpt>
      <trkpt lat="47.363536" lon="0.594662"><ele>44.2</ele></trkpt>
      <trkpt lat="47.363736" lon="0.593921"><ele>43.5</ele></trkpt>
      <trkpt lat="47.363843" lon="0.593456"><ele>44.2</ele></trkpt>
      <trkpt lat="47.363996" lon="0.592592"><ele>44.0</ele></trkpt>
      <trkpt lat="47.364150" lon="0.591615"><ele>44.8</ele></trkpt>
      <trkpt lat="47.364259" lon="0.590795"><ele>44.0</ele></trkpt>
      <trkpt lat="47.364291" lon="0.590515"><ele>44.2</ele></trkpt>
      <trkpt lat="47.364322" lon="0.589963"><ele>43.8</ele></trkpt>
      <trkpt lat="47.364367" lon="0.589419"><ele>44.2</ele></trkpt>
      <trkpt lat="47.364386" lon="0.589053"><ele>44.5</ele></trkpt>
      <trkpt lat="47.364395" lon="0.588676"><ele>45.0</ele></trkpt>
      <trkpt lat="47.364389" lon="0.588522"><ele>44.5</ele></trkpt>
      <trkpt lat="47.364369" lon="0.588310"><ele>44.2</ele></trkpt>
      <trkpt lat="47.364342" lon="0.588110"><ele>44.2</ele></trkpt>
      <trkpt lat="47.364278" lon="0.587731"><ele>44.0</ele></trkpt>
      <trkpt lat="47.364214" lon="0.587445"><ele>44.5</ele></trkpt>
      <trkpt lat="47.364177" lon="0.587234"><ele>44.8</ele></trkpt>
      <trkpt lat="47.364151" lon="0.586935"><ele>44.8</ele></trkpt>
      <trkpt lat="47.364129" lon="0.586751"><ele>44.2</ele></trkpt>
      <trkpt lat="47.364103" lon="0.586593"><ele>44.0</ele></trkpt>
      <trkpt lat="47.364045" lon="0.586370"><ele>44.2</ele></trkpt>
      <trkpt lat="47.363978" lon="0.586194"><ele>44.0</ele></trkpt>
      <trkpt lat="47.362731" lon="0.582493"><ele>43.8</ele></trkpt>
      <trkpt lat="47.362402" lon="0.581687"><ele>42.8</ele></trkpt>
      <trkpt lat="47.362192" lon="0.581099"><ele>43.8</ele></trkpt>
      <trkpt lat="47.362000" lon="0.580489"><ele>43.5</ele></trkpt>
      <trkpt lat="47.361515" lon="0.579320"><ele>44.8</ele></trkpt>
      <trkpt lat="47.361424" lon="0.578970"><ele>45.0</ele></trkpt>
      <trkpt lat="47.361381" lon="0.578833"><ele>45.0</ele></trkpt>
      <trkpt lat="47.361280" lon="0.578580"><ele>44.8</ele></trkpt>
      <trkpt lat="47.361231" lon="0.578535"><ele>44.8</ele></trkpt>
      <trkpt lat="47.361169" lon="0.578365"><ele>44.5</ele></trkpt>
      <trkpt lat="47.361062" lon="0.577954"><ele>44.0</ele></trkpt>
      <trkpt lat="47.361016" lon="0.577744"><ele>43.8</ele></trkpt>
      <trkpt lat="47.360830" lon="0.576638"><ele>45.8</ele></trkpt>
      <trkpt lat="47.360767" lon="0.576367"><ele>44.5</ele></trkpt>
      <trkpt lat="47.360675" lon="0.575977"><ele>42.8</ele></trkpt>
      <trkpt lat="47.360604" lon="0.575571"><ele>44.2</ele></trkpt>
      <trkpt lat="47.360506" lon="0.574868"><ele>44.2</ele></trkpt>
      <trkpt lat="47.360455" lon="0.574414"><ele>43.2</ele></trkpt>
      <trkpt lat="47.360440" lon="0.573276"><ele>43.2</ele></trkpt>
      <trkpt lat="47.360466" lon="0.572241"><ele>42.5</ele></trkpt>
      <trkpt lat="47.360501" lon="0.571726"><ele>44.2</ele></trkpt>
      <trkpt lat="47.360565" lon="0.571140"><ele>45.8</ele></trkpt>
      <trkpt lat="47.360621" lon="0.570729"><ele>44.2</ele></trkpt>
      <trkpt lat="47.360663" lon="0.570500"><ele>43.2</ele></trkpt>
      <trkpt lat="47.360730" lon="0.570242"><ele>43.5</ele></trkpt>
      <trkpt lat="47.360789" lon="0.570077"><ele>44.2</ele></trkpt>
      <trkpt lat="47.360840" lon="0.569959"><ele>44.8</ele></trkpt>
      <trkpt lat="47.361232" lon="0.569257"><ele>43.2</ele></trkpt>
      <trkpt lat="47.361362" lon="0.569007"><ele>44.0</ele></trkpt>
      <trkpt lat="47.361450" lon="0.568808"><ele>44.0</ele></trkpt>
      <trkpt lat="47.361606" lon="0.568510"><ele>43.5</ele></trkpt>
      <trkpt lat="47.361765" lon="0.568234"><ele>43.2</ele></trkpt>
      <trkpt lat="47.361936" lon="0.567966"><ele>44.2</ele></trkpt>
      <trkpt lat="47.362076" lon="0.567702"><ele>43.2</ele></trkpt>
      <trkpt lat="47.362210" lon="0.567427"><ele>44.2</ele></trkpt>
      <trkpt lat="47.362566" lon="0.566589"><ele>44.0</ele></trkpt>
      <trkpt lat="47.362723" lon="0.566261"><ele>44.2</ele></trkpt>
      <trkpt lat="47.362905" lon="0.565946"><ele>44.2</ele></trkpt>
      <trkpt lat="47.362997" lon="0.565766"><ele>44.8</ele></trkpt>
      <trkpt lat="47.363092" lon="0.565559"><ele>44.5</ele></trkpt>
      <trkpt lat="47.363236" lon="0.565212"><ele>43.5</ele></trkpt>
      <trkpt lat="47.363379" lon="0.564781"><ele>44.5</ele></trkpt>
      <trkpt lat="47.363432" lon="0.564553"><ele>43.8</ele></trkpt>
      <trkpt lat="47.363457" lon="0.564363"><ele>43.5</ele></trkpt>
      <trkpt lat="47.363455" lon="0.563897"><ele>43.5</ele></trkpt>
      <trkpt lat="47.363438" lon="0.563588"><ele>43.5</ele></trkpt>
      <trkpt lat="47.363391" lon="0.563245"><ele>44.5</ele></trkpt>
      <trkpt lat="47.363356" lon="0.563085"><ele>44.8</ele></trkpt>
      <trkpt lat="47.363292" lon="0.562830"><ele>44.0</ele></trkpt>
      <trkpt lat="47.363249" lon="0.562687"><ele>43.8</ele></trkpt>
      <trkpt lat="47.363163" lon="0.562458"><ele>44.8</ele></trkpt>
      <trkpt lat="47.363065" lon="0.562185"><ele>46.5</ele></trkpt>
      <trkpt lat="47.362842" lon="0.561702"><ele>45.5</ele></trkpt>
      <trkpt lat="47.362762" lon="0.561557"><ele>45.0</ele></trkpt>
      <trkpt lat="47.362679" lon="0.561424"><ele>44.8</ele></trkpt>
      <trkpt lat="47.362578" lon="0.561292"><ele>45.2</ele></trkpt>
      <trkpt lat="47.362484" lon="0.561186"><ele>45.8</ele></trkpt>
      <trkpt lat="47.362463" lon="0.561095"><ele>45.5</ele></trkpt>
      <trkpt lat="47.362403" lon="0.560967"><ele>44.8</ele></trkpt>
      <trkpt lat="47.362302" lon="0.560782"><ele>44.8</ele></trkpt>
      <trkpt lat="47.362190" lon="0.560620"><ele>45.0</ele></trkpt>
      <trkpt lat="47.362082" lon="0.560447"><ele>44.5</ele></trkpt>
      <trkpt lat="47.361863" lon="0.559965"><ele>44.5</ele></trkpt>
      <trkpt lat="47.361795" lon="0.559792"><ele>44.0</ele></trkpt>
      <trkpt lat="47.361487" lon="0.559017"><ele>44.0</ele></trkpt>
      <trkpt lat="47.361258" lon="0.558361"><ele>42.5</ele></trkpt>
      <trkpt lat="47.361162" lon="0.558178"><ele>43.8</ele></trkpt>
      <trkpt lat="47.361071" lon="0.558051"><ele>44.8</ele></trkpt>
      <trkpt lat="47.360937" lon="0.557905"><ele>43.8</ele></trkpt>
      <trkpt lat="47.360818" lon="0.557762"><ele>44.8</ele></trkpt>
      <trkpt lat="47.360770" lon="0.557684"><ele>44.2</ele></trkpt>
      <trkpt lat="47.360704" lon="0.557555"><ele>43.5</ele></trkpt>
      <trkpt lat="47.360627" lon="0.557353"><ele>43.2</ele></trkpt>
      <trkpt lat="47.360581" lon="0.557210"><ele>43.5</ele></trkpt>
      <trkpt lat="47.360535" lon="0.557029"><ele>44.0</ele></trkpt>
      <trkpt lat="47.360233" lon="0.555506"><ele>43.8</ele></trkpt>
      <trkpt lat="47.360155" lon="0.555196"><ele>43.0</ele></trkpt>
      <trkpt lat="47.360120" lon="0.555083"><ele>43.2</ele></trkpt>
      <trkpt lat="47.360008" lon="0.554849"><ele>43.8</ele></trkpt>
      <trkpt lat="47.359803" lon="0.554511"><ele>44.0</ele></trkpt>
      <trkpt lat="47.359694" lon="0.554254"><ele>44.0</ele></trkpt>
      <trkpt lat="47.359666" lon="0.554141"><ele>44.0</ele></trkpt>
      <trkpt lat="47.359650" lon="0.553999"><ele>44.0</ele></trkpt>
      <trkpt lat="47.359644" lon="0.553855"><ele>44.0</ele></trkpt>
      <trkpt lat="47.359644" lon="0.553715"><ele>44.0</ele></trkpt>
      <trkpt lat="47.359662" lon="0.553452"><ele>44.0</ele></trkpt>
      <trkpt lat="47.359662" lon="0.553292"><ele>44.0</ele></trkpt>
      <trkpt lat="47.359648" lon="0.553150"><ele>44.0</ele></trkpt>
      <trkpt lat="47.359572" lon="0.552850"><ele>44.0</ele></trkpt>
      <trkpt lat="47.359539" lon="0.552748"><ele>44.0</ele></trkpt>
      <trkpt lat="47.359475" lon="0.552601"><ele>44.0</ele></trkpt>
      <trkpt lat="47.359366" lon="0.552435"><ele>44.0</ele></trkpt>
      <trkpt lat="47.359200" lon="0.552220"><ele>44.0</ele></trkpt>
      <trkpt lat="47.358992" lon="0.551978"><ele>43.8</ele></trkpt>
      <trkpt lat="47.358933" lon="0.551900"><ele>43.5</ele></trkpt>
      <trkpt lat="47.358708" lon="0.551620"><ele>44.0</ele></trkpt>
      <trkpt lat="47.358651" lon="0.551563"><ele>43.8</ele></trkpt>
      <trkpt lat="47.358599" lon="0.551527"><ele>43.2</ele></trkpt>
      <trkpt lat="47.358544" lon="0.551505"><ele>43.2</ele></trkpt>
      <trkpt lat="47.358495" lon="0.551501"><ele>43.2</ele></trkpt>
      <trkpt lat="47.358145" lon="0.551554"><ele>43.0</ele></trkpt>
      <trkpt lat="47.358018" lon="0.551555"><ele>43.0</ele></trkpt>
      <trkpt lat="47.357879" lon="0.551501"><ele>43.0</ele></trkpt>
      <trkpt lat="47.357827" lon="0.551449"><ele>43.0</ele></trkpt>
      <trkpt lat="47.357717" lon="0.551303"><ele>43.0</ele></trkpt>
      <trkpt lat="47.357637" lon="0.551132"><ele>43.0</ele></trkpt>
      <trkpt lat="47.357600" lon="0.551012"><ele>42.8</ele></trkpt>
      <trkpt lat="47.357522" lon="0.550657"><ele>43.0</ele></trkpt>
      <trkpt lat="47.357462" lon="0.550467"><ele>43.0</ele></trkpt>
      <trkpt lat="47.357390" lon="0.550368"><ele>43.0</ele></trkpt>
      <trkpt lat="47.357308" lon="0.550330"><ele>43.0</ele></trkpt>
      <trkpt lat="47.355992" lon="0.550163"><ele>43.0</ele></trkpt>
      <trkpt lat="47.355578" lon="0.550132"><ele>43.0</ele></trkpt>
      <trkpt lat="47.354417" lon="0.550105"><ele>43.0</ele></trkpt>
      <trkpt lat="47.354082" lon="0.550088"><ele>43.0</ele></trkpt>
      <trkpt lat="47.353702" lon="0.550047"><ele>42.2</ele></trkpt>
      <trkpt lat="47.353705" lon="0.549182"><ele>43.0</ele></trkpt>
      <trkpt lat="47.353705" lon="0.549055"><ele>42.2</ele></trkpt>
      <trkpt lat="47.353321" lon="0.549321"><ele>42.0</ele></trkpt>
      <trkpt lat="47.353057" lon="0.549465"><ele>43.0</ele></trkpt>
      <trkpt lat="47.352784" lon="0.549595"><ele>42.0</ele></trkpt>
      <trkpt lat="47.352609" lon="0.549649"><ele>42.2</ele></trkpt>
      <trkpt lat="47.352398" lon="0.549693"><ele>42.8</ele></trkpt>
      <trkpt lat="47.352031" lon="0.549736"><ele>43.0</ele></trkpt>
      <trkpt lat="47.351545" lon="0.549775"><ele>41.8</ele></trkpt>
      <trkpt lat="47.351138" lon="0.549788"><ele>41.2</ele></trkpt>
      <trkpt lat="47.351081" lon="0.549783"><ele>41.5</ele></trkpt>
      <trkpt lat="47.351025" lon="0.549752"><ele>41.8</ele></trkpt>
      <trkpt lat="47.350883" lon="0.549667"><ele>42.2</ele></trkpt>
      <trkpt lat="47.350369" lon="0.549359"><ele>42.2</ele></trkpt>
      <trkpt lat="47.350162" lon="0.549230"><ele>41.8</ele></trkpt>
      <trkpt lat="47.349865" lon="0.549048"><ele>41.8</ele></trkpt>
      <trkpt lat="47.349682" lon="0.548933"><ele>41.5</ele></trkpt>
      <trkpt lat="47.349475" lon="0.548810"><ele>42.2</ele></trkpt>
      <trkpt lat="47.349205" lon="0.548718"><ele>42.2</ele></trkpt>
      <trkpt lat="47.349173" lon="0.548692"><ele>42.2</ele></trkpt>
      <trkpt lat="47.349142" lon="0.548654"><ele>42.0</ele></trkpt>
      <trkpt lat="47.349137" lon="0.548562"><ele>41.8</ele></trkpt>
      <trkpt lat="47.349115" lon="0.548504"><ele>41.8</ele></trkpt>
      <trkpt lat="47.349025" lon="0.548324"><ele>42.0</ele></trkpt>
      <trkpt lat="47.348893" lon="0.548061"><ele>42.8</ele></trkpt>
      <trkpt lat="47.348731" lon="0.547702"><ele>42.5</ele></trkpt>
      <trkpt lat="47.348694" lon="0.547699"><ele>43.0</ele></trkpt>
      <trkpt lat="47.348661" lon="0.547709"><ele>43.2</ele></trkpt>
      <trkpt lat="47.348592" lon="0.547674"><ele>44.0</ele></trkpt>
      <trkpt lat="47.348562" lon="0.547451"><ele>44.0</ele></trkpt>
      <trkpt lat="47.348514" lon="0.546933"><ele>42.2</ele></trkpt>
      <trkpt lat="47.348437" lon="0.546431"><ele>43.5</ele></trkpt>
      <trkpt lat="47.348414" lon="0.546284"><ele>43.5</ele></trkpt>
      <trkpt lat="47.348351" lon="0.546031"><ele>43.5</ele></trkpt>
      <trkpt lat="47.348311" lon="0.545871"><ele>43.2</ele></trkpt>
      <trkpt lat="47.348264" lon="0.545719"><ele>42.8</ele></trkpt>
      <trkpt lat="47.348178" lon="0.545536"><ele>43.0</ele></trkpt>
      <trkpt lat="47.348096" lon="0.545417"><ele>44.8</ele></trkpt>
      <trkpt lat="47.348068" lon="0.545380"><ele>45.2</ele></trkpt>
      <trkpt lat="47.348029" lon="0.545347"><ele>45.8</ele></trkpt>
      <trkpt lat="47.348014" lon="0.545232"><ele>45.8</ele></trkpt>
      <trkpt lat="47.348074" lon="0.545214"><ele>44.8</ele></trkpt>
      <trkpt lat="47.348057" lon="0.545085"><ele>43.8</ele></trkpt>
      <trkpt lat="47.348000" lon="0.545101"><ele>44.5</ele></trkpt>
      <trkpt lat="47.347998" lon="0.545075"><ele>44.5</ele></trkpt>
      <trkpt lat="47.348006" lon="0.544776"><ele>41.5</ele></trkpt>
      <trkpt lat="47.347988" lon="0.544543"><ele>41.5</ele></trkpt>
      <trkpt lat="47.347861" lon="0.543345"><ele>43.8</ele></trkpt>
      <trkpt lat="47.347839" lon="0.543085"><ele>43.0</ele></trkpt>
      <trkpt lat="47.347819" lon="0.542978"><ele>42.5</ele></trkpt>
      <trkpt lat="47.347784" lon="0.542894"><ele>42.0</ele></trkpt>
      <trkpt lat="47.347663" lon="0.542133"><ele>41.8</ele></trkpt>
      <trkpt lat="47.347654" lon="0.542073"><ele>41.8</ele></trkpt>
      <trkpt lat="47.347639" lon="0.542023"><ele>42.0</ele></trkpt>
      <trkpt lat="47.347625" lon="0.541995"><ele>42.2</ele></trkpt>
      <trkpt lat="47.347595" lon="0.541972"><ele>43.0</ele></trkpt>
      <trkpt lat="47.347548" lon="0.541683"><ele>42.2</ele></trkpt>
      <trkpt lat="47.347503" lon="0.541470"><ele>42.2</ele></trkpt>
      <trkpt lat="47.347490" lon="0.541376"><ele>42.2</ele></trkpt>
      <trkpt lat="47.347423" lon="0.540701"><ele>41.5</ele></trkpt>
      <trkpt lat="47.347408" lon="0.540363"><ele>41.2</ele></trkpt>
      <trkpt lat="47.347345" lon="0.539783"><ele>42.2</ele></trkpt>
      <trkpt lat="47.347316" lon="0.539570"><ele>42.5</ele></trkpt>
      <trkpt lat="47.347276" lon="0.539150"><ele>42.8</ele></trkpt>
      <trkpt lat="47.347213" lon="0.538369"><ele>41.2</ele></trkpt>
      <trkpt lat="47.347142" lon="0.537774"><ele>42.0</ele></trkpt>
      <trkpt lat="47.347122" lon="0.537558"><ele>41.5</ele></trkpt>
      <trkpt lat="47.346990" lon="0.536672"><ele>43.0</ele></trkpt>
      <trkpt lat="47.346937" lon="0.536491"><ele>44.0</ele></trkpt>
      <trkpt lat="47.346922" lon="0.536397"><ele>44.0</ele></trkpt>
      <trkpt lat="47.346908" lon="0.535924"><ele>43.2</ele></trkpt>
      <trkpt lat="47.346871" lon="0.535066"><ele>42.5</ele></trkpt>
      <trkpt lat="47.346875" lon="0.534695"><ele>42.0</ele></trkpt>
      <trkpt lat="47.346916" lon="0.534074"><ele>42.0</ele></trkpt>
      <trkpt lat="47.346929" lon="0.533604"><ele>43.0</ele></trkpt>
      <trkpt lat="47.346946" lon="0.533440"><ele>42.8</ele></trkpt>
      <trkpt lat="47.347100" lon="0.532691"><ele>41.0</ele></trkpt>
      <trkpt lat="47.347127" lon="0.532485"><ele>41.0</ele></trkpt>
      <trkpt lat="47.347119" lon="0.532305"><ele>41.0</ele></trkpt>
      <trkpt lat="47.347012" lon="0.531619"><ele>42.5</ele></trkpt>
      <trkpt lat="47.347000" lon="0.531497"><ele>42.5</ele></trkpt>
      <trkpt lat="47.346982" lon="0.530980"><ele>42.8</ele></trkpt>
      <trkpt lat="47.346960" lon="0.530783"><ele>42.8</ele></trkpt>
      <trkpt lat="47.346841" lon="0.530068"><ele>42.2</ele></trkpt>
      <trkpt lat="47.346792" lon="0.529764"><ele>42.5</ele></trkpt>
      <trkpt lat="47.346796" lon="0.529661"><ele>42.5</ele></trkpt>
      <trkpt lat="47.346978" lon="0.529132"><ele>42.0</ele></trkpt>
      <trkpt lat="47.347014" lon="0.528973"><ele>42.2</ele></trkpt>
      <trkpt lat="47.347029" lon="0.528475"><ele>42.5</ele></trkpt>
      <trkpt lat="47.347013" lon="0.528367"><ele>42.2</ele></trkpt>
      <trkpt lat="47.346418" lon="0.526154"><ele>41.0</ele></trkpt>
      <trkpt lat="47.346355" lon="0.525937"><ele>41.5</ele></trkpt>
      <trkpt lat="47.346306" lon="0.525837"><ele>41.8</ele></trkpt>
      <trkpt lat="47.346278" lon="0.525800"><ele>41.8</ele></trkpt>
      <trkpt lat="47.346175" lon="0.525662"><ele>41.0</ele></trkpt>
      <trkpt lat="47.345803" lon="0.524937"><ele>42.5</ele></trkpt>
      <trkpt lat="47.345739" lon="0.524437"><ele>41.8</ele></trkpt>
      <trkpt lat="47.345656" lon="0.524256"><ele>41.8</ele></trkpt>
      <trkpt lat="47.345451" lon="0.523962"><ele>41.2</ele></trkpt>
      <trkpt lat="47.345130" lon="0.523595"><ele>41.8</ele></trkpt>
      <trkpt lat="47.344828" lon="0.523184"><ele>41.5</ele></trkpt>
      <trkpt lat="47.344625" lon="0.522862"><ele>41.2</ele></trkpt>
      <trkpt lat="47.344263" lon="0.522011"><ele>42.2</ele></trkpt>
      <trkpt lat="47.343986" lon="0.521299"><ele>41.8</ele></trkpt>
      <trkpt lat="47.343777" lon="0.520636"><ele>42.8</ele></trkpt>
      <trkpt lat="47.343675" lon="0.520430"><ele>44.5</ele></trkpt>
      <trkpt lat="47.343653" lon="0.520378"><ele>44.8</ele></trkpt>
      <trkpt lat="47.343646" lon="0.520342"><ele>45.0</ele></trkpt>
      <trkpt lat="47.343645" lon="0.520120"><ele>44.5</ele></trkpt>
      <trkpt lat="47.343596" lon="0.519465"><ele>45.8</ele></trkpt>
      <trkpt lat="47.343497" lon="0.518503"><ele>40.8</ele></trkpt>
      <trkpt lat="47.343433" lon="0.517730"><ele>41.0</ele></trkpt>
      <trkpt lat="47.343424" lon="0.517494"><ele>41.5</ele></trkpt>
      <trkpt lat="47.343475" lon="0.516871"><ele>40.8</ele></trkpt>
      <trkpt lat="47.343497" lon="0.516446"><ele>41.2</ele></trkpt>
      <trkpt lat="47.343539" lon="0.516061"><ele>42.0</ele></trkpt>
      <trkpt lat="47.343592" lon="0.515660"><ele>44.8</ele></trkpt>
      <trkpt lat="47.343630" lon="0.515419"><ele>45.5</ele></trkpt>
      <trkpt lat="47.343730" lon="0.514993"><ele>41.2</ele></trkpt>
      <trkpt lat="47.343783" lon="0.514757"><ele>41.2</ele></trkpt>
      <trkpt lat="47.343830" lon="0.514511"><ele>43.2</ele></trkpt>
      <trkpt lat="47.343879" lon="0.514212"><ele>44.8</ele></trkpt>
      <trkpt lat="47.343937" lon="0.513802"><ele>43.8</ele></trkpt>
      <trkpt lat="47.344032" lon="0.512995"><ele>41.5</ele></trkpt>
      <trkpt lat="47.344115" lon="0.512184"><ele>42.8</ele></trkpt>
      <trkpt lat="47.344137" lon="0.511920"><ele>43.8</ele></trkpt>
      <trkpt lat="47.344152" lon="0.510282"><ele>45.8</ele></trkpt>
      <trkpt lat="47.344103" lon="0.510368"><ele>45.0</ele></trkpt>
      <trkpt lat="47.344032" lon="0.510437"><ele>44.5</ele></trkpt>
      <trkpt lat="47.343245" lon="0.510699"><ele>42.5</ele></trkpt>
      <trkpt lat="47.342381" lon="0.510969"><ele>42.5</ele></trkpt>
      <trkpt lat="47.341714" lon="0.511172"><ele>42.8</ele></trkpt>
      <trkpt lat="47.341032" lon="0.511374"><ele>43.8</ele></trkpt>
      <trkpt lat="47.340824" lon="0.511431"><ele>44.0</ele></trkpt>
      <trkpt lat="47.340382" lon="0.511521"><ele>44.5</ele></trkpt>
      <trkpt lat="47.340327" lon="0.511535"><ele>44.8</ele></trkpt>
      <trkpt lat="47.340340" lon="0.511979"><ele>45.8</ele></trkpt>
      <trkpt lat="47.340336" lon="0.512037"><ele>45.8</ele></trkpt>
      <trkpt lat="47.340327" lon="0.512054"><ele>45.8</ele></trkpt>
      <trkpt lat="47.340039" lon="0.512176"><ele>47.5</ele></trkpt>
      <trkpt lat="47.340047" lon="0.512207"><ele>47.5</ele></trkpt>
      <trkpt lat="47.340055" lon="0.512229"><ele>47.5</ele></trkpt>
      <trkpt lat="47.340171" lon="0.512528"><ele>47.0</ele></trkpt>
      <trkpt lat="47.340332" lon="0.512937"><ele>46.8</ele></trkpt>
      <trkpt lat="47.340500" lon="0.513356"><ele>47.0</ele></trkpt>
      <trkpt lat="47.340670" lon="0.513799"><ele>47.2</ele></trkpt>
      <trkpt lat="47.340384" lon="0.514016"><ele>47.0</ele></trkpt>
      <trkpt lat="47.340266" lon="0.514102"><ele>47.2</ele></trkpt>
      <trkpt lat="47.340384" lon="0.514016"><ele>47.0</ele></trkpt>
      <trkpt lat="47.340670" lon="0.513799"><ele>47.2</ele></trkpt>
      <trkpt lat="47.340500" lon="0.513356"><ele>47.0</ele></trkpt>
      <trkpt lat="47.340332" lon="0.512937"><ele>46.8</ele></trkpt>
      <trkpt lat="47.340171" lon="0.512528"><ele>47.0</ele></trkpt>
      <trkpt lat="47.340055" lon="0.512229"><ele>47.5</ele></trkpt>
      <trkpt lat="47.340047" lon="0.512207"><ele>47.5</ele></trkpt>
      <trkpt lat="47.340039" lon="0.512176"><ele>47.5</ele></trkpt>
      <trkpt lat="47.339134" lon="0.512625"><ele>52.0</ele></trkpt>
      <trkpt lat="47.339080" lon="0.512626"><ele>52.8</ele></trkpt>
      <trkpt lat="47.339025" lon="0.512601"><ele>53.5</ele></trkpt>
      <trkpt lat="47.338849" lon="0.512452"><ele>56.2</ele></trkpt>
      <trkpt lat="47.338815" lon="0.512445"><ele>56.5</ele></trkpt>
      <trkpt lat="47.338773" lon="0.512450"><ele>56.8</ele></trkpt>
      <trkpt lat="47.338724" lon="0.512470"><ele>57.2</ele></trkpt>
      <trkpt lat="47.338672" lon="0.512511"><ele>57.5</ele></trkpt>
      <trkpt lat="47.338569" lon="0.512367"><ele>58.8</ele></trkpt>
      <trkpt lat="47.338557" lon="0.512317"><ele>59.0</ele></trkpt>
      <trkpt lat="47.338550" lon="0.512215"><ele>59.2</ele></trkpt>
      <trkpt lat="47.338529" lon="0.512113"><ele>59.8</ele></trkpt>
      <trkpt lat="47.338511" lon="0.512128"><ele>60.0</ele></trkpt>
      <trkpt lat="47.338457" lon="0.511994"><ele>60.8</ele></trkpt>
      <trkpt lat="47.338310" lon="0.511385"><ele>63.0</ele></trkpt>
      <trkpt lat="47.338288" lon="0.511240"><ele>62.8</ele></trkpt>
      <trkpt lat="47.338292" lon="0.511214"><ele>62.8</ele></trkpt>
      <trkpt lat="47.338340" lon="0.511108"><ele>61.8</ele></trkpt>
      <trkpt lat="47.338384" lon="0.511174"><ele>61.8</ele></trkpt>
      <trkpt lat="47.338416" lon="0.511183"><ele>61.5</ele></trkpt>
      <trkpt lat="47.338443" lon="0.511171"><ele>61.2</ele></trkpt>
      <trkpt lat="47.338495" lon="0.511092"><ele>60.8</ele></trkpt>
      <trkpt lat="47.338496" lon="0.511055"><ele>60.8</ele></trkpt>
      <trkpt lat="47.338486" lon="0.511018"><ele>61.0</ele></trkpt>
      <trkpt lat="47.338393" lon="0.510877"><ele>62.0</ele></trkpt>
      <trkpt lat="47.338343" lon="0.510865"><ele>62.8</ele></trkpt>
      <trkpt lat="47.338338" lon="0.510796"><ele>62.8</ele></trkpt>
      <trkpt lat="47.338316" lon="0.510686"><ele>63.0</ele></trkpt>
      <trkpt lat="47.338115" lon="0.509980"><ele>65.2</ele></trkpt>
      <trkpt lat="47.337974" lon="0.509302"><ele>68.5</ele></trkpt>
      <trkpt lat="47.337878" lon="0.508678"><ele>69.5</ele></trkpt>
      <trkpt lat="47.337824" lon="0.508398"><ele>70.0</ele></trkpt>
      <trkpt lat="47.337754" lon="0.508083"><ele>71.2</ele></trkpt>
      <trkpt lat="47.337651" lon="0.507681"><ele>70.0</ele></trkpt>
      <trkpt lat="47.337602" lon="0.507526"><ele>70.0</ele></trkpt>
      <trkpt lat="47.337507" lon="0.507296"><ele>72.0</ele></trkpt>
      <trkpt lat="47.337285" lon="0.506842"><ele>74.0</ele></trkpt>
      <trkpt lat="47.337147" lon="0.506524"><ele>73.0</ele></trkpt>
      <trkpt lat="47.336744" lon="0.505718"><ele>72.2</ele></trkpt>
      <trkpt lat="47.336587" lon="0.505431"><ele>73.2</ele></trkpt>
      <trkpt lat="47.336493" lon="0.505240"><ele>73.8</ele></trkpt>
      <trkpt lat="47.336285" lon="0.504717"><ele>75.0</ele></trkpt>
      <trkpt lat="47.336081" lon="0.504163"><ele>77.0</ele></trkpt>
      <trkpt lat="47.335913" lon="0.503750"><ele>77.0</ele></trkpt>
      <trkpt lat="47.335754" lon="0.503300"><ele>77.5</ele></trkpt>
      <trkpt lat="47.335498" lon="0.502498"><ele>76.8</ele></trkpt>
      <trkpt lat="47.335425" lon="0.502291"><ele>76.2</ele></trkpt>
      <trkpt lat="47.335285" lon="0.501966"><ele>76.0</ele></trkpt>
      <trkpt lat="47.335077" lon="0.501537"><ele>73.8</ele></trkpt>
      <trkpt lat="47.334776" lon="0.500784"><ele>72.8</ele></trkpt>
      <trkpt lat="47.334627" lon="0.500418"><ele>73.5</ele></trkpt>
      <trkpt lat="47.334467" lon="0.500059"><ele>74.8</ele></trkpt>
      <trkpt lat="47.334238" lon="0.499649"><ele>75.2</ele></trkpt>
      <trkpt lat="47.333750" lon="0.498647"><ele>76.0</ele></trkpt>
      <trkpt lat="47.333551" lon="0.498288"><ele>76.0</ele></trkpt>
      <trkpt lat="47.333467" lon="0.498145"><ele>76.5</ele></trkpt>
      <trkpt lat="47.333415" lon="0.498059"><ele>76.5</ele></trkpt>
      <trkpt lat="47.333271" lon="0.497775"><ele>78.0</ele></trkpt>
      <trkpt lat="47.333212" lon="0.497638"><ele>78.2</ele></trkpt>
      <trkpt lat="47.333173" lon="0.497560"><ele>78.5</ele></trkpt>
      <trkpt lat="47.333082" lon="0.497410"><ele>78.8</ele></trkpt>
      <trkpt lat="47.332901" lon="0.497148"><ele>79.0</ele></trkpt>
      <trkpt lat="47.332792" lon="0.496973"><ele>79.0</ele></trkpt>
      <trkpt lat="47.332444" lon="0.496214"><ele>79.2</ele></trkpt>
      <trkpt lat="47.332327" lon="0.495933"><ele>79.8</ele></trkpt>
      <trkpt lat="47.332196" lon="0.495576"><ele>80.0</ele></trkpt>
      <trkpt lat="47.332081" lon="0.494943"><ele>80.0</ele></trkpt>
      <trkpt lat="47.332055" lon="0.494709"><ele>80.0</ele></trkpt>
      <trkpt lat="47.332048" lon="0.494496"><ele>80.5</ele></trkpt>
      <trkpt lat="47.332052" lon="0.494397"><ele>80.5</ele></trkpt>
      <trkpt lat="47.332091" lon="0.494032"><ele>79.8</ele></trkpt>
      <trkpt lat="47.332100" lon="0.493919"><ele>79.8</ele></trkpt>
      <trkpt lat="47.332101" lon="0.493811"><ele>79.2</ele></trkpt>
      <trkpt lat="47.332098" lon="0.493699"><ele>78.5</ele></trkpt>
      <trkpt lat="47.332074" lon="0.493519"><ele>77.8</ele></trkpt>
      <trkpt lat="47.332012" lon="0.493307"><ele>78.0</ele></trkpt>
      <trkpt lat="47.331921" lon="0.493048"><ele>77.0</ele></trkpt>
      <trkpt lat="47.331843" lon="0.492864"><ele>76.0</ele></trkpt>
      <trkpt lat="47.331743" lon="0.492678"><ele>76.8</ele></trkpt>
      <trkpt lat="47.331527" lon="0.492350"><ele>79.5</ele></trkpt>
      <trkpt lat="47.330986" lon="0.491487"><ele>81.2</ele></trkpt>
      <trkpt lat="47.330833" lon="0.491121"><ele>81.8</ele></trkpt>
      <trkpt lat="47.330745" lon="0.490846"><ele>81.2</ele></trkpt>
      <trkpt lat="47.330627" lon="0.490569"><ele>81.2</ele></trkpt>
      <trkpt lat="47.330419" lon="0.490261"><ele>81.2</ele></trkpt>
      <trkpt lat="47.330198" lon="0.489908"><ele>82.0</ele></trkpt>
      <trkpt lat="47.329519" lon="0.488657"><ele>84.5</ele></trkpt>
      <trkpt lat="47.329275" lon="0.488226"><ele>84.8</ele></trkpt>
      <trkpt lat="47.328662" lon="0.487167"><ele>84.0</ele></trkpt>
      <trkpt lat="47.328566" lon="0.486970"><ele>83.8</ele></trkpt>
      <trkpt lat="47.328537" lon="0.486873"><ele>83.5</ele></trkpt>
      <trkpt lat="47.328522" lon="0.486795"><ele>83.5</ele></trkpt>
      <trkpt lat="47.328478" lon="0.486277"><ele>83.5</ele></trkpt>
      <trkpt lat="47.328466" lon="0.486203"><ele>83.2</ele></trkpt>
      <trkpt lat="47.328427" lon="0.486061"><ele>83.2</ele></trkpt>
      <trkpt lat="47.328398" lon="0.485993"><ele>83.0</ele></trkpt>
      <trkpt lat="47.328370" lon="0.485940"><ele>83.0</ele></trkpt>
      <trkpt lat="47.328290" lon="0.485825"><ele>82.5</ele></trkpt>
      <trkpt lat="47.328201" lon="0.485729"><ele>81.8</ele></trkpt>
      <trkpt lat="47.328040" lon="0.485633"><ele>80.8</ele></trkpt>
      <trkpt lat="47.327975" lon="0.485815"><ele>80.5</ele></trkpt>
      <trkpt lat="47.327683" lon="0.487081"><ele>80.8</ele></trkpt>
      <trkpt lat="47.327649" lon="0.487195"><ele>81.0</ele></trkpt>
      <trkpt lat="47.327602" lon="0.487323"><ele>80.8</ele></trkpt>
      <trkpt lat="47.327440" lon="0.487656"><ele>80.8</ele></trkpt>
      <trkpt lat="47.327396" lon="0.487775"><ele>80.5</ele></trkpt>
      <trkpt lat="47.327326" lon="0.488017"><ele>80.8</ele></trkpt>
      <trkpt lat="47.327284" lon="0.488245"><ele>81.0</ele></trkpt>
      <trkpt lat="47.327230" lon="0.488218"><ele>81.0</ele></trkpt>
      <trkpt lat="47.327160" lon="0.488167"><ele>80.8</ele></trkpt>
      <trkpt lat="47.326690" lon="0.487776"><ele>79.8</ele></trkpt>
      <trkpt lat="47.326587" lon="0.487707"><ele>79.8</ele></trkpt>
      <trkpt lat="47.326286" lon="0.487547"><ele>80.0</ele></trkpt>
      <trkpt lat="47.325758" lon="0.487250"><ele>81.2</ele></trkpt>
      <trkpt lat="47.325110" lon="0.486851"><ele>83.0</ele></trkpt>
      <trkpt lat="47.324641" lon="0.486579"><ele>83.0</ele></trkpt>
      <trkpt lat="47.324489" lon="0.486476"><ele>83.0</ele></trkpt>
      <trkpt lat="47.324311" lon="0.486314"><ele>82.8</ele></trkpt>
      <trkpt lat="47.324168" lon="0.486196"><ele>82.2</ele></trkpt>
      <trkpt lat="47.324069" lon="0.486125"><ele>81.5</ele></trkpt>
      <trkpt lat="47.323873" lon="0.486006"><ele>80.0</ele></trkpt>
      <trkpt lat="47.323423" lon="0.485785"><ele>78.0</ele></trkpt>
      <trkpt lat="47.323211" lon="0.485676"><ele>79.0</ele></trkpt>
      <trkpt lat="47.322945" lon="0.485525"><ele>77.5</ele></trkpt>
      <trkpt lat="47.322810" lon="0.485480"><ele>77.0</ele></trkpt>
      <trkpt lat="47.322749" lon="0.485484"><ele>76.8</ele></trkpt>
      <trkpt lat="47.322701" lon="0.485498"><ele>76.5</ele></trkpt>
      <trkpt lat="47.322564" lon="0.485567"><ele>75.2</ele></trkpt>
      <trkpt lat="47.322389" lon="0.485715"><ele>73.8</ele></trkpt>
      <trkpt lat="47.322357" lon="0.485758"><ele>73.2</ele></trkpt>
      <trkpt lat="47.322306" lon="0.485843"><ele>72.5</ele></trkpt>
      <trkpt lat="47.322245" lon="0.485974"><ele>71.5</ele></trkpt>
      <trkpt lat="47.322194" lon="0.486067"><ele>70.8</ele></trkpt>
      <trkpt lat="47.322133" lon="0.486150"><ele>70.2</ele></trkpt>
      <trkpt lat="47.321977" lon="0.486279"><ele>69.2</ele></trkpt>
      <trkpt lat="47.321906" lon="0.486319"><ele>68.8</ele></trkpt>
      <trkpt lat="47.321805" lon="0.486356"><ele>68.0</ele></trkpt>
      <trkpt lat="47.321621" lon="0.486404"><ele>66.8</ele></trkpt>
      <trkpt lat="47.321346" lon="0.486529"><ele>66.0</ele></trkpt>
      <trkpt lat="47.321103" lon="0.486585"><ele>63.8</ele></trkpt>
      <trkpt lat="47.320806" lon="0.486608"><ele>61.8</ele></trkpt>
      <trkpt lat="47.320599" lon="0.486609"><ele>60.0</ele></trkpt>
      <trkpt lat="47.320392" lon="0.486566"><ele>57.5</ele></trkpt>
      <trkpt lat="47.320287" lon="0.486586"><ele>56.5</ele></trkpt>
      <trkpt lat="47.320196" lon="0.486618"><ele>55.8</ele></trkpt>
      <trkpt lat="47.320122" lon="0.486692"><ele>55.5</ele></trkpt>
      <trkpt lat="47.320031" lon="0.486802"><ele>56.2</ele></trkpt>
      <trkpt lat="47.319819" lon="0.486948"><ele>55.2</ele></trkpt>
      <trkpt lat="47.319481" lon="0.487231"><ele>52.8</ele></trkpt>
      <trkpt lat="47.319378" lon="0.487327"><ele>52.2</ele></trkpt>
      <trkpt lat="47.319340" lon="0.487346"><ele>52.0</ele></trkpt>
      <trkpt lat="47.319326" lon="0.487345"><ele>52.0</ele></trkpt>
      <trkpt lat="47.319265" lon="0.487062"><ele>50.5</ele></trkpt>
      <trkpt lat="47.319212" lon="0.486880"><ele>50.2</ele></trkpt>
      <trkpt lat="47.319169" lon="0.486799"><ele>50.5</ele></trkpt>
      <trkpt lat="47.318870" lon="0.486480"><ele>52.8</ele></trkpt>
      <trkpt lat="47.318754" lon="0.486334"><ele>54.0</ele></trkpt>
      <trkpt lat="47.318516" lon="0.485973"><ele>57.5</ele></trkpt>
      <trkpt lat="47.318254" lon="0.485599"><ele>61.5</ele></trkpt>
      <trkpt lat="47.318100" lon="0.485367"><ele>64.0</ele></trkpt>
      <trkpt lat="47.317960" lon="0.485142"><ele>66.2</ele></trkpt>
      <trkpt lat="47.317827" lon="0.484894"><ele>68.0</ele></trkpt>
      <trkpt lat="47.317732" lon="0.484686"><ele>69.2</ele></trkpt>
      <trkpt lat="47.317463" lon="0.484011"><ele>73.5</ele></trkpt>
      <trkpt lat="47.316558" lon="0.481188"><ele>79.0</ele></trkpt>
      <trkpt lat="47.316492" lon="0.481034"><ele>79.0</ele></trkpt>
      <trkpt lat="47.316441" lon="0.480942"><ele>79.2</ele></trkpt>
      <trkpt lat="47.316343" lon="0.480816"><ele>80.0</ele></trkpt>
      <trkpt lat="47.316265" lon="0.480736"><ele>80.0</ele></trkpt>
      <trkpt lat="47.315836" lon="0.480376"><ele>80.0</ele></trkpt>
      <trkpt lat="47.315717" lon="0.480262"><ele>80.0</ele></trkpt>
      <trkpt lat="47.315567" lon="0.480056"><ele>80.0</ele></trkpt>
      <trkpt lat="47.315308" lon="0.479672"><ele>80.0</ele></trkpt>
      <trkpt lat="47.315137" lon="0.479398"><ele>80.0</ele></trkpt>
      <trkpt lat="47.315002" lon="0.479162"><ele>81.0</ele></trkpt>
      <trkpt lat="47.314982" lon="0.479154"><ele>80.8</ele></trkpt>
      <trkpt lat="47.314828" lon="0.478426"><ele>80.2</ele></trkpt>
      <trkpt lat="47.314664" lon="0.477868"><ele>80.8</ele></trkpt>
      <trkpt lat="47.314607" lon="0.477734"><ele>80.5</ele></trkpt>
      <trkpt lat="47.314344" lon="0.477182"><ele>79.5</ele></trkpt>
      <trkpt lat="47.314235" lon="0.476975"><ele>79.0</ele></trkpt>
      <trkpt lat="47.314143" lon="0.476816"><ele>79.2</ele></trkpt>
      <trkpt lat="47.313807" lon="0.476283"><ele>78.5</ele></trkpt>
      <trkpt lat="47.313728" lon="0.476172"><ele>78.2</ele></trkpt>
      <trkpt lat="47.313618" lon="0.476036"><ele>78.0</ele></trkpt>
      <trkpt lat="47.313537" lon="0.475961"><ele>77.5</ele></trkpt>
      <trkpt lat="47.313470" lon="0.475895"><ele>77.2</ele></trkpt>
      <trkpt lat="47.313345" lon="0.475773"><ele>77.0</ele></trkpt>
      <trkpt lat="47.313268" lon="0.475662"><ele>76.8</ele></trkpt>
      <trkpt lat="47.313237" lon="0.475613"><ele>76.5</ele></trkpt>
      <trkpt lat="47.313170" lon="0.475496"><ele>76.5</ele></trkpt>
      <trkpt lat="47.313008" lon="0.475553"><ele>76.0</ele></trkpt>
      <trkpt lat="47.312363" lon="0.475839"><ele>77.2</ele></trkpt>
      <trkpt lat="47.311621" lon="0.476170"><ele>79.0</ele></trkpt>
      <trkpt lat="47.311575" lon="0.476191"><ele>79.2</ele></trkpt>
      <trkpt lat="47.310654" lon="0.476580"><ele>81.2</ele></trkpt>
      <trkpt lat="47.310390" lon="0.476684"><ele>81.8</ele></trkpt>
      <trkpt lat="47.310360" lon="0.476689"><ele>81.8</ele></trkpt>
      <trkpt lat="47.310269" lon="0.476712"><ele>81.8</ele></trkpt>
      <trkpt lat="47.309983" lon="0.476784"><ele>82.0</ele></trkpt>
      <trkpt lat="47.309613" lon="0.476890"><ele>82.5</ele></trkpt>
      <trkpt lat="47.309572" lon="0.476885"><ele>82.5</ele></trkpt>
      <trkpt lat="47.309537" lon="0.476857"><ele>82.8</ele></trkpt>
      <trkpt lat="47.309239" lon="0.475895"><ele>83.0</ele></trkpt>
      <trkpt lat="47.309200" lon="0.475770"><ele>83.0</ele></trkpt>
      <trkpt lat="47.309191" lon="0.475739"><ele>83.2</ele></trkpt>
      <trkpt lat="47.308943" lon="0.475884"><ele>83.5</ele></trkpt>
      <trkpt lat="47.308894" lon="0.475886"><ele>83.8</ele></trkpt>
      <trkpt lat="47.308865" lon="0.475841"><ele>83.8</ele></trkpt>
      <trkpt lat="47.308469" lon="0.474653"><ele>84.0</ele></trkpt>
      <trkpt lat="47.308504" lon="0.474521"><ele>84.0</ele></trkpt>
      <trkpt lat="47.308411" lon="0.474138"><ele>83.8</ele></trkpt>
      <trkpt lat="47.308438" lon="0.474108"><ele>83.8</ele></trkpt>
      <trkpt lat="47.308446" lon="0.474085"><ele>83.8</ele></trkpt>
      <trkpt lat="47.308445" lon="0.474034"><ele>83.8</ele></trkpt>
      <trkpt lat="47.308428" lon="0.473999"><ele>83.8</ele></trkpt>
      <trkpt lat="47.308415" lon="0.473987"><ele>83.8</ele></trkpt>
      <trkpt lat="47.308400" lon="0.473981"><ele>83.8</ele></trkpt>
      <trkpt lat="47.308371" lon="0.473988"><ele>83.8</ele></trkpt>
      <trkpt lat="47.308358" lon="0.474000"><ele>83.8</ele></trkpt>
      <trkpt lat="47.308341" lon="0.474036"><ele>83.8</ele></trkpt>
      <trkpt lat="47.308340" lon="0.474080"><ele>83.8</ele></trkpt>
      <trkpt lat="47.308345" lon="0.474100"><ele>83.8</ele></trkpt>
      <trkpt lat="47.308249" lon="0.474177"><ele>84.0</ele></trkpt>
      <trkpt lat="47.307773" lon="0.474557"><ele>84.5</ele></trkpt>
      <trkpt lat="47.307732" lon="0.474584"><ele>84.2</ele></trkpt>
      <trkpt lat="47.307664" lon="0.474609"><ele>84.2</ele></trkpt>
      <trkpt lat="47.307667" lon="0.474654"><ele>84.0</ele></trkpt>
      <trkpt lat="47.307657" lon="0.474697"><ele>84.0</ele></trkpt>
      <trkpt lat="47.307639" lon="0.474735"><ele>83.8</ele></trkpt>
      <trkpt lat="47.307587" lon="0.474797"><ele>83.8</ele></trkpt>
      <trkpt lat="47.307357" lon="0.475030"><ele>83.0</ele></trkpt>
      <trkpt lat="47.307145" lon="0.475259"><ele>83.0</ele></trkpt>
      <trkpt lat="47.306976" lon="0.475419"><ele>83.0</ele></trkpt>
      <trkpt lat="47.306822" lon="0.475546"><ele>82.5</ele></trkpt>
      <trkpt lat="47.306561" lon="0.475738"><ele>82.0</ele></trkpt>
      <trkpt lat="47.306391" lon="0.475899"><ele>82.0</ele></trkpt>
      <trkpt lat="47.305342" lon="0.477127"><ele>80.8</ele></trkpt>
      <trkpt lat="47.305223" lon="0.477254"><ele>80.8</ele></trkpt>
      <trkpt lat="47.304820" lon="0.477634"><ele>80.8</ele></trkpt>
      <trkpt lat="47.304641" lon="0.477839"><ele>81.0</ele></trkpt>
      <trkpt lat="47.304517" lon="0.478033"><ele>81.0</ele></trkpt>
      <trkpt lat="47.304280" lon="0.478439"><ele>81.8</ele></trkpt>
      <trkpt lat="47.304170" lon="0.478596"><ele>81.8</ele></trkpt>
      <trkpt lat="47.304072" lon="0.478722"><ele>82.0</ele></trkpt>
      <trkpt lat="47.303954" lon="0.478854"><ele>82.0</ele></trkpt>
      <trkpt lat="47.303703" lon="0.479115"><ele>82.0</ele></trkpt>
      <trkpt lat="47.303497" lon="0.479347"><ele>81.5</ele></trkpt>
      <trkpt lat="47.303054" lon="0.479896"><ele>79.8</ele></trkpt>
      <trkpt lat="47.302947" lon="0.480017"><ele>79.5</ele></trkpt>
      <trkpt lat="47.302710" lon="0.480246"><ele>77.5</ele></trkpt>
      <trkpt lat="47.302602" lon="0.480335"><ele>76.5</ele></trkpt>
      <trkpt lat="47.302372" lon="0.480452"><ele>75.0</ele></trkpt>
      <trkpt lat="47.302100" lon="0.480526"><ele>74.8</ele></trkpt>
      <trkpt lat="47.301762" lon="0.480614"><ele>75.5</ele></trkpt>
      <trkpt lat="47.301361" lon="0.480740"><ele>78.0</ele></trkpt>
      <trkpt lat="47.300762" lon="0.481015"><ele>80.2</ele></trkpt>
      <trkpt lat="47.300624" lon="0.481070"><ele>80.8</ele></trkpt>
      <trkpt lat="47.300399" lon="0.481160"><ele>81.5</ele></trkpt>
      <trkpt lat="47.300268" lon="0.481168"><ele>82.0</ele></trkpt>
      <trkpt lat="47.300120" lon="0.481132"><ele>82.0</ele></trkpt>
      <trkpt lat="47.298769" lon="0.480840"><ele>81.0</ele></trkpt>
      <trkpt lat="47.298532" lon="0.480810"><ele>81.2</ele></trkpt>
      <trkpt lat="47.297914" lon="0.480781"><ele>81.8</ele></trkpt>
      <trkpt lat="47.297409" lon="0.480732"><ele>81.8</ele></trkpt>
      <trkpt lat="47.296904" lon="0.480611"><ele>81.0</ele></trkpt>
      <trkpt lat="47.296160" lon="0.480353"><ele>80.8</ele></trkpt>
      <trkpt lat="47.295035" lon="0.480149"><ele>81.0</ele></trkpt>
      <trkpt lat="47.294577" lon="0.479946"><ele>81.2</ele></trkpt>
      <trkpt lat="47.294423" lon="0.479888"><ele>81.5</ele></trkpt>
      <trkpt lat="47.293696" lon="0.479569"><ele>82.0</ele></trkpt>
      <trkpt lat="47.292795" lon="0.479320"><ele>83.0</ele></trkpt>
      <trkpt lat="47.292531" lon="0.479256"><ele>83.0</ele></trkpt>
      <trkpt lat="47.292362" lon="0.479245"><ele>83.2</ele></trkpt>
      <trkpt lat="47.292227" lon="0.479251"><ele>83.8</ele></trkpt>
      <trkpt lat="47.292106" lon="0.479272"><ele>84.0</ele></trkpt>
      <trkpt lat="47.291557" lon="0.479372"><ele>84.8</ele></trkpt>
      <trkpt lat="47.290609" lon="0.479563"><ele>85.0</ele></trkpt>
      <trkpt lat="47.290308" lon="0.479606"><ele>85.0</ele></trkpt>
      <trkpt lat="47.289472" lon="0.479627"><ele>87.0</ele></trkpt>
      <trkpt lat="47.288905" lon="0.479614"><ele>88.0</ele></trkpt>
      <trkpt lat="47.287592" lon="0.479632"><ele>89.5</ele></trkpt>
      <trkpt lat="47.287020" lon="0.479684"><ele>90.5</ele></trkpt>
      <trkpt lat="47.286848" lon="0.479716"><ele>91.2</ele></trkpt>
      <trkpt lat="47.285476" lon="0.479960"><ele>93.8</ele></trkpt>
      <trkpt lat="47.284112" lon="0.480220"><ele>92.8</ele></trkpt>
      <trkpt lat="47.283416" lon="0.480225"><ele>92.0</ele></trkpt>
      <trkpt lat="47.282641" lon="0.480218"><ele>91.8</ele></trkpt>
      <trkpt lat="47.282409" lon="0.480183"><ele>92.0</ele></trkpt>
      <trkpt lat="47.281641" lon="0.479945"><ele>93.0</ele></trkpt>
      <trkpt lat="47.280765" lon="0.479679"><ele>95.0</ele></trkpt>
      <trkpt lat="47.280606" lon="0.479644"><ele>95.0</ele></trkpt>
      <trkpt lat="47.280040" lon="0.479525"><ele>95.5</ele></trkpt>
      <trkpt lat="47.279826" lon="0.480679"><ele>95.2</ele></trkpt>
      <trkpt lat="47.280022" lon="0.482576"><ele>95.0</ele></trkpt>
      <trkpt lat="47.280026" lon="0.482753"><ele>95.0</ele></trkpt>
      <trkpt lat="47.279998" lon="0.482925"><ele>94.2</ele></trkpt>
      <trkpt lat="47.279829" lon="0.483647"><ele>95.0</ele></trkpt>
      <trkpt lat="47.279475" lon="0.484847"><ele>93.5</ele></trkpt>
      <trkpt lat="47.278823" lon="0.487187"><ele>90.0</ele></trkpt>
      <trkpt lat="47.276449" lon="0.485909"><ele>93.8</ele></trkpt>
      <trkpt lat="47.276277" lon="0.485806"><ele>93.8</ele></trkpt>
      <trkpt lat="47.276131" lon="0.485687"><ele>93.2</ele></trkpt>
      <trkpt lat="47.275528" lon="0.484980"><ele>91.8</ele></trkpt>
      <trkpt lat="47.275288" lon="0.484779"><ele>91.0</ele></trkpt>
      <trkpt lat="47.274470" lon="0.484274"><ele>90.8</ele></trkpt>
      <trkpt lat="47.273814" lon="0.483930"><ele>92.0</ele></trkpt>
      <trkpt lat="47.273414" lon="0.483641"><ele>92.0</ele></trkpt>
      <trkpt lat="47.272223" lon="0.482721"><ele>92.8</ele></trkpt>
      <trkpt lat="47.272088" lon="0.482529"><ele>93.2</ele></trkpt>
      <trkpt lat="47.272030" lon="0.482374"><ele>93.5</ele></trkpt>
      <trkpt lat="47.271874" lon="0.482489"><ele>94.0</ele></trkpt>
      <trkpt lat="47.271856" lon="0.482448"><ele>94.2</ele></trkpt>
      <trkpt lat="47.271831" lon="0.482414"><ele>94.2</ele></trkpt>
      <trkpt lat="47.271788" lon="0.482379"><ele>94.2</ele></trkpt>
      <trkpt lat="47.271224" lon="0.481949"><ele>94.5</ele></trkpt>
      <trkpt lat="47.271093" lon="0.481807"><ele>94.5</ele></trkpt>
      <trkpt lat="47.269935" lon="0.479052"><ele>95.8</ele></trkpt>
      <trkpt lat="47.269897" lon="0.478984"><ele>95.8</ele></trkpt>
      <trkpt lat="47.269646" lon="0.478394"><ele>96.5</ele></trkpt>
      <trkpt lat="47.269613" lon="0.478254"><ele>96.5</ele></trkpt>
      <trkpt lat="47.269441" lon="0.477835"><ele>96.8</ele></trkpt>
      <trkpt lat="47.269163" lon="0.477173"><ele>97.8</ele></trkpt>
      <trkpt lat="47.269099" lon="0.477015"><ele>97.8</ele></trkpt>
      <trkpt lat="47.268861" lon="0.476449"><ele>97.8</ele></trkpt>
      <trkpt lat="47.268674" lon="0.476071"><ele>97.8</ele></trkpt>
      <trkpt lat="47.268037" lon="0.474564"><ele>97.0</ele></trkpt>
      <trkpt lat="47.268047" lon="0.474519"><ele>97.0</ele></trkpt>
      <trkpt lat="47.267375" lon="0.472900"><ele>93.5</ele></trkpt>
      <trkpt lat="47.267238" lon="0.472448"><ele>92.8</ele></trkpt>
      <trkpt lat="47.267219" lon="0.472412"><ele>92.5</ele></trkpt>
      <trkpt lat="47.267201" lon="0.472394"><ele>92.5</ele></trkpt>
      <trkpt lat="47.267181" lon="0.472394"><ele>92.5</ele></trkpt>
      <trkpt lat="47.267158" lon="0.472407"><ele>92.5</ele></trkpt>
      <trkpt lat="47.267099" lon="0.472448"><ele>92.8</ele></trkpt>
      <trkpt lat="47.267077" lon="0.472466"><ele>92.8</ele></trkpt>
      <trkpt lat="47.267049" lon="0.472472"><ele>92.8</ele></trkpt>
      <trkpt lat="47.266945" lon="0.472437"><ele>92.8</ele></trkpt>
      <trkpt lat="47.266890" lon="0.472448"><ele>93.0</ele></trkpt>
      <trkpt lat="47.266824" lon="0.472514"><ele>93.2</ele></trkpt>
      <trkpt lat="47.266779" lon="0.472689"><ele>93.8</ele></trkpt>
      <trkpt lat="47.266736" lon="0.472682"><ele>93.8</ele></trkpt>
      <trkpt lat="47.266722" lon="0.472735"><ele>93.8</ele></trkpt>
      <trkpt lat="47.266714" lon="0.472764"><ele>93.8</ele></trkpt>
      <trkpt lat="47.266689" lon="0.472849"><ele>94.2</ele></trkpt>
      <trkpt lat="47.266634" lon="0.473008"><ele>94.5</ele></trkpt>
      <trkpt lat="47.266457" lon="0.473501"><ele>95.0</ele></trkpt>
      <trkpt lat="47.266243" lon="0.473919"><ele>94.8</ele></trkpt>
      <trkpt lat="47.265983" lon="0.474451"><ele>93.5</ele></trkpt>
      <trkpt lat="47.265889" lon="0.474554"><ele>93.0</ele></trkpt>
      <trkpt lat="47.265809" lon="0.474593"><ele>92.8</ele></trkpt>
      <trkpt lat="47.265743" lon="0.474621"><ele>92.2</ele></trkpt>
      <trkpt lat="47.265645" lon="0.474622"><ele>91.8</ele></trkpt>
      <trkpt lat="47.264787" lon="0.474281"><ele>88.2</ele></trkpt>
      <trkpt lat="47.264731" lon="0.474260"><ele>88.0</ele></trkpt>
      <trkpt lat="47.264590" lon="0.474215"><ele>87.8</ele></trkpt>
      <trkpt lat="47.264596" lon="0.474145"><ele>88.0</ele></trkpt>
      <trkpt lat="47.264586" lon="0.474077"><ele>88.0</ele></trkpt>
      <trkpt lat="47.264560" lon="0.474018"><ele>88.0</ele></trkpt>
      <trkpt lat="47.264522" lon="0.473976"><ele>88.0</ele></trkpt>
      <trkpt lat="47.264477" lon="0.473956"><ele>88.0</ele></trkpt>
      <trkpt lat="47.264436" lon="0.473959"><ele>87.8</ele></trkpt>
      <trkpt lat="47.264397" lon="0.473979"><ele>87.8</ele></trkpt>
      <trkpt lat="47.264364" lon="0.474015"><ele>87.5</ele></trkpt>
      <trkpt lat="47.264340" lon="0.474065"><ele>87.5</ele></trkpt>
      <trkpt lat="47.264227" lon="0.473964"><ele>87.0</ele></trkpt>
      <trkpt lat="47.264164" lon="0.473893"><ele>86.8</ele></trkpt>
      <trkpt lat="47.263971" lon="0.473689"><ele>85.2</ele></trkpt>
      <trkpt lat="47.263854" lon="0.473566"><ele>84.8</ele></trkpt>
      <trkpt lat="47.263806" lon="0.473515"><ele>84.5</ele></trkpt>
      <trkpt lat="47.263755" lon="0.473459"><ele>84.5</ele></trkpt>
      <trkpt lat="47.263666" lon="0.473360"><ele>84.0</ele></trkpt>
      <trkpt lat="47.263549" lon="0.473231"><ele>83.5</ele></trkpt>
      <trkpt lat="47.263447" lon="0.473117"><ele>82.8</ele></trkpt>
      <trkpt lat="47.263378" lon="0.473054"><ele>82.2</ele></trkpt>
      <trkpt lat="47.262866" lon="0.472450"><ele>77.2</ele></trkpt>
      <trkpt lat="47.262806" lon="0.472374"><ele>76.5</ele></trkpt>
      <trkpt lat="47.262716" lon="0.472260"><ele>75.5</ele></trkpt>
      <trkpt lat="47.262613" lon="0.472112"><ele>74.5</ele></trkpt>
      <trkpt lat="47.262335" lon="0.471727"><ele>71.2</ele></trkpt>
      <trkpt lat="47.261714" lon="0.470875"><ele>65.2</ele></trkpt>
      <trkpt lat="47.261633" lon="0.470805"><ele>64.5</ele></trkpt>
      <trkpt lat="47.260907" lon="0.470468"><ele>52.8</ele></trkpt>
      <trkpt lat="47.260867" lon="0.470414"><ele>52.0</ele></trkpt>
      <trkpt lat="47.260876" lon="0.470385"><ele>52.0</ele></trkpt>
      <trkpt lat="47.260878" lon="0.470353"><ele>52.0</ele></trkpt>
      <trkpt lat="47.260872" lon="0.470323"><ele>52.0</ele></trkpt>
      <trkpt lat="47.260843" lon="0.470278"><ele>51.0</ele></trkpt>
      <trkpt lat="47.260822" lon="0.470269"><ele>50.8</ele></trkpt>
      <trkpt lat="47.260827" lon="0.470146"><ele>50.8</ele></trkpt>
      <trkpt lat="47.260865" lon="0.469926"><ele>51.5</ele></trkpt>
      <trkpt lat="47.260923" lon="0.469554"><ele>51.2</ele></trkpt>
      <trkpt lat="47.260980" lon="0.469076"><ele>50.8</ele></trkpt>
      <trkpt lat="47.260995" lon="0.468659"><ele>49.8</ele></trkpt>
      <trkpt lat="47.261002" lon="0.468345"><ele>49.0</ele></trkpt>
      <trkpt lat="47.261001" lon="0.468280"><ele>49.0</ele></trkpt>
      <trkpt lat="47.261012" lon="0.468088"><ele>48.5</ele></trkpt>
      <trkpt lat="47.261024" lon="0.467912"><ele>48.5</ele></trkpt>
      <trkpt lat="47.261042" lon="0.467733"><ele>48.2</ele></trkpt>
      <trkpt lat="47.261081" lon="0.467563"><ele>48.0</ele></trkpt>
      <trkpt lat="47.261158" lon="0.467389"><ele>47.8</ele></trkpt>
      <trkpt lat="47.261211" lon="0.467341"><ele>48.0</ele></trkpt>
      <trkpt lat="47.261281" lon="0.467322"><ele>48.5</ele></trkpt>
      <trkpt lat="47.261308" lon="0.467362"><ele>48.8</ele></trkpt>
      <trkpt lat="47.261375" lon="0.467411"><ele>49.5</ele></trkpt>
      <trkpt lat="47.261387" lon="0.467421"><ele>49.5</ele></trkpt>
      <trkpt lat="47.261482" lon="0.467498"><ele>50.5</ele></trkpt>
      <trkpt lat="47.261603" lon="0.467592"><ele>52.0</ele></trkpt>
      <trkpt lat="47.261643" lon="0.467611"><ele>52.5</ele></trkpt>
      <trkpt lat="47.261684" lon="0.467603"><ele>52.8</ele></trkpt>
      <trkpt lat="47.261703" lon="0.467586"><ele>52.8</ele></trkpt>
      <trkpt lat="47.261726" lon="0.467546"><ele>52.5</ele></trkpt>
      <trkpt lat="47.261836" lon="0.467213"><ele>51.0</ele></trkpt>
      <trkpt lat="47.261984" lon="0.466767"><ele>50.5</ele></trkpt>
      <trkpt lat="47.262016" lon="0.466673"><ele>50.2</ele></trkpt>
      <trkpt lat="47.262120" lon="0.466668"><ele>50.5</ele></trkpt>
      <trkpt lat="47.262195" lon="0.466408"><ele>51.5</ele></trkpt>
      <trkpt lat="47.262276" lon="0.466117"><ele>51.2</ele></trkpt>
      <trkpt lat="47.262289" lon="0.466081"><ele>51.2</ele></trkpt>
      <trkpt lat="47.261819" lon="0.465814"><ele>49.5</ele></trkpt>
      <trkpt lat="47.261424" lon="0.465566"><ele>47.2</ele></trkpt>
      <trkpt lat="47.261382" lon="0.465526"><ele>46.8</ele></trkpt>
      <trkpt lat="47.261202" lon="0.465214"><ele>46.0</ele></trkpt>
      <trkpt lat="47.261074" lon="0.465058"><ele>45.0</ele></trkpt>
      <trkpt lat="47.260864" lon="0.464937"><ele>44.0</ele></trkpt>
      <trkpt lat="47.260800" lon="0.464907"><ele>44.0</ele></trkpt>
      <trkpt lat="47.260717" lon="0.464865"><ele>44.0</ele></trkpt>
      <trkpt lat="47.260613" lon="0.464813"><ele>44.0</ele></trkpt>
      <trkpt lat="47.260394" lon="0.464689"><ele>42.8</ele></trkpt>
      <trkpt lat="47.259961" lon="0.464438"><ele>42.2</ele></trkpt>
      <trkpt lat="47.259728" lon="0.464372"><ele>43.5</ele></trkpt>
      <trkpt lat="47.259630" lon="0.464364"><ele>43.2</ele></trkpt>
      <trkpt lat="47.259551" lon="0.464371"><ele>43.2</ele></trkpt>
      <trkpt lat="47.259084" lon="0.464478"><ele>42.0</ele></trkpt>
      <trkpt lat="47.258835" lon="0.464514"><ele>42.0</ele></trkpt>
      <trkpt lat="47.258592" lon="0.464505"><ele>43.5</ele></trkpt>
      <trkpt lat="47.258482" lon="0.464499"><ele>43.2</ele></trkpt>
      <trkpt lat="47.258319" lon="0.464467"><ele>43.0</ele></trkpt>
      <trkpt lat="47.258258" lon="0.464452"><ele>43.2</ele></trkpt>
      <trkpt lat="47.258068" lon="0.464405"><ele>43.8</ele></trkpt>
      <trkpt lat="47.257864" lon="0.464344"><ele>41.8</ele></trkpt>
      <trkpt lat="47.257695" lon="0.464307"><ele>41.2</ele></trkpt>
      <trkpt lat="47.257535" lon="0.464268"><ele>41.8</ele></trkpt>
      <trkpt lat="47.257384" lon="0.464232"><ele>42.5</ele></trkpt>
      <trkpt lat="47.257212" lon="0.464190"><ele>43.8</ele></trkpt>
      <trkpt lat="47.256574" lon="0.463952"><ele>42.8</ele></trkpt>
      <trkpt lat="47.256163" lon="0.463812"><ele>43.0</ele></trkpt>
      <trkpt lat="47.255793" lon="0.463653"><ele>44.0</ele></trkpt>
      <trkpt lat="47.255689" lon="0.463586"><ele>44.0</ele></trkpt>
      <trkpt lat="47.255616" lon="0.463519"><ele>44.0</ele></trkpt>
      <trkpt lat="47.255444" lon="0.463323"><ele>44.0</ele></trkpt>
      <trkpt lat="47.255159" lon="0.462925"><ele>45.2</ele></trkpt>
      <trkpt lat="47.255065" lon="0.462799"><ele>45.8</ele></trkpt>
      <trkpt lat="47.254998" lon="0.462704"><ele>46.0</ele></trkpt>
      <trkpt lat="47.255033" lon="0.462651"><ele>45.8</ele></trkpt>
      <trkpt lat="47.255055" lon="0.462598"><ele>45.8</ele></trkpt>
      <trkpt lat="47.255032" lon="0.462417"><ele>46.0</ele></trkpt>
      <trkpt lat="47.255018" lon="0.462230"><ele>46.8</ele></trkpt>
      <trkpt lat="47.254999" lon="0.461925"><ele>47.0</ele></trkpt>
      <trkpt lat="47.254966" lon="0.461843"><ele>48.2</ele></trkpt>
      <trkpt lat="47.254923" lon="0.461784"><ele>49.2</ele></trkpt>
      <trkpt lat="47.254768" lon="0.461649"><ele>50.0</ele></trkpt>
      <trkpt lat="47.254681" lon="0.461589"><ele>51.5</ele></trkpt>
      <trkpt lat="47.254583" lon="0.461484"><ele>53.2</ele></trkpt>
      <trkpt lat="47.254556" lon="0.461429"><ele>53.8</ele></trkpt>
      <trkpt lat="47.254547" lon="0.461357"><ele>54.0</ele></trkpt>
      <trkpt lat="47.254610" lon="0.461084"><ele>55.0</ele></trkpt>
      <trkpt lat="47.254611" lon="0.461033"><ele>54.8</ele></trkpt>
      <trkpt lat="47.254575" lon="0.460980"><ele>54.8</ele></trkpt>
      <trkpt lat="47.254589" lon="0.460930"><ele>54.5</ele></trkpt>
      <trkpt lat="47.254604" lon="0.460828"><ele>54.0</ele></trkpt>
      <trkpt lat="47.254614" lon="0.460643"><ele>55.8</ele></trkpt>
      <trkpt lat="47.254645" lon="0.459608"><ele>54.2</ele></trkpt>
      <trkpt lat="47.254664" lon="0.459290"><ele>53.5</ele></trkpt>
      <trkpt lat="47.254688" lon="0.459110"><ele>53.2</ele></trkpt>
      <trkpt lat="47.254721" lon="0.458995"><ele>53.5</ele></trkpt>
      <trkpt lat="47.254823" lon="0.458749"><ele>53.5</ele></trkpt>
      <trkpt lat="47.254942" lon="0.458462"><ele>54.8</ele></trkpt>
      <trkpt lat="47.255288" lon="0.457695"><ele>57.0</ele></trkpt>
      <trkpt lat="47.255502" lon="0.457180"><ele>57.2</ele></trkpt>
      <trkpt lat="47.255603" lon="0.456886"><ele>56.2</ele></trkpt>
      <trkpt lat="47.255874" lon="0.455930"><ele>55.8</ele></trkpt>
      <trkpt lat="47.256012" lon="0.455430"><ele>52.5</ele></trkpt>
      <trkpt lat="47.256194" lon="0.454825"><ele>53.2</ele></trkpt>
      <trkpt lat="47.256236" lon="0.454687"><ele>52.5</ele></trkpt>
      <trkpt lat="47.256554" lon="0.453518"><ele>51.5</ele></trkpt>
      <trkpt lat="47.256919" lon="0.452249"><ele>49.2</ele></trkpt>
      <trkpt lat="47.256963" lon="0.452064"><ele>48.2</ele></trkpt>
      <trkpt lat="47.256985" lon="0.451945"><ele>47.5</ele></trkpt>
      <trkpt lat="47.257019" lon="0.451683"><ele>47.2</ele></trkpt>
      <trkpt lat="47.257029" lon="0.451531"><ele>46.8</ele></trkpt>
      <trkpt lat="47.257056" lon="0.450788"><ele>45.5</ele></trkpt>
      <trkpt lat="47.257063" lon="0.450470"><ele>45.0</ele></trkpt>
      <trkpt lat="47.257072" lon="0.450317"><ele>45.0</ele></trkpt>
      <trkpt lat="47.257101" lon="0.450036"><ele>44.0</ele></trkpt>
      <trkpt lat="47.257157" lon="0.449767"><ele>44.5</ele></trkpt>
      <trkpt lat="47.257197" lon="0.449638"><ele>45.0</ele></trkpt>
      <trkpt lat="47.257240" lon="0.449528"><ele>45.5</ele></trkpt>
      <trkpt lat="47.257468" lon="0.449062"><ele>48.0</ele></trkpt>
      <trkpt lat="47.257433" lon="0.449017"><ele>48.0</ele></trkpt>
      <trkpt lat="47.257382" lon="0.448949"><ele>48.2</ele></trkpt>
      <trkpt lat="47.257147" lon="0.448555"><ele>52.2</ele></trkpt>
      <trkpt lat="47.256717" lon="0.448088"><ele>55.5</ele></trkpt>
      <trkpt lat="47.256652" lon="0.447919"><ele>56.8</ele></trkpt>
      <trkpt lat="47.256615" lon="0.447755"><ele>57.8</ele></trkpt>
      <trkpt lat="47.256583" lon="0.447057"><ele>61.2</ele></trkpt>
      <trkpt lat="47.256445" lon="0.446670"><ele>63.0</ele></trkpt>
      <trkpt lat="47.256025" lon="0.445843"><ele>66.5</ele></trkpt>
      <trkpt lat="47.255687" lon="0.445180"><ele>67.2</ele></trkpt>
      <trkpt lat="47.255608" lon="0.444993"><ele>68.0</ele></trkpt>
      <trkpt lat="47.255553" lon="0.444725"><ele>67.8</ele></trkpt>
      <trkpt lat="47.255519" lon="0.444466"><ele>68.8</ele></trkpt>
      <trkpt lat="47.255502" lon="0.444110"><ele>69.0</ele></trkpt>
      <trkpt lat="47.255488" lon="0.443609"><ele>70.0</ele></trkpt>
      <trkpt lat="47.255462" lon="0.443396"><ele>70.8</ele></trkpt>
      <trkpt lat="47.255397" lon="0.443126"><ele>71.2</ele></trkpt>
      <trkpt lat="47.255283" lon="0.442801"><ele>71.8</ele></trkpt>
      <trkpt lat="47.255152" lon="0.442514"><ele>72.2</ele></trkpt>
      <trkpt lat="47.254961" lon="0.442187"><ele>73.0</ele></trkpt>
      <trkpt lat="47.254684" lon="0.441735"><ele>75.0</ele></trkpt>
      <trkpt lat="47.254669" lon="0.441711"><ele>75.0</ele></trkpt>
      <trkpt lat="47.254592" lon="0.441486"><ele>75.8</ele></trkpt>
      <trkpt lat="47.254489" lon="0.441080"><ele>76.5</ele></trkpt>
      <trkpt lat="47.254398" lon="0.440658"><ele>77.2</ele></trkpt>
      <trkpt lat="47.254303" lon="0.440287"><ele>78.0</ele></trkpt>
      <trkpt lat="47.254228" lon="0.440081"><ele>78.5</ele></trkpt>
      <trkpt lat="47.254015" lon="0.439677"><ele>79.5</ele></trkpt>
      <trkpt lat="47.253794" lon="0.439241"><ele>80.8</ele></trkpt>
      <trkpt lat="47.253353" lon="0.438428"><ele>82.8</ele></trkpt>
      <trkpt lat="47.253070" lon="0.437884"><ele>84.2</ele></trkpt>
      <trkpt lat="47.252852" lon="0.437486"><ele>85.0</ele></trkpt>
      <trkpt lat="47.252186" lon="0.436459"><ele>86.2</ele></trkpt>
      <trkpt lat="47.251600" lon="0.435557"><ele>89.0</ele></trkpt>
      <trkpt lat="47.251576" lon="0.435488"><ele>88.8</ele></trkpt>
      <trkpt lat="47.251596" lon="0.435389"><ele>88.2</ele></trkpt>
      <trkpt lat="47.252193" lon="0.433634"><ele>80.2</ele></trkpt>
      <trkpt lat="47.252488" lon="0.432747"><ele>79.0</ele></trkpt>
      <trkpt lat="47.252510" lon="0.432669"><ele>79.0</ele></trkpt>
      <trkpt lat="47.252553" lon="0.432581"><ele>79.0</ele></trkpt>
      <trkpt lat="47.252958" lon="0.431876"><ele>83.5</ele></trkpt>
      <trkpt lat="47.253061" lon="0.431659"><ele>85.0</ele></trkpt>
      <trkpt lat="47.253352" lon="0.430964"><ele>89.5</ele></trkpt>
      <trkpt lat="47.253662" lon="0.430207"><ele>92.2</ele></trkpt>
      <trkpt lat="47.253712" lon="0.429964"><ele>93.0</ele></trkpt>
      <trkpt lat="47.253767" lon="0.429640"><ele>93.5</ele></trkpt>
      <trkpt lat="47.253932" lon="0.428569"><ele>96.0</ele></trkpt>
      <trkpt lat="47.253935" lon="0.428532"><ele>96.0</ele></trkpt>
      <trkpt lat="47.253953" lon="0.428313"><ele>96.2</ele></trkpt>
      <trkpt lat="47.253977" lon="0.427762"><ele>97.5</ele></trkpt>
      <trkpt lat="47.253992" lon="0.425812"><ele>97.5</ele></trkpt>
      <trkpt lat="47.253989" lon="0.425408"><ele>97.0</ele></trkpt>
      <trkpt lat="47.253974" lon="0.424650"><ele>94.5</ele></trkpt>
      <trkpt lat="47.253967" lon="0.424477"><ele>94.2</ele></trkpt>
      <trkpt lat="47.253960" lon="0.424192"><ele>92.8</ele></trkpt>
      <trkpt lat="47.253939" lon="0.423902"><ele>91.8</ele></trkpt>
      <trkpt lat="47.253892" lon="0.423567"><ele>90.5</ele></trkpt>
      <trkpt lat="47.253884" lon="0.423298"><ele>88.8</ele></trkpt>
      <trkpt lat="47.253885" lon="0.422840"><ele>85.2</ele></trkpt>
      <trkpt lat="47.253868" lon="0.422648"><ele>84.0</ele></trkpt>
      <trkpt lat="47.253836" lon="0.422451"><ele>83.0</ele></trkpt>
      <trkpt lat="47.253775" lon="0.422177"><ele>81.5</ele></trkpt>
      <trkpt lat="47.253708" lon="0.421932"><ele>80.8</ele></trkpt>
      <trkpt lat="47.253607" lon="0.421618"><ele>78.5</ele></trkpt>
      <trkpt lat="47.253536" lon="0.421415"><ele>77.8</ele></trkpt>
      <trkpt lat="47.253400" lon="0.421061"><ele>75.5</ele></trkpt>
      <trkpt lat="47.253016" lon="0.420120"><ele>71.0</ele></trkpt>
      <trkpt lat="47.252980" lon="0.419982"><ele>70.5</ele></trkpt>
      <trkpt lat="47.252997" lon="0.419809"><ele>70.5</ele></trkpt>
      <trkpt lat="47.253029" lon="0.419734"><ele>70.8</ele></trkpt>
      <trkpt lat="47.253063" lon="0.419689"><ele>71.2</ele></trkpt>
      <trkpt lat="47.253103" lon="0.419644"><ele>72.2</ele></trkpt>
      <trkpt lat="47.253146" lon="0.419612"><ele>73.2</ele></trkpt>
      <trkpt lat="47.253238" lon="0.419574"><ele>74.8</ele></trkpt>
      <trkpt lat="47.253295" lon="0.419567"><ele>75.5</ele></trkpt>
      <trkpt lat="47.253352" lon="0.419581"><ele>76.2</ele></trkpt>
      <trkpt lat="47.253395" lon="0.419608"><ele>76.5</ele></trkpt>
      <trkpt lat="47.253579" lon="0.419764"><ele>76.8</ele></trkpt>
      <trkpt lat="47.253685" lon="0.419841"><ele>77.0</ele></trkpt>
      <trkpt lat="47.253762" lon="0.419883"><ele>77.5</ele></trkpt>
      <trkpt lat="47.253867" lon="0.419927"><ele>78.0</ele></trkpt>
      <trkpt lat="47.253947" lon="0.419945"><ele>78.5</ele></trkpt>
      <trkpt lat="47.254028" lon="0.419952"><ele>79.0</ele></trkpt>
      <trkpt lat="47.254089" lon="0.419940"><ele>79.8</ele></trkpt>
      <trkpt lat="47.254149" lon="0.419903"><ele>80.8</ele></trkpt>
      <trkpt lat="47.254190" lon="0.419848"><ele>81.8</ele></trkpt>
      <trkpt lat="47.254219" lon="0.419781"><ele>82.5</ele></trkpt>
      <trkpt lat="47.254237" lon="0.419699"><ele>83.5</ele></trkpt>
      <trkpt lat="47.254237" lon="0.419628"><ele>84.2</ele></trkpt>
      <trkpt lat="47.254228" lon="0.419548"><ele>85.0</ele></trkpt>
      <trkpt lat="47.254201" lon="0.419444"><ele>86.0</ele></trkpt>
      <trkpt lat="47.254171" lon="0.419361"><ele>86.2</ele></trkpt>
      <trkpt lat="47.253994" lon="0.418901"><ele>88.8</ele></trkpt>
      <trkpt lat="47.253963" lon="0.418778"><ele>89.5</ele></trkpt>
      <trkpt lat="47.253955" lon="0.418611"><ele>90.0</ele></trkpt>
      <trkpt lat="47.253967" lon="0.418520"><ele>90.5</ele></trkpt>
      <trkpt lat="47.253997" lon="0.418435"><ele>91.0</ele></trkpt>
      <trkpt lat="47.254032" lon="0.418375"><ele>91.2</ele></trkpt>
      <trkpt lat="47.254097" lon="0.418287"><ele>91.8</ele></trkpt>
      <trkpt lat="47.254159" lon="0.418235"><ele>91.8</ele></trkpt>
      <trkpt lat="47.254411" lon="0.418095"><ele>92.0</ele></trkpt>
      <trkpt lat="47.254590" lon="0.417957"><ele>92.2</ele></trkpt>
      <trkpt lat="47.254739" lon="0.417783"><ele>92.8</ele></trkpt>
      <trkpt lat="47.255053" lon="0.417313"><ele>92.8</ele></trkpt>
      <trkpt lat="47.255359" lon="0.416681"><ele>93.8</ele></trkpt>
      <trkpt lat="47.255603" lon="0.416112"><ele>94.8</ele></trkpt>
      <trkpt lat="47.256288" lon="0.414381"><ele>94.8</ele></trkpt>
      <trkpt lat="47.256888" lon="0.412939"><ele>95.0</ele></trkpt>
      <trkpt lat="47.257005" lon="0.412604"><ele>94.8</ele></trkpt>
      <trkpt lat="47.257128" lon="0.412188"><ele>94.0</ele></trkpt>
      <trkpt lat="47.257315" lon="0.411602"><ele>92.5</ele></trkpt>
      <trkpt lat="47.257384" lon="0.411432"><ele>92.0</ele></trkpt>
      <trkpt lat="47.257739" lon="0.410675"><ele>88.5</ele></trkpt>
      <trkpt lat="47.257860" lon="0.410406"><ele>87.0</ele></trkpt>
      <trkpt lat="47.257909" lon="0.410259"><ele>86.2</ele></trkpt>
      <trkpt lat="47.257506" lon="0.409890"><ele>86.5</ele></trkpt>
      <trkpt lat="47.256868" lon="0.409272"><ele>88.5</ele></trkpt>
      <trkpt lat="47.256736" lon="0.409155"><ele>88.5</ele></trkpt>
      <trkpt lat="47.256423" lon="0.408918"><ele>87.8</ele></trkpt>
      <trkpt lat="47.256226" lon="0.408757"><ele>88.5</ele></trkpt>
      <trkpt lat="47.255673" lon="0.408315"><ele>90.0</ele></trkpt>
      <trkpt lat="47.255528" lon="0.408218"><ele>90.0</ele></trkpt>
      <trkpt lat="47.255404" lon="0.408145"><ele>90.0</ele></trkpt>
      <trkpt lat="47.255300" lon="0.408095"><ele>90.0</ele></trkpt>
      <trkpt lat="47.254915" lon="0.407947"><ele>89.8</ele></trkpt>
      <trkpt lat="47.254834" lon="0.407929"><ele>89.8</ele></trkpt>
      <trkpt lat="47.254690" lon="0.407920"><ele>90.0</ele></trkpt>
      <trkpt lat="47.253872" lon="0.407962"><ele>90.0</ele></trkpt>
      <trkpt lat="47.253744" lon="0.407961"><ele>90.0</ele></trkpt>
      <trkpt lat="47.253498" lon="0.407935"><ele>90.2</ele></trkpt>
      <trkpt lat="47.252982" lon="0.407866"><ele>90.8</ele></trkpt>
      <trkpt lat="47.251849" lon="0.407634"><ele>92.5</ele></trkpt>
      <trkpt lat="47.251329" lon="0.407506"><ele>93.2</ele></trkpt>
      <trkpt lat="47.250793" lon="0.407358"><ele>93.8</ele></trkpt>
      <trkpt lat="47.250624" lon="0.407298"><ele>93.5</ele></trkpt>
      <trkpt lat="47.250243" lon="0.407095"><ele>93.0</ele></trkpt>
      <trkpt lat="47.249899" lon="0.406868"><ele>93.0</ele></trkpt>
      <trkpt lat="47.249468" lon="0.406498"><ele>93.5</ele></trkpt>
      <trkpt lat="47.249337" lon="0.406393"><ele>93.8</ele></trkpt>
      <trkpt lat="47.248990" lon="0.406124"><ele>95.2</ele></trkpt>
      <trkpt lat="47.248671" lon="0.405903"><ele>96.0</ele></trkpt>
      <trkpt lat="47.247807" lon="0.405331"><ele>97.0</ele></trkpt>
      <trkpt lat="47.247344" lon="0.405046"><ele>97.5</ele></trkpt>
      <trkpt lat="47.247230" lon="0.404999"><ele>97.8</ele></trkpt>
      <trkpt lat="47.247081" lon="0.404971"><ele>98.2</ele></trkpt>
      <trkpt lat="47.247026" lon="0.404968"><ele>98.5</ele></trkpt>
      <trkpt lat="47.246873" lon="0.404986"><ele>98.8</ele></trkpt>
      <trkpt lat="47.246754" lon="0.405009"><ele>99.0</ele></trkpt>
      <trkpt lat="47.246640" lon="0.405059"><ele>99.0</ele></trkpt>
      <trkpt lat="47.246637" lon="0.404984"><ele>98.8</ele></trkpt>
      <trkpt lat="47.246624" lon="0.404897"><ele>98.5</ele></trkpt>
      <trkpt lat="47.246560" lon="0.404685"><ele>97.2</ele></trkpt>
      <trkpt lat="47.246184" lon="0.403765"><ele>89.5</ele></trkpt>
      <trkpt lat="47.245672" lon="0.402428"><ele>86.5</ele></trkpt>
      <trkpt lat="47.244422" lon="0.399259"><ele>105.0</ele></trkpt>
      <trkpt lat="47.243152" lon="0.396012"><ele>106.5</ele></trkpt>
      <trkpt lat="47.242540" lon="0.394462"><ele>107.0</ele></trkpt>
      <trkpt lat="47.238694" lon="0.384654"><ele>98.0</ele></trkpt>
      <trkpt lat="47.238109" lon="0.383180"><ele>98.2</ele></trkpt>
      <trkpt lat="47.236566" lon="0.379321"><ele>110.0</ele></trkpt>
      <trkpt lat="47.234454" lon="0.373923"><ele>116.0</ele></trkpt>
      <trkpt lat="47.232501" lon="0.369006"><ele>119.0</ele></trkpt>
      <trkpt lat="47.232435" lon="0.368861"><ele>119.0</ele></trkpt>
      <trkpt lat="47.232335" lon="0.368640"><ele>119.0</ele></trkpt>
      <trkpt lat="47.232392" lon="0.368479"><ele>119.0</ele></trkpt>
      <trkpt lat="47.232427" lon="0.368332"><ele>119.0</ele></trkpt>
      <trkpt lat="47.232629" lon="0.365420"><ele>119.0</ele></trkpt>
      <trkpt lat="47.232878" lon="0.362022"><ele>119.0</ele></trkpt>
      <trkpt lat="47.232876" lon="0.361865"><ele>119.0</ele></trkpt>
      <trkpt lat="47.233599" lon="0.352348"><ele>111.0</ele></trkpt>
      <trkpt lat="47.234229" lon="0.343354"><ele>102.8</ele></trkpt>
      <trkpt lat="47.234227" lon="0.343281"><ele>102.8</ele></trkpt>
      <trkpt lat="47.234215" lon="0.343206"><ele>102.8</ele></trkpt>
      <trkpt lat="47.234186" lon="0.343137"><ele>102.8</ele></trkpt>
      <trkpt lat="47.234141" lon="0.342963"><ele>102.8</ele></trkpt>
      <trkpt lat="47.234076" lon="0.342865"><ele>102.8</ele></trkpt>
      <trkpt lat="47.231076" lon="0.338790"><ele>112.0</ele></trkpt>
      <trkpt lat="47.230310" lon="0.337702"><ele>113.8</ele></trkpt>
      <trkpt lat="47.230131" lon="0.337468"><ele>114.0</ele></trkpt>
      <trkpt lat="47.229456" lon="0.336580"><ele>114.0</ele></trkpt>
      <trkpt lat="47.228394" lon="0.335184"><ele>114.0</ele></trkpt>
      <trkpt lat="47.228437" lon="0.335035"><ele>114.0</ele></trkpt>
      <trkpt lat="47.229708" lon="0.330889"><ele>114.8</ele></trkpt>
      <trkpt lat="47.229726" lon="0.330833"><ele>115.0</ele></trkpt>
      <trkpt lat="47.229718" lon="0.330594"><ele>115.0</ele></trkpt>
      <trkpt lat="47.229399" lon="0.328713"><ele>115.0</ele></trkpt>
      <trkpt lat="47.228208" lon="0.322025"><ele>112.2</ele></trkpt>
      <trkpt lat="47.227776" lon="0.319417"><ele>108.8</ele></trkpt>
      <trkpt lat="47.227340" lon="0.316891"><ele>98.0</ele></trkpt>
      <trkpt lat="47.226964" lon="0.314598"><ele>89.0</ele></trkpt>
      <trkpt lat="47.226847" lon="0.313885"><ele>87.8</ele></trkpt>
      <trkpt lat="47.226279" lon="0.310649"><ele>85.5</ele></trkpt>
      <trkpt lat="47.226261" lon="0.310538"><ele>85.5</ele></trkpt>
      <trkpt lat="47.226100" lon="0.309581"><ele>87.2</ele></trkpt>
      <trkpt lat="47.226162" lon="0.309337"><ele>88.5</ele></trkpt>
      <trkpt lat="47.226238" lon="0.309150"><ele>89.5</ele></trkpt>
      <trkpt lat="47.226349" lon="0.308963"><ele>90.5</ele></trkpt>
      <trkpt lat="47.226588" lon="0.308649"><ele>92.5</ele></trkpt>
      <trkpt lat="47.226690" lon="0.308510"><ele>93.8</ele></trkpt>
      <trkpt lat="47.226790" lon="0.308571"><ele>93.5</ele></trkpt>
      <trkpt lat="47.227170" lon="0.308965"><ele>93.0</ele></trkpt>
      <trkpt lat="47.227286" lon="0.309037"><ele>93.2</ele></trkpt>
      <trkpt lat="47.227349" lon="0.309054"><ele>93.5</ele></trkpt>
      <trkpt lat="47.227423" lon="0.309052"><ele>93.8</ele></trkpt>
      <trkpt lat="47.227500" lon="0.309016"><ele>94.5</ele></trkpt>
      <trkpt lat="47.228735" lon="0.307511"><ele>106.8</ele></trkpt>
      <trkpt lat="47.227830" lon="0.301912"><ele>104.2</ele></trkpt>
      <trkpt lat="47.226956" lon="0.296513"><ele>87.2</ele></trkpt>
      <trkpt lat="47.223757" lon="0.295544"><ele>80.5</ele></trkpt>
      <trkpt lat="47.219504" lon="0.294253"><ele>73.0</ele></trkpt>
      <trkpt lat="47.219312" lon="0.294200"><ele>72.5</ele></trkpt>
      <trkpt lat="47.219134" lon="0.294146"><ele>71.8</ele></trkpt>
      <trkpt lat="47.214405" lon="0.292722"><ele>62.0</ele></trkpt>
      <trkpt lat="47.211063" lon="0.292800"><ele>59.2</ele></trkpt>
      <trkpt lat="47.207809" lon="0.292883"><ele>81.8</ele></trkpt>
      <trkpt lat="47.207640" lon="0.292899"><ele>82.8</ele></trkpt>
      <trkpt lat="47.207440" lon="0.292892"><ele>83.8</ele></trkpt>
      <trkpt lat="47.203246" lon="0.293066"><ele>113.5</ele></trkpt>
      <trkpt lat="47.200305" lon="0.293105"><ele>116.0</ele></trkpt>
      <trkpt lat="47.198902" lon="0.293108"><ele>112.8</ele></trkpt>
      <trkpt lat="47.197294" lon="0.293142"><ele>108.8</ele></trkpt>
      <trkpt lat="47.196414" lon="0.293103"><ele>106.5</ele></trkpt>
      <trkpt lat="47.194993" lon="0.293168"><ele>97.5</ele></trkpt>
      <trkpt lat="47.194575" lon="0.293184"><ele>94.5</ele></trkpt>
      <trkpt lat="47.193710" lon="0.293187"><ele>92.2</ele></trkpt>
      <trkpt lat="47.192354" lon="0.293238"><ele>90.0</ele></trkpt>
      <trkpt lat="47.190679" lon="0.293260"><ele>93.2</ele></trkpt>
      <trkpt lat="47.190366" lon="0.293274"><ele>94.2</ele></trkpt>
      <trkpt lat="47.190244" lon="0.293288"><ele>94.8</ele></trkpt>
      <trkpt lat="47.190146" lon="0.293343"><ele>95.2</ele></trkpt>
      <trkpt lat="47.190096" lon="0.293381"><ele>95.5</ele></trkpt>
      <trkpt lat="47.190201" lon="0.293705"><ele>95.5</ele></trkpt>
      <trkpt lat="47.190142" lon="0.293781"><ele>96.0</ele></trkpt>
      <trkpt lat="47.189133" lon="0.291207"><ele>93.0</ele></trkpt>
      <trkpt lat="47.189094" lon="0.291132"><ele>93.2</ele></trkpt>
      <trkpt lat="47.188145" lon="0.288582"><ele>92.5</ele></trkpt>
      <trkpt lat="47.186270" lon="0.283676"><ele>103.0</ele></trkpt>
      <trkpt lat="47.185264" lon="0.281082"><ele>97.8</ele></trkpt>
      <trkpt lat="47.183607" lon="0.276855"><ele>80.5</ele></trkpt>
      <trkpt lat="47.183355" lon="0.276171"><ele>78.2</ele></trkpt>
      <trkpt lat="47.183121" lon="0.275534"><ele>75.8</ele></trkpt>
      <trkpt lat="47.182920" lon="0.275065"><ele>74.2</ele></trkpt>
      <trkpt lat="47.182896" lon="0.275006"><ele>73.8</ele></trkpt>
      <trkpt lat="47.182873" lon="0.274958"><ele>73.5</ele></trkpt>
      <trkpt lat="47.182398" lon="0.273827"><ele>73.0</ele></trkpt>
      <trkpt lat="47.182446" lon="0.273746"><ele>73.0</ele></trkpt>
      <trkpt lat="47.182524" lon="0.273665"><ele>73.0</ele></trkpt>
      <trkpt lat="47.182572" lon="0.273633"><ele>73.0</ele></trkpt>
      <trkpt lat="47.182585" lon="0.273506"><ele>73.0</ele></trkpt>
      <trkpt lat="47.182606" lon="0.273417"><ele>73.0</ele></trkpt>
      <trkpt lat="47.182590" lon="0.273161"><ele>73.0</ele></trkpt>
      <trkpt lat="47.182580" lon="0.273110"><ele>73.0</ele></trkpt>
      <trkpt lat="47.182558" lon="0.273107"><ele>73.0</ele></trkpt>
      <trkpt lat="47.182510" lon="0.273101"><ele>73.0</ele></trkpt>
      <trkpt lat="47.182472" lon="0.273075"><ele>73.0</ele></trkpt>
      <trkpt lat="47.182400" lon="0.272974"><ele>72.8</ele></trkpt>
      <trkpt lat="47.182359" lon="0.272957"><ele>72.8</ele></trkpt>
      <trkpt lat="47.182294" lon="0.272974"><ele>72.8</ele></trkpt>
      <trkpt lat="47.182258" lon="0.272919"><ele>72.8</ele></trkpt>
      <trkpt lat="47.182204" lon="0.272793"><ele>73.0</ele></trkpt>
      <trkpt lat="47.182087" lon="0.272477"><ele>72.2</ele></trkpt>
      <trkpt lat="47.181944" lon="0.272123"><ele>72.0</ele></trkpt>
      <trkpt lat="47.181878" lon="0.271943"><ele>71.8</ele></trkpt>
      <trkpt lat="47.181853" lon="0.271804"><ele>71.5</ele></trkpt>
      <trkpt lat="47.181801" lon="0.271680"><ele>71.5</ele></trkpt>
      <trkpt lat="47.181738" lon="0.271599"><ele>71.5</ele></trkpt>
      <trkpt lat="47.180156" lon="0.267540"><ele>73.2</ele></trkpt>
      <trkpt lat="47.179949" lon="0.267025"><ele>73.2</ele></trkpt>
      <trkpt lat="47.179345" lon="0.265466"><ele>75.8</ele></trkpt>
      <trkpt lat="47.179043" lon="0.264708"><ele>76.2</ele></trkpt>
      <trkpt lat="47.178875" lon="0.264320"><ele>76.5</ele></trkpt>
      <trkpt lat="47.178661" lon="0.263906"><ele>76.8</ele></trkpt>
      <trkpt lat="47.178634" lon="0.263810"><ele>76.5</ele></trkpt>
      <trkpt lat="47.178539" lon="0.263649"><ele>76.2</ele></trkpt>
      <trkpt lat="47.178468" lon="0.263595"><ele>76.5</ele></trkpt>
      <trkpt lat="47.178371" lon="0.263440"><ele>76.8</ele></trkpt>
      <trkpt lat="47.178336" lon="0.263366"><ele>76.8</ele></trkpt>
      <trkpt lat="47.178296" lon="0.263234"><ele>77.0</ele></trkpt>
      <trkpt lat="47.178289" lon="0.263165"><ele>77.0</ele></trkpt>
      <trkpt lat="47.178296" lon="0.263074"><ele>77.0</ele></trkpt>
      <trkpt lat="47.178325" lon="0.262940"><ele>77.0</ele></trkpt>
      <trkpt lat="47.178308" lon="0.262851"><ele>77.0</ele></trkpt>
      <trkpt lat="47.178361" lon="0.262781"><ele>76.8</ele></trkpt>
      <trkpt lat="47.178418" lon="0.262659"><ele>76.8</ele></trkpt>
      <trkpt lat="47.178450" lon="0.262518"><ele>76.5</ele></trkpt>
      <trkpt lat="47.178453" lon="0.262370"><ele>76.0</ele></trkpt>
      <trkpt lat="47.178438" lon="0.262270"><ele>76.0</ele></trkpt>
      <trkpt lat="47.178391" lon="0.262130"><ele>76.2</ele></trkpt>
      <trkpt lat="47.178318" lon="0.262017"><ele>77.0</ele></trkpt>
      <trkpt lat="47.178224" lon="0.261942"><ele>76.8</ele></trkpt>
      <trkpt lat="47.178140" lon="0.261913"><ele>76.5</ele></trkpt>
      <trkpt lat="47.178053" lon="0.261915"><ele>76.5</ele></trkpt>
      <trkpt lat="47.177975" lon="0.261881"><ele>76.2</ele></trkpt>
      <trkpt lat="47.177902" lon="0.261815"><ele>76.0</ele></trkpt>
      <trkpt lat="47.177830" lon="0.261718"><ele>75.8</ele></trkpt>
      <trkpt lat="47.177729" lon="0.261562"><ele>76.0</ele></trkpt>
      <trkpt lat="47.177710" lon="0.261510"><ele>76.2</ele></trkpt>
      <trkpt lat="47.177644" lon="0.261325"><ele>76.8</ele></trkpt>
      <trkpt lat="47.177525" lon="0.261016"><ele>76.8</ele></trkpt>
      <trkpt lat="47.177462" lon="0.261057"><ele>77.2</ele></trkpt>
      <trkpt lat="47.177339" lon="0.260996"><ele>78.2</ele></trkpt>
      <trkpt lat="47.176557" lon="0.260451"><ele>82.8</ele></trkpt>
      <trkpt lat="47.176249" lon="0.260137"><ele>84.5</ele></trkpt>
      <trkpt lat="47.176074" lon="0.259925"><ele>85.2</ele></trkpt>
      <trkpt lat="47.175920" lon="0.259694"><ele>86.2</ele></trkpt>
      <trkpt lat="47.175835" lon="0.259557"><ele>86.8</ele></trkpt>
      <trkpt lat="47.175760" lon="0.259484"><ele>87.8</ele></trkpt>
      <trkpt lat="47.175644" lon="0.259420"><ele>89.0</ele></trkpt>
      <trkpt lat="47.175371" lon="0.259290"><ele>91.0</ele></trkpt>
      <trkpt lat="47.174861" lon="0.259012"><ele>93.5</ele></trkpt>
      <trkpt lat="47.174740" lon="0.258946"><ele>93.8</ele></trkpt>
      <trkpt lat="47.174704" lon="0.258930"><ele>94.0</ele></trkpt>
      <trkpt lat="47.174599" lon="0.258882"><ele>94.0</ele></trkpt>
      <trkpt lat="47.174358" lon="0.258813"><ele>94.2</ele></trkpt>
      <trkpt lat="47.174325" lon="0.258807"><ele>94.5</ele></trkpt>
      <trkpt lat="47.174179" lon="0.258778"><ele>94.8</ele></trkpt>
      <trkpt lat="47.174085" lon="0.258764"><ele>95.0</ele></trkpt>
      <trkpt lat="47.173722" lon="0.258707"><ele>95.5</ele></trkpt>
      <trkpt lat="47.173430" lon="0.258661"><ele>95.8</ele></trkpt>
      <trkpt lat="47.172924" lon="0.258536"><ele>96.5</ele></trkpt>
      <trkpt lat="47.172929" lon="0.258476"><ele>96.5</ele></trkpt>
      <trkpt lat="47.172930" lon="0.258427"><ele>96.8</ele></trkpt>
      <trkpt lat="47.172932" lon="0.258320"><ele>97.0</ele></trkpt>
      <trkpt lat="47.172914" lon="0.257811"><ele>97.0</ele></trkpt>
      <trkpt lat="47.172898" lon="0.257594"><ele>97.0</ele></trkpt>
      <trkpt lat="47.172852" lon="0.257186"><ele>97.0</ele></trkpt>
      <trkpt lat="47.172780" lon="0.256673"><ele>96.0</ele></trkpt>
      <trkpt lat="47.172707" lon="0.256288"><ele>96.0</ele></trkpt>
      <trkpt lat="47.172568" lon="0.255766"><ele>95.0</ele></trkpt>
      <trkpt lat="47.172517" lon="0.255595"><ele>95.0</ele></trkpt>
      <trkpt lat="47.172449" lon="0.255373"><ele>95.0</ele></trkpt>
      <trkpt lat="47.172322" lon="0.255016"><ele>95.0</ele></trkpt>
      <trkpt lat="47.172291" lon="0.254930"><ele>94.5</ele></trkpt>
      <trkpt lat="47.172205" lon="0.254756"><ele>94.0</ele></trkpt>
      <trkpt lat="47.172182" lon="0.254709"><ele>93.8</ele></trkpt>
      <trkpt lat="47.171882" lon="0.254069"><ele>91.5</ele></trkpt>
      <trkpt lat="47.171784" lon="0.253810"><ele>91.2</ele></trkpt>
      <trkpt lat="47.171753" lon="0.253731"><ele>91.0</ele></trkpt>
      <trkpt lat="47.171737" lon="0.253680"><ele>90.8</ele></trkpt>
      <trkpt lat="47.171636" lon="0.253723"><ele>91.5</ele></trkpt>
      <trkpt lat="47.171569" lon="0.253752"><ele>92.0</ele></trkpt>
      <trkpt lat="47.171482" lon="0.253788"><ele>92.5</ele></trkpt>
      <trkpt lat="47.171294" lon="0.253867"><ele>93.0</ele></trkpt>
      <trkpt lat="47.170966" lon="0.254006"><ele>93.2</ele></trkpt>
      <trkpt lat="47.170651" lon="0.254127"><ele>93.0</ele></trkpt>
      <trkpt lat="47.170632" lon="0.254134"><ele>93.0</ele></trkpt>
      <trkpt lat="47.170592" lon="0.254155"><ele>93.0</ele></trkpt>
      <trkpt lat="47.170534" lon="0.253770"><ele>93.2</ele></trkpt>
      <trkpt lat="47.170515" lon="0.253622"><ele>93.8</ele></trkpt>
      <trkpt lat="47.170465" lon="0.253250"><ele>94.2</ele></trkpt>
      <trkpt lat="47.170453" lon="0.252886"><ele>95.0</ele></trkpt>
      <trkpt lat="47.170450" lon="0.252765"><ele>95.0</ele></trkpt>
      <trkpt lat="47.170437" lon="0.252375"><ele>95.0</ele></trkpt>
      <trkpt lat="47.170416" lon="0.252130"><ele>95.0</ele></trkpt>
      <trkpt lat="47.170278" lon="0.251463"><ele>96.0</ele></trkpt>
      <trkpt lat="47.170260" lon="0.251363"><ele>96.0</ele></trkpt>
      <trkpt lat="47.170240" lon="0.251258"><ele>96.0</ele></trkpt>
      <trkpt lat="47.170095" lon="0.250502"><ele>97.0</ele></trkpt>
      <trkpt lat="47.170032" lon="0.250026"><ele>97.0</ele></trkpt>
      <trkpt lat="47.170017" lon="0.249514"><ele>98.0</ele></trkpt>
      <trkpt lat="47.169184" lon="0.249188"><ele>89.2</ele></trkpt>
      <trkpt lat="47.168769" lon="0.248790"><ele>79.8</ele></trkpt>
      <trkpt lat="47.168596" lon="0.248643"><ele>75.0</ele></trkpt>
      <trkpt lat="47.168464" lon="0.248507"><ele>72.5</ele></trkpt>
      <trkpt lat="47.168415" lon="0.248428"><ele>72.0</ele></trkpt>
      <trkpt lat="47.168341" lon="0.248240"><ele>70.2</ele></trkpt>
      <trkpt lat="47.168329" lon="0.248134"><ele>70.8</ele></trkpt>
      <trkpt lat="47.168308" lon="0.248019"><ele>70.5</ele></trkpt>
      <trkpt lat="47.168303" lon="0.247925"><ele>70.5</ele></trkpt>
      <trkpt lat="47.168355" lon="0.247394"><ele>71.0</ele></trkpt>
      <trkpt lat="47.168365" lon="0.247115"><ele>69.5</ele></trkpt>
      <trkpt lat="47.168346" lon="0.247018"><ele>69.0</ele></trkpt>
      <trkpt lat="47.168304" lon="0.246907"><ele>67.0</ele></trkpt>
      <trkpt lat="47.168294" lon="0.246824"><ele>65.5</ele></trkpt>
      <trkpt lat="47.168261" lon="0.246685"><ele>62.2</ele></trkpt>
      <trkpt lat="47.168201" lon="0.246497"><ele>58.8</ele></trkpt>
      <trkpt lat="47.168125" lon="0.246251"><ele>54.0</ele></trkpt>
      <trkpt lat="47.168086" lon="0.246099"><ele>52.0</ele></trkpt>
      <trkpt lat="47.168010" lon="0.245747"><ele>48.5</ele></trkpt>
      <trkpt lat="47.167946" lon="0.245332"><ele>45.0</ele></trkpt>
      <trkpt lat="47.167923" lon="0.245280"><ele>44.5</ele></trkpt>
      <trkpt lat="47.167905" lon="0.245073"><ele>45.0</ele></trkpt>
      <trkpt lat="47.167817" lon="0.245037"><ele>43.5</ele></trkpt>
      <trkpt lat="47.167671" lon="0.245058"><ele>41.5</ele></trkpt>
      <trkpt lat="47.167622" lon="0.245057"><ele>41.0</ele></trkpt>
      <trkpt lat="47.167642" lon="0.244804"><ele>41.5</ele></trkpt>
      <trkpt lat="47.167647" lon="0.244730"><ele>41.5</ele></trkpt>
      <trkpt lat="47.167648" lon="0.244097"><ele>40.8</ele></trkpt>
      <trkpt lat="47.167626" lon="0.243877"><ele>40.8</ele></trkpt>
      <trkpt lat="47.167584" lon="0.243643"><ele>40.0</ele></trkpt>
      <trkpt lat="47.167577" lon="0.243605"><ele>40.0</ele></trkpt>
      <trkpt lat="47.167563" lon="0.243527"><ele>40.0</ele></trkpt>
      <trkpt lat="47.167565" lon="0.243437"><ele>40.2</ele></trkpt>
      <trkpt lat="47.167539" lon="0.243237"><ele>40.2</ele></trkpt>
      <trkpt lat="47.167479" lon="0.242933"><ele>39.8</ele></trkpt>
      <trkpt lat="47.167412" lon="0.242766"><ele>39.2</ele></trkpt>
      <trkpt lat="47.167356" lon="0.242716"><ele>38.8</ele></trkpt>
      <trkpt lat="47.167268" lon="0.242389"><ele>38.2</ele></trkpt>
      <trkpt lat="47.167225" lon="0.242095"><ele>38.0</ele></trkpt>
      <trkpt lat="47.167208" lon="0.241866"><ele>37.8</ele></trkpt>
      <trkpt lat="47.167172" lon="0.241601"><ele>37.5</ele></trkpt>
      <trkpt lat="47.167085" lon="0.241156"><ele>36.5</ele></trkpt>
      <trkpt lat="47.167062" lon="0.241140"><ele>36.2</ele></trkpt>
      <trkpt lat="47.167048" lon="0.241086"><ele>36.2</ele></trkpt>
      <trkpt lat="47.167031" lon="0.241022"><ele>36.2</ele></trkpt>
      <trkpt lat="47.167037" lon="0.240635"><ele>36.8</ele></trkpt>
      <trkpt lat="47.167038" lon="0.240331"><ele>37.2</ele></trkpt>
      <trkpt lat="47.167036" lon="0.240091"><ele>37.2</ele></trkpt>
      <trkpt lat="47.167035" lon="0.240001"><ele>37.2</ele></trkpt>
      <trkpt lat="47.167033" lon="0.239934"><ele>37.0</ele></trkpt>
      <trkpt lat="47.167025" lon="0.239904"><ele>37.0</ele></trkpt>
      <trkpt lat="47.167000" lon="0.239885"><ele>37.0</ele></trkpt>
      <trkpt lat="47.166249" lon="0.239686"><ele>35.0</ele></trkpt>
      <trkpt lat="47.166218" lon="0.239682"><ele>35.0</ele></trkpt>
      <trkpt lat="47.166185" lon="0.239694"><ele>35.0</ele></trkpt>
      <trkpt lat="47.166181" lon="0.239718"><ele>35.0</ele></trkpt>
      <trkpt lat="47.166169" lon="0.239798"><ele>35.0</ele></trkpt>
      <trkpt lat="47.166157" lon="0.239895"><ele>35.0</ele></trkpt>
      <trkpt lat="47.166204" lon="0.239929"><ele>35.0</ele></trkpt>
      <trkpt lat="47.166500" lon="0.239985"><ele>36.2</ele></trkpt>
      <trkpt lat="47.166480" lon="0.240236"><ele>36.2</ele></trkpt>
      <trkpt lat="47.166486" lon="0.240283"><ele>36.2</ele></trkpt>
      <trkpt lat="47.166504" lon="0.240321"><ele>36.2</ele></trkpt>
      <trkpt lat="47.166562" lon="0.240344"><ele>36.2</ele></trkpt>
      <trkpt lat="47.166558" lon="0.240376"><ele>36.2</ele></trkpt>
      <trkpt lat="47.166550" lon="0.240460"><ele>35.8</ele></trkpt>
      <trkpt lat="47.166539" lon="0.240651"><ele>35.5</ele></trkpt>
      <trkpt lat="47.166550" lon="0.240460"><ele>35.8</ele></trkpt>
      <trkpt lat="47.166558" lon="0.240376"><ele>36.2</ele></trkpt>
      <trkpt lat="47.166562" lon="0.240344"><ele>36.2</ele></trkpt>
      <trkpt lat="47.166794" lon="0.240372"><ele>36.8</ele></trkpt>
      <trkpt lat="47.166924" lon="0.240372"><ele>36.8</ele></trkpt>
      <trkpt lat="47.167038" lon="0.240331"><ele>37.2</ele></trkpt>
      <trkpt lat="47.167036" lon="0.240091"><ele>37.2</ele></trkpt>
      <trkpt lat="47.167035" lon="0.240001"><ele>37.2</ele></trkpt>
      <trkpt lat="47.167033" lon="0.239934"><ele>37.0</ele></trkpt>
      <trkpt lat="47.167025" lon="0.239904"><ele>37.0</ele></trkpt>
      <trkpt lat="47.167000" lon="0.239885"><ele>37.0</ele></trkpt>
      <trkpt lat="47.166249" lon="0.239686"><ele>35.0</ele></trkpt>
      <trkpt lat="47.166218" lon="0.239682"><ele>35.0</ele></trkpt>
      <trkpt lat="47.166185" lon="0.239694"><ele>35.0</ele></trkpt>
      <trkpt lat="47.166181" lon="0.239718"><ele>35.0</ele></trkpt>
      <trkpt lat="47.166169" lon="0.239798"><ele>35.0</ele></trkpt>
      <trkpt lat="47.166122" lon="0.239786"><ele>35.0</ele></trkpt>
      <trkpt lat="47.165931" lon="0.239738"><ele>35.0</ele></trkpt>
      <trkpt lat="47.165856" lon="0.239719"><ele>35.0</ele></trkpt>
      <trkpt lat="47.165781" lon="0.239700"><ele>34.0</ele></trkpt>
      <trkpt lat="47.165797" lon="0.239583"><ele>34.2</ele></trkpt>
      <trkpt lat="47.165819" lon="0.239437"><ele>34.5</ele></trkpt>
      <trkpt lat="47.165999" lon="0.238531"><ele>32.2</ele></trkpt>
      <trkpt lat="47.166019" lon="0.238434"><ele>32.5</ele></trkpt>
      <trkpt lat="47.166053" lon="0.238247"><ele>33.5</ele></trkpt>
      <trkpt lat="47.166065" lon="0.238092"><ele>33.8</ele></trkpt>
      <trkpt lat="47.165981" lon="0.238063"><ele>33.5</ele></trkpt>
      <trkpt lat="47.165881" lon="0.238066"><ele>33.2</ele></trkpt>
      <trkpt lat="47.164915" lon="0.238191"><ele>33.5</ele></trkpt>
      <trkpt lat="47.164095" lon="0.238300"><ele>33.5</ele></trkpt>
      <trkpt lat="47.164017" lon="0.238308"><ele>33.8</ele></trkpt>
      <trkpt lat="47.163938" lon="0.238317"><ele>33.8</ele></trkpt>
      <trkpt lat="47.163944" lon="0.238208"><ele>33.8</ele></trkpt>
      <trkpt lat="47.163934" lon="0.238078"><ele>34.0</ele></trkpt>
      <trkpt lat="47.163926" lon="0.237969"><ele>34.0</ele></trkpt>
      <trkpt lat="47.163882" lon="0.237352"><ele>35.8</ele></trkpt>
      <trkpt lat="47.163813" lon="0.236439"><ele>34.5</ele></trkpt>
      <trkpt lat="47.163808" lon="0.236390"><ele>34.5</ele></trkpt>
      <trkpt lat="47.163772" lon="0.235991"><ele>34.5</ele></trkpt>
      <trkpt lat="47.163757" lon="0.235828"><ele>34.2</ele></trkpt>
      <trkpt lat="47.163750" lon="0.235697"><ele>34.5</ele></trkpt>
      <trkpt lat="47.163716" lon="0.235311"><ele>34.8</ele></trkpt>
      <trkpt lat="47.163672" lon="0.234866"><ele>34.5</ele></trkpt>
      <trkpt lat="47.163644" lon="0.234571"><ele>34.8</ele></trkpt>
      <trkpt lat="47.163629" lon="0.234397"><ele>34.8</ele></trkpt>
      <trkpt lat="47.163640" lon="0.234252"><ele>34.8</ele></trkpt>
      <trkpt lat="47.163759" lon="0.233648"><ele>34.2</ele></trkpt>
      <trkpt lat="47.163792" lon="0.233543"><ele>33.8</ele></trkpt>
      <trkpt lat="47.163966" lon="0.232969"><ele>33.8</ele></trkpt>
      <trkpt lat="47.164865" lon="0.230254"><ele>32.2</ele></trkpt>
      <trkpt lat="47.165472" lon="0.228393"><ele>32.2</ele></trkpt>
      <trkpt lat="47.165824" lon="0.227243"><ele>32.0</ele></trkpt>
      <trkpt lat="47.166124" lon="0.226124"><ele>32.0</ele></trkpt>
      <trkpt lat="47.166322" lon="0.225286"><ele>32.0</ele></trkpt>
      <trkpt lat="47.166480" lon="0.224474"><ele>31.5</ele></trkpt>
      <trkpt lat="47.166703" lon="0.222814"><ele>32.8</ele></trkpt>
      <trkpt lat="47.166796" lon="0.221767"><ele>32.2</ele></trkpt>
      <trkpt lat="47.166825" lon="0.220865"><ele>32.2</ele></trkpt>
      <trkpt lat="47.166814" lon="0.220111"><ele>32.2</ele></trkpt>
      <trkpt lat="47.166727" lon="0.219346"><ele>32.8</ele></trkpt>
      <trkpt lat="47.166610" lon="0.218667"><ele>32.2</ele></trkpt>
      <trkpt lat="47.166526" lon="0.218135"><ele>32.0</ele></trkpt>
      <trkpt lat="47.166496" lon="0.217615"><ele>32.0</ele></trkpt>
      <trkpt lat="47.166502" lon="0.216967"><ele>32.0</ele></trkpt>
      <trkpt lat="47.166543" lon="0.215678"><ele>32.0</ele></trkpt>
      <trkpt lat="47.166560" lon="0.214470"><ele>32.2</ele></trkpt>
      <trkpt lat="47.166584" lon="0.213839"><ele>32.2</ele></trkpt>
      <trkpt lat="47.166736" lon="0.212328"><ele>32.2</ele></trkpt>
      <trkpt lat="47.166985" lon="0.210501"><ele>31.5</ele></trkpt>
      <trkpt lat="47.167079" lon="0.209569"><ele>31.8</ele></trkpt>
      <trkpt lat="47.167190" lon="0.209116"><ele>31.2</ele></trkpt>
      <trkpt lat="47.167367" lon="0.208533"><ele>31.8</ele></trkpt>
      <trkpt lat="47.167409" lon="0.208179"><ele>31.0</ele></trkpt>
      <trkpt lat="47.167465" lon="0.207924"><ele>31.5</ele></trkpt>
      <trkpt lat="47.167848" lon="0.206504"><ele>31.2</ele></trkpt>
      <trkpt lat="47.168002" lon="0.206067"><ele>32.0</ele></trkpt>
      <trkpt lat="47.168236" lon="0.205514"><ele>31.2</ele></trkpt>
      <trkpt lat="47.168587" lon="0.204862"><ele>32.0</ele></trkpt>
      <trkpt lat="47.168848" lon="0.204274"><ele>31.5</ele></trkpt>
      <trkpt lat="47.168995" lon="0.203902"><ele>31.0</ele></trkpt>
      <trkpt lat="47.169558" lon="0.202063"><ele>31.2</ele></trkpt>
      <trkpt lat="47.169673" lon="0.201635"><ele>32.0</ele></trkpt>
      <trkpt lat="47.170025" lon="0.200091"><ele>31.5</ele></trkpt>
      <trkpt lat="47.170078" lon="0.199858"><ele>31.5</ele></trkpt>
      <trkpt lat="47.170195" lon="0.199283"><ele>33.5</ele></trkpt>
      <trkpt lat="47.170227" lon="0.199069"><ele>32.8</ele></trkpt>
      <trkpt lat="47.170473" lon="0.198049"><ele>32.0</ele></trkpt>
      <trkpt lat="47.170763" lon="0.196662"><ele>32.0</ele></trkpt>
      <trkpt lat="47.171154" lon="0.194523"><ele>31.2</ele></trkpt>
      <trkpt lat="47.171267" lon="0.193746"><ele>31.5</ele></trkpt>
      <trkpt lat="47.171282" lon="0.193642"><ele>31.5</ele></trkpt>
      <trkpt lat="47.171721" lon="0.191401"><ele>31.5</ele></trkpt>
      <trkpt lat="47.172002" lon="0.190001"><ele>32.0</ele></trkpt>
      <trkpt lat="47.172030" lon="0.188917"><ele>30.0</ele></trkpt>
      <trkpt lat="47.172031" lon="0.188831"><ele>30.2</ele></trkpt>
      <trkpt lat="47.172101" lon="0.188405"><ele>31.8</ele></trkpt>
      <trkpt lat="47.172119" lon="0.188136"><ele>31.5</ele></trkpt>
      <trkpt lat="47.172181" lon="0.186510"><ele>32.0</ele></trkpt>
      <trkpt lat="47.172233" lon="0.185306"><ele>31.8</ele></trkpt>
      <trkpt lat="47.172407" lon="0.180802"><ele>32.0</ele></trkpt>
      <trkpt lat="47.172435" lon="0.179624"><ele>32.0</ele></trkpt>
      <trkpt lat="47.172439" lon="0.179430"><ele>32.0</ele></trkpt>
      <trkpt lat="47.172469" lon="0.178882"><ele>32.0</ele></trkpt>
      <trkpt lat="47.172598" lon="0.176964"><ele>32.0</ele></trkpt>
      <trkpt lat="47.172698" lon="0.176111"><ele>32.0</ele></trkpt>
      <trkpt lat="47.173043" lon="0.173717"><ele>32.0</ele></trkpt>
      <trkpt lat="47.173219" lon="0.172789"><ele>30.8</ele></trkpt>
      <trkpt lat="47.173285" lon="0.172517"><ele>31.8</ele></trkpt>
      <trkpt lat="47.173401" lon="0.171891"><ele>31.0</ele></trkpt>
      <trkpt lat="47.173578" lon="0.171022"><ele>32.0</ele></trkpt>
      <trkpt lat="47.173685" lon="0.170360"><ele>31.2</ele></trkpt>
      <trkpt lat="47.173857" lon="0.169562"><ele>32.0</ele></trkpt>
      <trkpt lat="47.174058" lon="0.168901"><ele>31.8</ele></trkpt>
      <trkpt lat="47.174186" lon="0.168627"><ele>31.8</ele></trkpt>
      <trkpt lat="47.174532" lon="0.168252"><ele>31.0</ele></trkpt>
      <trkpt lat="47.174902" lon="0.167552"><ele>30.5</ele></trkpt>
      <trkpt lat="47.175352" lon="0.166603"><ele>30.8</ele></trkpt>
      <trkpt lat="47.175790" lon="0.165170"><ele>31.2</ele></trkpt>
      <trkpt lat="47.176325" lon="0.162888"><ele>31.5</ele></trkpt>
      <trkpt lat="47.176887" lon="0.161386"><ele>31.0</ele></trkpt>
      <trkpt lat="47.177289" lon="0.160466"><ele>31.0</ele></trkpt>
      <trkpt lat="47.177764" lon="0.159017"><ele>32.0</ele></trkpt>
      <trkpt lat="47.178098" lon="0.157709"><ele>31.8</ele></trkpt>
      <trkpt lat="47.178209" lon="0.157242"><ele>31.2</ele></trkpt>
      <trkpt lat="47.178324" lon="0.156754"><ele>31.5</ele></trkpt>
      <trkpt lat="47.178587" lon="0.155423"><ele>31.5</ele></trkpt>
      <trkpt lat="47.178806" lon="0.154050"><ele>31.2</ele></trkpt>
      <trkpt lat="47.178930" lon="0.152998"><ele>31.5</ele></trkpt>
      <trkpt lat="47.179046" lon="0.151754"><ele>31.0</ele></trkpt>
      <trkpt lat="47.179149" lon="0.150917"><ele>32.0</ele></trkpt>
      <trkpt lat="47.179294" lon="0.150016"><ele>31.5</ele></trkpt>
      <trkpt lat="47.179514" lon="0.149168"><ele>31.5</ele></trkpt>
      <trkpt lat="47.179550" lon="0.148353"><ele>31.5</ele></trkpt>
      <trkpt lat="47.179689" lon="0.147183"><ele>31.0</ele></trkpt>
      <trkpt lat="47.179718" lon="0.146388"><ele>31.0</ele></trkpt>
      <trkpt lat="47.179783" lon="0.145510"><ele>31.2</ele></trkpt>
      <trkpt lat="47.179892" lon="0.144630"><ele>30.5</ele></trkpt>
      <trkpt lat="47.180031" lon="0.142881"><ele>30.8</ele></trkpt>
      <trkpt lat="47.180060" lon="0.142270"><ele>31.2</ele></trkpt>
      <trkpt lat="47.180202" lon="0.140933"><ele>31.0</ele></trkpt>
      <trkpt lat="47.180259" lon="0.140199"><ele>31.0</ele></trkpt>
      <trkpt lat="47.180235" lon="0.139663"><ele>31.0</ele></trkpt>
      <trkpt lat="47.180190" lon="0.139493"><ele>30.8</ele></trkpt>
      <trkpt lat="47.180153" lon="0.139352"><ele>30.2</ele></trkpt>
      <trkpt lat="47.180136" lon="0.139276"><ele>30.0</ele></trkpt>
      <trkpt lat="47.180122" lon="0.139209"><ele>30.0</ele></trkpt>
      <trkpt lat="47.180111" lon="0.139117"><ele>30.2</ele></trkpt>
      <trkpt lat="47.180100" lon="0.138819"><ele>31.0</ele></trkpt>
      <trkpt lat="47.180112" lon="0.138494"><ele>31.2</ele></trkpt>
      <trkpt lat="47.180152" lon="0.137840"><ele>31.0</ele></trkpt>
      <trkpt lat="47.180204" lon="0.137257"><ele>31.0</ele></trkpt>
      <trkpt lat="47.180320" lon="0.136338"><ele>31.0</ele></trkpt>
      <trkpt lat="47.180396" lon="0.135837"><ele>31.0</ele></trkpt>
      <trkpt lat="47.180484" lon="0.135342"><ele>30.8</ele></trkpt>
      <trkpt lat="47.180532" lon="0.134959"><ele>31.0</ele></trkpt>
      <trkpt lat="47.180525" lon="0.134502"><ele>31.0</ele></trkpt>
      <trkpt lat="47.180507" lon="0.134210"><ele>31.0</ele></trkpt>
      <trkpt lat="47.180488" lon="0.133649"><ele>30.0</ele></trkpt>
      <trkpt lat="47.180488" lon="0.132831"><ele>30.8</ele></trkpt>
      <trkpt lat="47.180498" lon="0.132500"><ele>31.0</ele></trkpt>
      <trkpt lat="47.180531" lon="0.132076"><ele>31.0</ele></trkpt>
      <trkpt lat="47.180592" lon="0.131502"><ele>30.8</ele></trkpt>
      <trkpt lat="47.180672" lon="0.130964"><ele>30.0</ele></trkpt>
      <trkpt lat="47.180792" lon="0.130434"><ele>30.5</ele></trkpt>
      <trkpt lat="47.180974" lon="0.129720"><ele>29.8</ele></trkpt>
      <trkpt lat="47.181103" lon="0.129028"><ele>30.5</ele></trkpt>
      <trkpt lat="47.181170" lon="0.128601"><ele>30.5</ele></trkpt>
      <trkpt lat="47.181188" lon="0.128278"><ele>30.2</ele></trkpt>
      <trkpt lat="47.181192" lon="0.128088"><ele>30.0</ele></trkpt>
      <trkpt lat="47.181189" lon="0.127853"><ele>30.5</ele></trkpt>
      <trkpt lat="47.181163" lon="0.127378"><ele>31.0</ele></trkpt>
      <trkpt lat="47.181141" lon="0.126791"><ele>31.0</ele></trkpt>
      <trkpt lat="47.181165" lon="0.126147"><ele>31.0</ele></trkpt>
      <trkpt lat="47.181265" lon="0.125090"><ele>31.0</ele></trkpt>
      <trkpt lat="47.181276" lon="0.124707"><ele>31.0</ele></trkpt>
      <trkpt lat="47.181217" lon="0.124497"><ele>31.0</ele></trkpt>
      <trkpt lat="47.180842" lon="0.123826"><ele>31.0</ele></trkpt>
      <trkpt lat="47.180476" lon="0.123090"><ele>31.0</ele></trkpt>
      <trkpt lat="47.180346" lon="0.122847"><ele>31.0</ele></trkpt>
      <trkpt lat="47.180271" lon="0.122707"><ele>31.5</ele></trkpt>
      <trkpt lat="47.180132" lon="0.122483"><ele>33.5</ele></trkpt>
      <trkpt lat="47.180107" lon="0.122436"><ele>34.0</ele></trkpt>
      <trkpt lat="47.180244" lon="0.122262"><ele>33.2</ele></trkpt>
      <trkpt lat="47.180399" lon="0.122020"><ele>33.2</ele></trkpt>
      <trkpt lat="47.180776" lon="0.121285"><ele>34.0</ele></trkpt>
      <trkpt lat="47.180781" lon="0.121170"><ele>34.8</ele></trkpt>
      <trkpt lat="47.180836" lon="0.121019"><ele>34.8</ele></trkpt>
      <trkpt lat="47.180818" lon="0.120992"><ele>35.5</ele></trkpt>
      <trkpt lat="47.180843" lon="0.120822"><ele>37.0</ele></trkpt>
      <trkpt lat="47.180873" lon="0.120458"><ele>39.8</ele></trkpt>
      <trkpt lat="47.181114" lon="0.119761"><ele>46.0</ele></trkpt>
      <trkpt lat="47.181182" lon="0.119623"><ele>44.5</ele></trkpt>
      <trkpt lat="47.181314" lon="0.119334"><ele>43.8</ele></trkpt>
      <trkpt lat="47.181469" lon="0.118870"><ele>47.0</ele></trkpt>
      <trkpt lat="47.181659" lon="0.118440"><ele>48.2</ele></trkpt>
      <trkpt lat="47.181776" lon="0.118186"><ele>47.8</ele></trkpt>
      <trkpt lat="47.181891" lon="0.117974"><ele>48.2</ele></trkpt>
      <trkpt lat="47.182013" lon="0.117853"><ele>45.5</ele></trkpt>
      <trkpt lat="47.182093" lon="0.117732"><ele>44.8</ele></trkpt>
      <trkpt lat="47.182192" lon="0.117534"><ele>45.8</ele></trkpt>
      <trkpt lat="47.182346" lon="0.117321"><ele>42.8</ele></trkpt>
      <trkpt lat="47.182612" lon="0.117076"><ele>40.0</ele></trkpt>
      <trkpt lat="47.182811" lon="0.116924"><ele>36.8</ele></trkpt>
      <trkpt lat="47.182843" lon="0.116923"><ele>36.2</ele></trkpt>
      <trkpt lat="47.182880" lon="0.116816"><ele>36.8</ele></trkpt>
      <trkpt lat="47.183103" lon="0.116316"><ele>35.0</ele></trkpt>
      <trkpt lat="47.183381" lon="0.115572"><ele>34.2</ele></trkpt>
      <trkpt lat="47.183575" lon="0.115161"><ele>33.2</ele></trkpt>
      <trkpt lat="47.183392" lon="0.114660"><ele>34.0</ele></trkpt>
      <trkpt lat="47.183337" lon="0.114547"><ele>34.0</ele></trkpt>
      <trkpt lat="47.183373" lon="0.114463"><ele>34.0</ele></trkpt>
      <trkpt lat="47.183474" lon="0.113779"><ele>37.5</ele></trkpt>
      <trkpt lat="47.183585" lon="0.113258"><ele>41.5</ele></trkpt>
      <trkpt lat="47.183599" lon="0.113052"><ele>42.0</ele></trkpt>
      <trkpt lat="47.183594" lon="0.112942"><ele>43.8</ele></trkpt>
      <trkpt lat="47.183569" lon="0.112766"><ele>46.2</ele></trkpt>
      <trkpt lat="47.183522" lon="0.112584"><ele>46.5</ele></trkpt>
      <trkpt lat="47.183392" lon="0.112297"><ele>47.0</ele></trkpt>
      <trkpt lat="47.183259" lon="0.112010"><ele>48.0</ele></trkpt>
      <trkpt lat="47.183165" lon="0.111744"><ele>49.8</ele></trkpt>
      <trkpt lat="47.183085" lon="0.111441"><ele>51.8</ele></trkpt>
      <trkpt lat="47.182930" lon="0.110930"><ele>55.2</ele></trkpt>
      <trkpt lat="47.182936" lon="0.110730"><ele>57.2</ele></trkpt>
      <trkpt lat="47.183226" lon="0.110275"><ele>63.0</ele></trkpt>
      <trkpt lat="47.183261" lon="0.110129"><ele>63.5</ele></trkpt>
      <trkpt lat="47.182016" lon="0.107105"><ele>71.2</ele></trkpt>
      <trkpt lat="47.181481" lon="0.105788"><ele>72.2</ele></trkpt>
      <trkpt lat="47.181592" lon="0.105590"><ele>72.8</ele></trkpt>
      <trkpt lat="47.181943" lon="0.104415"><ele>73.8</ele></trkpt>
      <trkpt lat="47.182297" lon="0.103298"><ele>74.5</ele></trkpt>
      <trkpt lat="47.182554" lon="0.102387"><ele>74.8</ele></trkpt>
      <trkpt lat="47.182692" lon="0.101767"><ele>75.0</ele></trkpt>
      <trkpt lat="47.182817" lon="0.101411"><ele>74.8</ele></trkpt>
      <trkpt lat="47.183549" lon="0.100296"><ele>73.0</ele></trkpt>
      <trkpt lat="47.183415" lon="0.100044"><ele>73.2</ele></trkpt>
      <trkpt lat="47.183214" lon="0.099583"><ele>73.0</ele></trkpt>
      <trkpt lat="47.183076" lon="0.099325"><ele>73.2</ele></trkpt>
      <trkpt lat="47.182383" lon="0.098370"><ele>74.2</ele></trkpt>
      <trkpt lat="47.181771" lon="0.097546"><ele>75.0</ele></trkpt>
      <trkpt lat="47.181637" lon="0.097385"><ele>75.0</ele></trkpt>
      <trkpt lat="47.181284" lon="0.097039"><ele>75.0</ele></trkpt>
      <trkpt lat="47.180516" lon="0.096300"><ele>74.0</ele></trkpt>
      <trkpt lat="47.178642" lon="0.095066"><ele>76.8</ele></trkpt>
      <trkpt lat="47.178415" lon="0.094845"><ele>77.2</ele></trkpt>
      <trkpt lat="47.178277" lon="0.094681"><ele>78.0</ele></trkpt>
      <trkpt lat="47.177367" lon="0.093507"><ele>80.0</ele></trkpt>
      <trkpt lat="47.175721" lon="0.091345"><ele>90.0</ele></trkpt>
      <trkpt lat="47.175807" lon="0.090979"><ele>90.0</ele></trkpt>
      <trkpt lat="47.175861" lon="0.090682"><ele>89.2</ele></trkpt>
      <trkpt lat="47.175865" lon="0.090311"><ele>89.0</ele></trkpt>
      <trkpt lat="47.175815" lon="0.089975"><ele>90.0</ele></trkpt>
      <trkpt lat="47.175853" lon="0.089567"><ele>90.0</ele></trkpt>
      <trkpt lat="47.175944" lon="0.088992"><ele>92.0</ele></trkpt>
      <trkpt lat="47.176009" lon="0.088468"><ele>93.2</ele></trkpt>
      <trkpt lat="47.175995" lon="0.087937"><ele>93.0</ele></trkpt>
      <trkpt lat="47.176060" lon="0.087486"><ele>91.8</ele></trkpt>
      <trkpt lat="47.176133" lon="0.087239"><ele>92.0</ele></trkpt>
      <trkpt lat="47.176152" lon="0.087062"><ele>90.8</ele></trkpt>
      <trkpt lat="47.176181" lon="0.086623"><ele>88.5</ele></trkpt>
      <trkpt lat="47.176353" lon="0.085283"><ele>81.0</ele></trkpt>
      <trkpt lat="47.176301" lon="0.084859"><ele>79.2</ele></trkpt>
      <trkpt lat="47.176301" lon="0.083898"><ele>78.8</ele></trkpt>
      <trkpt lat="47.176317" lon="0.083689"><ele>79.5</ele></trkpt>
      <trkpt lat="47.175958" lon="0.082083"><ele>83.5</ele></trkpt>
      <trkpt lat="47.175897" lon="0.081858"><ele>84.0</ele></trkpt>
      <trkpt lat="47.175852" lon="0.081727"><ele>84.0</ele></trkpt>
      <trkpt lat="47.175710" lon="0.081314"><ele>85.8</ele></trkpt>
      <trkpt lat="47.175642" lon="0.080904"><ele>87.0</ele></trkpt>
      <trkpt lat="47.175695" lon="0.079601"><ele>92.2</ele></trkpt>
      <trkpt lat="47.175731" lon="0.079108"><ele>94.0</ele></trkpt>
      <trkpt lat="47.175821" lon="0.078263"><ele>98.0</ele></trkpt>
      <trkpt lat="47.175837" lon="0.077994"><ele>99.0</ele></trkpt>
      <trkpt lat="47.175711" lon="0.076872"><ele>104.0</ele></trkpt>
      <trkpt lat="47.175761" lon="0.076116"><ele>106.0</ele></trkpt>
      <trkpt lat="47.175825" lon="0.074616"><ele>109.0</ele></trkpt>
      <trkpt lat="47.175907" lon="0.073074"><ele>107.0</ele></trkpt>
      <trkpt lat="47.175945" lon="0.072224"><ele>106.0</ele></trkpt>
      <trkpt lat="47.175940" lon="0.071478"><ele>104.5</ele></trkpt>
      <trkpt lat="47.175883" lon="0.071119"><ele>103.8</ele></trkpt>
      <trkpt lat="47.175840" lon="0.070958"><ele>102.8</ele></trkpt>
      <trkpt lat="47.175661" lon="0.070518"><ele>101.2</ele></trkpt>
      <trkpt lat="47.175480" lon="0.070011"><ele>99.2</ele></trkpt>
      <trkpt lat="47.175329" lon="0.069469"><ele>98.5</ele></trkpt>
      <trkpt lat="47.175285" lon="0.068997"><ele>98.2</ele></trkpt>
      <trkpt lat="47.175336" lon="0.068595"><ele>96.8</ele></trkpt>
      <trkpt lat="47.175358" lon="0.068091"><ele>94.0</ele></trkpt>
      <trkpt lat="47.175398" lon="0.067527"><ele>89.8</ele></trkpt>
      <trkpt lat="47.175599" lon="0.066197"><ele>87.2</ele></trkpt>
      <trkpt lat="47.175734" lon="0.064985"><ele>83.8</ele></trkpt>
      <trkpt lat="47.175872" lon="0.063992"><ele>84.0</ele></trkpt>
      <trkpt lat="47.175992" lon="0.063294"><ele>80.2</ele></trkpt>
      <trkpt lat="47.176093" lon="0.062830"><ele>79.0</ele></trkpt>
      <trkpt lat="47.176057" lon="0.062573"><ele>79.0</ele></trkpt>
      <trkpt lat="47.176113" lon="0.062061"><ele>78.8</ele></trkpt>
      <trkpt lat="47.176213" lon="0.061732"><ele>78.5</ele></trkpt>
      <trkpt lat="47.176236" lon="0.061656"><ele>78.5</ele></trkpt>
      <trkpt lat="47.176502" lon="0.061151"><ele>80.2</ele></trkpt>
      <trkpt lat="47.177292" lon="0.058767"><ele>84.2</ele></trkpt>
      <trkpt lat="47.177529" lon="0.058089"><ele>84.8</ele></trkpt>
      <trkpt lat="47.177673" lon="0.057553"><ele>85.2</ele></trkpt>
      <trkpt lat="47.177854" lon="0.056343"><ele>84.5</ele></trkpt>
      <trkpt lat="47.177903" lon="0.055520"><ele>81.8</ele></trkpt>
      <trkpt lat="47.177911" lon="0.055276"><ele>80.8</ele></trkpt>
      <trkpt lat="47.177901" lon="0.055253"><ele>80.8</ele></trkpt>
      <trkpt lat="47.178000" lon="0.054789"><ele>79.5</ele></trkpt>
      <trkpt lat="47.178058" lon="0.054616"><ele>78.8</ele></trkpt>
      <trkpt lat="47.178407" lon="0.053597"><ele>76.5</ele></trkpt>
      <trkpt lat="47.178542" lon="0.053265"><ele>74.5</ele></trkpt>
      <trkpt lat="47.178973" lon="0.052337"><ele>66.5</ele></trkpt>
      <trkpt lat="47.179049" lon="0.052091"><ele>65.2</ele></trkpt>
      <trkpt lat="47.179089" lon="0.051898"><ele>65.5</ele></trkpt>
      <trkpt lat="47.179103" lon="0.051792"><ele>65.2</ele></trkpt>
      <trkpt lat="47.179093" lon="0.051750"><ele>65.0</ele></trkpt>
      <trkpt lat="47.179222" lon="0.051618"><ele>65.2</ele></trkpt>
      <trkpt lat="47.179285" lon="0.051570"><ele>65.2</ele></trkpt>
      <trkpt lat="47.179643" lon="0.051361"><ele>65.5</ele></trkpt>
      <trkpt lat="47.179725" lon="0.051309"><ele>65.5</ele></trkpt>
      <trkpt lat="47.179781" lon="0.051262"><ele>66.0</ele></trkpt>
      <trkpt lat="47.179852" lon="0.051183"><ele>66.5</ele></trkpt>
      <trkpt lat="47.180135" lon="0.050812"><ele>70.0</ele></trkpt>
      <trkpt lat="47.180218" lon="0.050718"><ele>71.2</ele></trkpt>
      <trkpt lat="47.180328" lon="0.050606"><ele>72.0</ele></trkpt>
      <trkpt lat="47.180513" lon="0.050442"><ele>74.5</ele></trkpt>
      <trkpt lat="47.180597" lon="0.050379"><ele>75.5</ele></trkpt>
      <trkpt lat="47.180694" lon="0.050322"><ele>75.8</ele></trkpt>
      <trkpt lat="47.180844" lon="0.050247"><ele>75.5</ele></trkpt>
      <trkpt lat="47.181267" lon="0.050059"><ele>78.5</ele></trkpt>
      <trkpt lat="47.181306" lon="0.050040"><ele>78.5</ele></trkpt>
      <trkpt lat="47.181640" lon="0.049922"><ele>79.2</ele></trkpt>
      <trkpt lat="47.181716" lon="0.049946"><ele>79.0</ele></trkpt>
      <trkpt lat="47.181837" lon="0.050040"><ele>78.8</ele></trkpt>
      <trkpt lat="47.181863" lon="0.050072"><ele>78.8</ele></trkpt>
      <trkpt lat="47.182070" lon="0.050345"><ele>77.5</ele></trkpt>
      <trkpt lat="47.182047" lon="0.050686"><ele>77.0</ele></trkpt>
      <trkpt lat="47.182039" lon="0.051046"><ele>76.0</ele></trkpt>
      <trkpt lat="47.182036" lon="0.051762"><ele>69.8</ele></trkpt>
      <trkpt lat="47.182019" lon="0.051834"><ele>69.0</ele></trkpt>
      <trkpt lat="47.181946" lon="0.051972"><ele>68.5</ele></trkpt>
      <trkpt lat="47.181925" lon="0.052029"><ele>68.0</ele></trkpt>
      <trkpt lat="47.181795" lon="0.052566"><ele>65.0</ele></trkpt>
      <trkpt lat="47.181789" lon="0.052609"><ele>64.8</ele></trkpt>
      <trkpt lat="47.181792" lon="0.052633"><ele>64.5</ele></trkpt>
      <trkpt lat="47.181777" lon="0.052715"><ele>64.0</ele></trkpt>
      <trkpt lat="47.181650" lon="0.053230"><ele>63.0</ele></trkpt>
      <trkpt lat="47.181633" lon="0.053270"><ele>63.0</ele></trkpt>
      <trkpt lat="47.181552" lon="0.053360"><ele>62.8</ele></trkpt>
      <trkpt lat="47.181460" lon="0.053443"><ele>62.5</ele></trkpt>
      <trkpt lat="47.181405" lon="0.053403"><ele>62.5</ele></trkpt>
      <trkpt lat="47.181377" lon="0.053387"><ele>64.2</ele></trkpt>
      <trkpt lat="47.181405" lon="0.053403"><ele>62.5</ele></trkpt>
      <trkpt lat="47.181460" lon="0.053443"><ele>62.5</ele></trkpt>
      <trkpt lat="47.181552" lon="0.053360"><ele>62.8</ele></trkpt>
      <trkpt lat="47.181633" lon="0.053270"><ele>63.0</ele></trkpt>
      <trkpt lat="47.181650" lon="0.053230"><ele>63.0</ele></trkpt>
      <trkpt lat="47.181777" lon="0.052715"><ele>64.0</ele></trkpt>
      <trkpt lat="47.181792" lon="0.052633"><ele>64.5</ele></trkpt>
      <trkpt lat="47.181789" lon="0.052609"><ele>64.8</ele></trkpt>
      <trkpt lat="47.181795" lon="0.052566"><ele>65.0</ele></trkpt>
      <trkpt lat="47.181925" lon="0.052029"><ele>68.0</ele></trkpt>
      <trkpt lat="47.181946" lon="0.051972"><ele>68.5</ele></trkpt>
      <trkpt lat="47.182019" lon="0.051834"><ele>69.0</ele></trkpt>
      <trkpt lat="47.182036" lon="0.051762"><ele>69.8</ele></trkpt>
      <trkpt lat="47.182039" lon="0.051046"><ele>76.0</ele></trkpt>
      <trkpt lat="47.182047" lon="0.050686"><ele>77.0</ele></trkpt>
      <trkpt lat="47.182070" lon="0.050345"><ele>77.5</ele></trkpt>
      <trkpt lat="47.181863" lon="0.050072"><ele>78.8</ele></trkpt>
      <trkpt lat="47.181837" lon="0.050040"><ele>78.8</ele></trkpt>
      <trkpt lat="47.181858" lon="0.049856"><ele>79.5</ele></trkpt>
      <trkpt lat="47.181849" lon="0.049789"><ele>79.8</ele></trkpt>
      <trkpt lat="47.181870" lon="0.049619"><ele>80.0</ele></trkpt>
      <trkpt lat="47.181875" lon="0.049443"><ele>80.2</ele></trkpt>
      <trkpt lat="47.181869" lon="0.049342"><ele>80.5</ele></trkpt>
      <trkpt lat="47.181786" lon="0.048480"><ele>81.5</ele></trkpt>
      <trkpt lat="47.181777" lon="0.048396"><ele>81.8</ele></trkpt>
      <trkpt lat="47.181764" lon="0.048251"><ele>81.8</ele></trkpt>
      <trkpt lat="47.181720" lon="0.047798"><ele>82.0</ele></trkpt>
      <trkpt lat="47.181689" lon="0.047425"><ele>82.2</ele></trkpt>
      <trkpt lat="47.181678" lon="0.046862"><ele>82.8</ele></trkpt>
      <trkpt lat="47.181751" lon="0.046784"><ele>82.8</ele></trkpt>
      <trkpt lat="47.181804" lon="0.046631"><ele>82.5</ele></trkpt>
      <trkpt lat="47.181812" lon="0.046581"><ele>82.5</ele></trkpt>
      <trkpt lat="47.181849" lon="0.046571"><ele>82.2</ele></trkpt>
      <trkpt lat="47.181918" lon="0.046563"><ele>82.0</ele></trkpt>
      <trkpt lat="47.182199" lon="0.046614"><ele>81.2</ele></trkpt>
      <trkpt lat="47.182536" lon="0.046649"><ele>78.5</ele></trkpt>
      <trkpt lat="47.183147" lon="0.046653"><ele>73.2</ele></trkpt>
      <trkpt lat="47.183404" lon="0.046683"><ele>71.5</ele></trkpt>
      <trkpt lat="47.184015" lon="0.046737"><ele>70.0</ele></trkpt>
      <trkpt lat="47.184666" lon="0.046763"><ele>66.0</ele></trkpt>
      <trkpt lat="47.184819" lon="0.046770"><ele>65.0</ele></trkpt>
      <trkpt lat="47.185270" lon="0.046762"><ele>62.2</ele></trkpt>
      <trkpt lat="47.185371" lon="0.046771"><ele>62.0</ele></trkpt>
      <trkpt lat="47.185405" lon="0.046657"><ele>62.0</ele></trkpt>
      <trkpt lat="47.185494" lon="0.046365"><ele>63.0</ele></trkpt>
      <trkpt lat="47.185577" lon="0.046136"><ele>62.8</ele></trkpt>
      <trkpt lat="47.185638" lon="0.046006"><ele>62.5</ele></trkpt>
      <trkpt lat="47.185717" lon="0.045861"><ele>62.5</ele></trkpt>
      <trkpt lat="47.185837" lon="0.045683"><ele>63.5</ele></trkpt>
      <trkpt lat="47.186012" lon="0.045545"><ele>65.5</ele></trkpt>
      <trkpt lat="47.186349" lon="0.045322"><ele>66.0</ele></trkpt>
      <trkpt lat="47.186476" lon="0.045276"><ele>66.0</ele></trkpt>
      <trkpt lat="47.186519" lon="0.045246"><ele>66.0</ele></trkpt>
      <trkpt lat="47.186554" lon="0.045200"><ele>66.0</ele></trkpt>
      <trkpt lat="47.186631" lon="0.045101"><ele>66.0</ele></trkpt>
      <trkpt lat="47.186708" lon="0.045108"><ele>65.8</ele></trkpt>
      <trkpt lat="47.186819" lon="0.045082"><ele>66.0</ele></trkpt>
      <trkpt lat="47.187281" lon="0.044825"><ele>68.0</ele></trkpt>
      <trkpt lat="47.187674" lon="0.044691"><ele>67.2</ele></trkpt>
      <trkpt lat="47.188261" lon="0.044401"><ele>65.5</ele></trkpt>
      <trkpt lat="47.188568" lon="0.044280"><ele>63.2</ele></trkpt>
      <trkpt lat="47.188703" lon="0.044233"><ele>61.5</ele></trkpt>
      <trkpt lat="47.188820" lon="0.044313"><ele>60.0</ele></trkpt>
      <trkpt lat="47.188874" lon="0.044285"><ele>59.0</ele></trkpt>
      <trkpt lat="47.188899" lon="0.044215"><ele>58.2</ele></trkpt>
      <trkpt lat="47.188955" lon="0.044102"><ele>57.5</ele></trkpt>
      <trkpt lat="47.189151" lon="0.043831"><ele>56.2</ele></trkpt>
      <trkpt lat="47.189491" lon="0.044347"><ele>56.0</ele></trkpt>
      <trkpt lat="47.189669" lon="0.044696"><ele>55.2</ele></trkpt>
      <trkpt lat="47.189833" lon="0.044942"><ele>54.5</ele></trkpt>
      <trkpt lat="47.189926" lon="0.045053"><ele>54.0</ele></trkpt>
      <trkpt lat="47.190186" lon="0.045484"><ele>52.5</ele></trkpt>
      <trkpt lat="47.190442" lon="0.045182"><ele>54.0</ele></trkpt>
      <trkpt lat="47.190982" lon="0.046098"><ele>52.5</ele></trkpt>
      <trkpt lat="47.191054" lon="0.046194"><ele>52.5</ele></trkpt>
      <trkpt lat="47.191046" lon="0.045902"><ele>55.8</ele></trkpt>
      <trkpt lat="47.191068" lon="0.045850"><ele>56.8</ele></trkpt>
      <trkpt lat="47.191487" lon="0.045576"><ele>62.8</ele></trkpt>
      <trkpt lat="47.191539" lon="0.045478"><ele>63.2</ele></trkpt>
      <trkpt lat="47.191622" lon="0.045537"><ele>63.0</ele></trkpt>
      <trkpt lat="47.191841" lon="0.045609"><ele>63.8</ele></trkpt>
      <trkpt lat="47.192278" lon="0.045655"><ele>65.5</ele></trkpt>
      <trkpt lat="47.192321" lon="0.045540"><ele>66.8</ele></trkpt>
      <trkpt lat="47.192798" lon="0.044627"><ele>74.5</ele></trkpt>
      <trkpt lat="47.193102" lon="0.043956"><ele>78.8</ele></trkpt>
      <trkpt lat="47.193359" lon="0.043436"><ele>80.5</ele></trkpt>
      <trkpt lat="47.193478" lon="0.043097"><ele>80.8</ele></trkpt>
      <trkpt lat="47.194383" lon="0.040782"><ele>67.8</ele></trkpt>
      <trkpt lat="47.194406" lon="0.040697"><ele>67.0</ele></trkpt>
      <trkpt lat="47.194411" lon="0.040612"><ele>66.5</ele></trkpt>
      <trkpt lat="47.194400" lon="0.040526"><ele>65.8</ele></trkpt>
      <trkpt lat="47.193945" lon="0.039557"><ele>64.8</ele></trkpt>
      <trkpt lat="47.193953" lon="0.039421"><ele>64.0</ele></trkpt>
      <trkpt lat="47.194056" lon="0.039180"><ele>62.0</ele></trkpt>
      <trkpt lat="47.194076" lon="0.039081"><ele>61.8</ele></trkpt>
      <trkpt lat="47.194637" lon="0.039307"><ele>57.2</ele></trkpt>
      <trkpt lat="47.194708" lon="0.039298"><ele>57.0</ele></trkpt>
      <trkpt lat="47.194815" lon="0.039288"><ele>58.0</ele></trkpt>
      <trkpt lat="47.194855" lon="0.039267"><ele>58.2</ele></trkpt>
      <trkpt lat="47.194891" lon="0.039205"><ele>58.8</ele></trkpt>
      <trkpt lat="47.195000" lon="0.038874"><ele>60.8</ele></trkpt>
      <trkpt lat="47.195098" lon="0.038439"><ele>62.5</ele></trkpt>
      <trkpt lat="47.195168" lon="0.038081"><ele>65.0</ele></trkpt>
      <trkpt lat="47.195196" lon="0.037987"><ele>65.5</ele></trkpt>
      <trkpt lat="47.195242" lon="0.037882"><ele>66.5</ele></trkpt>
      <trkpt lat="47.195301" lon="0.037835"><ele>67.5</ele></trkpt>
      <trkpt lat="47.195400" lon="0.037804"><ele>68.8</ele></trkpt>
      <trkpt lat="47.196178" lon="0.037823"><ele>75.0</ele></trkpt>
      <trkpt lat="47.196848" lon="0.037908"><ele>77.0</ele></trkpt>
      <trkpt lat="47.197145" lon="0.038007"><ele>77.8</ele></trkpt>
      <trkpt lat="47.197187" lon="0.038092"><ele>77.8</ele></trkpt>
      <trkpt lat="47.197019" lon="0.038334"><ele>77.5</ele></trkpt>
      <trkpt lat="47.196847" lon="0.038648"><ele>75.5</ele></trkpt>
      <trkpt lat="47.196773" lon="0.038879"><ele>74.8</ele></trkpt>
      <trkpt lat="47.196715" lon="0.039271"><ele>73.2</ele></trkpt>
      <trkpt lat="47.196712" lon="0.039650"><ele>72.5</ele></trkpt>
      <trkpt lat="47.196773" lon="0.040113"><ele>72.2</ele></trkpt>
      <trkpt lat="47.196892" lon="0.040637"><ele>72.0</ele></trkpt>
      <trkpt lat="47.197069" lon="0.041165"><ele>71.0</ele></trkpt>
      <trkpt lat="47.197256" lon="0.041524"><ele>70.2</ele></trkpt>
      <trkpt lat="47.197588" lon="0.042000"><ele>70.0</ele></trkpt>
      <trkpt lat="47.198727" lon="0.043123"><ele>66.8</ele></trkpt>
      <trkpt lat="47.198802" lon="0.043206"><ele>66.5</ele></trkpt>
      <trkpt lat="47.199666" lon="0.044094"><ele>66.8</ele></trkpt>
      <trkpt lat="47.200896" lon="0.045878"><ele>59.2</ele></trkpt>
      <trkpt lat="47.201097" lon="0.046083"><ele>58.0</ele></trkpt>
      <trkpt lat="47.201484" lon="0.046567"><ele>54.5</ele></trkpt>
      <trkpt lat="47.203251" lon="0.042705"><ele>69.8</ele></trkpt>
      <trkpt lat="47.203521" lon="0.042193"><ele>67.8</ele></trkpt>
      <trkpt lat="47.203701" lon="0.041891"><ele>65.2</ele></trkpt>
      <trkpt lat="47.203782" lon="0.041790"><ele>64.2</ele></trkpt>
      <trkpt lat="47.203831" lon="0.041877"><ele>64.0</ele></trkpt>
      <trkpt lat="47.203902" lon="0.041966"><ele>64.0</ele></trkpt>
      <trkpt lat="47.204107" lon="0.042162"><ele>64.5</ele></trkpt>
      <trkpt lat="47.204488" lon="0.042414"><ele>64.8</ele></trkpt>
      <trkpt lat="47.205200" lon="0.042905"><ele>65.5</ele></trkpt>
      <trkpt lat="47.206236" lon="0.043692"><ele>64.5</ele></trkpt>
      <trkpt lat="47.206980" lon="0.044172"><ele>63.5</ele></trkpt>
      <trkpt lat="47.207566" lon="0.044635"><ele>61.8</ele></trkpt>
      <trkpt lat="47.207716" lon="0.044800"><ele>61.5</ele></trkpt>
      <trkpt lat="47.207818" lon="0.044931"><ele>61.2</ele></trkpt>
      <trkpt lat="47.207897" lon="0.045049"><ele>61.0</ele></trkpt>
      <trkpt lat="47.208176" lon="0.045643"><ele>61.2</ele></trkpt>
      <trkpt lat="47.208326" lon="0.045942"><ele>61.2</ele></trkpt>
      <trkpt lat="47.208512" lon="0.046205"><ele>60.8</ele></trkpt>
      <trkpt lat="47.208691" lon="0.046402"><ele>61.0</ele></trkpt>
      <trkpt lat="47.209027" lon="0.046719"><ele>60.2</ele></trkpt>
      <trkpt lat="47.209699" lon="0.047334"><ele>58.0</ele></trkpt>
      <trkpt lat="47.209884" lon="0.047534"><ele>57.2</ele></trkpt>
      <trkpt lat="47.210133" lon="0.047837"><ele>56.2</ele></trkpt>
      <trkpt lat="47.210322" lon="0.048014"><ele>54.8</ele></trkpt>
      <trkpt lat="47.210652" lon="0.048273"><ele>52.0</ele></trkpt>
      <trkpt lat="47.210883" lon="0.048433"><ele>49.8</ele></trkpt>
      <trkpt lat="47.211176" lon="0.048615"><ele>46.0</ele></trkpt>
      <trkpt lat="47.211355" lon="0.048752"><ele>44.2</ele></trkpt>
      <trkpt lat="47.211512" lon="0.048893"><ele>43.0</ele></trkpt>
      <trkpt lat="47.211725" lon="0.049196"><ele>41.5</ele></trkpt>
      <trkpt lat="47.212171" lon="0.049854"><ele>37.5</ele></trkpt>
      <trkpt lat="47.212369" lon="0.050018"><ele>36.8</ele></trkpt>
      <trkpt lat="47.212700" lon="0.050275"><ele>35.5</ele></trkpt>
      <trkpt lat="47.212806" lon="0.050383"><ele>35.2</ele></trkpt>
      <trkpt lat="47.212917" lon="0.050572"><ele>35.2</ele></trkpt>
      <trkpt lat="47.213038" lon="0.050813"><ele>35.0</ele></trkpt>
      <trkpt lat="47.213262" lon="0.051162"><ele>34.0</ele></trkpt>
      <trkpt lat="47.213471" lon="0.051372"><ele>34.5</ele></trkpt>
      <trkpt lat="47.213550" lon="0.051426"><ele>34.8</ele></trkpt>
      <trkpt lat="47.214053" lon="0.051929"><ele>35.2</ele></trkpt>
      <trkpt lat="47.214349" lon="0.052171"><ele>34.5</ele></trkpt>
      <trkpt lat="47.214625" lon="0.052410"><ele>35.0</ele></trkpt>
      <trkpt lat="47.214326" lon="0.052887"><ele>32.8</ele></trkpt>
      <trkpt lat="47.214052" lon="0.053304"><ele>31.5</ele></trkpt>
      <trkpt lat="47.213774" lon="0.053733"><ele>34.8</ele></trkpt>
      <trkpt lat="47.213754" lon="0.053763"><ele>35.0</ele></trkpt>
      <trkpt lat="47.213706" lon="0.053869"><ele>36.0</ele></trkpt>
      <trkpt lat="47.213689" lon="0.053858"><ele>36.0</ele></trkpt>
      <trkpt lat="47.213652" lon="0.053859"><ele>36.2</ele></trkpt>
      <trkpt lat="47.213635" lon="0.053872"><ele>36.5</ele></trkpt>
      <trkpt lat="47.213613" lon="0.053915"><ele>37.2</ele></trkpt>
      <trkpt lat="47.213479" lon="0.053849"><ele>37.8</ele></trkpt>
      <trkpt lat="47.213186" lon="0.053613"><ele>37.5</ele></trkpt>
      <trkpt lat="47.213074" lon="0.053526"><ele>37.5</ele></trkpt>
      <trkpt lat="47.212405" lon="0.053003"><ele>39.5</ele></trkpt>
      <trkpt lat="47.212393" lon="0.053049"><ele>40.2</ele></trkpt>
      <trkpt lat="47.212339" lon="0.053324"><ele>43.2</ele></trkpt>
      <trkpt lat="47.212306" lon="0.053589"><ele>45.5</ele></trkpt>
      <trkpt lat="47.212290" lon="0.054092"><ele>49.0</ele></trkpt>
      <trkpt lat="47.212220" lon="0.054887"><ele>56.0</ele></trkpt>
      <trkpt lat="47.212229" lon="0.055073"><ele>57.8</ele></trkpt>
      <trkpt lat="47.212253" lon="0.055146"><ele>58.5</ele></trkpt>
      <trkpt lat="47.212288" lon="0.055201"><ele>59.0</ele></trkpt>
      <trkpt lat="47.212331" lon="0.055247"><ele>59.5</ele></trkpt>
      <trkpt lat="47.212389" lon="0.055281"><ele>60.0</ele></trkpt>
      <trkpt lat="47.212753" lon="0.055381"><ele>60.8</ele></trkpt>
      <trkpt lat="47.212873" lon="0.055430"><ele>60.0</ele></trkpt>
      <trkpt lat="47.212969" lon="0.055494"><ele>59.8</ele></trkpt>
      <trkpt lat="47.213075" lon="0.055598"><ele>60.0</ele></trkpt>
      <trkpt lat="47.213154" lon="0.055703"><ele>60.0</ele></trkpt>
      <trkpt lat="47.213307" lon="0.055945"><ele>60.5</ele></trkpt>
      <trkpt lat="47.213336" lon="0.055919"><ele>60.2</ele></trkpt>
      <trkpt lat="47.213466" lon="0.055859"><ele>58.5</ele></trkpt>
      <trkpt lat="47.213495" lon="0.055867"><ele>58.5</ele></trkpt>
      <trkpt lat="47.213840" lon="0.056110"><ele>57.5</ele></trkpt>
      <trkpt lat="47.213986" lon="0.056224"><ele>56.5</ele></trkpt>
      <trkpt lat="47.214137" lon="0.056397"><ele>57.2</ele></trkpt>
      <trkpt lat="47.214323" lon="0.056650"><ele>57.0</ele></trkpt>
      <trkpt lat="47.214372" lon="0.056733"><ele>56.8</ele></trkpt>
      <trkpt lat="47.214323" lon="0.056650"><ele>57.0</ele></trkpt>
      <trkpt lat="47.214137" lon="0.056397"><ele>57.2</ele></trkpt>
      <trkpt lat="47.213986" lon="0.056224"><ele>56.5</ele></trkpt>
      <trkpt lat="47.213840" lon="0.056110"><ele>57.5</ele></trkpt>
      <trkpt lat="47.213495" lon="0.055867"><ele>58.5</ele></trkpt>
      <trkpt lat="47.213466" lon="0.055859"><ele>58.5</ele></trkpt>
      <trkpt lat="47.213336" lon="0.055919"><ele>60.2</ele></trkpt>
      <trkpt lat="47.213307" lon="0.055945"><ele>60.5</ele></trkpt>
      <trkpt lat="47.213154" lon="0.055703"><ele>60.0</ele></trkpt>
      <trkpt lat="47.213075" lon="0.055598"><ele>60.0</ele></trkpt>
      <trkpt lat="47.212969" lon="0.055494"><ele>59.8</ele></trkpt>
      <trkpt lat="47.212873" lon="0.055430"><ele>60.0</ele></trkpt>
      <trkpt lat="47.212753" lon="0.055381"><ele>60.8</ele></trkpt>
      <trkpt lat="47.212389" lon="0.055281"><ele>60.0</ele></trkpt>
      <trkpt lat="47.212331" lon="0.055247"><ele>59.5</ele></trkpt>
      <trkpt lat="47.212288" lon="0.055201"><ele>59.0</ele></trkpt>
      <trkpt lat="47.212253" lon="0.055146"><ele>58.5</ele></trkpt>
      <trkpt lat="47.212229" lon="0.055073"><ele>57.8</ele></trkpt>
      <trkpt lat="47.212220" lon="0.054887"><ele>56.0</ele></trkpt>
      <trkpt lat="47.212290" lon="0.054092"><ele>49.0</ele></trkpt>
      <trkpt lat="47.212306" lon="0.053589"><ele>45.5</ele></trkpt>
      <trkpt lat="47.212339" lon="0.053324"><ele>43.2</ele></trkpt>
      <trkpt lat="47.212393" lon="0.053049"><ele>40.2</ele></trkpt>
      <trkpt lat="47.212405" lon="0.053003"><ele>39.5</ele></trkpt>
      <trkpt lat="47.213074" lon="0.053526"><ele>37.5</ele></trkpt>
      <trkpt lat="47.213186" lon="0.053613"><ele>37.5</ele></trkpt>
      <trkpt lat="47.213479" lon="0.053849"><ele>37.8</ele></trkpt>
      <trkpt lat="47.213613" lon="0.053915"><ele>37.2</ele></trkpt>
      <trkpt lat="47.213611" lon="0.053972"><ele>38.0</ele></trkpt>
      <trkpt lat="47.213619" lon="0.053999"><ele>38.2</ele></trkpt>
      <trkpt lat="47.213632" lon="0.054021"><ele>38.5</ele></trkpt>
      <trkpt lat="47.213668" lon="0.054042"><ele>38.2</ele></trkpt>
      <trkpt lat="47.213688" lon="0.054039"><ele>38.0</ele></trkpt>
      <trkpt lat="47.213721" lon="0.054008"><ele>37.2</ele></trkpt>
      <trkpt lat="47.213732" lon="0.053980"><ele>37.0</ele></trkpt>
      <trkpt lat="47.213736" lon="0.053949"><ele>36.5</ele></trkpt>
      <trkpt lat="47.213722" lon="0.053890"><ele>36.0</ele></trkpt>
      <trkpt lat="47.213706" lon="0.053869"><ele>36.0</ele></trkpt>
      <trkpt lat="47.213754" lon="0.053763"><ele>35.0</ele></trkpt>
      <trkpt lat="47.213774" lon="0.053733"><ele>34.8</ele></trkpt>
      <trkpt lat="47.214052" lon="0.053304"><ele>31.5</ele></trkpt>
      <trkpt lat="47.214326" lon="0.052887"><ele>32.8</ele></trkpt>
      <trkpt lat="47.214625" lon="0.052410"><ele>35.0</ele></trkpt>
      <trkpt lat="47.214819" lon="0.052589"><ele>35.5</ele></trkpt>
      <trkpt lat="47.215327" lon="0.053083"><ele>35.2</ele></trkpt>
      <trkpt lat="47.215485" lon="0.053211"><ele>35.2</ele></trkpt>
      <trkpt lat="47.215697" lon="0.053384"><ele>34.8</ele></trkpt>
      <trkpt lat="47.215886" lon="0.053610"><ele>33.0</ele></trkpt>
      <trkpt lat="47.216071" lon="0.053866"><ele>33.5</ele></trkpt>
      <trkpt lat="47.216349" lon="0.054235"><ele>32.8</ele></trkpt>
      <trkpt lat="47.216503" lon="0.054209"><ele>33.0</ele></trkpt>
      <trkpt lat="47.216639" lon="0.054186"><ele>33.0</ele></trkpt>
      <trkpt lat="47.216870" lon="0.054075"><ele>33.2</ele></trkpt>
      <trkpt lat="47.217062" lon="0.053776"><ele>34.0</ele></trkpt>
      <trkpt lat="47.217388" lon="0.053169"><ele>36.0</ele></trkpt>
      <trkpt lat="47.217747" lon="0.052523"><ele>34.2</ele></trkpt>
      <trkpt lat="47.218068" lon="0.051787"><ele>33.5</ele></trkpt>
      <trkpt lat="47.218458" lon="0.050875"><ele>38.2</ele></trkpt>
      <trkpt lat="47.218499" lon="0.050832"><ele>37.2</ele></trkpt>
      <trkpt lat="47.218565" lon="0.050795"><ele>35.2</ele></trkpt>
      <trkpt lat="47.218598" lon="0.050818"><ele>33.5</ele></trkpt>
      <trkpt lat="47.218632" lon="0.050840"><ele>32.8</ele></trkpt>
      <trkpt lat="47.218743" lon="0.050477"><ele>32.8</ele></trkpt>
      <trkpt lat="47.218781" lon="0.050505"><ele>32.5</ele></trkpt>
      <trkpt lat="47.218850" lon="0.050598"><ele>32.2</ele></trkpt>
      <trkpt lat="47.218931" lon="0.050759"><ele>31.5</ele></trkpt>
      <trkpt lat="47.219086" lon="0.051157"><ele>30.8</ele></trkpt>
      <trkpt lat="47.219221" lon="0.051300"><ele>30.0</ele></trkpt>
      <trkpt lat="47.219370" lon="0.051406"><ele>29.8</ele></trkpt>
      <trkpt lat="47.219415" lon="0.051399"><ele>29.8</ele></trkpt>
      <trkpt lat="47.219633" lon="0.050933"><ele>29.8</ele></trkpt>
      <trkpt lat="47.219774" lon="0.050666"><ele>29.8</ele></trkpt>
      <trkpt lat="47.219842" lon="0.050478"><ele>29.5</ele></trkpt>
      <trkpt lat="47.220056" lon="0.049969"><ele>29.8</ele></trkpt>
      <trkpt lat="47.220308" lon="0.049584"><ele>30.2</ele></trkpt>
      <trkpt lat="47.220617" lon="0.049342"><ele>30.0</ele></trkpt>
      <trkpt lat="47.221021" lon="0.048918"><ele>30.0</ele></trkpt>
      <trkpt lat="47.221255" lon="0.048699"><ele>29.5</ele></trkpt>
      <trkpt lat="47.221379" lon="0.048513"><ele>29.8</ele></trkpt>
      <trkpt lat="47.221570" lon="0.048272"><ele>29.8</ele></trkpt>
      <trkpt lat="47.221788" lon="0.048082"><ele>29.2</ele></trkpt>
      <trkpt lat="47.221863" lon="0.047982"><ele>29.5</ele></trkpt>
      <trkpt lat="47.222023" lon="0.047733"><ele>29.5</ele></trkpt>
      <trkpt lat="47.222202" lon="0.047475"><ele>29.0</ele></trkpt>
      <trkpt lat="47.222446" lon="0.047084"><ele>29.2</ele></trkpt>
      <trkpt lat="47.222617" lon="0.046762"><ele>29.5</ele></trkpt>
      <trkpt lat="47.222901" lon="0.046271"><ele>28.8</ele></trkpt>
      <trkpt lat="47.223083" lon="0.046043"><ele>29.0</ele></trkpt>
      <trkpt lat="47.223343" lon="0.045762"><ele>29.0</ele></trkpt>
      <trkpt lat="47.223444" lon="0.045622"><ele>29.0</ele></trkpt>
      <trkpt lat="47.223491" lon="0.045504"><ele>28.8</ele></trkpt>
      <trkpt lat="47.223557" lon="0.045273"><ele>29.0</ele></trkpt>
      <trkpt lat="47.223691" lon="0.044910"><ele>29.2</ele></trkpt>
      <trkpt lat="47.223870" lon="0.044474"><ele>28.8</ele></trkpt>
      <trkpt lat="47.223929" lon="0.044163"><ele>28.8</ele></trkpt>
      <trkpt lat="47.223954" lon="0.043720"><ele>29.0</ele></trkpt>
      <trkpt lat="47.223987" lon="0.043541"><ele>29.2</ele></trkpt>
      <trkpt lat="47.224188" lon="0.042763"><ele>30.5</ele></trkpt>
      <trkpt lat="47.224282" lon="0.042594"><ele>29.2</ele></trkpt>
      <trkpt lat="47.224510" lon="0.042310"><ele>29.8</ele></trkpt>
      <trkpt lat="47.224705" lon="0.042016"><ele>30.0</ele></trkpt>
      <trkpt lat="47.224934" lon="0.041569"><ele>29.8</ele></trkpt>
      <trkpt lat="47.225078" lon="0.041261"><ele>30.2</ele></trkpt>
      <trkpt lat="47.225294" lon="0.040866"><ele>30.5</ele></trkpt>
      <trkpt lat="47.225555" lon="0.040440"><ele>29.2</ele></trkpt>
      <trkpt lat="47.225669" lon="0.040079"><ele>29.0</ele></trkpt>
      <trkpt lat="47.225720" lon="0.039917"><ele>29.2</ele></trkpt>
      <trkpt lat="47.225864" lon="0.039625"><ele>30.0</ele></trkpt>
      <trkpt lat="47.226046" lon="0.039150"><ele>29.5</ele></trkpt>
      <trkpt lat="47.226178" lon="0.038570"><ele>30.2</ele></trkpt>
      <trkpt lat="47.226329" lon="0.038080"><ele>30.0</ele></trkpt>
      <trkpt lat="47.226533" lon="0.037219"><ele>28.8</ele></trkpt>
      <trkpt lat="47.226755" lon="0.036132"><ele>28.5</ele></trkpt>
      <trkpt lat="47.227388" lon="0.034306"><ele>28.2</ele></trkpt>
      <trkpt lat="47.227684" lon="0.033649"><ele>28.0</ele></trkpt>
      <trkpt lat="47.228063" lon="0.032895"><ele>28.5</ele></trkpt>
      <trkpt lat="47.228340" lon="0.032501"><ele>29.8</ele></trkpt>
      <trkpt lat="47.228646" lon="0.032328"><ele>29.5</ele></trkpt>
      <trkpt lat="47.228865" lon="0.032164"><ele>30.0</ele></trkpt>
      <trkpt lat="47.228953" lon="0.031983"><ele>29.5</ele></trkpt>
      <trkpt lat="47.228976" lon="0.031846"><ele>29.2</ele></trkpt>
      <trkpt lat="47.229040" lon="0.031666"><ele>29.2</ele></trkpt>
      <trkpt lat="47.229113" lon="0.031551"><ele>29.5</ele></trkpt>
      <trkpt lat="47.229208" lon="0.031279"><ele>29.5</ele></trkpt>
      <trkpt lat="47.228723" lon="0.030910"><ele>29.8</ele></trkpt>
      <trkpt lat="47.228141" lon="0.030592"><ele>30.5</ele></trkpt>
      <trkpt lat="47.227634" lon="0.030471"><ele>30.8</ele></trkpt>
      <trkpt lat="47.226588" lon="0.030207"><ele>30.8</ele></trkpt>
      <trkpt lat="47.225799" lon="0.029998"><ele>30.8</ele></trkpt>
      <trkpt lat="47.225476" lon="0.029872"><ele>31.0</ele></trkpt>
      <trkpt lat="47.225470" lon="0.029808"><ele>31.2</ele></trkpt>
      <trkpt lat="47.225485" lon="0.029736"><ele>31.2</ele></trkpt>
      <trkpt lat="47.225521" lon="0.029479"><ele>32.0</ele></trkpt>
      <trkpt lat="47.225511" lon="0.029457"><ele>32.0</ele></trkpt>
      <trkpt lat="47.225466" lon="0.029425"><ele>32.2</ele></trkpt>
      <trkpt lat="47.225402" lon="0.029378"><ele>32.5</ele></trkpt>
      <trkpt lat="47.225345" lon="0.029330"><ele>32.8</ele></trkpt>
      <trkpt lat="47.225323" lon="0.029308"><ele>32.8</ele></trkpt>
      <trkpt lat="47.225316" lon="0.029119"><ele>32.5</ele></trkpt>
      <trkpt lat="47.225284" lon="0.029053"><ele>32.5</ele></trkpt>
      <trkpt lat="47.225237" lon="0.029025"><ele>32.0</ele></trkpt>
      <trkpt lat="47.225197" lon="0.029034"><ele>31.8</ele></trkpt>
      <trkpt lat="47.225187" lon="0.029056"><ele>31.8</ele></trkpt>
      <trkpt lat="47.225134" lon="0.029060"><ele>31.5</ele></trkpt>
      <trkpt lat="47.225109" lon="0.029117"><ele>31.5</ele></trkpt>
      <trkpt lat="47.224961" lon="0.029162"><ele>30.8</ele></trkpt>
      <trkpt lat="47.224848" lon="0.029030"><ele>30.0</ele></trkpt>
      <trkpt lat="47.225065" lon="0.028570"><ele>30.0</ele></trkpt>
      <trkpt lat="47.225145" lon="0.028245"><ele>30.2</ele></trkpt>
      <trkpt lat="47.225281" lon="0.028217"><ele>30.5</ele></trkpt>
      <trkpt lat="47.225511" lon="0.028219"><ele>30.5</ele></trkpt>
      <trkpt lat="47.225612" lon="0.027955"><ele>30.2</ele></trkpt>
      <trkpt lat="47.225666" lon="0.027486"><ele>29.8</ele></trkpt>
      <trkpt lat="47.225776" lon="0.027181"><ele>30.2</ele></trkpt>
      <trkpt lat="47.225876" lon="0.026910"><ele>30.2</ele></trkpt>
      <trkpt lat="47.225929" lon="0.026719"><ele>30.8</ele></trkpt>
      <trkpt lat="47.226034" lon="0.026681"><ele>31.2</ele></trkpt>
      <trkpt lat="47.226153" lon="0.026529"><ele>31.8</ele></trkpt>
      <trkpt lat="47.226848" lon="0.024358"><ele>32.2</ele></trkpt>
      <trkpt lat="47.225464" lon="0.023368"><ele>32.0</ele></trkpt>
      <trkpt lat="47.225351" lon="0.023300"><ele>32.8</ele></trkpt>
      <trkpt lat="47.225370" lon="0.023211"><ele>33.0</ele></trkpt>
      <trkpt lat="47.225547" lon="0.022807"><ele>33.0</ele></trkpt>
      <trkpt lat="47.225675" lon="0.022548"><ele>33.8</ele></trkpt>
      <trkpt lat="47.225736" lon="0.022385"><ele>34.2</ele></trkpt>
      <trkpt lat="47.225749" lon="0.022335"><ele>34.5</ele></trkpt>
      <trkpt lat="47.225821" lon="0.022138"><ele>34.5</ele></trkpt>
      <trkpt lat="47.225903" lon="0.021949"><ele>35.8</ele></trkpt>
      <trkpt lat="47.226196" lon="0.021422"><ele>33.2</ele></trkpt>
      <trkpt lat="47.226442" lon="0.020916"><ele>31.8</ele></trkpt>
      <trkpt lat="47.227230" lon="0.018981"><ele>31.2</ele></trkpt>
      <trkpt lat="47.227346" lon="0.018517"><ele>33.2</ele></trkpt>
      <trkpt lat="47.227505" lon="0.017786"><ele>30.8</ele></trkpt>
      <trkpt lat="47.227715" lon="0.017287"><ele>30.8</ele></trkpt>
      <trkpt lat="47.227836" lon="0.017059"><ele>32.0</ele></trkpt>
      <trkpt lat="47.227866" lon="0.017023"><ele>32.0</ele></trkpt>
      <trkpt lat="47.227889" lon="0.016989"><ele>32.0</ele></trkpt>
      <trkpt lat="47.228151" lon="0.016615"><ele>31.8</ele></trkpt>
      <trkpt lat="47.228959" lon="0.015233"><ele>34.8</ele></trkpt>
      <trkpt lat="47.230114" lon="0.013160"><ele>36.2</ele></trkpt>
      <trkpt lat="47.230492" lon="0.012367"><ele>35.8</ele></trkpt>
      <trkpt lat="47.230743" lon="0.011851"><ele>36.8</ele></trkpt>
      <trkpt lat="47.230768" lon="0.011815"><ele>36.0</ele></trkpt>
      <trkpt lat="47.230696" lon="0.011705"><ele>40.5</ele></trkpt>
      <trkpt lat="47.230692" lon="0.011630"><ele>42.2</ele></trkpt>
      <trkpt lat="47.230827" lon="0.011314"><ele>41.5</ele></trkpt>
      <trkpt lat="47.230942" lon="0.010761"><ele>47.8</ele></trkpt>
      <trkpt lat="47.231041" lon="0.010220"><ele>55.0</ele></trkpt>
      <trkpt lat="47.231117" lon="0.010030"><ele>57.5</ele></trkpt>
      <trkpt lat="47.231162" lon="0.009763"><ele>58.2</ele></trkpt>
      <trkpt lat="47.231162" lon="0.009510"><ele>60.8</ele></trkpt>
      <trkpt lat="47.231132" lon="0.009318"><ele>63.0</ele></trkpt>
      <trkpt lat="47.231108" lon="0.009287"><ele>64.0</ele></trkpt>
      <trkpt lat="47.231114" lon="0.009071"><ele>63.8</ele></trkpt>
      <trkpt lat="47.231178" lon="0.008463"><ele>63.5</ele></trkpt>
      <trkpt lat="47.231176" lon="0.008334"><ele>63.0</ele></trkpt>
      <trkpt lat="47.231123" lon="0.008094"><ele>63.0</ele></trkpt>
      <trkpt lat="47.231172" lon="0.007981"><ele>62.8</ele></trkpt>
      <trkpt lat="47.231207" lon="0.007946"><ele>62.5</ele></trkpt>
      <trkpt lat="47.231250" lon="0.007919"><ele>62.8</ele></trkpt>
      <trkpt lat="47.231287" lon="0.007907"><ele>62.8</ele></trkpt>
      <trkpt lat="47.231386" lon="0.007947"><ele>62.8</ele></trkpt>
      <trkpt lat="47.231481" lon="0.008034"><ele>61.2</ele></trkpt>
      <trkpt lat="47.231537" lon="0.008042"><ele>60.2</ele></trkpt>
      <trkpt lat="47.231563" lon="0.008027"><ele>60.0</ele></trkpt>
      <trkpt lat="47.231598" lon="0.007991"><ele>59.8</ele></trkpt>
      <trkpt lat="47.231640" lon="0.007898"><ele>60.5</ele></trkpt>
      <trkpt lat="47.231821" lon="0.007188"><ele>59.2</ele></trkpt>
      <trkpt lat="47.231916" lon="0.006827"><ele>60.2</ele></trkpt>
      <trkpt lat="47.231935" lon="0.006728"><ele>59.5</ele></trkpt>
      <trkpt lat="47.231948" lon="0.006509"><ele>60.5</ele></trkpt>
      <trkpt lat="47.231972" lon="0.006383"><ele>61.0</ele></trkpt>
      <trkpt lat="47.232090" lon="0.005840"><ele>57.8</ele></trkpt>
      <trkpt lat="47.232108" lon="0.005692"><ele>59.2</ele></trkpt>
      <trkpt lat="47.232097" lon="0.005592"><ele>61.0</ele></trkpt>
      <trkpt lat="47.232067" lon="0.005542"><ele>61.2</ele></trkpt>
      <trkpt lat="47.232035" lon="0.005519"><ele>61.2</ele></trkpt>
      <trkpt lat="47.231911" lon="0.005431"><ele>60.8</ele></trkpt>
      <trkpt lat="47.231891" lon="0.005408"><ele>60.5</ele></trkpt>
      <trkpt lat="47.231857" lon="0.005306"><ele>60.2</ele></trkpt>
      <trkpt lat="47.231854" lon="0.005230"><ele>60.0</ele></trkpt>
      <trkpt lat="47.231858" lon="0.005159"><ele>59.8</ele></trkpt>
      <trkpt lat="47.231952" lon="0.004365"><ele>56.2</ele></trkpt>
      <trkpt lat="47.231971" lon="0.003874"><ele>54.0</ele></trkpt>
      <trkpt lat="47.231976" lon="0.003561"><ele>52.0</ele></trkpt>
      <trkpt lat="47.231983" lon="0.003195"><ele>50.0</ele></trkpt>
      <trkpt lat="47.231962" lon="0.002274"><ele>44.8</ele></trkpt>
      <trkpt lat="47.231952" lon="0.002203"><ele>44.0</ele></trkpt>
      <trkpt lat="47.231918" lon="0.002111"><ele>43.5</ele></trkpt>
      <trkpt lat="47.231900" lon="0.002043"><ele>43.5</ele></trkpt>
      <trkpt lat="47.231892" lon="0.002009"><ele>43.5</ele></trkpt>
      <trkpt lat="47.231870" lon="0.002017"><ele>43.5</ele></trkpt>
      <trkpt lat="47.231834" lon="0.002010"><ele>43.8</ele></trkpt>
      <trkpt lat="47.231615" lon="0.001701"><ele>44.2</ele></trkpt>
      <trkpt lat="47.231533" lon="0.001611"><ele>44.8</ele></trkpt>
      <trkpt lat="47.231477" lon="0.001575"><ele>45.5</ele></trkpt>
      <trkpt lat="47.231335" lon="0.001516"><ele>47.2</ele></trkpt>
      <trkpt lat="47.231175" lon="0.001491"><ele>48.2</ele></trkpt>
      <trkpt lat="47.230598" lon="0.001201"><ele>53.2</ele></trkpt>
      <trkpt lat="47.230371" lon="0.001122"><ele>54.0</ele></trkpt>
      <trkpt lat="47.229906" lon="0.000886"><ele>56.8</ele></trkpt>
      <trkpt lat="47.229441" lon="0.000650"><ele>58.0</ele></trkpt>
      <trkpt lat="47.228823" lon="0.000329"><ele>59.0</ele></trkpt>
      <trkpt lat="47.228281" lon="-0.000068"><ele>60.0</ele></trkpt>
      <trkpt lat="47.228245" lon="-0.000095"><ele>60.0</ele></trkpt>
      <trkpt lat="47.228617" lon="-0.001073"><ele>59.8</ele></trkpt>
      <trkpt lat="47.228916" lon="-0.001808"><ele>59.8</ele></trkpt>
      <trkpt lat="47.229076" lon="-0.002229"><ele>59.2</ele></trkpt>
      <trkpt lat="47.229209" lon="-0.002634"><ele>59.2</ele></trkpt>
      <trkpt lat="47.229563" lon="-0.003797"><ele>58.5</ele></trkpt>
      <trkpt lat="47.229754" lon="-0.004522"><ele>57.8</ele></trkpt>
      <trkpt lat="47.229864" lon="-0.004845"><ele>57.5</ele></trkpt>
      <trkpt lat="47.229976" lon="-0.005118"><ele>58.0</ele></trkpt>
      <trkpt lat="47.230049" lon="-0.005279"><ele>57.8</ele></trkpt>
      <trkpt lat="47.230206" lon="-0.005571"><ele>57.2</ele></trkpt>
      <trkpt lat="47.230431" lon="-0.005944"><ele>57.2</ele></trkpt>
      <trkpt lat="47.230564" lon="-0.006232"><ele>57.2</ele></trkpt>
      <trkpt lat="47.230671" lon="-0.006521"><ele>57.0</ele></trkpt>
      <trkpt lat="47.230906" lon="-0.007256"><ele>56.5</ele></trkpt>
      <trkpt lat="47.231102" lon="-0.007789"><ele>56.0</ele></trkpt>
      <trkpt lat="47.231184" lon="-0.007960"><ele>56.2</ele></trkpt>
      <trkpt lat="47.231262" lon="-0.008088"><ele>55.8</ele></trkpt>
      <trkpt lat="47.231372" lon="-0.008245"><ele>55.0</ele></trkpt>
      <trkpt lat="47.231416" lon="-0.008343"><ele>55.0</ele></trkpt>
      <trkpt lat="47.231453" lon="-0.008462"><ele>55.2</ele></trkpt>
      <trkpt lat="47.231455" lon="-0.008493"><ele>55.2</ele></trkpt>
      <trkpt lat="47.231461" lon="-0.008587"><ele>55.5</ele></trkpt>
      <trkpt lat="47.231456" lon="-0.008712"><ele>55.8</ele></trkpt>
      <trkpt lat="47.231438" lon="-0.008834"><ele>55.8</ele></trkpt>
      <trkpt lat="47.231375" lon="-0.008961"><ele>55.8</ele></trkpt>
      <trkpt lat="47.231230" lon="-0.009124"><ele>55.5</ele></trkpt>
      <trkpt lat="47.231067" lon="-0.009318"><ele>55.5</ele></trkpt>
      <trkpt lat="47.230999" lon="-0.009412"><ele>55.2</ele></trkpt>
      <trkpt lat="47.230954" lon="-0.009522"><ele>55.2</ele></trkpt>
      <trkpt lat="47.230940" lon="-0.009628"><ele>55.0</ele></trkpt>
      <trkpt lat="47.230937" lon="-0.009753"><ele>55.0</ele></trkpt>
      <trkpt lat="47.230963" lon="-0.009979"><ele>55.0</ele></trkpt>
      <trkpt lat="47.230990" lon="-0.010117"><ele>54.8</ele></trkpt>
      <trkpt lat="47.231007" lon="-0.010206"><ele>54.5</ele></trkpt>
      <trkpt lat="47.231162" lon="-0.010697"><ele>52.2</ele></trkpt>
      <trkpt lat="47.231345" lon="-0.011230"><ele>49.0</ele></trkpt>
      <trkpt lat="47.231657" lon="-0.011889"><ele>45.8</ele></trkpt>
      <trkpt lat="47.232060" lon="-0.012551"><ele>43.0</ele></trkpt>
      <trkpt lat="47.232119" lon="-0.012660"><ele>42.5</ele></trkpt>
      <trkpt lat="47.232188" lon="-0.012796"><ele>41.8</ele></trkpt>
      <trkpt lat="47.232205" lon="-0.012843"><ele>41.8</ele></trkpt>
      <trkpt lat="47.232221" lon="-0.012891"><ele>41.5</ele></trkpt>
      <trkpt lat="47.232569" lon="-0.013926"><ele>40.5</ele></trkpt>
      <trkpt lat="47.232815" lon="-0.014732"><ele>40.5</ele></trkpt>
      <trkpt lat="47.232961" lon="-0.015243"><ele>39.8</ele></trkpt>
      <trkpt lat="47.233081" lon="-0.015698"><ele>41.0</ele></trkpt>
      <trkpt lat="47.233277" lon="-0.016432"><ele>41.8</ele></trkpt>
      <trkpt lat="47.233436" lon="-0.016952"><ele>42.2</ele></trkpt>
      <trkpt lat="47.233569" lon="-0.017331"><ele>43.5</ele></trkpt>
      <trkpt lat="47.233617" lon="-0.017448"><ele>44.0</ele></trkpt>
      <trkpt lat="47.233770" lon="-0.017767"><ele>44.0</ele></trkpt>
      <trkpt lat="47.233954" lon="-0.018132"><ele>44.8</ele></trkpt>
      <trkpt lat="47.234011" lon="-0.018275"><ele>44.8</ele></trkpt>
      <trkpt lat="47.234270" lon="-0.019014"><ele>47.0</ele></trkpt>
      <trkpt lat="47.234475" lon="-0.019665"><ele>50.0</ele></trkpt>
      <trkpt lat="47.234553" lon="-0.019924"><ele>51.0</ele></trkpt>
      <trkpt lat="47.235095" lon="-0.021932"><ele>54.2</ele></trkpt>
      <trkpt lat="47.235157" lon="-0.022213"><ele>54.5</ele></trkpt>
      <trkpt lat="47.235218" lon="-0.022608"><ele>55.0</ele></trkpt>
      <trkpt lat="47.235236" lon="-0.022790"><ele>55.0</ele></trkpt>
      <trkpt lat="47.235245" lon="-0.023083"><ele>56.0</ele></trkpt>
      <trkpt lat="47.235238" lon="-0.023216"><ele>56.0</ele></trkpt>
      <trkpt lat="47.235221" lon="-0.023318"><ele>56.0</ele></trkpt>
      <trkpt lat="47.235105" lon="-0.024041"><ele>57.0</ele></trkpt>
      <trkpt lat="47.235034" lon="-0.024841"><ele>58.0</ele></trkpt>
      <trkpt lat="47.235012" lon="-0.025023"><ele>58.8</ele></trkpt>
      <trkpt lat="47.234997" lon="-0.025103"><ele>58.8</ele></trkpt>
      <trkpt lat="47.234955" lon="-0.025287"><ele>59.0</ele></trkpt>
      <trkpt lat="47.234917" lon="-0.025404"><ele>59.2</ele></trkpt>
      <trkpt lat="47.234757" lon="-0.025776"><ele>60.5</ele></trkpt>
      <trkpt lat="47.234688" lon="-0.025980"><ele>61.2</ele></trkpt>
      <trkpt lat="47.234648" lon="-0.026119"><ele>61.8</ele></trkpt>
      <trkpt lat="47.234602" lon="-0.026326"><ele>62.5</ele></trkpt>
      <trkpt lat="47.234523" lon="-0.026864"><ele>65.0</ele></trkpt>
      <trkpt lat="47.234508" lon="-0.027011"><ele>66.0</ele></trkpt>
      <trkpt lat="47.234487" lon="-0.027239"><ele>67.2</ele></trkpt>
      <trkpt lat="47.234475" lon="-0.027540"><ele>69.0</ele></trkpt>
      <trkpt lat="47.234477" lon="-0.027776"><ele>69.8</ele></trkpt>
      <trkpt lat="47.234490" lon="-0.028058"><ele>71.8</ele></trkpt>
      <trkpt lat="47.234568" lon="-0.029096"><ele>76.8</ele></trkpt>
      <trkpt lat="47.234657" lon="-0.030352"><ele>82.5</ele></trkpt>
      <trkpt lat="47.234680" lon="-0.030539"><ele>83.0</ele></trkpt>
      <trkpt lat="47.234693" lon="-0.030643"><ele>83.2</ele></trkpt>
      <trkpt lat="47.234749" lon="-0.030867"><ele>84.0</ele></trkpt>
      <trkpt lat="47.234845" lon="-0.031096"><ele>84.8</ele></trkpt>
      <trkpt lat="47.235169" lon="-0.031792"><ele>86.5</ele></trkpt>
      <trkpt lat="47.235382" lon="-0.032223"><ele>86.5</ele></trkpt>
      <trkpt lat="47.235485" lon="-0.032491"><ele>86.2</ele></trkpt>
      <trkpt lat="47.235547" lon="-0.032695"><ele>86.5</ele></trkpt>
      <trkpt lat="47.235747" lon="-0.033512"><ele>87.0</ele></trkpt>
      <trkpt lat="47.235847" lon="-0.033776"><ele>87.8</ele></trkpt>
      <trkpt lat="47.235929" lon="-0.033931"><ele>88.0</ele></trkpt>
      <trkpt lat="47.236132" lon="-0.034260"><ele>88.8</ele></trkpt>
      <trkpt lat="47.236211" lon="-0.034437"><ele>88.5</ele></trkpt>
      <trkpt lat="47.236287" lon="-0.034653"><ele>88.2</ele></trkpt>
      <trkpt lat="47.236313" lon="-0.034812"><ele>88.5</ele></trkpt>
      <trkpt lat="47.236332" lon="-0.035005"><ele>88.8</ele></trkpt>
      <trkpt lat="47.236356" lon="-0.035319"><ele>86.8</ele></trkpt>
      <trkpt lat="47.236361" lon="-0.035535"><ele>86.0</ele></trkpt>
      <trkpt lat="47.236373" lon="-0.035638"><ele>86.0</ele></trkpt>
      <trkpt lat="47.236429" lon="-0.035899"><ele>85.2</ele></trkpt>
      <trkpt lat="47.236539" lon="-0.036229"><ele>84.5</ele></trkpt>
      <trkpt lat="47.236585" lon="-0.036328"><ele>84.8</ele></trkpt>
      <trkpt lat="47.236671" lon="-0.036472"><ele>84.8</ele></trkpt>
      <trkpt lat="47.236838" lon="-0.036677"><ele>84.2</ele></trkpt>
      <trkpt lat="47.236978" lon="-0.036889"><ele>84.8</ele></trkpt>
      <trkpt lat="47.236992" lon="-0.036913"><ele>85.0</ele></trkpt>
      <trkpt lat="47.237014" lon="-0.036935"><ele>85.0</ele></trkpt>
      <trkpt lat="47.237153" lon="-0.037038"><ele>85.8</ele></trkpt>
      <trkpt lat="47.237297" lon="-0.037124"><ele>86.2</ele></trkpt>
      <trkpt lat="47.237380" lon="-0.037156"><ele>86.5</ele></trkpt>
      <trkpt lat="47.237480" lon="-0.037181"><ele>86.8</ele></trkpt>
      <trkpt lat="47.237913" lon="-0.037256"><ele>87.8</ele></trkpt>
      <trkpt lat="47.238454" lon="-0.037440"><ele>88.5</ele></trkpt>
      <trkpt lat="47.238635" lon="-0.037489"><ele>89.0</ele></trkpt>
      <trkpt lat="47.238758" lon="-0.037506"><ele>89.5</ele></trkpt>
      <trkpt lat="47.239528" lon="-0.037549"><ele>88.2</ele></trkpt>
      <trkpt lat="47.239726" lon="-0.037599"><ele>87.0</ele></trkpt>
      <trkpt lat="47.240039" lon="-0.037713"><ele>87.0</ele></trkpt>
      <trkpt lat="47.240239" lon="-0.037805"><ele>88.0</ele></trkpt>
      <trkpt lat="47.240377" lon="-0.037886"><ele>88.5</ele></trkpt>
      <trkpt lat="47.240466" lon="-0.037951"><ele>88.8</ele></trkpt>
      <trkpt lat="47.240550" lon="-0.038025"><ele>88.8</ele></trkpt>
      <trkpt lat="47.240639" lon="-0.038123"><ele>89.0</ele></trkpt>
      <trkpt lat="47.240679" lon="-0.038181"><ele>89.2</ele></trkpt>
      <trkpt lat="47.240915" lon="-0.038532"><ele>89.5</ele></trkpt>
      <trkpt lat="47.241062" lon="-0.038766"><ele>89.0</ele></trkpt>
      <trkpt lat="47.241185" lon="-0.038951"><ele>88.8</ele></trkpt>
      <trkpt lat="47.241316" lon="-0.039108"><ele>88.0</ele></trkpt>
      <trkpt lat="47.241446" lon="-0.039224"><ele>87.8</ele></trkpt>
      <trkpt lat="47.241800" lon="-0.039495"><ele>86.8</ele></trkpt>
      <trkpt lat="47.241889" lon="-0.039579"><ele>86.5</ele></trkpt>
      <trkpt lat="47.241940" lon="-0.039517"><ele>86.5</ele></trkpt>
      <trkpt lat="47.241965" lon="-0.039510"><ele>86.8</ele></trkpt>
      <trkpt lat="47.242045" lon="-0.039662"><ele>86.5</ele></trkpt>
      <trkpt lat="47.242089" lon="-0.039724"><ele>86.5</ele></trkpt>
      <trkpt lat="47.242151" lon="-0.039783"><ele>86.5</ele></trkpt>
      <trkpt lat="47.242281" lon="-0.039870"><ele>86.2</ele></trkpt>
      <trkpt lat="47.242506" lon="-0.040001"><ele>85.8</ele></trkpt>
      <trkpt lat="47.242596" lon="-0.040075"><ele>85.8</ele></trkpt>
      <trkpt lat="47.242745" lon="-0.040233"><ele>85.8</ele></trkpt>
      <trkpt lat="47.242814" lon="-0.040318"><ele>85.5</ele></trkpt>
      <trkpt lat="47.242935" lon="-0.040502"><ele>85.0</ele></trkpt>
      <trkpt lat="47.243056" lon="-0.040663"><ele>85.0</ele></trkpt>
      <trkpt lat="47.243120" lon="-0.040740"><ele>85.0</ele></trkpt>
      <trkpt lat="47.243228" lon="-0.040846"><ele>84.8</ele></trkpt>
      <trkpt lat="47.243391" lon="-0.041024"><ele>85.0</ele></trkpt>
      <trkpt lat="47.243494" lon="-0.041155"><ele>85.0</ele></trkpt>
      <trkpt lat="47.243632" lon="-0.041358"><ele>85.8</ele></trkpt>
      <trkpt lat="47.243673" lon="-0.041449"><ele>85.8</ele></trkpt>
      <trkpt lat="47.243704" lon="-0.041542"><ele>86.0</ele></trkpt>
      <trkpt lat="47.243722" lon="-0.041632"><ele>86.2</ele></trkpt>
      <trkpt lat="47.243746" lon="-0.041900"><ele>86.5</ele></trkpt>
      <trkpt lat="47.243759" lon="-0.042064"><ele>86.0</ele></trkpt>
      <trkpt lat="47.243934" lon="-0.043339"><ele>81.0</ele></trkpt>
      <trkpt lat="47.243975" lon="-0.043677"><ele>80.0</ele></trkpt>
      <trkpt lat="47.243976" lon="-0.043687"><ele>80.0</ele></trkpt>
      <trkpt lat="47.244158" lon="-0.045177"><ele>80.5</ele></trkpt>
      <trkpt lat="47.244193" lon="-0.045373"><ele>80.8</ele></trkpt>
      <trkpt lat="47.244228" lon="-0.045520"><ele>80.8</ele></trkpt>
      <trkpt lat="47.244267" lon="-0.045663"><ele>80.5</ele></trkpt>
      <trkpt lat="47.244325" lon="-0.045828"><ele>80.5</ele></trkpt>
      <trkpt lat="47.244380" lon="-0.045961"><ele>80.8</ele></trkpt>
      <trkpt lat="47.244794" lon="-0.046835"><ele>85.0</ele></trkpt>
      <trkpt lat="47.244894" lon="-0.047059"><ele>86.0</ele></trkpt>
      <trkpt lat="47.244948" lon="-0.047193"><ele>86.0</ele></trkpt>
      <trkpt lat="47.245000" lon="-0.047352"><ele>86.8</ele></trkpt>
      <trkpt lat="47.245051" lon="-0.047541"><ele>87.8</ele></trkpt>
      <trkpt lat="47.245084" lon="-0.047690"><ele>87.8</ele></trkpt>
      <trkpt lat="47.245307" lon="-0.048912"><ele>90.0</ele></trkpt>
      <trkpt lat="47.245458" lon="-0.049462"><ele>90.0</ele></trkpt>
      <trkpt lat="47.245525" lon="-0.049710"><ele>90.8</ele></trkpt>
      <trkpt lat="47.245708" lon="-0.050504"><ele>90.5</ele></trkpt>
      <trkpt lat="47.245937" lon="-0.051403"><ele>90.5</ele></trkpt>
      <trkpt lat="47.245981" lon="-0.051614"><ele>91.0</ele></trkpt>
      <trkpt lat="47.245988" lon="-0.051675"><ele>91.0</ele></trkpt>
      <trkpt lat="47.245981" lon="-0.051769"><ele>91.0</ele></trkpt>
      <trkpt lat="47.245965" lon="-0.051805"><ele>90.8</ele></trkpt>
      <trkpt lat="47.246109" lon="-0.052017"><ele>91.8</ele></trkpt>
      <trkpt lat="47.246211" lon="-0.052205"><ele>92.2</ele></trkpt>
      <trkpt lat="47.246514" lon="-0.052900"><ele>93.0</ele></trkpt>
      <trkpt lat="47.246553" lon="-0.052989"><ele>93.0</ele></trkpt>
      <trkpt lat="47.246725" lon="-0.053386"><ele>93.0</ele></trkpt>
      <trkpt lat="47.247014" lon="-0.054066"><ele>92.8</ele></trkpt>
      <trkpt lat="47.247407" lon="-0.054996"><ele>89.2</ele></trkpt>
      <trkpt lat="47.247528" lon="-0.055275"><ele>88.8</ele></trkpt>
      <trkpt lat="47.247605" lon="-0.055428"><ele>89.0</ele></trkpt>
      <trkpt lat="47.247672" lon="-0.055555"><ele>89.0</ele></trkpt>
      <trkpt lat="47.247783" lon="-0.055838"><ele>88.8</ele></trkpt>
      <trkpt lat="47.247890" lon="-0.056081"><ele>89.0</ele></trkpt>
      <trkpt lat="47.247997" lon="-0.056347"><ele>88.5</ele></trkpt>
      <trkpt lat="47.248328" lon="-0.057220"><ele>87.0</ele></trkpt>
      <trkpt lat="47.248376" lon="-0.057395"><ele>87.5</ele></trkpt>
      <trkpt lat="47.248396" lon="-0.057482"><ele>87.5</ele></trkpt>
      <trkpt lat="47.248427" lon="-0.057675"><ele>87.0</ele></trkpt>
      <trkpt lat="47.248575" lon="-0.058320"><ele>86.0</ele></trkpt>
      <trkpt lat="47.248679" lon="-0.058843"><ele>85.0</ele></trkpt>
      <trkpt lat="47.248711" lon="-0.058841"><ele>85.2</ele></trkpt>
      <trkpt lat="47.248745" lon="-0.058866"><ele>85.2</ele></trkpt>
      <trkpt lat="47.248776" lon="-0.058902"><ele>85.5</ele></trkpt>
      <trkpt lat="47.249159" lon="-0.059409"><ele>86.0</ele></trkpt>
      <trkpt lat="47.249559" lon="-0.059876"><ele>88.0</ele></trkpt>
      <trkpt lat="47.249739" lon="-0.060097"><ele>89.0</ele></trkpt>
      <trkpt lat="47.249876" lon="-0.060297"><ele>88.2</ele></trkpt>
      <trkpt lat="47.249992" lon="-0.060574"><ele>89.0</ele></trkpt>
      <trkpt lat="47.250172" lon="-0.061051"><ele>90.5</ele></trkpt>
      <trkpt lat="47.250466" lon="-0.061738"><ele>91.8</ele></trkpt>
      <trkpt lat="47.250616" lon="-0.062105"><ele>92.2</ele></trkpt>
      <trkpt lat="47.250832" lon="-0.062630"><ele>92.2</ele></trkpt>
      <trkpt lat="47.250929" lon="-0.062757"><ele>92.5</ele></trkpt>
      <trkpt lat="47.251028" lon="-0.062839"><ele>92.0</ele></trkpt>
      <trkpt lat="47.251500" lon="-0.063179"><ele>91.5</ele></trkpt>
      <trkpt lat="47.251619" lon="-0.063284"><ele>91.0</ele></trkpt>
      <trkpt lat="47.251713" lon="-0.063389"><ele>90.0</ele></trkpt>
      <trkpt lat="47.252454" lon="-0.064474"><ele>90.0</ele></trkpt>
      <trkpt lat="47.252650" lon="-0.064729"><ele>88.8</ele></trkpt>
      <trkpt lat="47.252787" lon="-0.064925"><ele>86.8</ele></trkpt>
      <trkpt lat="47.252900" lon="-0.065161"><ele>85.0</ele></trkpt>
      <trkpt lat="47.252959" lon="-0.065323"><ele>85.8</ele></trkpt>
      <trkpt lat="47.253068" lon="-0.065683"><ele>86.0</ele></trkpt>
      <trkpt lat="47.253142" lon="-0.065858"><ele>84.8</ele></trkpt>
      <trkpt lat="47.253273" lon="-0.066099"><ele>84.5</ele></trkpt>
      <trkpt lat="47.253394" lon="-0.066295"><ele>82.8</ele></trkpt>
      <trkpt lat="47.253780" lon="-0.066756"><ele>84.0</ele></trkpt>
      <trkpt lat="47.254030" lon="-0.067119"><ele>83.8</ele></trkpt>
      <trkpt lat="47.254527" lon="-0.067880"><ele>85.0</ele></trkpt>
      <trkpt lat="47.254773" lon="-0.068235"><ele>83.5</ele></trkpt>
      <trkpt lat="47.254984" lon="-0.068559"><ele>83.2</ele></trkpt>
      <trkpt lat="47.255077" lon="-0.068652"><ele>82.2</ele></trkpt>
      <trkpt lat="47.255181" lon="-0.068771"><ele>81.8</ele></trkpt>
      <trkpt lat="47.255506" lon="-0.069209"><ele>82.2</ele></trkpt>
      <trkpt lat="47.255590" lon="-0.069346"><ele>81.5</ele></trkpt>
      <trkpt lat="47.255625" lon="-0.069422"><ele>81.0</ele></trkpt>
      <trkpt lat="47.255677" lon="-0.069582"><ele>80.5</ele></trkpt>
      <trkpt lat="47.255729" lon="-0.069719"><ele>80.2</ele></trkpt>
      <trkpt lat="47.255904" lon="-0.070091"><ele>77.5</ele></trkpt>
      <trkpt lat="47.255940" lon="-0.070195"><ele>76.8</ele></trkpt>
      <trkpt lat="47.255956" lon="-0.070285"><ele>76.8</ele></trkpt>
      <trkpt lat="47.255963" lon="-0.070372"><ele>76.8</ele></trkpt>
      <trkpt lat="47.255957" lon="-0.070475"><ele>77.0</ele></trkpt>
      <trkpt lat="47.255952" lon="-0.070531"><ele>77.2</ele></trkpt>
      <trkpt lat="47.255909" lon="-0.070668"><ele>77.0</ele></trkpt>
      <trkpt lat="47.255960" lon="-0.070679"><ele>76.2</ele></trkpt>
      <trkpt lat="47.256008" lon="-0.070641"><ele>75.8</ele></trkpt>
      <trkpt lat="47.256108" lon="-0.070544"><ele>74.8</ele></trkpt>
      <trkpt lat="47.256286" lon="-0.070412"><ele>70.0</ele></trkpt>
      <trkpt lat="47.256414" lon="-0.070483"><ele>66.2</ele></trkpt>
      <trkpt lat="47.256527" lon="-0.070508"><ele>58.8</ele></trkpt>
      <trkpt lat="47.256574" lon="-0.070688"><ele>57.8</ele></trkpt>
      <trkpt lat="47.256598" lon="-0.070866"><ele>57.5</ele></trkpt>
      <trkpt lat="47.256598" lon="-0.070941"><ele>57.5</ele></trkpt>
      <trkpt lat="47.256579" lon="-0.071161"><ele>58.8</ele></trkpt>
      <trkpt lat="47.256627" lon="-0.071187"><ele>56.8</ele></trkpt>
      <trkpt lat="47.256685" lon="-0.071225"><ele>55.2</ele></trkpt>
      <trkpt lat="47.256717" lon="-0.071285"><ele>55.5</ele></trkpt>
      <trkpt lat="47.256766" lon="-0.071356"><ele>55.8</ele></trkpt>
      <trkpt lat="47.256837" lon="-0.071431"><ele>55.0</ele></trkpt>
      <trkpt lat="47.256918" lon="-0.071489"><ele>54.2</ele></trkpt>
      <trkpt lat="47.257212" lon="-0.071641"><ele>46.2</ele></trkpt>
      <trkpt lat="47.257296" lon="-0.071718"><ele>44.8</ele></trkpt>
      <trkpt lat="47.257621" lon="-0.072141"><ele>39.8</ele></trkpt>
      <trkpt lat="47.257684" lon="-0.072204"><ele>38.2</ele></trkpt>
      <trkpt lat="47.257731" lon="-0.072200"><ele>36.0</ele></trkpt>
      <trkpt lat="47.257770" lon="-0.072156"><ele>33.8</ele></trkpt>
      <trkpt lat="47.257793" lon="-0.072204"><ele>33.8</ele></trkpt>
      <trkpt lat="47.257859" lon="-0.072356"><ele>34.2</ele></trkpt>
      <trkpt lat="47.258131" lon="-0.072930"><ele>33.8</ele></trkpt>
      <trkpt lat="47.258233" lon="-0.073175"><ele>33.5</ele></trkpt>
      <trkpt lat="47.258261" lon="-0.073301"><ele>33.2</ele></trkpt>
      <trkpt lat="47.258319" lon="-0.073566"><ele>33.2</ele></trkpt>
      <trkpt lat="47.258377" lon="-0.073785"><ele>32.5</ele></trkpt>
      <trkpt lat="47.258353" lon="-0.073797"><ele>32.8</ele></trkpt>
      <trkpt lat="47.258247" lon="-0.073853"><ele>34.2</ele></trkpt>
      <trkpt lat="47.258232" lon="-0.073861"><ele>34.5</ele></trkpt>
      <trkpt lat="47.258195" lon="-0.073937"><ele>34.8</ele></trkpt>
      <trkpt lat="47.258182" lon="-0.074021"><ele>35.0</ele></trkpt>
      <trkpt lat="47.258187" lon="-0.074105"><ele>35.0</ele></trkpt>
      <trkpt lat="47.258236" lon="-0.074392"><ele>35.5</ele></trkpt>
      <trkpt lat="47.258246" lon="-0.074499"><ele>35.8</ele></trkpt>
      <trkpt lat="47.258234" lon="-0.074660"><ele>36.8</ele></trkpt>
      <trkpt lat="47.258219" lon="-0.074752"><ele>37.2</ele></trkpt>
      <trkpt lat="47.258224" lon="-0.074922"><ele>37.2</ele></trkpt>
      <trkpt lat="47.258251" lon="-0.075028"><ele>36.5</ele></trkpt>
      <trkpt lat="47.258284" lon="-0.075138"><ele>35.0</ele></trkpt>
      <trkpt lat="47.258297" lon="-0.075256"><ele>34.2</ele></trkpt>
      <trkpt lat="47.258347" lon="-0.075442"><ele>32.8</ele></trkpt>
      <trkpt lat="47.258385" lon="-0.075520"><ele>32.8</ele></trkpt>
      <trkpt lat="47.258505" lon="-0.075586"><ele>32.2</ele></trkpt>
      <trkpt lat="47.258571" lon="-0.075620"><ele>32.0</ele></trkpt>
      <trkpt lat="47.258699" lon="-0.075977"><ele>31.0</ele></trkpt>
      <trkpt lat="47.258784" lon="-0.076247"><ele>30.0</ele></trkpt>
      <trkpt lat="47.259039" lon="-0.077099"><ele>28.5</ele></trkpt>
      <trkpt lat="47.259084" lon="-0.077250"><ele>28.5</ele></trkpt>
      <trkpt lat="47.259364" lon="-0.077184"><ele>29.0</ele></trkpt>
      <trkpt lat="47.259857" lon="-0.077033"><ele>29.5</ele></trkpt>
      <trkpt lat="47.259909" lon="-0.077072"><ele>29.2</ele></trkpt>
      <trkpt lat="47.259992" lon="-0.076986"><ele>29.0</ele></trkpt>
      <trkpt lat="47.260040" lon="-0.076935"><ele>29.0</ele></trkpt>
      <trkpt lat="47.259903" lon="-0.076577"><ele>29.5</ele></trkpt>
      <trkpt lat="47.260517" lon="-0.076102"><ele>31.0</ele></trkpt>
      <trkpt lat="47.260864" lon="-0.076922"><ele>33.0</ele></trkpt>
      <trkpt lat="47.260879" lon="-0.076958"><ele>33.0</ele></trkpt>
      <trkpt lat="47.260946" lon="-0.077127"><ele>32.2</ele></trkpt>
      <trkpt lat="47.261238" lon="-0.076787"><ele>33.2</ele></trkpt>
      <trkpt lat="47.261264" lon="-0.076750"><ele>33.0</ele></trkpt>
      <trkpt lat="47.261249" lon="-0.076705"><ele>33.0</ele></trkpt>
      <trkpt lat="47.261248" lon="-0.076672"><ele>33.0</ele></trkpt>
      <trkpt lat="47.261253" lon="-0.076641"><ele>32.5</ele></trkpt>
      <trkpt lat="47.261273" lon="-0.076604"><ele>32.0</ele></trkpt>
      <trkpt lat="47.261304" lon="-0.076581"><ele>31.2</ele></trkpt>
      <trkpt lat="47.261327" lon="-0.076580"><ele>30.8</ele></trkpt>
      <trkpt lat="47.261350" lon="-0.076591"><ele>30.8</ele></trkpt>
      <trkpt lat="47.261368" lon="-0.076612"><ele>31.0</ele></trkpt>
      <trkpt lat="47.261419" lon="-0.076561"><ele>29.2</ele></trkpt>
      <trkpt lat="47.263385" lon="-0.074306"><ele>27.8</ele></trkpt>
      <trkpt lat="47.263582" lon="-0.074075"><ele>33.2</ele></trkpt>
      <trkpt lat="47.263976" lon="-0.073620"><ele>33.8</ele></trkpt>
      <trkpt lat="47.264033" lon="-0.073522"><ele>33.8</ele></trkpt>
      <trkpt lat="47.264063" lon="-0.073473"><ele>33.8</ele></trkpt>
      <trkpt lat="47.264045" lon="-0.073439"><ele>33.5</ele></trkpt>
      <trkpt lat="47.264039" lon="-0.073397"><ele>33.5</ele></trkpt>
      <trkpt lat="47.264044" lon="-0.073355"><ele>33.5</ele></trkpt>
      <trkpt lat="47.264060" lon="-0.073320"><ele>33.5</ele></trkpt>
      <trkpt lat="47.264098" lon="-0.073292"><ele>33.5</ele></trkpt>
      <trkpt lat="47.264120" lon="-0.073292"><ele>33.5</ele></trkpt>
      <trkpt lat="47.264158" lon="-0.073320"><ele>33.8</ele></trkpt>
      <trkpt lat="47.264171" lon="-0.073345"><ele>33.8</ele></trkpt>
      <trkpt lat="47.264328" lon="-0.073250"><ele>33.2</ele></trkpt>
      <trkpt lat="47.264322" lon="-0.073211"><ele>33.2</ele></trkpt>
      <trkpt lat="47.264326" lon="-0.073172"><ele>33.5</ele></trkpt>
      <trkpt lat="47.264339" lon="-0.073137"><ele>33.5</ele></trkpt>
      <trkpt lat="47.264360" lon="-0.073113"><ele>33.5</ele></trkpt>
      <trkpt lat="47.264386" lon="-0.073101"><ele>33.5</ele></trkpt>
      <trkpt lat="47.264413" lon="-0.073104"><ele>33.8</ele></trkpt>
      <trkpt lat="47.264437" lon="-0.073122"><ele>33.5</ele></trkpt>
      <trkpt lat="47.264478" lon="-0.073056"><ele>33.8</ele></trkpt>
      <trkpt lat="47.264552" lon="-0.072956"><ele>33.8</ele></trkpt>
      <trkpt lat="47.264848" lon="-0.072610"><ele>34.0</ele></trkpt>
      <trkpt lat="47.264910" lon="-0.072539"><ele>34.0</ele></trkpt>
      <trkpt lat="47.264982" lon="-0.072447"><ele>34.0</ele></trkpt>
      <trkpt lat="47.265357" lon="-0.071999"><ele>34.0</ele></trkpt>
      <trkpt lat="47.265402" lon="-0.071945"><ele>34.0</ele></trkpt>
      <trkpt lat="47.265389" lon="-0.071907"><ele>33.5</ele></trkpt>
      <trkpt lat="47.265385" lon="-0.071864"><ele>33.2</ele></trkpt>
      <trkpt lat="47.265390" lon="-0.071821"><ele>33.0</ele></trkpt>
      <trkpt lat="47.265404" lon="-0.071783"><ele>32.5</ele></trkpt>
      <trkpt lat="47.265425" lon="-0.071752"><ele>32.0</ele></trkpt>
      <trkpt lat="47.265452" lon="-0.071733"><ele>31.5</ele></trkpt>
      <trkpt lat="47.265482" lon="-0.071727"><ele>31.0</ele></trkpt>
      <trkpt lat="47.265511" lon="-0.071734"><ele>30.8</ele></trkpt>
      <trkpt lat="47.265537" lon="-0.071755"><ele>30.8</ele></trkpt>
      <trkpt lat="47.265558" lon="-0.071787"><ele>31.0</ele></trkpt>
      <trkpt lat="47.265681" lon="-0.071646"><ele>27.5</ele></trkpt>
      <trkpt lat="47.267068" lon="-0.070066"><ele>29.0</ele></trkpt>
      <trkpt lat="47.267098" lon="-0.070026"><ele>30.5</ele></trkpt>
      <trkpt lat="47.267147" lon="-0.069965"><ele>32.5</ele></trkpt>
      <trkpt lat="47.267133" lon="-0.069931"><ele>32.2</ele></trkpt>
      <trkpt lat="47.267126" lon="-0.069892"><ele>32.0</ele></trkpt>
      <trkpt lat="47.267135" lon="-0.069814"><ele>32.5</ele></trkpt>
      <trkpt lat="47.267150" lon="-0.069781"><ele>33.0</ele></trkpt>
      <trkpt lat="47.267192" lon="-0.069741"><ele>34.0</ele></trkpt>
      <trkpt lat="47.267241" lon="-0.069738"><ele>34.5</ele></trkpt>
      <trkpt lat="47.267373" lon="-0.069588"><ele>31.5</ele></trkpt>
      <trkpt lat="47.267586" lon="-0.069346"><ele>31.5</ele></trkpt>
      <trkpt lat="47.267594" lon="-0.069338"><ele>31.5</ele></trkpt>
      <trkpt lat="47.267679" lon="-0.069240"><ele>33.2</ele></trkpt>
      <trkpt lat="47.267693" lon="-0.069187"><ele>33.5</ele></trkpt>
      <trkpt lat="47.267673" lon="-0.069097"><ele>33.5</ele></trkpt>
      <trkpt lat="47.267657" lon="-0.069011"><ele>33.5</ele></trkpt>
      <trkpt lat="47.267550" lon="-0.068808"><ele>32.5</ele></trkpt>
      <trkpt lat="47.266887" lon="-0.067799"><ele>30.5</ele></trkpt>
      <trkpt lat="47.266902" lon="-0.067777"><ele>30.5</ele></trkpt>
      <trkpt lat="47.266940" lon="-0.067733"><ele>30.8</ele></trkpt>
      <trkpt lat="47.267601" lon="-0.066976"><ele>29.8</ele></trkpt>
      <trkpt lat="47.267851" lon="-0.066689"><ele>29.8</ele></trkpt>
      <trkpt lat="47.267863" lon="-0.066675"><ele>29.5</ele></trkpt>
      <trkpt lat="47.267887" lon="-0.066644"><ele>29.5</ele></trkpt>
      <trkpt lat="47.267913" lon="-0.066615"><ele>29.5</ele></trkpt>
      <trkpt lat="47.267928" lon="-0.066597"><ele>29.5</ele></trkpt>
      <trkpt lat="47.268679" lon="-0.065736"><ele>29.8</ele></trkpt>
      <trkpt lat="47.268701" lon="-0.065719"><ele>29.8</ele></trkpt>
      <trkpt lat="47.268724" lon="-0.065696"><ele>29.8</ele></trkpt>
      <trkpt lat="47.268684" lon="-0.065611"><ele>29.8</ele></trkpt>
      <trkpt lat="47.268317" lon="-0.064975"><ele>29.8</ele></trkpt>
      <trkpt lat="47.267986" lon="-0.064366"><ele>29.8</ele></trkpt>
      <trkpt lat="47.267707" lon="-0.063555"><ele>29.2</ele></trkpt>
      <trkpt lat="47.267499" lon="-0.062987"><ele>30.2</ele></trkpt>
      <trkpt lat="47.267482" lon="-0.062953"><ele>30.0</ele></trkpt>
      <trkpt lat="47.267274" lon="-0.062543"><ele>30.0</ele></trkpt>
      <trkpt lat="47.267187" lon="-0.062385"><ele>29.5</ele></trkpt>
      <trkpt lat="47.267026" lon="-0.062149"><ele>28.8</ele></trkpt>
      <trkpt lat="47.266746" lon="-0.061818"><ele>29.2</ele></trkpt>
      <trkpt lat="47.266625" lon="-0.061684"><ele>29.5</ele></trkpt>
      <trkpt lat="47.266517" lon="-0.061565"><ele>29.0</ele></trkpt>
      <trkpt lat="47.266443" lon="-0.061456"><ele>29.2</ele></trkpt>
      <trkpt lat="47.266399" lon="-0.061371"><ele>29.8</ele></trkpt>
      <trkpt lat="47.266354" lon="-0.061259"><ele>29.5</ele></trkpt>
      <trkpt lat="47.266222" lon="-0.060880"><ele>28.8</ele></trkpt>
      <trkpt lat="47.266119" lon="-0.060680"><ele>29.5</ele></trkpt>
      <trkpt lat="47.265568" lon="-0.059825"><ele>29.8</ele></trkpt>
      <trkpt lat="47.264626" lon="-0.058305"><ele>28.8</ele></trkpt>
      <trkpt lat="47.264487" lon="-0.058067"><ele>28.8</ele></trkpt>
      <trkpt lat="47.264322" lon="-0.057809"><ele>28.5</ele></trkpt>
      <trkpt lat="47.264239" lon="-0.057645"><ele>28.5</ele></trkpt>
      <trkpt lat="47.264200" lon="-0.057476"><ele>28.8</ele></trkpt>
      <trkpt lat="47.264160" lon="-0.057196"><ele>28.8</ele></trkpt>
      <trkpt lat="47.264072" lon="-0.056194"><ele>28.2</ele></trkpt>
      <trkpt lat="47.264058" lon="-0.056115"><ele>28.2</ele></trkpt>
      <trkpt lat="47.264107" lon="-0.056083"><ele>28.0</ele></trkpt>
      <trkpt lat="47.264357" lon="-0.055929"><ele>27.0</ele></trkpt>
      <trkpt lat="47.264619" lon="-0.055829"><ele>27.0</ele></trkpt>
      <trkpt lat="47.265143" lon="-0.055668"><ele>27.0</ele></trkpt>
      <trkpt lat="47.265260" lon="-0.055621"><ele>27.0</ele></trkpt>
      <trkpt lat="47.265305" lon="-0.055595"><ele>27.0</ele></trkpt>
      <trkpt lat="47.266005" lon="-0.055125"><ele>27.0</ele></trkpt>
      <trkpt lat="47.266220" lon="-0.055021"><ele>27.0</ele></trkpt>
      <trkpt lat="47.266209" lon="-0.054977"><ele>26.8</ele></trkpt>
      <trkpt lat="47.266098" lon="-0.054597"><ele>27.0</ele></trkpt>
      <trkpt lat="47.265862" lon="-0.053870"><ele>27.0</ele></trkpt>
      <trkpt lat="47.265756" lon="-0.053581"><ele>27.0</ele></trkpt>
      <trkpt lat="47.265259" lon="-0.052400"><ele>26.5</ele></trkpt>
      <trkpt lat="47.265040" lon="-0.051846"><ele>26.8</ele></trkpt>
      <trkpt lat="47.264981" lon="-0.051744"><ele>27.0</ele></trkpt>
      <trkpt lat="47.264744" lon="-0.051512"><ele>27.0</ele></trkpt>
      <trkpt lat="47.264453" lon="-0.051237"><ele>27.0</ele></trkpt>
      <trkpt lat="47.264338" lon="-0.051091"><ele>26.8</ele></trkpt>
      <trkpt lat="47.264433" lon="-0.050659"><ele>29.2</ele></trkpt>
      <trkpt lat="47.264473" lon="-0.050521"><ele>26.8</ele></trkpt>
      <trkpt lat="47.263989" lon="-0.050295"><ele>27.2</ele></trkpt>
      <trkpt lat="47.263963" lon="-0.050263"><ele>27.0</ele></trkpt>
      <trkpt lat="47.263937" lon="-0.050194"><ele>27.0</ele></trkpt>
      <trkpt lat="47.263673" lon="-0.048710"><ele>26.5</ele></trkpt>
      <trkpt lat="47.263673" lon="-0.048681"><ele>26.5</ele></trkpt>
      <trkpt lat="47.263685" lon="-0.048653"><ele>26.5</ele></trkpt>
      <trkpt lat="47.264138" lon="-0.048219"><ele>26.2</ele></trkpt>
      <trkpt lat="47.264146" lon="-0.048187"><ele>26.2</ele></trkpt>
      <trkpt lat="47.264146" lon="-0.048142"><ele>26.5</ele></trkpt>
      <trkpt lat="47.264062" lon="-0.047623"><ele>26.0</ele></trkpt>
      <trkpt lat="47.263760" lon="-0.045905"><ele>26.0</ele></trkpt>
      <trkpt lat="47.263689" lon="-0.045749"><ele>26.0</ele></trkpt>
      <trkpt lat="47.263395" lon="-0.045042"><ele>26.0</ele></trkpt>
      <trkpt lat="47.263352" lon="-0.044832"><ele>26.0</ele></trkpt>
      <trkpt lat="47.263502" lon="-0.044786"><ele>26.0</ele></trkpt>
      <trkpt lat="47.263610" lon="-0.044734"><ele>26.0</ele></trkpt>
      <trkpt lat="47.264042" lon="-0.044482"><ele>26.0</ele></trkpt>
      <trkpt lat="47.264312" lon="-0.044349"><ele>26.0</ele></trkpt>
      <trkpt lat="47.264510" lon="-0.044215"><ele>26.0</ele></trkpt>
      <trkpt lat="47.264852" lon="-0.043963"><ele>26.0</ele></trkpt>
      <trkpt lat="47.265030" lon="-0.043831"><ele>26.0</ele></trkpt>
      <trkpt lat="47.265095" lon="-0.043783"><ele>26.0</ele></trkpt>
      <trkpt lat="47.265390" lon="-0.043564"><ele>26.0</ele></trkpt>
      <trkpt lat="47.265782" lon="-0.043249"><ele>26.0</ele></trkpt>
      <trkpt lat="47.265911" lon="-0.043149"><ele>26.0</ele></trkpt>
      <trkpt lat="47.266082" lon="-0.043021"><ele>25.8</ele></trkpt>
      <trkpt lat="47.266321" lon="-0.042842"><ele>26.0</ele></trkpt>
      <trkpt lat="47.266469" lon="-0.042749"><ele>26.0</ele></trkpt>
      <trkpt lat="47.266717" lon="-0.042606"><ele>26.0</ele></trkpt>
      <trkpt lat="47.267034" lon="-0.042472"><ele>25.5</ele></trkpt>
      <trkpt lat="47.267026" lon="-0.042427"><ele>25.5</ele></trkpt>
      <trkpt lat="47.266523" lon="-0.040557"><ele>26.0</ele></trkpt>
      <trkpt lat="47.266017" lon="-0.038448"><ele>26.0</ele></trkpt>
      <trkpt lat="47.265950" lon="-0.037940"><ele>26.0</ele></trkpt>
      <trkpt lat="47.265845" lon="-0.037143"><ele>26.0</ele></trkpt>
      <trkpt lat="47.265682" lon="-0.035568"><ele>26.0</ele></trkpt>
      <trkpt lat="47.265623" lon="-0.034869"><ele>26.0</ele></trkpt>
      <trkpt lat="47.265620" lon="-0.034822"><ele>26.0</ele></trkpt>
      <trkpt lat="47.265387" lon="-0.034845"><ele>26.0</ele></trkpt>
      <trkpt lat="47.265136" lon="-0.034869"><ele>26.0</ele></trkpt>
      <trkpt lat="47.265076" lon="-0.034864"><ele>26.0</ele></trkpt>
      <trkpt lat="47.264986" lon="-0.034857"><ele>26.0</ele></trkpt>
      <trkpt lat="47.264972" lon="-0.034856"><ele>26.0</ele></trkpt>
      <trkpt lat="47.264952" lon="-0.034854"><ele>26.0</ele></trkpt>
      <trkpt lat="47.264899" lon="-0.034850"><ele>26.0</ele></trkpt>
      <trkpt lat="47.264786" lon="-0.034842"><ele>26.0</ele></trkpt>
      <trkpt lat="47.264509" lon="-0.034820"><ele>25.8</ele></trkpt>
      <trkpt lat="47.264317" lon="-0.034785"><ele>26.0</ele></trkpt>
      <trkpt lat="47.264247" lon="-0.034771"><ele>26.0</ele></trkpt>
      <trkpt lat="47.264131" lon="-0.034750"><ele>26.0</ele></trkpt>
      <trkpt lat="47.263970" lon="-0.034720"><ele>26.0</ele></trkpt>
      <trkpt lat="47.263782" lon="-0.034685"><ele>26.0</ele></trkpt>
      <trkpt lat="47.263571" lon="-0.034645"><ele>26.0</ele></trkpt>
      <trkpt lat="47.263523" lon="-0.034636"><ele>26.0</ele></trkpt>
      <trkpt lat="47.263426" lon="-0.034618"><ele>26.0</ele></trkpt>
      <trkpt lat="47.263403" lon="-0.034614"><ele>26.0</ele></trkpt>
      <trkpt lat="47.263185" lon="-0.034576"><ele>26.0</ele></trkpt>
      <trkpt lat="47.263059" lon="-0.034554"><ele>25.8</ele></trkpt>
      <trkpt lat="47.262999" lon="-0.034544"><ele>26.0</ele></trkpt>
      <trkpt lat="47.262853" lon="-0.034518"><ele>26.0</ele></trkpt>
      <trkpt lat="47.262584" lon="-0.034472"><ele>26.0</ele></trkpt>
      <trkpt lat="47.262450" lon="-0.034444"><ele>26.0</ele></trkpt>
      <trkpt lat="47.262210" lon="-0.034362"><ele>27.0</ele></trkpt>
      <trkpt lat="47.262210" lon="-0.034326"><ele>27.0</ele></trkpt>
      <trkpt lat="47.262203" lon="-0.034246"><ele>26.8</ele></trkpt>
      <trkpt lat="47.262153" lon="-0.033686"><ele>27.0</ele></trkpt>
      <trkpt lat="47.261835" lon="-0.030010"><ele>26.0</ele></trkpt>
      <trkpt lat="47.261599" lon="-0.027211"><ele>26.8</ele></trkpt>
      <trkpt lat="47.261467" lon="-0.025502"><ele>26.5</ele></trkpt>
      <trkpt lat="47.261127" lon="-0.021687"><ele>26.8</ele></trkpt>
      <trkpt lat="47.260980" lon="-0.020235"><ele>26.2</ele></trkpt>
      <trkpt lat="47.260982" lon="-0.020085"><ele>26.2</ele></trkpt>
      <trkpt lat="47.260991" lon="-0.019993"><ele>26.2</ele></trkpt>
      <trkpt lat="47.261016" lon="-0.019842"><ele>26.5</ele></trkpt>
      <trkpt lat="47.261013" lon="-0.019790"><ele>26.8</ele></trkpt>
      <trkpt lat="47.261111" lon="-0.019690"><ele>26.8</ele></trkpt>
      <trkpt lat="47.261269" lon="-0.019527"><ele>26.5</ele></trkpt>
      <trkpt lat="47.261696" lon="-0.019122"><ele>26.8</ele></trkpt>
      <trkpt lat="47.261863" lon="-0.018963"><ele>26.0</ele></trkpt>
      <trkpt lat="47.262212" lon="-0.018656"><ele>26.0</ele></trkpt>
      <trkpt lat="47.262341" lon="-0.018559"><ele>26.0</ele></trkpt>
      <trkpt lat="47.262454" lon="-0.018498"><ele>26.0</ele></trkpt>
      <trkpt lat="47.262545" lon="-0.018461"><ele>26.0</ele></trkpt>
      <trkpt lat="47.262689" lon="-0.018428"><ele>26.0</ele></trkpt>
      <trkpt lat="47.263071" lon="-0.018376"><ele>25.8</ele></trkpt>
      <trkpt lat="47.263141" lon="-0.018356"><ele>25.8</ele></trkpt>
      <trkpt lat="47.263210" lon="-0.018325"><ele>26.0</ele></trkpt>
      <trkpt lat="47.263450" lon="-0.018153"><ele>26.0</ele></trkpt>
      <trkpt lat="47.263638" lon="-0.017988"><ele>26.0</ele></trkpt>
      <trkpt lat="47.263914" lon="-0.017706"><ele>26.0</ele></trkpt>
      <trkpt lat="47.264101" lon="-0.017514"><ele>26.0</ele></trkpt>
      <trkpt lat="47.264543" lon="-0.017128"><ele>26.0</ele></trkpt>
      <trkpt lat="47.264956" lon="-0.016757"><ele>26.0</ele></trkpt>
      <trkpt lat="47.265430" lon="-0.016297"><ele>25.8</ele></trkpt>
      <trkpt lat="47.265726" lon="-0.015984"><ele>25.8</ele></trkpt>
      <trkpt lat="47.265989" lon="-0.015705"><ele>26.0</ele></trkpt>
      <trkpt lat="47.266896" lon="-0.014819"><ele>25.8</ele></trkpt>
      <trkpt lat="47.267598" lon="-0.014128"><ele>26.0</ele></trkpt>
      <trkpt lat="47.268221" lon="-0.013508"><ele>25.2</ele></trkpt>
      <trkpt lat="47.268054" lon="-0.013270"><ele>25.8</ele></trkpt>
      <trkpt lat="47.267968" lon="-0.013160"><ele>25.8</ele></trkpt>
      <trkpt lat="47.267808" lon="-0.012659"><ele>25.2</ele></trkpt>
      <trkpt lat="47.267767" lon="-0.012527"><ele>25.8</ele></trkpt>
      <trkpt lat="47.267046" lon="-0.010216"><ele>26.0</ele></trkpt>
      <trkpt lat="47.267609" lon="-0.009691"><ele>25.8</ele></trkpt>
      <trkpt lat="47.268621" lon="-0.008918"><ele>25.0</ele></trkpt>
      <trkpt lat="47.268574" lon="-0.008865"><ele>25.0</ele></trkpt>
      <trkpt lat="47.268523" lon="-0.008752"><ele>25.0</ele></trkpt>
      <trkpt lat="47.268400" lon="-0.008312"><ele>25.5</ele></trkpt>
      <trkpt lat="47.268381" lon="-0.008242"><ele>25.5</ele></trkpt>
      <trkpt lat="47.268295" lon="-0.007737"><ele>25.2</ele></trkpt>
      <trkpt lat="47.268253" lon="-0.007564"><ele>25.8</ele></trkpt>
      <trkpt lat="47.268109" lon="-0.007120"><ele>25.5</ele></trkpt>
      <trkpt lat="47.267665" lon="-0.005880"><ele>25.0</ele></trkpt>
      <trkpt lat="47.267624" lon="-0.005783"><ele>25.0</ele></trkpt>
      <trkpt lat="47.267418" lon="-0.005306"><ele>25.0</ele></trkpt>
      <trkpt lat="47.267210" lon="-0.004619"><ele>25.0</ele></trkpt>
      <trkpt lat="47.266793" lon="-0.003003"><ele>25.0</ele></trkpt>
      <trkpt lat="47.266687" lon="-0.002612"><ele>25.0</ele></trkpt>
      <trkpt lat="47.266406" lon="-0.001744"><ele>25.5</ele></trkpt>
      <trkpt lat="47.266330" lon="-0.001472"><ele>26.0</ele></trkpt>
      <trkpt lat="47.266324" lon="-0.001453"><ele>26.0</ele></trkpt>
      <trkpt lat="47.265953" lon="-0.000126"><ele>26.0</ele></trkpt>
      <trkpt lat="47.265880" lon="0.000111"><ele>26.0</ele></trkpt>
      <trkpt lat="47.265860" lon="0.000155"><ele>26.0</ele></trkpt>
      <trkpt lat="47.266068" lon="0.000637"><ele>26.0</ele></trkpt>
      <trkpt lat="47.266382" lon="0.001451"><ele>26.0</ele></trkpt>
      <trkpt lat="47.266719" lon="0.002272"><ele>26.0</ele></trkpt>
      <trkpt lat="47.266852" lon="0.002561"><ele>26.0</ele></trkpt>
      <trkpt lat="47.266927" lon="0.002688"><ele>26.0</ele></trkpt>
      <trkpt lat="47.266983" lon="0.002781"><ele>25.8</ele></trkpt>
      <trkpt lat="47.267245" lon="0.003160"><ele>25.5</ele></trkpt>
      <trkpt lat="47.267421" lon="0.003383"><ele>25.0</ele></trkpt>
      <trkpt lat="47.267568" lon="0.003551"><ele>25.0</ele></trkpt>
      <trkpt lat="47.267662" lon="0.003633"><ele>25.0</ele></trkpt>
      <trkpt lat="47.267738" lon="0.003682"><ele>25.0</ele></trkpt>
      <trkpt lat="47.267553" lon="0.003849"><ele>25.0</ele></trkpt>
      <trkpt lat="47.266823" lon="0.004292"><ele>26.0</ele></trkpt>
      <trkpt lat="47.266652" lon="0.004403"><ele>26.0</ele></trkpt>
      <trkpt lat="47.266505" lon="0.004512"><ele>26.0</ele></trkpt>
      <trkpt lat="47.266434" lon="0.004620"><ele>26.0</ele></trkpt>
      <trkpt lat="47.266398" lon="0.004724"><ele>26.0</ele></trkpt>
      <trkpt lat="47.266350" lon="0.004949"><ele>25.8</ele></trkpt>
      <trkpt lat="47.266087" lon="0.005935"><ele>26.0</ele></trkpt>
      <trkpt lat="47.265753" lon="0.007354"><ele>26.0</ele></trkpt>
      <trkpt lat="47.265433" lon="0.008351"><ele>25.2</ele></trkpt>
      <trkpt lat="47.265163" lon="0.009287"><ele>26.0</ele></trkpt>
      <trkpt lat="47.265066" lon="0.009663"><ele>25.8</ele></trkpt>
      <trkpt lat="47.264977" lon="0.010115"><ele>26.0</ele></trkpt>
      <trkpt lat="47.264835" lon="0.011094"><ele>25.5</ele></trkpt>
      <trkpt lat="47.264833" lon="0.011277"><ele>25.5</ele></trkpt>
      <trkpt lat="47.264853" lon="0.011575"><ele>25.5</ele></trkpt>
      <trkpt lat="47.264856" lon="0.011736"><ele>25.5</ele></trkpt>
      <trkpt lat="47.264837" lon="0.011898"><ele>25.5</ele></trkpt>
      <trkpt lat="47.264707" lon="0.012519"><ele>25.0</ele></trkpt>
      <trkpt lat="47.264619" lon="0.013155"><ele>25.5</ele></trkpt>
      <trkpt lat="47.264583" lon="0.013300"><ele>25.8</ele></trkpt>
      <trkpt lat="47.264539" lon="0.013432"><ele>25.5</ele></trkpt>
      <trkpt lat="47.264467" lon="0.013580"><ele>25.0</ele></trkpt>
      <trkpt lat="47.264388" lon="0.013711"><ele>25.0</ele></trkpt>
      <trkpt lat="47.264221" lon="0.013904"><ele>25.8</ele></trkpt>
      <trkpt lat="47.263837" lon="0.014311"><ele>25.5</ele></trkpt>
      <trkpt lat="47.263733" lon="0.014448"><ele>26.0</ele></trkpt>
      <trkpt lat="47.263663" lon="0.014600"><ele>26.0</ele></trkpt>
      <trkpt lat="47.263631" lon="0.014702"><ele>26.0</ele></trkpt>
      <trkpt lat="47.263614" lon="0.014809"><ele>26.0</ele></trkpt>
      <trkpt lat="47.263610" lon="0.014974"><ele>26.0</ele></trkpt>
      <trkpt lat="47.263649" lon="0.015630"><ele>25.8</ele></trkpt>
      <trkpt lat="47.263663" lon="0.016023"><ele>25.8</ele></trkpt>
      <trkpt lat="47.263672" lon="0.016446"><ele>25.8</ele></trkpt>
      <trkpt lat="47.263672" lon="0.017168"><ele>24.8</ele></trkpt>
      <trkpt lat="47.263663" lon="0.017709"><ele>25.5</ele></trkpt>
      <trkpt lat="47.263644" lon="0.017850"><ele>25.8</ele></trkpt>
      <trkpt lat="47.263619" lon="0.017964"><ele>25.8</ele></trkpt>
      <trkpt lat="47.263587" lon="0.018080"><ele>26.0</ele></trkpt>
      <trkpt lat="47.263668" lon="0.018184"><ele>25.8</ele></trkpt>
      <trkpt lat="47.263745" lon="0.018344"><ele>25.5</ele></trkpt>
      <trkpt lat="47.263774" lon="0.018529"><ele>25.2</ele></trkpt>
      <trkpt lat="47.263774" lon="0.018846"><ele>25.2</ele></trkpt>
      <trkpt lat="47.263767" lon="0.019096"><ele>25.2</ele></trkpt>
      <trkpt lat="47.263737" lon="0.019289"><ele>25.2</ele></trkpt>
      <trkpt lat="47.263626" lon="0.019731"><ele>24.8</ele></trkpt>
      <trkpt lat="47.263541" lon="0.019961"><ele>25.2</ele></trkpt>
      <trkpt lat="47.263272" lon="0.020379"><ele>25.0</ele></trkpt>
      <trkpt lat="47.262953" lon="0.020961"><ele>25.0</ele></trkpt>
      <trkpt lat="47.262509" lon="0.021651"><ele>25.0</ele></trkpt>
      <trkpt lat="47.262451" lon="0.021786"><ele>25.0</ele></trkpt>
      <trkpt lat="47.262438" lon="0.021858"><ele>25.0</ele></trkpt>
      <trkpt lat="47.262454" lon="0.021930"><ele>25.0</ele></trkpt>
      <trkpt lat="47.263241" lon="0.022651"><ele>25.0</ele></trkpt>
      <trkpt lat="47.263302" lon="0.022727"><ele>25.0</ele></trkpt>
      <trkpt lat="47.263306" lon="0.022815"><ele>25.0</ele></trkpt>
      <trkpt lat="47.263271" lon="0.022920"><ele>25.0</ele></trkpt>
      <trkpt lat="47.263153" lon="0.023181"><ele>25.0</ele></trkpt>
      <trkpt lat="47.262919" lon="0.023837"><ele>25.2</ele></trkpt>
      <trkpt lat="47.262567" lon="0.024676"><ele>25.2</ele></trkpt>
      <trkpt lat="47.262515" lon="0.024773"><ele>25.0</ele></trkpt>
      <trkpt lat="47.262431" lon="0.024810"><ele>25.0</ele></trkpt>
      <trkpt lat="47.261692" lon="0.025001"><ele>25.8</ele></trkpt>
      <trkpt lat="47.261317" lon="0.025072"><ele>25.5</ele></trkpt>
      <trkpt lat="47.261262" lon="0.025104"><ele>25.5</ele></trkpt>
      <trkpt lat="47.261193" lon="0.025242"><ele>25.2</ele></trkpt>
      <trkpt lat="47.261151" lon="0.025388"><ele>25.0</ele></trkpt>
      <trkpt lat="47.261118" lon="0.025545"><ele>25.0</ele></trkpt>
      <trkpt lat="47.260847" lon="0.026039"><ele>25.0</ele></trkpt>
      <trkpt lat="47.260800" lon="0.026051"><ele>25.0</ele></trkpt>
      <trkpt lat="47.260738" lon="0.026002"><ele>25.0</ele></trkpt>
      <trkpt lat="47.260290" lon="0.025554"><ele>25.8</ele></trkpt>
      <trkpt lat="47.260096" lon="0.025308"><ele>26.0</ele></trkpt>
      <trkpt lat="47.259987" lon="0.025436"><ele>26.0</ele></trkpt>
      <trkpt lat="47.259617" lon="0.025794"><ele>26.0</ele></trkpt>
      <trkpt lat="47.259523" lon="0.025860"><ele>26.0</ele></trkpt>
      <trkpt lat="47.259307" lon="0.025991"><ele>26.0</ele></trkpt>
      <trkpt lat="47.259050" lon="0.026131"><ele>26.0</ele></trkpt>
      <trkpt lat="47.258944" lon="0.026201"><ele>25.8</ele></trkpt>
      <trkpt lat="47.258864" lon="0.026280"><ele>26.0</ele></trkpt>
      <trkpt lat="47.258779" lon="0.026409"><ele>26.0</ele></trkpt>
      <trkpt lat="47.258678" lon="0.026599"><ele>26.0</ele></trkpt>
      <trkpt lat="47.258533" lon="0.026922"><ele>25.8</ele></trkpt>
      <trkpt lat="47.258485" lon="0.027098"><ele>26.0</ele></trkpt>
      <trkpt lat="47.258456" lon="0.027301"><ele>26.0</ele></trkpt>
      <trkpt lat="47.258435" lon="0.027626"><ele>26.0</ele></trkpt>
      <trkpt lat="47.258418" lon="0.027746"><ele>26.0</ele></trkpt>
      <trkpt lat="47.258378" lon="0.027860"><ele>26.0</ele></trkpt>
      <trkpt lat="47.258318" lon="0.027953"><ele>26.0</ele></trkpt>
      <trkpt lat="47.258208" lon="0.028057"><ele>26.0</ele></trkpt>
      <trkpt lat="47.257883" lon="0.028263"><ele>25.5</ele></trkpt>
      <trkpt lat="47.257724" lon="0.028408"><ele>25.2</ele></trkpt>
      <trkpt lat="47.257349" lon="0.028811"><ele>25.2</ele></trkpt>
      <trkpt lat="47.257187" lon="0.028975"><ele>25.2</ele></trkpt>
      <trkpt lat="47.256853" lon="0.029237"><ele>26.2</ele></trkpt>
      <trkpt lat="47.256709" lon="0.029333"><ele>26.8</ele></trkpt>
      <trkpt lat="47.256658" lon="0.029927"><ele>26.2</ele></trkpt>
      <trkpt lat="47.256300" lon="0.034167"><ele>26.8</ele></trkpt>
      <trkpt lat="47.256124" lon="0.036084"><ele>26.8</ele></trkpt>
      <trkpt lat="47.256850" lon="0.036459"><ele>26.0</ele></trkpt>
      <trkpt lat="47.257268" lon="0.036652"><ele>26.0</ele></trkpt>
      <trkpt lat="47.257547" lon="0.036837"><ele>26.0</ele></trkpt>
      <trkpt lat="47.257821" lon="0.037077"><ele>26.0</ele></trkpt>
      <trkpt lat="47.258140" lon="0.037323"><ele>26.0</ele></trkpt>
      <trkpt lat="47.258276" lon="0.037399"><ele>26.0</ele></trkpt>
      <trkpt lat="47.258863" lon="0.037898"><ele>26.0</ele></trkpt>
      <trkpt lat="47.259518" lon="0.038312"><ele>26.0</ele></trkpt>
      <trkpt lat="47.258982" lon="0.040075"><ele>26.0</ele></trkpt>
      <trkpt lat="47.258932" lon="0.040143"><ele>26.0</ele></trkpt>
      <trkpt lat="47.258790" lon="0.040822"><ele>25.8</ele></trkpt>
      <trkpt lat="47.258534" lon="0.041580"><ele>26.0</ele></trkpt>
      <trkpt lat="47.258395" lon="0.041946"><ele>26.0</ele></trkpt>
      <trkpt lat="47.258142" lon="0.042651"><ele>26.0</ele></trkpt>
      <trkpt lat="47.258116" lon="0.042759"><ele>26.0</ele></trkpt>
      <trkpt lat="47.258119" lon="0.042860"><ele>26.0</ele></trkpt>
      <trkpt lat="47.258154" lon="0.042918"><ele>25.8</ele></trkpt>
      <trkpt lat="47.258702" lon="0.043192"><ele>26.0</ele></trkpt>
      <trkpt lat="47.258864" lon="0.043309"><ele>26.0</ele></trkpt>
      <trkpt lat="47.258978" lon="0.043489"><ele>26.0</ele></trkpt>
      <trkpt lat="47.259089" lon="0.043830"><ele>26.0</ele></trkpt>
      <trkpt lat="47.259182" lon="0.043936"><ele>26.0</ele></trkpt>
      <trkpt lat="47.259395" lon="0.044067"><ele>26.2</ele></trkpt>
      <trkpt lat="47.259635" lon="0.044200"><ele>26.0</ele></trkpt>
      <trkpt lat="47.259788" lon="0.044306"><ele>26.0</ele></trkpt>
      <trkpt lat="47.259812" lon="0.044337"><ele>26.0</ele></trkpt>
      <trkpt lat="47.259713" lon="0.044739"><ele>26.0</ele></trkpt>
      <trkpt lat="47.259620" lon="0.045198"><ele>26.0</ele></trkpt>
      <trkpt lat="47.259461" lon="0.046614"><ele>26.0</ele></trkpt>
      <trkpt lat="47.259354" lon="0.047404"><ele>26.0</ele></trkpt>
      <trkpt lat="47.259292" lon="0.047788"><ele>26.5</ele></trkpt>
      <trkpt lat="47.259195" lon="0.048202"><ele>25.8</ele></trkpt>
      <trkpt lat="47.259080" lon="0.048937"><ele>26.0</ele></trkpt>
      <trkpt lat="47.258994" lon="0.049278"><ele>26.2</ele></trkpt>
      <trkpt lat="47.258946" lon="0.049413"><ele>26.0</ele></trkpt>
      <trkpt lat="47.258834" lon="0.049613"><ele>26.0</ele></trkpt>
      <trkpt lat="47.258719" lon="0.049759"><ele>26.0</ele></trkpt>
      <trkpt lat="47.258538" lon="0.049937"><ele>26.0</ele></trkpt>
      <trkpt lat="47.258401" lon="0.050109"><ele>26.0</ele></trkpt>
      <trkpt lat="47.258313" lon="0.050297"><ele>26.0</ele></trkpt>
      <trkpt lat="47.258274" lon="0.050464"><ele>26.0</ele></trkpt>
      <trkpt lat="47.258267" lon="0.050668"><ele>26.5</ele></trkpt>
      <trkpt lat="47.258305" lon="0.051694"><ele>26.8</ele></trkpt>
      <trkpt lat="47.258296" lon="0.051942"><ele>26.0</ele></trkpt>
      <trkpt lat="47.258260" lon="0.052138"><ele>26.8</ele></trkpt>
      <trkpt lat="47.258181" lon="0.052384"><ele>27.0</ele></trkpt>
      <trkpt lat="47.258164" lon="0.052432"><ele>27.0</ele></trkpt>
      <trkpt lat="47.258020" lon="0.052357"><ele>27.0</ele></trkpt>
      <trkpt lat="47.258010" lon="0.052408"><ele>27.0</ele></trkpt>
      <trkpt lat="47.257595" lon="0.054450"><ele>27.0</ele></trkpt>
      <trkpt lat="47.257010" lon="0.057247"><ele>27.0</ele></trkpt>
      <trkpt lat="47.256988" lon="0.057418"><ele>27.0</ele></trkpt>
      <trkpt lat="47.256964" lon="0.057633"><ele>27.0</ele></trkpt>
      <trkpt lat="47.256953" lon="0.057967"><ele>27.0</ele></trkpt>
      <trkpt lat="47.256946" lon="0.058869"><ele>27.0</ele></trkpt>
      <trkpt lat="47.256924" lon="0.059668"><ele>27.8</ele></trkpt>
      <trkpt lat="47.256892" lon="0.060200"><ele>27.0</ele></trkpt>
      <trkpt lat="47.256837" lon="0.060752"><ele>27.2</ele></trkpt>
      <trkpt lat="47.256754" lon="0.061411"><ele>27.5</ele></trkpt>
      <trkpt lat="47.256557" lon="0.062724"><ele>27.2</ele></trkpt>
      <trkpt lat="47.256397" lon="0.063704"><ele>27.0</ele></trkpt>
      <trkpt lat="47.256337" lon="0.064185"><ele>26.8</ele></trkpt>
      <trkpt lat="47.256235" lon="0.065426"><ele>28.0</ele></trkpt>
      <trkpt lat="47.256127" lon="0.066299"><ele>28.0</ele></trkpt>
      <trkpt lat="47.256007" lon="0.067136"><ele>28.0</ele></trkpt>
      <trkpt lat="47.255976" lon="0.067401"><ele>28.0</ele></trkpt>
      <trkpt lat="47.255935" lon="0.067929"><ele>27.8</ele></trkpt>
      <trkpt lat="47.255882" lon="0.068783"><ele>27.8</ele></trkpt>
      <trkpt lat="47.255822" lon="0.069321"><ele>27.8</ele></trkpt>
      <trkpt lat="47.255666" lon="0.070471"><ele>27.5</ele></trkpt>
      <trkpt lat="47.255588" lon="0.071289"><ele>27.2</ele></trkpt>
      <trkpt lat="47.255563" lon="0.071740"><ele>27.0</ele></trkpt>
      <trkpt lat="47.255558" lon="0.072256"><ele>27.0</ele></trkpt>
      <trkpt lat="47.255571" lon="0.072780"><ele>27.0</ele></trkpt>
      <trkpt lat="47.255623" lon="0.073994"><ele>28.0</ele></trkpt>
      <trkpt lat="47.255700" lon="0.076188"><ele>28.0</ele></trkpt>
      <trkpt lat="47.255712" lon="0.076845"><ele>27.5</ele></trkpt>
      <trkpt lat="47.255798" lon="0.078646"><ele>29.0</ele></trkpt>
      <trkpt lat="47.255797" lon="0.079206"><ele>28.8</ele></trkpt>
      <trkpt lat="47.255759" lon="0.080259"><ele>27.8</ele></trkpt>
      <trkpt lat="47.255750" lon="0.081310"><ele>28.0</ele></trkpt>
      <trkpt lat="47.255737" lon="0.082312"><ele>28.0</ele></trkpt>
      <trkpt lat="47.255713" lon="0.082924"><ele>28.0</ele></trkpt>
      <trkpt lat="47.255695" lon="0.083131"><ele>28.0</ele></trkpt>
      <trkpt lat="47.255668" lon="0.083349"><ele>28.0</ele></trkpt>
      <trkpt lat="47.255564" lon="0.084110"><ele>27.8</ele></trkpt>
      <trkpt lat="47.255248" lon="0.086168"><ele>28.0</ele></trkpt>
      <trkpt lat="47.255233" lon="0.086365"><ele>28.0</ele></trkpt>
      <trkpt lat="47.255231" lon="0.086522"><ele>28.0</ele></trkpt>
      <trkpt lat="47.255246" lon="0.087425"><ele>28.0</ele></trkpt>
      <trkpt lat="47.255240" lon="0.087870"><ele>28.0</ele></trkpt>
      <trkpt lat="47.255180" lon="0.089024"><ele>28.0</ele></trkpt>
      <trkpt lat="47.255152" lon="0.089504"><ele>28.0</ele></trkpt>
      <trkpt lat="47.255035" lon="0.090650"><ele>28.0</ele></trkpt>
      <trkpt lat="47.255037" lon="0.090890"><ele>28.0</ele></trkpt>
      <trkpt lat="47.255049" lon="0.091103"><ele>28.0</ele></trkpt>
      <trkpt lat="47.255082" lon="0.091313"><ele>28.0</ele></trkpt>
      <trkpt lat="47.255132" lon="0.091526"><ele>28.0</ele></trkpt>
      <trkpt lat="47.255198" lon="0.091725"><ele>28.0</ele></trkpt>
      <trkpt lat="47.255262" lon="0.091890"><ele>28.0</ele></trkpt>
      <trkpt lat="47.255390" lon="0.092163"><ele>28.0</ele></trkpt>
      <trkpt lat="47.255543" lon="0.092457"><ele>28.0</ele></trkpt>
      <trkpt lat="47.255695" lon="0.092710"><ele>28.0</ele></trkpt>
      <trkpt lat="47.255909" lon="0.093041"><ele>28.0</ele></trkpt>
      <trkpt lat="47.256022" lon="0.093250"><ele>28.0</ele></trkpt>
      <trkpt lat="47.256066" lon="0.093351"><ele>28.0</ele></trkpt>
      <trkpt lat="47.256107" lon="0.093355"><ele>28.0</ele></trkpt>
      <trkpt lat="47.256205" lon="0.093357"><ele>28.2</ele></trkpt>
      <trkpt lat="47.256420" lon="0.093380"><ele>28.8</ele></trkpt>
      <trkpt lat="47.256881" lon="0.093553"><ele>29.0</ele></trkpt>
      <trkpt lat="47.257240" lon="0.093711"><ele>29.0</ele></trkpt>
      <trkpt lat="47.257509" lon="0.093806"><ele>29.0</ele></trkpt>
      <trkpt lat="47.257627" lon="0.093830"><ele>29.2</ele></trkpt>
      <trkpt lat="47.257797" lon="0.093846"><ele>30.0</ele></trkpt>
      <trkpt lat="47.258457" lon="0.093880"><ele>30.2</ele></trkpt>
      <trkpt lat="47.258599" lon="0.093886"><ele>30.8</ele></trkpt>
      <trkpt lat="47.258915" lon="0.093904"><ele>31.0</ele></trkpt>
      <trkpt lat="47.259095" lon="0.093927"><ele>31.0</ele></trkpt>
      <trkpt lat="47.259253" lon="0.093963"><ele>31.8</ele></trkpt>
      <trkpt lat="47.259354" lon="0.093997"><ele>32.2</ele></trkpt>
      <trkpt lat="47.259565" lon="0.094105"><ele>33.2</ele></trkpt>
      <trkpt lat="47.259915" lon="0.094347"><ele>33.0</ele></trkpt>
      <trkpt lat="47.260402" lon="0.094742"><ele>30.5</ele></trkpt>
      <trkpt lat="47.260960" lon="0.095171"><ele>28.0</ele></trkpt>
      <trkpt lat="47.261071" lon="0.095243"><ele>28.0</ele></trkpt>
      <trkpt lat="47.261364" lon="0.095382"><ele>28.0</ele></trkpt>
      <trkpt lat="47.261752" lon="0.095526"><ele>27.5</ele></trkpt>
      <trkpt lat="47.262096" lon="0.095654"><ele>27.5</ele></trkpt>
      <trkpt lat="47.262353" lon="0.095725"><ele>28.0</ele></trkpt>
      <trkpt lat="47.262474" lon="0.095735"><ele>28.0</ele></trkpt>
      <trkpt lat="47.262621" lon="0.095732"><ele>28.0</ele></trkpt>
      <trkpt lat="47.262842" lon="0.095708"><ele>28.0</ele></trkpt>
      <trkpt lat="47.263154" lon="0.095695"><ele>27.8</ele></trkpt>
      <trkpt lat="47.263247" lon="0.095707"><ele>27.5</ele></trkpt>
      <trkpt lat="47.263375" lon="0.095750"><ele>27.5</ele></trkpt>
      <trkpt lat="47.263623" lon="0.095851"><ele>28.0</ele></trkpt>
      <trkpt lat="47.263791" lon="0.095949"><ele>28.0</ele></trkpt>
      <trkpt lat="47.264173" lon="0.096142"><ele>28.0</ele></trkpt>
      <trkpt lat="47.264683" lon="0.096377"><ele>28.8</ele></trkpt>
      <trkpt lat="47.265037" lon="0.096475"><ele>28.8</ele></trkpt>
      <trkpt lat="47.265162" lon="0.096519"><ele>29.0</ele></trkpt>
      <trkpt lat="47.265199" lon="0.096532"><ele>29.0</ele></trkpt>
      <trkpt lat="47.265205" lon="0.096729"><ele>29.0</ele></trkpt>
      <trkpt lat="47.265232" lon="0.097014"><ele>29.8</ele></trkpt>
      <trkpt lat="47.265255" lon="0.097424"><ele>29.8</ele></trkpt>
      <trkpt lat="47.265244" lon="0.098575"><ele>30.8</ele></trkpt>
      <trkpt lat="47.265164" lon="0.099048"><ele>30.5</ele></trkpt>
      <trkpt lat="47.265006" lon="0.099767"><ele>29.8</ele></trkpt>
      <trkpt lat="47.264938" lon="0.100039"><ele>28.8</ele></trkpt>
      <trkpt lat="47.264885" lon="0.100226"><ele>28.5</ele></trkpt>
      <trkpt lat="47.264637" lon="0.100909"><ele>28.0</ele></trkpt>
      <trkpt lat="47.264598" lon="0.100997"><ele>28.0</ele></trkpt>
      <trkpt lat="47.264632" lon="0.101022"><ele>28.0</ele></trkpt>
      <trkpt lat="47.264731" lon="0.101054"><ele>27.8</ele></trkpt>
      <trkpt lat="47.265115" lon="0.101077"><ele>28.0</ele></trkpt>
      <trkpt lat="47.265386" lon="0.101199"><ele>28.0</ele></trkpt>
      <trkpt lat="47.265646" lon="0.101363"><ele>28.0</ele></trkpt>
      <trkpt lat="47.265952" lon="0.101530"><ele>28.0</ele></trkpt>
      <trkpt lat="47.266064" lon="0.101608"><ele>28.0</ele></trkpt>
      <trkpt lat="47.266124" lon="0.101679"><ele>27.8</ele></trkpt>
      <trkpt lat="47.266178" lon="0.101766"><ele>28.0</ele></trkpt>
      <trkpt lat="47.266220" lon="0.101864"><ele>28.0</ele></trkpt>
      <trkpt lat="47.266387" lon="0.102421"><ele>28.0</ele></trkpt>
      <trkpt lat="47.266424" lon="0.102482"><ele>28.0</ele></trkpt>
      <trkpt lat="47.266492" lon="0.102551"><ele>28.0</ele></trkpt>
      <trkpt lat="47.266556" lon="0.102572"><ele>28.0</ele></trkpt>
      <trkpt lat="47.266829" lon="0.102595"><ele>28.0</ele></trkpt>
      <trkpt lat="47.267167" lon="0.102565"><ele>28.0</ele></trkpt>
      <trkpt lat="47.267370" lon="0.102528"><ele>28.0</ele></trkpt>
      <trkpt lat="47.267565" lon="0.102440"><ele>28.0</ele></trkpt>
      <trkpt lat="47.267697" lon="0.102405"><ele>28.0</ele></trkpt>
      <trkpt lat="47.267822" lon="0.102401"><ele>28.0</ele></trkpt>
      <trkpt lat="47.267919" lon="0.102417"><ele>28.0</ele></trkpt>
      <trkpt lat="47.267996" lon="0.102463"><ele>28.0</ele></trkpt>
      <trkpt lat="47.268064" lon="0.102520"><ele>28.0</ele></trkpt>
      <trkpt lat="47.268147" lon="0.102663"><ele>27.8</ele></trkpt>
      <trkpt lat="47.268254" lon="0.103048"><ele>28.0</ele></trkpt>
      <trkpt lat="47.268530" lon="0.104095"><ele>27.2</ele></trkpt>
      <trkpt lat="47.268693" lon="0.104677"><ele>28.0</ele></trkpt>
      <trkpt lat="47.268712" lon="0.104957"><ele>28.0</ele></trkpt>
      <trkpt lat="47.268710" lon="0.105109"><ele>28.0</ele></trkpt>
      <trkpt lat="47.268691" lon="0.105214"><ele>28.0</ele></trkpt>
      <trkpt lat="47.268653" lon="0.105324"><ele>28.0</ele></trkpt>
      <trkpt lat="47.268618" lon="0.105375"><ele>28.0</ele></trkpt>
      <trkpt lat="47.268578" lon="0.105404"><ele>28.0</ele></trkpt>
      <trkpt lat="47.268533" lon="0.105420"><ele>28.0</ele></trkpt>
      <trkpt lat="47.268469" lon="0.105429"><ele>28.0</ele></trkpt>
      <trkpt lat="47.268309" lon="0.105429"><ele>28.0</ele></trkpt>
      <trkpt lat="47.268266" lon="0.105448"><ele>28.0</ele></trkpt>
      <trkpt lat="47.268176" lon="0.105527"><ele>28.0</ele></trkpt>
      <trkpt lat="47.268150" lon="0.105587"><ele>28.0</ele></trkpt>
      <trkpt lat="47.268119" lon="0.105681"><ele>28.0</ele></trkpt>
      <trkpt lat="47.268095" lon="0.105792"><ele>28.0</ele></trkpt>
      <trkpt lat="47.267995" lon="0.106679"><ele>27.8</ele></trkpt>
      <trkpt lat="47.267904" lon="0.107253"><ele>28.0</ele></trkpt>
      <trkpt lat="47.267874" lon="0.107493"><ele>28.0</ele></trkpt>
      <trkpt lat="47.267837" lon="0.107666"><ele>28.0</ele></trkpt>
      <trkpt lat="47.267726" lon="0.108056"><ele>28.0</ele></trkpt>
      <trkpt lat="47.267490" lon="0.107907"><ele>28.0</ele></trkpt>
      <trkpt lat="47.267219" lon="0.107751"><ele>28.0</ele></trkpt>
      <trkpt lat="47.266952" lon="0.107634"><ele>28.0</ele></trkpt>
      <trkpt lat="47.266616" lon="0.107533"><ele>28.0</ele></trkpt>
      <trkpt lat="47.266363" lon="0.107495"><ele>28.0</ele></trkpt>
      <trkpt lat="47.265952" lon="0.107507"><ele>28.0</ele></trkpt>
      <trkpt lat="47.265769" lon="0.107546"><ele>28.0</ele></trkpt>
      <trkpt lat="47.265645" lon="0.107593"><ele>28.0</ele></trkpt>
      <trkpt lat="47.265455" lon="0.107750"><ele>28.0</ele></trkpt>
      <trkpt lat="47.265423" lon="0.107862"><ele>28.0</ele></trkpt>
      <trkpt lat="47.265401" lon="0.108006"><ele>28.0</ele></trkpt>
      <trkpt lat="47.265352" lon="0.108192"><ele>28.0</ele></trkpt>
      <trkpt lat="47.265286" lon="0.108344"><ele>28.0</ele></trkpt>
      <trkpt lat="47.264867" lon="0.109032"><ele>28.0</ele></trkpt>
      <trkpt lat="47.264742" lon="0.109292"><ele>28.0</ele></trkpt>
      <trkpt lat="47.264683" lon="0.109465"><ele>28.0</ele></trkpt>
      <trkpt lat="47.264509" lon="0.110025"><ele>28.0</ele></trkpt>
      <trkpt lat="47.264323" lon="0.110531"><ele>28.0</ele></trkpt>
      <trkpt lat="47.264197" lon="0.110981"><ele>28.0</ele></trkpt>
      <trkpt lat="47.264185" lon="0.111122"><ele>28.0</ele></trkpt>
      <trkpt lat="47.264103" lon="0.111756"><ele>28.0</ele></trkpt>
      <trkpt lat="47.264075" lon="0.112037"><ele>28.0</ele></trkpt>
      <trkpt lat="47.264040" lon="0.112800"><ele>28.2</ele></trkpt>
      <trkpt lat="47.263974" lon="0.113390"><ele>28.5</ele></trkpt>
      <trkpt lat="47.263919" lon="0.114207"><ele>28.8</ele></trkpt>
      <trkpt lat="47.263861" lon="0.114516"><ele>28.8</ele></trkpt>
      <trkpt lat="47.263810" lon="0.114688"><ele>28.2</ele></trkpt>
      <trkpt lat="47.263760" lon="0.114839"><ele>28.2</ele></trkpt>
      <trkpt lat="47.263672" lon="0.115039"><ele>28.5</ele></trkpt>
      <trkpt lat="47.263600" lon="0.115172"><ele>28.2</ele></trkpt>
      <trkpt lat="47.263378" lon="0.115516"><ele>28.8</ele></trkpt>
      <trkpt lat="47.263028" lon="0.116106"><ele>29.0</ele></trkpt>
      <trkpt lat="47.262770" lon="0.116551"><ele>28.2</ele></trkpt>
      <trkpt lat="47.262699" lon="0.116697"><ele>28.2</ele></trkpt>
      <trkpt lat="47.262685" lon="0.116761"><ele>28.5</ele></trkpt>
      <trkpt lat="47.262797" lon="0.116762"><ele>28.2</ele></trkpt>
      <trkpt lat="47.262916" lon="0.116789"><ele>28.5</ele></trkpt>
      <trkpt lat="47.263019" lon="0.116832"><ele>28.8</ele></trkpt>
      <trkpt lat="47.263116" lon="0.116900"><ele>29.0</ele></trkpt>
      <trkpt lat="47.263418" lon="0.117227"><ele>29.2</ele></trkpt>
      <trkpt lat="47.263828" lon="0.117614"><ele>29.5</ele></trkpt>
      <trkpt lat="47.263970" lon="0.117733"><ele>29.0</ele></trkpt>
      <trkpt lat="47.264166" lon="0.117874"><ele>29.0</ele></trkpt>
      <trkpt lat="47.264366" lon="0.117992"><ele>29.0</ele></trkpt>
      <trkpt lat="47.264541" lon="0.118079"><ele>28.5</ele></trkpt>
      <trkpt lat="47.265236" lon="0.118402"><ele>28.0</ele></trkpt>
      <trkpt lat="47.265776" lon="0.118639"><ele>28.5</ele></trkpt>
      <trkpt lat="47.265991" lon="0.118738"><ele>28.8</ele></trkpt>
      <trkpt lat="47.266205" lon="0.118854"><ele>30.0</ele></trkpt>
      <trkpt lat="47.266334" lon="0.118939"><ele>30.5</ele></trkpt>
      <trkpt lat="47.266513" lon="0.119081"><ele>31.0</ele></trkpt>
      <trkpt lat="47.266579" lon="0.119139"><ele>32.2</ele></trkpt>
      <trkpt lat="47.266729" lon="0.119293"><ele>31.2</ele></trkpt>
      <trkpt lat="47.267022" lon="0.119609"><ele>30.5</ele></trkpt>
      <trkpt lat="47.267698" lon="0.120336"><ele>30.5</ele></trkpt>
      <trkpt lat="47.267940" lon="0.120606"><ele>29.2</ele></trkpt>
      <trkpt lat="47.268173" lon="0.120875"><ele>28.2</ele></trkpt>
      <trkpt lat="47.268273" lon="0.120999"><ele>28.0</ele></trkpt>
      <trkpt lat="47.268368" lon="0.121133"><ele>28.0</ele></trkpt>
      <trkpt lat="47.268727" lon="0.121698"><ele>28.0</ele></trkpt>
      <trkpt lat="47.268900" lon="0.122011"><ele>28.0</ele></trkpt>
      <trkpt lat="47.269050" lon="0.122355"><ele>28.0</ele></trkpt>
      <trkpt lat="47.269344" lon="0.122982"><ele>28.0</ele></trkpt>
      <trkpt lat="47.269442" lon="0.123156"><ele>28.0</ele></trkpt>
      <trkpt lat="47.269413" lon="0.123202"><ele>28.0</ele></trkpt>
      <trkpt lat="47.269292" lon="0.123494"><ele>28.0</ele></trkpt>
      <trkpt lat="47.269246" lon="0.123612"><ele>28.0</ele></trkpt>
      <trkpt lat="47.269139" lon="0.123913"><ele>28.0</ele></trkpt>
      <trkpt lat="47.269119" lon="0.124082"><ele>28.0</ele></trkpt>
      <trkpt lat="47.269125" lon="0.124239"><ele>28.0</ele></trkpt>
      <trkpt lat="47.269116" lon="0.124362"><ele>28.0</ele></trkpt>
      <trkpt lat="47.269091" lon="0.124485"><ele>28.0</ele></trkpt>
      <trkpt lat="47.269042" lon="0.124635"><ele>28.0</ele></trkpt>
      <trkpt lat="47.268938" lon="0.124812"><ele>28.0</ele></trkpt>
      <trkpt lat="47.268830" lon="0.125112"><ele>28.2</ele></trkpt>
      <trkpt lat="47.268783" lon="0.125301"><ele>28.5</ele></trkpt>
      <trkpt lat="47.268758" lon="0.125446"><ele>28.2</ele></trkpt>
      <trkpt lat="47.268746" lon="0.125924"><ele>29.0</ele></trkpt>
      <trkpt lat="47.268711" lon="0.126294"><ele>29.0</ele></trkpt>
      <trkpt lat="47.268661" lon="0.126633"><ele>29.0</ele></trkpt>
      <trkpt lat="47.268547" lon="0.127274"><ele>29.0</ele></trkpt>
      <trkpt lat="47.268439" lon="0.128095"><ele>29.0</ele></trkpt>
      <trkpt lat="47.268282" lon="0.129536"><ele>29.0</ele></trkpt>
      <trkpt lat="47.268294" lon="0.130533"><ele>29.0</ele></trkpt>
      <trkpt lat="47.268258" lon="0.131155"><ele>29.0</ele></trkpt>
      <trkpt lat="47.268669" lon="0.131208"><ele>29.0</ele></trkpt>
      <trkpt lat="47.268929" lon="0.131261"><ele>29.0</ele></trkpt>
      <trkpt lat="47.269038" lon="0.131308"><ele>29.0</ele></trkpt>
      <trkpt lat="47.269078" lon="0.131538"><ele>29.0</ele></trkpt>
      <trkpt lat="47.269153" lon="0.132409"><ele>29.2</ele></trkpt>
      <trkpt lat="47.269225" lon="0.133144"><ele>29.0</ele></trkpt>
      <trkpt lat="47.269226" lon="0.134167"><ele>29.0</ele></trkpt>
      <trkpt lat="47.269215" lon="0.134279"><ele>29.2</ele></trkpt>
      <trkpt lat="47.269195" lon="0.134395"><ele>29.5</ele></trkpt>
      <trkpt lat="47.269141" lon="0.134520"><ele>29.5</ele></trkpt>
      <trkpt lat="47.269078" lon="0.134624"><ele>29.0</ele></trkpt>
      <trkpt lat="47.268885" lon="0.134897"><ele>29.0</ele></trkpt>
      <trkpt lat="47.268684" lon="0.135113"><ele>29.0</ele></trkpt>
      <trkpt lat="47.268568" lon="0.135432"><ele>29.0</ele></trkpt>
      <trkpt lat="47.268522" lon="0.135751"><ele>29.0</ele></trkpt>
      <trkpt lat="47.268545" lon="0.136286"><ele>29.0</ele></trkpt>
      <trkpt lat="47.268679" lon="0.136876"><ele>29.0</ele></trkpt>
      <trkpt lat="47.268692" lon="0.136981"><ele>29.0</ele></trkpt>
      <trkpt lat="47.268696" lon="0.137080"><ele>29.0</ele></trkpt>
      <trkpt lat="47.268679" lon="0.137188"><ele>29.0</ele></trkpt>
      <trkpt lat="47.268537" lon="0.137527"><ele>29.0</ele></trkpt>
      <trkpt lat="47.268444" lon="0.137835"><ele>29.0</ele></trkpt>
      <trkpt lat="47.268289" lon="0.138759"><ele>29.0</ele></trkpt>
      <trkpt lat="47.268169" lon="0.139263"><ele>29.0</ele></trkpt>
      <trkpt lat="47.268020" lon="0.139724"><ele>28.8</ele></trkpt>
      <trkpt lat="47.267965" lon="0.140042"><ele>29.0</ele></trkpt>
      <trkpt lat="47.267918" lon="0.140869"><ele>29.0</ele></trkpt>
      <trkpt lat="47.267845" lon="0.141649"><ele>29.0</ele></trkpt>
      <trkpt lat="47.267837" lon="0.142076"><ele>29.0</ele></trkpt>
      <trkpt lat="47.267836" lon="0.142133"><ele>29.0</ele></trkpt>
      <trkpt lat="47.267829" lon="0.142203"><ele>29.0</ele></trkpt>
      <trkpt lat="47.267790" lon="0.142445"><ele>29.0</ele></trkpt>
      <trkpt lat="47.267734" lon="0.142650"><ele>29.0</ele></trkpt>
      <trkpt lat="47.267460" lon="0.143292"><ele>29.0</ele></trkpt>
      <trkpt lat="47.267387" lon="0.143592"><ele>29.0</ele></trkpt>
      <trkpt lat="47.267350" lon="0.143877"><ele>29.0</ele></trkpt>
      <trkpt lat="47.267334" lon="0.144136"><ele>29.0</ele></trkpt>
      <trkpt lat="47.267344" lon="0.144427"><ele>29.0</ele></trkpt>
      <trkpt lat="47.267404" lon="0.144900"><ele>29.0</ele></trkpt>
      <trkpt lat="47.267423" lon="0.145227"><ele>29.0</ele></trkpt>
      <trkpt lat="47.267394" lon="0.145626"><ele>29.0</ele></trkpt>
      <trkpt lat="47.267307" lon="0.146039"><ele>29.0</ele></trkpt>
      <trkpt lat="47.267269" lon="0.146594"><ele>29.0</ele></trkpt>
      <trkpt lat="47.267249" lon="0.147291"><ele>29.8</ele></trkpt>
      <trkpt lat="47.267208" lon="0.147859"><ele>29.2</ele></trkpt>
      <trkpt lat="47.267153" lon="0.148615"><ele>29.5</ele></trkpt>
      <trkpt lat="47.267085" lon="0.148999"><ele>29.0</ele></trkpt>
      <trkpt lat="47.266892" lon="0.149412"><ele>29.0</ele></trkpt>
      <trkpt lat="47.266496" lon="0.150223"><ele>29.0</ele></trkpt>
      <trkpt lat="47.266264" lon="0.150735"><ele>29.0</ele></trkpt>
      <trkpt lat="47.266090" lon="0.151433"><ele>29.8</ele></trkpt>
      <trkpt lat="47.265998" lon="0.151875"><ele>29.2</ele></trkpt>
      <trkpt lat="47.265956" lon="0.151961"><ele>29.0</ele></trkpt>
      <trkpt lat="47.265894" lon="0.152051"><ele>29.2</ele></trkpt>
      <trkpt lat="47.265825" lon="0.152109"><ele>29.5</ele></trkpt>
      <trkpt lat="47.265735" lon="0.152139"><ele>29.2</ele></trkpt>
      <trkpt lat="47.265636" lon="0.152116"><ele>29.0</ele></trkpt>
      <trkpt lat="47.265503" lon="0.152031"><ele>29.0</ele></trkpt>
      <trkpt lat="47.265375" lon="0.151998"><ele>29.5</ele></trkpt>
      <trkpt lat="47.265294" lon="0.152012"><ele>29.8</ele></trkpt>
      <trkpt lat="47.265208" lon="0.152047"><ele>29.5</ele></trkpt>
      <trkpt lat="47.265112" lon="0.152175"><ele>29.2</ele></trkpt>
      <trkpt lat="47.264902" lon="0.152742"><ele>29.0</ele></trkpt>
      <trkpt lat="47.264671" lon="0.153639"><ele>29.8</ele></trkpt>
      <trkpt lat="47.264497" lon="0.154436"><ele>29.0</ele></trkpt>
      <trkpt lat="47.263975" lon="0.156101"><ele>30.0</ele></trkpt>
      <trkpt lat="47.263888" lon="0.156372"><ele>29.8</ele></trkpt>
      <trkpt lat="47.263338" lon="0.157809"><ele>30.0</ele></trkpt>
      <trkpt lat="47.263029" lon="0.158521"><ele>29.8</ele></trkpt>
      <trkpt lat="47.262913" lon="0.158831"><ele>30.0</ele></trkpt>
      <trkpt lat="47.262735" lon="0.159246"><ele>30.0</ele></trkpt>
      <trkpt lat="47.262547" lon="0.159560"><ele>30.0</ele></trkpt>
      <trkpt lat="47.262152" lon="0.160543"><ele>30.0</ele></trkpt>
      <trkpt lat="47.261969" lon="0.161083"><ele>30.0</ele></trkpt>
      <trkpt lat="47.261791" lon="0.161658"><ele>30.0</ele></trkpt>
      <trkpt lat="47.261731" lon="0.161943"><ele>30.0</ele></trkpt>
      <trkpt lat="47.261697" lon="0.162314"><ele>30.0</ele></trkpt>
      <trkpt lat="47.261623" lon="0.162825"><ele>30.0</ele></trkpt>
      <trkpt lat="47.261410" lon="0.164049"><ele>30.0</ele></trkpt>
      <trkpt lat="47.261331" lon="0.164610"><ele>30.0</ele></trkpt>
      <trkpt lat="47.261306" lon="0.164752"><ele>30.0</ele></trkpt>
      <trkpt lat="47.261285" lon="0.164925"><ele>30.2</ele></trkpt>
      <trkpt lat="47.261117" lon="0.164889"><ele>30.5</ele></trkpt>
      <trkpt lat="47.261066" lon="0.165415"><ele>30.0</ele></trkpt>
      <trkpt lat="47.261028" lon="0.165675"><ele>30.0</ele></trkpt>
      <trkpt lat="47.260664" lon="0.167877"><ele>30.0</ele></trkpt>
      <trkpt lat="47.260505" lon="0.168654"><ele>30.0</ele></trkpt>
      <trkpt lat="47.260664" lon="0.167877"><ele>30.0</ele></trkpt>
      <trkpt lat="47.261028" lon="0.165675"><ele>30.0</ele></trkpt>
      <trkpt lat="47.261066" lon="0.165415"><ele>30.0</ele></trkpt>
      <trkpt lat="47.261117" lon="0.164889"><ele>30.5</ele></trkpt>
      <trkpt lat="47.261285" lon="0.164925"><ele>30.2</ele></trkpt>
      <trkpt lat="47.261306" lon="0.164752"><ele>30.0</ele></trkpt>
      <trkpt lat="47.260626" lon="0.164605"><ele>30.5</ele></trkpt>
      <trkpt lat="47.260251" lon="0.164476"><ele>30.0</ele></trkpt>
      <trkpt lat="47.259924" lon="0.164333"><ele>31.0</ele></trkpt>
      <trkpt lat="47.259219" lon="0.164002"><ele>31.2</ele></trkpt>
      <trkpt lat="47.258732" lon="0.163887"><ele>32.5</ele></trkpt>
      <trkpt lat="47.258384" lon="0.163754"><ele>32.8</ele></trkpt>
      <trkpt lat="47.258201" lon="0.163695"><ele>33.5</ele></trkpt>
      <trkpt lat="47.257864" lon="0.163604"><ele>35.5</ele></trkpt>
      <trkpt lat="47.257539" lon="0.163539"><ele>35.5</ele></trkpt>
      <trkpt lat="47.256998" lon="0.163484"><ele>32.8</ele></trkpt>
      <trkpt lat="47.256574" lon="0.163452"><ele>33.2</ele></trkpt>
      <trkpt lat="47.255734" lon="0.163367"><ele>33.5</ele></trkpt>
      <trkpt lat="47.255501" lon="0.163359"><ele>30.5</ele></trkpt>
      <trkpt lat="47.255250" lon="0.163363"><ele>32.8</ele></trkpt>
      <trkpt lat="47.254904" lon="0.163386"><ele>31.5</ele></trkpt>
      <trkpt lat="47.253495" lon="0.163543"><ele>30.8</ele></trkpt>
      <trkpt lat="47.253431" lon="0.163545"><ele>30.8</ele></trkpt>
      <trkpt lat="47.253137" lon="0.163524"><ele>31.0</ele></trkpt>
      <trkpt lat="47.252562" lon="0.163563"><ele>30.8</ele></trkpt>
      <trkpt lat="47.252149" lon="0.163559"><ele>31.0</ele></trkpt>
      <trkpt lat="47.251983" lon="0.163530"><ele>31.0</ele></trkpt>
      <trkpt lat="47.251945" lon="0.163513"><ele>30.8</ele></trkpt>
      <trkpt lat="47.251911" lon="0.163486"><ele>31.0</ele></trkpt>
      <trkpt lat="47.251737" lon="0.163267"><ele>31.0</ele></trkpt>
      <trkpt lat="47.251691" lon="0.163141"><ele>31.0</ele></trkpt>
      <trkpt lat="47.251664" lon="0.163105"><ele>31.0</ele></trkpt>
      <trkpt lat="47.251623" lon="0.163090"><ele>31.0</ele></trkpt>
      <trkpt lat="47.251581" lon="0.163097"><ele>31.0</ele></trkpt>
      <trkpt lat="47.251558" lon="0.163120"><ele>31.0</ele></trkpt>
      <trkpt lat="47.251465" lon="0.163252"><ele>31.0</ele></trkpt>
      <trkpt lat="47.251393" lon="0.163300"><ele>31.0</ele></trkpt>
      <trkpt lat="47.251316" lon="0.163314"><ele>31.0</ele></trkpt>
      <trkpt lat="47.251187" lon="0.163301"><ele>31.0</ele></trkpt>
      <trkpt lat="47.251112" lon="0.163324"><ele>31.0</ele></trkpt>
      <trkpt lat="47.251100" lon="0.163364"><ele>30.8</ele></trkpt>
      <trkpt lat="47.250957" lon="0.163298"><ele>31.0</ele></trkpt>
      <trkpt lat="47.250803" lon="0.163271"><ele>30.8</ele></trkpt>
      <trkpt lat="47.250717" lon="0.163247"><ele>30.8</ele></trkpt>
      <trkpt lat="47.250544" lon="0.163209"><ele>30.5</ele></trkpt>
      <trkpt lat="47.250110" lon="0.163148"><ele>30.5</ele></trkpt>
      <trkpt lat="47.250021" lon="0.163133"><ele>30.5</ele></trkpt>
      <trkpt lat="47.249827" lon="0.163098"><ele>31.2</ele></trkpt>
      <trkpt lat="47.249817" lon="0.163148"><ele>31.2</ele></trkpt>
      <trkpt lat="47.249735" lon="0.163235"><ele>31.2</ele></trkpt>
      <trkpt lat="47.249050" lon="0.163693"><ele>30.0</ele></trkpt>
      <trkpt lat="47.248929" lon="0.163786"><ele>30.0</ele></trkpt>
      <trkpt lat="47.248576" lon="0.164014"><ele>30.0</ele></trkpt>
      <trkpt lat="47.248333" lon="0.164092"><ele>31.0</ele></trkpt>
      <trkpt lat="47.248266" lon="0.164149"><ele>31.0</ele></trkpt>
      <trkpt lat="47.248235" lon="0.164289"><ele>31.0</ele></trkpt>
      <trkpt lat="47.248138" lon="0.165970"><ele>31.2</ele></trkpt>
      <trkpt lat="47.247985" lon="0.168323"><ele>31.0</ele></trkpt>
      <trkpt lat="47.247965" lon="0.168894"><ele>31.2</ele></trkpt>
      <trkpt lat="47.247867" lon="0.168876"><ele>31.5</ele></trkpt>
      <trkpt lat="47.247833" lon="0.168872"><ele>31.8</ele></trkpt>
      <trkpt lat="47.247726" lon="0.168842"><ele>31.5</ele></trkpt>
      <trkpt lat="47.247610" lon="0.168767"><ele>31.0</ele></trkpt>
      <trkpt lat="47.247150" lon="0.168398"><ele>31.0</ele></trkpt>
      <trkpt lat="47.246902" lon="0.168146"><ele>30.8</ele></trkpt>
      <trkpt lat="47.246620" lon="0.167815"><ele>31.0</ele></trkpt>
      <trkpt lat="47.246369" lon="0.167500"><ele>31.0</ele></trkpt>
      <trkpt lat="47.246083" lon="0.167162"><ele>31.0</ele></trkpt>
      <trkpt lat="47.246046" lon="0.167048"><ele>31.0</ele></trkpt>
      <trkpt lat="47.245990" lon="0.166811"><ele>31.0</ele></trkpt>
      <trkpt lat="47.245245" lon="0.166921"><ele>31.8</ele></trkpt>
      <trkpt lat="47.244970" lon="0.166991"><ele>31.8</ele></trkpt>
      <trkpt lat="47.244630" lon="0.166928"><ele>31.8</ele></trkpt>
      <trkpt lat="47.244365" lon="0.166854"><ele>31.2</ele></trkpt>
      <trkpt lat="47.244314" lon="0.166874"><ele>31.2</ele></trkpt>
      <trkpt lat="47.244278" lon="0.166933"><ele>31.2</ele></trkpt>
      <trkpt lat="47.244205" lon="0.167178"><ele>31.8</ele></trkpt>
      <trkpt lat="47.244103" lon="0.167882"><ele>31.8</ele></trkpt>
      <trkpt lat="47.244060" lon="0.168382"><ele>31.5</ele></trkpt>
      <trkpt lat="47.242380" lon="0.167868"><ele>31.2</ele></trkpt>
      <trkpt lat="47.242259" lon="0.167861"><ele>31.5</ele></trkpt>
      <trkpt lat="47.242189" lon="0.167888"><ele>32.0</ele></trkpt>
      <trkpt lat="47.242125" lon="0.167932"><ele>33.0</ele></trkpt>
      <trkpt lat="47.242068" lon="0.167992"><ele>34.0</ele></trkpt>
      <trkpt lat="47.242032" lon="0.168077"><ele>34.2</ele></trkpt>
      <trkpt lat="47.241973" lon="0.168370"><ele>35.0</ele></trkpt>
      <trkpt lat="47.241891" lon="0.168731"><ele>33.5</ele></trkpt>
      <trkpt lat="47.241849" lon="0.168789"><ele>33.8</ele></trkpt>
      <trkpt lat="47.241818" lon="0.168791"><ele>34.2</ele></trkpt>
      <trkpt lat="47.241788" lon="0.168794"><ele>34.5</ele></trkpt>
      <trkpt lat="47.241718" lon="0.168802"><ele>35.5</ele></trkpt>
      <trkpt lat="47.241725" lon="0.167847"><ele>33.8</ele></trkpt>
      <trkpt lat="47.241694" lon="0.167708"><ele>33.0</ele></trkpt>
      <trkpt lat="47.241576" lon="0.167620"><ele>32.5</ele></trkpt>
      <trkpt lat="47.241293" lon="0.167569"><ele>33.0</ele></trkpt>
      <trkpt lat="47.240957" lon="0.167569"><ele>33.5</ele></trkpt>
      <trkpt lat="47.240514" lon="0.167602"><ele>34.0</ele></trkpt>
      <trkpt lat="47.240416" lon="0.167583"><ele>34.0</ele></trkpt>
      <trkpt lat="47.240372" lon="0.167500"><ele>34.0</ele></trkpt>
      <trkpt lat="47.240356" lon="0.167403"><ele>34.0</ele></trkpt>
      <trkpt lat="47.240383" lon="0.167207"><ele>33.8</ele></trkpt>
      <trkpt lat="47.240452" lon="0.166974"><ele>33.5</ele></trkpt>
      <trkpt lat="47.240623" lon="0.166542"><ele>33.5</ele></trkpt>
      <trkpt lat="47.240698" lon="0.166322"><ele>33.5</ele></trkpt>
      <trkpt lat="47.240729" lon="0.166113"><ele>33.5</ele></trkpt>
      <trkpt lat="47.240731" lon="0.165813"><ele>33.5</ele></trkpt>
      <trkpt lat="47.240704" lon="0.165314"><ele>33.0</ele></trkpt>
      <trkpt lat="47.240603" lon="0.164579"><ele>32.8</ele></trkpt>
      <trkpt lat="47.240490" lon="0.163876"><ele>32.5</ele></trkpt>
      <trkpt lat="47.240469" lon="0.163554"><ele>32.8</ele></trkpt>
      <trkpt lat="47.240472" lon="0.163302"><ele>33.0</ele></trkpt>
      <trkpt lat="47.240458" lon="0.163219"><ele>33.2</ele></trkpt>
      <trkpt lat="47.240419" lon="0.163165"><ele>33.2</ele></trkpt>
      <trkpt lat="47.240370" lon="0.163184"><ele>33.0</ele></trkpt>
      <trkpt lat="47.240268" lon="0.163243"><ele>32.8</ele></trkpt>
      <trkpt lat="47.240183" lon="0.163256"><ele>32.8</ele></trkpt>
      <trkpt lat="47.240097" lon="0.163206"><ele>32.5</ele></trkpt>
      <trkpt lat="47.240037" lon="0.163098"><ele>32.2</ele></trkpt>
      <trkpt lat="47.240001" lon="0.162811"><ele>32.0</ele></trkpt>
      <trkpt lat="47.239999" lon="0.162610"><ele>32.0</ele></trkpt>
      <trkpt lat="47.239977" lon="0.162503"><ele>32.0</ele></trkpt>
      <trkpt lat="47.239880" lon="0.162315"><ele>32.0</ele></trkpt>
      <trkpt lat="47.239749" lon="0.162283"><ele>32.8</ele></trkpt>
      <trkpt lat="47.239500" lon="0.162361"><ele>32.0</ele></trkpt>
      <trkpt lat="47.239219" lon="0.162530"><ele>31.2</ele></trkpt>
      <trkpt lat="47.239026" lon="0.162538"><ele>31.5</ele></trkpt>
      <trkpt lat="47.238897" lon="0.162497"><ele>31.8</ele></trkpt>
      <trkpt lat="47.238808" lon="0.162463"><ele>31.5</ele></trkpt>
      <trkpt lat="47.238777" lon="0.162396"><ele>31.5</ele></trkpt>
      <trkpt lat="47.238733" lon="0.162232"><ele>31.5</ele></trkpt>
      <trkpt lat="47.238711" lon="0.162028"><ele>31.2</ele></trkpt>
      <trkpt lat="47.238704" lon="0.161489"><ele>32.5</ele></trkpt>
      <trkpt lat="47.238755" lon="0.161146"><ele>32.2</ele></trkpt>
      <trkpt lat="47.238757" lon="0.161044"><ele>32.0</ele></trkpt>
      <trkpt lat="47.238923" lon="0.161095"><ele>34.0</ele></trkpt>
      <trkpt lat="47.239108" lon="0.161205"><ele>35.8</ele></trkpt>
      <trkpt lat="47.239321" lon="0.161269"><ele>37.2</ele></trkpt>
      <trkpt lat="47.239642" lon="0.161301"><ele>37.2</ele></trkpt>
      <trkpt lat="47.239695" lon="0.161374"><ele>38.5</ele></trkpt>
      <trkpt lat="47.239687" lon="0.161494"><ele>37.2</ele></trkpt>
      <trkpt lat="47.238886" lon="0.161362"><ele>38.2</ele></trkpt>
      <trkpt lat="47.234076" lon="0.160613"><ele>39.5</ele></trkpt>
      <trkpt lat="47.233745" lon="0.160618"><ele>39.0</ele></trkpt>
      <trkpt lat="47.233672" lon="0.160621"><ele>38.8</ele></trkpt>
      <trkpt lat="47.233493" lon="0.160590"><ele>38.8</ele></trkpt>
      <trkpt lat="47.233222" lon="0.160646"><ele>38.5</ele></trkpt>
      <trkpt lat="47.232897" lon="0.160761"><ele>37.5</ele></trkpt>
      <trkpt lat="47.232698" lon="0.160849"><ele>37.5</ele></trkpt>
      <trkpt lat="47.232568" lon="0.160949"><ele>37.0</ele></trkpt>
      <trkpt lat="47.232545" lon="0.160896"><ele>37.0</ele></trkpt>
      <trkpt lat="47.232594" lon="0.160853"><ele>37.2</ele></trkpt>
      <trkpt lat="47.232609" lon="0.160815"><ele>37.0</ele></trkpt>
      <trkpt lat="47.232615" lon="0.160800"><ele>37.0</ele></trkpt>
      <trkpt lat="47.232773" lon="0.160730"><ele>37.0</ele></trkpt>
      <trkpt lat="47.232826" lon="0.160672"><ele>37.0</ele></trkpt>
      <trkpt lat="47.232830" lon="0.160602"><ele>36.5</ele></trkpt>
      <trkpt lat="47.232813" lon="0.160545"><ele>36.0</ele></trkpt>
      <trkpt lat="47.232815" lon="0.160508"><ele>35.8</ele></trkpt>
      <trkpt lat="47.232826" lon="0.160489"><ele>35.8</ele></trkpt>
      <trkpt lat="47.232832" lon="0.160459"><ele>35.5</ele></trkpt>
      <trkpt lat="47.232824" lon="0.160426"><ele>35.2</ele></trkpt>
      <trkpt lat="47.232837" lon="0.160383"><ele>35.0</ele></trkpt>
      <trkpt lat="47.232936" lon="0.160288"><ele>35.0</ele></trkpt>
      <trkpt lat="47.233203" lon="0.159996"><ele>34.5</ele></trkpt>
      <trkpt lat="47.233250" lon="0.159609"><ele>33.5</ele></trkpt>
      <trkpt lat="47.233277" lon="0.158667"><ele>33.8</ele></trkpt>
      <trkpt lat="47.233266" lon="0.157912"><ele>33.8</ele></trkpt>
      <trkpt lat="47.231435" lon="0.157669"><ele>34.0</ele></trkpt>
      <trkpt lat="47.230754" lon="0.157525"><ele>34.0</ele></trkpt>
      <trkpt lat="47.230459" lon="0.157382"><ele>34.0</ele></trkpt>
      <trkpt lat="47.230126" lon="0.157232"><ele>34.0</ele></trkpt>
      <trkpt lat="47.229163" lon="0.156696"><ele>34.0</ele></trkpt>
      <trkpt lat="47.228955" lon="0.156555"><ele>34.0</ele></trkpt>
      <trkpt lat="47.228752" lon="0.156334"><ele>34.0</ele></trkpt>
      <trkpt lat="47.228384" lon="0.155909"><ele>34.0</ele></trkpt>
      <trkpt lat="47.228028" lon="0.155555"><ele>34.0</ele></trkpt>
      <trkpt lat="47.227676" lon="0.155274"><ele>34.0</ele></trkpt>
      <trkpt lat="47.226976" lon="0.154777"><ele>34.0</ele></trkpt>
      <trkpt lat="47.226395" lon="0.154362"><ele>34.5</ele></trkpt>
      <trkpt lat="47.225262" lon="0.153711"><ele>35.0</ele></trkpt>
      <trkpt lat="47.224976" lon="0.153335"><ele>35.0</ele></trkpt>
      <trkpt lat="47.224817" lon="0.153091"><ele>35.0</ele></trkpt>
      <trkpt lat="47.224726" lon="0.152966"><ele>34.5</ele></trkpt>
      <trkpt lat="47.224658" lon="0.153003"><ele>34.5</ele></trkpt>
      <trkpt lat="47.224518" lon="0.153000"><ele>34.0</ele></trkpt>
      <trkpt lat="47.224252" lon="0.152922"><ele>34.2</ele></trkpt>
      <trkpt lat="47.223977" lon="0.152798"><ele>34.0</ele></trkpt>
      <trkpt lat="47.223420" lon="0.152482"><ele>34.0</ele></trkpt>
      <trkpt lat="47.222898" lon="0.152120"><ele>34.0</ele></trkpt>
      <trkpt lat="47.222534" lon="0.151914"><ele>34.0</ele></trkpt>
      <trkpt lat="47.222023" lon="0.151703"><ele>34.0</ele></trkpt>
      <trkpt lat="47.221639" lon="0.151528"><ele>35.0</ele></trkpt>
      <trkpt lat="47.220999" lon="0.151381"><ele>35.0</ele></trkpt>
      <trkpt lat="47.220228" lon="0.151168"><ele>35.0</ele></trkpt>
      <trkpt lat="47.219747" lon="0.151023"><ele>35.5</ele></trkpt>
      <trkpt lat="47.219179" lon="0.150791"><ele>35.0</ele></trkpt>
      <trkpt lat="47.218019" lon="0.150324"><ele>35.0</ele></trkpt>
      <trkpt lat="47.217649" lon="0.150187"><ele>35.0</ele></trkpt>
      <trkpt lat="47.217578" lon="0.150161"><ele>35.0</ele></trkpt>
      <trkpt lat="47.217319" lon="0.150066"><ele>35.2</ele></trkpt>
      <trkpt lat="47.215839" lon="0.149566"><ele>35.8</ele></trkpt>
      <trkpt lat="47.214995" lon="0.149339"><ele>36.0</ele></trkpt>
      <trkpt lat="47.214639" lon="0.149253"><ele>35.8</ele></trkpt>
      <trkpt lat="47.214394" lon="0.149195"><ele>35.0</ele></trkpt>
      <trkpt lat="47.214342" lon="0.149197"><ele>35.2</ele></trkpt>
      <trkpt lat="47.214220" lon="0.149277"><ele>35.5</ele></trkpt>
      <trkpt lat="47.214010" lon="0.149444"><ele>35.0</ele></trkpt>
      <trkpt lat="47.213757" lon="0.149706"><ele>35.8</ele></trkpt>
      <trkpt lat="47.213481" lon="0.149959"><ele>35.5</ele></trkpt>
      <trkpt lat="47.213260" lon="0.150147"><ele>35.5</ele></trkpt>
      <trkpt lat="47.213029" lon="0.150392"><ele>36.0</ele></trkpt>
      <trkpt lat="47.212793" lon="0.150688"><ele>36.0</ele></trkpt>
      <trkpt lat="47.212686" lon="0.150805"><ele>36.0</ele></trkpt>
      <trkpt lat="47.212593" lon="0.150892"><ele>36.0</ele></trkpt>
      <trkpt lat="47.212360" lon="0.151060"><ele>36.8</ele></trkpt>
      <trkpt lat="47.211981" lon="0.151270"><ele>37.0</ele></trkpt>
      <trkpt lat="47.211862" lon="0.151328"><ele>37.0</ele></trkpt>
      <trkpt lat="47.211730" lon="0.151375"><ele>37.0</ele></trkpt>
      <trkpt lat="47.211555" lon="0.151417"><ele>37.0</ele></trkpt>
      <trkpt lat="47.211013" lon="0.151464"><ele>38.0</ele></trkpt>
      <trkpt lat="47.210904" lon="0.151456"><ele>38.0</ele></trkpt>
      <trkpt lat="47.210558" lon="0.151385"><ele>38.0</ele></trkpt>
      <trkpt lat="47.210305" lon="0.151375"><ele>38.8</ele></trkpt>
      <trkpt lat="47.210128" lon="0.151377"><ele>39.0</ele></trkpt>
      <trkpt lat="47.209533" lon="0.151409"><ele>40.5</ele></trkpt>
      <trkpt lat="47.209378" lon="0.151438"><ele>40.8</ele></trkpt>
      <trkpt lat="47.209335" lon="0.151490"><ele>40.8</ele></trkpt>
      <trkpt lat="47.209046" lon="0.151235"><ele>41.0</ele></trkpt>
      <trkpt lat="47.208873" lon="0.151083"><ele>41.0</ele></trkpt>
      <trkpt lat="47.208800" lon="0.151231"><ele>41.2</ele></trkpt>
      <trkpt lat="47.208731" lon="0.151394"><ele>41.5</ele></trkpt>
      <trkpt lat="47.208716" lon="0.151478"><ele>41.5</ele></trkpt>
      <trkpt lat="47.208724" lon="0.151634"><ele>41.5</ele></trkpt>
      <trkpt lat="47.208644" lon="0.152214"><ele>41.0</ele></trkpt>
      <trkpt lat="47.208158" lon="0.152094"><ele>42.0</ele></trkpt>
      <trkpt lat="47.208139" lon="0.152172"><ele>42.0</ele></trkpt>
      <trkpt lat="47.208104" lon="0.152237"><ele>41.8</ele></trkpt>
      <trkpt lat="47.207846" lon="0.152561"><ele>41.8</ele></trkpt>
      <trkpt lat="47.207776" lon="0.152658"><ele>41.2</ele></trkpt>
      <trkpt lat="47.207758" lon="0.152699"><ele>41.2</ele></trkpt>
      <trkpt lat="47.207250" lon="0.152344"><ele>41.5</ele></trkpt>
      <trkpt lat="47.207184" lon="0.152304"><ele>41.5</ele></trkpt>
      <trkpt lat="47.205809" lon="0.151449"><ele>38.8</ele></trkpt>
      <trkpt lat="47.205716" lon="0.151382"><ele>38.5</ele></trkpt>
      <trkpt lat="47.205644" lon="0.151412"><ele>38.2</ele></trkpt>
      <trkpt lat="47.205722" lon="0.151812"><ele>38.5</ele></trkpt>
      <trkpt lat="47.205872" lon="0.152661"><ele>39.0</ele></trkpt>
      <trkpt lat="47.205937" lon="0.153089"><ele>38.2</ele></trkpt>
      <trkpt lat="47.206000" lon="0.153976"><ele>38.0</ele></trkpt>
      <trkpt lat="47.206016" lon="0.154874"><ele>37.5</ele></trkpt>
      <trkpt lat="47.205992" lon="0.155756"><ele>37.0</ele></trkpt>
      <trkpt lat="47.205958" lon="0.156183"><ele>37.0</ele></trkpt>
      <trkpt lat="47.205915" lon="0.156593"><ele>36.8</ele></trkpt>
      <trkpt lat="47.205790" lon="0.157789"><ele>35.0</ele></trkpt>
      <trkpt lat="47.205740" lon="0.158295"><ele>35.2</ele></trkpt>
      <trkpt lat="47.205712" lon="0.158410"><ele>35.2</ele></trkpt>
      <trkpt lat="47.205383" lon="0.159191"><ele>35.0</ele></trkpt>
      <trkpt lat="47.205323" lon="0.159358"><ele>35.0</ele></trkpt>
      <trkpt lat="47.205298" lon="0.159521"><ele>34.8</ele></trkpt>
      <trkpt lat="47.205305" lon="0.159691"><ele>35.0</ele></trkpt>
      <trkpt lat="47.205350" lon="0.160018"><ele>35.0</ele></trkpt>
      <trkpt lat="47.205457" lon="0.160371"><ele>35.0</ele></trkpt>
      <trkpt lat="47.205569" lon="0.160698"><ele>35.0</ele></trkpt>
      <trkpt lat="47.205652" lon="0.161030"><ele>35.0</ele></trkpt>
      <trkpt lat="47.205676" lon="0.161331"><ele>35.0</ele></trkpt>
      <trkpt lat="47.205594" lon="0.161716"><ele>35.0</ele></trkpt>
      <trkpt lat="47.205418" lon="0.163558"><ele>35.0</ele></trkpt>
      <trkpt lat="47.205415" lon="0.163846"><ele>35.0</ele></trkpt>
      <trkpt lat="47.205424" lon="0.164358"><ele>35.0</ele></trkpt>
      <trkpt lat="47.205424" lon="0.164930"><ele>35.0</ele></trkpt>
      <trkpt lat="47.205392" lon="0.165523"><ele>35.0</ele></trkpt>
      <trkpt lat="47.205363" lon="0.165723"><ele>34.8</ele></trkpt>
      <trkpt lat="47.205315" lon="0.165886"><ele>34.8</ele></trkpt>
      <trkpt lat="47.205314" lon="0.166018"><ele>34.8</ele></trkpt>
      <trkpt lat="47.204962" lon="0.166741"><ele>35.0</ele></trkpt>
      <trkpt lat="47.205081" lon="0.166782"><ele>35.0</ele></trkpt>
      <trkpt lat="47.205891" lon="0.167002"><ele>34.0</ele></trkpt>
      <trkpt lat="47.206058" lon="0.167119"><ele>34.2</ele></trkpt>
      <trkpt lat="47.206466" lon="0.167501"><ele>34.8</ele></trkpt>
      <trkpt lat="47.206530" lon="0.167573"><ele>34.8</ele></trkpt>
      <trkpt lat="47.206878" lon="0.167970"><ele>34.8</ele></trkpt>
      <trkpt lat="47.207009" lon="0.168164"><ele>35.0</ele></trkpt>
      <trkpt lat="47.207087" lon="0.168333"><ele>35.0</ele></trkpt>
      <trkpt lat="47.207229" lon="0.168686"><ele>35.0</ele></trkpt>
      <trkpt lat="47.207369" lon="0.168973"><ele>35.0</ele></trkpt>
      <trkpt lat="47.207551" lon="0.169274"><ele>34.8</ele></trkpt>
      <trkpt lat="47.207708" lon="0.169505"><ele>35.0</ele></trkpt>
      <trkpt lat="47.207854" lon="0.169678"><ele>35.0</ele></trkpt>
      <trkpt lat="47.208001" lon="0.169833"><ele>35.0</ele></trkpt>
      <trkpt lat="47.207950" lon="0.170024"><ele>34.8</ele></trkpt>
      <trkpt lat="47.207908" lon="0.170252"><ele>35.0</ele></trkpt>
      <trkpt lat="47.207902" lon="0.170446"><ele>35.0</ele></trkpt>
      <trkpt lat="47.207919" lon="0.170890"><ele>35.0</ele></trkpt>
      <trkpt lat="47.207912" lon="0.171139"><ele>35.0</ele></trkpt>
      <trkpt lat="47.207885" lon="0.171427"><ele>35.0</ele></trkpt>
      <trkpt lat="47.207837" lon="0.171807"><ele>35.0</ele></trkpt>
      <trkpt lat="47.207603" lon="0.173159"><ele>35.0</ele></trkpt>
      <trkpt lat="47.207540" lon="0.173834"><ele>35.0</ele></trkpt>
      <trkpt lat="47.207499" lon="0.174037"><ele>35.0</ele></trkpt>
      <trkpt lat="47.207462" lon="0.174141"><ele>35.0</ele></trkpt>
      <trkpt lat="47.207459" lon="0.174184"><ele>35.0</ele></trkpt>
      <trkpt lat="47.207426" lon="0.175294"><ele>35.0</ele></trkpt>
      <trkpt lat="47.207421" lon="0.175403"><ele>35.0</ele></trkpt>
      <trkpt lat="47.207411" lon="0.175483"><ele>35.0</ele></trkpt>
      <trkpt lat="47.207376" lon="0.175528"><ele>35.0</ele></trkpt>
      <trkpt lat="47.207205" lon="0.175544"><ele>35.0</ele></trkpt>
      <trkpt lat="47.207143" lon="0.175578"><ele>35.0</ele></trkpt>
      <trkpt lat="47.207115" lon="0.175655"><ele>35.0</ele></trkpt>
      <trkpt lat="47.207120" lon="0.176922"><ele>34.5</ele></trkpt>
      <trkpt lat="47.207105" lon="0.176980"><ele>34.5</ele></trkpt>
      <trkpt lat="47.207062" lon="0.177010"><ele>34.5</ele></trkpt>
      <trkpt lat="47.206483" lon="0.177041"><ele>34.0</ele></trkpt>
      <trkpt lat="47.206399" lon="0.177161"><ele>34.0</ele></trkpt>
      <trkpt lat="47.206416" lon="0.177707"><ele>34.0</ele></trkpt>
      <trkpt lat="47.206416" lon="0.177989"><ele>34.0</ele></trkpt>
      <trkpt lat="47.206417" lon="0.178850"><ele>34.0</ele></trkpt>
      <trkpt lat="47.206390" lon="0.179976"><ele>34.0</ele></trkpt>
      <trkpt lat="47.206374" lon="0.180055"><ele>34.0</ele></trkpt>
      <trkpt lat="47.206325" lon="0.180111"><ele>34.0</ele></trkpt>
      <trkpt lat="47.205534" lon="0.180084"><ele>34.0</ele></trkpt>
      <trkpt lat="47.205546" lon="0.180255"><ele>34.0</ele></trkpt>
      <trkpt lat="47.205562" lon="0.180533"><ele>34.0</ele></trkpt>
      <trkpt lat="47.205569" lon="0.180675"><ele>34.0</ele></trkpt>
      <trkpt lat="47.205582" lon="0.181323"><ele>35.0</ele></trkpt>
      <trkpt lat="47.205543" lon="0.182000"><ele>35.0</ele></trkpt>
      <trkpt lat="47.205561" lon="0.182054"><ele>35.0</ele></trkpt>
      <trkpt lat="47.205624" lon="0.182241"><ele>35.0</ele></trkpt>
      <trkpt lat="47.205748" lon="0.182143"><ele>35.0</ele></trkpt>
      <trkpt lat="47.205809" lon="0.182111"><ele>35.0</ele></trkpt>
      <trkpt lat="47.205836" lon="0.182097"><ele>35.0</ele></trkpt>
      <trkpt lat="47.205930" lon="0.182047"><ele>35.0</ele></trkpt>
      <trkpt lat="47.206492" lon="0.181740"><ele>35.0</ele></trkpt>
      <trkpt lat="47.206945" lon="0.181475"><ele>34.8</ele></trkpt>
      <trkpt lat="47.207028" lon="0.181396"><ele>35.0</ele></trkpt>
      <trkpt lat="47.207082" lon="0.181316"><ele>35.0</ele></trkpt>
      <trkpt lat="47.207114" lon="0.181351"><ele>35.0</ele></trkpt>
      <trkpt lat="47.207169" lon="0.181380"><ele>35.0</ele></trkpt>
      <trkpt lat="47.207572" lon="0.181404"><ele>35.0</ele></trkpt>
      <trkpt lat="47.207640" lon="0.181440"><ele>35.0</ele></trkpt>
      <trkpt lat="47.207694" lon="0.181484"><ele>35.0</ele></trkpt>
      <trkpt lat="47.207746" lon="0.181550"><ele>35.0</ele></trkpt>
      <trkpt lat="47.207807" lon="0.181705"><ele>35.0</ele></trkpt>
      <trkpt lat="47.207921" lon="0.182058"><ele>34.8</ele></trkpt>
      <trkpt lat="47.208001" lon="0.182187"><ele>34.2</ele></trkpt>
      <trkpt lat="47.208034" lon="0.182219"><ele>34.0</ele></trkpt>
      <trkpt lat="47.208071" lon="0.182256"><ele>34.0</ele></trkpt>
      <trkpt lat="47.208173" lon="0.182322"><ele>34.0</ele></trkpt>
      <trkpt lat="47.208137" lon="0.182432"><ele>34.5</ele></trkpt>
      <trkpt lat="47.208397" lon="0.182589"><ele>34.2</ele></trkpt>
      <trkpt lat="47.208747" lon="0.182789"><ele>35.0</ele></trkpt>
      <trkpt lat="47.208925" lon="0.182858"><ele>35.0</ele></trkpt>
      <trkpt lat="47.208966" lon="0.182904"><ele>35.0</ele></trkpt>
      <trkpt lat="47.209012" lon="0.183077"><ele>35.0</ele></trkpt>
      <trkpt lat="47.209144" lon="0.183307"><ele>35.0</ele></trkpt>
      <trkpt lat="47.209177" lon="0.183372"><ele>35.0</ele></trkpt>
      <trkpt lat="47.209210" lon="0.183381"><ele>35.0</ele></trkpt>
      <trkpt lat="47.209246" lon="0.183348"><ele>35.0</ele></trkpt>
      <trkpt lat="47.209352" lon="0.183177"><ele>35.2</ele></trkpt>
      <trkpt lat="47.209383" lon="0.183143"><ele>35.5</ele></trkpt>
      <trkpt lat="47.209426" lon="0.183153"><ele>35.5</ele></trkpt>
      <trkpt lat="47.209786" lon="0.183348"><ele>35.0</ele></trkpt>
      <trkpt lat="47.209969" lon="0.183434"><ele>35.0</ele></trkpt>
      <trkpt lat="47.210254" lon="0.183584"><ele>35.0</ele></trkpt>
      <trkpt lat="47.210314" lon="0.183635"><ele>35.0</ele></trkpt>
      <trkpt lat="47.210476" lon="0.183717"><ele>35.0</ele></trkpt>
      <trkpt lat="47.210997" lon="0.183904"><ele>35.0</ele></trkpt>
      <trkpt lat="47.211469" lon="0.184055"><ele>36.0</ele></trkpt>
      <trkpt lat="47.211492" lon="0.184075"><ele>36.0</ele></trkpt>
      <trkpt lat="47.211505" lon="0.184108"><ele>36.0</ele></trkpt>
      <trkpt lat="47.211509" lon="0.184138"><ele>36.0</ele></trkpt>
      <trkpt lat="47.211539" lon="0.184167"><ele>36.0</ele></trkpt>
      <trkpt lat="47.211586" lon="0.184181"><ele>36.0</ele></trkpt>
      <trkpt lat="47.211627" lon="0.184151"><ele>36.0</ele></trkpt>
      <trkpt lat="47.211664" lon="0.184147"><ele>36.0</ele></trkpt>
      <trkpt lat="47.211932" lon="0.184296"><ele>36.0</ele></trkpt>
      <trkpt lat="47.212174" lon="0.184443"><ele>36.0</ele></trkpt>
      <trkpt lat="47.212585" lon="0.184787"><ele>36.2</ele></trkpt>
      <trkpt lat="47.212630" lon="0.184844"><ele>36.2</ele></trkpt>
      <trkpt lat="47.212655" lon="0.184903"><ele>36.5</ele></trkpt>
      <trkpt lat="47.212661" lon="0.184950"><ele>36.5</ele></trkpt>
      <trkpt lat="47.212662" lon="0.184994"><ele>36.5</ele></trkpt>
      <trkpt lat="47.212651" lon="0.185116"><ele>36.5</ele></trkpt>
      <trkpt lat="47.212621" lon="0.185190"><ele>36.5</ele></trkpt>
      <trkpt lat="47.212594" lon="0.185229"><ele>36.5</ele></trkpt>
      <trkpt lat="47.212597" lon="0.185269"><ele>36.5</ele></trkpt>
      <trkpt lat="47.212610" lon="0.185307"><ele>36.5</ele></trkpt>
      <trkpt lat="47.212624" lon="0.185342"><ele>36.5</ele></trkpt>
      <trkpt lat="47.212658" lon="0.185374"><ele>36.5</ele></trkpt>
      <trkpt lat="47.212701" lon="0.185346"><ele>36.2</ele></trkpt>
      <trkpt lat="47.212740" lon="0.185355"><ele>36.2</ele></trkpt>
      <trkpt lat="47.212800" lon="0.185412"><ele>36.2</ele></trkpt>
      <trkpt lat="47.212886" lon="0.185534"><ele>36.5</ele></trkpt>
      <trkpt lat="47.213197" lon="0.185879"><ele>37.0</ele></trkpt>
      <trkpt lat="47.213666" lon="0.186313"><ele>37.0</ele></trkpt>
      <trkpt lat="47.213789" lon="0.186403"><ele>37.0</ele></trkpt>
      <trkpt lat="47.213914" lon="0.186514"><ele>37.0</ele></trkpt>
      <trkpt lat="47.214660" lon="0.186954"><ele>37.0</ele></trkpt>
      <trkpt lat="47.214748" lon="0.186983"><ele>36.8</ele></trkpt>
      <trkpt lat="47.214808" lon="0.187025"><ele>37.0</ele></trkpt>
      <trkpt lat="47.215189" lon="0.187409"><ele>37.0</ele></trkpt>
      <trkpt lat="47.215560" lon="0.187777"><ele>37.0</ele></trkpt>
      <trkpt lat="47.215598" lon="0.187840"><ele>37.0</ele></trkpt>
      <trkpt lat="47.215631" lon="0.187902"><ele>37.0</ele></trkpt>
      <trkpt lat="47.215743" lon="0.188041"><ele>37.0</ele></trkpt>
      <trkpt lat="47.215901" lon="0.188241"><ele>37.0</ele></trkpt>
      <trkpt lat="47.215953" lon="0.188326"><ele>37.0</ele></trkpt>
      <trkpt lat="47.216005" lon="0.188377"><ele>37.0</ele></trkpt>
      <trkpt lat="47.216356" lon="0.188615"><ele>37.0</ele></trkpt>
      <trkpt lat="47.216550" lon="0.188805"><ele>37.0</ele></trkpt>
      <trkpt lat="47.216687" lon="0.188923"><ele>37.0</ele></trkpt>
      <trkpt lat="47.216857" lon="0.189054"><ele>37.0</ele></trkpt>
      <trkpt lat="47.217095" lon="0.189218"><ele>37.0</ele></trkpt>
      <trkpt lat="47.217196" lon="0.189356"><ele>37.0</ele></trkpt>
      <trkpt lat="47.217250" lon="0.189417"><ele>37.0</ele></trkpt>
      <trkpt lat="47.217313" lon="0.189467"><ele>37.0</ele></trkpt>
      <trkpt lat="47.217396" lon="0.189529"><ele>37.0</ele></trkpt>
      <trkpt lat="47.217451" lon="0.189532"><ele>37.0</ele></trkpt>
      <trkpt lat="47.217499" lon="0.189523"><ele>37.0</ele></trkpt>
      <trkpt lat="47.218115" lon="0.198674"><ele>37.5</ele></trkpt>
      <trkpt lat="47.218115" lon="0.198793"><ele>37.2</ele></trkpt>
      <trkpt lat="47.218083" lon="0.198852"><ele>37.0</ele></trkpt>
      <trkpt lat="47.217464" lon="0.199122"><ele>37.0</ele></trkpt>
      <trkpt lat="47.217422" lon="0.199165"><ele>37.0</ele></trkpt>
      <trkpt lat="47.217426" lon="0.199243"><ele>37.0</ele></trkpt>
      <trkpt lat="47.217392" lon="0.200154"><ele>37.5</ele></trkpt>
      <trkpt lat="47.217023" lon="0.201911"><ele>37.8</ele></trkpt>
      <trkpt lat="47.216819" lon="0.202653"><ele>37.5</ele></trkpt>
      <trkpt lat="47.216719" lon="0.203058"><ele>37.0</ele></trkpt>
      <trkpt lat="47.216708" lon="0.203372"><ele>37.2</ele></trkpt>
      <trkpt lat="47.216726" lon="0.203654"><ele>37.8</ele></trkpt>
      <trkpt lat="47.216771" lon="0.203906"><ele>37.2</ele></trkpt>
      <trkpt lat="47.216976" lon="0.205134"><ele>38.0</ele></trkpt>
      <trkpt lat="47.217142" lon="0.205816"><ele>38.0</ele></trkpt>
      <trkpt lat="47.217412" lon="0.206658"><ele>38.0</ele></trkpt>
      <trkpt lat="47.217525" lon="0.207106"><ele>38.0</ele></trkpt>
      <trkpt lat="47.217561" lon="0.207312"><ele>38.0</ele></trkpt>
      <trkpt lat="47.217638" lon="0.207780"><ele>38.0</ele></trkpt>
      <trkpt lat="47.217880" lon="0.210068"><ele>40.0</ele></trkpt>
      <trkpt lat="47.217875" lon="0.210255"><ele>40.0</ele></trkpt>
      <trkpt lat="47.217843" lon="0.211403"><ele>41.0</ele></trkpt>
      <trkpt lat="47.217881" lon="0.213019"><ele>41.0</ele></trkpt>
      <trkpt lat="47.217988" lon="0.213765"><ele>40.0</ele></trkpt>
      <trkpt lat="47.217993" lon="0.214016"><ele>40.0</ele></trkpt>
      <trkpt lat="47.218066" lon="0.214812"><ele>39.8</ele></trkpt>
      <trkpt lat="47.218131" lon="0.215852"><ele>40.5</ele></trkpt>
      <trkpt lat="47.218120" lon="0.216191"><ele>40.8</ele></trkpt>
      <trkpt lat="47.218044" lon="0.217321"><ele>39.5</ele></trkpt>
      <trkpt lat="47.218042" lon="0.217508"><ele>39.0</ele></trkpt>
      <trkpt lat="47.218055" lon="0.217729"><ele>39.0</ele></trkpt>
      <trkpt lat="47.218137" lon="0.218517"><ele>40.0</ele></trkpt>
      <trkpt lat="47.218203" lon="0.218811"><ele>39.8</ele></trkpt>
      <trkpt lat="47.218257" lon="0.218946"><ele>39.5</ele></trkpt>
      <trkpt lat="47.218414" lon="0.219255"><ele>39.5</ele></trkpt>
      <trkpt lat="47.218475" lon="0.219439"><ele>39.2</ele></trkpt>
      <trkpt lat="47.218501" lon="0.219579"><ele>39.2</ele></trkpt>
      <trkpt lat="47.218507" lon="0.219794"><ele>39.2</ele></trkpt>
      <trkpt lat="47.218500" lon="0.220239"><ele>39.2</ele></trkpt>
      <trkpt lat="47.218511" lon="0.220529"><ele>39.2</ele></trkpt>
      <trkpt lat="47.218506" lon="0.220613"><ele>39.2</ele></trkpt>
      <trkpt lat="47.218492" lon="0.220684"><ele>39.2</ele></trkpt>
      <trkpt lat="47.218528" lon="0.220740"><ele>39.2</ele></trkpt>
      <trkpt lat="47.218560" lon="0.220822"><ele>39.0</ele></trkpt>
      <trkpt lat="47.218675" lon="0.221271"><ele>39.0</ele></trkpt>
      <trkpt lat="47.219050" lon="0.222777"><ele>39.0</ele></trkpt>
      <trkpt lat="47.219116" lon="0.222994"><ele>39.0</ele></trkpt>
      <trkpt lat="47.219169" lon="0.223113"><ele>39.0</ele></trkpt>
      <trkpt lat="47.219246" lon="0.223249"><ele>39.0</ele></trkpt>
      <trkpt lat="47.219395" lon="0.223462"><ele>39.0</ele></trkpt>
      <trkpt lat="47.219492" lon="0.223627"><ele>39.0</ele></trkpt>
      <trkpt lat="47.219976" lon="0.224595"><ele>39.5</ele></trkpt>
      <trkpt lat="47.220051" lon="0.224724"><ele>39.0</ele></trkpt>
      <trkpt lat="47.220223" lon="0.224958"><ele>39.0</ele></trkpt>
      <trkpt lat="47.220260" lon="0.224997"><ele>39.0</ele></trkpt>
      <trkpt lat="47.220368" lon="0.225125"><ele>39.2</ele></trkpt>
      <trkpt lat="47.220446" lon="0.225239"><ele>39.2</ele></trkpt>
      <trkpt lat="47.220961" lon="0.226106"><ele>39.0</ele></trkpt>
      <trkpt lat="47.221029" lon="0.226266"><ele>39.0</ele></trkpt>
      <trkpt lat="47.221046" lon="0.226302"><ele>39.0</ele></trkpt>
      <trkpt lat="47.221003" lon="0.226447"><ele>39.0</ele></trkpt>
      <trkpt lat="47.220964" lon="0.226553"><ele>39.0</ele></trkpt>
      <trkpt lat="47.220988" lon="0.226590"><ele>39.0</ele></trkpt>
      <trkpt lat="47.221763" lon="0.227532"><ele>37.5</ele></trkpt>
      <trkpt lat="47.221857" lon="0.227688"><ele>37.2</ele></trkpt>
      <trkpt lat="47.221997" lon="0.227945"><ele>36.2</ele></trkpt>
      <trkpt lat="47.222500" lon="0.228811"><ele>35.5</ele></trkpt>
      <trkpt lat="47.222569" lon="0.228933"><ele>36.0</ele></trkpt>
      <trkpt lat="47.222888" lon="0.229481"><ele>36.0</ele></trkpt>
      <trkpt lat="47.223040" lon="0.229679"><ele>36.0</ele></trkpt>
      <trkpt lat="47.223088" lon="0.229720"><ele>36.0</ele></trkpt>
      <trkpt lat="47.223324" lon="0.229894"><ele>37.5</ele></trkpt>
      <trkpt lat="47.223435" lon="0.229999"><ele>37.5</ele></trkpt>
      <trkpt lat="47.223533" lon="0.230131"><ele>38.0</ele></trkpt>
      <trkpt lat="47.223996" lon="0.230859"><ele>40.5</ele></trkpt>
      <trkpt lat="47.224430" lon="0.231456"><ele>40.2</ele></trkpt>
      <trkpt lat="47.224654" lon="0.231741"><ele>39.5</ele></trkpt>
      <trkpt lat="47.224756" lon="0.231897"><ele>39.5</ele></trkpt>
      <trkpt lat="47.224895" lon="0.232166"><ele>40.0</ele></trkpt>
      <trkpt lat="47.225010" lon="0.232448"><ele>40.8</ele></trkpt>
      <trkpt lat="47.225156" lon="0.232886"><ele>40.2</ele></trkpt>
      <trkpt lat="47.225337" lon="0.233500"><ele>40.8</ele></trkpt>
      <trkpt lat="47.225692" lon="0.234552"><ele>41.2</ele></trkpt>
      <trkpt lat="47.225777" lon="0.234853"><ele>42.0</ele></trkpt>
      <trkpt lat="47.225880" lon="0.235291"><ele>42.0</ele></trkpt>
      <trkpt lat="47.226235" lon="0.236728"><ele>43.0</ele></trkpt>
      <trkpt lat="47.226364" lon="0.237229"><ele>44.0</ele></trkpt>
      <trkpt lat="47.226472" lon="0.237689"><ele>44.0</ele></trkpt>
      <trkpt lat="47.226776" lon="0.239224"><ele>48.0</ele></trkpt>
      <trkpt lat="47.226878" lon="0.239663"><ele>48.8</ele></trkpt>
      <trkpt lat="47.226943" lon="0.239885"><ele>49.5</ele></trkpt>
      <trkpt lat="47.227013" lon="0.240056"><ele>50.0</ele></trkpt>
      <trkpt lat="47.227160" lon="0.240342"><ele>50.0</ele></trkpt>
      <trkpt lat="47.227321" lon="0.240598"><ele>51.0</ele></trkpt>
      <trkpt lat="47.227525" lon="0.240900"><ele>52.0</ele></trkpt>
      <trkpt lat="47.227930" lon="0.241476"><ele>53.5</ele></trkpt>
      <trkpt lat="47.228227" lon="0.241870"><ele>54.8</ele></trkpt>
      <trkpt lat="47.228395" lon="0.242060"><ele>55.5</ele></trkpt>
      <trkpt lat="47.228630" lon="0.242305"><ele>56.2</ele></trkpt>
      <trkpt lat="47.228874" lon="0.242508"><ele>57.8</ele></trkpt>
      <trkpt lat="47.229271" lon="0.242809"><ele>58.8</ele></trkpt>
      <trkpt lat="47.229429" lon="0.242939"><ele>59.0</ele></trkpt>
      <trkpt lat="47.229568" lon="0.243087"><ele>59.8</ele></trkpt>
      <trkpt lat="47.229713" lon="0.243276"><ele>60.5</ele></trkpt>
      <trkpt lat="47.229839" lon="0.243495"><ele>61.2</ele></trkpt>
      <trkpt lat="47.229935" lon="0.243693"><ele>61.8</ele></trkpt>
      <trkpt lat="47.230015" lon="0.243925"><ele>62.0</ele></trkpt>
      <trkpt lat="47.230200" lon="0.244541"><ele>62.8</ele></trkpt>
      <trkpt lat="47.230321" lon="0.244913"><ele>63.5</ele></trkpt>
      <trkpt lat="47.230405" lon="0.245143"><ele>64.5</ele></trkpt>
      <trkpt lat="47.230509" lon="0.245356"><ele>65.0</ele></trkpt>
      <trkpt lat="47.230613" lon="0.245542"><ele>65.8</ele></trkpt>
      <trkpt lat="47.230723" lon="0.245706"><ele>65.5</ele></trkpt>
      <trkpt lat="47.230832" lon="0.245815"><ele>65.8</ele></trkpt>
      <trkpt lat="47.230952" lon="0.245898"><ele>66.0</ele></trkpt>
      <trkpt lat="47.231223" lon="0.245972"><ele>66.0</ele></trkpt>
      <trkpt lat="47.231320" lon="0.246013"><ele>66.0</ele></trkpt>
      <trkpt lat="47.231394" lon="0.246074"><ele>65.8</ele></trkpt>
      <trkpt lat="47.231477" lon="0.246163"><ele>66.0</ele></trkpt>
      <trkpt lat="47.231541" lon="0.246258"><ele>66.5</ele></trkpt>
      <trkpt lat="47.231612" lon="0.246392"><ele>67.0</ele></trkpt>
      <trkpt lat="47.231671" lon="0.246542"><ele>67.0</ele></trkpt>
      <trkpt lat="47.231761" lon="0.246830"><ele>67.5</ele></trkpt>
      <trkpt lat="47.231867" lon="0.247345"><ele>68.2</ele></trkpt>
      <trkpt lat="47.231871" lon="0.247389"><ele>68.5</ele></trkpt>
      <trkpt lat="47.231912" lon="0.247843"><ele>70.0</ele></trkpt>
      <trkpt lat="47.231943" lon="0.248051"><ele>70.0</ele></trkpt>
      <trkpt lat="47.231997" lon="0.248346"><ele>71.0</ele></trkpt>
      <trkpt lat="47.232089" lon="0.248812"><ele>72.5</ele></trkpt>
      <trkpt lat="47.232269" lon="0.249852"><ele>75.2</ele></trkpt>
      <trkpt lat="47.232312" lon="0.250131"><ele>76.5</ele></trkpt>
      <trkpt lat="47.232377" lon="0.250840"><ele>80.2</ele></trkpt>
      <trkpt lat="47.232383" lon="0.250913"><ele>80.5</ele></trkpt>
      <trkpt lat="47.232364" lon="0.250919"><ele>80.8</ele></trkpt>
      <trkpt lat="47.232233" lon="0.250968"><ele>81.2</ele></trkpt>
      <trkpt lat="47.231750" lon="0.251210"><ele>85.2</ele></trkpt>
      <trkpt lat="47.231620" lon="0.251247"><ele>86.8</ele></trkpt>
      <trkpt lat="47.231524" lon="0.251247"><ele>87.5</ele></trkpt>
      <trkpt lat="47.231455" lon="0.251233"><ele>87.8</ele></trkpt>
      <trkpt lat="47.231389" lon="0.251202"><ele>88.2</ele></trkpt>
      <trkpt lat="47.231213" lon="0.251096"><ele>89.2</ele></trkpt>
      <trkpt lat="47.231171" lon="0.251096"><ele>89.5</ele></trkpt>
      <trkpt lat="47.231153" lon="0.251104"><ele>89.5</ele></trkpt>
      <trkpt lat="47.231130" lon="0.251131"><ele>89.8</ele></trkpt>
      <trkpt lat="47.231027" lon="0.251271"><ele>90.0</ele></trkpt>
      <trkpt lat="47.230963" lon="0.251356"><ele>90.0</ele></trkpt>
      <trkpt lat="47.231365" lon="0.251827"><ele>89.0</ele></trkpt>
      <trkpt lat="47.231232" lon="0.252043"><ele>90.2</ele></trkpt>
      <trkpt lat="47.231365" lon="0.251827"><ele>89.0</ele></trkpt>
      <trkpt lat="47.230963" lon="0.251356"><ele>90.0</ele></trkpt>
      <trkpt lat="47.231027" lon="0.251271"><ele>90.0</ele></trkpt>
      <trkpt lat="47.231130" lon="0.251131"><ele>89.8</ele></trkpt>
      <trkpt lat="47.231153" lon="0.251104"><ele>89.5</ele></trkpt>
      <trkpt lat="47.231171" lon="0.251096"><ele>89.5</ele></trkpt>
      <trkpt lat="47.231213" lon="0.251096"><ele>89.2</ele></trkpt>
      <trkpt lat="47.231389" lon="0.251202"><ele>88.2</ele></trkpt>
      <trkpt lat="47.231455" lon="0.251233"><ele>87.8</ele></trkpt>
      <trkpt lat="47.231524" lon="0.251247"><ele>87.5</ele></trkpt>
      <trkpt lat="47.231620" lon="0.251247"><ele>86.8</ele></trkpt>
      <trkpt lat="47.231750" lon="0.251210"><ele>85.2</ele></trkpt>
      <trkpt lat="47.232233" lon="0.250968"><ele>81.2</ele></trkpt>
      <trkpt lat="47.232364" lon="0.250919"><ele>80.8</ele></trkpt>
      <trkpt lat="47.232383" lon="0.250913"><ele>80.5</ele></trkpt>
      <trkpt lat="47.232399" lon="0.250998"><ele>80.8</ele></trkpt>
      <trkpt lat="47.232441" lon="0.251146"><ele>81.2</ele></trkpt>
      <trkpt lat="47.232478" lon="0.251368"><ele>82.0</ele></trkpt>
      <trkpt lat="47.232503" lon="0.251458"><ele>82.0</ele></trkpt>
      <trkpt lat="47.232535" lon="0.251583"><ele>82.5</ele></trkpt>
      <trkpt lat="47.232639" lon="0.251858"><ele>82.2</ele></trkpt>
      <trkpt lat="47.232649" lon="0.251891"><ele>82.2</ele></trkpt>
      <trkpt lat="47.232719" lon="0.251979"><ele>82.2</ele></trkpt>
      <trkpt lat="47.232803" lon="0.251813"><ele>81.8</ele></trkpt>
      <trkpt lat="47.233005" lon="0.251454"><ele>81.0</ele></trkpt>
      <trkpt lat="47.233080" lon="0.251305"><ele>80.8</ele></trkpt>
      <trkpt lat="47.233159" lon="0.251125"><ele>80.0</ele></trkpt>
      <trkpt lat="47.233213" lon="0.251014"><ele>79.2</ele></trkpt>
      <trkpt lat="47.233413" lon="0.250599"><ele>78.2</ele></trkpt>
      <trkpt lat="47.233528" lon="0.250362"><ele>78.0</ele></trkpt>
      <trkpt lat="47.233659" lon="0.250123"><ele>77.5</ele></trkpt>
      <trkpt lat="47.233811" lon="0.249874"><ele>77.2</ele></trkpt>
      <trkpt lat="47.234053" lon="0.249517"><ele>76.5</ele></trkpt>
      <trkpt lat="47.234225" lon="0.249293"><ele>76.2</ele></trkpt>
      <trkpt lat="47.234620" lon="0.248788"><ele>76.0</ele></trkpt>
      <trkpt lat="47.235000" lon="0.248240"><ele>74.5</ele></trkpt>
      <trkpt lat="47.235094" lon="0.248116"><ele>74.5</ele></trkpt>
      <trkpt lat="47.235198" lon="0.248011"><ele>74.2</ele></trkpt>
      <trkpt lat="47.235280" lon="0.247957"><ele>74.2</ele></trkpt>
      <trkpt lat="47.235369" lon="0.247934"><ele>74.0</ele></trkpt>
      <trkpt lat="47.235447" lon="0.247935"><ele>74.0</ele></trkpt>
      <trkpt lat="47.235545" lon="0.247961"><ele>74.2</ele></trkpt>
      <trkpt lat="47.235658" lon="0.248012"><ele>74.0</ele></trkpt>
      <trkpt lat="47.235799" lon="0.248106"><ele>73.8</ele></trkpt>
      <trkpt lat="47.235995" lon="0.248266"><ele>74.0</ele></trkpt>
      <trkpt lat="47.236406" lon="0.248540"><ele>71.8</ele></trkpt>
      <trkpt lat="47.236549" lon="0.248620"><ele>68.0</ele></trkpt>
      <trkpt lat="47.236736" lon="0.248689"><ele>66.5</ele></trkpt>
      <trkpt lat="47.237259" lon="0.248816"><ele>61.8</ele></trkpt>
      <trkpt lat="47.237267" lon="0.248775"><ele>62.0</ele></trkpt>
      <trkpt lat="47.237300" lon="0.248763"><ele>61.8</ele></trkpt>
      <trkpt lat="47.237566" lon="0.248766"><ele>59.8</ele></trkpt>
      <trkpt lat="47.238004" lon="0.248720"><ele>55.0</ele></trkpt>
      <trkpt lat="47.238202" lon="0.248690"><ele>52.5</ele></trkpt>
      <trkpt lat="47.238311" lon="0.248662"><ele>51.2</ele></trkpt>
      <trkpt lat="47.238371" lon="0.248637"><ele>50.5</ele></trkpt>
      <trkpt lat="47.238554" lon="0.248529"><ele>48.2</ele></trkpt>
      <trkpt lat="47.238736" lon="0.248433"><ele>46.2</ele></trkpt>
      <trkpt lat="47.239105" lon="0.248258"><ele>43.0</ele></trkpt>
      <trkpt lat="47.239144" lon="0.248245"><ele>42.8</ele></trkpt>
      <trkpt lat="47.239181" lon="0.248231"><ele>42.5</ele></trkpt>
      <trkpt lat="47.240658" lon="0.247525"><ele>36.5</ele></trkpt>
      <trkpt lat="47.240699" lon="0.247504"><ele>36.2</ele></trkpt>
      <trkpt lat="47.241087" lon="0.247308"><ele>36.2</ele></trkpt>
      <trkpt lat="47.241358" lon="0.247174"><ele>35.2</ele></trkpt>
      <trkpt lat="47.241694" lon="0.247011"><ele>33.5</ele></trkpt>
      <trkpt lat="47.241881" lon="0.246946"><ele>35.5</ele></trkpt>
      <trkpt lat="47.242030" lon="0.246940"><ele>35.5</ele></trkpt>
      <trkpt lat="47.242232" lon="0.246974"><ele>34.8</ele></trkpt>
      <trkpt lat="47.243210" lon="0.247325"><ele>34.0</ele></trkpt>
      <trkpt lat="47.244833" lon="0.247833"><ele>33.8</ele></trkpt>
      <trkpt lat="47.244903" lon="0.247866"><ele>33.8</ele></trkpt>
      <trkpt lat="47.244920" lon="0.247806"><ele>33.8</ele></trkpt>
      <trkpt lat="47.245588" lon="0.247409"><ele>34.0</ele></trkpt>
      <trkpt lat="47.245891" lon="0.247241"><ele>34.0</ele></trkpt>
      <trkpt lat="47.247651" lon="0.246459"><ele>35.0</ele></trkpt>
      <trkpt lat="47.247742" lon="0.246398"><ele>35.0</ele></trkpt>
      <trkpt lat="47.247924" lon="0.246254"><ele>35.0</ele></trkpt>
      <trkpt lat="47.248344" lon="0.245893"><ele>35.8</ele></trkpt>
      <trkpt lat="47.248596" lon="0.245695"><ele>36.2</ele></trkpt>
      <trkpt lat="47.248789" lon="0.245859"><ele>36.0</ele></trkpt>
      <trkpt lat="47.248932" lon="0.246207"><ele>36.5</ele></trkpt>
      <trkpt lat="47.249207" lon="0.246818"><ele>36.0</ele></trkpt>
      <trkpt lat="47.249833" lon="0.248012"><ele>35.5</ele></trkpt>
      <trkpt lat="47.251182" lon="0.250290"><ele>36.2</ele></trkpt>
      <trkpt lat="47.252220" lon="0.252145"><ele>36.5</ele></trkpt>
      <trkpt lat="47.253229" lon="0.254067"><ele>36.0</ele></trkpt>
      <trkpt lat="47.253849" lon="0.255375"><ele>36.0</ele></trkpt>
      <trkpt lat="47.254474" lon="0.256800"><ele>36.5</ele></trkpt>
      <trkpt lat="47.255327" lon="0.259135"><ele>36.8</ele></trkpt>
      <trkpt lat="47.255615" lon="0.260095"><ele>36.0</ele></trkpt>
      <trkpt lat="47.255892" lon="0.261075"><ele>36.8</ele></trkpt>
      <trkpt lat="47.256616" lon="0.264064"><ele>36.0</ele></trkpt>
      <trkpt lat="47.256690" lon="0.264446"><ele>37.5</ele></trkpt>
      <trkpt lat="47.256751" lon="0.264617"><ele>35.8</ele></trkpt>
      <trkpt lat="47.256837" lon="0.264798"><ele>35.8</ele></trkpt>
      <trkpt lat="47.257842" lon="0.266547"><ele>36.5</ele></trkpt>
      <trkpt lat="47.257949" lon="0.266811"><ele>36.2</ele></trkpt>
      <trkpt lat="47.258098" lon="0.267214"><ele>37.5</ele></trkpt>
      <trkpt lat="47.258387" lon="0.268095"><ele>36.5</ele></trkpt>
      <trkpt lat="47.258761" lon="0.269195"><ele>34.5</ele></trkpt>
      <trkpt lat="47.259275" lon="0.270815"><ele>35.5</ele></trkpt>
      <trkpt lat="47.259350" lon="0.271090"><ele>35.8</ele></trkpt>
      <trkpt lat="47.259455" lon="0.271737"><ele>37.5</ele></trkpt>
      <trkpt lat="47.259606" lon="0.272435"><ele>35.8</ele></trkpt>
      <trkpt lat="47.259652" lon="0.272830"><ele>36.5</ele></trkpt>
      <trkpt lat="47.259669" lon="0.273193"><ele>37.0</ele></trkpt>
      <trkpt lat="47.259725" lon="0.273919"><ele>37.8</ele></trkpt>
      <trkpt lat="47.259772" lon="0.274409"><ele>37.5</ele></trkpt>
      <trkpt lat="47.259817" lon="0.274668"><ele>36.8</ele></trkpt>
      <trkpt lat="47.259862" lon="0.274905"><ele>36.0</ele></trkpt>
      <trkpt lat="47.259885" lon="0.275090"><ele>36.2</ele></trkpt>
      <trkpt lat="47.260101" lon="0.276809"><ele>36.2</ele></trkpt>
      <trkpt lat="47.260276" lon="0.277968"><ele>38.8</ele></trkpt>
      <trkpt lat="47.260306" lon="0.278531"><ele>37.5</ele></trkpt>
      <trkpt lat="47.260339" lon="0.279430"><ele>36.8</ele></trkpt>
      <trkpt lat="47.260341" lon="0.279985"><ele>36.5</ele></trkpt>
      <trkpt lat="47.260272" lon="0.281071"><ele>38.8</ele></trkpt>
      <trkpt lat="47.260258" lon="0.281571"><ele>38.8</ele></trkpt>
      <trkpt lat="47.260230" lon="0.281600"><ele>38.2</ele></trkpt>
      <trkpt lat="47.260164" lon="0.281802"><ele>37.8</ele></trkpt>
      <trkpt lat="47.260123" lon="0.281899"><ele>37.2</ele></trkpt>
      <trkpt lat="47.260047" lon="0.282005"><ele>36.2</ele></trkpt>
      <trkpt lat="47.259917" lon="0.282136"><ele>36.0</ele></trkpt>
      <trkpt lat="47.259548" lon="0.282363"><ele>36.2</ele></trkpt>
      <trkpt lat="47.259386" lon="0.282429"><ele>36.2</ele></trkpt>
      <trkpt lat="47.259220" lon="0.282459"><ele>36.8</ele></trkpt>
      <trkpt lat="47.259095" lon="0.282543"><ele>36.5</ele></trkpt>
      <trkpt lat="47.258942" lon="0.282632"><ele>35.5</ele></trkpt>
      <trkpt lat="47.258848" lon="0.282700"><ele>35.0</ele></trkpt>
      <trkpt lat="47.258890" lon="0.282796"><ele>35.0</ele></trkpt>
      <trkpt lat="47.259074" lon="0.283141"><ele>35.5</ele></trkpt>
      <trkpt lat="47.259168" lon="0.283265"><ele>36.0</ele></trkpt>
      <trkpt lat="47.259366" lon="0.283420"><ele>36.5</ele></trkpt>
      <trkpt lat="47.259460" lon="0.283537"><ele>36.8</ele></trkpt>
      <trkpt lat="47.259590" lon="0.283910"><ele>36.2</ele></trkpt>
      <trkpt lat="47.259680" lon="0.284294"><ele>36.8</ele></trkpt>
      <trkpt lat="47.259812" lon="0.285069"><ele>36.2</ele></trkpt>
      <trkpt lat="47.259960" lon="0.285644"><ele>36.5</ele></trkpt>
      <trkpt lat="47.259979" lon="0.285818"><ele>36.0</ele></trkpt>
      <trkpt lat="47.259972" lon="0.286328"><ele>35.8</ele></trkpt>
      <trkpt lat="47.259990" lon="0.286801"><ele>36.0</ele></trkpt>
      <trkpt lat="47.260062" lon="0.287528"><ele>36.2</ele></trkpt>
      <trkpt lat="47.260181" lon="0.287824"><ele>35.0</ele></trkpt>
      <trkpt lat="47.260227" lon="0.287962"><ele>35.5</ele></trkpt>
      <trkpt lat="47.260250" lon="0.288010"><ele>35.8</ele></trkpt>
      <trkpt lat="47.260265" lon="0.288045"><ele>35.8</ele></trkpt>
      <trkpt lat="47.260423" lon="0.288410"><ele>35.8</ele></trkpt>
      <trkpt lat="47.260525" lon="0.288601"><ele>36.8</ele></trkpt>
      <trkpt lat="47.260573" lon="0.288665"><ele>36.8</ele></trkpt>
      <trkpt lat="47.260685" lon="0.288749"><ele>36.2</ele></trkpt>
      <trkpt lat="47.260790" lon="0.288840"><ele>36.0</ele></trkpt>
      <trkpt lat="47.260881" lon="0.288986"><ele>35.8</ele></trkpt>
      <trkpt lat="47.260937" lon="0.289164"><ele>35.5</ele></trkpt>
      <trkpt lat="47.260967" lon="0.289332"><ele>35.5</ele></trkpt>
      <trkpt lat="47.260971" lon="0.289517"><ele>35.5</ele></trkpt>
      <trkpt lat="47.260988" lon="0.290150"><ele>36.0</ele></trkpt>
      <trkpt lat="47.260973" lon="0.290538"><ele>36.0</ele></trkpt>
      <trkpt lat="47.260987" lon="0.290734"><ele>36.0</ele></trkpt>
      <trkpt lat="47.261013" lon="0.290817"><ele>36.0</ele></trkpt>
      <trkpt lat="47.261060" lon="0.291009"><ele>36.0</ele></trkpt>
      <trkpt lat="47.261188" lon="0.291706"><ele>36.0</ele></trkpt>
      <trkpt lat="47.261269" lon="0.292010"><ele>36.0</ele></trkpt>
      <trkpt lat="47.261465" lon="0.292641"><ele>36.0</ele></trkpt>
      <trkpt lat="47.261606" lon="0.293151"><ele>36.0</ele></trkpt>
      <trkpt lat="47.261721" lon="0.293433"><ele>36.0</ele></trkpt>
      <trkpt lat="47.261964" lon="0.293813"><ele>36.0</ele></trkpt>
      <trkpt lat="47.262008" lon="0.293928"><ele>36.0</ele></trkpt>
      <trkpt lat="47.262028" lon="0.294068"><ele>36.0</ele></trkpt>
      <trkpt lat="47.262018" lon="0.295422"><ele>36.0</ele></trkpt>
      <trkpt lat="47.262004" lon="0.295567"><ele>36.0</ele></trkpt>
      <trkpt lat="47.261990" lon="0.295709"><ele>36.0</ele></trkpt>
      <trkpt lat="47.261985" lon="0.295915"><ele>36.0</ele></trkpt>
      <trkpt lat="47.262009" lon="0.296051"><ele>36.0</ele></trkpt>
      <trkpt lat="47.262043" lon="0.296195"><ele>36.0</ele></trkpt>
      <trkpt lat="47.262139" lon="0.296506"><ele>36.0</ele></trkpt>
      <trkpt lat="47.262174" lon="0.296656"><ele>36.0</ele></trkpt>
      <trkpt lat="47.262194" lon="0.296798"><ele>36.0</ele></trkpt>
      <trkpt lat="47.262194" lon="0.297008"><ele>36.0</ele></trkpt>
      <trkpt lat="47.262137" lon="0.297508"><ele>36.0</ele></trkpt>
      <trkpt lat="47.262121" lon="0.297735"><ele>36.0</ele></trkpt>
      <trkpt lat="47.262115" lon="0.297968"><ele>36.0</ele></trkpt>
      <trkpt lat="47.262134" lon="0.298191"><ele>36.0</ele></trkpt>
      <trkpt lat="47.262173" lon="0.298399"><ele>35.8</ele></trkpt>
      <trkpt lat="47.262220" lon="0.298562"><ele>35.8</ele></trkpt>
      <trkpt lat="47.262293" lon="0.298740"><ele>35.5</ele></trkpt>
      <trkpt lat="47.262635" lon="0.299447"><ele>36.0</ele></trkpt>
      <trkpt lat="47.262780" lon="0.299870"><ele>36.0</ele></trkpt>
      <trkpt lat="47.262862" lon="0.300254"><ele>36.0</ele></trkpt>
      <trkpt lat="47.262866" lon="0.300870"><ele>36.0</ele></trkpt>
      <trkpt lat="47.262896" lon="0.301085"><ele>36.0</ele></trkpt>
      <trkpt lat="47.262962" lon="0.301404"><ele>36.0</ele></trkpt>
      <trkpt lat="47.263134" lon="0.301935"><ele>36.0</ele></trkpt>
      <trkpt lat="47.263779" lon="0.303694"><ele>36.0</ele></trkpt>
      <trkpt lat="47.264616" lon="0.305173"><ele>36.0</ele></trkpt>
      <trkpt lat="47.264838" lon="0.305969"><ele>36.2</ele></trkpt>
      <trkpt lat="47.265614" lon="0.308131"><ele>36.0</ele></trkpt>
      <trkpt lat="47.265885" lon="0.308668"><ele>36.0</ele></trkpt>
      <trkpt lat="47.266024" lon="0.309147"><ele>36.2</ele></trkpt>
      <trkpt lat="47.265927" lon="0.309204"><ele>36.2</ele></trkpt>
      <trkpt lat="47.266420" lon="0.310537"><ele>36.0</ele></trkpt>
      <trkpt lat="47.266933" lon="0.312091"><ele>36.0</ele></trkpt>
      <trkpt lat="47.266942" lon="0.312260"><ele>36.0</ele></trkpt>
      <trkpt lat="47.266928" lon="0.312343"><ele>36.0</ele></trkpt>
      <trkpt lat="47.266849" lon="0.312638"><ele>36.0</ele></trkpt>
      <trkpt lat="47.266831" lon="0.312766"><ele>36.0</ele></trkpt>
      <trkpt lat="47.266833" lon="0.312914"><ele>36.0</ele></trkpt>
      <trkpt lat="47.266842" lon="0.313049"><ele>36.0</ele></trkpt>
      <trkpt lat="47.266863" lon="0.313185"><ele>36.0</ele></trkpt>
      <trkpt lat="47.266904" lon="0.313346"><ele>36.0</ele></trkpt>
      <trkpt lat="47.267069" lon="0.313737"><ele>36.0</ele></trkpt>
      <trkpt lat="47.267801" lon="0.315194"><ele>36.0</ele></trkpt>
      <trkpt lat="47.270047" lon="0.319783"><ele>37.0</ele></trkpt>
      <trkpt lat="47.269798" lon="0.320326"><ele>37.0</ele></trkpt>
      <trkpt lat="47.269570" lon="0.320754"><ele>37.0</ele></trkpt>
      <trkpt lat="47.269565" lon="0.320804"><ele>37.0</ele></trkpt>
      <trkpt lat="47.269573" lon="0.320894"><ele>36.8</ele></trkpt>
      <trkpt lat="47.269621" lon="0.321317"><ele>36.5</ele></trkpt>
      <trkpt lat="47.269710" lon="0.321563"><ele>36.8</ele></trkpt>
      <trkpt lat="47.269935" lon="0.321971"><ele>36.8</ele></trkpt>
      <trkpt lat="47.270283" lon="0.322470"><ele>37.0</ele></trkpt>
      <trkpt lat="47.270553" lon="0.322716"><ele>37.0</ele></trkpt>
      <trkpt lat="47.270684" lon="0.322826"><ele>36.8</ele></trkpt>
      <trkpt lat="47.270575" lon="0.323111"><ele>36.0</ele></trkpt>
      <trkpt lat="47.270541" lon="0.323201"><ele>36.5</ele></trkpt>
      <trkpt lat="47.270545" lon="0.323266"><ele>36.8</ele></trkpt>
      <trkpt lat="47.270866" lon="0.324257"><ele>36.8</ele></trkpt>
      <trkpt lat="47.270988" lon="0.324564"><ele>36.5</ele></trkpt>
      <trkpt lat="47.271300" lon="0.325303"><ele>37.2</ele></trkpt>
      <trkpt lat="47.271342" lon="0.325403"><ele>37.2</ele></trkpt>
      <trkpt lat="47.271550" lon="0.325985"><ele>37.2</ele></trkpt>
      <trkpt lat="47.271597" lon="0.326027"><ele>37.5</ele></trkpt>
      <trkpt lat="47.271728" lon="0.326502"><ele>37.2</ele></trkpt>
      <trkpt lat="47.271803" lon="0.326865"><ele>36.5</ele></trkpt>
      <trkpt lat="47.271906" lon="0.327464"><ele>37.5</ele></trkpt>
      <trkpt lat="47.271958" lon="0.327696"><ele>37.8</ele></trkpt>
      <trkpt lat="47.272040" lon="0.327957"><ele>36.8</ele></trkpt>
      <trkpt lat="47.272122" lon="0.328178"><ele>36.8</ele></trkpt>
      <trkpt lat="47.272214" lon="0.328383"><ele>37.8</ele></trkpt>
      <trkpt lat="47.272431" lon="0.328826"><ele>37.2</ele></trkpt>
      <trkpt lat="47.272615" lon="0.329129"><ele>36.5</ele></trkpt>
      <trkpt lat="47.272709" lon="0.329300"><ele>36.8</ele></trkpt>
      <trkpt lat="47.272898" lon="0.329619"><ele>37.0</ele></trkpt>
      <trkpt lat="47.272984" lon="0.329816"><ele>37.2</ele></trkpt>
      <trkpt lat="47.273007" lon="0.329990"><ele>37.5</ele></trkpt>
      <trkpt lat="47.273010" lon="0.330322"><ele>37.5</ele></trkpt>
      <trkpt lat="47.273000" lon="0.330470"><ele>37.5</ele></trkpt>
      <trkpt lat="47.273016" lon="0.330769"><ele>37.5</ele></trkpt>
      <trkpt lat="47.273061" lon="0.331232"><ele>38.8</ele></trkpt>
      <trkpt lat="47.273173" lon="0.331771"><ele>37.0</ele></trkpt>
      <trkpt lat="47.273255" lon="0.332085"><ele>37.2</ele></trkpt>
      <trkpt lat="47.273577" lon="0.332972"><ele>37.5</ele></trkpt>
      <trkpt lat="47.273664" lon="0.333265"><ele>37.8</ele></trkpt>
      <trkpt lat="47.273693" lon="0.333561"><ele>37.5</ele></trkpt>
      <trkpt lat="47.273687" lon="0.333750"><ele>37.5</ele></trkpt>
      <trkpt lat="47.273595" lon="0.334554"><ele>38.2</ele></trkpt>
      <trkpt lat="47.273559" lon="0.334998"><ele>38.5</ele></trkpt>
      <trkpt lat="47.273465" lon="0.336119"><ele>37.0</ele></trkpt>
      <trkpt lat="47.273415" lon="0.336888"><ele>37.5</ele></trkpt>
      <trkpt lat="47.273446" lon="0.337063"><ele>37.5</ele></trkpt>
      <trkpt lat="47.273454" lon="0.337207"><ele>37.5</ele></trkpt>
      <trkpt lat="47.273463" lon="0.337351"><ele>37.8</ele></trkpt>
      <trkpt lat="47.273700" lon="0.337901"><ele>36.2</ele></trkpt>
      <trkpt lat="47.273878" lon="0.338285"><ele>36.8</ele></trkpt>
      <trkpt lat="47.274199" lon="0.338896"><ele>36.8</ele></trkpt>
      <trkpt lat="47.274598" lon="0.339502"><ele>35.8</ele></trkpt>
      <trkpt lat="47.274820" lon="0.339761"><ele>35.5</ele></trkpt>
      <trkpt lat="47.274998" lon="0.339860"><ele>35.8</ele></trkpt>
      <trkpt lat="47.275097" lon="0.339863"><ele>35.8</ele></trkpt>
      <trkpt lat="47.275276" lon="0.339800"><ele>36.0</ele></trkpt>
      <trkpt lat="47.275368" lon="0.339803"><ele>36.2</ele></trkpt>
      <trkpt lat="47.275488" lon="0.340034"><ele>35.2</ele></trkpt>
      <trkpt lat="47.275706" lon="0.340670"><ele>35.2</ele></trkpt>
      <trkpt lat="47.275938" lon="0.341394"><ele>35.5</ele></trkpt>
      <trkpt lat="47.276044" lon="0.341770"><ele>36.2</ele></trkpt>
      <trkpt lat="47.276178" lon="0.342017"><ele>35.8</ele></trkpt>
      <trkpt lat="47.276334" lon="0.342186"><ele>36.2</ele></trkpt>
      <trkpt lat="47.276380" lon="0.342237"><ele>36.8</ele></trkpt>
      <trkpt lat="47.276701" lon="0.342873"><ele>36.5</ele></trkpt>
      <trkpt lat="47.276852" lon="0.343301"><ele>36.0</ele></trkpt>
      <trkpt lat="47.276993" lon="0.343631"><ele>36.8</ele></trkpt>
      <trkpt lat="47.277259" lon="0.344004"><ele>35.8</ele></trkpt>
      <trkpt lat="47.277433" lon="0.344320"><ele>36.2</ele></trkpt>
      <trkpt lat="47.277546" lon="0.344638"><ele>35.8</ele></trkpt>
      <trkpt lat="47.277677" lon="0.344822"><ele>35.8</ele></trkpt>
      <trkpt lat="47.277734" lon="0.344940"><ele>35.8</ele></trkpt>
      <trkpt lat="47.277923" lon="0.345058"><ele>36.2</ele></trkpt>
      <trkpt lat="47.278906" lon="0.345487"><ele>37.0</ele></trkpt>
      <trkpt lat="47.279240" lon="0.345543"><ele>37.5</ele></trkpt>
      <trkpt lat="47.279925" lon="0.345658"><ele>36.5</ele></trkpt>
      <trkpt lat="47.280209" lon="0.345798"><ele>36.8</ele></trkpt>
      <trkpt lat="47.280449" lon="0.346018"><ele>36.5</ele></trkpt>
      <trkpt lat="47.280631" lon="0.346249"><ele>36.5</ele></trkpt>
      <trkpt lat="47.280809" lon="0.346587"><ele>37.5</ele></trkpt>
      <trkpt lat="47.281157" lon="0.347620"><ele>37.0</ele></trkpt>
      <trkpt lat="47.281275" lon="0.348008"><ele>36.5</ele></trkpt>
      <trkpt lat="47.281406" lon="0.348480"><ele>37.0</ele></trkpt>
      <trkpt lat="47.281473" lon="0.348561"><ele>37.0</ele></trkpt>
      <trkpt lat="47.281539" lon="0.348589"><ele>37.2</ele></trkpt>
      <trkpt lat="47.281649" lon="0.348540"><ele>37.5</ele></trkpt>
      <trkpt lat="47.281833" lon="0.348437"><ele>37.0</ele></trkpt>
      <trkpt lat="47.282020" lon="0.348446"><ele>37.0</ele></trkpt>
      <trkpt lat="47.282126" lon="0.348470"><ele>37.2</ele></trkpt>
      <trkpt lat="47.282306" lon="0.348432"><ele>37.2</ele></trkpt>
      <trkpt lat="47.282371" lon="0.348416"><ele>37.0</ele></trkpt>
      <trkpt lat="47.282420" lon="0.348434"><ele>36.8</ele></trkpt>
      <trkpt lat="47.282512" lon="0.348469"><ele>36.5</ele></trkpt>
      <trkpt lat="47.283048" lon="0.348915"><ele>36.8</ele></trkpt>
      <trkpt lat="47.283324" lon="0.349081"><ele>36.5</ele></trkpt>
      <trkpt lat="47.283410" lon="0.349182"><ele>36.5</ele></trkpt>
      <trkpt lat="47.283481" lon="0.349312"><ele>36.5</ele></trkpt>
      <trkpt lat="47.283579" lon="0.349682"><ele>36.8</ele></trkpt>
      <trkpt lat="47.283620" lon="0.349979"><ele>36.8</ele></trkpt>
      <trkpt lat="47.283642" lon="0.350289"><ele>37.8</ele></trkpt>
      <trkpt lat="47.283642" lon="0.350440"><ele>37.8</ele></trkpt>
      <trkpt lat="47.283622" lon="0.350594"><ele>37.8</ele></trkpt>
      <trkpt lat="47.283580" lon="0.350763"><ele>37.8</ele></trkpt>
      <trkpt lat="47.283491" lon="0.351200"><ele>37.0</ele></trkpt>
      <trkpt lat="47.283500" lon="0.351336"><ele>37.0</ele></trkpt>
      <trkpt lat="47.283521" lon="0.351473"><ele>37.2</ele></trkpt>
      <trkpt lat="47.283565" lon="0.351667"><ele>37.5</ele></trkpt>
      <trkpt lat="47.283640" lon="0.351722"><ele>37.5</ele></trkpt>
      <trkpt lat="47.283700" lon="0.351859"><ele>36.5</ele></trkpt>
      <trkpt lat="47.283758" lon="0.352108"><ele>36.5</ele></trkpt>
      <trkpt lat="47.283794" lon="0.352377"><ele>36.2</ele></trkpt>
      <trkpt lat="47.283911" lon="0.352787"><ele>36.8</ele></trkpt>
      <trkpt lat="47.284022" lon="0.353144"><ele>36.2</ele></trkpt>
      <trkpt lat="47.284255" lon="0.354218"><ele>36.8</ele></trkpt>
      <trkpt lat="47.284388" lon="0.354589"><ele>36.8</ele></trkpt>
      <trkpt lat="47.284519" lon="0.354998"><ele>37.0</ele></trkpt>
      <trkpt lat="47.284833" lon="0.356160"><ele>36.2</ele></trkpt>
      <trkpt lat="47.284975" lon="0.356649"><ele>36.8</ele></trkpt>
      <trkpt lat="47.285179" lon="0.357117"><ele>36.5</ele></trkpt>
      <trkpt lat="47.285328" lon="0.357477"><ele>36.0</ele></trkpt>
      <trkpt lat="47.285547" lon="0.358115"><ele>37.0</ele></trkpt>
      <trkpt lat="47.285754" lon="0.358963"><ele>36.8</ele></trkpt>
      <trkpt lat="47.285798" lon="0.359531"><ele>37.0</ele></trkpt>
      <trkpt lat="47.285790" lon="0.359880"><ele>37.5</ele></trkpt>
      <trkpt lat="47.285809" lon="0.360095"><ele>37.5</ele></trkpt>
      <trkpt lat="47.285856" lon="0.360190"><ele>37.2</ele></trkpt>
      <trkpt lat="47.285896" lon="0.360272"><ele>37.0</ele></trkpt>
      <trkpt lat="47.286242" lon="0.360642"><ele>36.5</ele></trkpt>
      <trkpt lat="47.286787" lon="0.361288"><ele>36.2</ele></trkpt>
      <trkpt lat="47.287371" lon="0.361987"><ele>36.8</ele></trkpt>
      <trkpt lat="47.287484" lon="0.362196"><ele>36.8</ele></trkpt>
      <trkpt lat="47.287599" lon="0.362523"><ele>36.8</ele></trkpt>
      <trkpt lat="47.287686" lon="0.362920"><ele>36.8</ele></trkpt>
      <trkpt lat="47.287854" lon="0.363870"><ele>37.0</ele></trkpt>
      <trkpt lat="47.287923" lon="0.364178"><ele>36.5</ele></trkpt>
      <trkpt lat="47.287996" lon="0.364379"><ele>36.8</ele></trkpt>
      <trkpt lat="47.288117" lon="0.364666"><ele>36.2</ele></trkpt>
      <trkpt lat="47.288176" lon="0.364844"><ele>36.2</ele></trkpt>
      <trkpt lat="47.288207" lon="0.365069"><ele>36.8</ele></trkpt>
      <trkpt lat="47.288200" lon="0.365129"><ele>36.8</ele></trkpt>
      <trkpt lat="47.287981" lon="0.365251"><ele>37.5</ele></trkpt>
      <trkpt lat="47.287892" lon="0.365305"><ele>37.2</ele></trkpt>
      <trkpt lat="47.286805" lon="0.365905"><ele>37.5</ele></trkpt>
      <trkpt lat="47.286230" lon="0.366228"><ele>37.8</ele></trkpt>
      <trkpt lat="47.286211" lon="0.366314"><ele>37.5</ele></trkpt>
      <trkpt lat="47.286187" lon="0.366373"><ele>37.5</ele></trkpt>
      <trkpt lat="47.286157" lon="0.366408"><ele>37.8</ele></trkpt>
      <trkpt lat="47.286102" lon="0.366500"><ele>37.8</ele></trkpt>
      <trkpt lat="47.286070" lon="0.366590"><ele>37.8</ele></trkpt>
      <trkpt lat="47.286056" lon="0.366664"><ele>37.8</ele></trkpt>
      <trkpt lat="47.286059" lon="0.366776"><ele>37.5</ele></trkpt>
      <trkpt lat="47.286097" lon="0.366893"><ele>37.8</ele></trkpt>
      <trkpt lat="47.286158" lon="0.367010"><ele>37.5</ele></trkpt>
      <trkpt lat="47.286235" lon="0.367127"><ele>37.2</ele></trkpt>
      <trkpt lat="47.286708" lon="0.367738"><ele>36.2</ele></trkpt>
      <trkpt lat="47.287116" lon="0.368683"><ele>36.2</ele></trkpt>
      <trkpt lat="47.287334" lon="0.369262"><ele>36.8</ele></trkpt>
      <trkpt lat="47.287494" lon="0.370399"><ele>37.5</ele></trkpt>
      <trkpt lat="47.287778" lon="0.371494"><ele>37.5</ele></trkpt>
      <trkpt lat="47.288184" lon="0.373611"><ele>37.8</ele></trkpt>
      <trkpt lat="47.288594" lon="0.373616"><ele>38.0</ele></trkpt>
      <trkpt lat="47.289888" lon="0.373597"><ele>37.5</ele></trkpt>
      <trkpt lat="47.290485" lon="0.373608"><ele>38.5</ele></trkpt>
      <trkpt lat="47.290624" lon="0.373605"><ele>38.8</ele></trkpt>
      <trkpt lat="47.290882" lon="0.373565"><ele>38.2</ele></trkpt>
      <trkpt lat="47.290907" lon="0.374197"><ele>37.2</ele></trkpt>
      <trkpt lat="47.290955" lon="0.374701"><ele>36.5</ele></trkpt>
      <trkpt lat="47.291024" lon="0.375034"><ele>37.8</ele></trkpt>
      <trkpt lat="47.291544" lon="0.376477"><ele>37.2</ele></trkpt>
      <trkpt lat="47.291984" lon="0.377630"><ele>38.0</ele></trkpt>
      <trkpt lat="47.292347" lon="0.378394"><ele>37.5</ele></trkpt>
      <trkpt lat="47.292465" lon="0.378639"><ele>38.5</ele></trkpt>
      <trkpt lat="47.292607" lon="0.378821"><ele>38.2</ele></trkpt>
      <trkpt lat="47.292727" lon="0.378864"><ele>38.5</ele></trkpt>
      <trkpt lat="47.293054" lon="0.378843"><ele>38.5</ele></trkpt>
      <trkpt lat="47.293258" lon="0.378886"><ele>39.5</ele></trkpt>
      <trkpt lat="47.293407" lon="0.379020"><ele>38.8</ele></trkpt>
      <trkpt lat="47.293665" lon="0.379315"><ele>38.0</ele></trkpt>
      <trkpt lat="47.293738" lon="0.379508"><ele>37.2</ele></trkpt>
      <trkpt lat="47.293807" lon="0.379916"><ele>37.5</ele></trkpt>
      <trkpt lat="47.294207" lon="0.381840"><ele>38.5</ele></trkpt>
      <trkpt lat="47.294240" lon="0.381886"><ele>38.2</ele></trkpt>
      <trkpt lat="47.294235" lon="0.381930"><ele>38.5</ele></trkpt>
      <trkpt lat="47.294237" lon="0.382080"><ele>38.2</ele></trkpt>
      <trkpt lat="47.294262" lon="0.382277"><ele>38.0</ele></trkpt>
      <trkpt lat="47.294411" lon="0.383070"><ele>39.5</ele></trkpt>
      <trkpt lat="47.294564" lon="0.383744"><ele>37.8</ele></trkpt>
      <trkpt lat="47.294567" lon="0.383786"><ele>37.8</ele></trkpt>
      <trkpt lat="47.294571" lon="0.383843"><ele>37.8</ele></trkpt>
      <trkpt lat="47.294544" lon="0.383934"><ele>38.0</ele></trkpt>
      <trkpt lat="47.294508" lon="0.384006"><ele>38.0</ele></trkpt>
      <trkpt lat="47.294464" lon="0.384055"><ele>38.0</ele></trkpt>
      <trkpt lat="47.294326" lon="0.384173"><ele>37.8</ele></trkpt>
      <trkpt lat="47.294297" lon="0.384219"><ele>37.8</ele></trkpt>
      <trkpt lat="47.294266" lon="0.384313"><ele>37.2</ele></trkpt>
      <trkpt lat="47.294266" lon="0.384447"><ele>37.0</ele></trkpt>
      <trkpt lat="47.294294" lon="0.384563"><ele>37.0</ele></trkpt>
      <trkpt lat="47.294411" lon="0.384900"><ele>37.5</ele></trkpt>
      <trkpt lat="47.294620" lon="0.385565"><ele>37.5</ele></trkpt>
      <trkpt lat="47.294724" lon="0.385978"><ele>37.5</ele></trkpt>
      <trkpt lat="47.294751" lon="0.386159"><ele>37.8</ele></trkpt>
      <trkpt lat="47.294749" lon="0.386262"><ele>37.8</ele></trkpt>
      <trkpt lat="47.294733" lon="0.386316"><ele>37.8</ele></trkpt>
      <trkpt lat="47.294694" lon="0.386406"><ele>37.8</ele></trkpt>
      <trkpt lat="47.294643" lon="0.386456"><ele>37.5</ele></trkpt>
      <trkpt lat="47.294388" lon="0.386587"><ele>37.0</ele></trkpt>
      <trkpt lat="47.294328" lon="0.386619"><ele>37.2</ele></trkpt>
      <trkpt lat="47.293918" lon="0.386827"><ele>37.0</ele></trkpt>
      <trkpt lat="47.292949" lon="0.387666"><ele>37.8</ele></trkpt>
      <trkpt lat="47.292808" lon="0.387676"><ele>37.5</ele></trkpt>
      <trkpt lat="47.292727" lon="0.387681"><ele>37.8</ele></trkpt>
      <trkpt lat="47.292592" lon="0.387698"><ele>38.2</ele></trkpt>
      <trkpt lat="47.292543" lon="0.387729"><ele>38.5</ele></trkpt>
      <trkpt lat="47.292480" lon="0.387803"><ele>38.8</ele></trkpt>
      <trkpt lat="47.292577" lon="0.389104"><ele>37.8</ele></trkpt>
      <trkpt lat="47.292895" lon="0.391578"><ele>37.8</ele></trkpt>
      <trkpt lat="47.293587" lon="0.393964"><ele>37.8</ele></trkpt>
      <trkpt lat="47.293815" lon="0.395299"><ele>38.0</ele></trkpt>
      <trkpt lat="47.293906" lon="0.396271"><ele>38.8</ele></trkpt>
      <trkpt lat="47.293986" lon="0.396652"><ele>37.5</ele></trkpt>
      <trkpt lat="47.294172" lon="0.397187"><ele>38.8</ele></trkpt>
      <trkpt lat="47.294398" lon="0.397699"><ele>38.0</ele></trkpt>
      <trkpt lat="47.294519" lon="0.398246"><ele>37.8</ele></trkpt>
      <trkpt lat="47.294556" lon="0.398750"><ele>38.0</ele></trkpt>
      <trkpt lat="47.294562" lon="0.399553"><ele>38.0</ele></trkpt>
      <trkpt lat="47.294151" lon="0.400273"><ele>38.0</ele></trkpt>
      <trkpt lat="47.292672" lon="0.402296"><ele>39.0</ele></trkpt>
      <trkpt lat="47.292647" lon="0.402332"><ele>39.2</ele></trkpt>
      <trkpt lat="47.292618" lon="0.402380"><ele>39.5</ele></trkpt>
      <trkpt lat="47.292545" lon="0.402465"><ele>39.8</ele></trkpt>
      <trkpt lat="47.292387" lon="0.402603"><ele>41.0</ele></trkpt>
      <trkpt lat="47.292280" lon="0.402675"><ele>41.5</ele></trkpt>
      <trkpt lat="47.292237" lon="0.402735"><ele>41.8</ele></trkpt>
      <trkpt lat="47.292105" lon="0.402861"><ele>43.0</ele></trkpt>
      <trkpt lat="47.292131" lon="0.402938"><ele>43.0</ele></trkpt>
      <trkpt lat="47.292152" lon="0.403043"><ele>43.2</ele></trkpt>
      <trkpt lat="47.292173" lon="0.403195"><ele>43.8</ele></trkpt>
      <trkpt lat="47.292162" lon="0.403310"><ele>44.2</ele></trkpt>
      <trkpt lat="47.292134" lon="0.403414"><ele>44.8</ele></trkpt>
      <trkpt lat="47.292149" lon="0.403499"><ele>45.0</ele></trkpt>
      <trkpt lat="47.292196" lon="0.403620"><ele>45.0</ele></trkpt>
      <trkpt lat="47.292427" lon="0.403902"><ele>44.5</ele></trkpt>
      <trkpt lat="47.291712" lon="0.404656"><ele>49.8</ele></trkpt>
      <trkpt lat="47.291617" lon="0.404806"><ele>50.8</ele></trkpt>
      <trkpt lat="47.291605" lon="0.404888"><ele>51.0</ele></trkpt>
      <trkpt lat="47.291582" lon="0.405372"><ele>52.8</ele></trkpt>
      <trkpt lat="47.291512" lon="0.406759"><ele>57.2</ele></trkpt>
      <trkpt lat="47.291451" lon="0.408159"><ele>62.2</ele></trkpt>
      <trkpt lat="47.291426" lon="0.408595"><ele>63.5</ele></trkpt>
      <trkpt lat="47.291375" lon="0.409143"><ele>64.0</ele></trkpt>
      <trkpt lat="47.291301" lon="0.409566"><ele>64.8</ele></trkpt>
      <trkpt lat="47.291213" lon="0.409970"><ele>65.8</ele></trkpt>
      <trkpt lat="47.291146" lon="0.410194"><ele>66.5</ele></trkpt>
      <trkpt lat="47.291047" lon="0.410469"><ele>67.0</ele></trkpt>
      <trkpt lat="47.290829" lon="0.411059"><ele>68.0</ele></trkpt>
      <trkpt lat="47.290667" lon="0.411533"><ele>69.5</ele></trkpt>
      <trkpt lat="47.290369" lon="0.412345"><ele>73.2</ele></trkpt>
      <trkpt lat="47.290266" lon="0.412563"><ele>75.2</ele></trkpt>
      <trkpt lat="47.290095" lon="0.412863"><ele>77.8</ele></trkpt>
      <trkpt lat="47.289974" lon="0.413143"><ele>80.5</ele></trkpt>
      <trkpt lat="47.289643" lon="0.414069"><ele>87.8</ele></trkpt>
      <trkpt lat="47.289436" lon="0.414513"><ele>90.2</ele></trkpt>
      <trkpt lat="47.289349" lon="0.414679"><ele>91.5</ele></trkpt>
      <trkpt lat="47.289240" lon="0.414852"><ele>92.5</ele></trkpt>
      <trkpt lat="47.289134" lon="0.414987"><ele>93.0</ele></trkpt>
      <trkpt lat="47.288671" lon="0.415363"><ele>94.0</ele></trkpt>
      <trkpt lat="47.288408" lon="0.415612"><ele>94.0</ele></trkpt>
      <trkpt lat="47.288274" lon="0.416105"><ele>93.8</ele></trkpt>
      <trkpt lat="47.287815" lon="0.419496"><ele>90.0</ele></trkpt>
      <trkpt lat="47.287814" lon="0.419734"><ele>90.0</ele></trkpt>
      <trkpt lat="47.287878" lon="0.420006"><ele>89.8</ele></trkpt>
      <trkpt lat="47.288208" lon="0.420873"><ele>90.0</ele></trkpt>
      <trkpt lat="47.288459" lon="0.421524"><ele>89.8</ele></trkpt>
      <trkpt lat="47.288672" lon="0.422099"><ele>89.8</ele></trkpt>
      <trkpt lat="47.288682" lon="0.422138"><ele>89.5</ele></trkpt>
      <trkpt lat="47.288707" lon="0.422190"><ele>89.5</ele></trkpt>
      <trkpt lat="47.288735" lon="0.422282"><ele>89.5</ele></trkpt>
      <trkpt lat="47.288848" lon="0.422709"><ele>89.8</ele></trkpt>
      <trkpt lat="47.289030" lon="0.423710"><ele>89.5</ele></trkpt>
      <trkpt lat="47.289052" lon="0.423804"><ele>89.8</ele></trkpt>
      <trkpt lat="47.289176" lon="0.424072"><ele>89.8</ele></trkpt>
      <trkpt lat="47.289268" lon="0.424220"><ele>89.5</ele></trkpt>
      <trkpt lat="47.289453" lon="0.424474"><ele>88.8</ele></trkpt>
      <trkpt lat="47.289599" lon="0.424655"><ele>88.8</ele></trkpt>
      <trkpt lat="47.290029" lon="0.425114"><ele>88.2</ele></trkpt>
      <trkpt lat="47.290196" lon="0.425341"><ele>89.8</ele></trkpt>
      <trkpt lat="47.290301" lon="0.425543"><ele>90.0</ele></trkpt>
      <trkpt lat="47.290342" lon="0.425649"><ele>90.2</ele></trkpt>
      <trkpt lat="47.290380" lon="0.425778"><ele>90.8</ele></trkpt>
      <trkpt lat="47.290485" lon="0.426350"><ele>91.8</ele></trkpt>
      <trkpt lat="47.290477" lon="0.426672"><ele>92.0</ele></trkpt>
      <trkpt lat="47.290466" lon="0.426758"><ele>92.0</ele></trkpt>
      <trkpt lat="47.290443" lon="0.426846"><ele>92.0</ele></trkpt>
      <trkpt lat="47.290414" lon="0.426911"><ele>92.0</ele></trkpt>
      <trkpt lat="47.290367" lon="0.426986"><ele>92.0</ele></trkpt>
      <trkpt lat="47.290196" lon="0.427186"><ele>92.0</ele></trkpt>
      <trkpt lat="47.290143" lon="0.427265"><ele>92.0</ele></trkpt>
      <trkpt lat="47.290061" lon="0.427440"><ele>92.0</ele></trkpt>
      <trkpt lat="47.290030" lon="0.427540"><ele>92.0</ele></trkpt>
      <trkpt lat="47.290014" lon="0.427629"><ele>91.8</ele></trkpt>
      <trkpt lat="47.290009" lon="0.427692"><ele>92.0</ele></trkpt>
      <trkpt lat="47.290016" lon="0.427802"><ele>92.0</ele></trkpt>
      <trkpt lat="47.290033" lon="0.427900"><ele>92.0</ele></trkpt>
      <trkpt lat="47.290075" lon="0.428019"><ele>92.0</ele></trkpt>
      <trkpt lat="47.290511" lon="0.429057"><ele>92.0</ele></trkpt>
      <trkpt lat="47.290663" lon="0.429367"><ele>92.0</ele></trkpt>
      <trkpt lat="47.291077" lon="0.430729"><ele>92.0</ele></trkpt>
      <trkpt lat="47.291875" lon="0.432175"><ele>90.5</ele></trkpt>
      <trkpt lat="47.292073" lon="0.432534"><ele>90.5</ele></trkpt>
      <trkpt lat="47.292632" lon="0.433376"><ele>89.2</ele></trkpt>
      <trkpt lat="47.292693" lon="0.433542"><ele>88.5</ele></trkpt>
      <trkpt lat="47.292705" lon="0.433736"><ele>88.2</ele></trkpt>
      <trkpt lat="47.292590" lon="0.434358"><ele>88.5</ele></trkpt>
      <trkpt lat="47.292308" lon="0.435334"><ele>89.0</ele></trkpt>
      <trkpt lat="47.292150" lon="0.436096"><ele>89.5</ele></trkpt>
      <trkpt lat="47.292915" lon="0.435534"><ele>87.5</ele></trkpt>
      <trkpt lat="47.294050" lon="0.434739"><ele>83.8</ele></trkpt>
      <trkpt lat="47.294569" lon="0.434391"><ele>84.0</ele></trkpt>
      <trkpt lat="47.295248" lon="0.433966"><ele>85.5</ele></trkpt>
      <trkpt lat="47.295918" lon="0.433442"><ele>86.5</ele></trkpt>
      <trkpt lat="47.295998" lon="0.433385"><ele>86.8</ele></trkpt>
      <trkpt lat="47.296577" lon="0.433370"><ele>87.0</ele></trkpt>
      <trkpt lat="47.297531" lon="0.433237"><ele>87.0</ele></trkpt>
      <trkpt lat="47.298079" lon="0.432941"><ele>85.5</ele></trkpt>
      <trkpt lat="47.298213" lon="0.432818"><ele>85.5</ele></trkpt>
      <trkpt lat="47.298525" lon="0.432220"><ele>83.8</ele></trkpt>
      <trkpt lat="47.298610" lon="0.432037"><ele>83.2</ele></trkpt>
      <trkpt lat="47.298837" lon="0.431514"><ele>81.5</ele></trkpt>
      <trkpt lat="47.299035" lon="0.431282"><ele>79.5</ele></trkpt>
      <trkpt lat="47.299311" lon="0.431030"><ele>76.8</ele></trkpt>
      <trkpt lat="47.299545" lon="0.430893"><ele>73.8</ele></trkpt>
      <trkpt lat="47.299811" lon="0.430798"><ele>70.0</ele></trkpt>
      <trkpt lat="47.300198" lon="0.430567"><ele>66.5</ele></trkpt>
      <trkpt lat="47.300444" lon="0.430365"><ele>64.2</ele></trkpt>
      <trkpt lat="47.300583" lon="0.430212"><ele>62.8</ele></trkpt>
      <trkpt lat="47.300698" lon="0.430001"><ele>61.2</ele></trkpt>
      <trkpt lat="47.301084" lon="0.429526"><ele>57.2</ele></trkpt>
      <trkpt lat="47.301355" lon="0.429015"><ele>55.5</ele></trkpt>
      <trkpt lat="47.301437" lon="0.428921"><ele>54.8</ele></trkpt>
      <trkpt lat="47.301465" lon="0.428863"><ele>54.5</ele></trkpt>
      <trkpt lat="47.301514" lon="0.428812"><ele>54.2</ele></trkpt>
      <trkpt lat="47.302086" lon="0.428288"><ele>50.2</ele></trkpt>
      <trkpt lat="47.302542" lon="0.427870"><ele>47.0</ele></trkpt>
      <trkpt lat="47.303053" lon="0.427378"><ele>42.5</ele></trkpt>
      <trkpt lat="47.303454" lon="0.426995"><ele>39.5</ele></trkpt>
      <trkpt lat="47.304258" lon="0.426385"><ele>39.0</ele></trkpt>
      <trkpt lat="47.304852" lon="0.426099"><ele>39.0</ele></trkpt>
      <trkpt lat="47.305146" lon="0.425705"><ele>39.0</ele></trkpt>
      <trkpt lat="47.305596" lon="0.424917"><ele>39.2</ele></trkpt>
      <trkpt lat="47.307190" lon="0.426317"><ele>39.2</ele></trkpt>
      <trkpt lat="47.307278" lon="0.426422"><ele>39.5</ele></trkpt>
      <trkpt lat="47.307376" lon="0.426411"><ele>38.8</ele></trkpt>
      <trkpt lat="47.307488" lon="0.426384"><ele>38.0</ele></trkpt>
      <trkpt lat="47.307636" lon="0.426312"><ele>37.8</ele></trkpt>
      <trkpt lat="47.307628" lon="0.425818"><ele>37.2</ele></trkpt>
      <trkpt lat="47.307621" lon="0.425686"><ele>37.5</ele></trkpt>
      <trkpt lat="47.307595" lon="0.425316"><ele>38.0</ele></trkpt>
      <trkpt lat="47.307597" lon="0.425120"><ele>38.5</ele></trkpt>
      <trkpt lat="47.307613" lon="0.424960"><ele>39.0</ele></trkpt>
      <trkpt lat="47.307923" lon="0.423133"><ele>39.5</ele></trkpt>
      <trkpt lat="47.307970" lon="0.422890"><ele>39.2</ele></trkpt>
      <trkpt lat="47.308056" lon="0.422652"><ele>39.0</ele></trkpt>
      <trkpt lat="47.308243" lon="0.422244"><ele>39.0</ele></trkpt>
      <trkpt lat="47.308357" lon="0.421977"><ele>39.8</ele></trkpt>
      <trkpt lat="47.308436" lon="0.421737"><ele>39.2</ele></trkpt>
      <trkpt lat="47.308536" lon="0.421348"><ele>38.5</ele></trkpt>
      <trkpt lat="47.309174" lon="0.421304"><ele>39.0</ele></trkpt>
      <trkpt lat="47.309688" lon="0.421095"><ele>39.0</ele></trkpt>
      <trkpt lat="47.311258" lon="0.420556"><ele>38.5</ele></trkpt>
      <trkpt lat="47.311563" lon="0.420588"><ele>38.8</ele></trkpt>
      <trkpt lat="47.311777" lon="0.420591"><ele>39.0</ele></trkpt>
      <trkpt lat="47.311960" lon="0.420643"><ele>39.0</ele></trkpt>
      <trkpt lat="47.312280" lon="0.420674"><ele>40.0</ele></trkpt>
      <trkpt lat="47.312440" lon="0.420607"><ele>40.0</ele></trkpt>
      <trkpt lat="47.312663" lon="0.420535"><ele>40.0</ele></trkpt>
      <trkpt lat="47.313276" lon="0.420154"><ele>40.0</ele></trkpt>
      <trkpt lat="47.313631" lon="0.419855"><ele>39.8</ele></trkpt>
      <trkpt lat="47.314103" lon="0.419521"><ele>39.5</ele></trkpt>
      <trkpt lat="47.314330" lon="0.419410"><ele>39.8</ele></trkpt>
      <trkpt lat="47.314981" lon="0.419011"><ele>40.0</ele></trkpt>
      <trkpt lat="47.315399" lon="0.418812"><ele>40.0</ele></trkpt>
      <trkpt lat="47.315750" lon="0.418713"><ele>40.0</ele></trkpt>
      <trkpt lat="47.316169" lon="0.418573"><ele>40.0</ele></trkpt>
      <trkpt lat="47.316679" lon="0.418448"><ele>40.0</ele></trkpt>
      <trkpt lat="47.317053" lon="0.418388"><ele>40.0</ele></trkpt>
      <trkpt lat="47.317719" lon="0.418335"><ele>40.8</ele></trkpt>
      <trkpt lat="47.317767" lon="0.418345"><ele>40.8</ele></trkpt>
      <trkpt lat="47.317862" lon="0.418432"><ele>41.0</ele></trkpt>
      <trkpt lat="47.318032" lon="0.418777"><ele>42.0</ele></trkpt>
      <trkpt lat="47.318090" lon="0.418782"><ele>41.8</ele></trkpt>
      <trkpt lat="47.318100" lon="0.418551"><ele>42.0</ele></trkpt>
      <trkpt lat="47.317990" lon="0.417937"><ele>40.5</ele></trkpt>
      <trkpt lat="47.318008" lon="0.417871"><ele>40.2</ele></trkpt>
      <trkpt lat="47.317755" lon="0.417135"><ele>40.0</ele></trkpt>
      <trkpt lat="47.317622" lon="0.416625"><ele>41.2</ele></trkpt>
      <trkpt lat="47.317304" lon="0.415835"><ele>41.2</ele></trkpt>
      <trkpt lat="47.317072" lon="0.415240"><ele>41.8</ele></trkpt>
      <trkpt lat="47.316978" lon="0.414935"><ele>40.2</ele></trkpt>
      <trkpt lat="47.316906" lon="0.414664"><ele>39.2</ele></trkpt>
      <trkpt lat="47.316188" lon="0.412666"><ele>40.5</ele></trkpt>
      <trkpt lat="47.315988" lon="0.412063"><ele>40.5</ele></trkpt>
      <trkpt lat="47.315686" lon="0.410893"><ele>40.8</ele></trkpt>
      <trkpt lat="47.315590" lon="0.410312"><ele>39.0</ele></trkpt>
      <trkpt lat="47.315524" lon="0.409657"><ele>39.2</ele></trkpt>
      <trkpt lat="47.315449" lon="0.409391"><ele>40.5</ele></trkpt>
      <trkpt lat="47.315351" lon="0.409150"><ele>41.8</ele></trkpt>
      <trkpt lat="47.315231" lon="0.408929"><ele>41.5</ele></trkpt>
      <trkpt lat="47.315136" lon="0.408848"><ele>40.2</ele></trkpt>
      <trkpt lat="47.314981" lon="0.408321"><ele>42.5</ele></trkpt>
      <trkpt lat="47.314966" lon="0.408243"><ele>42.5</ele></trkpt>
      <trkpt lat="47.315057" lon="0.408111"><ele>42.2</ele></trkpt>
      <trkpt lat="47.315186" lon="0.407984"><ele>40.8</ele></trkpt>
      <trkpt lat="47.317307" lon="0.406212"><ele>42.2</ele></trkpt>
      <trkpt lat="47.317781" lon="0.405817"><ele>44.5</ele></trkpt>
      <trkpt lat="47.320860" lon="0.403274"><ele>43.8</ele></trkpt>
      <trkpt lat="47.320955" lon="0.403238"><ele>43.8</ele></trkpt>
      <trkpt lat="47.321044" lon="0.403216"><ele>43.8</ele></trkpt>
      <trkpt lat="47.321074" lon="0.403236"><ele>43.8</ele></trkpt>
      <trkpt lat="47.321144" lon="0.403353"><ele>43.5</ele></trkpt>
      <trkpt lat="47.321188" lon="0.403472"><ele>42.5</ele></trkpt>
      <trkpt lat="47.321247" lon="0.403686"><ele>41.8</ele></trkpt>
      <trkpt lat="47.321285" lon="0.403820"><ele>41.8</ele></trkpt>
      <trkpt lat="47.321327" lon="0.404009"><ele>41.0</ele></trkpt>
      <trkpt lat="47.321361" lon="0.404209"><ele>40.2</ele></trkpt>
      <trkpt lat="47.321420" lon="0.404656"><ele>42.0</ele></trkpt>
      <trkpt lat="47.321470" lon="0.404960"><ele>42.5</ele></trkpt>
      <trkpt lat="47.321566" lon="0.405365"><ele>41.5</ele></trkpt>
      <trkpt lat="47.321609" lon="0.405504"><ele>42.0</ele></trkpt>
      <trkpt lat="47.321651" lon="0.405610"><ele>42.8</ele></trkpt>
      <trkpt lat="47.321708" lon="0.405839"><ele>42.8</ele></trkpt>
      <trkpt lat="47.321776" lon="0.406010"><ele>41.5</ele></trkpt>
      <trkpt lat="47.321801" lon="0.406073"><ele>41.5</ele></trkpt>
      <trkpt lat="47.321836" lon="0.406088"><ele>41.8</ele></trkpt>
      <trkpt lat="47.321865" lon="0.406124"><ele>42.0</ele></trkpt>
      <trkpt lat="47.321908" lon="0.406234"><ele>42.5</ele></trkpt>
      <trkpt lat="47.321930" lon="0.406269"><ele>42.8</ele></trkpt>
      <trkpt lat="47.321978" lon="0.406306"><ele>42.8</ele></trkpt>
      <trkpt lat="47.322014" lon="0.406300"><ele>42.5</ele></trkpt>
      <trkpt lat="47.322090" lon="0.406261"><ele>42.0</ele></trkpt>
      <trkpt lat="47.322188" lon="0.406335"><ele>41.8</ele></trkpt>
      <trkpt lat="47.322228" lon="0.406360"><ele>41.8</ele></trkpt>
      <trkpt lat="47.322265" lon="0.406371"><ele>41.8</ele></trkpt>
      <trkpt lat="47.322313" lon="0.406375"><ele>41.5</ele></trkpt>
      <trkpt lat="47.322406" lon="0.406345"><ele>41.5</ele></trkpt>
      <trkpt lat="47.322449" lon="0.406327"><ele>41.5</ele></trkpt>
      <trkpt lat="47.322815" lon="0.406167"><ele>41.0</ele></trkpt>
      <trkpt lat="47.322840" lon="0.406151"><ele>41.0</ele></trkpt>
      <trkpt lat="47.322855" lon="0.406180"><ele>41.0</ele></trkpt>
      <trkpt lat="47.322876" lon="0.406198"><ele>41.0</ele></trkpt>
      <trkpt lat="47.322901" lon="0.406202"><ele>41.0</ele></trkpt>
      <trkpt lat="47.322925" lon="0.406191"><ele>41.0</ele></trkpt>
      <trkpt lat="47.322929" lon="0.406230"><ele>41.0</ele></trkpt>
      <trkpt lat="47.322940" lon="0.406305"><ele>41.0</ele></trkpt>
      <trkpt lat="47.322942" lon="0.406328"><ele>41.0</ele></trkpt>
      <trkpt lat="47.322951" lon="0.406494"><ele>41.0</ele></trkpt>
      <trkpt lat="47.322969" lon="0.406613"><ele>41.2</ele></trkpt>
      <trkpt lat="47.323010" lon="0.406719"><ele>41.0</ele></trkpt>
      <trkpt lat="47.323066" lon="0.406832"><ele>41.0</ele></trkpt>
      <trkpt lat="47.323176" lon="0.406991"><ele>40.8</ele></trkpt>
      <trkpt lat="47.323248" lon="0.407097"><ele>40.8</ele></trkpt>
      <trkpt lat="47.323468" lon="0.407720"><ele>40.5</ele></trkpt>
      <trkpt lat="47.323749" lon="0.408458"><ele>41.0</ele></trkpt>
      <trkpt lat="47.323835" lon="0.408343"><ele>41.0</ele></trkpt>
      <trkpt lat="47.324071" lon="0.408035"><ele>40.2</ele></trkpt>
      <trkpt lat="47.324130" lon="0.407958"><ele>40.2</ele></trkpt>
      <trkpt lat="47.324203" lon="0.407856"><ele>40.5</ele></trkpt>
      <trkpt lat="47.324268" lon="0.407963"><ele>40.2</ele></trkpt>
      <trkpt lat="47.324643" lon="0.407468"><ele>40.5</ele></trkpt>
      <trkpt lat="47.324775" lon="0.407308"><ele>41.0</ele></trkpt>
      <trkpt lat="47.324952" lon="0.407232"><ele>40.8</ele></trkpt>
      <trkpt lat="47.324857" lon="0.406436"><ele>42.2</ele></trkpt>
      <trkpt lat="47.324908" lon="0.406412"><ele>42.5</ele></trkpt>
      <trkpt lat="47.324979" lon="0.406360"><ele>42.8</ele></trkpt>
      <trkpt lat="47.325020" lon="0.406298"><ele>42.2</ele></trkpt>
      <trkpt lat="47.325060" lon="0.406222"><ele>42.0</ele></trkpt>
      <trkpt lat="47.325070" lon="0.406149"><ele>41.8</ele></trkpt>
      <trkpt lat="47.325199" lon="0.406073"><ele>41.8</ele></trkpt>
      <trkpt lat="47.325282" lon="0.406010"><ele>41.5</ele></trkpt>
      <trkpt lat="47.325753" lon="0.405683"><ele>43.0</ele></trkpt>
      <trkpt lat="47.325789" lon="0.405678"><ele>43.0</ele></trkpt>
      <trkpt lat="47.325812" lon="0.405692"><ele>43.0</ele></trkpt>
      <trkpt lat="47.325875" lon="0.405872"><ele>43.0</ele></trkpt>
      <trkpt lat="47.325906" lon="0.405961"><ele>42.5</ele></trkpt>
      <trkpt lat="47.325981" lon="0.406177"><ele>42.2</ele></trkpt>
      <trkpt lat="47.326015" lon="0.406222"><ele>42.2</ele></trkpt>
      <trkpt lat="47.326075" lon="0.406277"><ele>42.5</ele></trkpt>
      <trkpt lat="47.326277" lon="0.406430"><ele>44.0</ele></trkpt>
      <trkpt lat="47.326262" lon="0.406485"><ele>43.8</ele></trkpt>
      <trkpt lat="47.326318" lon="0.406715"><ele>43.2</ele></trkpt>
      <trkpt lat="47.326262" lon="0.406485"><ele>43.8</ele></trkpt>
      <trkpt lat="47.326277" lon="0.406430"><ele>44.0</ele></trkpt>
      <trkpt lat="47.326075" lon="0.406277"><ele>42.5</ele></trkpt>
      <trkpt lat="47.326015" lon="0.406222"><ele>42.2</ele></trkpt>
      <trkpt lat="47.325981" lon="0.406177"><ele>42.2</ele></trkpt>
      <trkpt lat="47.325906" lon="0.405961"><ele>42.5</ele></trkpt>
      <trkpt lat="47.325875" lon="0.405872"><ele>43.0</ele></trkpt>
      <trkpt lat="47.325812" lon="0.405692"><ele>43.0</ele></trkpt>
      <trkpt lat="47.325789" lon="0.405678"><ele>43.0</ele></trkpt>
      <trkpt lat="47.325753" lon="0.405683"><ele>43.0</ele></trkpt>
      <trkpt lat="47.325282" lon="0.406010"><ele>41.5</ele></trkpt>
      <trkpt lat="47.325199" lon="0.406073"><ele>41.8</ele></trkpt>
      <trkpt lat="47.325070" lon="0.406149"><ele>41.8</ele></trkpt>
      <trkpt lat="47.325060" lon="0.406222"><ele>42.0</ele></trkpt>
      <trkpt lat="47.325020" lon="0.406298"><ele>42.2</ele></trkpt>
      <trkpt lat="47.324979" lon="0.406360"><ele>42.8</ele></trkpt>
      <trkpt lat="47.324908" lon="0.406412"><ele>42.5</ele></trkpt>
      <trkpt lat="47.324857" lon="0.406436"><ele>42.2</ele></trkpt>
      <trkpt lat="47.324558" lon="0.406473"><ele>41.8</ele></trkpt>
      <trkpt lat="47.324466" lon="0.406399"><ele>41.8</ele></trkpt>
      <trkpt lat="47.324361" lon="0.406296"><ele>42.2</ele></trkpt>
      <trkpt lat="47.323851" lon="0.405804"><ele>42.2</ele></trkpt>
      <trkpt lat="47.323312" lon="0.406964"><ele>40.8</ele></trkpt>
      <trkpt lat="47.323248" lon="0.407097"><ele>40.8</ele></trkpt>
      <trkpt lat="47.323176" lon="0.406991"><ele>40.8</ele></trkpt>
      <trkpt lat="47.323066" lon="0.406832"><ele>41.0</ele></trkpt>
      <trkpt lat="47.323010" lon="0.406719"><ele>41.0</ele></trkpt>
      <trkpt lat="47.322969" lon="0.406613"><ele>41.2</ele></trkpt>
      <trkpt lat="47.322951" lon="0.406494"><ele>41.0</ele></trkpt>
      <trkpt lat="47.322942" lon="0.406328"><ele>41.0</ele></trkpt>
      <trkpt lat="47.322868" lon="0.406335"><ele>41.0</ele></trkpt>
      <trkpt lat="47.322749" lon="0.406403"><ele>41.0</ele></trkpt>
      <trkpt lat="47.322682" lon="0.406485"><ele>41.0</ele></trkpt>
      <trkpt lat="47.322589" lon="0.406587"><ele>41.0</ele></trkpt>
      <trkpt lat="47.322430" lon="0.406754"><ele>41.2</ele></trkpt>
      <trkpt lat="47.322490" lon="0.406971"><ele>41.0</ele></trkpt>
      <trkpt lat="47.322548" lon="0.407199"><ele>41.2</ele></trkpt>
      <trkpt lat="47.322632" lon="0.407572"><ele>41.8</ele></trkpt>
      <trkpt lat="47.322795" lon="0.408011"><ele>42.5</ele></trkpt>
      <trkpt lat="47.322863" lon="0.408161"><ele>42.5</ele></trkpt>
      <trkpt lat="47.322945" lon="0.408146"><ele>42.8</ele></trkpt>
      <trkpt lat="47.322994" lon="0.408168"><ele>42.8</ele></trkpt>
      <trkpt lat="47.323087" lon="0.408344"><ele>42.8</ele></trkpt>
      <trkpt lat="47.323152" lon="0.408598"><ele>42.8</ele></trkpt>
      <trkpt lat="47.323124" lon="0.408769"><ele>42.2</ele></trkpt>
      <trkpt lat="47.323398" lon="0.409204"><ele>42.5</ele></trkpt>
      <trkpt lat="47.323436" lon="0.409278"><ele>42.0</ele></trkpt>
      <trkpt lat="47.323498" lon="0.409416"><ele>42.2</ele></trkpt>
      <trkpt lat="47.323576" lon="0.409647"><ele>43.0</ele></trkpt>
      <trkpt lat="47.323622" lon="0.409818"><ele>43.8</ele></trkpt>
      <trkpt lat="47.323661" lon="0.409858"><ele>43.8</ele></trkpt>
      <trkpt lat="47.323965" lon="0.410952"><ele>44.0</ele></trkpt>
      <trkpt lat="47.324461" lon="0.412471"><ele>44.0</ele></trkpt>
      <trkpt lat="47.324637" lon="0.413307"><ele>44.0</ele></trkpt>
      <trkpt lat="47.324872" lon="0.414272"><ele>44.0</ele></trkpt>
      <trkpt lat="47.324956" lon="0.414441"><ele>44.0</ele></trkpt>
      <trkpt lat="47.325247" lon="0.414935"><ele>42.5</ele></trkpt>
      <trkpt lat="47.325332" lon="0.415192"><ele>42.2</ele></trkpt>
      <trkpt lat="47.325406" lon="0.415592"><ele>40.5</ele></trkpt>
      <trkpt lat="47.325518" lon="0.416124"><ele>39.8</ele></trkpt>
      <trkpt lat="47.325535" lon="0.416330"><ele>39.8</ele></trkpt>
      <trkpt lat="47.325540" lon="0.416392"><ele>39.8</ele></trkpt>
      <trkpt lat="47.325558" lon="0.416611"><ele>39.8</ele></trkpt>
      <trkpt lat="47.325612" lon="0.417019"><ele>39.0</ele></trkpt>
      <trkpt lat="47.326101" lon="0.419269"><ele>40.0</ele></trkpt>
      <trkpt lat="47.326148" lon="0.419680"><ele>39.8</ele></trkpt>
      <trkpt lat="47.326250" lon="0.420863"><ele>39.5</ele></trkpt>
      <trkpt lat="47.326312" lon="0.421931"><ele>40.2</ele></trkpt>
      <trkpt lat="47.326337" lon="0.422131"><ele>40.2</ele></trkpt>
      <trkpt lat="47.326389" lon="0.422938"><ele>40.5</ele></trkpt>
      <trkpt lat="47.326404" lon="0.423165"><ele>41.0</ele></trkpt>
      <trkpt lat="47.326433" lon="0.423431"><ele>40.2</ele></trkpt>
      <trkpt lat="47.326663" lon="0.425498"><ele>40.0</ele></trkpt>
      <trkpt lat="47.326772" lon="0.426677"><ele>39.8</ele></trkpt>
      <trkpt lat="47.327004" lon="0.431378"><ele>40.0</ele></trkpt>
      <trkpt lat="47.327897" lon="0.436161"><ele>40.0</ele></trkpt>
      <trkpt lat="47.327840" lon="0.436335"><ele>40.0</ele></trkpt>
      <trkpt lat="47.327448" lon="0.436660"><ele>40.0</ele></trkpt>
      <trkpt lat="47.327082" lon="0.436983"><ele>41.0</ele></trkpt>
      <trkpt lat="47.326716" lon="0.437072"><ele>41.0</ele></trkpt>
      <trkpt lat="47.326645" lon="0.437101"><ele>41.0</ele></trkpt>
      <trkpt lat="47.326532" lon="0.437300"><ele>42.2</ele></trkpt>
      <trkpt lat="47.326517" lon="0.437642"><ele>42.0</ele></trkpt>
      <trkpt lat="47.326485" lon="0.437801"><ele>42.5</ele></trkpt>
      <trkpt lat="47.326459" lon="0.438084"><ele>42.8</ele></trkpt>
      <trkpt lat="47.326543" lon="0.438719"><ele>42.0</ele></trkpt>
      <trkpt lat="47.326686" lon="0.439133"><ele>43.5</ele></trkpt>
      <trkpt lat="47.326926" lon="0.439868"><ele>43.5</ele></trkpt>
      <trkpt lat="47.326989" lon="0.440126"><ele>43.2</ele></trkpt>
      <trkpt lat="47.327076" lon="0.440660"><ele>42.2</ele></trkpt>
      <trkpt lat="47.327149" lon="0.440968"><ele>43.0</ele></trkpt>
      <trkpt lat="47.327470" lon="0.441922"><ele>42.8</ele></trkpt>
      <trkpt lat="47.327565" lon="0.442166"><ele>42.8</ele></trkpt>
      <trkpt lat="47.327709" lon="0.442571"><ele>42.5</ele></trkpt>
      <trkpt lat="47.327779" lon="0.442711"><ele>42.5</ele></trkpt>
      <trkpt lat="47.327909" lon="0.442955"><ele>41.5</ele></trkpt>
      <trkpt lat="47.328010" lon="0.443125"><ele>42.2</ele></trkpt>
      <trkpt lat="47.328596" lon="0.444070"><ele>42.8</ele></trkpt>
      <trkpt lat="47.329294" lon="0.445277"><ele>41.5</ele></trkpt>
      <trkpt lat="47.329389" lon="0.445435"><ele>42.2</ele></trkpt>
      <trkpt lat="47.329483" lon="0.445573"><ele>43.2</ele></trkpt>
      <trkpt lat="47.329753" lon="0.445889"><ele>42.5</ele></trkpt>
      <trkpt lat="47.329842" lon="0.446010"><ele>41.8</ele></trkpt>
      <trkpt lat="47.329928" lon="0.446137"><ele>41.5</ele></trkpt>
      <trkpt lat="47.330009" lon="0.446298"><ele>43.0</ele></trkpt>
      <trkpt lat="47.330096" lon="0.446515"><ele>43.0</ele></trkpt>
      <trkpt lat="47.330132" lon="0.446634"><ele>42.2</ele></trkpt>
      <trkpt lat="47.330309" lon="0.447310"><ele>40.8</ele></trkpt>
      <trkpt lat="47.330319" lon="0.447398"><ele>40.8</ele></trkpt>
      <trkpt lat="47.330315" lon="0.447480"><ele>40.8</ele></trkpt>
      <trkpt lat="47.330452" lon="0.447809"><ele>39.8</ele></trkpt>
      <trkpt lat="47.330544" lon="0.448005"><ele>39.8</ele></trkpt>
      <trkpt lat="47.330907" lon="0.448662"><ele>41.0</ele></trkpt>
      <trkpt lat="47.331514" lon="0.449960"><ele>41.0</ele></trkpt>
      <trkpt lat="47.331598" lon="0.450113"><ele>41.0</ele></trkpt>
      <trkpt lat="47.331686" lon="0.450261"><ele>41.0</ele></trkpt>
      <trkpt lat="47.332329" lon="0.451237"><ele>40.8</ele></trkpt>
      <trkpt lat="47.332393" lon="0.451347"><ele>40.8</ele></trkpt>
      <trkpt lat="47.332443" lon="0.451464"><ele>41.0</ele></trkpt>
      <trkpt lat="47.332502" lon="0.451645"><ele>40.8</ele></trkpt>
      <trkpt lat="47.332601" lon="0.452110"><ele>40.0</ele></trkpt>
      <trkpt lat="47.332632" lon="0.452224"><ele>40.0</ele></trkpt>
      <trkpt lat="47.332668" lon="0.452315"><ele>40.2</ele></trkpt>
      <trkpt lat="47.332720" lon="0.452392"><ele>40.5</ele></trkpt>
      <trkpt lat="47.332796" lon="0.452457"><ele>41.0</ele></trkpt>
      <trkpt lat="47.332880" lon="0.452503"><ele>42.2</ele></trkpt>
      <trkpt lat="47.333169" lon="0.452598"><ele>43.5</ele></trkpt>
      <trkpt lat="47.333284" lon="0.452652"><ele>41.8</ele></trkpt>
      <trkpt lat="47.333496" lon="0.452785"><ele>41.0</ele></trkpt>
      <trkpt lat="47.333712" lon="0.452953"><ele>40.8</ele></trkpt>
      <trkpt lat="47.334083" lon="0.453397"><ele>41.0</ele></trkpt>
      <trkpt lat="47.334365" lon="0.453681"><ele>41.0</ele></trkpt>
      <trkpt lat="47.334527" lon="0.453815"><ele>41.0</ele></trkpt>
      <trkpt lat="47.334708" lon="0.453993"><ele>41.0</ele></trkpt>
      <trkpt lat="47.334870" lon="0.454225"><ele>41.0</ele></trkpt>
      <trkpt lat="47.335150" lon="0.454716"><ele>41.0</ele></trkpt>
      <trkpt lat="47.335392" lon="0.455140"><ele>41.0</ele></trkpt>
      <trkpt lat="47.335550" lon="0.455432"><ele>41.0</ele></trkpt>
      <trkpt lat="47.335904" lon="0.456137"><ele>41.5</ele></trkpt>
      <trkpt lat="47.336100" lon="0.456572"><ele>41.0</ele></trkpt>
      <trkpt lat="47.336228" lon="0.456842"><ele>41.0</ele></trkpt>
      <trkpt lat="47.336360" lon="0.457100"><ele>41.5</ele></trkpt>
      <trkpt lat="47.336581" lon="0.457499"><ele>41.0</ele></trkpt>
      <trkpt lat="47.336801" lon="0.457870"><ele>41.0</ele></trkpt>
      <trkpt lat="47.337761" lon="0.459477"><ele>41.8</ele></trkpt>
      <trkpt lat="47.337895" lon="0.459635"><ele>41.2</ele></trkpt>
      <trkpt lat="47.338057" lon="0.459810"><ele>41.8</ele></trkpt>
      <trkpt lat="47.338824" lon="0.460721"><ele>41.5</ele></trkpt>
      <trkpt lat="47.339207" lon="0.461177"><ele>41.5</ele></trkpt>
      <trkpt lat="47.339332" lon="0.461351"><ele>41.0</ele></trkpt>
      <trkpt lat="47.339985" lon="0.462237"><ele>41.8</ele></trkpt>
      <trkpt lat="47.340152" lon="0.462429"><ele>41.5</ele></trkpt>
      <trkpt lat="47.340263" lon="0.462532"><ele>41.8</ele></trkpt>
      <trkpt lat="47.340885" lon="0.463061"><ele>41.8</ele></trkpt>
      <trkpt lat="47.341138" lon="0.463336"><ele>41.8</ele></trkpt>
      <trkpt lat="47.341371" lon="0.463606"><ele>41.8</ele></trkpt>
      <trkpt lat="47.342083" lon="0.464465"><ele>41.2</ele></trkpt>
      <trkpt lat="47.342318" lon="0.464758"><ele>41.8</ele></trkpt>
      <trkpt lat="47.342657" lon="0.465159"><ele>41.8</ele></trkpt>
      <trkpt lat="47.343247" lon="0.465707"><ele>42.5</ele></trkpt>
      <trkpt lat="47.343290" lon="0.465754"><ele>42.5</ele></trkpt>
      <trkpt lat="47.343391" lon="0.465827"><ele>42.8</ele></trkpt>
      <trkpt lat="47.343455" lon="0.465519"><ele>42.0</ele></trkpt>
      <trkpt lat="47.343576" lon="0.465330"><ele>42.0</ele></trkpt>
      <trkpt lat="47.343685" lon="0.465152"><ele>42.0</ele></trkpt>
      <trkpt lat="47.343740" lon="0.465063"><ele>42.0</ele></trkpt>
      <trkpt lat="47.344103" lon="0.464577"><ele>42.0</ele></trkpt>
      <trkpt lat="47.344281" lon="0.464359"><ele>42.0</ele></trkpt>
      <trkpt lat="47.344381" lon="0.464235"><ele>42.0</ele></trkpt>
      <trkpt lat="47.344702" lon="0.463837"><ele>42.0</ele></trkpt>
      <trkpt lat="47.344740" lon="0.463790"><ele>42.0</ele></trkpt>
      <trkpt lat="47.344989" lon="0.463482"><ele>42.0</ele></trkpt>
      <trkpt lat="47.345177" lon="0.463293"><ele>42.0</ele></trkpt>
      <trkpt lat="47.345368" lon="0.463143"><ele>42.0</ele></trkpt>
      <trkpt lat="47.345656" lon="0.462961"><ele>42.5</ele></trkpt>
      <trkpt lat="47.345845" lon="0.462859"><ele>42.8</ele></trkpt>
      <trkpt lat="47.345917" lon="0.462823"><ele>43.8</ele></trkpt>
      <trkpt lat="47.346213" lon="0.462581"><ele>44.0</ele></trkpt>
      <trkpt lat="47.346245" lon="0.462554"><ele>43.5</ele></trkpt>
      <trkpt lat="47.346258" lon="0.462587"><ele>43.5</ele></trkpt>
      <trkpt lat="47.346451" lon="0.463014"><ele>42.5</ele></trkpt>
      <trkpt lat="47.346785" lon="0.463781"><ele>42.8</ele></trkpt>
      <trkpt lat="47.346758" lon="0.463950"><ele>44.2</ele></trkpt>
      <trkpt lat="47.346956" lon="0.464555"><ele>42.5</ele></trkpt>
      <trkpt lat="47.347044" lon="0.464861"><ele>44.5</ele></trkpt>
      <trkpt lat="47.347190" lon="0.465460"><ele>42.0</ele></trkpt>
      <trkpt lat="47.347253" lon="0.465757"><ele>43.2</ele></trkpt>
      <trkpt lat="47.347307" lon="0.466089"><ele>45.2</ele></trkpt>
      <trkpt lat="47.347373" lon="0.466562"><ele>44.8</ele></trkpt>
      <trkpt lat="47.347524" lon="0.467830"><ele>43.8</ele></trkpt>
      <trkpt lat="47.347559" lon="0.468470"><ele>44.2</ele></trkpt>
      <trkpt lat="47.347559" lon="0.468970"><ele>44.5</ele></trkpt>
      <trkpt lat="47.347525" lon="0.469533"><ele>43.5</ele></trkpt>
      <trkpt lat="47.347491" lon="0.469872"><ele>42.5</ele></trkpt>
      <trkpt lat="47.347504" lon="0.470147"><ele>42.5</ele></trkpt>
      <trkpt lat="47.347578" lon="0.470411"><ele>43.0</ele></trkpt>
      <trkpt lat="47.347753" lon="0.470520"><ele>42.0</ele></trkpt>
      <trkpt lat="47.348081" lon="0.471189"><ele>42.2</ele></trkpt>
      <trkpt lat="47.348314" lon="0.471712"><ele>42.5</ele></trkpt>
      <trkpt lat="47.348403" lon="0.471771"><ele>42.5</ele></trkpt>
      <trkpt lat="47.348525" lon="0.471806"><ele>42.2</ele></trkpt>
      <trkpt lat="47.348586" lon="0.471915"><ele>42.0</ele></trkpt>
      <trkpt lat="47.348502" lon="0.472114"><ele>44.2</ele></trkpt>
      <trkpt lat="47.348472" lon="0.472251"><ele>45.2</ele></trkpt>
      <trkpt lat="47.348501" lon="0.472318"><ele>45.2</ele></trkpt>
      <trkpt lat="47.348699" lon="0.472451"><ele>44.8</ele></trkpt>
      <trkpt lat="47.348819" lon="0.472553"><ele>44.8</ele></trkpt>
      <trkpt lat="47.348919" lon="0.472650"><ele>43.8</ele></trkpt>
      <trkpt lat="47.349507" lon="0.473291"><ele>44.2</ele></trkpt>
      <trkpt lat="47.349585" lon="0.473376"><ele>43.8</ele></trkpt>
      <trkpt lat="47.349850" lon="0.473698"><ele>43.0</ele></trkpt>
      <trkpt lat="47.349963" lon="0.473857"><ele>44.0</ele></trkpt>
      <trkpt lat="47.350162" lon="0.474181"><ele>42.2</ele></trkpt>
      <trkpt lat="47.350361" lon="0.474578"><ele>43.2</ele></trkpt>
      <trkpt lat="47.350788" lon="0.475588"><ele>43.8</ele></trkpt>
      <trkpt lat="47.350920" lon="0.475927"><ele>44.5</ele></trkpt>
      <trkpt lat="47.350954" lon="0.475898"><ele>44.5</ele></trkpt>
      <trkpt lat="47.351029" lon="0.475786"><ele>44.0</ele></trkpt>
      <trkpt lat="47.351151" lon="0.475635"><ele>42.5</ele></trkpt>
      <trkpt lat="47.351236" lon="0.475553"><ele>42.2</ele></trkpt>
      <trkpt lat="47.351309" lon="0.475493"><ele>42.2</ele></trkpt>
      <trkpt lat="47.351329" lon="0.475489"><ele>42.5</ele></trkpt>
      <trkpt lat="47.351371" lon="0.475520"><ele>42.8</ele></trkpt>
      <trkpt lat="47.351433" lon="0.475375"><ele>42.2</ele></trkpt>
      <trkpt lat="47.351486" lon="0.475248"><ele>42.0</ele></trkpt>
      <trkpt lat="47.351545" lon="0.475096"><ele>42.2</ele></trkpt>
      <trkpt lat="47.351570" lon="0.475110"><ele>42.2</ele></trkpt>
      <trkpt lat="47.351620" lon="0.475097"><ele>42.5</ele></trkpt>
      <trkpt lat="47.351707" lon="0.475014"><ele>42.8</ele></trkpt>
      <trkpt lat="47.351900" lon="0.474831"><ele>42.5</ele></trkpt>
      <trkpt lat="47.351923" lon="0.474810"><ele>42.5</ele></trkpt>
      <trkpt lat="47.352093" lon="0.475250"><ele>42.5</ele></trkpt>
      <trkpt lat="47.352281" lon="0.475679"><ele>42.5</ele></trkpt>
      <trkpt lat="47.352458" lon="0.476063"><ele>42.8</ele></trkpt>
      <trkpt lat="47.352514" lon="0.476197"><ele>43.0</ele></trkpt>
      <trkpt lat="47.352550" lon="0.476306"><ele>43.2</ele></trkpt>
      <trkpt lat="47.352569" lon="0.476399"><ele>43.0</ele></trkpt>
      <trkpt lat="47.352647" lon="0.477013"><ele>43.2</ele></trkpt>
      <trkpt lat="47.352694" lon="0.477287"><ele>42.8</ele></trkpt>
      <trkpt lat="47.352760" lon="0.477532"><ele>42.8</ele></trkpt>
      <trkpt lat="47.352807" lon="0.477652"><ele>42.5</ele></trkpt>
      <trkpt lat="47.352880" lon="0.477801"><ele>42.2</ele></trkpt>
      <trkpt lat="47.352988" lon="0.477966"><ele>42.8</ele></trkpt>
      <trkpt lat="47.353087" lon="0.478064"><ele>43.0</ele></trkpt>
      <trkpt lat="47.353195" lon="0.478148"><ele>43.0</ele></trkpt>
      <trkpt lat="47.353324" lon="0.478231"><ele>43.2</ele></trkpt>
      <trkpt lat="47.353433" lon="0.478323"><ele>43.2</ele></trkpt>
      <trkpt lat="47.353472" lon="0.478370"><ele>43.2</ele></trkpt>
      <trkpt lat="47.353508" lon="0.478428"><ele>43.2</ele></trkpt>
      <trkpt lat="47.353577" lon="0.478609"><ele>42.8</ele></trkpt>
      <trkpt lat="47.353751" lon="0.479039"><ele>43.5</ele></trkpt>
      <trkpt lat="47.353909" lon="0.479421"><ele>43.2</ele></trkpt>
      <trkpt lat="47.354065" lon="0.479795"><ele>43.5</ele></trkpt>
      <trkpt lat="47.354089" lon="0.479909"><ele>43.5</ele></trkpt>
      <trkpt lat="47.354114" lon="0.480248"><ele>42.8</ele></trkpt>
      <trkpt lat="47.354141" lon="0.480392"><ele>42.8</ele></trkpt>
      <trkpt lat="47.354175" lon="0.480627"><ele>43.0</ele></trkpt>
      <trkpt lat="47.354207" lon="0.480798"><ele>43.0</ele></trkpt>
      <trkpt lat="47.354236" lon="0.481048"><ele>43.2</ele></trkpt>
      <trkpt lat="47.354273" lon="0.481284"><ele>43.5</ele></trkpt>
      <trkpt lat="47.354272" lon="0.481321"><ele>43.2</ele></trkpt>
      <trkpt lat="47.354234" lon="0.481410"><ele>43.0</ele></trkpt>
      <trkpt lat="47.353967" lon="0.481746"><ele>43.5</ele></trkpt>
      <trkpt lat="47.353859" lon="0.481862"><ele>44.8</ele></trkpt>
      <trkpt lat="47.353841" lon="0.481894"><ele>44.8</ele></trkpt>
      <trkpt lat="47.354247" lon="0.482411"><ele>43.8</ele></trkpt>
      <trkpt lat="47.354275" lon="0.482369"><ele>44.0</ele></trkpt>
      <trkpt lat="47.354796" lon="0.481679"><ele>44.2</ele></trkpt>
      <trkpt lat="47.354905" lon="0.481629"><ele>45.0</ele></trkpt>
      <trkpt lat="47.354987" lon="0.481662"><ele>45.0</ele></trkpt>
      <trkpt lat="47.355033" lon="0.481700"><ele>46.0</ele></trkpt>
      <trkpt lat="47.355288" lon="0.482127"><ele>47.0</ele></trkpt>
      <trkpt lat="47.355330" lon="0.482205"><ele>47.8</ele></trkpt>
      <trkpt lat="47.355401" lon="0.482364"><ele>48.0</ele></trkpt>
      <trkpt lat="47.355753" lon="0.483182"><ele>46.0</ele></trkpt>
      <trkpt lat="47.355814" lon="0.483305"><ele>45.8</ele></trkpt>
      <trkpt lat="47.355924" lon="0.483495"><ele>47.0</ele></trkpt>
      <trkpt lat="47.356111" lon="0.483849"><ele>47.0</ele></trkpt>
      <trkpt lat="47.356325" lon="0.484170"><ele>47.0</ele></trkpt>
      <trkpt lat="47.356657" lon="0.484644"><ele>48.8</ele></trkpt>
      <trkpt lat="47.356732" lon="0.484776"><ele>48.8</ele></trkpt>
      <trkpt lat="47.356824" lon="0.485040"><ele>48.2</ele></trkpt>
      <trkpt lat="47.356913" lon="0.485328"><ele>46.2</ele></trkpt>
      <trkpt lat="47.356965" lon="0.485540"><ele>46.5</ele></trkpt>
      <trkpt lat="47.357024" lon="0.485720"><ele>46.2</ele></trkpt>
      <trkpt lat="47.357287" lon="0.486288"><ele>47.0</ele></trkpt>
      <trkpt lat="47.357369" lon="0.486438"><ele>47.0</ele></trkpt>
      <trkpt lat="47.357580" lon="0.486708"><ele>48.8</ele></trkpt>
      <trkpt lat="47.357647" lon="0.486811"><ele>49.0</ele></trkpt>
      <trkpt lat="47.357704" lon="0.486923"><ele>48.8</ele></trkpt>
      <trkpt lat="47.357768" lon="0.487076"><ele>48.8</ele></trkpt>
      <trkpt lat="47.357886" lon="0.487438"><ele>47.8</ele></trkpt>
      <trkpt lat="47.358001" lon="0.487819"><ele>46.2</ele></trkpt>
      <trkpt lat="47.358047" lon="0.487922"><ele>46.2</ele></trkpt>
      <trkpt lat="47.358171" lon="0.488149"><ele>46.0</ele></trkpt>
      <trkpt lat="47.358299" lon="0.488344"><ele>46.5</ele></trkpt>
      <trkpt lat="47.358325" lon="0.488398"><ele>46.5</ele></trkpt>
      <trkpt lat="47.358403" lon="0.488658"><ele>47.5</ele></trkpt>
      <trkpt lat="47.358426" lon="0.488833"><ele>47.2</ele></trkpt>
      <trkpt lat="47.358531" lon="0.489022"><ele>47.0</ele></trkpt>
      <trkpt lat="47.358577" lon="0.489121"><ele>46.8</ele></trkpt>
      <trkpt lat="47.358670" lon="0.489277"><ele>48.8</ele></trkpt>
      <trkpt lat="47.358721" lon="0.489326"><ele>50.0</ele></trkpt>
      <trkpt lat="47.358776" lon="0.489366"><ele>51.2</ele></trkpt>
      <trkpt lat="47.358804" lon="0.489404"><ele>51.5</ele></trkpt>
      <trkpt lat="47.358852" lon="0.489496"><ele>51.0</ele></trkpt>
      <trkpt lat="47.358982" lon="0.489788"><ele>50.8</ele></trkpt>
      <trkpt lat="47.359081" lon="0.489950"><ele>51.8</ele></trkpt>
      <trkpt lat="47.359158" lon="0.490180"><ele>49.5</ele></trkpt>
      <trkpt lat="47.359354" lon="0.490615"><ele>51.8</ele></trkpt>
      <trkpt lat="47.359362" lon="0.490785"><ele>49.5</ele></trkpt>
      <trkpt lat="47.359440" lon="0.491016"><ele>47.8</ele></trkpt>
      <trkpt lat="47.359455" lon="0.490949"><ele>49.2</ele></trkpt>
      <trkpt lat="47.359489" lon="0.490942"><ele>51.0</ele></trkpt>
      <trkpt lat="47.359519" lon="0.490978"><ele>52.2</ele></trkpt>
      <trkpt lat="47.359743" lon="0.491479"><ele>52.5</ele></trkpt>
      <trkpt lat="47.359881" lon="0.491712"><ele>54.0</ele></trkpt>
      <trkpt lat="47.359847" lon="0.491761"><ele>51.5</ele></trkpt>
      <trkpt lat="47.359793" lon="0.491865"><ele>47.8</ele></trkpt>
      <trkpt lat="47.359794" lon="0.491882"><ele>47.5</ele></trkpt>
      <trkpt lat="47.359848" lon="0.491965"><ele>47.0</ele></trkpt>
      <trkpt lat="47.359942" lon="0.492094"><ele>46.8</ele></trkpt>
      <trkpt lat="47.360056" lon="0.492226"><ele>45.0</ele></trkpt>
      <trkpt lat="47.360141" lon="0.492431"><ele>44.8</ele></trkpt>
      <trkpt lat="47.360141" lon="0.492516"><ele>44.5</ele></trkpt>
      <trkpt lat="47.360087" lon="0.492747"><ele>44.5</ele></trkpt>
      <trkpt lat="47.360101" lon="0.492777"><ele>44.5</ele></trkpt>
      <trkpt lat="47.360136" lon="0.492812"><ele>44.5</ele></trkpt>
      <trkpt lat="47.360208" lon="0.492865"><ele>44.2</ele></trkpt>
      <trkpt lat="47.360265" lon="0.492773"><ele>44.0</ele></trkpt>
      <trkpt lat="47.360366" lon="0.492649"><ele>45.2</ele></trkpt>
      <trkpt lat="47.360398" lon="0.492621"><ele>45.5</ele></trkpt>
      <trkpt lat="47.360503" lon="0.492542"><ele>46.0</ele></trkpt>
      <trkpt lat="47.360561" lon="0.492517"><ele>46.0</ele></trkpt>
      <trkpt lat="47.360586" lon="0.492505"><ele>46.2</ele></trkpt>
      <trkpt lat="47.360700" lon="0.492493"><ele>47.0</ele></trkpt>
      <trkpt lat="47.360812" lon="0.492503"><ele>47.8</ele></trkpt>
      <trkpt lat="47.360902" lon="0.492534"><ele>48.2</ele></trkpt>
      <trkpt lat="47.361020" lon="0.492589"><ele>49.0</ele></trkpt>
      <trkpt lat="47.361120" lon="0.492662"><ele>50.5</ele></trkpt>
      <trkpt lat="47.361200" lon="0.492737"><ele>51.8</ele></trkpt>
      <trkpt lat="47.361351" lon="0.492940"><ele>54.2</ele></trkpt>
      <trkpt lat="47.361425" lon="0.493017"><ele>56.0</ele></trkpt>
      <trkpt lat="47.361494" lon="0.493056"><ele>57.8</ele></trkpt>
      <trkpt lat="47.361560" lon="0.493052"><ele>58.0</ele></trkpt>
      <trkpt lat="47.361641" lon="0.493028"><ele>58.0</ele></trkpt>
      <trkpt lat="47.361857" lon="0.492935"><ele>57.5</ele></trkpt>
      <trkpt lat="47.361952" lon="0.492917"><ele>57.5</ele></trkpt>
      <trkpt lat="47.362227" lon="0.492952"><ele>60.8</ele></trkpt>
      <trkpt lat="47.362323" lon="0.492999"><ele>61.5</ele></trkpt>
      <trkpt lat="47.362436" lon="0.493109"><ele>63.0</ele></trkpt>
      <trkpt lat="47.362586" lon="0.493303"><ele>66.2</ele></trkpt>
      <trkpt lat="47.362613" lon="0.493319"><ele>66.2</ele></trkpt>
      <trkpt lat="47.362945" lon="0.493333"><ele>65.5</ele></trkpt>
      <trkpt lat="47.363517" lon="0.493290"><ele>69.8</ele></trkpt>
      <trkpt lat="47.363762" lon="0.493328"><ele>70.5</ele></trkpt>
      <trkpt lat="47.364001" lon="0.493348"><ele>70.8</ele></trkpt>
      <trkpt lat="47.364177" lon="0.493288"><ele>71.2</ele></trkpt>
      <trkpt lat="47.364681" lon="0.492964"><ele>73.5</ele></trkpt>
      <trkpt lat="47.364877" lon="0.492830"><ele>74.8</ele></trkpt>
      <trkpt lat="47.365139" lon="0.492483"><ele>77.0</ele></trkpt>
      <trkpt lat="47.365203" lon="0.492631"><ele>77.2</ele></trkpt>
      <trkpt lat="47.365223" lon="0.492677"><ele>77.2</ele></trkpt>
      <trkpt lat="47.365249" lon="0.492737"><ele>77.5</ele></trkpt>
      <trkpt lat="47.365348" lon="0.492953"><ele>78.8</ele></trkpt>
      <trkpt lat="47.365424" lon="0.493140"><ele>80.0</ele></trkpt>
      <trkpt lat="47.365470" lon="0.493259"><ele>80.8</ele></trkpt>
      <trkpt lat="47.365480" lon="0.493333"><ele>81.0</ele></trkpt>
      <trkpt lat="47.365481" lon="0.493425"><ele>81.5</ele></trkpt>
      <trkpt lat="47.365454" lon="0.493560"><ele>82.0</ele></trkpt>
      <trkpt lat="47.365095" lon="0.494215"><ele>84.0</ele></trkpt>
      <trkpt lat="47.365058" lon="0.494335"><ele>84.8</ele></trkpt>
      <trkpt lat="47.365038" lon="0.494466"><ele>86.0</ele></trkpt>
      <trkpt lat="47.365063" lon="0.494696"><ele>87.0</ele></trkpt>
      <trkpt lat="47.365139" lon="0.495213"><ele>88.8</ele></trkpt>
      <trkpt lat="47.365256" lon="0.495926"><ele>90.2</ele></trkpt>
      <trkpt lat="47.365302" lon="0.496156"><ele>90.8</ele></trkpt>
      <trkpt lat="47.365534" lon="0.496878"><ele>91.5</ele></trkpt>
      <trkpt lat="47.365802" lon="0.497755"><ele>91.8</ele></trkpt>
      <trkpt lat="47.366002" lon="0.498304"><ele>91.5</ele></trkpt>
      <trkpt lat="47.366283" lon="0.498797"><ele>91.5</ele></trkpt>
      <trkpt lat="47.366885" lon="0.499837"><ele>91.8</ele></trkpt>
      <trkpt lat="47.367064" lon="0.500125"><ele>92.0</ele></trkpt>
      <trkpt lat="47.367169" lon="0.500258"><ele>92.0</ele></trkpt>
      <trkpt lat="47.367276" lon="0.500367"><ele>92.0</ele></trkpt>
      <trkpt lat="47.367443" lon="0.500498"><ele>92.0</ele></trkpt>
      <trkpt lat="47.367937" lon="0.500826"><ele>92.0</ele></trkpt>
      <trkpt lat="47.368053" lon="0.500922"><ele>91.8</ele></trkpt>
      <trkpt lat="47.368213" lon="0.501161"><ele>91.8</ele></trkpt>
      <trkpt lat="47.368271" lon="0.501316"><ele>91.2</ele></trkpt>
      <trkpt lat="47.368561" lon="0.502107"><ele>89.5</ele></trkpt>
      <trkpt lat="47.368659" lon="0.502419"><ele>88.5</ele></trkpt>
      <trkpt lat="47.368528" lon="0.502486"><ele>87.2</ele></trkpt>
      <trkpt lat="47.368422" lon="0.502571"><ele>86.2</ele></trkpt>
      <trkpt lat="47.368338" lon="0.502687"><ele>85.2</ele></trkpt>
      <trkpt lat="47.368242" lon="0.502875"><ele>84.0</ele></trkpt>
      <trkpt lat="47.368267" lon="0.502903"><ele>84.0</ele></trkpt>
      <trkpt lat="47.368625" lon="0.503285"><ele>87.2</ele></trkpt>
      <trkpt lat="47.368742" lon="0.503453"><ele>88.2</ele></trkpt>
      <trkpt lat="47.368866" lon="0.503684"><ele>89.0</ele></trkpt>
      <trkpt lat="47.369335" lon="0.504688"><ele>93.0</ele></trkpt>
      <trkpt lat="47.369399" lon="0.504792"><ele>93.5</ele></trkpt>
      <trkpt lat="47.369434" lon="0.504836"><ele>93.8</ele></trkpt>
      <trkpt lat="47.369487" lon="0.504860"><ele>94.0</ele></trkpt>
      <trkpt lat="47.369523" lon="0.504865"><ele>94.0</ele></trkpt>
      <trkpt lat="47.369525" lon="0.504921"><ele>94.0</ele></trkpt>
      <trkpt lat="47.369542" lon="0.504986"><ele>94.0</ele></trkpt>
      <trkpt lat="47.369573" lon="0.505055"><ele>94.0</ele></trkpt>
      <trkpt lat="47.369595" lon="0.505087"><ele>94.0</ele></trkpt>
      <trkpt lat="47.369804" lon="0.505354"><ele>94.0</ele></trkpt>
      <trkpt lat="47.370111" lon="0.505762"><ele>94.0</ele></trkpt>
      <trkpt lat="47.370246" lon="0.505961"><ele>94.0</ele></trkpt>
      <trkpt lat="47.370286" lon="0.506032"><ele>93.8</ele></trkpt>
      <trkpt lat="47.370322" lon="0.506112"><ele>93.8</ele></trkpt>
      <trkpt lat="47.370382" lon="0.506274"><ele>93.5</ele></trkpt>
      <trkpt lat="47.370522" lon="0.506794"><ele>93.0</ele></trkpt>
      <trkpt lat="47.370530" lon="0.506826"><ele>93.0</ele></trkpt>
      <trkpt lat="47.370611" lon="0.507106"><ele>92.5</ele></trkpt>
      <trkpt lat="47.370647" lon="0.507216"><ele>92.2</ele></trkpt>
      <trkpt lat="47.370809" lon="0.507651"><ele>90.5</ele></trkpt>
      <trkpt lat="47.370837" lon="0.507728"><ele>90.0</ele></trkpt>
      <trkpt lat="47.370901" lon="0.507872"><ele>89.5</ele></trkpt>
      <trkpt lat="47.371043" lon="0.508283"><ele>88.2</ele></trkpt>
      <trkpt lat="47.371168" lon="0.508691"><ele>86.2</ele></trkpt>
      <trkpt lat="47.371236" lon="0.508940"><ele>84.8</ele></trkpt>
      <trkpt lat="47.371312" lon="0.509260"><ele>83.0</ele></trkpt>
      <trkpt lat="47.371563" lon="0.510493"><ele>73.5</ele></trkpt>
      <trkpt lat="47.371580" lon="0.510619"><ele>73.0</ele></trkpt>
      <trkpt lat="47.371591" lon="0.510758"><ele>72.5</ele></trkpt>
      <trkpt lat="47.371580" lon="0.510862"><ele>72.0</ele></trkpt>
      <trkpt lat="47.371540" lon="0.510990"><ele>71.5</ele></trkpt>
      <trkpt lat="47.371504" lon="0.511063"><ele>71.2</ele></trkpt>
      <trkpt lat="47.371468" lon="0.511114"><ele>70.8</ele></trkpt>
      <trkpt lat="47.371414" lon="0.511165"><ele>70.8</ele></trkpt>
      <trkpt lat="47.371193" lon="0.511308"><ele>71.0</ele></trkpt>
      <trkpt lat="47.371145" lon="0.511350"><ele>70.5</ele></trkpt>
      <trkpt lat="47.371112" lon="0.511392"><ele>69.8</ele></trkpt>
      <trkpt lat="47.371080" lon="0.511452"><ele>70.2</ele></trkpt>
      <trkpt lat="47.371047" lon="0.511555"><ele>70.2</ele></trkpt>
      <trkpt lat="47.371033" lon="0.511680"><ele>70.0</ele></trkpt>
      <trkpt lat="47.371049" lon="0.511963"><ele>67.5</ele></trkpt>
      <trkpt lat="47.371073" lon="0.512125"><ele>66.0</ele></trkpt>
      <trkpt lat="47.371093" lon="0.512271"><ele>65.0</ele></trkpt>
      <trkpt lat="47.371153" lon="0.512583"><ele>63.2</ele></trkpt>
      <trkpt lat="47.371191" lon="0.512771"><ele>61.8</ele></trkpt>
      <trkpt lat="47.371212" lon="0.512908"><ele>60.5</ele></trkpt>
      <trkpt lat="47.371212" lon="0.512997"><ele>59.8</ele></trkpt>
      <trkpt lat="47.371200" lon="0.513086"><ele>59.0</ele></trkpt>
      <trkpt lat="47.371175" lon="0.513182"><ele>58.2</ele></trkpt>
      <trkpt lat="47.371126" lon="0.513302"><ele>57.2</ele></trkpt>
      <trkpt lat="47.371019" lon="0.513476"><ele>56.5</ele></trkpt>
      <trkpt lat="47.370745" lon="0.513852"><ele>56.2</ele></trkpt>
      <trkpt lat="47.370704" lon="0.513918"><ele>56.8</ele></trkpt>
      <trkpt lat="47.370681" lon="0.513985"><ele>56.5</ele></trkpt>
      <trkpt lat="47.370489" lon="0.514677"><ele>54.0</ele></trkpt>
      <trkpt lat="47.370456" lon="0.514909"><ele>53.2</ele></trkpt>
      <trkpt lat="47.370330" lon="0.515348"><ele>50.2</ele></trkpt>
      <trkpt lat="47.370255" lon="0.515549"><ele>47.0</ele></trkpt>
      <trkpt lat="47.370227" lon="0.515624"><ele>46.8</ele></trkpt>
      <trkpt lat="47.370134" lon="0.515829"><ele>45.8</ele></trkpt>
      <trkpt lat="47.370165" lon="0.515903"><ele>46.0</ele></trkpt>
      <trkpt lat="47.370283" lon="0.516191"><ele>47.0</ele></trkpt>
      <trkpt lat="47.370364" lon="0.516414"><ele>47.2</ele></trkpt>
      <trkpt lat="47.370383" lon="0.516461"><ele>47.2</ele></trkpt>
      <trkpt lat="47.370521" lon="0.516803"><ele>47.8</ele></trkpt>
      <trkpt lat="47.370541" lon="0.516867"><ele>47.8</ele></trkpt>
      <trkpt lat="47.370614" lon="0.517102"><ele>48.0</ele></trkpt>
      <trkpt lat="47.370633" lon="0.517164"><ele>48.2</ele></trkpt>
      <trkpt lat="47.370650" lon="0.517221"><ele>48.2</ele></trkpt>
      <trkpt lat="47.370705" lon="0.517397"><ele>49.0</ele></trkpt>
      <trkpt lat="47.370774" lon="0.517620"><ele>50.0</ele></trkpt>
      <trkpt lat="47.370913" lon="0.518063"><ele>51.5</ele></trkpt>
      <trkpt lat="47.370964" lon="0.518226"><ele>52.2</ele></trkpt>
      <trkpt lat="47.371159" lon="0.518863"><ele>53.8</ele></trkpt>
      <trkpt lat="47.371288" lon="0.519253"><ele>53.8</ele></trkpt>
      <trkpt lat="47.371365" lon="0.519532"><ele>52.8</ele></trkpt>
      <trkpt lat="47.371399" lon="0.519757"><ele>51.8</ele></trkpt>
      <trkpt lat="47.371407" lon="0.519868"><ele>51.0</ele></trkpt>
      <trkpt lat="47.371411" lon="0.519916"><ele>50.5</ele></trkpt>
      <trkpt lat="47.371438" lon="0.520247"><ele>49.5</ele></trkpt>
      <trkpt lat="47.371463" lon="0.520463"><ele>48.2</ele></trkpt>
      <trkpt lat="47.371496" lon="0.520654"><ele>47.5</ele></trkpt>
      <trkpt lat="47.371548" lon="0.520847"><ele>47.0</ele></trkpt>
      <trkpt lat="47.371598" lon="0.521006"><ele>46.8</ele></trkpt>
      <trkpt lat="47.371705" lon="0.521278"><ele>46.5</ele></trkpt>
      <trkpt lat="47.371724" lon="0.521326"><ele>46.8</ele></trkpt>
      <trkpt lat="47.371845" lon="0.521638"><ele>47.2</ele></trkpt>
      <trkpt lat="47.371961" lon="0.521883"><ele>47.0</ele></trkpt>
      <trkpt lat="47.372128" lon="0.522213"><ele>47.5</ele></trkpt>
      <trkpt lat="47.372357" lon="0.522644"><ele>49.2</ele></trkpt>
      <trkpt lat="47.372449" lon="0.522831"><ele>49.5</ele></trkpt>
      <trkpt lat="47.372511" lon="0.522978"><ele>49.0</ele></trkpt>
      <trkpt lat="47.372612" lon="0.523309"><ele>48.2</ele></trkpt>
      <trkpt lat="47.372699" lon="0.523587"><ele>47.8</ele></trkpt>
      <trkpt lat="47.372749" lon="0.523756"><ele>48.0</ele></trkpt>
      <trkpt lat="47.372837" lon="0.524033"><ele>48.5</ele></trkpt>
      <trkpt lat="47.372950" lon="0.524451"><ele>47.0</ele></trkpt>
      <trkpt lat="47.372979" lon="0.524590"><ele>47.0</ele></trkpt>
      <trkpt lat="47.373034" lon="0.524802"><ele>47.2</ele></trkpt>
      <trkpt lat="47.373118" lon="0.525066"><ele>47.5</ele></trkpt>
      <trkpt lat="47.373171" lon="0.525205"><ele>47.2</ele></trkpt>
      <trkpt lat="47.373225" lon="0.525325"><ele>47.2</ele></trkpt>
      <trkpt lat="47.373288" lon="0.525451"><ele>47.5</ele></trkpt>
      <trkpt lat="47.373387" lon="0.525606"><ele>48.5</ele></trkpt>
      <trkpt lat="47.373499" lon="0.525752"><ele>49.5</ele></trkpt>
      <trkpt lat="47.373675" lon="0.526025"><ele>51.5</ele></trkpt>
      <trkpt lat="47.373781" lon="0.526241"><ele>51.2</ele></trkpt>
      <trkpt lat="47.373816" lon="0.526319"><ele>51.0</ele></trkpt>
      <trkpt lat="47.374012" lon="0.526931"><ele>53.5</ele></trkpt>
      <trkpt lat="47.374302" lon="0.527789"><ele>56.8</ele></trkpt>
      <trkpt lat="47.374426" lon="0.528219"><ele>58.0</ele></trkpt>
      <trkpt lat="47.374604" lon="0.528763"><ele>59.0</ele></trkpt>
      <trkpt lat="47.374702" lon="0.529066"><ele>57.8</ele></trkpt>
      <trkpt lat="47.374785" lon="0.529315"><ele>56.8</ele></trkpt>
      <trkpt lat="47.375030" lon="0.529987"><ele>54.5</ele></trkpt>
      <trkpt lat="47.375434" lon="0.531099"><ele>53.2</ele></trkpt>
      <trkpt lat="47.375561" lon="0.531411"><ele>52.8</ele></trkpt>
      <trkpt lat="47.375664" lon="0.531632"><ele>52.5</ele></trkpt>
      <trkpt lat="47.375861" lon="0.531960"><ele>53.5</ele></trkpt>
      <trkpt lat="47.375950" lon="0.532131"><ele>52.2</ele></trkpt>
      <trkpt lat="47.376186" lon="0.532537"><ele>49.0</ele></trkpt>
      <trkpt lat="47.376257" lon="0.532631"><ele>48.2</ele></trkpt>
      <trkpt lat="47.376350" lon="0.532726"><ele>47.5</ele></trkpt>
      <trkpt lat="47.376597" lon="0.532949"><ele>46.8</ele></trkpt>
      <trkpt lat="47.376652" lon="0.533013"><ele>46.2</ele></trkpt>
      <trkpt lat="47.376692" lon="0.533073"><ele>45.8</ele></trkpt>
      <trkpt lat="47.376726" lon="0.533158"><ele>45.5</ele></trkpt>
      <trkpt lat="47.376726" lon="0.533237"><ele>45.2</ele></trkpt>
      <trkpt lat="47.376720" lon="0.533364"><ele>44.8</ele></trkpt>
      <trkpt lat="47.376686" lon="0.533642"><ele>43.8</ele></trkpt>
      <trkpt lat="47.376686" lon="0.533768"><ele>43.8</ele></trkpt>
      <trkpt lat="47.376692" lon="0.533833"><ele>43.8</ele></trkpt>
      <trkpt lat="47.376710" lon="0.533925"><ele>43.5</ele></trkpt>
      <trkpt lat="47.376741" lon="0.534022"><ele>43.2</ele></trkpt>
      <trkpt lat="47.376797" lon="0.534129"><ele>43.0</ele></trkpt>
      <trkpt lat="47.377110" lon="0.534596"><ele>43.0</ele></trkpt>
      <trkpt lat="47.377212" lon="0.534784"><ele>43.0</ele></trkpt>
      <trkpt lat="47.377276" lon="0.534946"><ele>43.0</ele></trkpt>
      <trkpt lat="47.377459" lon="0.535561"><ele>42.8</ele></trkpt>
      <trkpt lat="47.377483" lon="0.535643"><ele>42.8</ele></trkpt>
      <trkpt lat="47.377754" lon="0.536555"><ele>43.0</ele></trkpt>
      <trkpt lat="47.377773" lon="0.536619"><ele>43.0</ele></trkpt>
      <trkpt lat="47.378019" lon="0.537432"><ele>43.0</ele></trkpt>
      <trkpt lat="47.378086" lon="0.537618"><ele>43.5</ele></trkpt>
      <trkpt lat="47.378231" lon="0.537994"><ele>44.2</ele></trkpt>
      <trkpt lat="47.378734" lon="0.539239"><ele>45.8</ele></trkpt>
      <trkpt lat="47.378848" lon="0.539497"><ele>45.2</ele></trkpt>
      <trkpt lat="47.378945" lon="0.539717"><ele>46.0</ele></trkpt>
      <trkpt lat="47.379240" lon="0.540313"><ele>47.5</ele></trkpt>
      <trkpt lat="47.379740" lon="0.541316"><ele>48.0</ele></trkpt>
      <trkpt lat="47.379891" lon="0.541687"><ele>46.2</ele></trkpt>
      <trkpt lat="47.380342" lon="0.542613"><ele>48.2</ele></trkpt>
      <trkpt lat="47.380572" lon="0.543102"><ele>48.2</ele></trkpt>
      <trkpt lat="47.380721" lon="0.543480"><ele>48.8</ele></trkpt>
      <trkpt lat="47.380859" lon="0.543876"><ele>46.8</ele></trkpt>
      <trkpt lat="47.381172" lon="0.544695"><ele>47.8</ele></trkpt>
      <trkpt lat="47.381471" lon="0.545435"><ele>50.5</ele></trkpt>
      <trkpt lat="47.381571" lon="0.545710"><ele>51.5</ele></trkpt>
      <trkpt lat="47.381622" lon="0.545849"><ele>51.5</ele></trkpt>
      <trkpt lat="47.381703" lon="0.546104"><ele>51.2</ele></trkpt>
      <trkpt lat="47.381754" lon="0.546263"><ele>51.5</ele></trkpt>
      <trkpt lat="47.381862" lon="0.546577"><ele>51.2</ele></trkpt>
      <trkpt lat="47.381941" lon="0.546782"><ele>51.0</ele></trkpt>
      <trkpt lat="47.382001" lon="0.546973"><ele>51.2</ele></trkpt>
      <trkpt lat="47.382018" lon="0.547048"><ele>51.2</ele></trkpt>
      <trkpt lat="47.382105" lon="0.547473"><ele>50.5</ele></trkpt>
      <trkpt lat="47.382145" lon="0.547650"><ele>50.2</ele></trkpt>
      <trkpt lat="47.382250" lon="0.548115"><ele>49.8</ele></trkpt>
      <trkpt lat="47.382399" lon="0.548770"><ele>49.0</ele></trkpt>
      <trkpt lat="47.382410" lon="0.548823"><ele>48.8</ele></trkpt>
      <trkpt lat="47.382476" lon="0.549081"><ele>48.8</ele></trkpt>
      <trkpt lat="47.382548" lon="0.549361"><ele>50.0</ele></trkpt>
      <trkpt lat="47.382623" lon="0.549647"><ele>52.0</ele></trkpt>
      <trkpt lat="47.382640" lon="0.549708"><ele>52.5</ele></trkpt>
      <trkpt lat="47.382654" lon="0.549760"><ele>52.8</ele></trkpt>
      <trkpt lat="47.382789" lon="0.550252"><ele>52.5</ele></trkpt>
      <trkpt lat="47.382834" lon="0.550418"><ele>51.8</ele></trkpt>
      <trkpt lat="47.383055" lon="0.551212"><ele>48.2</ele></trkpt>
      <trkpt lat="47.383111" lon="0.551413"><ele>48.5</ele></trkpt>
      <trkpt lat="47.383164" lon="0.551597"><ele>48.8</ele></trkpt>
      <trkpt lat="47.383207" lon="0.551711"><ele>48.8</ele></trkpt>
      <trkpt lat="47.383325" lon="0.551962"><ele>48.8</ele></trkpt>
      <trkpt lat="47.383517" lon="0.552337"><ele>48.8</ele></trkpt>
      <trkpt lat="47.383553" lon="0.552423"><ele>48.8</ele></trkpt>
      <trkpt lat="47.383936" lon="0.553330"><ele>48.5</ele></trkpt>
      <trkpt lat="47.384103" lon="0.553689"><ele>49.2</ele></trkpt>
      <trkpt lat="47.384163" lon="0.554005"><ele>48.5</ele></trkpt>
      <trkpt lat="47.384173" lon="0.554138"><ele>48.0</ele></trkpt>
      <trkpt lat="47.384112" lon="0.554285"><ele>47.8</ele></trkpt>
      <trkpt lat="47.384108" lon="0.554335"><ele>47.8</ele></trkpt>
      <trkpt lat="47.384025" lon="0.554343"><ele>47.2</ele></trkpt>
      <trkpt lat="47.383922" lon="0.554393"><ele>47.0</ele></trkpt>
      <trkpt lat="47.383825" lon="0.554455"><ele>46.8</ele></trkpt>
      <trkpt lat="47.383743" lon="0.554490"><ele>46.2</ele></trkpt>
      <trkpt lat="47.383663" lon="0.554505"><ele>46.0</ele></trkpt>
      <trkpt lat="47.383439" lon="0.554530"><ele>45.8</ele></trkpt>
      <trkpt lat="47.383314" lon="0.554597"><ele>45.2</ele></trkpt>
      <trkpt lat="47.383145" lon="0.554682"><ele>45.0</ele></trkpt>
      <trkpt lat="47.382665" lon="0.554964"><ele>44.0</ele></trkpt>
      <trkpt lat="47.382447" lon="0.555091"><ele>44.2</ele></trkpt>
      <trkpt lat="47.382280" lon="0.555188"><ele>44.2</ele></trkpt>
      <trkpt lat="47.382142" lon="0.555303"><ele>44.2</ele></trkpt>
      <trkpt lat="47.382077" lon="0.555404"><ele>44.2</ele></trkpt>
      <trkpt lat="47.382016" lon="0.555510"><ele>44.0</ele></trkpt>
      <trkpt lat="47.381965" lon="0.555624"><ele>44.0</ele></trkpt>
      <trkpt lat="47.381888" lon="0.555869"><ele>43.8</ele></trkpt>
      <trkpt lat="47.381842" lon="0.556013"><ele>43.5</ele></trkpt>
      <trkpt lat="47.381707" lon="0.556463"><ele>43.0</ele></trkpt>
      <trkpt lat="47.381609" lon="0.556779"><ele>43.8</ele></trkpt>
      <trkpt lat="47.381333" lon="0.557715"><ele>43.0</ele></trkpt>
      <trkpt lat="47.381243" lon="0.558029"><ele>43.5</ele></trkpt>
      <trkpt lat="47.381137" lon="0.558235"><ele>43.8</ele></trkpt>
      <trkpt lat="47.381020" lon="0.558364"><ele>43.5</ele></trkpt>
      <trkpt lat="47.380879" lon="0.558484"><ele>43.5</ele></trkpt>
      <trkpt lat="47.380673" lon="0.558619"><ele>44.0</ele></trkpt>
      <trkpt lat="47.380602" lon="0.558667"><ele>44.0</ele></trkpt>
      <trkpt lat="47.380421" lon="0.558789"><ele>44.0</ele></trkpt>
      <trkpt lat="47.379878" lon="0.559156"><ele>43.5</ele></trkpt>
      <trkpt lat="47.379428" lon="0.559460"><ele>44.0</ele></trkpt>
      <trkpt lat="47.378724" lon="0.559996"><ele>44.0</ele></trkpt>
      <trkpt lat="47.378115" lon="0.560537"><ele>44.0</ele></trkpt>
      <trkpt lat="47.377845" lon="0.560765"><ele>44.5</ele></trkpt>
      <trkpt lat="47.377664" lon="0.560909"><ele>44.8</ele></trkpt>
      <trkpt lat="47.377384" lon="0.561109"><ele>47.8</ele></trkpt>
      <trkpt lat="47.377373" lon="0.561117"><ele>47.8</ele></trkpt>
      <trkpt lat="47.377355" lon="0.561130"><ele>47.8</ele></trkpt>
      <trkpt lat="47.377319" lon="0.561155"><ele>48.0</ele></trkpt>
      <trkpt lat="47.377270" lon="0.561176"><ele>48.2</ele></trkpt>
      <trkpt lat="47.377292" lon="0.561275"><ele>47.8</ele></trkpt>
      <trkpt lat="47.377595" lon="0.562512"><ele>46.5</ele></trkpt>
      <trkpt lat="47.377675" lon="0.562781"><ele>46.5</ele></trkpt>
      <trkpt lat="47.377781" lon="0.563082"><ele>48.5</ele></trkpt>
      <trkpt lat="47.377842" lon="0.563235"><ele>46.8</ele></trkpt>
      <trkpt lat="47.378135" lon="0.563834"><ele>47.0</ele></trkpt>
      <trkpt lat="47.378838" lon="0.565235"><ele>47.5</ele></trkpt>
      <trkpt lat="47.378893" lon="0.565357"><ele>48.5</ele></trkpt>
      <trkpt lat="47.378945" lon="0.565494"><ele>47.2</ele></trkpt>
      <trkpt lat="47.379229" lon="0.566369"><ele>47.0</ele></trkpt>
      <trkpt lat="47.379387" lon="0.566970"><ele>47.0</ele></trkpt>
      <trkpt lat="47.379483" lon="0.567374"><ele>47.8</ele></trkpt>
      <trkpt lat="47.379604" lon="0.567846"><ele>46.0</ele></trkpt>
      <trkpt lat="47.379797" lon="0.568466"><ele>47.2</ele></trkpt>
      <trkpt lat="47.380216" lon="0.569737"><ele>47.8</ele></trkpt>
      <trkpt lat="47.380447" lon="0.570459"><ele>46.8</ele></trkpt>
      <trkpt lat="47.380552" lon="0.570732"><ele>48.8</ele></trkpt>
      <trkpt lat="47.381019" lon="0.571845"><ele>47.2</ele></trkpt>
      <trkpt lat="47.381159" lon="0.572199"><ele>48.0</ele></trkpt>
      <trkpt lat="47.381272" lon="0.572492"><ele>47.5</ele></trkpt>
      <trkpt lat="47.381415" lon="0.572907"><ele>48.5</ele></trkpt>
      <trkpt lat="47.381527" lon="0.573269"><ele>46.0</ele></trkpt>
      <trkpt lat="47.381633" lon="0.573700"><ele>48.2</ele></trkpt>
      <trkpt lat="47.381841" lon="0.574610"><ele>46.5</ele></trkpt>
      <trkpt lat="47.381892" lon="0.574862"><ele>47.5</ele></trkpt>
      <trkpt lat="47.382197" lon="0.576997"><ele>48.5</ele></trkpt>
      <trkpt lat="47.382270" lon="0.577442"><ele>48.0</ele></trkpt>
      <trkpt lat="47.382623" lon="0.579348"><ele>46.5</ele></trkpt>
      <trkpt lat="47.382682" lon="0.579712"><ele>47.8</ele></trkpt>
      <trkpt lat="47.382858" lon="0.581150"><ele>47.0</ele></trkpt>
      <trkpt lat="47.382899" lon="0.581596"><ele>46.2</ele></trkpt>
      <trkpt lat="47.382944" lon="0.582339"><ele>47.0</ele></trkpt>
      <trkpt lat="47.382995" lon="0.582834"><ele>48.0</ele></trkpt>
      <trkpt lat="47.383010" lon="0.582961"><ele>48.8</ele></trkpt>
      <trkpt lat="47.383045" lon="0.583170"><ele>49.8</ele></trkpt>
      <trkpt lat="47.383080" lon="0.583337"><ele>49.5</ele></trkpt>
      <trkpt lat="47.383134" lon="0.583547"><ele>47.5</ele></trkpt>
      <trkpt lat="47.383187" lon="0.583721"><ele>46.8</ele></trkpt>
      <trkpt lat="47.383272" lon="0.583958"><ele>48.0</ele></trkpt>
      <trkpt lat="47.383578" lon="0.584755"><ele>49.2</ele></trkpt>
      <trkpt lat="47.383690" lon="0.585122"><ele>47.2</ele></trkpt>
      <trkpt lat="47.383730" lon="0.585307"><ele>46.8</ele></trkpt>
      <trkpt lat="47.383764" lon="0.585483"><ele>47.0</ele></trkpt>
      <trkpt lat="47.383892" lon="0.586376"><ele>48.8</ele></trkpt>
      <trkpt lat="47.384044" lon="0.587714"><ele>47.2</ele></trkpt>
      <trkpt lat="47.384130" lon="0.588394"><ele>48.5</ele></trkpt>
      <trkpt lat="47.384273" lon="0.589303"><ele>47.2</ele></trkpt>
      <trkpt lat="47.384338" lon="0.589809"><ele>48.2</ele></trkpt>
      <trkpt lat="47.384364" lon="0.590160"><ele>48.5</ele></trkpt>
      <trkpt lat="47.384426" lon="0.591135"><ele>49.5</ele></trkpt>
      <trkpt lat="47.384440" lon="0.591392"><ele>49.8</ele></trkpt>
      <trkpt lat="47.384453" lon="0.591638"><ele>49.8</ele></trkpt>
      <trkpt lat="47.384558" lon="0.593800"><ele>47.0</ele></trkpt>
      <trkpt lat="47.384581" lon="0.594099"><ele>46.5</ele></trkpt>
      <trkpt lat="47.384714" lon="0.595140"><ele>49.8</ele></trkpt>
      <trkpt lat="47.384798" lon="0.595714"><ele>48.0</ele></trkpt>
      <trkpt lat="47.384887" lon="0.596464"><ele>47.0</ele></trkpt>
      <trkpt lat="47.384945" lon="0.597009"><ele>47.8</ele></trkpt>
      <trkpt lat="47.385071" lon="0.598573"><ele>47.2</ele></trkpt>
      <trkpt lat="47.385253" lon="0.600566"><ele>49.0</ele></trkpt>
      <trkpt lat="47.385309" lon="0.601078"><ele>48.5</ele></trkpt>
      <trkpt lat="47.385406" lon="0.602195"><ele>47.2</ele></trkpt>
      <trkpt lat="47.385462" lon="0.602695"><ele>47.2</ele></trkpt>
      <trkpt lat="47.385528" lon="0.603069"><ele>49.0</ele></trkpt>
      <trkpt lat="47.385748" lon="0.604217"><ele>48.2</ele></trkpt>
      <trkpt lat="47.385864" lon="0.604716"><ele>49.0</ele></trkpt>
      <trkpt lat="47.386157" lon="0.605898"><ele>48.0</ele></trkpt>
      <trkpt lat="47.386245" lon="0.606311"><ele>46.5</ele></trkpt>
      <trkpt lat="47.386332" lon="0.606804"><ele>48.2</ele></trkpt>
      <trkpt lat="47.386613" lon="0.608583"><ele>48.8</ele></trkpt>
      <trkpt lat="47.386738" lon="0.609163"><ele>48.0</ele></trkpt>
      <trkpt lat="47.386887" lon="0.609907"><ele>49.0</ele></trkpt>
      <trkpt lat="47.386953" lon="0.610420"><ele>49.8</ele></trkpt>
      <trkpt lat="47.386976" lon="0.610641"><ele>49.8</ele></trkpt>
      <trkpt lat="47.386981" lon="0.610730"><ele>49.8</ele></trkpt>
      <trkpt lat="47.386986" lon="0.610866"><ele>49.8</ele></trkpt>
      <trkpt lat="47.387001" lon="0.611668"><ele>49.0</ele></trkpt>
      <trkpt lat="47.387039" lon="0.612462"><ele>47.5</ele></trkpt>
      <trkpt lat="47.387095" lon="0.613339"><ele>47.5</ele></trkpt>
      <trkpt lat="47.387129" lon="0.614001"><ele>47.5</ele></trkpt>
      <trkpt lat="47.387172" lon="0.614384"><ele>48.2</ele></trkpt>
      <trkpt lat="47.387219" lon="0.614690"><ele>49.8</ele></trkpt>
      <trkpt lat="47.387319" lon="0.615131"><ele>48.0</ele></trkpt>
      <trkpt lat="47.387575" lon="0.616044"><ele>48.5</ele></trkpt>
      <trkpt lat="47.387784" lon="0.616927"><ele>49.8</ele></trkpt>
      <trkpt lat="47.387938" lon="0.617494"><ele>48.2</ele></trkpt>
      <trkpt lat="47.388031" lon="0.617878"><ele>49.2</ele></trkpt>
      <trkpt lat="47.388153" lon="0.618441"><ele>48.5</ele></trkpt>
      <trkpt lat="47.388296" lon="0.619207"><ele>49.0</ele></trkpt>
      <trkpt lat="47.388715" lon="0.622045"><ele>47.8</ele></trkpt>
      <trkpt lat="47.389313" lon="0.624818"><ele>48.5</ele></trkpt>
      <trkpt lat="47.389445" lon="0.625611"><ele>50.8</ele></trkpt>
      <trkpt lat="47.389512" lon="0.626078"><ele>49.0</ele></trkpt>
      <trkpt lat="47.389719" lon="0.628251"><ele>50.8</ele></trkpt>
      <trkpt lat="47.389762" lon="0.628835"><ele>49.2</ele></trkpt>
      <trkpt lat="47.389884" lon="0.630023"><ele>47.8</ele></trkpt>
      <trkpt lat="47.389969" lon="0.630750"><ele>49.8</ele></trkpt>
      <trkpt lat="47.390048" lon="0.631271"><ele>49.2</ele></trkpt>
      <trkpt lat="47.390157" lon="0.631978"><ele>48.0</ele></trkpt>
      <trkpt lat="47.390241" lon="0.632433"><ele>49.8</ele></trkpt>
      <trkpt lat="47.390561" lon="0.634043"><ele>50.2</ele></trkpt>
      <trkpt lat="47.390839" lon="0.635761"><ele>50.8</ele></trkpt>
      <trkpt lat="47.391038" lon="0.636771"><ele>48.5</ele></trkpt>
      <trkpt lat="47.391137" lon="0.637332"><ele>50.2</ele></trkpt>
      <trkpt lat="47.391228" lon="0.637868"><ele>47.8</ele></trkpt>
      <trkpt lat="47.391284" lon="0.638402"><ele>48.5</ele></trkpt>
      <trkpt lat="47.391294" lon="0.638543"><ele>48.8</ele></trkpt>
      <trkpt lat="47.391315" lon="0.638653"><ele>49.2</ele></trkpt>
      <trkpt lat="47.391350" lon="0.638653"><ele>50.0</ele></trkpt>
      <trkpt lat="47.391386" lon="0.639340"><ele>49.8</ele></trkpt>
      <trkpt lat="47.391309" lon="0.639309"><ele>48.2</ele></trkpt>
      <trkpt lat="47.391097" lon="0.638456"><ele>44.8</ele></trkpt>
      <trkpt lat="47.390996" lon="0.638420"><ele>44.0</ele></trkpt>
      <trkpt lat="47.391015" lon="0.638703"><ele>44.2</ele></trkpt>
      <trkpt lat="47.391143" lon="0.639495"><ele>44.5</ele></trkpt>
      <trkpt lat="47.391261" lon="0.639841"><ele>46.0</ele></trkpt>
      <trkpt lat="47.391464" lon="0.640718"><ele>45.0</ele></trkpt>
      <trkpt lat="47.391594" lon="0.641213"><ele>46.8</ele></trkpt>
      <trkpt lat="47.391710" lon="0.641698"><ele>45.2</ele></trkpt>
      <trkpt lat="47.391825" lon="0.642447"><ele>46.8</ele></trkpt>
      <trkpt lat="47.391875" lon="0.642592"><ele>47.5</ele></trkpt>
      <trkpt lat="47.392011" lon="0.643057"><ele>46.8</ele></trkpt>
      <trkpt lat="47.392053" lon="0.643124"><ele>47.2</ele></trkpt>
      <trkpt lat="47.392059" lon="0.643181"><ele>47.2</ele></trkpt>
      <trkpt lat="47.392247" lon="0.644093"><ele>50.0</ele></trkpt>
      <trkpt lat="47.392375" lon="0.644713"><ele>47.8</ele></trkpt>
      <trkpt lat="47.392447" lon="0.645001"><ele>48.8</ele></trkpt>
      <trkpt lat="47.392617" lon="0.645567"><ele>48.0</ele></trkpt>
      <trkpt lat="47.392729" lon="0.645917"><ele>49.2</ele></trkpt>
      <trkpt lat="47.392866" lon="0.646322"><ele>48.0</ele></trkpt>
      <trkpt lat="47.392955" lon="0.646501"><ele>48.2</ele></trkpt>
      <trkpt lat="47.393013" lon="0.646618"><ele>49.0</ele></trkpt>
      <trkpt lat="47.393078" lon="0.646727"><ele>48.8</ele></trkpt>
      <trkpt lat="47.393132" lon="0.646749"><ele>48.5</ele></trkpt>
      <trkpt lat="47.393234" lon="0.646872"><ele>47.8</ele></trkpt>
      <trkpt lat="47.393317" lon="0.647024"><ele>48.2</ele></trkpt>
      <trkpt lat="47.393364" lon="0.647182"><ele>48.8</ele></trkpt>
      <trkpt lat="47.393420" lon="0.647432"><ele>47.8</ele></trkpt>
      <trkpt lat="47.393387" lon="0.647445"><ele>47.0</ele></trkpt>
      <trkpt lat="47.393435" lon="0.647775"><ele>47.0</ele></trkpt>
      <trkpt lat="47.393430" lon="0.647849"><ele>46.8</ele></trkpt>
      <trkpt lat="47.393467" lon="0.648059"><ele>46.8</ele></trkpt>
      <trkpt lat="47.393434" lon="0.648087"><ele>46.2</ele></trkpt>
      <trkpt lat="47.393377" lon="0.648259"><ele>45.0</ele></trkpt>
      <trkpt lat="47.393383" lon="0.648412"><ele>44.5</ele></trkpt>
      <trkpt lat="47.393439" lon="0.648650"><ele>44.2</ele></trkpt>
      <trkpt lat="47.393696" lon="0.649276"><ele>46.2</ele></trkpt>
      <trkpt lat="47.393785" lon="0.649552"><ele>46.8</ele></trkpt>
      <trkpt lat="47.393823" lon="0.649667"><ele>46.5</ele></trkpt>
      <trkpt lat="47.393925" lon="0.649899"><ele>47.2</ele></trkpt>
      <trkpt lat="47.394404" lon="0.651985"><ele>47.8</ele></trkpt>
      <trkpt lat="47.394698" lon="0.653379"><ele>47.0</ele></trkpt>
      <trkpt lat="47.394917" lon="0.654527"><ele>47.2</ele></trkpt>
      <trkpt lat="47.395044" lon="0.655173"><ele>46.5</ele></trkpt>
      <trkpt lat="47.395204" lon="0.656068"><ele>46.8</ele></trkpt>
      <trkpt lat="47.395183" lon="0.656105"><ele>46.0</ele></trkpt>
      <trkpt lat="47.395222" lon="0.656309"><ele>46.8</ele></trkpt>
      <trkpt lat="47.395251" lon="0.656606"><ele>44.5</ele></trkpt>
      <trkpt lat="47.395366" lon="0.657009"><ele>44.8</ele></trkpt>
      <trkpt lat="47.395422" lon="0.657324"><ele>45.2</ele></trkpt>
      <trkpt lat="47.395587" lon="0.657930"><ele>44.0</ele></trkpt>
      <trkpt lat="47.395612" lon="0.658017"><ele>44.2</ele></trkpt>
      <trkpt lat="47.395756" lon="0.658552"><ele>44.0</ele></trkpt>
      <trkpt lat="47.395807" lon="0.658712"><ele>43.5</ele></trkpt>
      <trkpt lat="47.395818" lon="0.658786"><ele>43.2</ele></trkpt>
      <trkpt lat="47.395822" lon="0.658897"><ele>42.8</ele></trkpt>
      <trkpt lat="47.395832" lon="0.658983"><ele>42.8</ele></trkpt>
      <trkpt lat="47.395886" lon="0.659245"><ele>44.0</ele></trkpt>
      <trkpt lat="47.395983" lon="0.659871"><ele>44.0</ele></trkpt>
      <trkpt lat="47.396041" lon="0.660137"><ele>44.0</ele></trkpt>
      <trkpt lat="47.396077" lon="0.660217"><ele>44.5</ele></trkpt>
      <trkpt lat="47.396147" lon="0.660301"><ele>46.0</ele></trkpt>
      <trkpt lat="47.396170" lon="0.660401"><ele>46.2</ele></trkpt>
      <trkpt lat="47.396258" lon="0.660673"><ele>48.5</ele></trkpt>
      <trkpt lat="47.396307" lon="0.661119"><ele>48.5</ele></trkpt>
      <trkpt lat="47.396363" lon="0.661410"><ele>47.2</ele></trkpt>
      <trkpt lat="47.396471" lon="0.661790"><ele>47.8</ele></trkpt>
      <trkpt lat="47.396568" lon="0.662222"><ele>48.0</ele></trkpt>
      <trkpt lat="47.396595" lon="0.662398"><ele>47.2</ele></trkpt>
      <trkpt lat="47.396616" lon="0.662467"><ele>47.0</ele></trkpt>
      <trkpt lat="47.396663" lon="0.662570"><ele>47.2</ele></trkpt>
      <trkpt lat="47.396675" lon="0.662614"><ele>47.5</ele></trkpt>
      <trkpt lat="47.396683" lon="0.662718"><ele>47.0</ele></trkpt>
      <trkpt lat="47.396676" lon="0.662810"><ele>46.2</ele></trkpt>
      <trkpt lat="47.396678" lon="0.662854"><ele>46.0</ele></trkpt>
      <trkpt lat="47.396785" lon="0.663253"><ele>47.2</ele></trkpt>
      <trkpt lat="47.396830" lon="0.663513"><ele>47.2</ele></trkpt>
      <trkpt lat="47.396894" lon="0.663787"><ele>47.0</ele></trkpt>
      <trkpt lat="47.396932" lon="0.664020"><ele>45.8</ele></trkpt>
      <trkpt lat="47.396965" lon="0.664117"><ele>46.0</ele></trkpt>
      <trkpt lat="47.396977" lon="0.664174"><ele>46.0</ele></trkpt>
      <trkpt lat="47.396987" lon="0.664296"><ele>45.8</ele></trkpt>
      <trkpt lat="47.397024" lon="0.664484"><ele>46.8</ele></trkpt>
      <trkpt lat="47.397038" lon="0.664659"><ele>46.8</ele></trkpt>
      <trkpt lat="47.397076" lon="0.664838"><ele>47.8</ele></trkpt>
      <trkpt lat="47.397091" lon="0.664998"><ele>47.8</ele></trkpt>
      <trkpt lat="47.397105" lon="0.665061"><ele>47.8</ele></trkpt>
      <trkpt lat="47.397130" lon="0.665125"><ele>48.2</ele></trkpt>
      <trkpt lat="47.397139" lon="0.665178"><ele>48.0</ele></trkpt>
      <trkpt lat="47.397133" lon="0.665318"><ele>47.2</ele></trkpt>
      <trkpt lat="47.397138" lon="0.665416"><ele>47.0</ele></trkpt>
      <trkpt lat="47.397180" lon="0.665753"><ele>47.2</ele></trkpt>
      <trkpt lat="47.397213" lon="0.665909"><ele>47.5</ele></trkpt>
      <trkpt lat="47.397232" lon="0.666031"><ele>47.5</ele></trkpt>
      <trkpt lat="47.397252" lon="0.666359"><ele>46.0</ele></trkpt>
      <trkpt lat="47.397257" lon="0.666437"><ele>45.8</ele></trkpt>
      <trkpt lat="47.397273" lon="0.666540"><ele>46.0</ele></trkpt>
      <trkpt lat="47.397303" lon="0.666632"><ele>46.2</ele></trkpt>
      <trkpt lat="47.397328" lon="0.666744"><ele>46.8</ele></trkpt>
      <trkpt lat="47.397331" lon="0.666786"><ele>46.5</ele></trkpt>
      <trkpt lat="47.397326" lon="0.666820"><ele>46.2</ele></trkpt>
      <trkpt lat="47.397293" lon="0.666913"><ele>45.0</ele></trkpt>
      <trkpt lat="47.397288" lon="0.666955"><ele>44.8</ele></trkpt>
      <trkpt lat="47.397295" lon="0.667068"><ele>45.0</ele></trkpt>
      <trkpt lat="47.397307" lon="0.667147"><ele>45.2</ele></trkpt>
      <trkpt lat="47.397361" lon="0.667397"><ele>46.2</ele></trkpt>
      <trkpt lat="47.397403" lon="0.667507"><ele>47.0</ele></trkpt>
      <trkpt lat="47.397484" lon="0.667733"><ele>47.8</ele></trkpt>
      <trkpt lat="47.397613" lon="0.668325"><ele>48.2</ele></trkpt>
      <trkpt lat="47.397653" lon="0.668346"><ele>49.2</ele></trkpt>
      <trkpt lat="47.397827" lon="0.669307"><ele>51.0</ele></trkpt>
      <trkpt lat="47.397860" lon="0.669471"><ele>50.5</ele></trkpt>
      <trkpt lat="47.397933" lon="0.669756"><ele>50.8</ele></trkpt>
      <trkpt lat="47.398064" lon="0.670078"><ele>50.2</ele></trkpt>
      <trkpt lat="47.398306" lon="0.670707"><ele>52.2</ele></trkpt>
      <trkpt lat="47.398687" lon="0.672215"><ele>50.5</ele></trkpt>
      <trkpt lat="47.398837" lon="0.672621"><ele>50.8</ele></trkpt>
      <trkpt lat="47.398987" lon="0.673120"><ele>50.5</ele></trkpt>
      <trkpt lat="47.399056" lon="0.673341"><ele>50.0</ele></trkpt>
      <trkpt lat="47.399117" lon="0.673573"><ele>50.5</ele></trkpt>
      <trkpt lat="47.399157" lon="0.673780"><ele>51.0</ele></trkpt>
      <trkpt lat="47.399213" lon="0.674005"><ele>50.8</ele></trkpt>
      <trkpt lat="47.399238" lon="0.673987"><ele>52.0</ele></trkpt>
      <trkpt lat="47.399260" lon="0.673971"><ele>53.0</ele></trkpt>
      <trkpt lat="47.399540" lon="0.674925"><ele>52.2</ele></trkpt>
      <trkpt lat="47.399558" lon="0.674997"><ele>52.5</ele></trkpt>
      <trkpt lat="47.399564" lon="0.675076"><ele>52.0</ele></trkpt>
      <trkpt lat="47.399561" lon="0.675103"><ele>51.8</ele></trkpt>
      <trkpt lat="47.399541" lon="0.675159"><ele>51.8</ele></trkpt>
      <trkpt lat="47.399498" lon="0.675203"><ele>51.8</ele></trkpt>
      <trkpt lat="47.397373" lon="0.676281"><ele>50.8</ele></trkpt>
      <trkpt lat="47.396085" lon="0.676924"><ele>50.2</ele></trkpt>
      <trkpt lat="47.396068" lon="0.676956"><ele>50.2</ele></trkpt>
      <trkpt lat="47.396036" lon="0.676983"><ele>50.5</ele></trkpt>
      <trkpt lat="47.395970" lon="0.677016"><ele>51.0</ele></trkpt>
      <trkpt lat="47.395979" lon="0.677060"><ele>50.8</ele></trkpt>
      <trkpt lat="47.395988" lon="0.677098"><ele>50.8</ele></trkpt>
      <trkpt lat="47.395995" lon="0.677131"><ele>50.8</ele></trkpt>
      <trkpt lat="47.396003" lon="0.677170"><ele>50.8</ele></trkpt>
      <trkpt lat="47.396011" lon="0.677205"><ele>50.8</ele></trkpt>
      <trkpt lat="47.396015" lon="0.677224"><ele>51.0</ele></trkpt>
      <trkpt lat="47.396060" lon="0.677435"><ele>51.8</ele></trkpt>
      <trkpt lat="47.396092" lon="0.677588"><ele>51.8</ele></trkpt>
      <trkpt lat="47.396170" lon="0.677960"><ele>50.8</ele></trkpt>
      <trkpt lat="47.396237" lon="0.678277"><ele>50.0</ele></trkpt>
      <trkpt lat="47.396267" lon="0.678422"><ele>49.8</ele></trkpt>
      <trkpt lat="47.396292" lon="0.678546"><ele>50.0</ele></trkpt>
      <trkpt lat="47.396339" lon="0.678779"><ele>50.5</ele></trkpt>
      <trkpt lat="47.396386" lon="0.679013"><ele>51.2</ele></trkpt>
      <trkpt lat="47.396389" lon="0.679031"><ele>51.5</ele></trkpt>
      <trkpt lat="47.396432" lon="0.679245"><ele>51.0</ele></trkpt>
      <trkpt lat="47.396476" lon="0.679471"><ele>50.0</ele></trkpt>
      <trkpt lat="47.396584" lon="0.680016"><ele>50.2</ele></trkpt>
      <trkpt lat="47.396595" lon="0.680174"><ele>50.2</ele></trkpt>
      <trkpt lat="47.396640" lon="0.680803"><ele>51.8</ele></trkpt>
      <trkpt lat="47.396683" lon="0.681416"><ele>51.2</ele></trkpt>
      <trkpt lat="47.396725" lon="0.682017"><ele>50.8</ele></trkpt>
      <trkpt lat="47.396733" lon="0.682122"><ele>50.5</ele></trkpt>
      <trkpt lat="47.396684" lon="0.682650"><ele>50.8</ele></trkpt>
      <trkpt lat="47.396663" lon="0.682881"><ele>50.2</ele></trkpt>
      <trkpt lat="47.396598" lon="0.683580"><ele>51.0</ele></trkpt>
      <trkpt lat="47.396562" lon="0.683784"><ele>51.5</ele></trkpt>
      <trkpt lat="47.396540" lon="0.683797"><ele>51.8</ele></trkpt>
      <trkpt lat="47.396493" lon="0.683825"><ele>52.0</ele></trkpt>
      <trkpt lat="47.396465" lon="0.683754"><ele>52.0</ele></trkpt>
      <trkpt lat="47.396449" lon="0.683723"><ele>52.0</ele></trkpt>
      <trkpt lat="47.396422" lon="0.683697"><ele>52.0</ele></trkpt>
      <trkpt lat="47.396386" lon="0.683681"><ele>52.0</ele></trkpt>
      <trkpt lat="47.396359" lon="0.683676"><ele>52.0</ele></trkpt>
      <trkpt lat="47.396338" lon="0.683680"><ele>52.0</ele></trkpt>
      <trkpt lat="47.396271" lon="0.683693"><ele>52.0</ele></trkpt>
      <trkpt lat="47.396258" lon="0.683695"><ele>52.0</ele></trkpt>
      <trkpt lat="47.396225" lon="0.683712"><ele>52.0</ele></trkpt>
      <trkpt lat="47.396216" lon="0.683717"><ele>52.0</ele></trkpt>
      <trkpt lat="47.396199" lon="0.683774"><ele>52.0</ele></trkpt>
      <trkpt lat="47.396190" lon="0.683847"><ele>52.0</ele></trkpt>
      <trkpt lat="47.396177" lon="0.683867"><ele>52.0</ele></trkpt>
      <trkpt lat="47.395016" lon="0.684356"><ele>51.8</ele></trkpt>
      <trkpt lat="47.394955" lon="0.684378"><ele>52.0</ele></trkpt>
      <trkpt lat="47.394903" lon="0.684398"><ele>52.0</ele></trkpt>
      <trkpt lat="47.394291" lon="0.684667"><ele>52.0</ele></trkpt>
      <trkpt lat="47.394230" lon="0.684692"><ele>52.0</ele></trkpt>
      <trkpt lat="47.394240" lon="0.684744"><ele>52.0</ele></trkpt>
      <trkpt lat="47.394198" lon="0.684762"><ele>52.0</ele></trkpt>
      <trkpt lat="47.394100" lon="0.684804"><ele>52.8</ele></trkpt>
      <trkpt lat="47.393594" lon="0.685026"><ele>52.8</ele></trkpt>
      <trkpt lat="47.393584" lon="0.684972"><ele>52.8</ele></trkpt>
      <trkpt lat="47.393539" lon="0.684994"><ele>52.5</ele></trkpt>
      <trkpt lat="47.393493" lon="0.685015"><ele>52.5</ele></trkpt>
      <trkpt lat="47.393018" lon="0.685224"><ele>52.0</ele></trkpt>
      <trkpt lat="47.392967" lon="0.685246"><ele>52.0</ele></trkpt>
      <trkpt lat="47.392924" lon="0.685266"><ele>52.0</ele></trkpt>
      <trkpt lat="47.392465" lon="0.685466"><ele>51.2</ele></trkpt>
      <trkpt lat="47.392410" lon="0.685490"><ele>51.0</ele></trkpt>
      <trkpt lat="47.392361" lon="0.685516"><ele>51.0</ele></trkpt>
      <trkpt lat="47.392068" lon="0.685672"><ele>51.0</ele></trkpt>
      <trkpt lat="47.391836" lon="0.685790"><ele>51.0</ele></trkpt>
      <trkpt lat="47.391771" lon="0.685824"><ele>51.0</ele></trkpt>
      <trkpt lat="47.391716" lon="0.685853"><ele>51.0</ele></trkpt>
      <trkpt lat="47.391542" lon="0.685946"><ele>51.0</ele></trkpt>
      <trkpt lat="47.391430" lon="0.685990"><ele>51.0</ele></trkpt>
      <trkpt lat="47.391283" lon="0.686025"><ele>50.5</ele></trkpt>
      <trkpt lat="47.391124" lon="0.686041"><ele>50.2</ele></trkpt>
      <trkpt lat="47.390983" lon="0.686029"><ele>50.0</ele></trkpt>
      <trkpt lat="47.390908" lon="0.686028"><ele>50.0</ele></trkpt>
      <trkpt lat="47.390746" lon="0.686071"><ele>49.5</ele></trkpt>
      <trkpt lat="47.390556" lon="0.686141"><ele>49.0</ele></trkpt>
      <trkpt lat="47.390063" lon="0.686386"><ele>48.0</ele></trkpt>
      <trkpt lat="47.390018" lon="0.686423"><ele>48.0</ele></trkpt>
      <trkpt lat="47.389905" lon="0.686479"><ele>48.0</ele></trkpt>
      <trkpt lat="47.389850" lon="0.686505"><ele>48.0</ele></trkpt>
      <trkpt lat="47.389777" lon="0.686540"><ele>48.0</ele></trkpt>
      <trkpt lat="47.389719" lon="0.686563"><ele>48.0</ele></trkpt>
      <trkpt lat="47.389562" lon="0.686640"><ele>48.0</ele></trkpt>
      <trkpt lat="47.389324" lon="0.686762"><ele>48.0</ele></trkpt>
      <trkpt lat="47.389228" lon="0.686821"><ele>47.8</ele></trkpt>
      <trkpt lat="47.389016" lon="0.686929"><ele>48.0</ele></trkpt>
      <trkpt lat="47.388953" lon="0.686958"><ele>48.0</ele></trkpt>
      <trkpt lat="47.388890" lon="0.686992"><ele>48.0</ele></trkpt>
      <trkpt lat="47.388240" lon="0.687336"><ele>48.0</ele></trkpt>
      <trkpt lat="47.387947" lon="0.687494"><ele>48.0</ele></trkpt>
      <trkpt lat="47.387881" lon="0.687525"><ele>48.0</ele></trkpt>
      <trkpt lat="47.387886" lon="0.687582"><ele>48.0</ele></trkpt>
      <trkpt lat="47.387943" lon="0.687921"><ele>48.0</ele></trkpt>
      <trkpt lat="47.388036" lon="0.688479"><ele>48.8</ele></trkpt>
      <trkpt lat="47.388064" lon="0.688649"><ele>48.8</ele></trkpt>
      <trkpt lat="47.388135" lon="0.689082"><ele>48.8</ele></trkpt>
      <trkpt lat="47.388189" lon="0.689441"><ele>49.0</ele></trkpt>
      <trkpt lat="47.388169" lon="0.689450"><ele>49.0</ele></trkpt>
      <trkpt lat="47.388162" lon="0.689453"><ele>49.0</ele></trkpt>
      <trkpt lat="47.388136" lon="0.689476"><ele>49.0</ele></trkpt>
      <trkpt lat="47.388076" lon="0.689510"><ele>49.0</ele></trkpt>
      <trkpt lat="47.388034" lon="0.689552"><ele>48.8</ele></trkpt>
      <trkpt lat="47.387248" lon="0.689876"><ele>50.0</ele></trkpt>
      <trkpt lat="47.387202" lon="0.689895"><ele>49.8</ele></trkpt>
      <trkpt lat="47.387167" lon="0.689909"><ele>49.8</ele></trkpt>
      <trkpt lat="47.387145" lon="0.689918"><ele>49.8</ele></trkpt>
      <trkpt lat="47.387094" lon="0.689940"><ele>49.8</ele></trkpt>
      <trkpt lat="47.386551" lon="0.690176"><ele>49.5</ele></trkpt>
      <trkpt lat="47.386519" lon="0.690171"><ele>49.5</ele></trkpt>
      <trkpt lat="47.386268" lon="0.690273"><ele>49.8</ele></trkpt>
      <trkpt lat="47.386244" lon="0.690283"><ele>50.0</ele></trkpt>
      <trkpt lat="47.386157" lon="0.690318"><ele>50.0</ele></trkpt>
      <trkpt lat="47.385741" lon="0.690486"><ele>50.2</ele></trkpt>
      <trkpt lat="47.385550" lon="0.690563"><ele>50.0</ele></trkpt>
      <trkpt lat="47.385528" lon="0.690572"><ele>50.0</ele></trkpt>
      <trkpt lat="47.385451" lon="0.690604"><ele>50.0</ele></trkpt>
      <trkpt lat="47.384792" lon="0.690874"><ele>51.0</ele></trkpt>
      <trkpt lat="47.384721" lon="0.690902"><ele>50.8</ele></trkpt>
      <trkpt lat="47.384126" lon="0.691140"><ele>51.0</ele></trkpt>
      <trkpt lat="47.384048" lon="0.691175"><ele>51.0</ele></trkpt>
      <trkpt lat="47.383902" lon="0.691245"><ele>51.0</ele></trkpt>
      <trkpt lat="47.383629" lon="0.691352"><ele>50.8</ele></trkpt>
      <trkpt lat="47.383456" lon="0.691419"><ele>51.0</ele></trkpt>
      <trkpt lat="47.382990" lon="0.691609"><ele>50.5</ele></trkpt>
      <trkpt lat="47.382292" lon="0.691894"><ele>50.5</ele></trkpt>
      <trkpt lat="47.382278" lon="0.691899"><ele>50.5</ele></trkpt>
      <trkpt lat="47.382187" lon="0.691934"><ele>50.8</ele></trkpt>
      <trkpt lat="47.382197" lon="0.691972"><ele>51.0</ele></trkpt>
      <trkpt lat="47.382230" lon="0.692095"><ele>51.0</ele></trkpt>
      <trkpt lat="47.382275" lon="0.692260"><ele>50.8</ele></trkpt>
      <trkpt lat="47.382284" lon="0.692292"><ele>50.5</ele></trkpt>
      <trkpt lat="47.382300" lon="0.692354"><ele>50.5</ele></trkpt>
      <trkpt lat="47.382304" lon="0.692388"><ele>50.2</ele></trkpt>
      <trkpt lat="47.382344" lon="0.692877"><ele>49.2</ele></trkpt>
      <trkpt lat="47.382351" lon="0.692942"><ele>49.0</ele></trkpt>
      <trkpt lat="47.382357" lon="0.693006"><ele>49.0</ele></trkpt>
      <trkpt lat="47.382436" lon="0.693816"><ele>48.0</ele></trkpt>
      <trkpt lat="47.382477" lon="0.694221"><ele>48.0</ele></trkpt>
      <trkpt lat="47.382522" lon="0.694732"><ele>47.0</ele></trkpt>
      <trkpt lat="47.382518" lon="0.694781"><ele>47.2</ele></trkpt>
      <trkpt lat="47.382509" lon="0.694802"><ele>47.2</ele></trkpt>
      <trkpt lat="47.382370" lon="0.694966"><ele>47.8</ele></trkpt>
      <trkpt lat="47.382320" lon="0.695023"><ele>47.8</ele></trkpt>
      <trkpt lat="47.382467" lon="0.695282"><ele>47.0</ele></trkpt>
      <trkpt lat="47.382562" lon="0.695448"><ele>47.5</ele></trkpt>
      <trkpt lat="47.382572" lon="0.695466"><ele>47.8</ele></trkpt>
      <trkpt lat="47.382871" lon="0.695993"><ele>48.0</ele></trkpt>
      <trkpt lat="47.382887" lon="0.696050"><ele>48.0</ele></trkpt>
      <trkpt lat="47.382890" lon="0.696067"><ele>48.0</ele></trkpt>
      <trkpt lat="47.382900" lon="0.696131"><ele>48.0</ele></trkpt>
      <trkpt lat="47.382907" lon="0.696170"><ele>48.0</ele></trkpt>
      <trkpt lat="47.382923" lon="0.696256"><ele>48.0</ele></trkpt>
      <trkpt lat="47.382941" lon="0.696377"><ele>48.0</ele></trkpt>
      <trkpt lat="47.382952" lon="0.696464"><ele>48.0</ele></trkpt>
      <trkpt lat="47.382967" lon="0.696575"><ele>48.0</ele></trkpt>
      <trkpt lat="47.382972" lon="0.696604"><ele>48.0</ele></trkpt>
      <trkpt lat="47.382983" lon="0.696660"><ele>48.0</ele></trkpt>
      <trkpt lat="47.382991" lon="0.696698"><ele>48.0</ele></trkpt>
      <trkpt lat="47.383005" lon="0.696776"><ele>48.0</ele></trkpt>
      <trkpt lat="47.383029" lon="0.696832"><ele>48.0</ele></trkpt>
      <trkpt lat="47.383037" lon="0.696873"><ele>48.0</ele></trkpt>
      <trkpt lat="47.383045" lon="0.696913"><ele>48.0</ele></trkpt>
      <trkpt lat="47.383059" lon="0.696986"><ele>48.0</ele></trkpt>
      <trkpt lat="47.383130" lon="0.697363"><ele>48.0</ele></trkpt>
      <trkpt lat="47.383133" lon="0.697428"><ele>48.0</ele></trkpt>
      <trkpt lat="47.383116" lon="0.697461"><ele>48.0</ele></trkpt>
      <trkpt lat="47.383283" lon="0.698338"><ele>48.0</ele></trkpt>
      <trkpt lat="47.383304" lon="0.698451"><ele>48.0</ele></trkpt>
      <trkpt lat="47.383393" lon="0.698920"><ele>49.0</ele></trkpt>
      <trkpt lat="47.383089" lon="0.699043"><ele>49.0</ele></trkpt>
      <trkpt lat="47.382914" lon="0.699114"><ele>49.0</ele></trkpt>
      <trkpt lat="47.382864" lon="0.699134"><ele>49.0</ele></trkpt>
      <trkpt lat="47.382574" lon="0.699252"><ele>49.0</ele></trkpt>
      <trkpt lat="47.382381" lon="0.699330"><ele>49.0</ele></trkpt>
      <trkpt lat="47.382165" lon="0.699418"><ele>48.8</ele></trkpt>
      <trkpt lat="47.382119" lon="0.699437"><ele>48.8</ele></trkpt>
      <trkpt lat="47.381760" lon="0.699582"><ele>49.0</ele></trkpt>
      <trkpt lat="47.381711" lon="0.699602"><ele>49.0</ele></trkpt>
      <trkpt lat="47.381346" lon="0.699750"><ele>49.0</ele></trkpt>
      <trkpt lat="47.381284" lon="0.699778"><ele>49.0</ele></trkpt>
      <trkpt lat="47.381201" lon="0.699806"><ele>49.0</ele></trkpt>
      <trkpt lat="47.381054" lon="0.699872"><ele>49.0</ele></trkpt>
      <trkpt lat="47.381035" lon="0.699880"><ele>49.0</ele></trkpt>
      <trkpt lat="47.381023" lon="0.699885"><ele>49.0</ele></trkpt>
      <trkpt lat="47.380952" lon="0.699915"><ele>49.0</ele></trkpt>
      <trkpt lat="47.380916" lon="0.699993"><ele>49.0</ele></trkpt>
      <trkpt lat="47.380803" lon="0.700077"><ele>48.8</ele></trkpt>
      <trkpt lat="47.380776" lon="0.700088"><ele>48.8</ele></trkpt>
      <trkpt lat="47.380740" lon="0.700102"><ele>48.5</ele></trkpt>
      <trkpt lat="47.380043" lon="0.700378"><ele>48.0</ele></trkpt>
      <trkpt lat="47.379988" lon="0.700405"><ele>48.0</ele></trkpt>
      <trkpt lat="47.379933" lon="0.700431"><ele>48.0</ele></trkpt>
      <trkpt lat="47.379905" lon="0.700445"><ele>48.0</ele></trkpt>
      <trkpt lat="47.379492" lon="0.700606"><ele>48.0</ele></trkpt>
      <trkpt lat="47.379439" lon="0.700627"><ele>48.0</ele></trkpt>
      <trkpt lat="47.379390" lon="0.700646"><ele>48.0</ele></trkpt>
      <trkpt lat="47.378924" lon="0.700822"><ele>48.0</ele></trkpt>
      <trkpt lat="47.378869" lon="0.700844"><ele>48.0</ele></trkpt>
      <trkpt lat="47.378821" lon="0.700870"><ele>48.0</ele></trkpt>
      <trkpt lat="47.378572" lon="0.701026"><ele>48.0</ele></trkpt>
      <trkpt lat="47.378396" lon="0.701137"><ele>48.0</ele></trkpt>
      <trkpt lat="47.378246" lon="0.701227"><ele>48.0</ele></trkpt>
      <trkpt lat="47.378150" lon="0.701286"><ele>48.0</ele></trkpt>
      <trkpt lat="47.378098" lon="0.701318"><ele>47.8</ele></trkpt>
      <trkpt lat="47.378063" lon="0.701340"><ele>48.0</ele></trkpt>
      <trkpt lat="47.378012" lon="0.701371"><ele>48.0</ele></trkpt>
      <trkpt lat="47.377794" lon="0.701506"><ele>48.5</ele></trkpt>
      <trkpt lat="47.377247" lon="0.701861"><ele>47.8</ele></trkpt>
      <trkpt lat="47.377170" lon="0.701910"><ele>48.0</ele></trkpt>
      <trkpt lat="47.377046" lon="0.701970"><ele>48.0</ele></trkpt>
      <trkpt lat="47.377019" lon="0.701983"><ele>48.0</ele></trkpt>
      <trkpt lat="47.376944" lon="0.702020"><ele>48.0</ele></trkpt>
      <trkpt lat="47.376898" lon="0.702039"><ele>48.0</ele></trkpt>
      <trkpt lat="47.376722" lon="0.702123"><ele>48.0</ele></trkpt>
      <trkpt lat="47.376682" lon="0.702163"><ele>48.0</ele></trkpt>
      <trkpt lat="47.376578" lon="0.702217"><ele>47.5</ele></trkpt>
      <trkpt lat="47.376519" lon="0.702246"><ele>47.5</ele></trkpt>
      <trkpt lat="47.376051" lon="0.702470"><ele>47.0</ele></trkpt>
      <trkpt lat="47.375998" lon="0.702474"><ele>47.0</ele></trkpt>
      <trkpt lat="47.375873" lon="0.702527"><ele>47.0</ele></trkpt>
      <trkpt lat="47.375805" lon="0.702558"><ele>47.0</ele></trkpt>
      <trkpt lat="47.375753" lon="0.702590"><ele>47.0</ele></trkpt>
      <trkpt lat="47.375479" lon="0.702676"><ele>47.0</ele></trkpt>
      <trkpt lat="47.375452" lon="0.702683"><ele>47.0</ele></trkpt>
      <trkpt lat="47.375433" lon="0.702688"><ele>47.0</ele></trkpt>
      <trkpt lat="47.375341" lon="0.702719"><ele>47.0</ele></trkpt>
      <trkpt lat="47.375254" lon="0.702748"><ele>47.0</ele></trkpt>
      <trkpt lat="47.375193" lon="0.702759"><ele>47.0</ele></trkpt>
      <trkpt lat="47.375095" lon="0.702749"><ele>47.0</ele></trkpt>
      <trkpt lat="47.375062" lon="0.702744"><ele>47.0</ele></trkpt>
      <trkpt lat="47.375036" lon="0.702739"><ele>47.0</ele></trkpt>
      <trkpt lat="47.374765" lon="0.702752"><ele>47.8</ele></trkpt>
      <trkpt lat="47.374734" lon="0.702754"><ele>47.8</ele></trkpt>
      <trkpt lat="47.374658" lon="0.702761"><ele>48.0</ele></trkpt>
      <trkpt lat="47.374532" lon="0.702752"><ele>48.5</ele></trkpt>
      <trkpt lat="47.374361" lon="0.702739"><ele>49.0</ele></trkpt>
      <trkpt lat="47.374365" lon="0.702659"><ele>48.8</ele></trkpt>
      <trkpt lat="47.374366" lon="0.702632"><ele>48.8</ele></trkpt>
      <trkpt lat="47.374380" lon="0.702343"><ele>48.8</ele></trkpt>
      <trkpt lat="47.374376" lon="0.701995"><ele>49.2</ele></trkpt>
      <trkpt lat="47.374365" lon="0.701761"><ele>49.5</ele></trkpt>
      <trkpt lat="47.374282" lon="0.700753"><ele>50.8</ele></trkpt>
      <trkpt lat="47.374252" lon="0.700757"><ele>51.0</ele></trkpt>
      <trkpt lat="47.374223" lon="0.700762"><ele>51.2</ele></trkpt>
      <trkpt lat="47.374199" lon="0.700765"><ele>51.5</ele></trkpt>
      <trkpt lat="47.374175" lon="0.700769"><ele>51.8</ele></trkpt>
      <trkpt lat="47.374151" lon="0.700773"><ele>51.8</ele></trkpt>
      <trkpt lat="47.374141" lon="0.700774"><ele>52.0</ele></trkpt>
      <trkpt lat="47.374106" lon="0.700780"><ele>52.0</ele></trkpt>
      <trkpt lat="47.374138" lon="0.701149"><ele>52.0</ele></trkpt>
      <trkpt lat="47.374104" lon="0.701161"><ele>52.0</ele></trkpt>
      <trkpt lat="47.374038" lon="0.701188"><ele>52.0</ele></trkpt>
      <trkpt lat="47.374105" lon="0.701968"><ele>50.8</ele></trkpt>
      <trkpt lat="47.374098" lon="0.702012"><ele>50.5</ele></trkpt>
      <trkpt lat="47.374085" lon="0.702024"><ele>50.5</ele></trkpt>
      <trkpt lat="47.374058" lon="0.702068"><ele>50.2</ele></trkpt>
      <trkpt lat="47.374024" lon="0.702093"><ele>50.0</ele></trkpt>
      <trkpt lat="47.373859" lon="0.702115"><ele>49.0</ele></trkpt>
      <trkpt lat="47.373780" lon="0.702143"><ele>47.2</ele></trkpt>
      <trkpt lat="47.373797" lon="0.702219"><ele>47.2</ele></trkpt>
      <trkpt lat="47.373808" lon="0.702312"><ele>47.0</ele></trkpt>
      <trkpt lat="47.373852" lon="0.703145"><ele>47.5</ele></trkpt>
      <trkpt lat="47.373883" lon="0.703518"><ele>48.8</ele></trkpt>
      <trkpt lat="47.373903" lon="0.704050"><ele>49.0</ele></trkpt>
      <trkpt lat="47.373905" lon="0.704271"><ele>48.5</ele></trkpt>
      <trkpt lat="47.373916" lon="0.705587"><ele>46.5</ele></trkpt>
      <trkpt lat="47.373927" lon="0.706622"><ele>45.8</ele></trkpt>
      <trkpt lat="47.373937" lon="0.707270"><ele>46.5</ele></trkpt>
      <trkpt lat="47.373948" lon="0.708060"><ele>45.2</ele></trkpt>
      <trkpt lat="47.373954" lon="0.708484"><ele>45.5</ele></trkpt>
      <trkpt lat="47.373978" lon="0.710125"><ele>46.2</ele></trkpt>
      <trkpt lat="47.373982" lon="0.710386"><ele>46.5</ele></trkpt>
      <trkpt lat="47.373991" lon="0.711293"><ele>47.2</ele></trkpt>
      <trkpt lat="47.374034" lon="0.714059"><ele>48.2</ele></trkpt>
      <trkpt lat="47.374032" lon="0.714717"><ele>48.0</ele></trkpt>
      <trkpt lat="47.374068" lon="0.714895"><ele>48.5</ele></trkpt>
      <trkpt lat="47.374065" lon="0.715027"><ele>48.5</ele></trkpt>
      <trkpt lat="47.374085" lon="0.716331"><ele>48.0</ele></trkpt>
      <trkpt lat="47.374064" lon="0.716620"><ele>47.8</ele></trkpt>
      <trkpt lat="47.374082" lon="0.717585"><ele>49.2</ele></trkpt>
      <trkpt lat="47.374094" lon="0.719272"><ele>48.8</ele></trkpt>
      <trkpt lat="47.374092" lon="0.720190"><ele>48.8</ele></trkpt>
      <trkpt lat="47.374076" lon="0.721143"><ele>48.5</ele></trkpt>
      <trkpt lat="47.374100" lon="0.721219"><ele>48.5</ele></trkpt>
      <trkpt lat="47.374015" lon="0.721364"><ele>47.2</ele></trkpt>
      <trkpt lat="47.373903" lon="0.722830"><ele>47.8</ele></trkpt>
      <trkpt lat="47.373802" lon="0.723770"><ele>47.2</ele></trkpt>
      <trkpt lat="47.373754" lon="0.724138"><ele>47.0</ele></trkpt>
      <trkpt lat="47.373645" lon="0.724876"><ele>47.0</ele></trkpt>
      <trkpt lat="47.373574" lon="0.725312"><ele>47.5</ele></trkpt>
      <trkpt lat="47.373501" lon="0.725749"><ele>46.5</ele></trkpt>
      <trkpt lat="47.373408" lon="0.726241"><ele>46.5</ele></trkpt>
      <trkpt lat="47.373132" lon="0.727804"><ele>47.0</ele></trkpt>
      <trkpt lat="47.372929" lon="0.728913"><ele>46.5</ele></trkpt>
      <trkpt lat="47.372489" lon="0.731074"><ele>47.8</ele></trkpt>
      <trkpt lat="47.372104" lon="0.732619"><ele>47.0</ele></trkpt>
      <trkpt lat="47.371745" lon="0.734128"><ele>47.2</ele></trkpt>
      <trkpt lat="47.371498" lon="0.735392"><ele>47.2</ele></trkpt>
      <trkpt lat="47.371297" lon="0.736630"><ele>47.8</ele></trkpt>
      <trkpt lat="47.371169" lon="0.737562"><ele>47.8</ele></trkpt>
      <trkpt lat="47.371038" lon="0.738401"><ele>48.0</ele></trkpt>
      <trkpt lat="47.371023" lon="0.738655"><ele>48.0</ele></trkpt>
      <trkpt lat="47.371028" lon="0.738730"><ele>48.0</ele></trkpt>
      <trkpt lat="47.371041" lon="0.738767"><ele>48.0</ele></trkpt>
      <trkpt lat="47.370976" lon="0.738875"><ele>47.5</ele></trkpt>
      <trkpt lat="47.370942" lon="0.738969"><ele>47.2</ele></trkpt>
      <trkpt lat="47.370899" lon="0.739150"><ele>47.2</ele></trkpt>
      <trkpt lat="47.370791" lon="0.740008"><ele>47.5</ele></trkpt>
      <trkpt lat="47.370771" lon="0.740505"><ele>47.5</ele></trkpt>
      <trkpt lat="47.370777" lon="0.740835"><ele>47.5</ele></trkpt>
      <trkpt lat="47.370791" lon="0.741101"><ele>47.5</ele></trkpt>
      <trkpt lat="47.370824" lon="0.741354"><ele>47.8</ele></trkpt>
      <trkpt lat="47.370874" lon="0.741623"><ele>48.0</ele></trkpt>
      <trkpt lat="47.370947" lon="0.741944"><ele>47.5</ele></trkpt>
      <trkpt lat="47.371014" lon="0.742207"><ele>47.8</ele></trkpt>
      <trkpt lat="47.371099" lon="0.742460"><ele>48.0</ele></trkpt>
      <trkpt lat="47.371200" lon="0.742695"><ele>47.5</ele></trkpt>
      <trkpt lat="47.371314" lon="0.742920"><ele>48.0</ele></trkpt>
      <trkpt lat="47.371425" lon="0.743115"><ele>47.8</ele></trkpt>
      <trkpt lat="47.371581" lon="0.743357"><ele>47.8</ele></trkpt>
      <trkpt lat="47.371693" lon="0.743497"><ele>47.2</ele></trkpt>
      <trkpt lat="47.371825" lon="0.743627"><ele>47.5</ele></trkpt>
      <trkpt lat="47.372019" lon="0.743754"><ele>48.2</ele></trkpt>
      <trkpt lat="47.372954" lon="0.744701"><ele>48.0</ele></trkpt>
      <trkpt lat="47.373779" lon="0.745629"><ele>48.0</ele></trkpt>
      <trkpt lat="47.374550" lon="0.746913"><ele>48.0</ele></trkpt>
      <trkpt lat="47.375002" lon="0.747933"><ele>48.8</ele></trkpt>
      <trkpt lat="47.375309" lon="0.749044"><ele>48.8</ele></trkpt>
      <trkpt lat="47.375438" lon="0.749556"><ele>47.2</ele></trkpt>
      <trkpt lat="47.375496" lon="0.749888"><ele>47.5</ele></trkpt>
      <trkpt lat="47.375538" lon="0.750209"><ele>47.8</ele></trkpt>
      <trkpt lat="47.375573" lon="0.750893"><ele>48.5</ele></trkpt>
      <trkpt lat="47.375573" lon="0.751034"><ele>48.2</ele></trkpt>
      <trkpt lat="47.375539" lon="0.751758"><ele>48.0</ele></trkpt>
      <trkpt lat="47.375484" lon="0.752410"><ele>47.2</ele></trkpt>
      <trkpt lat="47.375431" lon="0.752891"><ele>47.0</ele></trkpt>
      <trkpt lat="47.375382" lon="0.753255"><ele>47.5</ele></trkpt>
      <trkpt lat="47.375282" lon="0.753764"><ele>48.0</ele></trkpt>
      <trkpt lat="47.375224" lon="0.753952"><ele>47.5</ele></trkpt>
      <trkpt lat="47.375140" lon="0.754186"><ele>47.5</ele></trkpt>
      <trkpt lat="47.374971" lon="0.754580"><ele>47.8</ele></trkpt>
      <trkpt lat="47.374501" lon="0.755653"><ele>48.2</ele></trkpt>
      <trkpt lat="47.374449" lon="0.755747"><ele>48.5</ele></trkpt>
      <trkpt lat="47.374351" lon="0.755868"><ele>48.5</ele></trkpt>
      <trkpt lat="47.373985" lon="0.756221"><ele>48.5</ele></trkpt>
      <trkpt lat="47.373888" lon="0.756335"><ele>48.8</ele></trkpt>
      <trkpt lat="47.373819" lon="0.756430"><ele>49.0</ele></trkpt>
      <trkpt lat="47.373746" lon="0.756566"><ele>49.0</ele></trkpt>
      <trkpt lat="47.373192" lon="0.757853"><ele>48.8</ele></trkpt>
      <trkpt lat="47.372850" lon="0.758681"><ele>48.2</ele></trkpt>
      <trkpt lat="47.372773" lon="0.758843"><ele>48.8</ele></trkpt>
      <trkpt lat="47.372539" lon="0.759437"><ele>48.0</ele></trkpt>
      <trkpt lat="47.372017" lon="0.760664"><ele>48.2</ele></trkpt>
      <trkpt lat="47.371755" lon="0.761205"><ele>48.2</ele></trkpt>
      <trkpt lat="47.371534" lon="0.761683"><ele>49.0</ele></trkpt>
      <trkpt lat="47.371402" lon="0.761941"><ele>49.0</ele></trkpt>
      <trkpt lat="47.371237" lon="0.762311"><ele>49.0</ele></trkpt>
      <trkpt lat="47.371105" lon="0.762653"><ele>49.0</ele></trkpt>
      <trkpt lat="47.370854" lon="0.763344"><ele>48.8</ele></trkpt>
      <trkpt lat="47.370678" lon="0.763887"><ele>49.0</ele></trkpt>
      <trkpt lat="47.370638" lon="0.764039"><ele>49.0</ele></trkpt>
      <trkpt lat="47.370620" lon="0.764132"><ele>49.0</ele></trkpt>
      <trkpt lat="47.370617" lon="0.764197"><ele>49.0</ele></trkpt>
      <trkpt lat="47.370653" lon="0.764906"><ele>49.0</ele></trkpt>
      <trkpt lat="47.370700" lon="0.765611"><ele>48.2</ele></trkpt>
      <trkpt lat="47.370716" lon="0.765739"><ele>48.0</ele></trkpt>
      <trkpt lat="47.370795" lon="0.766068"><ele>48.5</ele></trkpt>
      <trkpt lat="47.370847" lon="0.766367"><ele>49.0</ele></trkpt>
      <trkpt lat="47.371200" lon="0.767967"><ele>48.0</ele></trkpt>
      <trkpt lat="47.371355" lon="0.768807"><ele>48.5</ele></trkpt>
      <trkpt lat="47.371449" lon="0.769251"><ele>48.5</ele></trkpt>
      <trkpt lat="47.371484" lon="0.769471"><ele>47.5</ele></trkpt>
      <trkpt lat="47.371499" lon="0.769669"><ele>47.2</ele></trkpt>
      <trkpt lat="47.371506" lon="0.769988"><ele>47.2</ele></trkpt>
      <trkpt lat="47.371497" lon="0.770329"><ele>47.2</ele></trkpt>
      <trkpt lat="47.371468" lon="0.770669"><ele>48.5</ele></trkpt>
      <trkpt lat="47.371475" lon="0.770819"><ele>48.8</ele></trkpt>
      <trkpt lat="47.371498" lon="0.771007"><ele>49.0</ele></trkpt>
      <trkpt lat="47.371575" lon="0.771397"><ele>49.0</ele></trkpt>
      <trkpt lat="47.371651" lon="0.772005"><ele>49.0</ele></trkpt>
      <trkpt lat="47.371685" lon="0.772835"><ele>49.0</ele></trkpt>
      <trkpt lat="47.371665" lon="0.773038"><ele>49.0</ele></trkpt>
      <trkpt lat="47.371373" lon="0.774050"><ele>49.2</ele></trkpt>
      <trkpt lat="47.371317" lon="0.774133"><ele>49.2</ele></trkpt>
      <trkpt lat="47.371227" lon="0.774267"><ele>49.5</ele></trkpt>
      <trkpt lat="47.371150" lon="0.774426"><ele>49.8</ele></trkpt>
      <trkpt lat="47.371090" lon="0.774600"><ele>49.2</ele></trkpt>
      <trkpt lat="47.371052" lon="0.774782"><ele>48.5</ele></trkpt>
      <trkpt lat="47.370958" lon="0.775733"><ele>47.8</ele></trkpt>
      <trkpt lat="47.370933" lon="0.776031"><ele>48.0</ele></trkpt>
      <trkpt lat="47.370900" lon="0.776547"><ele>48.0</ele></trkpt>
      <trkpt lat="47.370891" lon="0.776913"><ele>48.0</ele></trkpt>
      <trkpt lat="47.370913" lon="0.777482"><ele>47.5</ele></trkpt>
      <trkpt lat="47.370915" lon="0.777900"><ele>47.5</ele></trkpt>
      <trkpt lat="47.370844" lon="0.779231"><ele>49.0</ele></trkpt>
      <trkpt lat="47.370818" lon="0.779488"><ele>49.0</ele></trkpt>
      <trkpt lat="47.370672" lon="0.780505"><ele>48.2</ele></trkpt>
      <trkpt lat="47.370552" lon="0.781718"><ele>49.8</ele></trkpt>
      <trkpt lat="47.370455" lon="0.782440"><ele>48.5</ele></trkpt>
      <trkpt lat="47.370389" lon="0.782747"><ele>48.8</ele></trkpt>
      <trkpt lat="47.370236" lon="0.783284"><ele>48.8</ele></trkpt>
      <trkpt lat="47.369961" lon="0.784509"><ele>49.5</ele></trkpt>
      <trkpt lat="47.369873" lon="0.784918"><ele>49.0</ele></trkpt>
      <trkpt lat="47.369847" lon="0.785009"><ele>49.0</ele></trkpt>
      <trkpt lat="47.369763" lon="0.785250"><ele>49.8</ele></trkpt>
      <trkpt lat="47.369649" lon="0.785872"><ele>49.0</ele></trkpt>
      <trkpt lat="47.369615" lon="0.786078"><ele>48.2</ele></trkpt>
      <trkpt lat="47.369566" lon="0.786828"><ele>48.5</ele></trkpt>
      <trkpt lat="47.369560" lon="0.787403"><ele>48.5</ele></trkpt>
      <trkpt lat="47.369542" lon="0.787699"><ele>49.0</ele></trkpt>
      <trkpt lat="47.369388" lon="0.788712"><ele>48.5</ele></trkpt>
      <trkpt lat="47.369311" lon="0.789103"><ele>48.0</ele></trkpt>
      <trkpt lat="47.369231" lon="0.789967"><ele>48.8</ele></trkpt>
      <trkpt lat="47.369170" lon="0.790418"><ele>49.2</ele></trkpt>
      <trkpt lat="47.368981" lon="0.792061"><ele>48.2</ele></trkpt>
      <trkpt lat="47.368933" lon="0.792286"><ele>48.2</ele></trkpt>
      <trkpt lat="47.368655" lon="0.793724"><ele>49.2</ele></trkpt>
      <trkpt lat="47.368430" lon="0.794470"><ele>48.2</ele></trkpt>
      <trkpt lat="47.368101" lon="0.795468"><ele>48.5</ele></trkpt>
      <trkpt lat="47.367674" lon="0.796827"><ele>48.8</ele></trkpt>
      <trkpt lat="47.367245" lon="0.797947"><ele>48.8</ele></trkpt>
      <trkpt lat="47.367007" lon="0.798285"><ele>48.8</ele></trkpt>
      <trkpt lat="47.366141" lon="0.799762"><ele>49.8</ele></trkpt>
      <trkpt lat="47.365775" lon="0.800339"><ele>50.0</ele></trkpt>
      <trkpt lat="47.365479" lon="0.800781"><ele>50.0</ele></trkpt>
      <trkpt lat="47.365040" lon="0.801228"><ele>49.8</ele></trkpt>
      <trkpt lat="47.363617" lon="0.803237"><ele>49.5</ele></trkpt>
      <trkpt lat="47.363077" lon="0.803768"><ele>49.0</ele></trkpt>
      <trkpt lat="47.362621" lon="0.804189"><ele>48.8</ele></trkpt>
      <trkpt lat="47.362484" lon="0.804388"><ele>49.2</ele></trkpt>
      <trkpt lat="47.362275" lon="0.804853"><ele>49.0</ele></trkpt>
      <trkpt lat="47.362189" lon="0.805046"><ele>50.5</ele></trkpt>
      <trkpt lat="47.361981" lon="0.805469"><ele>50.0</ele></trkpt>
      <trkpt lat="47.361960" lon="0.805540"><ele>50.8</ele></trkpt>
      <trkpt lat="47.361955" lon="0.805596"><ele>51.2</ele></trkpt>
      <trkpt lat="47.361971" lon="0.805689"><ele>51.8</ele></trkpt>
      <trkpt lat="47.361978" lon="0.805720"><ele>52.0</ele></trkpt>
      <trkpt lat="47.362035" lon="0.805824"><ele>52.8</ele></trkpt>
      <trkpt lat="47.362159" lon="0.806023"><ele>52.0</ele></trkpt>
      <trkpt lat="47.362188" lon="0.806093"><ele>51.8</ele></trkpt>
      <trkpt lat="47.362187" lon="0.806142"><ele>51.8</ele></trkpt>
      <trkpt lat="47.362165" lon="0.806181"><ele>51.5</ele></trkpt>
      <trkpt lat="47.362127" lon="0.806208"><ele>51.5</ele></trkpt>
      <trkpt lat="47.362085" lon="0.806211"><ele>51.2</ele></trkpt>
      <trkpt lat="47.362052" lon="0.806197"><ele>51.0</ele></trkpt>
      <trkpt lat="47.362006" lon="0.806158"><ele>51.0</ele></trkpt>
      <trkpt lat="47.361879" lon="0.806017"><ele>51.2</ele></trkpt>
      <trkpt lat="47.361827" lon="0.805972"><ele>50.8</ele></trkpt>
      <trkpt lat="47.361808" lon="0.805960"><ele>50.8</ele></trkpt>
      <trkpt lat="47.361771" lon="0.805954"><ele>50.2</ele></trkpt>
      <trkpt lat="47.361753" lon="0.805960"><ele>50.0</ele></trkpt>
      <trkpt lat="47.361731" lon="0.805968"><ele>50.0</ele></trkpt>
      <trkpt lat="47.361699" lon="0.806005"><ele>50.0</ele></trkpt>
      <trkpt lat="47.361569" lon="0.806210"><ele>50.0</ele></trkpt>
      <trkpt lat="47.361514" lon="0.806290"><ele>50.0</ele></trkpt>
      <trkpt lat="47.361393" lon="0.806429"><ele>50.8</ele></trkpt>
      <trkpt lat="47.361244" lon="0.806636"><ele>50.8</ele></trkpt>
      <trkpt lat="47.361192" lon="0.806726"><ele>50.8</ele></trkpt>
      <trkpt lat="47.360951" lon="0.807193"><ele>50.2</ele></trkpt>
      <trkpt lat="47.360716" lon="0.807663"><ele>50.5</ele></trkpt>
      <trkpt lat="47.360518" lon="0.807683"><ele>49.8</ele></trkpt>
      <trkpt lat="47.360454" lon="0.807711"><ele>49.5</ele></trkpt>
      <trkpt lat="47.360420" lon="0.807732"><ele>49.2</ele></trkpt>
      <trkpt lat="47.360374" lon="0.807800"><ele>49.0</ele></trkpt>
      <trkpt lat="47.360278" lon="0.808012"><ele>50.5</ele></trkpt>
      <trkpt lat="47.359972" lon="0.808752"><ele>50.0</ele></trkpt>
      <trkpt lat="47.359659" lon="0.809570"><ele>49.5</ele></trkpt>
      <trkpt lat="47.359340" lon="0.810376"><ele>49.2</ele></trkpt>
      <trkpt lat="47.359308" lon="0.810468"><ele>49.0</ele></trkpt>
      <trkpt lat="47.359275" lon="0.810611"><ele>48.5</ele></trkpt>
      <trkpt lat="47.359225" lon="0.810865"><ele>49.0</ele></trkpt>
      <trkpt lat="47.359217" lon="0.810981"><ele>49.2</ele></trkpt>
      <trkpt lat="47.359213" lon="0.811141"><ele>49.2</ele></trkpt>
      <trkpt lat="47.359226" lon="0.811561"><ele>49.5</ele></trkpt>
      <trkpt lat="47.359247" lon="0.811994"><ele>49.0</ele></trkpt>
      <trkpt lat="47.359450" lon="0.814940"><ele>50.8</ele></trkpt>
      <trkpt lat="47.359487" lon="0.815350"><ele>50.0</ele></trkpt>
      <trkpt lat="47.359542" lon="0.815842"><ele>49.0</ele></trkpt>
      <trkpt lat="47.359572" lon="0.816029"><ele>48.8</ele></trkpt>
      <trkpt lat="47.359641" lon="0.816282"><ele>49.8</ele></trkpt>
      <trkpt lat="47.359770" lon="0.816619"><ele>49.5</ele></trkpt>
      <trkpt lat="47.359802" lon="0.816760"><ele>49.2</ele></trkpt>
      <trkpt lat="47.359879" lon="0.817248"><ele>49.2</ele></trkpt>
      <trkpt lat="47.359922" lon="0.817579"><ele>49.8</ele></trkpt>
      <trkpt lat="47.359988" lon="0.818487"><ele>50.8</ele></trkpt>
      <trkpt lat="47.360046" lon="0.819243"><ele>50.0</ele></trkpt>
      <trkpt lat="47.360056" lon="0.819464"><ele>50.0</ele></trkpt>
      <trkpt lat="47.360068" lon="0.819870"><ele>50.2</ele></trkpt>
      <trkpt lat="47.360055" lon="0.821364"><ele>50.8</ele></trkpt>
      <trkpt lat="47.360035" lon="0.822850"><ele>50.8</ele></trkpt>
      <trkpt lat="47.360023" lon="0.823124"><ele>50.8</ele></trkpt>
      <trkpt lat="47.360004" lon="0.823289"><ele>50.8</ele></trkpt>
      <trkpt lat="47.359973" lon="0.823485"><ele>50.8</ele></trkpt>
      <trkpt lat="47.359943" lon="0.823633"><ele>50.5</ele></trkpt>
      <trkpt lat="47.359910" lon="0.823756"><ele>50.2</ele></trkpt>
      <trkpt lat="47.359611" lon="0.824697"><ele>50.0</ele></trkpt>
      <trkpt lat="47.359570" lon="0.824893"><ele>50.5</ele></trkpt>
      <trkpt lat="47.359568" lon="0.824956"><ele>50.8</ele></trkpt>
      <trkpt lat="47.359574" lon="0.825019"><ele>51.0</ele></trkpt>
      <trkpt lat="47.359528" lon="0.825045"><ele>51.0</ele></trkpt>
      <trkpt lat="47.359502" lon="0.825081"><ele>51.0</ele></trkpt>
      <trkpt lat="47.359413" lon="0.825286"><ele>50.8</ele></trkpt>
      <trkpt lat="47.359200" lon="0.825942"><ele>51.0</ele></trkpt>
      <trkpt lat="47.359172" lon="0.826046"><ele>51.0</ele></trkpt>
      <trkpt lat="47.359104" lon="0.826504"><ele>50.0</ele></trkpt>
      <trkpt lat="47.358979" lon="0.827936"><ele>50.0</ele></trkpt>
      <trkpt lat="47.358928" lon="0.828404"><ele>51.0</ele></trkpt>
      <trkpt lat="47.358704" lon="0.829650"><ele>50.0</ele></trkpt>
      <trkpt lat="47.358621" lon="0.830189"><ele>51.0</ele></trkpt>
      <trkpt lat="47.358582" lon="0.830361"><ele>50.5</ele></trkpt>
      <trkpt lat="47.358489" lon="0.830703"><ele>49.5</ele></trkpt>
      <trkpt lat="47.358330" lon="0.831286"><ele>50.8</ele></trkpt>
      <trkpt lat="47.358278" lon="0.831437"><ele>50.0</ele></trkpt>
      <trkpt lat="47.358089" lon="0.831861"><ele>50.0</ele></trkpt>
      <trkpt lat="47.357976" lon="0.832112"><ele>50.0</ele></trkpt>
      <trkpt lat="47.357759" lon="0.832642"><ele>50.8</ele></trkpt>
      <trkpt lat="47.357497" lon="0.833406"><ele>50.8</ele></trkpt>
      <trkpt lat="47.357257" lon="0.834042"><ele>50.5</ele></trkpt>
      <trkpt lat="47.357189" lon="0.834180"><ele>50.5</ele></trkpt>
      <trkpt lat="47.356891" lon="0.834735"><ele>50.2</ele></trkpt>
      <trkpt lat="47.356839" lon="0.834857"><ele>49.8</ele></trkpt>
      <trkpt lat="47.356791" lon="0.834991"><ele>49.2</ele></trkpt>
      <trkpt lat="47.356767" lon="0.835108"><ele>49.5</ele></trkpt>
      <trkpt lat="47.356753" lon="0.835229"><ele>50.0</ele></trkpt>
      <trkpt lat="47.356747" lon="0.835425"><ele>49.5</ele></trkpt>
      <trkpt lat="47.356751" lon="0.835628"><ele>48.8</ele></trkpt>
      <trkpt lat="47.356798" lon="0.836111"><ele>49.2</ele></trkpt>
      <trkpt lat="47.356794" lon="0.836236"><ele>49.8</ele></trkpt>
      <trkpt lat="47.356781" lon="0.836356"><ele>50.2</ele></trkpt>
      <trkpt lat="47.356700" lon="0.836794"><ele>50.5</ele></trkpt>
      <trkpt lat="47.356658" lon="0.836980"><ele>50.8</ele></trkpt>
      <trkpt lat="47.356608" lon="0.837153"><ele>50.2</ele></trkpt>
      <trkpt lat="47.356506" lon="0.837362"><ele>49.8</ele></trkpt>
      <trkpt lat="47.356150" lon="0.837973"><ele>50.0</ele></trkpt>
      <trkpt lat="47.356055" lon="0.838122"><ele>50.5</ele></trkpt>
      <trkpt lat="47.356012" lon="0.838173"><ele>50.2</ele></trkpt>
      <trkpt lat="47.355879" lon="0.838285"><ele>50.5</ele></trkpt>
      <trkpt lat="47.355701" lon="0.838578"><ele>50.8</ele></trkpt>
      <trkpt lat="47.355376" lon="0.839024"><ele>50.2</ele></trkpt>
      <trkpt lat="47.355259" lon="0.839252"><ele>50.8</ele></trkpt>
      <trkpt lat="47.354879" lon="0.840128"><ele>49.8</ele></trkpt>
      <trkpt lat="47.354681" lon="0.840705"><ele>50.8</ele></trkpt>
      <trkpt lat="47.354551" lon="0.841143"><ele>49.2</ele></trkpt>
      <trkpt lat="47.354307" lon="0.842019"><ele>49.8</ele></trkpt>
      <trkpt lat="47.354248" lon="0.842261"><ele>49.8</ele></trkpt>
      <trkpt lat="47.354216" lon="0.842441"><ele>50.0</ele></trkpt>
      <trkpt lat="47.354122" lon="0.843317"><ele>51.2</ele></trkpt>
      <trkpt lat="47.354021" lon="0.844356"><ele>49.5</ele></trkpt>
      <trkpt lat="47.353937" lon="0.845196"><ele>50.8</ele></trkpt>
      <trkpt lat="47.353786" lon="0.846398"><ele>51.5</ele></trkpt>
      <trkpt lat="47.353712" lon="0.847054"><ele>51.8</ele></trkpt>
      <trkpt lat="47.353676" lon="0.847279"><ele>51.8</ele></trkpt>
      <trkpt lat="47.353643" lon="0.847415"><ele>51.8</ele></trkpt>
      <trkpt lat="47.353488" lon="0.848030"><ele>52.0</ele></trkpt>
      <trkpt lat="47.353363" lon="0.848632"><ele>51.8</ele></trkpt>
      <trkpt lat="47.353314" lon="0.848911"><ele>51.5</ele></trkpt>
      <trkpt lat="47.353277" lon="0.849155"><ele>51.8</ele></trkpt>
      <trkpt lat="47.353249" lon="0.849470"><ele>51.5</ele></trkpt>
      <trkpt lat="47.353243" lon="0.849819"><ele>52.0</ele></trkpt>
      <trkpt lat="47.353235" lon="0.849947"><ele>52.0</ele></trkpt>
      <trkpt lat="47.353189" lon="0.850258"><ele>52.0</ele></trkpt>
      <trkpt lat="47.353105" lon="0.850642"><ele>51.8</ele></trkpt>
      <trkpt lat="47.353083" lon="0.850700"><ele>51.8</ele></trkpt>
      <trkpt lat="47.352805" lon="0.851235"><ele>52.0</ele></trkpt>
      <trkpt lat="47.352791" lon="0.851277"><ele>52.0</ele></trkpt>
      <trkpt lat="47.352774" lon="0.851318"><ele>51.8</ele></trkpt>
      <trkpt lat="47.352654" lon="0.851698"><ele>51.8</ele></trkpt>
      <trkpt lat="47.352524" lon="0.852202"><ele>51.8</ele></trkpt>
      <trkpt lat="47.352402" lon="0.852518"><ele>51.8</ele></trkpt>
      <trkpt lat="47.352156" lon="0.852993"><ele>51.0</ele></trkpt>
      <trkpt lat="47.352027" lon="0.853309"><ele>50.2</ele></trkpt>
      <trkpt lat="47.351932" lon="0.853880"><ele>51.8</ele></trkpt>
      <trkpt lat="47.351899" lon="0.854150"><ele>51.2</ele></trkpt>
      <trkpt lat="47.351865" lon="0.854498"><ele>50.5</ele></trkpt>
      <trkpt lat="47.351773" lon="0.855640"><ele>49.2</ele></trkpt>
      <trkpt lat="47.351756" lon="0.855935"><ele>50.2</ele></trkpt>
      <trkpt lat="47.351783" lon="0.856538"><ele>51.8</ele></trkpt>
      <trkpt lat="47.351861" lon="0.857389"><ele>51.2</ele></trkpt>
      <trkpt lat="47.351963" lon="0.858305"><ele>51.0</ele></trkpt>
      <trkpt lat="47.351958" lon="0.858365"><ele>51.0</ele></trkpt>
      <trkpt lat="47.351996" lon="0.858878"><ele>51.0</ele></trkpt>
      <trkpt lat="47.352115" lon="0.859927"><ele>51.0</ele></trkpt>
      <trkpt lat="47.352154" lon="0.860224"><ele>51.0</ele></trkpt>
      <trkpt lat="47.352244" lon="0.860809"><ele>51.0</ele></trkpt>
      <trkpt lat="47.352410" lon="0.861691"><ele>50.8</ele></trkpt>
      <trkpt lat="47.352459" lon="0.862106"><ele>50.0</ele></trkpt>
      <trkpt lat="47.352492" lon="0.862517"><ele>51.0</ele></trkpt>
      <trkpt lat="47.352525" lon="0.863651"><ele>51.8</ele></trkpt>
      <trkpt lat="47.352583" lon="0.864891"><ele>51.5</ele></trkpt>
      <trkpt lat="47.352666" lon="0.866041"><ele>51.0</ele></trkpt>
      <trkpt lat="47.352903" lon="0.869063"><ele>51.5</ele></trkpt>
      <trkpt lat="47.352905" lon="0.869217"><ele>51.5</ele></trkpt>
      <trkpt lat="47.352919" lon="0.869481"><ele>51.8</ele></trkpt>
      <trkpt lat="47.352940" lon="0.869675"><ele>51.5</ele></trkpt>
      <trkpt lat="47.352979" lon="0.869968"><ele>51.8</ele></trkpt>
      <trkpt lat="47.352998" lon="0.870208"><ele>52.0</ele></trkpt>
      <trkpt lat="47.353005" lon="0.870418"><ele>52.0</ele></trkpt>
      <trkpt lat="47.352995" lon="0.870879"><ele>51.8</ele></trkpt>
      <trkpt lat="47.352866" lon="0.872679"><ele>52.0</ele></trkpt>
      <trkpt lat="47.352841" lon="0.872907"><ele>52.0</ele></trkpt>
      <trkpt lat="47.352589" lon="0.874210"><ele>51.2</ele></trkpt>
      <trkpt lat="47.352557" lon="0.874342"><ele>51.5</ele></trkpt>
      <trkpt lat="47.352160" lon="0.875690"><ele>52.0</ele></trkpt>
      <trkpt lat="47.350552" lon="0.880823"><ele>52.0</ele></trkpt>
      <trkpt lat="47.350436" lon="0.881220"><ele>52.0</ele></trkpt>
      <trkpt lat="47.349919" lon="0.883096"><ele>52.0</ele></trkpt>
      <trkpt lat="47.349870" lon="0.883362"><ele>52.0</ele></trkpt>
      <trkpt lat="47.349847" lon="0.883133"><ele>52.0</ele></trkpt>
      <trkpt lat="47.349785" lon="0.882801"><ele>52.0</ele></trkpt>
      <trkpt lat="47.349419" lon="0.881631"><ele>52.8</ele></trkpt>
      <trkpt lat="47.349307" lon="0.881458"><ele>52.0</ele></trkpt>
      <trkpt lat="47.349030" lon="0.881181"><ele>52.0</ele></trkpt>
      <trkpt lat="47.348867" lon="0.881057"><ele>51.8</ele></trkpt>
      <trkpt lat="47.348829" lon="0.881197"><ele>51.5</ele></trkpt>
      <trkpt lat="47.348800" lon="0.881406"><ele>51.5</ele></trkpt>
      <trkpt lat="47.348783" lon="0.881996"><ele>50.8</ele></trkpt>
      <trkpt lat="47.348721" lon="0.882779"><ele>50.8</ele></trkpt>
      <trkpt lat="47.348695" lon="0.883707"><ele>51.0</ele></trkpt>
      <trkpt lat="47.348648" lon="0.884533"><ele>52.0</ele></trkpt>
      <trkpt lat="47.348586" lon="0.885796"><ele>51.5</ele></trkpt>
      <trkpt lat="47.348561" lon="0.885930"><ele>51.2</ele></trkpt>
      <trkpt lat="47.348490" lon="0.887181"><ele>50.5</ele></trkpt>
      <trkpt lat="47.348294" lon="0.888507"><ele>51.5</ele></trkpt>
      <trkpt lat="47.348183" lon="0.889174"><ele>51.2</ele></trkpt>
      <trkpt lat="47.348029" lon="0.889882"><ele>51.8</ele></trkpt>
      <trkpt lat="47.347953" lon="0.890134"><ele>51.5</ele></trkpt>
      <trkpt lat="47.347699" lon="0.890847"><ele>52.2</ele></trkpt>
      <trkpt lat="47.347506" lon="0.892119"><ele>52.5</ele></trkpt>
      <trkpt lat="47.347283" lon="0.893494"><ele>52.2</ele></trkpt>
      <trkpt lat="47.347146" lon="0.894221"><ele>52.5</ele></trkpt>
      <trkpt lat="47.347008" lon="0.894817"><ele>52.0</ele></trkpt>
      <trkpt lat="47.346848" lon="0.895380"><ele>52.2</ele></trkpt>
      <trkpt lat="47.346710" lon="0.895666"><ele>52.2</ele></trkpt>
      <trkpt lat="47.346600" lon="0.895913"><ele>53.0</ele></trkpt>
      <trkpt lat="47.346270" lon="0.896657"><ele>53.0</ele></trkpt>
      <trkpt lat="47.345911" lon="0.897719"><ele>52.5</ele></trkpt>
      <trkpt lat="47.345793" lon="0.898015"><ele>52.8</ele></trkpt>
      <trkpt lat="47.345770" lon="0.898046"><ele>52.8</ele></trkpt>
      <trkpt lat="47.345685" lon="0.898240"><ele>52.0</ele></trkpt>
      <trkpt lat="47.345634" lon="0.898764"><ele>51.8</ele></trkpt>
      <trkpt lat="47.345581" lon="0.899174"><ele>52.0</ele></trkpt>
      <trkpt lat="47.345341" lon="0.900788"><ele>52.5</ele></trkpt>
      <trkpt lat="47.345141" lon="0.901608"><ele>52.5</ele></trkpt>
      <trkpt lat="47.345077" lon="0.901944"><ele>52.2</ele></trkpt>
      <trkpt lat="47.344973" lon="0.902740"><ele>53.0</ele></trkpt>
      <trkpt lat="47.344874" lon="0.903244"><ele>52.5</ele></trkpt>
      <trkpt lat="47.344774" lon="0.903572"><ele>52.8</ele></trkpt>
      <trkpt lat="47.344708" lon="0.903856"><ele>53.0</ele></trkpt>
      <trkpt lat="47.344595" lon="0.904639"><ele>53.0</ele></trkpt>
      <trkpt lat="47.344443" lon="0.905396"><ele>52.8</ele></trkpt>
      <trkpt lat="47.344416" lon="0.905653"><ele>52.8</ele></trkpt>
      <trkpt lat="47.344410" lon="0.905866"><ele>52.8</ele></trkpt>
      <trkpt lat="47.344496" lon="0.906284"><ele>52.2</ele></trkpt>
      <trkpt lat="47.344602" lon="0.906875"><ele>52.5</ele></trkpt>
      <trkpt lat="47.344646" lon="0.907311"><ele>53.0</ele></trkpt>
      <trkpt lat="47.344631" lon="0.907616"><ele>52.8</ele></trkpt>
      <trkpt lat="47.344540" lon="0.907933"><ele>52.5</ele></trkpt>
      <trkpt lat="47.344229" lon="0.908746"><ele>53.0</ele></trkpt>
      <trkpt lat="47.344052" lon="0.909243"><ele>53.0</ele></trkpt>
      <trkpt lat="47.344007" lon="0.909342"><ele>53.2</ele></trkpt>
      <trkpt lat="47.343970" lon="0.909472"><ele>53.5</ele></trkpt>
      <trkpt lat="47.343302" lon="0.909152"><ele>54.2</ele></trkpt>
      <trkpt lat="47.342221" lon="0.908622"><ele>54.8</ele></trkpt>
      <trkpt lat="47.342063" lon="0.908551"><ele>54.0</ele></trkpt>
      <trkpt lat="47.341938" lon="0.908527"><ele>54.0</ele></trkpt>
      <trkpt lat="47.341823" lon="0.908532"><ele>54.0</ele></trkpt>
      <trkpt lat="47.341726" lon="0.908555"><ele>54.0</ele></trkpt>
      <trkpt lat="47.341739" lon="0.908609"><ele>54.0</ele></trkpt>
      <trkpt lat="47.341724" lon="0.908875"><ele>53.8</ele></trkpt>
      <trkpt lat="47.341689" lon="0.909152"><ele>53.0</ele></trkpt>
      <trkpt lat="47.341634" lon="0.909467"><ele>53.0</ele></trkpt>
      <trkpt lat="47.341611" lon="0.909595"><ele>53.0</ele></trkpt>
      <trkpt lat="47.341475" lon="0.910134"><ele>54.0</ele></trkpt>
      <trkpt lat="47.341377" lon="0.910298"><ele>53.8</ele></trkpt>
      <trkpt lat="47.341312" lon="0.910346"><ele>53.8</ele></trkpt>
      <trkpt lat="47.341258" lon="0.910512"><ele>53.5</ele></trkpt>
      <trkpt lat="47.341117" lon="0.911138"><ele>53.8</ele></trkpt>
      <trkpt lat="47.340930" lon="0.912118"><ele>53.5</ele></trkpt>
      <trkpt lat="47.340817" lon="0.912667"><ele>54.0</ele></trkpt>
      <trkpt lat="47.340452" lon="0.914338"><ele>54.2</ele></trkpt>
      <trkpt lat="47.340268" lon="0.915254"><ele>54.0</ele></trkpt>
      <trkpt lat="47.340112" lon="0.915966"><ele>54.0</ele></trkpt>
      <trkpt lat="47.340038" lon="0.916358"><ele>53.8</ele></trkpt>
      <trkpt lat="47.339954" lon="0.916928"><ele>54.2</ele></trkpt>
      <trkpt lat="47.339870" lon="0.917585"><ele>54.8</ele></trkpt>
      <trkpt lat="47.339830" lon="0.917676"><ele>54.8</ele></trkpt>
      <trkpt lat="47.339662" lon="0.917928"><ele>55.0</ele></trkpt>
      <trkpt lat="47.339582" lon="0.918074"><ele>55.2</ele></trkpt>
      <trkpt lat="47.339538" lon="0.918204"><ele>55.2</ele></trkpt>
      <trkpt lat="47.339128" lon="0.920111"><ele>54.8</ele></trkpt>
      <trkpt lat="47.339012" lon="0.920770"><ele>55.0</ele></trkpt>
      <trkpt lat="47.338731" lon="0.922164"><ele>55.5</ele></trkpt>
      <trkpt lat="47.338508" lon="0.922863"><ele>57.2</ele></trkpt>
      <trkpt lat="47.338431" lon="0.923168"><ele>57.2</ele></trkpt>
      <trkpt lat="47.338326" lon="0.923518"><ele>57.2</ele></trkpt>
      <trkpt lat="47.337975" lon="0.924064"><ele>57.8</ele></trkpt>
      <trkpt lat="47.337819" lon="0.924170"><ele>57.8</ele></trkpt>
      <trkpt lat="47.337653" lon="0.924547"><ele>57.0</ele></trkpt>
      <trkpt lat="47.337629" lon="0.924609"><ele>57.2</ele></trkpt>
      <trkpt lat="47.337554" lon="0.924848"><ele>57.5</ele></trkpt>
      <trkpt lat="47.337535" lon="0.924971"><ele>57.5</ele></trkpt>
      <trkpt lat="47.337529" lon="0.925059"><ele>58.0</ele></trkpt>
      <trkpt lat="47.337533" lon="0.925116"><ele>58.2</ele></trkpt>
      <trkpt lat="47.337535" lon="0.925159"><ele>58.5</ele></trkpt>
      <trkpt lat="47.337594" lon="0.925421"><ele>59.5</ele></trkpt>
      <trkpt lat="47.337616" lon="0.925654"><ele>59.8</ele></trkpt>
      <trkpt lat="47.337610" lon="0.925920"><ele>59.0</ele></trkpt>
      <trkpt lat="47.337539" lon="0.926365"><ele>57.5</ele></trkpt>
      <trkpt lat="47.337436" lon="0.926791"><ele>57.8</ele></trkpt>
      <trkpt lat="47.337297" lon="0.927217"><ele>58.5</ele></trkpt>
      <trkpt lat="47.337053" lon="0.927810"><ele>61.8</ele></trkpt>
      <trkpt lat="47.336644" lon="0.929492"><ele>60.5</ele></trkpt>
      <trkpt lat="47.336429" lon="0.930167"><ele>61.8</ele></trkpt>
      <trkpt lat="47.336222" lon="0.930504"><ele>61.8</ele></trkpt>
      <trkpt lat="47.336170" lon="0.930620"><ele>61.8</ele></trkpt>
      <trkpt lat="47.336133" lon="0.930730"><ele>62.0</ele></trkpt>
      <trkpt lat="47.336193" lon="0.930917"><ele>60.5</ele></trkpt>
      <trkpt lat="47.336241" lon="0.931265"><ele>59.5</ele></trkpt>
      <trkpt lat="47.336280" lon="0.931696"><ele>57.2</ele></trkpt>
      <trkpt lat="47.336250" lon="0.932225"><ele>56.2</ele></trkpt>
      <trkpt lat="47.336151" lon="0.932849"><ele>55.2</ele></trkpt>
      <trkpt lat="47.335999" lon="0.933667"><ele>55.8</ele></trkpt>
      <trkpt lat="47.335831" lon="0.934404"><ele>54.2</ele></trkpt>
      <trkpt lat="47.335752" lon="0.934674"><ele>56.2</ele></trkpt>
      <trkpt lat="47.335634" lon="0.935003"><ele>56.0</ele></trkpt>
      <trkpt lat="47.335436" lon="0.935480"><ele>56.5</ele></trkpt>
      <trkpt lat="47.335211" lon="0.935891"><ele>55.5</ele></trkpt>
      <trkpt lat="47.335043" lon="0.936182"><ele>55.8</ele></trkpt>
      <trkpt lat="47.334979" lon="0.936309"><ele>56.0</ele></trkpt>
      <trkpt lat="47.334933" lon="0.936406"><ele>56.0</ele></trkpt>
      <trkpt lat="47.334908" lon="0.936481"><ele>56.2</ele></trkpt>
      <trkpt lat="47.334879" lon="0.936620"><ele>57.0</ele></trkpt>
      <trkpt lat="47.334850" lon="0.936814"><ele>57.5</ele></trkpt>
      <trkpt lat="47.334747" lon="0.937348"><ele>55.8</ele></trkpt>
      <trkpt lat="47.334450" lon="0.938597"><ele>55.0</ele></trkpt>
      <trkpt lat="47.334089" lon="0.939934"><ele>58.5</ele></trkpt>
      <trkpt lat="47.333965" lon="0.940638"><ele>57.8</ele></trkpt>
      <trkpt lat="47.333967" lon="0.940694"><ele>57.5</ele></trkpt>
      <trkpt lat="47.333984" lon="0.940796"><ele>56.5</ele></trkpt>
      <trkpt lat="47.333999" lon="0.940843"><ele>56.0</ele></trkpt>
      <trkpt lat="47.334050" lon="0.940939"><ele>55.5</ele></trkpt>
      <trkpt lat="47.334180" lon="0.941066"><ele>54.8</ele></trkpt>
      <trkpt lat="47.334479" lon="0.941329"><ele>54.0</ele></trkpt>
      <trkpt lat="47.334531" lon="0.941394"><ele>53.8</ele></trkpt>
      <trkpt lat="47.334573" lon="0.941462"><ele>54.0</ele></trkpt>
      <trkpt lat="47.334600" lon="0.941526"><ele>54.0</ele></trkpt>
      <trkpt lat="47.334619" lon="0.941600"><ele>54.0</ele></trkpt>
      <trkpt lat="47.334625" lon="0.941674"><ele>53.8</ele></trkpt>
      <trkpt lat="47.334619" lon="0.941831"><ele>53.2</ele></trkpt>
      <trkpt lat="47.334295" lon="0.943121"><ele>52.8</ele></trkpt>
      <trkpt lat="47.334214" lon="0.943383"><ele>53.5</ele></trkpt>
      <trkpt lat="47.334120" lon="0.943628"><ele>54.5</ele></trkpt>
      <trkpt lat="47.333845" lon="0.944156"><ele>54.8</ele></trkpt>
      <trkpt lat="47.333769" lon="0.944408"><ele>55.0</ele></trkpt>
      <trkpt lat="47.333702" lon="0.944773"><ele>54.8</ele></trkpt>
      <trkpt lat="47.333586" lon="0.945551"><ele>54.2</ele></trkpt>
      <trkpt lat="47.333497" lon="0.946084"><ele>53.8</ele></trkpt>
      <trkpt lat="47.333397" lon="0.946406"><ele>54.2</ele></trkpt>
      <trkpt lat="47.333121" lon="0.948083"><ele>53.2</ele></trkpt>
      <trkpt lat="47.332905" lon="0.949595"><ele>52.5</ele></trkpt>
      <trkpt lat="47.332734" lon="0.950724"><ele>53.2</ele></trkpt>
      <trkpt lat="47.332641" lon="0.951799"><ele>52.2</ele></trkpt>
      <trkpt lat="47.332487" lon="0.953056"><ele>53.0</ele></trkpt>
      <trkpt lat="47.332237" lon="0.954176"><ele>53.8</ele></trkpt>
      <trkpt lat="47.332145" lon="0.954546"><ele>53.0</ele></trkpt>
      <trkpt lat="47.332076" lon="0.954900"><ele>53.0</ele></trkpt>
      <trkpt lat="47.331963" lon="0.955605"><ele>53.8</ele></trkpt>
      <trkpt lat="47.331745" lon="0.956773"><ele>53.5</ele></trkpt>
      <trkpt lat="47.331262" lon="0.959502"><ele>53.5</ele></trkpt>
      <trkpt lat="47.330998" lon="0.960795"><ele>54.2</ele></trkpt>
      <trkpt lat="47.330863" lon="0.961372"><ele>54.5</ele></trkpt>
      <trkpt lat="47.330845" lon="0.961571"><ele>54.0</ele></trkpt>
      <trkpt lat="47.330829" lon="0.961752"><ele>53.5</ele></trkpt>
      <trkpt lat="47.330824" lon="0.961811"><ele>53.5</ele></trkpt>
      <trkpt lat="47.330722" lon="0.962925"><ele>52.5</ele></trkpt>
      <trkpt lat="47.330580" lon="0.963776"><ele>54.5</ele></trkpt>
      <trkpt lat="47.330479" lon="0.964676"><ele>53.2</ele></trkpt>
      <trkpt lat="47.330461" lon="0.965017"><ele>53.2</ele></trkpt>
      <trkpt lat="47.330453" lon="0.965180"><ele>53.2</ele></trkpt>
      <trkpt lat="47.330446" lon="0.965632"><ele>53.2</ele></trkpt>
      <trkpt lat="47.330352" lon="0.966839"><ele>53.8</ele></trkpt>
      <trkpt lat="47.330281" lon="0.967165"><ele>54.8</ele></trkpt>
      <trkpt lat="47.330216" lon="0.967770"><ele>54.2</ele></trkpt>
      <trkpt lat="47.330206" lon="0.968883"><ele>52.8</ele></trkpt>
      <trkpt lat="47.330297" lon="0.971839"><ele>53.8</ele></trkpt>
      <trkpt lat="47.330325" lon="0.973047"><ele>54.2</ele></trkpt>
      <trkpt lat="47.330336" lon="0.973262"><ele>54.0</ele></trkpt>
      <trkpt lat="47.330358" lon="0.973512"><ele>53.8</ele></trkpt>
      <trkpt lat="47.330450" lon="0.974426"><ele>53.0</ele></trkpt>
      <trkpt lat="47.330472" lon="0.974707"><ele>52.8</ele></trkpt>
      <trkpt lat="47.330480" lon="0.974898"><ele>52.8</ele></trkpt>
      <trkpt lat="47.330487" lon="0.975692"><ele>52.5</ele></trkpt>
      <trkpt lat="47.330455" lon="0.976939"><ele>53.0</ele></trkpt>
      <trkpt lat="47.330438" lon="0.977139"><ele>53.2</ele></trkpt>
      <trkpt lat="47.330420" lon="0.977393"><ele>53.0</ele></trkpt>
      <trkpt lat="47.330338" lon="0.978266"><ele>54.0</ele></trkpt>
      <trkpt lat="47.330301" lon="0.978565"><ele>54.5</ele></trkpt>
      <trkpt lat="47.330290" lon="0.978802"><ele>54.8</ele></trkpt>
      <trkpt lat="47.330288" lon="0.979859"><ele>54.8</ele></trkpt>
      <trkpt lat="47.330299" lon="0.980167"><ele>54.8</ele></trkpt>
      <trkpt lat="47.330309" lon="0.980774"><ele>54.5</ele></trkpt>
      <trkpt lat="47.330344" lon="0.981600"><ele>54.2</ele></trkpt>
      <trkpt lat="47.330372" lon="0.982831"><ele>53.8</ele></trkpt>
      <trkpt lat="47.330389" lon="0.983211"><ele>54.0</ele></trkpt>
      <trkpt lat="47.330495" lon="0.984431"><ele>53.5</ele></trkpt>
      <trkpt lat="47.330603" lon="0.985518"><ele>55.2</ele></trkpt>
      <trkpt lat="47.330613" lon="0.985616"><ele>55.0</ele></trkpt>
      <trkpt lat="47.330664" lon="0.986510"><ele>54.2</ele></trkpt>
      <trkpt lat="47.330659" lon="0.987558"><ele>54.5</ele></trkpt>
      <trkpt lat="47.330657" lon="0.987990"><ele>54.5</ele></trkpt>
      <trkpt lat="47.330647" lon="0.988116"><ele>54.5</ele></trkpt>
      <trkpt lat="47.330626" lon="0.988233"><ele>54.8</ele></trkpt>
      <trkpt lat="47.330599" lon="0.988316"><ele>55.2</ele></trkpt>
      <trkpt lat="47.330544" lon="0.988386"><ele>56.0</ele></trkpt>
      <trkpt lat="47.330551" lon="0.988442"><ele>56.0</ele></trkpt>
      <trkpt lat="47.330548" lon="0.988547"><ele>56.0</ele></trkpt>
      <trkpt lat="47.330518" lon="0.988713"><ele>56.0</ele></trkpt>
      <trkpt lat="47.330485" lon="0.988947"><ele>55.8</ele></trkpt>
      <trkpt lat="47.330382" lon="0.989737"><ele>55.2</ele></trkpt>
      <trkpt lat="47.330362" lon="0.989761"><ele>55.8</ele></trkpt>
      <trkpt lat="47.330324" lon="0.990026"><ele>56.2</ele></trkpt>
      <trkpt lat="47.330311" lon="0.990077"><ele>56.5</ele></trkpt>
      <trkpt lat="47.330295" lon="0.990118"><ele>56.8</ele></trkpt>
      <trkpt lat="47.330266" lon="0.990155"><ele>56.8</ele></trkpt>
      <trkpt lat="47.330235" lon="0.990174"><ele>56.8</ele></trkpt>
      <trkpt lat="47.330270" lon="0.990410"><ele>57.0</ele></trkpt>
      <trkpt lat="47.330277" lon="0.990527"><ele>57.0</ele></trkpt>
      <trkpt lat="47.330197" lon="0.991076"><ele>56.0</ele></trkpt>
      <trkpt lat="47.330185" lon="0.991181"><ele>55.8</ele></trkpt>
      <trkpt lat="47.330192" lon="0.991252"><ele>55.8</ele></trkpt>
      <trkpt lat="47.330165" lon="0.991288"><ele>55.8</ele></trkpt>
      <trkpt lat="47.330153" lon="0.991323"><ele>55.8</ele></trkpt>
      <trkpt lat="47.330092" lon="0.991783"><ele>55.8</ele></trkpt>
      <trkpt lat="47.330089" lon="0.991850"><ele>55.8</ele></trkpt>
      <trkpt lat="47.330094" lon="0.992165"><ele>55.5</ele></trkpt>
      <trkpt lat="47.330100" lon="0.992885"><ele>54.8</ele></trkpt>
      <trkpt lat="47.330104" lon="0.993004"><ele>54.8</ele></trkpt>
      <trkpt lat="47.330060" lon="0.993120"><ele>55.2</ele></trkpt>
      <trkpt lat="47.330046" lon="0.993373"><ele>55.5</ele></trkpt>
      <trkpt lat="47.330034" lon="0.993469"><ele>55.5</ele></trkpt>
      <trkpt lat="47.329977" lon="0.993735"><ele>56.0</ele></trkpt>
      <trkpt lat="47.329553" lon="0.994533"><ele>55.2</ele></trkpt>
      <trkpt lat="47.329516" lon="0.994673"><ele>55.0</ele></trkpt>
      <trkpt lat="47.329457" lon="0.994852"><ele>55.2</ele></trkpt>
      <trkpt lat="47.329416" lon="0.995085"><ele>55.8</ele></trkpt>
      <trkpt lat="47.329382" lon="0.995180"><ele>55.8</ele></trkpt>
      <trkpt lat="47.329413" lon="0.995248"><ele>55.8</ele></trkpt>
      <trkpt lat="47.329424" lon="0.995328"><ele>55.8</ele></trkpt>
      <trkpt lat="47.329398" lon="0.995532"><ele>55.0</ele></trkpt>
      <trkpt lat="47.329346" lon="0.995676"><ele>54.8</ele></trkpt>
      <trkpt lat="47.329305" lon="0.995871"><ele>53.8</ele></trkpt>
      <trkpt lat="47.329252" lon="0.996036"><ele>53.8</ele></trkpt>
      <trkpt lat="47.329243" lon="0.996124"><ele>53.5</ele></trkpt>
      <trkpt lat="47.329239" lon="0.996398"><ele>53.5</ele></trkpt>
      <trkpt lat="47.329190" lon="0.996499"><ele>53.5</ele></trkpt>
      <trkpt lat="47.329085" lon="0.996653"><ele>53.5</ele></trkpt>
      <trkpt lat="47.329006" lon="0.996806"><ele>54.0</ele></trkpt>
      <trkpt lat="47.328985" lon="0.996916"><ele>54.2</ele></trkpt>
      <trkpt lat="47.328950" lon="0.997028"><ele>54.5</ele></trkpt>
      <trkpt lat="47.328817" lon="0.997312"><ele>54.5</ele></trkpt>
      <trkpt lat="47.328781" lon="0.997408"><ele>54.0</ele></trkpt>
      <trkpt lat="47.328737" lon="0.997587"><ele>54.0</ele></trkpt>
      <trkpt lat="47.328670" lon="0.998011"><ele>54.5</ele></trkpt>
      <trkpt lat="47.328657" lon="0.998407"><ele>54.5</ele></trkpt>
      <trkpt lat="47.328424" lon="1.000465"><ele>54.2</ele></trkpt>
      <trkpt lat="47.328342" lon="1.000663"><ele>54.8</ele></trkpt>
      <trkpt lat="47.328335" lon="1.000704"><ele>54.8</ele></trkpt>
      <trkpt lat="47.328323" lon="1.000823"><ele>55.0</ele></trkpt>
      <trkpt lat="47.328314" lon="1.000999"><ele>54.2</ele></trkpt>
      <trkpt lat="47.328207" lon="1.002024"><ele>53.8</ele></trkpt>
      <trkpt lat="47.328177" lon="1.002189"><ele>54.0</ele></trkpt>
      <trkpt lat="47.328156" lon="1.002241"><ele>54.2</ele></trkpt>
      <trkpt lat="47.328136" lon="1.002348"><ele>54.2</ele></trkpt>
      <trkpt lat="47.328143" lon="1.002442"><ele>54.2</ele></trkpt>
      <trkpt lat="47.328129" lon="1.002918"><ele>54.2</ele></trkpt>
      <trkpt lat="47.328124" lon="1.003021"><ele>54.5</ele></trkpt>
      <trkpt lat="47.328113" lon="1.003231"><ele>54.5</ele></trkpt>
      <trkpt lat="47.328100" lon="1.004758"><ele>55.2</ele></trkpt>
      <trkpt lat="47.328036" lon="1.005310"><ele>55.0</ele></trkpt>
      <trkpt lat="47.327776" lon="1.007285"><ele>55.0</ele></trkpt>
      <trkpt lat="47.327702" lon="1.008219"><ele>55.0</ele></trkpt>
      <trkpt lat="47.327578" lon="1.011403"><ele>55.0</ele></trkpt>
      <trkpt lat="47.327557" lon="1.013684"><ele>55.5</ele></trkpt>
      <trkpt lat="47.327555" lon="1.014905"><ele>55.2</ele></trkpt>
      <trkpt lat="47.327534" lon="1.015390"><ele>55.5</ele></trkpt>
      <trkpt lat="47.327543" lon="1.015875"><ele>55.5</ele></trkpt>
      <trkpt lat="47.327588" lon="1.016514"><ele>55.0</ele></trkpt>
      <trkpt lat="47.327676" lon="1.017566"><ele>54.0</ele></trkpt>
      <trkpt lat="47.327765" lon="1.019057"><ele>54.0</ele></trkpt>
      <trkpt lat="47.327693" lon="1.020032"><ele>54.5</ele></trkpt>
      <trkpt lat="47.327680" lon="1.021423"><ele>54.0</ele></trkpt>
      <trkpt lat="47.327651" lon="1.022303"><ele>54.2</ele></trkpt>
      <trkpt lat="47.327609" lon="1.024054"><ele>54.2</ele></trkpt>
      <trkpt lat="47.327666" lon="1.026003"><ele>54.5</ele></trkpt>
      <trkpt lat="47.327673" lon="1.026949"><ele>54.0</ele></trkpt>
      <trkpt lat="47.327663" lon="1.027437"><ele>54.0</ele></trkpt>
      <trkpt lat="47.327627" lon="1.027950"><ele>54.8</ele></trkpt>
      <trkpt lat="47.327613" lon="1.028386"><ele>54.8</ele></trkpt>
      <trkpt lat="47.327520" lon="1.029401"><ele>55.8</ele></trkpt>
      <trkpt lat="47.327467" lon="1.029830"><ele>55.5</ele></trkpt>
      <trkpt lat="47.327376" lon="1.030433"><ele>54.5</ele></trkpt>
      <trkpt lat="47.327121" lon="1.031489"><ele>54.2</ele></trkpt>
      <trkpt lat="47.326930" lon="1.032288"><ele>55.5</ele></trkpt>
      <trkpt lat="47.326410" lon="1.034106"><ele>55.0</ele></trkpt>
      <trkpt lat="47.325748" lon="1.036142"><ele>54.5</ele></trkpt>
      <trkpt lat="47.325651" lon="1.036529"><ele>54.8</ele></trkpt>
      <trkpt lat="47.325368" lon="1.037489"><ele>55.0</ele></trkpt>
      <trkpt lat="47.325257" lon="1.037821"><ele>55.8</ele></trkpt>
      <trkpt lat="47.325202" lon="1.038067"><ele>55.0</ele></trkpt>
      <trkpt lat="47.325156" lon="1.038180"><ele>54.8</ele></trkpt>
      <trkpt lat="47.325138" lon="1.038300"><ele>54.5</ele></trkpt>
      <trkpt lat="47.325127" lon="1.038607"><ele>54.5</ele></trkpt>
      <trkpt lat="47.325083" lon="1.039193"><ele>55.2</ele></trkpt>
      <trkpt lat="47.325084" lon="1.039301"><ele>56.0</ele></trkpt>
      <trkpt lat="47.325138" lon="1.039458"><ele>55.8</ele></trkpt>
      <trkpt lat="47.325138" lon="1.039531"><ele>55.5</ele></trkpt>
      <trkpt lat="47.325123" lon="1.039594"><ele>55.2</ele></trkpt>
      <trkpt lat="47.325074" lon="1.039659"><ele>55.5</ele></trkpt>
      <trkpt lat="47.325075" lon="1.039715"><ele>55.0</ele></trkpt>
      <trkpt lat="47.325024" lon="1.040138"><ele>55.5</ele></trkpt>
      <trkpt lat="47.325016" lon="1.040432"><ele>55.8</ele></trkpt>
      <trkpt lat="47.325036" lon="1.040620"><ele>55.5</ele></trkpt>
      <trkpt lat="47.325066" lon="1.040814"><ele>55.2</ele></trkpt>
      <trkpt lat="47.325085" lon="1.041007"><ele>55.0</ele></trkpt>
      <trkpt lat="47.325093" lon="1.041190"><ele>55.0</ele></trkpt>
      <trkpt lat="47.325088" lon="1.041361"><ele>55.2</ele></trkpt>
      <trkpt lat="47.325063" lon="1.041824"><ele>55.0</ele></trkpt>
      <trkpt lat="47.325069" lon="1.041940"><ele>54.8</ele></trkpt>
      <trkpt lat="47.325112" lon="1.042281"><ele>55.8</ele></trkpt>
      <trkpt lat="47.325134" lon="1.042580"><ele>55.5</ele></trkpt>
      <trkpt lat="47.325141" lon="1.043117"><ele>55.2</ele></trkpt>
      <trkpt lat="47.325126" lon="1.043292"><ele>55.2</ele></trkpt>
      <trkpt lat="47.325107" lon="1.043377"><ele>55.2</ele></trkpt>
      <trkpt lat="47.325075" lon="1.043449"><ele>55.5</ele></trkpt>
      <trkpt lat="47.324751" lon="1.043913"><ele>56.8</ele></trkpt>
      <trkpt lat="47.324694" lon="1.044857"><ele>56.0</ele></trkpt>
      <trkpt lat="47.324680" lon="1.045182"><ele>56.0</ele></trkpt>
      <trkpt lat="47.324682" lon="1.045373"><ele>56.0</ele></trkpt>
      <trkpt lat="47.324717" lon="1.045663"><ele>56.0</ele></trkpt>
      <trkpt lat="47.324783" lon="1.045779"><ele>55.8</ele></trkpt>
      <trkpt lat="47.324841" lon="1.045838"><ele>55.5</ele></trkpt>
      <trkpt lat="47.324890" lon="1.045906"><ele>55.2</ele></trkpt>
      <trkpt lat="47.324914" lon="1.045962"><ele>55.2</ele></trkpt>
      <trkpt lat="47.324928" lon="1.046021"><ele>55.2</ele></trkpt>
      <trkpt lat="47.324899" lon="1.046371"><ele>54.8</ele></trkpt>
      <trkpt lat="47.324856" lon="1.046718"><ele>55.0</ele></trkpt>
      <trkpt lat="47.324752" lon="1.047301"><ele>55.5</ele></trkpt>
      <trkpt lat="47.324439" lon="1.048928"><ele>55.5</ele></trkpt>
      <trkpt lat="47.324239" lon="1.049812"><ele>55.2</ele></trkpt>
      <trkpt lat="47.324174" lon="1.050152"><ele>55.8</ele></trkpt>
      <trkpt lat="47.323514" lon="1.054300"><ele>55.0</ele></trkpt>
      <trkpt lat="47.323418" lon="1.054745"><ele>55.2</ele></trkpt>
      <trkpt lat="47.323415" lon="1.054979"><ele>56.0</ele></trkpt>
      <trkpt lat="47.323268" lon="1.055689"><ele>55.2</ele></trkpt>
      <trkpt lat="47.322754" lon="1.057747"><ele>55.2</ele></trkpt>
      <trkpt lat="47.322526" lon="1.059043"><ele>56.0</ele></trkpt>
      <trkpt lat="47.322469" lon="1.059701"><ele>56.0</ele></trkpt>
      <trkpt lat="47.322431" lon="1.059930"><ele>56.2</ele></trkpt>
      <trkpt lat="47.322469" lon="1.060283"><ele>56.0</ele></trkpt>
      <trkpt lat="47.322467" lon="1.060546"><ele>56.0</ele></trkpt>
      <trkpt lat="47.322454" lon="1.060873"><ele>56.0</ele></trkpt>
      <trkpt lat="47.322430" lon="1.061214"><ele>56.2</ele></trkpt>
      <trkpt lat="47.322427" lon="1.061471"><ele>56.2</ele></trkpt>
      <trkpt lat="47.322515" lon="1.062033"><ele>56.8</ele></trkpt>
      <trkpt lat="47.322582" lon="1.062600"><ele>56.0</ele></trkpt>
      <trkpt lat="47.322606" lon="1.062896"><ele>55.8</ele></trkpt>
      <trkpt lat="47.322666" lon="1.063658"><ele>55.8</ele></trkpt>
      <trkpt lat="47.322684" lon="1.063752"><ele>55.5</ele></trkpt>
      <trkpt lat="47.322695" lon="1.063843"><ele>55.5</ele></trkpt>
      <trkpt lat="47.322916" lon="1.065644"><ele>55.5</ele></trkpt>
      <trkpt lat="47.323012" lon="1.066120"><ele>56.0</ele></trkpt>
      <trkpt lat="47.323527" lon="1.068125"><ele>54.8</ele></trkpt>
      <trkpt lat="47.323572" lon="1.068342"><ele>54.2</ele></trkpt>
      <trkpt lat="47.323572" lon="1.068447"><ele>54.8</ele></trkpt>
      <trkpt lat="47.323561" lon="1.068659"><ele>55.8</ele></trkpt>
      <trkpt lat="47.323565" lon="1.068705"><ele>56.0</ele></trkpt>
      <trkpt lat="47.323577" lon="1.068745"><ele>56.0</ele></trkpt>
      <trkpt lat="47.323622" lon="1.068754"><ele>55.8</ele></trkpt>
      <trkpt lat="47.323649" lon="1.068754"><ele>55.8</ele></trkpt>
      <trkpt lat="47.323675" lon="1.068780"><ele>55.5</ele></trkpt>
      <trkpt lat="47.323698" lon="1.068832"><ele>55.8</ele></trkpt>
      <trkpt lat="47.323828" lon="1.069336"><ele>56.0</ele></trkpt>
      <trkpt lat="47.323852" lon="1.069496"><ele>57.0</ele></trkpt>
      <trkpt lat="47.324074" lon="1.070368"><ele>56.2</ele></trkpt>
      <trkpt lat="47.324174" lon="1.070760"><ele>56.2</ele></trkpt>
      <trkpt lat="47.324184" lon="1.070800"><ele>56.5</ele></trkpt>
      <trkpt lat="47.324910" lon="1.072992"><ele>56.0</ele></trkpt>
      <trkpt lat="47.325043" lon="1.073254"><ele>56.2</ele></trkpt>
      <trkpt lat="47.325414" lon="1.073911"><ele>56.0</ele></trkpt>
      <trkpt lat="47.325523" lon="1.074175"><ele>56.0</ele></trkpt>
      <trkpt lat="47.325600" lon="1.074402"><ele>56.2</ele></trkpt>
      <trkpt lat="47.325644" lon="1.074589"><ele>56.0</ele></trkpt>
      <trkpt lat="47.325653" lon="1.074711"><ele>55.8</ele></trkpt>
      <trkpt lat="47.325623" lon="1.075068"><ele>56.5</ele></trkpt>
      <trkpt lat="47.325657" lon="1.075264"><ele>56.5</ele></trkpt>
      <trkpt lat="47.325690" lon="1.075357"><ele>56.5</ele></trkpt>
      <trkpt lat="47.325834" lon="1.076789"><ele>56.8</ele></trkpt>
      <trkpt lat="47.325883" lon="1.077608"><ele>57.2</ele></trkpt>
      <trkpt lat="47.325895" lon="1.078306"><ele>57.2</ele></trkpt>
      <trkpt lat="47.325928" lon="1.078969"><ele>56.8</ele></trkpt>
      <trkpt lat="47.325970" lon="1.079331"><ele>56.5</ele></trkpt>
      <trkpt lat="47.325986" lon="1.079522"><ele>56.2</ele></trkpt>
      <trkpt lat="47.326010" lon="1.080022"><ele>56.5</ele></trkpt>
      <trkpt lat="47.326055" lon="1.080461"><ele>56.8</ele></trkpt>
      <trkpt lat="47.326160" lon="1.081114"><ele>57.2</ele></trkpt>
      <trkpt lat="47.326192" lon="1.081399"><ele>57.0</ele></trkpt>
      <trkpt lat="47.326197" lon="1.081508"><ele>57.0</ele></trkpt>
      <trkpt lat="47.326191" lon="1.081650"><ele>57.0</ele></trkpt>
      <trkpt lat="47.326193" lon="1.081756"><ele>56.8</ele></trkpt>
      <trkpt lat="47.326202" lon="1.081807"><ele>56.8</ele></trkpt>
      <trkpt lat="47.326227" lon="1.081886"><ele>56.5</ele></trkpt>
      <trkpt lat="47.326291" lon="1.082061"><ele>56.5</ele></trkpt>
      <trkpt lat="47.326468" lon="1.082801"><ele>57.0</ele></trkpt>
      <trkpt lat="47.326504" lon="1.082999"><ele>56.8</ele></trkpt>
      <trkpt lat="47.326502" lon="1.083046"><ele>56.8</ele></trkpt>
      <trkpt lat="47.326490" lon="1.083066"><ele>57.0</ele></trkpt>
      <trkpt lat="47.326481" lon="1.083083"><ele>57.2</ele></trkpt>
      <trkpt lat="47.326447" lon="1.083107"><ele>58.0</ele></trkpt>
      <trkpt lat="47.326110" lon="1.083239"><ele>58.5</ele></trkpt>
      <trkpt lat="47.325772" lon="1.083393"><ele>57.8</ele></trkpt>
      <trkpt lat="47.325713" lon="1.083434"><ele>57.8</ele></trkpt>
      <trkpt lat="47.325690" lon="1.083480"><ele>57.5</ele></trkpt>
      <trkpt lat="47.325676" lon="1.083553"><ele>57.8</ele></trkpt>
      <trkpt lat="47.325684" lon="1.083625"><ele>57.8</ele></trkpt>
      <trkpt lat="47.326469" lon="1.083350"><ele>60.2</ele></trkpt>
      <trkpt lat="47.326541" lon="1.083308"><ele>58.8</ele></trkpt>
      <trkpt lat="47.327679" lon="1.082635"><ele>58.0</ele></trkpt>
      <trkpt lat="47.328488" lon="1.082190"><ele>58.8</ele></trkpt>
      <trkpt lat="47.328479" lon="1.082240"><ele>58.8</ele></trkpt>
      <trkpt lat="47.328471" lon="1.082284"><ele>58.8</ele></trkpt>
      <trkpt lat="47.328404" lon="1.082356"><ele>58.5</ele></trkpt>
      <trkpt lat="47.328219" lon="1.082482"><ele>58.2</ele></trkpt>
      <trkpt lat="47.327924" lon="1.082656"><ele>58.5</ele></trkpt>
      <trkpt lat="47.327837" lon="1.082729"><ele>58.2</ele></trkpt>
      <trkpt lat="47.327769" lon="1.082808"><ele>57.8</ele></trkpt>
      <trkpt lat="47.327715" lon="1.082923"><ele>57.0</ele></trkpt>
      <trkpt lat="47.327707" lon="1.082990"><ele>56.5</ele></trkpt>
      <trkpt lat="47.327768" lon="1.083225"><ele>56.8</ele></trkpt>
      <trkpt lat="47.328012" lon="1.083869"><ele>56.5</ele></trkpt>
      <trkpt lat="47.328457" lon="1.084956"><ele>56.0</ele></trkpt>
      <trkpt lat="47.328623" lon="1.085467"><ele>57.0</ele></trkpt>
      <trkpt lat="47.328672" lon="1.085755"><ele>57.0</ele></trkpt>
      <trkpt lat="47.328793" lon="1.086464"><ele>56.2</ele></trkpt>
      <trkpt lat="47.328854" lon="1.086794"><ele>56.5</ele></trkpt>
      <trkpt lat="47.328864" lon="1.086848"><ele>56.8</ele></trkpt>
      <trkpt lat="47.328936" lon="1.087238"><ele>57.0</ele></trkpt>
      <trkpt lat="47.328953" lon="1.087464"><ele>56.5</ele></trkpt>
      <trkpt lat="47.328981" lon="1.087864"><ele>55.8</ele></trkpt>
      <trkpt lat="47.328997" lon="1.088083"><ele>56.0</ele></trkpt>
      <trkpt lat="47.329024" lon="1.088380"><ele>56.0</ele></trkpt>
      <trkpt lat="47.329051" lon="1.088669"><ele>56.5</ele></trkpt>
      <trkpt lat="47.329057" lon="1.088736"><ele>56.5</ele></trkpt>
      <trkpt lat="47.329034" lon="1.089075"><ele>56.0</ele></trkpt>
      <trkpt lat="47.329134" lon="1.090034"><ele>58.2</ele></trkpt>
      <trkpt lat="47.329292" lon="1.090990"><ele>56.5</ele></trkpt>
      <trkpt lat="47.329357" lon="1.091191"><ele>57.0</ele></trkpt>
      <trkpt lat="47.329448" lon="1.091619"><ele>57.0</ele></trkpt>
      <trkpt lat="47.329502" lon="1.091765"><ele>56.8</ele></trkpt>
      <trkpt lat="47.329507" lon="1.091778"><ele>56.8</ele></trkpt>
      <trkpt lat="47.329836" lon="1.092571"><ele>56.5</ele></trkpt>
      <trkpt lat="47.330020" lon="1.093059"><ele>57.0</ele></trkpt>
      <trkpt lat="47.330133" lon="1.093379"><ele>56.8</ele></trkpt>
      <trkpt lat="47.330201" lon="1.093625"><ele>57.0</ele></trkpt>
      <trkpt lat="47.330229" lon="1.093779"><ele>57.2</ele></trkpt>
      <trkpt lat="47.330261" lon="1.094085"><ele>57.8</ele></trkpt>
      <trkpt lat="47.330272" lon="1.094246"><ele>57.8</ele></trkpt>
      <trkpt lat="47.330292" lon="1.094789"><ele>57.8</ele></trkpt>
      <trkpt lat="47.330304" lon="1.094962"><ele>57.5</ele></trkpt>
      <trkpt lat="47.330348" lon="1.095354"><ele>57.5</ele></trkpt>
      <trkpt lat="47.330352" lon="1.095455"><ele>57.5</ele></trkpt>
      <trkpt lat="47.330339" lon="1.095854"><ele>56.5</ele></trkpt>
      <trkpt lat="47.330296" lon="1.096658"><ele>57.0</ele></trkpt>
      <trkpt lat="47.330285" lon="1.097080"><ele>57.5</ele></trkpt>
      <trkpt lat="47.330281" lon="1.097328"><ele>57.0</ele></trkpt>
      <trkpt lat="47.330285" lon="1.097528"><ele>57.0</ele></trkpt>
      <trkpt lat="47.330301" lon="1.097745"><ele>57.0</ele></trkpt>
      <trkpt lat="47.330514" lon="1.099203"><ele>57.2</ele></trkpt>
      <trkpt lat="47.330603" lon="1.099742"><ele>56.0</ele></trkpt>
      <trkpt lat="47.330654" lon="1.100022"><ele>56.5</ele></trkpt>
      <trkpt lat="47.330690" lon="1.100178"><ele>56.5</ele></trkpt>
      <trkpt lat="47.330734" lon="1.100311"><ele>56.8</ele></trkpt>
      <trkpt lat="47.330836" lon="1.101004"><ele>57.2</ele></trkpt>
      <trkpt lat="47.330944" lon="1.101804"><ele>56.0</ele></trkpt>
      <trkpt lat="47.331088" lon="1.102753"><ele>57.5</ele></trkpt>
      <trkpt lat="47.331119" lon="1.102958"><ele>57.2</ele></trkpt>
      <trkpt lat="47.331231" lon="1.104108"><ele>56.0</ele></trkpt>
      <trkpt lat="47.331574" lon="1.105726"><ele>56.5</ele></trkpt>
      <trkpt lat="47.331649" lon="1.105985"><ele>57.2</ele></trkpt>
      <trkpt lat="47.331755" lon="1.106291"><ele>56.0</ele></trkpt>
      <trkpt lat="47.332451" lon="1.108175"><ele>57.2</ele></trkpt>
      <trkpt lat="47.332657" lon="1.108773"><ele>58.2</ele></trkpt>
      <trkpt lat="47.332733" lon="1.109005"><ele>59.0</ele></trkpt>
      <trkpt lat="47.332870" lon="1.109557"><ele>57.8</ele></trkpt>
      <trkpt lat="47.333030" lon="1.110511"><ele>59.8</ele></trkpt>
      <trkpt lat="47.333121" lon="1.111180"><ele>57.0</ele></trkpt>
      <trkpt lat="47.333146" lon="1.111391"><ele>57.5</ele></trkpt>
      <trkpt lat="47.333249" lon="1.112794"><ele>58.5</ele></trkpt>
      <trkpt lat="47.333317" lon="1.113292"><ele>58.8</ele></trkpt>
      <trkpt lat="47.333318" lon="1.113329"><ele>58.8</ele></trkpt>
      <trkpt lat="47.333319" lon="1.113386"><ele>58.8</ele></trkpt>
      <trkpt lat="47.333331" lon="1.113986"><ele>57.8</ele></trkpt>
      <trkpt lat="47.333315" lon="1.115326"><ele>57.8</ele></trkpt>
      <trkpt lat="47.333226" lon="1.116146"><ele>57.0</ele></trkpt>
      <trkpt lat="47.333213" lon="1.116831"><ele>57.0</ele></trkpt>
      <trkpt lat="47.333304" lon="1.117260"><ele>57.8</ele></trkpt>
      <trkpt lat="47.333410" lon="1.117961"><ele>56.5</ele></trkpt>
      <trkpt lat="47.333430" lon="1.118440"><ele>56.5</ele></trkpt>
      <trkpt lat="47.333418" lon="1.118959"><ele>56.5</ele></trkpt>
      <trkpt lat="47.333379" lon="1.120074"><ele>57.0</ele></trkpt>
      <trkpt lat="47.333401" lon="1.120755"><ele>57.0</ele></trkpt>
      <trkpt lat="47.333378" lon="1.121609"><ele>57.0</ele></trkpt>
      <trkpt lat="47.333277" lon="1.123154"><ele>57.5</ele></trkpt>
      <trkpt lat="47.333137" lon="1.123822"><ele>57.5</ele></trkpt>
      <trkpt lat="47.332954" lon="1.124767"><ele>57.2</ele></trkpt>
      <trkpt lat="47.332939" lon="1.124846"><ele>57.0</ele></trkpt>
      <trkpt lat="47.332627" lon="1.126349"><ele>56.8</ele></trkpt>
      <trkpt lat="47.332533" lon="1.127068"><ele>58.5</ele></trkpt>
      <trkpt lat="47.332495" lon="1.127488"><ele>57.8</ele></trkpt>
      <trkpt lat="47.332493" lon="1.128011"><ele>58.8</ele></trkpt>
      <trkpt lat="47.332511" lon="1.128378"><ele>58.8</ele></trkpt>
      <trkpt lat="47.332658" lon="1.129272"><ele>58.8</ele></trkpt>
      <trkpt lat="47.332722" lon="1.129656"><ele>58.8</ele></trkpt>
      <trkpt lat="47.332923" lon="1.130512"><ele>59.5</ele></trkpt>
      <trkpt lat="47.332981" lon="1.130793"><ele>59.8</ele></trkpt>
      <trkpt lat="47.332992" lon="1.130905"><ele>60.0</ele></trkpt>
      <trkpt lat="47.333001" lon="1.131014"><ele>60.0</ele></trkpt>
      <trkpt lat="47.333003" lon="1.131268"><ele>60.0</ele></trkpt>
      <trkpt lat="47.332958" lon="1.131716"><ele>60.0</ele></trkpt>
      <trkpt lat="47.332943" lon="1.131972"><ele>60.0</ele></trkpt>
      <trkpt lat="47.332947" lon="1.132266"><ele>60.0</ele></trkpt>
      <trkpt lat="47.332965" lon="1.132533"><ele>60.0</ele></trkpt>
      <trkpt lat="47.333002" lon="1.132763"><ele>60.0</ele></trkpt>
      <trkpt lat="47.333031" lon="1.132865"><ele>60.0</ele></trkpt>
      <trkpt lat="47.333140" lon="1.133154"><ele>60.0</ele></trkpt>
      <trkpt lat="47.333149" lon="1.133213"><ele>60.0</ele></trkpt>
      <trkpt lat="47.333146" lon="1.133268"><ele>60.0</ele></trkpt>
      <trkpt lat="47.333130" lon="1.133324"><ele>60.0</ele></trkpt>
      <trkpt lat="47.333384" lon="1.133545"><ele>60.0</ele></trkpt>
      <trkpt lat="47.333509" lon="1.133654"><ele>60.0</ele></trkpt>
      <trkpt lat="47.333545" lon="1.134039"><ele>60.0</ele></trkpt>
      <trkpt lat="47.333505" lon="1.134574"><ele>60.0</ele></trkpt>
      <trkpt lat="47.333429" lon="1.134967"><ele>60.0</ele></trkpt>
      <trkpt lat="47.333406" lon="1.135082"><ele>60.0</ele></trkpt>
      <trkpt lat="47.333343" lon="1.135410"><ele>60.5</ele></trkpt>
      <trkpt lat="47.333231" lon="1.136618"><ele>60.0</ele></trkpt>
      <trkpt lat="47.333230" lon="1.136680"><ele>60.0</ele></trkpt>
      <trkpt lat="47.333216" lon="1.137138"><ele>60.0</ele></trkpt>
      <trkpt lat="47.333244" lon="1.137583"><ele>60.0</ele></trkpt>
      <trkpt lat="47.333376" lon="1.138274"><ele>60.0</ele></trkpt>
      <trkpt lat="47.333417" lon="1.138589"><ele>60.0</ele></trkpt>
      <trkpt lat="47.333465" lon="1.139057"><ele>60.0</ele></trkpt>
      <trkpt lat="47.333465" lon="1.140498"><ele>59.2</ele></trkpt>
      <trkpt lat="47.334050" lon="1.146001"><ele>61.0</ele></trkpt>
      <trkpt lat="47.334446" lon="1.150050"><ele>60.8</ele></trkpt>
      <trkpt lat="47.334629" lon="1.153247"><ele>60.5</ele></trkpt>
      <trkpt lat="47.334701" lon="1.153973"><ele>61.8</ele></trkpt>
      <trkpt lat="47.334754" lon="1.154197"><ele>61.8</ele></trkpt>
      <trkpt lat="47.334865" lon="1.154761"><ele>61.5</ele></trkpt>
      <trkpt lat="47.334955" lon="1.155238"><ele>61.8</ele></trkpt>
      <trkpt lat="47.335255" lon="1.156625"><ele>61.0</ele></trkpt>
      <trkpt lat="47.335455" lon="1.157715"><ele>60.5</ele></trkpt>
      <trkpt lat="47.336468" lon="1.163967"><ele>62.0</ele></trkpt>
      <trkpt lat="47.336592" lon="1.164749"><ele>61.5</ele></trkpt>
      <trkpt lat="47.336626" lon="1.164960"><ele>61.0</ele></trkpt>
      <trkpt lat="47.336718" lon="1.165340"><ele>61.0</ele></trkpt>
      <trkpt lat="47.336935" lon="1.165935"><ele>61.0</ele></trkpt>
      <trkpt lat="47.337733" lon="1.167816"><ele>61.8</ele></trkpt>
      <trkpt lat="47.338109" lon="1.168821"><ele>61.8</ele></trkpt>
      <trkpt lat="47.338294" lon="1.169544"><ele>61.0</ele></trkpt>
      <trkpt lat="47.338438" lon="1.170119"><ele>61.0</ele></trkpt>
      <trkpt lat="47.338515" lon="1.170407"><ele>61.0</ele></trkpt>
      <trkpt lat="47.338607" lon="1.170971"><ele>60.8</ele></trkpt>
      <trkpt lat="47.338615" lon="1.171370"><ele>61.0</ele></trkpt>
      <trkpt lat="47.338658" lon="1.171811"><ele>61.0</ele></trkpt>
      <trkpt lat="47.338819" lon="1.172472"><ele>61.0</ele></trkpt>
      <trkpt lat="47.338876" lon="1.172657"><ele>60.8</ele></trkpt>
      <trkpt lat="47.338989" lon="1.173024"><ele>61.0</ele></trkpt>
      <trkpt lat="47.339434" lon="1.174259"><ele>60.8</ele></trkpt>
      <trkpt lat="47.339300" lon="1.174450"><ele>59.2</ele></trkpt>
      <trkpt lat="47.339378" lon="1.174563"><ele>60.0</ele></trkpt>
      <trkpt lat="47.339752" lon="1.175605"><ele>59.8</ele></trkpt>
      <trkpt lat="47.340033" lon="1.176410"><ele>60.0</ele></trkpt>
      <trkpt lat="47.340368" lon="1.177283"><ele>59.8</ele></trkpt>
      <trkpt lat="47.340625" lon="1.177974"><ele>60.0</ele></trkpt>
      <trkpt lat="47.340680" lon="1.178122"><ele>60.0</ele></trkpt>
      <trkpt lat="47.340739" lon="1.178183"><ele>60.5</ele></trkpt>
      <trkpt lat="47.340741" lon="1.178245"><ele>60.2</ele></trkpt>
      <trkpt lat="47.340764" lon="1.178330"><ele>60.2</ele></trkpt>
      <trkpt lat="47.340797" lon="1.178403"><ele>60.5</ele></trkpt>
      <trkpt lat="47.340940" lon="1.178868"><ele>60.0</ele></trkpt>
      <trkpt lat="47.341001" lon="1.179079"><ele>60.0</ele></trkpt>
      <trkpt lat="47.341131" lon="1.179510"><ele>60.5</ele></trkpt>
      <trkpt lat="47.341277" lon="1.180001"><ele>60.2</ele></trkpt>
      <trkpt lat="47.341657" lon="1.181347"><ele>61.0</ele></trkpt>
      <trkpt lat="47.341698" lon="1.181495"><ele>60.8</ele></trkpt>
      <trkpt lat="47.341795" lon="1.181925"><ele>60.8</ele></trkpt>
      <trkpt lat="47.341870" lon="1.182294"><ele>60.0</ele></trkpt>
      <trkpt lat="47.341926" lon="1.182634"><ele>60.8</ele></trkpt>
      <trkpt lat="47.341940" lon="1.182861"><ele>60.8</ele></trkpt>
      <trkpt lat="47.341943" lon="1.182920"><ele>60.8</ele></trkpt>
      <trkpt lat="47.341951" lon="1.183161"><ele>61.0</ele></trkpt>
      <trkpt lat="47.341973" lon="1.183445"><ele>61.0</ele></trkpt>
      <trkpt lat="47.342014" lon="1.183954"><ele>59.5</ele></trkpt>
      <trkpt lat="47.342020" lon="1.184034"><ele>59.2</ele></trkpt>
      <trkpt lat="47.342195" lon="1.183988"><ele>61.5</ele></trkpt>
      <trkpt lat="47.342371" lon="1.183944"><ele>62.0</ele></trkpt>
      <trkpt lat="47.342527" lon="1.184892"><ele>62.0</ele></trkpt>
      <trkpt lat="47.342536" lon="1.184992"><ele>62.0</ele></trkpt>
      <trkpt lat="47.342639" lon="1.186245"><ele>63.2</ele></trkpt>
      <trkpt lat="47.342642" lon="1.186280"><ele>63.0</ele></trkpt>
      <trkpt lat="47.342662" lon="1.186538"><ele>63.0</ele></trkpt>
      <trkpt lat="47.342665" lon="1.186563"><ele>63.0</ele></trkpt>
      <trkpt lat="47.342905" lon="1.186476"><ele>63.5</ele></trkpt>
      <trkpt lat="47.342945" lon="1.186454"><ele>63.5</ele></trkpt>
      <trkpt lat="47.342971" lon="1.186409"><ele>63.5</ele></trkpt>
      <trkpt lat="47.342972" lon="1.186370"><ele>63.5</ele></trkpt>
      <trkpt lat="47.342953" lon="1.186213"><ele>63.8</ele></trkpt>
      <trkpt lat="47.342950" lon="1.186179"><ele>63.8</ele></trkpt>
      <trkpt lat="47.342965" lon="1.185983"><ele>64.8</ele></trkpt>
      <trkpt lat="47.342954" lon="1.185313"><ele>67.5</ele></trkpt>
      <trkpt lat="47.342960" lon="1.185123"><ele>65.5</ele></trkpt>
      <trkpt lat="47.343004" lon="1.185062"><ele>65.2</ele></trkpt>
      <trkpt lat="47.343052" lon="1.185039"><ele>65.5</ele></trkpt>
      <trkpt lat="47.343058" lon="1.185083"><ele>66.0</ele></trkpt>
      <trkpt lat="47.343073" lon="1.185152"><ele>67.5</ele></trkpt>
      <trkpt lat="47.343077" lon="1.185192"><ele>68.0</ele></trkpt>
      <trkpt lat="47.343081" lon="1.185245"><ele>69.0</ele></trkpt>
      <trkpt lat="47.343081" lon="1.185257"><ele>69.2</ele></trkpt>
      <trkpt lat="47.343104" lon="1.185258"><ele>70.0</ele></trkpt>
      <trkpt lat="47.343125" lon="1.185256"><ele>70.5</ele></trkpt>
      <trkpt lat="47.343130" lon="1.185181"><ele>69.0</ele></trkpt>
      <trkpt lat="47.343161" lon="1.185183"><ele>69.8</ele></trkpt>
      <trkpt lat="47.343204" lon="1.185186"><ele>70.8</ele></trkpt>
      <trkpt lat="47.343214" lon="1.185225"><ele>72.0</ele></trkpt>
      <trkpt lat="47.343215" lon="1.185269"><ele>73.2</ele></trkpt>
      <trkpt lat="47.343213" lon="1.185294"><ele>73.8</ele></trkpt>
      <trkpt lat="47.343200" lon="1.185319"><ele>73.8</ele></trkpt>
      <trkpt lat="47.343161" lon="1.185345"><ele>72.8</ele></trkpt>
      <trkpt lat="47.343162" lon="1.185387"><ele>73.5</ele></trkpt>
      <trkpt lat="47.343175" lon="1.185403"><ele>74.2</ele></trkpt>
      <trkpt lat="47.343194" lon="1.185405"><ele>75.2</ele></trkpt>
      <trkpt lat="47.343239" lon="1.185360"><ele>76.0</ele></trkpt>
      <trkpt lat="47.343260" lon="1.185349"><ele>76.8</ele></trkpt>
      <trkpt lat="47.343275" lon="1.185346"><ele>77.2</ele></trkpt>
      <trkpt lat="47.343285" lon="1.185358"><ele>77.8</ele></trkpt>
      <trkpt lat="47.343285" lon="1.185378"><ele>78.5</ele></trkpt>
      <trkpt lat="47.343261" lon="1.185405"><ele>78.2</ele></trkpt>
      <trkpt lat="47.343254" lon="1.185429"><ele>78.5</ele></trkpt>
      <trkpt lat="47.343263" lon="1.185527"><ele>81.5</ele></trkpt>
      <trkpt lat="47.343280" lon="1.185531"><ele>82.8</ele></trkpt>
      <trkpt lat="47.343345" lon="1.185557"><ele>86.8</ele></trkpt>
      <trkpt lat="47.343429" lon="1.185575"><ele>85.8</ele></trkpt>
      <trkpt lat="47.343513" lon="1.185660"><ele>86.2</ele></trkpt>
      <trkpt lat="47.343578" lon="1.185835"><ele>90.5</ele></trkpt>
      <trkpt lat="47.343589" lon="1.185958"><ele>91.2</ele></trkpt>
      <trkpt lat="47.343536" lon="1.185971"><ele>90.5</ele></trkpt>
      <trkpt lat="47.343539" lon="1.186010"><ele>90.5</ele></trkpt>
      <trkpt lat="47.343590" lon="1.186007"><ele>91.8</ele></trkpt>
      <trkpt lat="47.343539" lon="1.186010"><ele>90.5</ele></trkpt>
      <trkpt lat="47.343536" lon="1.185971"><ele>90.5</ele></trkpt>
      <trkpt lat="47.343589" lon="1.185958"><ele>91.2</ele></trkpt>
      <trkpt lat="47.343578" lon="1.185835"><ele>90.5</ele></trkpt>
      <trkpt lat="47.343513" lon="1.185660"><ele>86.2</ele></trkpt>
      <trkpt lat="47.343429" lon="1.185575"><ele>85.8</ele></trkpt>
      <trkpt lat="47.343345" lon="1.185557"><ele>86.8</ele></trkpt>
      <trkpt lat="47.343280" lon="1.185531"><ele>82.8</ele></trkpt>
      <trkpt lat="47.343263" lon="1.185527"><ele>81.5</ele></trkpt>
      <trkpt lat="47.343254" lon="1.185429"><ele>78.5</ele></trkpt>
      <trkpt lat="47.343261" lon="1.185405"><ele>78.2</ele></trkpt>
      <trkpt lat="47.343285" lon="1.185378"><ele>78.5</ele></trkpt>
      <trkpt lat="47.343285" lon="1.185358"><ele>77.8</ele></trkpt>
      <trkpt lat="47.343275" lon="1.185346"><ele>77.2</ele></trkpt>
      <trkpt lat="47.343260" lon="1.185349"><ele>76.8</ele></trkpt>
      <trkpt lat="47.343239" lon="1.185360"><ele>76.0</ele></trkpt>
      <trkpt lat="47.343194" lon="1.185405"><ele>75.2</ele></trkpt>
      <trkpt lat="47.343175" lon="1.185403"><ele>74.2</ele></trkpt>
      <trkpt lat="47.343162" lon="1.185387"><ele>73.5</ele></trkpt>
      <trkpt lat="47.343161" lon="1.185345"><ele>72.8</ele></trkpt>
      <trkpt lat="47.343200" lon="1.185319"><ele>73.8</ele></trkpt>
      <trkpt lat="47.343213" lon="1.185294"><ele>73.8</ele></trkpt>
      <trkpt lat="47.343215" lon="1.185269"><ele>73.2</ele></trkpt>
      <trkpt lat="47.343214" lon="1.185225"><ele>72.0</ele></trkpt>
      <trkpt lat="47.343204" lon="1.185186"><ele>70.8</ele></trkpt>
      <trkpt lat="47.343161" lon="1.185183"><ele>69.8</ele></trkpt>
      <trkpt lat="47.343130" lon="1.185181"><ele>69.0</ele></trkpt>
      <trkpt lat="47.343125" lon="1.185256"><ele>70.5</ele></trkpt>
      <trkpt lat="47.343104" lon="1.185258"><ele>70.0</ele></trkpt>
      <trkpt lat="47.343081" lon="1.185257"><ele>69.2</ele></trkpt>
      <trkpt lat="47.343081" lon="1.185245"><ele>69.0</ele></trkpt>
      <trkpt lat="47.343077" lon="1.185192"><ele>68.0</ele></trkpt>
      <trkpt lat="47.343073" lon="1.185152"><ele>67.5</ele></trkpt>
      <trkpt lat="47.343058" lon="1.185083"><ele>66.0</ele></trkpt>
      <trkpt lat="47.343052" lon="1.185039"><ele>65.5</ele></trkpt>
      <trkpt lat="47.343512" lon="1.184937"><ele>67.0</ele></trkpt>
      <trkpt lat="47.343722" lon="1.184884"><ele>67.8</ele></trkpt>
      <trkpt lat="47.343808" lon="1.184880"><ele>68.2</ele></trkpt>
      <trkpt lat="47.343848" lon="1.184909"><ele>68.5</ele></trkpt>
      <trkpt lat="47.344120" lon="1.184939"><ele>69.8</ele></trkpt>
      <trkpt lat="47.344262" lon="1.184951"><ele>70.0</ele></trkpt>
      <trkpt lat="47.344478" lon="1.184977"><ele>70.0</ele></trkpt>
      <trkpt lat="47.344803" lon="1.185014"><ele>71.0</ele></trkpt>
      <trkpt lat="47.345110" lon="1.185081"><ele>71.2</ele></trkpt>
      <trkpt lat="47.345157" lon="1.185099"><ele>71.5</ele></trkpt>
      <trkpt lat="47.345258" lon="1.185142"><ele>71.5</ele></trkpt>
      <trkpt lat="47.345432" lon="1.185254"><ele>71.2</ele></trkpt>
      <trkpt lat="47.345465" lon="1.185280"><ele>71.2</ele></trkpt>
      <trkpt lat="47.345530" lon="1.185332"><ele>71.8</ele></trkpt>
      <trkpt lat="47.345674" lon="1.185448"><ele>73.5</ele></trkpt>
      <trkpt lat="47.345771" lon="1.185533"><ele>74.0</ele></trkpt>
      <trkpt lat="47.345818" lon="1.185568"><ele>74.0</ele></trkpt>
      <trkpt lat="47.345803" lon="1.185607"><ele>74.2</ele></trkpt>
      <trkpt lat="47.345776" lon="1.185671"><ele>74.5</ele></trkpt>
      <trkpt lat="47.345754" lon="1.185748"><ele>75.0</ele></trkpt>
      <trkpt lat="47.345757" lon="1.185778"><ele>75.2</ele></trkpt>
      <trkpt lat="47.345770" lon="1.185807"><ele>75.2</ele></trkpt>
      <trkpt lat="47.346310" lon="1.186350"><ele>82.2</ele></trkpt>
      <trkpt lat="47.347133" lon="1.187169"><ele>92.2</ele></trkpt>
      <trkpt lat="47.347265" lon="1.187373"><ele>95.2</ele></trkpt>
      <trkpt lat="47.347341" lon="1.187581"><ele>98.2</ele></trkpt>
      <trkpt lat="47.347473" lon="1.188272"><ele>106.2</ele></trkpt>
      <trkpt lat="47.347734" lon="1.189631"><ele>114.5</ele></trkpt>
      <trkpt lat="47.347929" lon="1.190151"><ele>115.8</ele></trkpt>
      <trkpt lat="47.348004" lon="1.190351"><ele>116.2</ele></trkpt>
      <trkpt lat="47.348074" lon="1.190516"><ele>116.8</ele></trkpt>
      <trkpt lat="47.348347" lon="1.191160"><ele>118.2</ele></trkpt>
      <trkpt lat="47.348413" lon="1.191246"><ele>118.8</ele></trkpt>
      <trkpt lat="47.348748" lon="1.191589"><ele>120.2</ele></trkpt>
      <trkpt lat="47.349047" lon="1.191915"><ele>122.0</ele></trkpt>
      <trkpt lat="47.349816" lon="1.192686"><ele>124.0</ele></trkpt>
      <trkpt lat="47.350181" lon="1.192991"><ele>124.0</ele></trkpt>
      <trkpt lat="47.350853" lon="1.193394"><ele>124.8</ele></trkpt>
      <trkpt lat="47.351733" lon="1.193906"><ele>125.0</ele></trkpt>
      <trkpt lat="47.352442" lon="1.194367"><ele>125.5</ele></trkpt>
      <trkpt lat="47.353412" lon="1.195002"><ele>129.0</ele></trkpt>
      <trkpt lat="47.353473" lon="1.195023"><ele>129.0</ele></trkpt>
      <trkpt lat="47.354315" lon="1.195451"><ele>130.0</ele></trkpt>
      <trkpt lat="47.354739" lon="1.195676"><ele>130.0</ele></trkpt>
      <trkpt lat="47.356038" lon="1.196347"><ele>130.0</ele></trkpt>
      <trkpt lat="47.356404" lon="1.193159"><ele>129.0</ele></trkpt>
      <trkpt lat="47.356919" lon="1.192972"><ele>128.5</ele></trkpt>
      <trkpt lat="47.359545" lon="1.192015"><ele>124.8</ele></trkpt>
      <trkpt lat="47.360240" lon="1.191761"><ele>117.5</ele></trkpt>
      <trkpt lat="47.363724" lon="1.190529"><ele>127.5</ele></trkpt>
      <trkpt lat="47.363909" lon="1.190463"><ele>127.0</ele></trkpt>
      <trkpt lat="47.364077" lon="1.190404"><ele>127.0</ele></trkpt>
      <trkpt lat="47.363519" lon="1.195552"><ele>129.2</ele></trkpt>
      <trkpt lat="47.363047" lon="1.199917"><ele>132.0</ele></trkpt>
      <trkpt lat="47.362616" lon="1.204005"><ele>128.5</ele></trkpt>
      <trkpt lat="47.362299" lon="1.207017"><ele>130.0</ele></trkpt>
      <trkpt lat="47.362202" lon="1.207881"><ele>131.0</ele></trkpt>
      <trkpt lat="47.362170" lon="1.208171"><ele>131.5</ele></trkpt>
      <trkpt lat="47.362164" lon="1.208225"><ele>131.5</ele></trkpt>
      <trkpt lat="47.362159" lon="1.208279"><ele>131.8</ele></trkpt>
      <trkpt lat="47.361939" lon="1.210595"><ele>133.0</ele></trkpt>
      <trkpt lat="47.361733" lon="1.212501"><ele>133.0</ele></trkpt>
      <trkpt lat="47.361680" lon="1.212989"><ele>132.0</ele></trkpt>
      <trkpt lat="47.361641" lon="1.213348"><ele>132.0</ele></trkpt>
      <trkpt lat="47.361595" lon="1.213620"><ele>132.0</ele></trkpt>
      <trkpt lat="47.361470" lon="1.214739"><ele>132.5</ele></trkpt>
      <trkpt lat="47.361193" lon="1.217439"><ele>134.0</ele></trkpt>
      <trkpt lat="47.361046" lon="1.218780"><ele>134.0</ele></trkpt>
      <trkpt lat="47.360465" lon="1.224117"><ele>129.0</ele></trkpt>
      <trkpt lat="47.360421" lon="1.224479"><ele>128.2</ele></trkpt>
      <trkpt lat="47.360063" lon="1.227831"><ele>131.8</ele></trkpt>
      <trkpt lat="47.359775" lon="1.230419"><ele>132.2</ele></trkpt>
      <trkpt lat="47.359547" lon="1.232601"><ele>134.0</ele></trkpt>
      <trkpt lat="47.358669" lon="1.240753"><ele>137.0</ele></trkpt>
      <trkpt lat="47.358240" lon="1.244737"><ele>137.0</ele></trkpt>
      <trkpt lat="47.358021" lon="1.247249"><ele>137.0</ele></trkpt>
      <trkpt lat="47.358266" lon="1.247978"><ele>137.0</ele></trkpt>
      <trkpt lat="47.358573" lon="1.248710"><ele>137.0</ele></trkpt>
      <trkpt lat="47.358965" lon="1.249648"><ele>137.0</ele></trkpt>
      <trkpt lat="47.359066" lon="1.249969"><ele>137.0</ele></trkpt>
      <trkpt lat="47.359533" lon="1.251728"><ele>135.5</ele></trkpt>
      <trkpt lat="47.359653" lon="1.252015"><ele>135.0</ele></trkpt>
      <trkpt lat="47.360781" lon="1.253862"><ele>132.0</ele></trkpt>
      <trkpt lat="47.361291" lon="1.254870"><ele>132.8</ele></trkpt>
      <trkpt lat="47.362290" lon="1.257167"><ele>132.8</ele></trkpt>
      <trkpt lat="47.362787" lon="1.258355"><ele>129.8</ele></trkpt>
      <trkpt lat="47.363018" lon="1.259056"><ele>129.0</ele></trkpt>
      <trkpt lat="47.363342" lon="1.260180"><ele>126.8</ele></trkpt>
      <trkpt lat="47.363537" lon="1.261388"><ele>126.2</ele></trkpt>
      <trkpt lat="47.363623" lon="1.262072"><ele>126.2</ele></trkpt>
      <trkpt lat="47.363625" lon="1.262906"><ele>125.8</ele></trkpt>
      <trkpt lat="47.363659" lon="1.263344"><ele>124.8</ele></trkpt>
      <trkpt lat="47.363751" lon="1.264044"><ele>122.2</ele></trkpt>
      <trkpt lat="47.363849" lon="1.264444"><ele>121.0</ele></trkpt>
      <trkpt lat="47.363985" lon="1.264875"><ele>119.8</ele></trkpt>
      <trkpt lat="47.364402" lon="1.265959"><ele>116.5</ele></trkpt>
      <trkpt lat="47.365046" lon="1.267333"><ele>112.5</ele></trkpt>
      <trkpt lat="47.365067" lon="1.267381"><ele>112.2</ele></trkpt>
      <trkpt lat="47.365087" lon="1.267430"><ele>112.2</ele></trkpt>
      <trkpt lat="47.365656" lon="1.268751"><ele>109.5</ele></trkpt>
      <trkpt lat="47.365977" lon="1.269457"><ele>107.2</ele></trkpt>
      <trkpt lat="47.366329" lon="1.270046"><ele>105.8</ele></trkpt>
      <trkpt lat="47.366909" lon="1.270925"><ele>104.0</ele></trkpt>
      <trkpt lat="47.367341" lon="1.271517"><ele>102.5</ele></trkpt>
      <trkpt lat="47.367846" lon="1.272160"><ele>99.5</ele></trkpt>
      <trkpt lat="47.368579" lon="1.273143"><ele>96.5</ele></trkpt>
      <trkpt lat="47.369015" lon="1.273707"><ele>94.5</ele></trkpt>
      <trkpt lat="47.369562" lon="1.274259"><ele>92.0</ele></trkpt>
      <trkpt lat="47.370234" lon="1.275062"><ele>89.8</ele></trkpt>
      <trkpt lat="47.371681" lon="1.276949"><ele>79.8</ele></trkpt>
      <trkpt lat="47.372396" lon="1.277963"><ele>80.2</ele></trkpt>
      <trkpt lat="47.372425" lon="1.278005"><ele>80.2</ele></trkpt>
      <trkpt lat="47.372452" lon="1.278048"><ele>80.5</ele></trkpt>
      <trkpt lat="47.372654" lon="1.278357"><ele>80.5</ele></trkpt>
      <trkpt lat="47.372756" lon="1.278574"><ele>80.8</ele></trkpt>
      <trkpt lat="47.372989" lon="1.279332"><ele>83.2</ele></trkpt>
      <trkpt lat="47.373130" lon="1.279607"><ele>84.2</ele></trkpt>
      <trkpt lat="47.373299" lon="1.279873"><ele>85.2</ele></trkpt>
      <trkpt lat="47.373789" lon="1.280427"><ele>87.5</ele></trkpt>
      <trkpt lat="47.374035" lon="1.280669"><ele>87.8</ele></trkpt>
      <trkpt lat="47.374330" lon="1.280908"><ele>88.0</ele></trkpt>
      <trkpt lat="47.375871" lon="1.281955"><ele>89.2</ele></trkpt>
      <trkpt lat="47.377906" lon="1.283397"><ele>96.0</ele></trkpt>
      <trkpt lat="47.379122" lon="1.284185"><ele>97.8</ele></trkpt>
      <trkpt lat="47.379467" lon="1.284357"><ele>96.8</ele></trkpt>
      <trkpt lat="47.379863" lon="1.284481"><ele>95.8</ele></trkpt>
      <trkpt lat="47.380195" lon="1.284554"><ele>94.8</ele></trkpt>
      <trkpt lat="47.380760" lon="1.284567"><ele>93.5</ele></trkpt>
      <trkpt lat="47.381029" lon="1.284594"><ele>92.8</ele></trkpt>
      <trkpt lat="47.381415" lon="1.284682"><ele>92.0</ele></trkpt>
      <trkpt lat="47.381722" lon="1.284793"><ele>90.5</ele></trkpt>
      <trkpt lat="47.381992" lon="1.284931"><ele>90.0</ele></trkpt>
      <trkpt lat="47.382737" lon="1.285394"><ele>89.0</ele></trkpt>
      <trkpt lat="47.382934" lon="1.285467"><ele>89.0</ele></trkpt>
      <trkpt lat="47.383320" lon="1.285550"><ele>89.0</ele></trkpt>
      <trkpt lat="47.383690" lon="1.285641"><ele>88.8</ele></trkpt>
      <trkpt lat="47.383953" lon="1.285730"><ele>89.2</ele></trkpt>
      <trkpt lat="47.384121" lon="1.285825"><ele>89.0</ele></trkpt>
      <trkpt lat="47.384249" lon="1.285941"><ele>88.8</ele></trkpt>
      <trkpt lat="47.384366" lon="1.286079"><ele>88.8</ele></trkpt>
      <trkpt lat="47.384636" lon="1.286471"><ele>88.8</ele></trkpt>
      <trkpt lat="47.384825" lon="1.286784"><ele>89.2</ele></trkpt>
      <trkpt lat="47.384855" lon="1.286865"><ele>89.2</ele></trkpt>
      <trkpt lat="47.385251" lon="1.287288"><ele>89.8</ele></trkpt>
      <trkpt lat="47.385455" lon="1.287481"><ele>90.5</ele></trkpt>
      <trkpt lat="47.385618" lon="1.287554"><ele>91.0</ele></trkpt>
      <trkpt lat="47.385859" lon="1.287562"><ele>91.8</ele></trkpt>
      <trkpt lat="47.385901" lon="1.287552"><ele>92.2</ele></trkpt>
      <trkpt lat="47.386215" lon="1.287402"><ele>94.2</ele></trkpt>
      <trkpt lat="47.386424" lon="1.287379"><ele>95.0</ele></trkpt>
      <trkpt lat="47.386486" lon="1.287395"><ele>95.2</ele></trkpt>
      <trkpt lat="47.386547" lon="1.287465"><ele>95.5</ele></trkpt>
      <trkpt lat="47.386823" lon="1.287779"><ele>95.8</ele></trkpt>
      <trkpt lat="47.387134" lon="1.288076"><ele>96.0</ele></trkpt>
      <trkpt lat="47.387186" lon="1.288107"><ele>96.0</ele></trkpt>
      <trkpt lat="47.387227" lon="1.288132"><ele>96.0</ele></trkpt>
      <trkpt lat="47.387266" lon="1.288248"><ele>96.0</ele></trkpt>
      <trkpt lat="47.387364" lon="1.288406"><ele>96.0</ele></trkpt>
      <trkpt lat="47.387414" lon="1.288474"><ele>96.0</ele></trkpt>
      <trkpt lat="47.387486" lon="1.288574"><ele>96.0</ele></trkpt>
      <trkpt lat="47.387715" lon="1.288873"><ele>95.0</ele></trkpt>
      <trkpt lat="47.387826" lon="1.288807"><ele>95.2</ele></trkpt>
      <trkpt lat="47.387865" lon="1.288682"><ele>96.0</ele></trkpt>
      <trkpt lat="47.388022" lon="1.288448"><ele>97.2</ele></trkpt>
      <trkpt lat="47.388147" lon="1.288468"><ele>97.8</ele></trkpt>
      <trkpt lat="47.388356" lon="1.288566"><ele>98.0</ele></trkpt>
      <trkpt lat="47.388854" lon="1.288968"><ele>96.5</ele></trkpt>
      <trkpt lat="47.389188" lon="1.289135"><ele>97.0</ele></trkpt>
      <trkpt lat="47.389437" lon="1.289285"><ele>96.5</ele></trkpt>
      <trkpt lat="47.389821" lon="1.289613"><ele>96.8</ele></trkpt>
      <trkpt lat="47.390544" lon="1.289947"><ele>96.8</ele></trkpt>
      <trkpt lat="47.391075" lon="1.290064"><ele>96.8</ele></trkpt>
      <trkpt lat="47.391402" lon="1.290164"><ele>97.0</ele></trkpt>
      <trkpt lat="47.391989" lon="1.290355"><ele>98.0</ele></trkpt>
      <trkpt lat="47.392856" lon="1.290647"><ele>100.0</ele></trkpt>
      <trkpt lat="47.393077" lon="1.290715"><ele>100.0</ele></trkpt>
      <trkpt lat="47.393388" lon="1.290773"><ele>101.0</ele></trkpt>
      <trkpt lat="47.393662" lon="1.290818"><ele>102.0</ele></trkpt>
      <trkpt lat="47.394250" lon="1.290802"><ele>103.0</ele></trkpt>
      <trkpt lat="47.394834" lon="1.290679"><ele>104.0</ele></trkpt>
      <trkpt lat="47.395745" lon="1.290438"><ele>105.0</ele></trkpt>
      <trkpt lat="47.396590" lon="1.290475"><ele>106.5</ele></trkpt>
      <trkpt lat="47.397149" lon="1.290625"><ele>107.5</ele></trkpt>
      <trkpt lat="47.397643" lon="1.290668"><ele>108.0</ele></trkpt>
      <trkpt lat="47.397912" lon="1.290625"><ele>108.2</ele></trkpt>
      <trkpt lat="47.398195" lon="1.290529"><ele>109.0</ele></trkpt>
      <trkpt lat="47.398409" lon="1.290373"><ele>109.0</ele></trkpt>
      <trkpt lat="47.398813" lon="1.290207"><ele>109.2</ele></trkpt>
      <trkpt lat="47.399037" lon="1.290153"><ele>109.0</ele></trkpt>
      <trkpt lat="47.399454" lon="1.290138"><ele>109.0</ele></trkpt>
      <trkpt lat="47.399680" lon="1.290217"><ele>109.0</ele></trkpt>
      <trkpt lat="47.399903" lon="1.290378"><ele>108.0</ele></trkpt>
      <trkpt lat="47.400691" lon="1.291152"><ele>107.5</ele></trkpt>
      <trkpt lat="47.400837" lon="1.291293"><ele>107.5</ele></trkpt>
      <trkpt lat="47.401100" lon="1.291484"><ele>108.0</ele></trkpt>
      <trkpt lat="47.401666" lon="1.291741"><ele>109.0</ele></trkpt>
      <trkpt lat="47.402046" lon="1.291953"><ele>109.2</ele></trkpt>
      <trkpt lat="47.402204" lon="1.292042"><ele>109.8</ele></trkpt>
      <trkpt lat="47.404224" lon="1.293769"><ele>104.8</ele></trkpt>
      <trkpt lat="47.404288" lon="1.293823"><ele>104.5</ele></trkpt>
      <trkpt lat="47.404644" lon="1.293994"><ele>104.0</ele></trkpt>
      <trkpt lat="47.406649" lon="1.294637"><ele>102.0</ele></trkpt>
      <trkpt lat="47.407345" lon="1.294928"><ele>102.0</ele></trkpt>
      <trkpt lat="47.407722" lon="1.295209"><ele>102.8</ele></trkpt>
      <trkpt lat="47.410684" lon="1.297854"><ele>106.5</ele></trkpt>
      <trkpt lat="47.411325" lon="1.298221"><ele>106.5</ele></trkpt>
      <trkpt lat="47.412044" lon="1.298554"><ele>106.8</ele></trkpt>
      <trkpt lat="47.412378" lon="1.298596"><ele>107.0</ele></trkpt>
      <trkpt lat="47.413053" lon="1.298500"><ele>108.0</ele></trkpt>
      <trkpt lat="47.413707" lon="1.298350"><ele>109.0</ele></trkpt>
      <trkpt lat="47.414516" lon="1.298216"><ele>109.2</ele></trkpt>
      <trkpt lat="47.416305" lon="1.297986"><ele>110.0</ele></trkpt>
      <trkpt lat="47.418549" lon="1.297663"><ele>109.0</ele></trkpt>
      <trkpt lat="47.419086" lon="1.297577"><ele>108.5</ele></trkpt>
      <trkpt lat="47.419501" lon="1.297380"><ele>108.0</ele></trkpt>
      <trkpt lat="47.419832" lon="1.297293"><ele>107.5</ele></trkpt>
      <trkpt lat="47.419963" lon="1.297301"><ele>107.5</ele></trkpt>
      <trkpt lat="47.420386" lon="1.297400"><ele>107.5</ele></trkpt>
      <trkpt lat="47.420858" lon="1.297547"><ele>108.8</ele></trkpt>
      <trkpt lat="47.421253" lon="1.297751"><ele>109.0</ele></trkpt>
      <trkpt lat="47.422359" lon="1.298420"><ele>107.8</ele></trkpt>
      <trkpt lat="47.424369" lon="1.299536"><ele>107.0</ele></trkpt>
      <trkpt lat="47.424805" lon="1.299766"><ele>106.5</ele></trkpt>
      <trkpt lat="47.425121" lon="1.299858"><ele>106.2</ele></trkpt>
      <trkpt lat="47.425544" lon="1.299833"><ele>106.0</ele></trkpt>
      <trkpt lat="47.426090" lon="1.299702"><ele>106.0</ele></trkpt>
      <trkpt lat="47.426970" lon="1.299310"><ele>107.0</ele></trkpt>
      <trkpt lat="47.427292" lon="1.299241"><ele>107.0</ele></trkpt>
      <trkpt lat="47.428136" lon="1.299300"><ele>108.2</ele></trkpt>
      <trkpt lat="47.429223" lon="1.299323"><ele>112.0</ele></trkpt>
      <trkpt lat="47.430354" lon="1.299307"><ele>112.5</ele></trkpt>
      <trkpt lat="47.430594" lon="1.299176"><ele>111.8</ele></trkpt>
      <trkpt lat="47.431380" lon="1.298721"><ele>111.0</ele></trkpt>
      <trkpt lat="47.431769" lon="1.298558"><ele>109.5</ele></trkpt>
      <trkpt lat="47.432313" lon="1.298467"><ele>108.0</ele></trkpt>
      <trkpt lat="47.432606" lon="1.298427"><ele>107.5</ele></trkpt>
      <trkpt lat="47.432931" lon="1.298403"><ele>107.0</ele></trkpt>
      <trkpt lat="47.433044" lon="1.298369"><ele>107.0</ele></trkpt>
      <trkpt lat="47.433137" lon="1.298375"><ele>106.8</ele></trkpt>
      <trkpt lat="47.433471" lon="1.298337"><ele>106.2</ele></trkpt>
      <trkpt lat="47.433994" lon="1.298259"><ele>106.0</ele></trkpt>
      <trkpt lat="47.434277" lon="1.298236"><ele>106.0</ele></trkpt>
      <trkpt lat="47.434517" lon="1.298192"><ele>106.5</ele></trkpt>
      <trkpt lat="47.434673" lon="1.298140"><ele>106.5</ele></trkpt>
      <trkpt lat="47.434821" lon="1.298059"><ele>106.8</ele></trkpt>
      <trkpt lat="47.434916" lon="1.298086"><ele>106.8</ele></trkpt>
      <trkpt lat="47.435096" lon="1.298091"><ele>107.2</ele></trkpt>
      <trkpt lat="47.435108" lon="1.298091"><ele>107.2</ele></trkpt>
      <trkpt lat="47.435130" lon="1.298089"><ele>107.2</ele></trkpt>
      <trkpt lat="47.436630" lon="1.298007"><ele>108.0</ele></trkpt>
      <trkpt lat="47.436842" lon="1.298014"><ele>108.0</ele></trkpt>
      <trkpt lat="47.436871" lon="1.298015"><ele>108.0</ele></trkpt>
      <trkpt lat="47.436979" lon="1.298164"><ele>107.8</ele></trkpt>
      <trkpt lat="47.437132" lon="1.298321"><ele>107.2</ele></trkpt>
      <trkpt lat="47.437249" lon="1.298430"><ele>106.8</ele></trkpt>
      <trkpt lat="47.437414" lon="1.298566"><ele>106.2</ele></trkpt>
      <trkpt lat="47.437616" lon="1.298726"><ele>106.0</ele></trkpt>
      <trkpt lat="47.437797" lon="1.298825"><ele>105.8</ele></trkpt>
      <trkpt lat="47.438520" lon="1.299257"><ele>103.8</ele></trkpt>
      <trkpt lat="47.438613" lon="1.299311"><ele>103.2</ele></trkpt>
      <trkpt lat="47.438760" lon="1.299375"><ele>103.2</ele></trkpt>
      <trkpt lat="47.438884" lon="1.299405"><ele>103.0</ele></trkpt>
      <trkpt lat="47.439133" lon="1.299416"><ele>103.0</ele></trkpt>
      <trkpt lat="47.439436" lon="1.299395"><ele>102.0</ele></trkpt>
      <trkpt lat="47.439471" lon="1.299392"><ele>101.5</ele></trkpt>
      <trkpt lat="47.439746" lon="1.299447"><ele>98.8</ele></trkpt>
      <trkpt lat="47.439797" lon="1.299404"><ele>98.5</ele></trkpt>
      <trkpt lat="47.440251" lon="1.299825"><ele>97.5</ele></trkpt>
      <trkpt lat="47.440477" lon="1.300022"><ele>97.2</ele></trkpt>
      <trkpt lat="47.440629" lon="1.300122"><ele>96.5</ele></trkpt>
      <trkpt lat="47.440753" lon="1.300177"><ele>96.2</ele></trkpt>
      <trkpt lat="47.441021" lon="1.300258"><ele>95.2</ele></trkpt>
      <trkpt lat="47.441192" lon="1.300336"><ele>94.8</ele></trkpt>
      <trkpt lat="47.441328" lon="1.300409"><ele>94.5</ele></trkpt>
      <trkpt lat="47.441468" lon="1.300493"><ele>94.2</ele></trkpt>
      <trkpt lat="47.441976" lon="1.300861"><ele>93.8</ele></trkpt>
      <trkpt lat="47.442066" lon="1.300942"><ele>93.5</ele></trkpt>
      <trkpt lat="47.442292" lon="1.301017"><ele>93.5</ele></trkpt>
      <trkpt lat="47.442536" lon="1.301015"><ele>93.5</ele></trkpt>
      <trkpt lat="47.442703" lon="1.300980"><ele>93.8</ele></trkpt>
      <trkpt lat="47.442744" lon="1.300967"><ele>93.8</ele></trkpt>
      <trkpt lat="47.442811" lon="1.300944"><ele>94.0</ele></trkpt>
      <trkpt lat="47.442888" lon="1.300890"><ele>94.0</ele></trkpt>
      <trkpt lat="47.443273" lon="1.300666"><ele>94.0</ele></trkpt>
      <trkpt lat="47.443400" lon="1.300635"><ele>94.0</ele></trkpt>
      <trkpt lat="47.443544" lon="1.300616"><ele>94.0</ele></trkpt>
      <trkpt lat="47.443739" lon="1.300655"><ele>94.0</ele></trkpt>
      <trkpt lat="47.443820" lon="1.300701"><ele>94.0</ele></trkpt>
      <trkpt lat="47.443955" lon="1.300821"><ele>94.0</ele></trkpt>
      <trkpt lat="47.444122" lon="1.301047"><ele>94.0</ele></trkpt>
      <trkpt lat="47.444258" lon="1.301291"><ele>94.0</ele></trkpt>
      <trkpt lat="47.444429" lon="1.301637"><ele>93.8</ele></trkpt>
      <trkpt lat="47.444496" lon="1.301760"><ele>94.0</ele></trkpt>
      <trkpt lat="47.444588" lon="1.301907"><ele>94.0</ele></trkpt>
      <trkpt lat="47.444661" lon="1.301994"><ele>93.8</ele></trkpt>
      <trkpt lat="47.444737" lon="1.302065"><ele>94.0</ele></trkpt>
      <trkpt lat="47.444829" lon="1.302128"><ele>94.2</ele></trkpt>
      <trkpt lat="47.444966" lon="1.302195"><ele>94.8</ele></trkpt>
      <trkpt lat="47.445783" lon="1.302485"><ele>95.8</ele></trkpt>
      <trkpt lat="47.446471" lon="1.302717"><ele>96.2</ele></trkpt>
      <trkpt lat="47.446863" lon="1.302863"><ele>97.5</ele></trkpt>
      <trkpt lat="47.447058" lon="1.303009"><ele>98.2</ele></trkpt>
      <trkpt lat="47.447224" lon="1.303165"><ele>98.5</ele></trkpt>
      <trkpt lat="47.447695" lon="1.303580"><ele>100.5</ele></trkpt>
      <trkpt lat="47.448233" lon="1.303961"><ele>104.0</ele></trkpt>
      <trkpt lat="47.448919" lon="1.304521"><ele>106.8</ele></trkpt>
      <trkpt lat="47.449407" lon="1.304941"><ele>107.8</ele></trkpt>
      <trkpt lat="47.449643" lon="1.305179"><ele>107.8</ele></trkpt>
      <trkpt lat="47.449823" lon="1.305414"><ele>107.8</ele></trkpt>
      <trkpt lat="47.449931" lon="1.305576"><ele>107.8</ele></trkpt>
      <trkpt lat="47.450090" lon="1.305772"><ele>108.0</ele></trkpt>
      <trkpt lat="47.450345" lon="1.306025"><ele>108.0</ele></trkpt>
      <trkpt lat="47.450533" lon="1.306180"><ele>108.0</ele></trkpt>
      <trkpt lat="47.451003" lon="1.306457"><ele>107.0</ele></trkpt>
      <trkpt lat="47.451221" lon="1.306618"><ele>106.2</ele></trkpt>
      <trkpt lat="47.451536" lon="1.306940"><ele>104.2</ele></trkpt>
      <trkpt lat="47.451874" lon="1.307385"><ele>102.8</ele></trkpt>
      <trkpt lat="47.452418" lon="1.308126"><ele>99.2</ele></trkpt>
      <trkpt lat="47.452527" lon="1.308233"><ele>98.8</ele></trkpt>
      <trkpt lat="47.452853" lon="1.308469"><ele>97.8</ele></trkpt>
      <trkpt lat="47.453350" lon="1.308742"><ele>96.8</ele></trkpt>
      <trkpt lat="47.453778" lon="1.309038"><ele>95.2</ele></trkpt>
      <trkpt lat="47.454326" lon="1.309579"><ele>93.5</ele></trkpt>
      <trkpt lat="47.454816" lon="1.310030"><ele>92.8</ele></trkpt>
      <trkpt lat="47.455178" lon="1.310245"><ele>92.8</ele></trkpt>
      <trkpt lat="47.455400" lon="1.310346"><ele>92.5</ele></trkpt>
      <trkpt lat="47.455664" lon="1.310441"><ele>92.0</ele></trkpt>
      <trkpt lat="47.456051" lon="1.310558"><ele>91.0</ele></trkpt>
      <trkpt lat="47.457205" lon="1.310710"><ele>88.5</ele></trkpt>
      <trkpt lat="47.458030" lon="1.310921"><ele>84.0</ele></trkpt>
      <trkpt lat="47.458172" lon="1.310991"><ele>82.5</ele></trkpt>
      <trkpt lat="47.458292" lon="1.311081"><ele>81.2</ele></trkpt>
      <trkpt lat="47.458462" lon="1.311251"><ele>80.5</ele></trkpt>
      <trkpt lat="47.458622" lon="1.311440"><ele>79.8</ele></trkpt>
      <trkpt lat="47.458857" lon="1.311744"><ele>79.0</ele></trkpt>
      <trkpt lat="47.458989" lon="1.311874"><ele>78.8</ele></trkpt>
      <trkpt lat="47.459134" lon="1.311949"><ele>79.0</ele></trkpt>
      <trkpt lat="47.459279" lon="1.311988"><ele>78.5</ele></trkpt>
      <trkpt lat="47.459445" lon="1.311982"><ele>78.0</ele></trkpt>
      <trkpt lat="47.459722" lon="1.311910"><ele>77.8</ele></trkpt>
      <trkpt lat="47.459870" lon="1.311876"><ele>78.5</ele></trkpt>
      <trkpt lat="47.460307" lon="1.311797"><ele>82.8</ele></trkpt>
      <trkpt lat="47.460455" lon="1.311807"><ele>84.0</ele></trkpt>
      <trkpt lat="47.460624" lon="1.311832"><ele>85.0</ele></trkpt>
      <trkpt lat="47.461087" lon="1.311983"><ele>86.8</ele></trkpt>
      <trkpt lat="47.461266" lon="1.312076"><ele>87.5</ele></trkpt>
      <trkpt lat="47.461376" lon="1.312154"><ele>87.8</ele></trkpt>
      <trkpt lat="47.461503" lon="1.312282"><ele>88.0</ele></trkpt>
      <trkpt lat="47.461746" lon="1.312588"><ele>88.5</ele></trkpt>
      <trkpt lat="47.461872" lon="1.312703"><ele>88.8</ele></trkpt>
      <trkpt lat="47.462017" lon="1.312795"><ele>89.0</ele></trkpt>
      <trkpt lat="47.462212" lon="1.312871"><ele>89.2</ele></trkpt>
      <trkpt lat="47.462471" lon="1.312935"><ele>89.5</ele></trkpt>
      <trkpt lat="47.463062" lon="1.313038"><ele>89.8</ele></trkpt>
      <trkpt lat="47.464071" lon="1.313278"><ele>88.8</ele></trkpt>
      <trkpt lat="47.464214" lon="1.313316"><ele>88.8</ele></trkpt>
      <trkpt lat="47.464532" lon="1.313447"><ele>89.0</ele></trkpt>
      <trkpt lat="47.465207" lon="1.313665"><ele>89.5</ele></trkpt>
      <trkpt lat="47.465356" lon="1.313715"><ele>90.0</ele></trkpt>
      <trkpt lat="47.465801" lon="1.313851"><ele>90.8</ele></trkpt>
      <trkpt lat="47.466296" lon="1.313953"><ele>92.0</ele></trkpt>
      <trkpt lat="47.466363" lon="1.313982"><ele>92.0</ele></trkpt>
      <trkpt lat="47.466390" lon="1.314011"><ele>92.0</ele></trkpt>
      <trkpt lat="47.466700" lon="1.313703"><ele>92.0</ele></trkpt>
      <trkpt lat="47.466718" lon="1.313745"><ele>92.0</ele></trkpt>
      <trkpt lat="47.466802" lon="1.313925"><ele>92.0</ele></trkpt>
      <trkpt lat="47.466865" lon="1.314040"><ele>92.5</ele></trkpt>
      <trkpt lat="47.466973" lon="1.314102"><ele>92.5</ele></trkpt>
      <trkpt lat="47.467728" lon="1.314296"><ele>91.5</ele></trkpt>
      <trkpt lat="47.468204" lon="1.314461"><ele>92.0</ele></trkpt>
      <trkpt lat="47.468579" lon="1.314674"><ele>92.5</ele></trkpt>
      <trkpt lat="47.468890" lon="1.314917"><ele>94.0</ele></trkpt>
      <trkpt lat="47.469243" lon="1.315295"><ele>96.5</ele></trkpt>
      <trkpt lat="47.470291" lon="1.316285"><ele>103.0</ele></trkpt>
      <trkpt lat="47.470438" lon="1.316393"><ele>103.5</ele></trkpt>
      <trkpt lat="47.470534" lon="1.316087"><ele>103.8</ele></trkpt>
      <trkpt lat="47.471009" lon="1.314761"><ele>103.0</ele></trkpt>
      <trkpt lat="47.471095" lon="1.314473"><ele>103.0</ele></trkpt>
      <trkpt lat="47.471168" lon="1.314151"><ele>103.0</ele></trkpt>
      <trkpt lat="47.471216" lon="1.313706"><ele>103.2</ele></trkpt>
      <trkpt lat="47.471224" lon="1.313629"><ele>103.2</ele></trkpt>
      <trkpt lat="47.471276" lon="1.313117"><ele>103.0</ele></trkpt>
      <trkpt lat="47.471288" lon="1.312928"><ele>102.8</ele></trkpt>
      <trkpt lat="47.471280" lon="1.312743"><ele>102.5</ele></trkpt>
      <trkpt lat="47.471261" lon="1.312565"><ele>102.5</ele></trkpt>
      <trkpt lat="47.471195" lon="1.312085"><ele>102.0</ele></trkpt>
      <trkpt lat="47.471121" lon="1.311473"><ele>102.0</ele></trkpt>
      <trkpt lat="47.471136" lon="1.311301"><ele>101.8</ele></trkpt>
      <trkpt lat="47.471165" lon="1.311152"><ele>101.8</ele></trkpt>
      <trkpt lat="47.471194" lon="1.311044"><ele>101.5</ele></trkpt>
      <trkpt lat="47.471255" lon="1.310894"><ele>101.0</ele></trkpt>
      <trkpt lat="47.471609" lon="1.310102"><ele>96.2</ele></trkpt>
      <trkpt lat="47.471674" lon="1.310137"><ele>96.2</ele></trkpt>
      <trkpt lat="47.472078" lon="1.310230"><ele>96.2</ele></trkpt>
      <trkpt lat="47.472361" lon="1.310253"><ele>95.2</ele></trkpt>
      <trkpt lat="47.472566" lon="1.310210"><ele>94.5</ele></trkpt>
      <trkpt lat="47.472835" lon="1.310114"><ele>93.5</ele></trkpt>
      <trkpt lat="47.473083" lon="1.310000"><ele>93.0</ele></trkpt>
      <trkpt lat="47.473300" lon="1.310435"><ele>93.5</ele></trkpt>
      <trkpt lat="47.473451" lon="1.310763"><ele>94.2</ele></trkpt>
      <trkpt lat="47.473570" lon="1.311027"><ele>94.0</ele></trkpt>
      <trkpt lat="47.473761" lon="1.311366"><ele>94.2</ele></trkpt>
      <trkpt lat="47.474008" lon="1.311686"><ele>95.0</ele></trkpt>
      <trkpt lat="47.474217" lon="1.311995"><ele>95.0</ele></trkpt>
      <trkpt lat="47.474434" lon="1.312375"><ele>96.0</ele></trkpt>
      <trkpt lat="47.474531" lon="1.312566"><ele>95.5</ele></trkpt>
      <trkpt lat="47.474722" lon="1.312971"><ele>95.5</ele></trkpt>
      <trkpt lat="47.474841" lon="1.313211"><ele>95.5</ele></trkpt>
      <trkpt lat="47.475092" lon="1.313762"><ele>95.0</ele></trkpt>
      <trkpt lat="47.475317" lon="1.314231"><ele>94.5</ele></trkpt>
      <trkpt lat="47.475575" lon="1.314719"><ele>93.8</ele></trkpt>
      <trkpt lat="47.475949" lon="1.315375"><ele>92.8</ele></trkpt>
      <trkpt lat="47.476391" lon="1.316170"><ele>91.8</ele></trkpt>
      <trkpt lat="47.477282" lon="1.317768"><ele>90.0</ele></trkpt>
      <trkpt lat="47.477599" lon="1.318310"><ele>90.0</ele></trkpt>
      <trkpt lat="47.477684" lon="1.318387"><ele>89.8</ele></trkpt>
      <trkpt lat="47.477843" lon="1.318438"><ele>90.0</ele></trkpt>
      <trkpt lat="47.478409" lon="1.318480"><ele>89.8</ele></trkpt>
      <trkpt lat="47.478639" lon="1.318510"><ele>89.2</ele></trkpt>
      <trkpt lat="47.478852" lon="1.318581"><ele>89.0</ele></trkpt>
      <trkpt lat="47.479062" lon="1.318721"><ele>89.0</ele></trkpt>
      <trkpt lat="47.479390" lon="1.319075"><ele>89.0</ele></trkpt>
      <trkpt lat="47.480044" lon="1.319867"><ele>90.5</ele></trkpt>
      <trkpt lat="47.480360" lon="1.320271"><ele>91.0</ele></trkpt>
      <trkpt lat="47.480531" lon="1.320502"><ele>91.5</ele></trkpt>
      <trkpt lat="47.480701" lon="1.320754"><ele>91.0</ele></trkpt>
      <trkpt lat="47.480837" lon="1.320985"><ele>91.5</ele></trkpt>
      <trkpt lat="47.480984" lon="1.321270"><ele>91.2</ele></trkpt>
      <trkpt lat="47.481268" lon="1.321849"><ele>90.0</ele></trkpt>
      <trkpt lat="47.482216" lon="1.323790"><ele>87.5</ele></trkpt>
      <trkpt lat="47.482462" lon="1.324348"><ele>87.0</ele></trkpt>
      <trkpt lat="47.482738" lon="1.325078"><ele>87.0</ele></trkpt>
      <trkpt lat="47.483151" lon="1.326198"><ele>86.5</ele></trkpt>
      <trkpt lat="47.483305" lon="1.326563"><ele>86.0</ele></trkpt>
      <trkpt lat="47.483474" lon="1.326918"><ele>86.0</ele></trkpt>
      <trkpt lat="47.483994" lon="1.327951"><ele>86.2</ele></trkpt>
      <trkpt lat="47.484162" lon="1.328315"><ele>86.8</ele></trkpt>
      <trkpt lat="47.484259" lon="1.328559"><ele>86.5</ele></trkpt>
      <trkpt lat="47.484344" lon="1.328801"><ele>86.2</ele></trkpt>
      <trkpt lat="47.484436" lon="1.329103"><ele>86.0</ele></trkpt>
      <trkpt lat="47.484529" lon="1.329463"><ele>86.5</ele></trkpt>
      <trkpt lat="47.484614" lon="1.329845"><ele>86.2</ele></trkpt>
      <trkpt lat="47.484870" lon="1.331053"><ele>86.8</ele></trkpt>
      <trkpt lat="47.485034" lon="1.331726"><ele>86.8</ele></trkpt>
      <trkpt lat="47.485071" lon="1.331923"><ele>86.5</ele></trkpt>
      <trkpt lat="47.485390" lon="1.333982"><ele>86.5</ele></trkpt>
      <trkpt lat="47.485462" lon="1.334530"><ele>86.2</ele></trkpt>
      <trkpt lat="47.485506" lon="1.334920"><ele>86.0</ele></trkpt>
      <trkpt lat="47.485567" lon="1.335286"><ele>86.8</ele></trkpt>
      <trkpt lat="47.485703" lon="1.335899"><ele>86.2</ele></trkpt>
      <trkpt lat="47.485890" lon="1.336610"><ele>87.0</ele></trkpt>
      <trkpt lat="47.485897" lon="1.336637"><ele>87.0</ele></trkpt>
      <trkpt lat="47.486441" lon="1.336240"><ele>86.0</ele></trkpt>
      <trkpt lat="47.486876" lon="1.335899"><ele>85.0</ele></trkpt>
      <trkpt lat="47.487143" lon="1.335638"><ele>85.0</ele></trkpt>
      <trkpt lat="47.487670" lon="1.334971"><ele>84.0</ele></trkpt>
      <trkpt lat="47.487774" lon="1.334876"><ele>84.0</ele></trkpt>
      <trkpt lat="47.488058" lon="1.334756"><ele>83.8</ele></trkpt>
      <trkpt lat="47.488467" lon="1.334689"><ele>83.2</ele></trkpt>
      <trkpt lat="47.488575" lon="1.334686"><ele>83.0</ele></trkpt>
      <trkpt lat="47.488928" lon="1.334674"><ele>82.8</ele></trkpt>
      <trkpt lat="47.489816" lon="1.334679"><ele>82.5</ele></trkpt>
      <trkpt lat="47.490068" lon="1.334736"><ele>82.0</ele></trkpt>
      <trkpt lat="47.490264" lon="1.334843"><ele>82.2</ele></trkpt>
      <trkpt lat="47.490456" lon="1.335021"><ele>83.0</ele></trkpt>
      <trkpt lat="47.490984" lon="1.335825"><ele>83.8</ele></trkpt>
      <trkpt lat="47.491122" lon="1.335997"><ele>84.5</ele></trkpt>
      <trkpt lat="47.491254" lon="1.336119"><ele>84.5</ele></trkpt>
      <trkpt lat="47.491446" lon="1.336201"><ele>84.2</ele></trkpt>
      <trkpt lat="47.492229" lon="1.336452"><ele>82.8</ele></trkpt>
      <trkpt lat="47.492658" lon="1.336581"><ele>82.0</ele></trkpt>
      <trkpt lat="47.492971" lon="1.336664"><ele>81.2</ele></trkpt>
      <trkpt lat="47.493170" lon="1.336673"><ele>81.0</ele></trkpt>
      <trkpt lat="47.493308" lon="1.336650"><ele>81.0</ele></trkpt>
      <trkpt lat="47.493442" lon="1.336601"><ele>80.5</ele></trkpt>
      <trkpt lat="47.494232" lon="1.336248"><ele>77.8</ele></trkpt>
      <trkpt lat="47.494570" lon="1.336148"><ele>77.0</ele></trkpt>
      <trkpt lat="47.494768" lon="1.336130"><ele>76.8</ele></trkpt>
      <trkpt lat="47.495052" lon="1.336140"><ele>76.0</ele></trkpt>
      <trkpt lat="47.496245" lon="1.336379"><ele>74.5</ele></trkpt>
      <trkpt lat="47.496428" lon="1.336416"><ele>74.0</ele></trkpt>
      <trkpt lat="47.497042" lon="1.336509"><ele>74.2</ele></trkpt>
      <trkpt lat="47.499607" lon="1.336845"><ele>69.0</ele></trkpt>
      <trkpt lat="47.500150" lon="1.336915"><ele>68.2</ele></trkpt>
      <trkpt lat="47.500219" lon="1.336929"><ele>68.5</ele></trkpt>
      <trkpt lat="47.500290" lon="1.336991"><ele>68.8</ele></trkpt>
      <trkpt lat="47.500306" lon="1.337019"><ele>68.5</ele></trkpt>
      <trkpt lat="47.500755" lon="1.336621"><ele>67.2</ele></trkpt>
      <trkpt lat="47.501132" lon="1.336327"><ele>68.0</ele></trkpt>
      <trkpt lat="47.501185" lon="1.336289"><ele>68.2</ele></trkpt>
      <trkpt lat="47.501237" lon="1.336251"><ele>68.2</ele></trkpt>
      <trkpt lat="47.501300" lon="1.336224"><ele>68.5</ele></trkpt>
      <trkpt lat="47.501431" lon="1.336215"><ele>68.8</ele></trkpt>
      <trkpt lat="47.501536" lon="1.336256"><ele>68.5</ele></trkpt>
      <trkpt lat="47.501608" lon="1.336305"><ele>68.8</ele></trkpt>
      <trkpt lat="47.501855" lon="1.336508"><ele>68.8</ele></trkpt>
      <trkpt lat="47.501927" lon="1.336553"><ele>68.8</ele></trkpt>
      <trkpt lat="47.502053" lon="1.336595"><ele>69.0</ele></trkpt>
      <trkpt lat="47.502148" lon="1.336604"><ele>69.0</ele></trkpt>
      <trkpt lat="47.502223" lon="1.336588"><ele>69.2</ele></trkpt>
      <trkpt lat="47.502324" lon="1.336540"><ele>69.8</ele></trkpt>
      <trkpt lat="47.502555" lon="1.336383"><ele>71.0</ele></trkpt>
      <trkpt lat="47.502747" lon="1.336212"><ele>72.2</ele></trkpt>
      <trkpt lat="47.503043" lon="1.335964"><ele>74.2</ele></trkpt>
      <trkpt lat="47.503067" lon="1.335948"><ele>74.5</ele></trkpt>
      <trkpt lat="47.503931" lon="1.335333"><ele>80.8</ele></trkpt>
      <trkpt lat="47.504225" lon="1.335126"><ele>82.5</ele></trkpt>
      <trkpt lat="47.504327" lon="1.335026"><ele>82.8</ele></trkpt>
      <trkpt lat="47.504421" lon="1.334915"><ele>83.2</ele></trkpt>
      <trkpt lat="47.504476" lon="1.334825"><ele>83.5</ele></trkpt>
      <trkpt lat="47.504619" lon="1.334519"><ele>84.0</ele></trkpt>
      <trkpt lat="47.504716" lon="1.334349"><ele>84.0</ele></trkpt>
      <trkpt lat="47.504880" lon="1.334145"><ele>84.0</ele></trkpt>
      <trkpt lat="47.505007" lon="1.334033"><ele>83.8</ele></trkpt>
      <trkpt lat="47.505147" lon="1.333939"><ele>83.5</ele></trkpt>
      <trkpt lat="47.505664" lon="1.333619"><ele>82.5</ele></trkpt>
      <trkpt lat="47.506191" lon="1.333373"><ele>81.0</ele></trkpt>
      <trkpt lat="47.506509" lon="1.333321"><ele>80.8</ele></trkpt>
      <trkpt lat="47.506642" lon="1.333304"><ele>80.8</ele></trkpt>
      <trkpt lat="47.507202" lon="1.333253"><ele>81.8</ele></trkpt>
      <trkpt lat="47.509096" lon="1.333242"><ele>83.0</ele></trkpt>
      <trkpt lat="47.509599" lon="1.333248"><ele>83.0</ele></trkpt>
      <trkpt lat="47.510115" lon="1.333356"><ele>83.0</ele></trkpt>
      <trkpt lat="47.510688" lon="1.333509"><ele>84.0</ele></trkpt>
      <trkpt lat="47.511197" lon="1.333651"><ele>83.5</ele></trkpt>
      <trkpt lat="47.511566" lon="1.333777"><ele>83.0</ele></trkpt>
      <trkpt lat="47.511631" lon="1.333805"><ele>83.0</ele></trkpt>
      <trkpt lat="47.511776" lon="1.333867"><ele>83.0</ele></trkpt>
      <trkpt lat="47.511918" lon="1.333914"><ele>83.0</ele></trkpt>
      <trkpt lat="47.512159" lon="1.333965"><ele>83.0</ele></trkpt>
      <trkpt lat="47.512989" lon="1.334072"><ele>83.0</ele></trkpt>
      <trkpt lat="47.514005" lon="1.334191"><ele>83.2</ele></trkpt>
      <trkpt lat="47.514687" lon="1.334272"><ele>84.0</ele></trkpt>
      <trkpt lat="47.515055" lon="1.334296"><ele>84.2</ele></trkpt>
      <trkpt lat="47.515449" lon="1.334283"><ele>84.2</ele></trkpt>
      <trkpt lat="47.515761" lon="1.334259"><ele>84.8</ele></trkpt>
      <trkpt lat="47.516466" lon="1.334146"><ele>85.0</ele></trkpt>
      <trkpt lat="47.516615" lon="1.334121"><ele>85.0</ele></trkpt>
      <trkpt lat="47.517855" lon="1.333891"><ele>85.2</ele></trkpt>
      <trkpt lat="47.518059" lon="1.333855"><ele>85.8</ele></trkpt>
      <trkpt lat="47.518585" lon="1.333793"><ele>86.2</ele></trkpt>
      <trkpt lat="47.518909" lon="1.333734"><ele>87.0</ele></trkpt>
      <trkpt lat="47.519137" lon="1.333737"><ele>87.2</ele></trkpt>
      <trkpt lat="47.519536" lon="1.333876"><ele>87.0</ele></trkpt>
      <trkpt lat="47.520155" lon="1.334209"><ele>87.0</ele></trkpt>
      <trkpt lat="47.520992" lon="1.334775"><ele>87.5</ele></trkpt>
      <trkpt lat="47.521401" lon="1.335075"><ele>88.0</ele></trkpt>
      <trkpt lat="47.521751" lon="1.335381"><ele>88.5</ele></trkpt>
      <trkpt lat="47.522150" lon="1.335697"><ele>89.2</ele></trkpt>
      <trkpt lat="47.522501" lon="1.335949"><ele>90.5</ele></trkpt>
      <trkpt lat="47.522952" lon="1.336167"><ele>91.2</ele></trkpt>
      <trkpt lat="47.524416" lon="1.336730"><ele>93.8</ele></trkpt>
      <trkpt lat="47.524876" lon="1.337003"><ele>93.0</ele></trkpt>
      <trkpt lat="47.525135" lon="1.337288"><ele>93.0</ele></trkpt>
      <trkpt lat="47.526010" lon="1.338157"><ele>95.5</ele></trkpt>
      <trkpt lat="47.527165" lon="1.339285"><ele>99.0</ele></trkpt>
      <trkpt lat="47.529529" lon="1.341649"><ele>101.0</ele></trkpt>
      <trkpt lat="47.530613" lon="1.342722"><ele>102.0</ele></trkpt>
      <trkpt lat="47.530829" lon="1.342993"><ele>102.0</ele></trkpt>
      <trkpt lat="47.531244" lon="1.343629"><ele>102.0</ele></trkpt>
      <trkpt lat="47.533266" lon="1.346665"><ele>101.0</ele></trkpt>
      <trkpt lat="47.533446" lon="1.346917"><ele>101.0</ele></trkpt>
      <trkpt lat="47.534204" lon="1.346745"><ele>101.0</ele></trkpt>
      <trkpt lat="47.535336" lon="1.346568"><ele>101.0</ele></trkpt>
      <trkpt lat="47.538212" lon="1.346074"><ele>101.0</ele></trkpt>
      <trkpt lat="47.538619" lon="1.346005"><ele>101.0</ele></trkpt>
      <trkpt lat="47.539253" lon="1.345943"><ele>101.0</ele></trkpt>
      <trkpt lat="47.539469" lon="1.345907"><ele>101.0</ele></trkpt>
      <trkpt lat="47.541545" lon="1.345554"><ele>100.0</ele></trkpt>
      <trkpt lat="47.545998" lon="1.344803"><ele>103.0</ele></trkpt>
      <trkpt lat="47.546657" lon="1.344683"><ele>103.8</ele></trkpt>
      <trkpt lat="47.546664" lon="1.344721"><ele>103.8</ele></trkpt>
      <trkpt lat="47.546697" lon="1.344780"><ele>104.0</ele></trkpt>
      <trkpt lat="47.546744" lon="1.344800"><ele>104.0</ele></trkpt>
      <trkpt lat="47.546769" lon="1.344795"><ele>104.0</ele></trkpt>
      <trkpt lat="47.546792" lon="1.344779"><ele>104.0</ele></trkpt>
      <trkpt lat="47.546825" lon="1.344722"><ele>104.0</ele></trkpt>
      <trkpt lat="47.549185" lon="1.346074"><ele>106.0</ele></trkpt>
      <trkpt lat="47.550374" lon="1.346740"><ele>105.2</ele></trkpt>
      <trkpt lat="47.552380" lon="1.347903"><ele>103.0</ele></trkpt>
      <trkpt lat="47.554048" lon="1.348893"><ele>101.0</ele></trkpt>
      <trkpt lat="47.558010" lon="1.351215"><ele>100.0</ele></trkpt>
      <trkpt lat="47.562581" lon="1.352444"><ele>96.0</ele></trkpt>
      <trkpt lat="47.563302" lon="1.352636"><ele>97.2</ele></trkpt>
      <trkpt lat="47.563320" lon="1.352640"><ele>97.2</ele></trkpt>
      <trkpt lat="47.563784" lon="1.352750"><ele>98.5</ele></trkpt>
      <trkpt lat="47.563784" lon="1.352802"><ele>98.5</ele></trkpt>
      <trkpt lat="47.563806" lon="1.352842"><ele>98.5</ele></trkpt>
      <trkpt lat="47.563826" lon="1.352853"><ele>98.5</ele></trkpt>
      <trkpt lat="47.563848" lon="1.352852"><ele>98.5</ele></trkpt>
      <trkpt lat="47.563867" lon="1.352838"><ele>98.5</ele></trkpt>
      <trkpt lat="47.563881" lon="1.352814"><ele>98.8</ele></trkpt>
      <trkpt lat="47.563888" lon="1.352783"><ele>98.8</ele></trkpt>
      <trkpt lat="47.563886" lon="1.352752"><ele>98.8</ele></trkpt>
      <trkpt lat="47.563925" lon="1.352738"><ele>98.8</ele></trkpt>
      <trkpt lat="47.564339" lon="1.352415"><ele>98.8</ele></trkpt>
      <trkpt lat="47.564396" lon="1.352365"><ele>98.8</ele></trkpt>
      <trkpt lat="47.564991" lon="1.351690"><ele>99.0</ele></trkpt>
      <trkpt lat="47.565471" lon="1.350887"><ele>99.0</ele></trkpt>
      <trkpt lat="47.565958" lon="1.350166"><ele>95.0</ele></trkpt>
      <trkpt lat="47.566080" lon="1.350049"><ele>93.5</ele></trkpt>
      <trkpt lat="47.566664" lon="1.349607"><ele>87.8</ele></trkpt>
      <trkpt lat="47.566844" lon="1.349442"><ele>84.5</ele></trkpt>
      <trkpt lat="47.566931" lon="1.349187"><ele>82.2</ele></trkpt>
      <trkpt lat="47.566900" lon="1.348916"><ele>80.8</ele></trkpt>
      <trkpt lat="47.566840" lon="1.348577"><ele>79.2</ele></trkpt>
      <trkpt lat="47.566749" lon="1.347877"><ele>73.2</ele></trkpt>
      <trkpt lat="47.566754" lon="1.347469"><ele>71.5</ele></trkpt>
      <trkpt lat="47.566792" lon="1.347400"><ele>71.2</ele></trkpt>
      <trkpt lat="47.566772" lon="1.347349"><ele>71.2</ele></trkpt>
      <trkpt lat="47.566776" lon="1.347188"><ele>71.0</ele></trkpt>
      <trkpt lat="47.566895" lon="1.346721"><ele>69.8</ele></trkpt>
      <trkpt lat="47.567111" lon="1.345961"><ele>69.0</ele></trkpt>
      <trkpt lat="47.567315" lon="1.345473"><ele>68.2</ele></trkpt>
      <trkpt lat="47.567340" lon="1.345412"><ele>68.2</ele></trkpt>
      <trkpt lat="47.567550" lon="1.344731"><ele>67.0</ele></trkpt>
      <trkpt lat="47.567999" lon="1.342988"><ele>67.8</ele></trkpt>
      <trkpt lat="47.568074" lon="1.342675"><ele>68.0</ele></trkpt>
      <trkpt lat="47.568111" lon="1.342522"><ele>68.0</ele></trkpt>
      <trkpt lat="47.568149" lon="1.342370"><ele>68.2</ele></trkpt>
      <trkpt lat="47.568189" lon="1.342219"><ele>68.5</ele></trkpt>
      <trkpt lat="47.568463" lon="1.341694"><ele>68.5</ele></trkpt>
      <trkpt lat="47.568722" lon="1.341221"><ele>67.5</ele></trkpt>
      <trkpt lat="47.568764" lon="1.341115"><ele>67.5</ele></trkpt>
      <trkpt lat="47.568781" lon="1.340988"><ele>67.5</ele></trkpt>
      <trkpt lat="47.568769" lon="1.340869"><ele>67.5</ele></trkpt>
      <trkpt lat="47.568742" lon="1.340758"><ele>67.5</ele></trkpt>
      <trkpt lat="47.568893" lon="1.340655"><ele>68.0</ele></trkpt>
      <trkpt lat="47.569026" lon="1.340502"><ele>68.2</ele></trkpt>
      <trkpt lat="47.569126" lon="1.340449"><ele>69.2</ele></trkpt>
      <trkpt lat="47.569178" lon="1.340462"><ele>69.2</ele></trkpt>
      <trkpt lat="47.569567" lon="1.340581"><ele>69.8</ele></trkpt>
      <trkpt lat="47.569676" lon="1.340625"><ele>70.5</ele></trkpt>
      <trkpt lat="47.569815" lon="1.340724"><ele>70.8</ele></trkpt>
      <trkpt lat="47.569889" lon="1.340744"><ele>70.8</ele></trkpt>
      <trkpt lat="47.570126" lon="1.340768"><ele>71.0</ele></trkpt>
      <trkpt lat="47.570362" lon="1.340892"><ele>70.8</ele></trkpt>
      <trkpt lat="47.571241" lon="1.341408"><ele>70.8</ele></trkpt>
      <trkpt lat="47.572873" lon="1.342477"><ele>71.2</ele></trkpt>
      <trkpt lat="47.573610" lon="1.342951"><ele>70.0</ele></trkpt>
      <trkpt lat="47.573932" lon="1.343057"><ele>72.5</ele></trkpt>
      <trkpt lat="47.575279" lon="1.343399"><ele>71.2</ele></trkpt>
      <trkpt lat="47.575398" lon="1.343439"><ele>70.5</ele></trkpt>
      <trkpt lat="47.575719" lon="1.343580"><ele>71.8</ele></trkpt>
      <trkpt lat="47.576554" lon="1.343969"><ele>70.8</ele></trkpt>
      <trkpt lat="47.577085" lon="1.344062"><ele>70.5</ele></trkpt>
      <trkpt lat="47.578268" lon="1.344120"><ele>72.2</ele></trkpt>
      <trkpt lat="47.578398" lon="1.343990"><ele>70.2</ele></trkpt>
      <trkpt lat="47.578460" lon="1.343900"><ele>69.0</ele></trkpt>
      <trkpt lat="47.578456" lon="1.343825"><ele>69.0</ele></trkpt>
      <trkpt lat="47.578479" lon="1.343805"><ele>69.0</ele></trkpt>
      <trkpt lat="47.578520" lon="1.343746"><ele>69.0</ele></trkpt>
      <trkpt lat="47.579186" lon="1.342540"><ele>69.0</ele></trkpt>
      <trkpt lat="47.579369" lon="1.342201"><ele>69.5</ele></trkpt>
      <trkpt lat="47.579415" lon="1.342141"><ele>69.8</ele></trkpt>
      <trkpt lat="47.579467" lon="1.342098"><ele>70.0</ele></trkpt>
      <trkpt lat="47.579518" lon="1.342060"><ele>70.0</ele></trkpt>
      <trkpt lat="47.579516" lon="1.341929"><ele>69.8</ele></trkpt>
      <trkpt lat="47.579522" lon="1.341757"><ele>69.2</ele></trkpt>
      <trkpt lat="47.579524" lon="1.341681"><ele>69.0</ele></trkpt>
      <trkpt lat="47.579541" lon="1.341347"><ele>69.0</ele></trkpt>
      <trkpt lat="47.579561" lon="1.341231"><ele>69.0</ele></trkpt>
      <trkpt lat="47.579621" lon="1.341287"><ele>69.0</ele></trkpt>
      <trkpt lat="47.579670" lon="1.341306"><ele>69.0</ele></trkpt>
      <trkpt lat="47.579689" lon="1.341267"><ele>69.0</ele></trkpt>
      <trkpt lat="47.579713" lon="1.341219"><ele>69.0</ele></trkpt>
      <trkpt lat="47.579746" lon="1.341263"><ele>69.0</ele></trkpt>
      <trkpt lat="47.579849" lon="1.341367"><ele>69.2</ele></trkpt>
      <trkpt lat="47.580173" lon="1.341595"><ele>70.0</ele></trkpt>
      <trkpt lat="47.580342" lon="1.341314"><ele>69.8</ele></trkpt>
      <trkpt lat="47.580390" lon="1.341300"><ele>69.8</ele></trkpt>
      <trkpt lat="47.580549" lon="1.341032"><ele>69.2</ele></trkpt>
      <trkpt lat="47.580652" lon="1.340892"><ele>69.5</ele></trkpt>
      <trkpt lat="47.580849" lon="1.340562"><ele>69.0</ele></trkpt>
      <trkpt lat="47.580927" lon="1.340453"><ele>69.0</ele></trkpt>
      <trkpt lat="47.580998" lon="1.340383"><ele>69.2</ele></trkpt>
      <trkpt lat="47.581071" lon="1.340377"><ele>69.0</ele></trkpt>
      <trkpt lat="47.581110" lon="1.340370"><ele>69.0</ele></trkpt>
      <trkpt lat="47.581139" lon="1.340347"><ele>69.0</ele></trkpt>
      <trkpt lat="47.581463" lon="1.339951"><ele>69.0</ele></trkpt>
      <trkpt lat="47.581478" lon="1.339939"><ele>69.0</ele></trkpt>
      <trkpt lat="47.581509" lon="1.339933"><ele>69.0</ele></trkpt>
      <trkpt lat="47.581535" lon="1.339961"><ele>69.0</ele></trkpt>
      <trkpt lat="47.581845" lon="1.340504"><ele>69.5</ele></trkpt>
      <trkpt lat="47.581869" lon="1.340525"><ele>69.5</ele></trkpt>
      <trkpt lat="47.581894" lon="1.340535"><ele>69.8</ele></trkpt>
      <trkpt lat="47.581948" lon="1.340539"><ele>69.8</ele></trkpt>
      <trkpt lat="47.581997" lon="1.340509"><ele>70.0</ele></trkpt>
      <trkpt lat="47.582156" lon="1.340320"><ele>70.5</ele></trkpt>
      <trkpt lat="47.582136" lon="1.340267"><ele>70.2</ele></trkpt>
      <trkpt lat="47.582168" lon="1.340222"><ele>70.5</ele></trkpt>
      <trkpt lat="47.582329" lon="1.339992"><ele>70.2</ele></trkpt>
      <trkpt lat="47.582523" lon="1.339721"><ele>71.0</ele></trkpt>
      <trkpt lat="47.582553" lon="1.339705"><ele>71.0</ele></trkpt>
      <trkpt lat="47.582572" lon="1.339711"><ele>71.0</ele></trkpt>
      <trkpt lat="47.582629" lon="1.339762"><ele>71.0</ele></trkpt>
      <trkpt lat="47.582708" lon="1.339881"><ele>71.0</ele></trkpt>
      <trkpt lat="47.583089" lon="1.340416"><ele>71.5</ele></trkpt>
      <trkpt lat="47.583130" lon="1.340472"><ele>71.8</ele></trkpt>
      <trkpt lat="47.583156" lon="1.340432"><ele>71.5</ele></trkpt>
      <trkpt lat="47.583187" lon="1.340383"><ele>71.5</ele></trkpt>
      <trkpt lat="47.583583" lon="1.339797"><ele>71.8</ele></trkpt>
      <trkpt lat="47.583644" lon="1.339708"><ele>71.8</ele></trkpt>
      <trkpt lat="47.583691" lon="1.339636"><ele>71.8</ele></trkpt>
      <trkpt lat="47.583927" lon="1.339285"><ele>73.0</ele></trkpt>
      <trkpt lat="47.583937" lon="1.339268"><ele>73.0</ele></trkpt>
      <trkpt lat="47.583948" lon="1.339252"><ele>72.8</ele></trkpt>
      <trkpt lat="47.583984" lon="1.339304"><ele>73.0</ele></trkpt>
      <trkpt lat="47.584168" lon="1.339221"><ele>72.8</ele></trkpt>
      <trkpt lat="47.584186" lon="1.339192"><ele>72.5</ele></trkpt>
      <trkpt lat="47.584234" lon="1.339116"><ele>71.0</ele></trkpt>
      <trkpt lat="47.584207" lon="1.339069"><ele>71.2</ele></trkpt>
      <trkpt lat="47.584174" lon="1.339012"><ele>71.5</ele></trkpt>
      <trkpt lat="47.584143" lon="1.338959"><ele>71.5</ele></trkpt>
      <trkpt lat="47.584099" lon="1.338889"><ele>71.2</ele></trkpt>
      <trkpt lat="47.584137" lon="1.338845"><ele>70.2</ele></trkpt>
      <trkpt lat="47.585917" lon="1.336187"><ele>68.2</ele></trkpt>
      <trkpt lat="47.585937" lon="1.336151"><ele>68.8</ele></trkpt>
      <trkpt lat="47.585868" lon="1.336050"><ele>68.8</ele></trkpt>
      <trkpt lat="47.585909" lon="1.335987"><ele>70.5</ele></trkpt>
      <trkpt lat="47.585936" lon="1.335945"><ele>71.2</ele></trkpt>
      <trkpt lat="47.585967" lon="1.335897"><ele>72.2</ele></trkpt>
      <trkpt lat="47.585994" lon="1.335855"><ele>72.8</ele></trkpt>
      <trkpt lat="47.586026" lon="1.335899"><ele>72.5</ele></trkpt>
      <trkpt lat="47.586046" lon="1.335915"><ele>72.5</ele></trkpt>
      <trkpt lat="47.586070" lon="1.335911"><ele>72.8</ele></trkpt>
      <trkpt lat="47.586093" lon="1.335886"><ele>72.8</ele></trkpt>
    </trkseg>
  </trk>
</gpx>
