<?xml version="1.0" encoding="UTF-8"?>
<gpx version="1.1" creator="Gravel Kompass" xmlns="http://www.topografix.com/GPX/1/1">
  <metadata><name>Loiretal-Runde: Schlösser &amp; Weinberge – Etappe 1</name></metadata>
  <trk>
    <name>Etappe 1: Blois – Amboise</name>
    <trkseg>
      <trkpt lat="47.586093" lon="1.335886"><ele>72.8</ele></trkpt>
      <trkpt lat="47.586070" lon="1.335911"><ele>72.8</ele></trkpt>
      <trkpt lat="47.586046" lon="1.335915"><ele>72.5</ele></trkpt>
      <trkpt lat="47.586026" lon="1.335899"><ele>72.5</ele></trkpt>
      <trkpt lat="47.585994" lon="1.335855"><ele>72.8</ele></trkpt>
      <trkpt lat="47.585967" lon="1.335897"><ele>72.2</ele></trkpt>
      <trkpt lat="47.585936" lon="1.335945"><ele>71.2</ele></trkpt>
      <trkpt lat="47.585909" lon="1.335987"><ele>70.5</ele></trkpt>
      <trkpt lat="47.585868" lon="1.336050"><ele>68.8</ele></trkpt>
      <trkpt lat="47.585937" lon="1.336151"><ele>68.8</ele></trkpt>
      <trkpt lat="47.585942" lon="1.336158"><ele>69.0</ele></trkpt>
      <trkpt lat="47.585980" lon="1.336214"><ele>69.2</ele></trkpt>
      <trkpt lat="47.586019" lon="1.336268"><ele>69.5</ele></trkpt>
      <trkpt lat="47.586093" lon="1.336374"><ele>69.8</ele></trkpt>
      <trkpt lat="47.586170" lon="1.336483"><ele>69.5</ele></trkpt>
      <trkpt lat="47.586536" lon="1.336990"><ele>68.8</ele></trkpt>
      <trkpt lat="47.586781" lon="1.337381"><ele>69.0</ele></trkpt>
      <trkpt lat="47.586883" lon="1.337528"><ele>70.2</ele></trkpt>
      <trkpt lat="47.587137" lon="1.337959"><ele>69.8</ele></trkpt>
      <trkpt lat="47.587463" lon="1.338465"><ele>70.8</ele></trkpt>
      <trkpt lat="47.587800" lon="1.339059"><ele>71.2</ele></trkpt>
      <trkpt lat="47.587788" lon="1.339112"><ele>70.5</ele></trkpt>
      <trkpt lat="47.587797" lon="1.339150"><ele>70.2</ele></trkpt>
      <trkpt lat="47.588026" lon="1.339519"><ele>70.5</ele></trkpt>
      <trkpt lat="47.588047" lon="1.339608"><ele>70.0</ele></trkpt>
      <trkpt lat="47.588602" lon="1.340491"><ele>69.5</ele></trkpt>
      <trkpt lat="47.589479" lon="1.341886"><ele>69.8</ele></trkpt>
      <trkpt lat="47.589539" lon="1.341912"><ele>70.2</ele></trkpt>
      <trkpt lat="47.589798" lon="1.342312"><ele>70.5</ele></trkpt>
      <trkpt lat="47.589816" lon="1.342258"><ele>71.0</ele></trkpt>
      <trkpt lat="47.589881" lon="1.342302"><ele>71.0</ele></trkpt>
      <trkpt lat="47.589946" lon="1.342453"><ele>71.2</ele></trkpt>
      <trkpt lat="47.590128" lon="1.342769"><ele>71.2</ele></trkpt>
      <trkpt lat="47.590387" lon="1.343263"><ele>70.8</ele></trkpt>
      <trkpt lat="47.590416" lon="1.343319"><ele>71.0</ele></trkpt>
      <trkpt lat="47.590439" lon="1.343362"><ele>71.0</ele></trkpt>
      <trkpt lat="47.590782" lon="1.344010"><ele>72.2</ele></trkpt>
      <trkpt lat="47.590953" lon="1.344329"><ele>72.0</ele></trkpt>
      <trkpt lat="47.590978" lon="1.344376"><ele>71.8</ele></trkpt>
      <trkpt lat="47.591000" lon="1.344420"><ele>71.8</ele></trkpt>
      <trkpt lat="47.591535" lon="1.345522"><ele>72.5</ele></trkpt>
      <trkpt lat="47.591773" lon="1.346036"><ele>73.2</ele></trkpt>
      <trkpt lat="47.592045" lon="1.346666"><ele>73.2</ele></trkpt>
      <trkpt lat="47.592205" lon="1.347116"><ele>72.8</ele></trkpt>
      <trkpt lat="47.592227" lon="1.347180"><ele>72.8</ele></trkpt>
      <trkpt lat="47.592285" lon="1.347342"><ele>73.2</ele></trkpt>
      <trkpt lat="47.592312" lon="1.347411"><ele>73.2</ele></trkpt>
      <trkpt lat="47.592389" lon="1.347609"><ele>73.0</ele></trkpt>
      <trkpt lat="47.592501" lon="1.347918"><ele>72.8</ele></trkpt>
      <trkpt lat="47.592652" lon="1.348651"><ele>71.8</ele></trkpt>
      <trkpt lat="47.592715" lon="1.348926"><ele>72.0</ele></trkpt>
      <trkpt lat="47.592775" lon="1.349075"><ele>73.5</ele></trkpt>
      <trkpt lat="47.593019" lon="1.349542"><ele>73.8</ele></trkpt>
      <trkpt lat="47.593251" lon="1.350105"><ele>72.8</ele></trkpt>
      <trkpt lat="47.593363" lon="1.350406"><ele>73.2</ele></trkpt>
      <trkpt lat="47.593448" lon="1.350755"><ele>72.5</ele></trkpt>
      <trkpt lat="47.593493" lon="1.350955"><ele>72.2</ele></trkpt>
      <trkpt lat="47.593514" lon="1.351046"><ele>72.2</ele></trkpt>
      <trkpt lat="47.593694" lon="1.351407"><ele>72.2</ele></trkpt>
      <trkpt lat="47.593705" lon="1.351431"><ele>72.0</ele></trkpt>
      <trkpt lat="47.593723" lon="1.351466"><ele>72.0</ele></trkpt>
      <trkpt lat="47.593747" lon="1.351512"><ele>72.0</ele></trkpt>
      <trkpt lat="47.593762" lon="1.351540"><ele>72.0</ele></trkpt>
      <trkpt lat="47.593861" lon="1.351727"><ele>72.5</ele></trkpt>
      <trkpt lat="47.593925" lon="1.351849"><ele>72.8</ele></trkpt>
      <trkpt lat="47.593989" lon="1.351965"><ele>72.2</ele></trkpt>
      <trkpt lat="47.594454" lon="1.352811"><ele>73.8</ele></trkpt>
      <trkpt lat="47.594521" lon="1.352935"><ele>73.8</ele></trkpt>
      <trkpt lat="47.594567" lon="1.353019"><ele>73.5</ele></trkpt>
      <trkpt lat="47.594640" lon="1.353154"><ele>73.0</ele></trkpt>
      <trkpt lat="47.594775" lon="1.353403"><ele>72.2</ele></trkpt>
      <trkpt lat="47.595087" lon="1.353946"><ele>72.2</ele></trkpt>
      <trkpt lat="47.595508" lon="1.354627"><ele>73.0</ele></trkpt>
      <trkpt lat="47.595737" lon="1.354381"><ele>74.0</ele></trkpt>
      <trkpt lat="47.595986" lon="1.354073"><ele>72.8</ele></trkpt>
      <trkpt lat="47.596102" lon="1.353904"><ele>72.0</ele></trkpt>
      <trkpt lat="47.596200" lon="1.353635"><ele>70.8</ele></trkpt>
      <trkpt lat="47.596272" lon="1.353414"><ele>70.2</ele></trkpt>
      <trkpt lat="47.596254" lon="1.353333"><ele>70.2</ele></trkpt>
      <trkpt lat="47.596353" lon="1.352944"><ele>73.5</ele></trkpt>
      <trkpt lat="47.596378" lon="1.352748"><ele>75.0</ele></trkpt>
      <trkpt lat="47.596373" lon="1.352673"><ele>75.8</ele></trkpt>
      <trkpt lat="47.596320" lon="1.352499"><ele>77.0</ele></trkpt>
      <trkpt lat="47.596319" lon="1.352430"><ele>77.0</ele></trkpt>
      <trkpt lat="47.596308" lon="1.352385"><ele>77.0</ele></trkpt>
      <trkpt lat="47.596449" lon="1.352390"><ele>76.8</ele></trkpt>
      <trkpt lat="47.596582" lon="1.352370"><ele>76.8</ele></trkpt>
      <trkpt lat="47.596684" lon="1.352352"><ele>77.0</ele></trkpt>
      <trkpt lat="47.596766" lon="1.352309"><ele>77.5</ele></trkpt>
      <trkpt lat="47.596885" lon="1.352221"><ele>78.8</ele></trkpt>
      <trkpt lat="47.596953" lon="1.352150"><ele>79.5</ele></trkpt>
      <trkpt lat="47.597004" lon="1.352066"><ele>80.2</ele></trkpt>
      <trkpt lat="47.596922" lon="1.352079"><ele>80.2</ele></trkpt>
      <trkpt lat="47.596835" lon="1.352141"><ele>79.2</ele></trkpt>
      <trkpt lat="47.596690" lon="1.352189"><ele>78.0</ele></trkpt>
      <trkpt lat="47.596602" lon="1.352182"><ele>77.8</ele></trkpt>
      <trkpt lat="47.596457" lon="1.352154"><ele>77.2</ele></trkpt>
      <trkpt lat="47.596283" lon="1.352084"><ele>78.2</ele></trkpt>
      <trkpt lat="47.596014" lon="1.352027"><ele>79.0</ele></trkpt>
      <trkpt lat="47.595835" lon="1.352027"><ele>76.5</ele></trkpt>
      <trkpt lat="47.595697" lon="1.352106"><ele>77.2</ele></trkpt>
      <trkpt lat="47.595409" lon="1.352334"><ele>77.0</ele></trkpt>
      <trkpt lat="47.595033" lon="1.352737"><ele>79.2</ele></trkpt>
      <trkpt lat="47.594820" lon="1.352985"><ele>75.5</ele></trkpt>
      <trkpt lat="47.594762" lon="1.353064"><ele>74.5</ele></trkpt>
      <trkpt lat="47.592061" lon="1.356545"><ele>74.5</ele></trkpt>
      <trkpt lat="47.591996" lon="1.356638"><ele>76.8</ele></trkpt>
      <trkpt lat="47.591684" lon="1.357081"><ele>77.5</ele></trkpt>
      <trkpt lat="47.591632" lon="1.357290"><ele>77.5</ele></trkpt>
      <trkpt lat="47.591621" lon="1.357492"><ele>76.8</ele></trkpt>
      <trkpt lat="47.591644" lon="1.357667"><ele>76.0</ele></trkpt>
      <trkpt lat="47.591711" lon="1.357884"><ele>74.0</ele></trkpt>
      <trkpt lat="47.591853" lon="1.358121"><ele>72.8</ele></trkpt>
      <trkpt lat="47.591999" lon="1.358296"><ele>73.5</ele></trkpt>
      <trkpt lat="47.592384" lon="1.358647"><ele>72.2</ele></trkpt>
      <trkpt lat="47.592359" lon="1.358675"><ele>72.5</ele></trkpt>
      <trkpt lat="47.592015" lon="1.358482"><ele>73.0</ele></trkpt>
      <trkpt lat="47.592015" lon="1.358574"><ele>73.0</ele></trkpt>
      <trkpt lat="47.592008" lon="1.358640"><ele>72.8</ele></trkpt>
      <trkpt lat="47.592007" lon="1.358797"><ele>72.2</ele></trkpt>
      <trkpt lat="47.592001" lon="1.358848"><ele>72.2</ele></trkpt>
      <trkpt lat="47.591996" lon="1.358899"><ele>72.0</ele></trkpt>
      <trkpt lat="47.591877" lon="1.358983"><ele>71.8</ele></trkpt>
      <trkpt lat="47.591868" lon="1.359076"><ele>71.5</ele></trkpt>
      <trkpt lat="47.591839" lon="1.359089"><ele>71.5</ele></trkpt>
      <trkpt lat="47.591810" lon="1.359101"><ele>71.5</ele></trkpt>
      <trkpt lat="47.591748" lon="1.359123"><ele>71.8</ele></trkpt>
      <trkpt lat="47.591800" lon="1.359247"><ele>71.0</ele></trkpt>
      <trkpt lat="47.591841" lon="1.359366"><ele>70.8</ele></trkpt>
      <trkpt lat="47.592026" lon="1.360138"><ele>70.2</ele></trkpt>
      <trkpt lat="47.592165" lon="1.360712"><ele>70.0</ele></trkpt>
      <trkpt lat="47.592214" lon="1.361001"><ele>70.5</ele></trkpt>
      <trkpt lat="47.592290" lon="1.361366"><ele>70.0</ele></trkpt>
      <trkpt lat="47.592434" lon="1.361957"><ele>70.0</ele></trkpt>
      <trkpt lat="47.592539" lon="1.362373"><ele>70.0</ele></trkpt>
      <trkpt lat="47.592673" lon="1.362804"><ele>70.0</ele></trkpt>
      <trkpt lat="47.593482" lon="1.366262"><ele>70.0</ele></trkpt>
      <trkpt lat="47.594304" lon="1.369629"><ele>69.0</ele></trkpt>
      <trkpt lat="47.594944" lon="1.371912"><ele>69.8</ele></trkpt>
      <trkpt lat="47.595289" lon="1.373186"><ele>69.8</ele></trkpt>
      <trkpt lat="47.595574" lon="1.374212"><ele>69.8</ele></trkpt>
      <trkpt lat="47.596039" lon="1.375889"><ele>70.0</ele></trkpt>
      <trkpt lat="47.596200" lon="1.376591"><ele>70.0</ele></trkpt>
      <trkpt lat="47.596667" lon="1.378738"><ele>70.0</ele></trkpt>
      <trkpt lat="47.596720" lon="1.379044"><ele>70.0</ele></trkpt>
      <trkpt lat="47.596776" lon="1.379065"><ele>70.0</ele></trkpt>
      <trkpt lat="47.596912" lon="1.379411"><ele>70.0</ele></trkpt>
      <trkpt lat="47.597676" lon="1.381150"><ele>69.0</ele></trkpt>
      <trkpt lat="47.597954" lon="1.381809"><ele>69.0</ele></trkpt>
      <trkpt lat="47.598190" lon="1.382468"><ele>69.5</ele></trkpt>
      <trkpt lat="47.598367" lon="1.383057"><ele>70.0</ele></trkpt>
      <trkpt lat="47.598585" lon="1.383836"><ele>70.0</ele></trkpt>
      <trkpt lat="47.598821" lon="1.384568"><ele>70.0</ele></trkpt>
      <trkpt lat="47.599275" lon="1.385634"><ele>70.5</ele></trkpt>
      <trkpt lat="47.599412" lon="1.385940"><ele>70.8</ele></trkpt>
      <trkpt lat="47.599650" lon="1.386437"><ele>70.5</ele></trkpt>
      <trkpt lat="47.600114" lon="1.387325"><ele>71.0</ele></trkpt>
      <trkpt lat="47.600149" lon="1.387397"><ele>71.0</ele></trkpt>
      <trkpt lat="47.600160" lon="1.387418"><ele>71.0</ele></trkpt>
      <trkpt lat="47.601159" lon="1.389394"><ele>70.2</ele></trkpt>
      <trkpt lat="47.601515" lon="1.390026"><ele>70.2</ele></trkpt>
      <trkpt lat="47.602548" lon="1.391889"><ele>70.2</ele></trkpt>
      <trkpt lat="47.602604" lon="1.391998"><ele>70.2</ele></trkpt>
      <trkpt lat="47.603310" lon="1.393345"><ele>70.8</ele></trkpt>
      <trkpt lat="47.603556" lon="1.393816"><ele>70.8</ele></trkpt>
      <trkpt lat="47.603671" lon="1.394015"><ele>71.0</ele></trkpt>
      <trkpt lat="47.603710" lon="1.394081"><ele>71.0</ele></trkpt>
      <trkpt lat="47.603837" lon="1.394302"><ele>71.8</ele></trkpt>
      <trkpt lat="47.603926" lon="1.394507"><ele>70.8</ele></trkpt>
      <trkpt lat="47.603967" lon="1.394502"><ele>70.5</ele></trkpt>
      <trkpt lat="47.604300" lon="1.395015"><ele>71.0</ele></trkpt>
      <trkpt lat="47.604875" lon="1.395989"><ele>71.0</ele></trkpt>
      <trkpt lat="47.605119" lon="1.396431"><ele>70.0</ele></trkpt>
      <trkpt lat="47.605744" lon="1.397630"><ele>70.0</ele></trkpt>
      <trkpt lat="47.606103" lon="1.398193"><ele>70.0</ele></trkpt>
      <trkpt lat="47.606854" lon="1.399292"><ele>70.0</ele></trkpt>
      <trkpt lat="47.607276" lon="1.399941"><ele>70.5</ele></trkpt>
      <trkpt lat="47.607749" lon="1.400620"><ele>70.0</ele></trkpt>
      <trkpt lat="47.608490" lon="1.401756"><ele>71.0</ele></trkpt>
      <trkpt lat="47.608534" lon="1.401835"><ele>71.0</ele></trkpt>
      <trkpt lat="47.608563" lon="1.401908"><ele>71.0</ele></trkpt>
      <trkpt lat="47.608579" lon="1.401957"><ele>71.0</ele></trkpt>
      <trkpt lat="47.608583" lon="1.402011"><ele>71.0</ele></trkpt>
      <trkpt lat="47.608585" lon="1.402078"><ele>71.0</ele></trkpt>
      <trkpt lat="47.608576" lon="1.402179"><ele>71.0</ele></trkpt>
      <trkpt lat="47.608257" lon="1.402922"><ele>72.2</ele></trkpt>
      <trkpt lat="47.607981" lon="1.403589"><ele>77.2</ele></trkpt>
      <trkpt lat="47.607938" lon="1.403722"><ele>78.2</ele></trkpt>
      <trkpt lat="47.607892" lon="1.403925"><ele>79.5</ele></trkpt>
      <trkpt lat="47.608204" lon="1.404365"><ele>79.2</ele></trkpt>
      <trkpt lat="47.608320" lon="1.404516"><ele>79.2</ele></trkpt>
      <trkpt lat="47.608633" lon="1.404936"><ele>79.5</ele></trkpt>
      <trkpt lat="47.608770" lon="1.405095"><ele>79.8</ele></trkpt>
      <trkpt lat="47.608911" lon="1.405278"><ele>80.8</ele></trkpt>
      <trkpt lat="47.609052" lon="1.405499"><ele>80.2</ele></trkpt>
      <trkpt lat="47.609450" lon="1.406026"><ele>79.8</ele></trkpt>
      <trkpt lat="47.609641" lon="1.406274"><ele>79.8</ele></trkpt>
      <trkpt lat="47.609725" lon="1.406345"><ele>79.8</ele></trkpt>
      <trkpt lat="47.609992" lon="1.406635"><ele>78.8</ele></trkpt>
      <trkpt lat="47.610036" lon="1.406732"><ele>78.8</ele></trkpt>
      <trkpt lat="47.610083" lon="1.406763"><ele>78.5</ele></trkpt>
      <trkpt lat="47.610339" lon="1.407064"><ele>78.8</ele></trkpt>
      <trkpt lat="47.610377" lon="1.407149"><ele>79.0</ele></trkpt>
      <trkpt lat="47.610384" lon="1.407195"><ele>79.2</ele></trkpt>
      <trkpt lat="47.610386" lon="1.407242"><ele>79.5</ele></trkpt>
      <trkpt lat="47.610367" lon="1.407329"><ele>80.0</ele></trkpt>
      <trkpt lat="47.610127" lon="1.407684"><ele>81.2</ele></trkpt>
      <trkpt lat="47.610109" lon="1.407722"><ele>81.2</ele></trkpt>
      <trkpt lat="47.610098" lon="1.407758"><ele>81.5</ele></trkpt>
      <trkpt lat="47.610098" lon="1.407797"><ele>81.5</ele></trkpt>
      <trkpt lat="47.610114" lon="1.407860"><ele>81.5</ele></trkpt>
      <trkpt lat="47.610142" lon="1.407910"><ele>81.5</ele></trkpt>
      <trkpt lat="47.610826" lon="1.408884"><ele>81.0</ele></trkpt>
      <trkpt lat="47.611248" lon="1.409358"><ele>81.5</ele></trkpt>
      <trkpt lat="47.611367" lon="1.409372"><ele>81.5</ele></trkpt>
      <trkpt lat="47.611587" lon="1.408928"><ele>80.2</ele></trkpt>
      <trkpt lat="47.612626" lon="1.407369"><ele>71.2</ele></trkpt>
      <trkpt lat="47.613060" lon="1.407747"><ele>71.0</ele></trkpt>
      <trkpt lat="47.614084" lon="1.408584"><ele>71.0</ele></trkpt>
      <trkpt lat="47.614741" lon="1.409093"><ele>70.8</ele></trkpt>
      <trkpt lat="47.615411" lon="1.409497"><ele>71.0</ele></trkpt>
      <trkpt lat="47.615653" lon="1.409662"><ele>71.0</ele></trkpt>
      <trkpt lat="47.615932" lon="1.409821"><ele>71.0</ele></trkpt>
      <trkpt lat="47.616320" lon="1.410093"><ele>71.0</ele></trkpt>
      <trkpt lat="47.617472" lon="1.411075"><ele>71.8</ele></trkpt>
      <trkpt lat="47.618271" lon="1.412126"><ele>71.5</ele></trkpt>
      <trkpt lat="47.619743" lon="1.414564"><ele>72.0</ele></trkpt>
      <trkpt lat="47.620225" lon="1.415233"><ele>72.0</ele></trkpt>
      <trkpt lat="47.620774" lon="1.415736"><ele>72.0</ele></trkpt>
      <trkpt lat="47.621478" lon="1.416206"><ele>72.0</ele></trkpt>
      <trkpt lat="47.621804" lon="1.416560"><ele>72.0</ele></trkpt>
      <trkpt lat="47.622561" lon="1.417605"><ele>73.0</ele></trkpt>
      <trkpt lat="47.623309" lon="1.418527"><ele>72.8</ele></trkpt>
      <trkpt lat="47.623710" lon="1.419083"><ele>73.2</ele></trkpt>
      <trkpt lat="47.624044" lon="1.419669"><ele>73.2</ele></trkpt>
      <trkpt lat="47.624154" lon="1.419903"><ele>73.5</ele></trkpt>
      <trkpt lat="47.624644" lon="1.421187"><ele>74.0</ele></trkpt>
      <trkpt lat="47.624663" lon="1.421236"><ele>74.0</ele></trkpt>
      <trkpt lat="47.624675" lon="1.421268"><ele>74.0</ele></trkpt>
      <trkpt lat="47.624959" lon="1.421971"><ele>74.0</ele></trkpt>
      <trkpt lat="47.625140" lon="1.422284"><ele>75.5</ele></trkpt>
      <trkpt lat="47.625185" lon="1.422423"><ele>76.0</ele></trkpt>
      <trkpt lat="47.625211" lon="1.422561"><ele>76.5</ele></trkpt>
      <trkpt lat="47.625252" lon="1.423035"><ele>77.8</ele></trkpt>
      <trkpt lat="47.625270" lon="1.423240"><ele>78.5</ele></trkpt>
      <trkpt lat="47.625293" lon="1.423379"><ele>79.0</ele></trkpt>
      <trkpt lat="47.625334" lon="1.423484"><ele>79.0</ele></trkpt>
      <trkpt lat="47.625377" lon="1.423556"><ele>79.2</ele></trkpt>
      <trkpt lat="47.625509" lon="1.423752"><ele>79.8</ele></trkpt>
      <trkpt lat="47.625904" lon="1.424339"><ele>81.8</ele></trkpt>
      <trkpt lat="47.626199" lon="1.424806"><ele>83.2</ele></trkpt>
      <trkpt lat="47.626714" lon="1.425665"><ele>84.0</ele></trkpt>
      <trkpt lat="47.627054" lon="1.426255"><ele>84.0</ele></trkpt>
      <trkpt lat="47.627165" lon="1.426420"><ele>84.0</ele></trkpt>
      <trkpt lat="47.628367" lon="1.428049"><ele>85.0</ele></trkpt>
      <trkpt lat="47.628722" lon="1.428554"><ele>85.0</ele></trkpt>
      <trkpt lat="47.629059" lon="1.429057"><ele>85.0</ele></trkpt>
      <trkpt lat="47.629706" lon="1.430071"><ele>85.0</ele></trkpt>
      <trkpt lat="47.629953" lon="1.430482"><ele>85.0</ele></trkpt>
      <trkpt lat="47.631331" lon="1.428419"><ele>81.5</ele></trkpt>
      <trkpt lat="47.631356" lon="1.428390"><ele>81.2</ele></trkpt>
      <trkpt lat="47.631394" lon="1.428365"><ele>81.0</ele></trkpt>
      <trkpt lat="47.631427" lon="1.428355"><ele>80.5</ele></trkpt>
      <trkpt lat="47.631512" lon="1.428379"><ele>79.8</ele></trkpt>
      <trkpt lat="47.631787" lon="1.428521"><ele>78.2</ele></trkpt>
      <trkpt lat="47.632338" lon="1.428733"><ele>75.2</ele></trkpt>
      <trkpt lat="47.632452" lon="1.428703"><ele>74.5</ele></trkpt>
      <trkpt lat="47.632549" lon="1.428628"><ele>73.8</ele></trkpt>
      <trkpt lat="47.632598" lon="1.428640"><ele>73.8</ele></trkpt>
      <trkpt lat="47.632679" lon="1.428703"><ele>73.5</ele></trkpt>
      <trkpt lat="47.633302" lon="1.429560"><ele>73.5</ele></trkpt>
      <trkpt lat="47.633491" lon="1.429808"><ele>73.8</ele></trkpt>
      <trkpt lat="47.633672" lon="1.430086"><ele>74.2</ele></trkpt>
      <trkpt lat="47.633963" lon="1.430554"><ele>74.5</ele></trkpt>
      <trkpt lat="47.634100" lon="1.430718"><ele>75.0</ele></trkpt>
      <trkpt lat="47.634246" lon="1.430854"><ele>74.8</ele></trkpt>
      <trkpt lat="47.634511" lon="1.431031"><ele>74.2</ele></trkpt>
      <trkpt lat="47.634670" lon="1.431170"><ele>74.2</ele></trkpt>
      <trkpt lat="47.634835" lon="1.431341"><ele>74.2</ele></trkpt>
      <trkpt lat="47.635061" lon="1.431596"><ele>73.8</ele></trkpt>
      <trkpt lat="47.635218" lon="1.431804"><ele>73.5</ele></trkpt>
      <trkpt lat="47.635293" lon="1.431950"><ele>73.8</ele></trkpt>
      <trkpt lat="47.635327" lon="1.432033"><ele>74.0</ele></trkpt>
      <trkpt lat="47.635376" lon="1.432153"><ele>74.0</ele></trkpt>
      <trkpt lat="47.635452" lon="1.432301"><ele>74.0</ele></trkpt>
      <trkpt lat="47.635759" lon="1.432803"><ele>74.5</ele></trkpt>
      <trkpt lat="47.636111" lon="1.433409"><ele>75.2</ele></trkpt>
      <trkpt lat="47.636191" lon="1.433574"><ele>75.2</ele></trkpt>
      <trkpt lat="47.636253" lon="1.433742"><ele>75.5</ele></trkpt>
      <trkpt lat="47.636277" lon="1.433888"><ele>76.0</ele></trkpt>
      <trkpt lat="47.636344" lon="1.434739"><ele>81.2</ele></trkpt>
      <trkpt lat="47.636342" lon="1.434868"><ele>82.2</ele></trkpt>
      <trkpt lat="47.636335" lon="1.434923"><ele>82.5</ele></trkpt>
      <trkpt lat="47.636303" lon="1.435006"><ele>83.2</ele></trkpt>
      <trkpt lat="47.636330" lon="1.435029"><ele>83.0</ele></trkpt>
      <trkpt lat="47.636398" lon="1.435137"><ele>82.8</ele></trkpt>
      <trkpt lat="47.637001" lon="1.436142"><ele>82.8</ele></trkpt>
      <trkpt lat="47.637221" lon="1.436462"><ele>83.2</ele></trkpt>
      <trkpt lat="47.637511" lon="1.436804"><ele>83.2</ele></trkpt>
      <trkpt lat="47.637738" lon="1.437072"><ele>82.5</ele></trkpt>
      <trkpt lat="47.637904" lon="1.437289"><ele>82.2</ele></trkpt>
      <trkpt lat="47.638338" lon="1.437889"><ele>82.2</ele></trkpt>
      <trkpt lat="47.638953" lon="1.439029"><ele>82.8</ele></trkpt>
      <trkpt lat="47.639255" lon="1.439589"><ele>82.5</ele></trkpt>
      <trkpt lat="47.639538" lon="1.439971"><ele>82.5</ele></trkpt>
      <trkpt lat="47.639641" lon="1.440125"><ele>82.2</ele></trkpt>
      <trkpt lat="47.639845" lon="1.440449"><ele>82.0</ele></trkpt>
      <trkpt lat="47.639932" lon="1.440625"><ele>82.2</ele></trkpt>
      <trkpt lat="47.640008" lon="1.440834"><ele>82.8</ele></trkpt>
      <trkpt lat="47.640187" lon="1.441324"><ele>83.2</ele></trkpt>
      <trkpt lat="47.640216" lon="1.441386"><ele>83.0</ele></trkpt>
      <trkpt lat="47.640235" lon="1.441395"><ele>83.0</ele></trkpt>
      <trkpt lat="47.640266" lon="1.441380"><ele>83.0</ele></trkpt>
      <trkpt lat="47.640534" lon="1.441118"><ele>79.2</ele></trkpt>
      <trkpt lat="47.640555" lon="1.441111"><ele>79.0</ele></trkpt>
      <trkpt lat="47.640582" lon="1.441155"><ele>78.8</ele></trkpt>
      <trkpt lat="47.640699" lon="1.441419"><ele>79.0</ele></trkpt>
      <trkpt lat="47.640802" lon="1.441623"><ele>77.5</ele></trkpt>
      <trkpt lat="47.641048" lon="1.442209"><ele>78.0</ele></trkpt>
      <trkpt lat="47.641070" lon="1.442288"><ele>78.2</ele></trkpt>
      <trkpt lat="47.641153" lon="1.442710"><ele>80.0</ele></trkpt>
      <trkpt lat="47.641320" lon="1.443007"><ele>80.0</ele></trkpt>
      <trkpt lat="47.641701" lon="1.444047"><ele>82.5</ele></trkpt>
      <trkpt lat="47.641850" lon="1.444513"><ele>83.0</ele></trkpt>
      <trkpt lat="47.641731" lon="1.444602"><ele>83.5</ele></trkpt>
      <trkpt lat="47.641625" lon="1.444668"><ele>84.0</ele></trkpt>
      <trkpt lat="47.641492" lon="1.444750"><ele>84.0</ele></trkpt>
      <trkpt lat="47.641422" lon="1.444792"><ele>84.2</ele></trkpt>
      <trkpt lat="47.641165" lon="1.445010"><ele>85.0</ele></trkpt>
      <trkpt lat="47.641109" lon="1.445102"><ele>85.0</ele></trkpt>
      <trkpt lat="47.641115" lon="1.445146"><ele>85.0</ele></trkpt>
      <trkpt lat="47.641121" lon="1.445179"><ele>85.0</ele></trkpt>
      <trkpt lat="47.641162" lon="1.445278"><ele>85.0</ele></trkpt>
      <trkpt lat="47.641223" lon="1.445423"><ele>85.0</ele></trkpt>
      <trkpt lat="47.641276" lon="1.445550"><ele>85.0</ele></trkpt>
      <trkpt lat="47.641309" lon="1.445628"><ele>85.0</ele></trkpt>
      <trkpt lat="47.641314" lon="1.445694"><ele>85.0</ele></trkpt>
      <trkpt lat="47.641297" lon="1.445750"><ele>85.0</ele></trkpt>
      <trkpt lat="47.641170" lon="1.445922"><ele>85.0</ele></trkpt>
      <trkpt lat="47.640952" lon="1.446171"><ele>85.0</ele></trkpt>
      <trkpt lat="47.641311" lon="1.446954"><ele>86.0</ele></trkpt>
      <trkpt lat="47.641381" lon="1.447106"><ele>86.0</ele></trkpt>
      <trkpt lat="47.641514" lon="1.447470"><ele>86.0</ele></trkpt>
      <trkpt lat="47.641573" lon="1.447670"><ele>85.2</ele></trkpt>
      <trkpt lat="47.641603" lon="1.447796"><ele>85.0</ele></trkpt>
      <trkpt lat="47.641798" lon="1.448608"><ele>85.0</ele></trkpt>
      <trkpt lat="47.642179" lon="1.450128"><ele>85.0</ele></trkpt>
      <trkpt lat="47.642406" lon="1.450782"><ele>84.2</ele></trkpt>
      <trkpt lat="47.642657" lon="1.451419"><ele>84.2</ele></trkpt>
      <trkpt lat="47.642899" lon="1.451902"><ele>84.2</ele></trkpt>
      <trkpt lat="47.643020" lon="1.452106"><ele>84.0</ele></trkpt>
      <trkpt lat="47.643259" lon="1.452442"><ele>84.0</ele></trkpt>
      <trkpt lat="47.643454" lon="1.452663"><ele>84.0</ele></trkpt>
      <trkpt lat="47.643717" lon="1.452927"><ele>83.8</ele></trkpt>
      <trkpt lat="47.643818" lon="1.453016"><ele>83.8</ele></trkpt>
      <trkpt lat="47.644046" lon="1.453218"><ele>83.2</ele></trkpt>
      <trkpt lat="47.644899" lon="1.454013"><ele>84.0</ele></trkpt>
      <trkpt lat="47.645078" lon="1.454180"><ele>84.2</ele></trkpt>
      <trkpt lat="47.645206" lon="1.454371"><ele>84.5</ele></trkpt>
      <trkpt lat="47.645465" lon="1.454754"><ele>82.5</ele></trkpt>
      <trkpt lat="47.645815" lon="1.455602"><ele>83.0</ele></trkpt>
      <trkpt lat="47.646422" lon="1.457179"><ele>82.2</ele></trkpt>
      <trkpt lat="47.646938" lon="1.458580"><ele>82.5</ele></trkpt>
      <trkpt lat="47.647846" lon="1.460853"><ele>83.5</ele></trkpt>
      <trkpt lat="47.648125" lon="1.461798"><ele>83.8</ele></trkpt>
      <trkpt lat="47.648403" lon="1.462838"><ele>84.0</ele></trkpt>
      <trkpt lat="47.648791" lon="1.463907"><ele>83.2</ele></trkpt>
      <trkpt lat="47.649403" lon="1.465880"><ele>82.8</ele></trkpt>
      <trkpt lat="47.649838" lon="1.467371"><ele>83.8</ele></trkpt>
      <trkpt lat="47.650239" lon="1.468600"><ele>84.8</ele></trkpt>
      <trkpt lat="47.650542" lon="1.469785"><ele>82.0</ele></trkpt>
      <trkpt lat="47.650759" lon="1.470440"><ele>81.5</ele></trkpt>
      <trkpt lat="47.650957" lon="1.470881"><ele>80.2</ele></trkpt>
      <trkpt lat="47.651411" lon="1.472222"><ele>80.5</ele></trkpt>
      <trkpt lat="47.651791" lon="1.473317"><ele>79.5</ele></trkpt>
      <trkpt lat="47.651999" lon="1.474237"><ele>79.2</ele></trkpt>
      <trkpt lat="47.652035" lon="1.474469"><ele>79.2</ele></trkpt>
      <trkpt lat="47.652051" lon="1.474708"><ele>79.0</ele></trkpt>
      <trkpt lat="47.652050" lon="1.475490"><ele>79.2</ele></trkpt>
      <trkpt lat="47.652144" lon="1.476522"><ele>79.0</ele></trkpt>
      <trkpt lat="47.652209" lon="1.477095"><ele>79.0</ele></trkpt>
      <trkpt lat="47.652279" lon="1.477527"><ele>78.5</ele></trkpt>
      <trkpt lat="47.652626" lon="1.478527"><ele>78.2</ele></trkpt>
      <trkpt lat="47.653003" lon="1.479465"><ele>79.8</ele></trkpt>
      <trkpt lat="47.652743" lon="1.479634"><ele>79.5</ele></trkpt>
      <trkpt lat="47.652276" lon="1.479790"><ele>79.0</ele></trkpt>
      <trkpt lat="47.651955" lon="1.479882"><ele>79.5</ele></trkpt>
      <trkpt lat="47.651086" lon="1.479981"><ele>81.0</ele></trkpt>
      <trkpt lat="47.650642" lon="1.480073"><ele>82.0</ele></trkpt>
      <trkpt lat="47.650287" lon="1.480190"><ele>82.0</ele></trkpt>
      <trkpt lat="47.650196" lon="1.480250"><ele>82.2</ele></trkpt>
      <trkpt lat="47.650132" lon="1.480321"><ele>82.2</ele></trkpt>
      <trkpt lat="47.650062" lon="1.480415"><ele>82.2</ele></trkpt>
      <trkpt lat="47.649999" lon="1.480560"><ele>82.0</ele></trkpt>
      <trkpt lat="47.649960" lon="1.480717"><ele>82.0</ele></trkpt>
      <trkpt lat="47.649946" lon="1.480875"><ele>82.0</ele></trkpt>
      <trkpt lat="47.649948" lon="1.480993"><ele>82.2</ele></trkpt>
      <trkpt lat="47.650043" lon="1.481499"><ele>83.0</ele></trkpt>
      <trkpt lat="47.650251" lon="1.482807"><ele>86.0</ele></trkpt>
      <trkpt lat="47.650649" lon="1.484542"><ele>86.8</ele></trkpt>
      <trkpt lat="47.650771" lon="1.484657"><ele>86.8</ele></trkpt>
      <trkpt lat="47.651353" lon="1.485105"><ele>86.0</ele></trkpt>
      <trkpt lat="47.651944" lon="1.485673"><ele>85.0</ele></trkpt>
      <trkpt lat="47.652021" lon="1.485793"><ele>85.0</ele></trkpt>
      <trkpt lat="47.651994" lon="1.485863"><ele>85.0</ele></trkpt>
      <trkpt lat="47.651509" lon="1.486560"><ele>86.5</ele></trkpt>
      <trkpt lat="47.651410" lon="1.486725"><ele>86.5</ele></trkpt>
      <trkpt lat="47.651125" lon="1.487346"><ele>86.8</ele></trkpt>
      <trkpt lat="47.651340" lon="1.487851"><ele>86.0</ele></trkpt>
      <trkpt lat="47.651544" lon="1.488498"><ele>85.5</ele></trkpt>
      <trkpt lat="47.651837" lon="1.489551"><ele>85.2</ele></trkpt>
      <trkpt lat="47.651834" lon="1.489669"><ele>85.2</ele></trkpt>
      <trkpt lat="47.651780" lon="1.489777"><ele>85.2</ele></trkpt>
      <trkpt lat="47.651256" lon="1.490149"><ele>85.2</ele></trkpt>
      <trkpt lat="47.651631" lon="1.490563"><ele>86.0</ele></trkpt>
      <trkpt lat="47.652279" lon="1.491295"><ele>86.0</ele></trkpt>
      <trkpt lat="47.652179" lon="1.491379"><ele>87.0</ele></trkpt>
      <trkpt lat="47.651167" lon="1.492243"><ele>87.0</ele></trkpt>
      <trkpt lat="47.650811" lon="1.492550"><ele>87.0</ele></trkpt>
      <trkpt lat="47.650578" lon="1.492734"><ele>87.0</ele></trkpt>
      <trkpt lat="47.650423" lon="1.492848"><ele>87.0</ele></trkpt>
      <trkpt lat="47.650273" lon="1.492936"><ele>87.0</ele></trkpt>
      <trkpt lat="47.649988" lon="1.493072"><ele>87.0</ele></trkpt>
      <trkpt lat="47.649986" lon="1.493184"><ele>87.2</ele></trkpt>
      <trkpt lat="47.649852" lon="1.493328"><ele>87.8</ele></trkpt>
      <trkpt lat="47.649622" lon="1.493616"><ele>88.0</ele></trkpt>
      <trkpt lat="47.649286" lon="1.494162"><ele>88.0</ele></trkpt>
      <trkpt lat="47.649201" lon="1.494324"><ele>87.8</ele></trkpt>
      <trkpt lat="47.648894" lon="1.494914"><ele>88.0</ele></trkpt>
      <trkpt lat="47.648636" lon="1.495484"><ele>89.0</ele></trkpt>
      <trkpt lat="47.648203" lon="1.496831"><ele>89.8</ele></trkpt>
      <trkpt lat="47.647939" lon="1.497947"><ele>90.0</ele></trkpt>
      <trkpt lat="47.647856" lon="1.498190"><ele>90.0</ele></trkpt>
      <trkpt lat="47.647769" lon="1.498370"><ele>89.8</ele></trkpt>
      <trkpt lat="47.647701" lon="1.498290"><ele>89.8</ele></trkpt>
      <trkpt lat="47.647668" lon="1.498237"><ele>89.5</ele></trkpt>
      <trkpt lat="47.647497" lon="1.497879"><ele>90.0</ele></trkpt>
      <trkpt lat="47.646352" lon="1.495327"><ele>89.0</ele></trkpt>
      <trkpt lat="47.646278" lon="1.495338"><ele>89.0</ele></trkpt>
      <trkpt lat="47.645909" lon="1.495568"><ele>89.0</ele></trkpt>
      <trkpt lat="47.645282" lon="1.495976"><ele>89.0</ele></trkpt>
      <trkpt lat="47.645075" lon="1.496085"><ele>89.0</ele></trkpt>
      <trkpt lat="47.644197" lon="1.496378"><ele>90.0</ele></trkpt>
      <trkpt lat="47.643592" lon="1.496579"><ele>89.8</ele></trkpt>
      <trkpt lat="47.643403" lon="1.496614"><ele>89.8</ele></trkpt>
      <trkpt lat="47.642830" lon="1.496636"><ele>89.5</ele></trkpt>
      <trkpt lat="47.641891" lon="1.496652"><ele>88.0</ele></trkpt>
      <trkpt lat="47.640742" lon="1.496681"><ele>89.2</ele></trkpt>
      <trkpt lat="47.640314" lon="1.496660"><ele>89.8</ele></trkpt>
      <trkpt lat="47.639752" lon="1.496526"><ele>90.0</ele></trkpt>
      <trkpt lat="47.639651" lon="1.496483"><ele>89.8</ele></trkpt>
      <trkpt lat="47.639361" lon="1.495898"><ele>89.5</ele></trkpt>
      <trkpt lat="47.638934" lon="1.494951"><ele>88.8</ele></trkpt>
      <trkpt lat="47.638410" lon="1.493966"><ele>88.8</ele></trkpt>
      <trkpt lat="47.637245" lon="1.491518"><ele>88.8</ele></trkpt>
      <trkpt lat="47.637194" lon="1.491517"><ele>89.0</ele></trkpt>
      <trkpt lat="47.637043" lon="1.491655"><ele>89.0</ele></trkpt>
      <trkpt lat="47.636846" lon="1.491886"><ele>89.0</ele></trkpt>
      <trkpt lat="47.636349" lon="1.492399"><ele>89.0</ele></trkpt>
      <trkpt lat="47.636056" lon="1.492683"><ele>89.0</ele></trkpt>
      <trkpt lat="47.635446" lon="1.493322"><ele>89.0</ele></trkpt>
      <trkpt lat="47.634732" lon="1.493989"><ele>88.2</ele></trkpt>
      <trkpt lat="47.634574" lon="1.494218"><ele>89.0</ele></trkpt>
      <trkpt lat="47.634483" lon="1.494418"><ele>89.0</ele></trkpt>
      <trkpt lat="47.634510" lon="1.494546"><ele>89.0</ele></trkpt>
      <trkpt lat="47.634544" lon="1.494653"><ele>89.0</ele></trkpt>
      <trkpt lat="47.634560" lon="1.494760"><ele>89.0</ele></trkpt>
      <trkpt lat="47.634552" lon="1.494892"><ele>89.0</ele></trkpt>
      <trkpt lat="47.634535" lon="1.494988"><ele>89.0</ele></trkpt>
      <trkpt lat="47.634503" lon="1.495096"><ele>89.0</ele></trkpt>
      <trkpt lat="47.634422" lon="1.495209"><ele>89.0</ele></trkpt>
      <trkpt lat="47.634121" lon="1.495480"><ele>89.0</ele></trkpt>
      <trkpt lat="47.633806" lon="1.495703"><ele>89.0</ele></trkpt>
      <trkpt lat="47.633676" lon="1.495744"><ele>89.0</ele></trkpt>
      <trkpt lat="47.633551" lon="1.495738"><ele>89.0</ele></trkpt>
      <trkpt lat="47.633451" lon="1.495772"><ele>89.5</ele></trkpt>
      <trkpt lat="47.633364" lon="1.495801"><ele>89.8</ele></trkpt>
      <trkpt lat="47.633057" lon="1.496030"><ele>90.0</ele></trkpt>
      <trkpt lat="47.632801" lon="1.496237"><ele>90.0</ele></trkpt>
      <trkpt lat="47.632671" lon="1.496362"><ele>90.2</ele></trkpt>
      <trkpt lat="47.632422" lon="1.496563"><ele>91.0</ele></trkpt>
      <trkpt lat="47.632184" lon="1.496728"><ele>91.0</ele></trkpt>
      <trkpt lat="47.631561" lon="1.497259"><ele>92.0</ele></trkpt>
      <trkpt lat="47.630956" lon="1.497740"><ele>93.5</ele></trkpt>
      <trkpt lat="47.630787" lon="1.497923"><ele>94.0</ele></trkpt>
      <trkpt lat="47.630386" lon="1.498293"><ele>95.0</ele></trkpt>
      <trkpt lat="47.630342" lon="1.498345"><ele>95.0</ele></trkpt>
      <trkpt lat="47.630232" lon="1.498925"><ele>96.0</ele></trkpt>
      <trkpt lat="47.629826" lon="1.498862"><ele>97.5</ele></trkpt>
      <trkpt lat="47.629797" lon="1.498846"><ele>97.5</ele></trkpt>
      <trkpt lat="47.629780" lon="1.498837"><ele>97.8</ele></trkpt>
      <trkpt lat="47.629754" lon="1.498914"><ele>97.8</ele></trkpt>
      <trkpt lat="47.629718" lon="1.498991"><ele>98.0</ele></trkpt>
      <trkpt lat="47.629706" lon="1.499022"><ele>98.0</ele></trkpt>
      <trkpt lat="47.629494" lon="1.499318"><ele>98.2</ele></trkpt>
      <trkpt lat="47.629528" lon="1.499410"><ele>98.5</ele></trkpt>
      <trkpt lat="47.629771" lon="1.503393"><ele>99.8</ele></trkpt>
      <trkpt lat="47.629805" lon="1.504021"><ele>100.0</ele></trkpt>
      <trkpt lat="47.629866" lon="1.505199"><ele>99.0</ele></trkpt>
      <trkpt lat="47.630079" lon="1.509309"><ele>99.0</ele></trkpt>
      <trkpt lat="47.627921" lon="1.507744"><ele>100.2</ele></trkpt>
      <trkpt lat="47.626963" lon="1.507047"><ele>100.0</ele></trkpt>
      <trkpt lat="47.625081" lon="1.505655"><ele>98.0</ele></trkpt>
      <trkpt lat="47.625010" lon="1.505796"><ele>98.0</ele></trkpt>
      <trkpt lat="47.624982" lon="1.505860"><ele>97.8</ele></trkpt>
      <trkpt lat="47.624935" lon="1.506038"><ele>96.8</ele></trkpt>
      <trkpt lat="47.624933" lon="1.506131"><ele>96.5</ele></trkpt>
      <trkpt lat="47.624947" lon="1.506213"><ele>96.5</ele></trkpt>
      <trkpt lat="47.624955" lon="1.506320"><ele>96.5</ele></trkpt>
      <trkpt lat="47.624939" lon="1.506410"><ele>96.2</ele></trkpt>
      <trkpt lat="47.624904" lon="1.506495"><ele>95.5</ele></trkpt>
      <trkpt lat="47.624828" lon="1.506587"><ele>94.8</ele></trkpt>
      <trkpt lat="47.624783" lon="1.506661"><ele>94.2</ele></trkpt>
      <trkpt lat="47.624656" lon="1.506829"><ele>93.8</ele></trkpt>
      <trkpt lat="47.624525" lon="1.506981"><ele>93.2</ele></trkpt>
      <trkpt lat="47.624403" lon="1.507174"><ele>92.8</ele></trkpt>
      <trkpt lat="47.624338" lon="1.507254"><ele>92.5</ele></trkpt>
      <trkpt lat="47.624249" lon="1.507335"><ele>92.0</ele></trkpt>
      <trkpt lat="47.624192" lon="1.507402"><ele>92.0</ele></trkpt>
      <trkpt lat="47.624095" lon="1.507495"><ele>91.5</ele></trkpt>
      <trkpt lat="47.624008" lon="1.507593"><ele>91.2</ele></trkpt>
      <trkpt lat="47.623939" lon="1.507702"><ele>91.0</ele></trkpt>
      <trkpt lat="47.623831" lon="1.507805"><ele>90.5</ele></trkpt>
      <trkpt lat="47.623727" lon="1.507870"><ele>90.2</ele></trkpt>
      <trkpt lat="47.623671" lon="1.507925"><ele>90.0</ele></trkpt>
      <trkpt lat="47.623639" lon="1.507968"><ele>90.0</ele></trkpt>
      <trkpt lat="47.623617" lon="1.508021"><ele>90.0</ele></trkpt>
      <trkpt lat="47.623609" lon="1.508081"><ele>89.8</ele></trkpt>
      <trkpt lat="47.623613" lon="1.508154"><ele>90.0</ele></trkpt>
      <trkpt lat="47.623638" lon="1.508224"><ele>89.8</ele></trkpt>
      <trkpt lat="47.623712" lon="1.508291"><ele>90.0</ele></trkpt>
      <trkpt lat="47.623822" lon="1.508530"><ele>89.8</ele></trkpt>
      <trkpt lat="47.623722" lon="1.508588"><ele>89.2</ele></trkpt>
      <trkpt lat="47.623666" lon="1.508648"><ele>89.0</ele></trkpt>
      <trkpt lat="47.623553" lon="1.508809"><ele>89.0</ele></trkpt>
      <trkpt lat="47.623399" lon="1.509247"><ele>89.0</ele></trkpt>
      <trkpt lat="47.623256" lon="1.509441"><ele>88.5</ele></trkpt>
      <trkpt lat="47.623229" lon="1.509473"><ele>88.5</ele></trkpt>
      <trkpt lat="47.623185" lon="1.509432"><ele>88.2</ele></trkpt>
      <trkpt lat="47.623065" lon="1.509365"><ele>88.0</ele></trkpt>
      <trkpt lat="47.622978" lon="1.509409"><ele>88.0</ele></trkpt>
      <trkpt lat="47.622737" lon="1.509283"><ele>87.8</ele></trkpt>
      <trkpt lat="47.622634" lon="1.509259"><ele>87.2</ele></trkpt>
      <trkpt lat="47.622504" lon="1.509139"><ele>87.0</ele></trkpt>
      <trkpt lat="47.622433" lon="1.509160"><ele>86.8</ele></trkpt>
      <trkpt lat="47.622381" lon="1.509160"><ele>86.5</ele></trkpt>
      <trkpt lat="47.622329" lon="1.509145"><ele>86.2</ele></trkpt>
      <trkpt lat="47.622262" lon="1.509095"><ele>86.2</ele></trkpt>
      <trkpt lat="47.618950" lon="1.513569"><ele>78.2</ele></trkpt>
      <trkpt lat="47.618896" lon="1.513473"><ele>78.5</ele></trkpt>
      <trkpt lat="47.618878" lon="1.513497"><ele>78.0</ele></trkpt>
      <trkpt lat="47.618896" lon="1.513473"><ele>78.5</ele></trkpt>
      <trkpt lat="47.618842" lon="1.513378"><ele>78.5</ele></trkpt>
      <trkpt lat="47.618741" lon="1.513163"><ele>78.0</ele></trkpt>
      <trkpt lat="47.618743" lon="1.513042"><ele>78.0</ele></trkpt>
      <trkpt lat="47.618808" lon="1.512881"><ele>78.0</ele></trkpt>
      <trkpt lat="47.618940" lon="1.512651"><ele>78.5</ele></trkpt>
      <trkpt lat="47.619287" lon="1.512256"><ele>79.2</ele></trkpt>
      <trkpt lat="47.619379" lon="1.512095"><ele>79.8</ele></trkpt>
      <trkpt lat="47.619410" lon="1.511945"><ele>79.8</ele></trkpt>
      <trkpt lat="47.618904" lon="1.508597"><ele>79.0</ele></trkpt>
      <trkpt lat="47.618868" lon="1.508388"><ele>79.5</ele></trkpt>
      <trkpt lat="47.618834" lon="1.508284"><ele>79.5</ele></trkpt>
      <trkpt lat="47.618773" lon="1.508195"><ele>79.2</ele></trkpt>
      <trkpt lat="47.618702" lon="1.508118"><ele>79.0</ele></trkpt>
      <trkpt lat="47.618645" lon="1.508048"><ele>79.0</ele></trkpt>
      <trkpt lat="47.618627" lon="1.507950"><ele>79.0</ele></trkpt>
      <trkpt lat="47.618617" lon="1.507893"><ele>79.0</ele></trkpt>
      <trkpt lat="47.618772" lon="1.507800"><ele>79.5</ele></trkpt>
      <trkpt lat="47.618750" lon="1.507664"><ele>79.2</ele></trkpt>
      <trkpt lat="47.618738" lon="1.507589"><ele>79.0</ele></trkpt>
      <trkpt lat="47.618402" lon="1.507782"><ele>76.8</ele></trkpt>
      <trkpt lat="47.617745" lon="1.508122"><ele>75.2</ele></trkpt>
      <trkpt lat="47.617174" lon="1.508325"><ele>74.8</ele></trkpt>
      <trkpt lat="47.616992" lon="1.508402"><ele>75.2</ele></trkpt>
      <trkpt lat="47.616914" lon="1.508435"><ele>75.5</ele></trkpt>
      <trkpt lat="47.616326" lon="1.508685"><ele>76.2</ele></trkpt>
      <trkpt lat="47.615453" lon="1.502507"><ele>74.5</ele></trkpt>
      <trkpt lat="47.615432" lon="1.502509"><ele>74.5</ele></trkpt>
      <trkpt lat="47.615160" lon="1.502577"><ele>74.5</ele></trkpt>
      <trkpt lat="47.615052" lon="1.502669"><ele>75.2</ele></trkpt>
      <trkpt lat="47.615039" lon="1.502654"><ele>75.2</ele></trkpt>
      <trkpt lat="47.614992" lon="1.502599"><ele>75.2</ele></trkpt>
      <trkpt lat="47.614967" lon="1.502569"><ele>75.2</ele></trkpt>
      <trkpt lat="47.614674" lon="1.502475"><ele>77.0</ele></trkpt>
      <trkpt lat="47.614574" lon="1.502376"><ele>77.2</ele></trkpt>
      <trkpt lat="47.614481" lon="1.502130"><ele>77.2</ele></trkpt>
      <trkpt lat="47.614438" lon="1.501987"><ele>77.0</ele></trkpt>
      <trkpt lat="47.614373" lon="1.501908"><ele>77.2</ele></trkpt>
      <trkpt lat="47.614298" lon="1.501910"><ele>77.5</ele></trkpt>
      <trkpt lat="47.614064" lon="1.501769"><ele>78.5</ele></trkpt>
      <trkpt lat="47.613967" lon="1.501280"><ele>78.5</ele></trkpt>
      <trkpt lat="47.613817" lon="1.500410"><ele>77.5</ele></trkpt>
      <trkpt lat="47.613611" lon="1.499749"><ele>78.8</ele></trkpt>
      <trkpt lat="47.613465" lon="1.499256"><ele>79.0</ele></trkpt>
      <trkpt lat="47.613040" lon="1.497425"><ele>78.2</ele></trkpt>
      <trkpt lat="47.610646" lon="1.498398"><ele>82.5</ele></trkpt>
      <trkpt lat="47.603559" lon="1.501291"><ele>92.0</ele></trkpt>
      <trkpt lat="47.603386" lon="1.508224"><ele>96.2</ele></trkpt>
      <trkpt lat="47.603344" lon="1.509903"><ele>93.8</ele></trkpt>
      <trkpt lat="47.603120" lon="1.517222"><ele>91.8</ele></trkpt>
      <trkpt lat="47.602981" lon="1.522293"><ele>90.0</ele></trkpt>
      <trkpt lat="47.602977" lon="1.522402"><ele>90.0</ele></trkpt>
      <trkpt lat="47.602849" lon="1.522480"><ele>90.0</ele></trkpt>
      <trkpt lat="47.602574" lon="1.522604"><ele>90.5</ele></trkpt>
      <trkpt lat="47.602367" lon="1.522716"><ele>91.0</ele></trkpt>
      <trkpt lat="47.602137" lon="1.522798"><ele>91.0</ele></trkpt>
      <trkpt lat="47.601780" lon="1.522801"><ele>91.5</ele></trkpt>
      <trkpt lat="47.601483" lon="1.522825"><ele>92.5</ele></trkpt>
      <trkpt lat="47.601319" lon="1.522910"><ele>92.5</ele></trkpt>
      <trkpt lat="47.600848" lon="1.523233"><ele>92.2</ele></trkpt>
      <trkpt lat="47.600728" lon="1.523240"><ele>92.2</ele></trkpt>
      <trkpt lat="47.600602" lon="1.523218"><ele>92.2</ele></trkpt>
      <trkpt lat="47.600498" lon="1.523294"><ele>92.0</ele></trkpt>
      <trkpt lat="47.600386" lon="1.523360"><ele>92.0</ele></trkpt>
      <trkpt lat="47.600256" lon="1.523367"><ele>92.0</ele></trkpt>
      <trkpt lat="47.600028" lon="1.523474"><ele>92.0</ele></trkpt>
      <trkpt lat="47.599810" lon="1.523621"><ele>92.0</ele></trkpt>
      <trkpt lat="47.599602" lon="1.523683"><ele>92.0</ele></trkpt>
      <trkpt lat="47.599428" lon="1.523726"><ele>92.0</ele></trkpt>
      <trkpt lat="47.599270" lon="1.523725"><ele>92.5</ele></trkpt>
      <trkpt lat="47.599178" lon="1.523714"><ele>92.8</ele></trkpt>
      <trkpt lat="47.599084" lon="1.523779"><ele>93.2</ele></trkpt>
      <trkpt lat="47.598973" lon="1.523877"><ele>93.5</ele></trkpt>
      <trkpt lat="47.597980" lon="1.524271"><ele>95.5</ele></trkpt>
      <trkpt lat="47.597127" lon="1.524689"><ele>97.2</ele></trkpt>
      <trkpt lat="47.596818" lon="1.524812"><ele>98.0</ele></trkpt>
      <trkpt lat="47.596572" lon="1.524936"><ele>98.8</ele></trkpt>
      <trkpt lat="47.596416" lon="1.525036"><ele>99.0</ele></trkpt>
      <trkpt lat="47.596286" lon="1.525196"><ele>99.0</ele></trkpt>
      <trkpt lat="47.596203" lon="1.525258"><ele>99.0</ele></trkpt>
      <trkpt lat="47.596092" lon="1.525262"><ele>98.8</ele></trkpt>
      <trkpt lat="47.595985" lon="1.525240"><ele>99.0</ele></trkpt>
      <trkpt lat="47.595865" lon="1.525254"><ele>99.0</ele></trkpt>
      <trkpt lat="47.594775" lon="1.525765"><ele>98.8</ele></trkpt>
      <trkpt lat="47.594512" lon="1.525811"><ele>98.0</ele></trkpt>
      <trkpt lat="47.594268" lon="1.525876"><ele>98.0</ele></trkpt>
      <trkpt lat="47.594172" lon="1.525941"><ele>98.0</ele></trkpt>
      <trkpt lat="47.594083" lon="1.526037"><ele>97.5</ele></trkpt>
      <trkpt lat="47.593715" lon="1.526193"><ele>97.0</ele></trkpt>
      <trkpt lat="47.593561" lon="1.526205"><ele>96.8</ele></trkpt>
      <trkpt lat="47.593350" lon="1.526292"><ele>96.0</ele></trkpt>
      <trkpt lat="47.593205" lon="1.526312"><ele>96.0</ele></trkpt>
      <trkpt lat="47.593070" lon="1.526366"><ele>96.0</ele></trkpt>
      <trkpt lat="47.592923" lon="1.526461"><ele>96.0</ele></trkpt>
      <trkpt lat="47.592750" lon="1.526532"><ele>95.8</ele></trkpt>
      <trkpt lat="47.592593" lon="1.526655"><ele>95.2</ele></trkpt>
      <trkpt lat="47.592455" lon="1.526665"><ele>95.0</ele></trkpt>
      <trkpt lat="47.592354" lon="1.526661"><ele>95.0</ele></trkpt>
      <trkpt lat="47.592160" lon="1.526846"><ele>95.0</ele></trkpt>
      <trkpt lat="47.592021" lon="1.526944"><ele>95.0</ele></trkpt>
      <trkpt lat="47.591926" lon="1.526947"><ele>94.8</ele></trkpt>
      <trkpt lat="47.591845" lon="1.526915"><ele>95.0</ele></trkpt>
      <trkpt lat="47.591725" lon="1.526957"><ele>95.0</ele></trkpt>
      <trkpt lat="47.591629" lon="1.526912"><ele>95.0</ele></trkpt>
      <trkpt lat="47.591031" lon="1.527147"><ele>95.0</ele></trkpt>
      <trkpt lat="47.590861" lon="1.527261"><ele>95.8</ele></trkpt>
      <trkpt lat="47.590750" lon="1.527365"><ele>96.0</ele></trkpt>
      <trkpt lat="47.590688" lon="1.527494"><ele>96.5</ele></trkpt>
      <trkpt lat="47.590647" lon="1.527727"><ele>96.5</ele></trkpt>
      <trkpt lat="47.590588" lon="1.527887"><ele>96.8</ele></trkpt>
      <trkpt lat="47.590528" lon="1.528015"><ele>97.0</ele></trkpt>
      <trkpt lat="47.590413" lon="1.528109"><ele>97.5</ele></trkpt>
      <trkpt lat="47.590221" lon="1.528015"><ele>98.0</ele></trkpt>
      <trkpt lat="47.590141" lon="1.527945"><ele>98.0</ele></trkpt>
      <trkpt lat="47.590014" lon="1.527893"><ele>98.2</ele></trkpt>
      <trkpt lat="47.589755" lon="1.527843"><ele>98.8</ele></trkpt>
      <trkpt lat="47.589582" lon="1.527967"><ele>99.5</ele></trkpt>
      <trkpt lat="47.589386" lon="1.527997"><ele>100.0</ele></trkpt>
      <trkpt lat="47.589240" lon="1.528089"><ele>100.0</ele></trkpt>
      <trkpt lat="47.589100" lon="1.528120"><ele>100.2</ele></trkpt>
      <trkpt lat="47.588933" lon="1.528127"><ele>100.8</ele></trkpt>
      <trkpt lat="47.588787" lon="1.528110"><ele>101.0</ele></trkpt>
      <trkpt lat="47.588631" lon="1.528163"><ele>101.0</ele></trkpt>
      <trkpt lat="47.588497" lon="1.528343"><ele>101.0</ele></trkpt>
      <trkpt lat="47.588403" lon="1.528507"><ele>101.0</ele></trkpt>
      <trkpt lat="47.588271" lon="1.528620"><ele>100.8</ele></trkpt>
      <trkpt lat="47.588080" lon="1.528670"><ele>101.0</ele></trkpt>
      <trkpt lat="47.587845" lon="1.528690"><ele>101.0</ele></trkpt>
      <trkpt lat="47.587660" lon="1.528794"><ele>100.5</ele></trkpt>
      <trkpt lat="47.587406" lon="1.529148"><ele>100.5</ele></trkpt>
      <trkpt lat="47.587275" lon="1.529226"><ele>100.0</ele></trkpt>
      <trkpt lat="47.587056" lon="1.529285"><ele>99.2</ele></trkpt>
      <trkpt lat="47.586722" lon="1.529264"><ele>99.0</ele></trkpt>
      <trkpt lat="47.586618" lon="1.529135"><ele>99.0</ele></trkpt>
      <trkpt lat="47.586497" lon="1.529127"><ele>99.0</ele></trkpt>
      <trkpt lat="47.586314" lon="1.529182"><ele>99.0</ele></trkpt>
      <trkpt lat="47.585882" lon="1.529382"><ele>99.0</ele></trkpt>
      <trkpt lat="47.585663" lon="1.529420"><ele>99.0</ele></trkpt>
      <trkpt lat="47.585491" lon="1.529409"><ele>99.0</ele></trkpt>
      <trkpt lat="47.585376" lon="1.529336"><ele>99.5</ele></trkpt>
      <trkpt lat="47.585182" lon="1.529328"><ele>100.0</ele></trkpt>
      <trkpt lat="47.584908" lon="1.529357"><ele>100.0</ele></trkpt>
      <trkpt lat="47.584558" lon="1.529366"><ele>100.0</ele></trkpt>
      <trkpt lat="47.584403" lon="1.529332"><ele>100.0</ele></trkpt>
      <trkpt lat="47.584265" lon="1.529316"><ele>100.0</ele></trkpt>
      <trkpt lat="47.583995" lon="1.529361"><ele>100.5</ele></trkpt>
      <trkpt lat="47.583654" lon="1.529397"><ele>101.8</ele></trkpt>
      <trkpt lat="47.583427" lon="1.529434"><ele>102.0</ele></trkpt>
      <trkpt lat="47.583214" lon="1.529458"><ele>102.0</ele></trkpt>
      <trkpt lat="47.583130" lon="1.529458"><ele>102.0</ele></trkpt>
      <trkpt lat="47.583105" lon="1.529488"><ele>102.0</ele></trkpt>
      <trkpt lat="47.583034" lon="1.529467"><ele>102.0</ele></trkpt>
      <trkpt lat="47.582929" lon="1.529495"><ele>102.0</ele></trkpt>
      <trkpt lat="47.582831" lon="1.529533"><ele>102.0</ele></trkpt>
      <trkpt lat="47.582765" lon="1.529603"><ele>102.0</ele></trkpt>
      <trkpt lat="47.583101" lon="1.530123"><ele>102.0</ele></trkpt>
      <trkpt lat="47.583122" lon="1.530249"><ele>102.0</ele></trkpt>
      <trkpt lat="47.583133" lon="1.530442"><ele>101.8</ele></trkpt>
      <trkpt lat="47.583121" lon="1.530552"><ele>101.8</ele></trkpt>
      <trkpt lat="47.583087" lon="1.530894"><ele>101.5</ele></trkpt>
      <trkpt lat="47.583019" lon="1.531284"><ele>101.0</ele></trkpt>
      <trkpt lat="47.582924" lon="1.531691"><ele>101.0</ele></trkpt>
      <trkpt lat="47.581737" lon="1.536109"><ele>97.5</ele></trkpt>
      <trkpt lat="47.580917" lon="1.539225"><ele>99.0</ele></trkpt>
      <trkpt lat="47.579650" lon="1.543907"><ele>106.0</ele></trkpt>
      <trkpt lat="47.579535" lon="1.544012"><ele>106.2</ele></trkpt>
      <trkpt lat="47.579268" lon="1.544150"><ele>106.8</ele></trkpt>
      <trkpt lat="47.578881" lon="1.544305"><ele>107.0</ele></trkpt>
      <trkpt lat="47.578520" lon="1.544378"><ele>107.0</ele></trkpt>
      <trkpt lat="47.578189" lon="1.544432"><ele>106.2</ele></trkpt>
      <trkpt lat="47.577834" lon="1.544432"><ele>106.0</ele></trkpt>
      <trkpt lat="47.577665" lon="1.544454"><ele>105.5</ele></trkpt>
      <trkpt lat="47.577278" lon="1.544623"><ele>105.0</ele></trkpt>
      <trkpt lat="47.577218" lon="1.544649"><ele>105.0</ele></trkpt>
      <trkpt lat="47.576851" lon="1.544809"><ele>105.0</ele></trkpt>
      <trkpt lat="47.575495" lon="1.545224"><ele>103.8</ele></trkpt>
      <trkpt lat="47.574085" lon="1.545388"><ele>100.5</ele></trkpt>
      <trkpt lat="47.573869" lon="1.545474"><ele>100.0</ele></trkpt>
      <trkpt lat="47.573069" lon="1.545661"><ele>100.0</ele></trkpt>
      <trkpt lat="47.571762" lon="1.546015"><ele>97.2</ele></trkpt>
      <trkpt lat="47.568739" lon="1.546889"><ele>91.0</ele></trkpt>
      <trkpt lat="47.568577" lon="1.546903"><ele>90.8</ele></trkpt>
      <trkpt lat="47.568399" lon="1.546964"><ele>90.8</ele></trkpt>
      <trkpt lat="47.567536" lon="1.547201"><ele>89.8</ele></trkpt>
      <trkpt lat="47.567187" lon="1.547254"><ele>89.8</ele></trkpt>
      <trkpt lat="47.564605" lon="1.546486"><ele>87.0</ele></trkpt>
      <trkpt lat="47.562584" lon="1.545867"><ele>85.0</ele></trkpt>
      <trkpt lat="47.562321" lon="1.545787"><ele>84.2</ele></trkpt>
      <trkpt lat="47.562257" lon="1.545762"><ele>84.0</ele></trkpt>
      <trkpt lat="47.562181" lon="1.545726"><ele>83.8</ele></trkpt>
      <trkpt lat="47.562119" lon="1.545701"><ele>83.8</ele></trkpt>
      <trkpt lat="47.559823" lon="1.544795"><ele>83.0</ele></trkpt>
      <trkpt lat="47.559749" lon="1.544770"><ele>82.8</ele></trkpt>
      <trkpt lat="47.558526" lon="1.544282"><ele>82.2</ele></trkpt>
      <trkpt lat="47.558499" lon="1.544270"><ele>82.2</ele></trkpt>
      <trkpt lat="47.558398" lon="1.544266"><ele>82.0</ele></trkpt>
      <trkpt lat="47.556206" lon="1.543391"><ele>80.8</ele></trkpt>
      <trkpt lat="47.556085" lon="1.543315"><ele>81.0</ele></trkpt>
      <trkpt lat="47.555940" lon="1.543160"><ele>81.5</ele></trkpt>
      <trkpt lat="47.554960" lon="1.541339"><ele>80.8</ele></trkpt>
      <trkpt lat="47.553923" lon="1.542085"><ele>78.5</ele></trkpt>
      <trkpt lat="47.553864" lon="1.542127"><ele>78.5</ele></trkpt>
      <trkpt lat="47.553688" lon="1.542248"><ele>78.2</ele></trkpt>
      <trkpt lat="47.553657" lon="1.542153"><ele>78.0</ele></trkpt>
      <trkpt lat="47.553626" lon="1.542060"><ele>78.0</ele></trkpt>
      <trkpt lat="47.553344" lon="1.541204"><ele>77.5</ele></trkpt>
      <trkpt lat="47.552723" lon="1.539216"><ele>77.8</ele></trkpt>
      <trkpt lat="47.552562" lon="1.539190"><ele>77.8</ele></trkpt>
      <trkpt lat="47.552314" lon="1.539191"><ele>75.8</ele></trkpt>
      <trkpt lat="47.552093" lon="1.539191"><ele>76.2</ele></trkpt>
      <trkpt lat="47.551784" lon="1.539206"><ele>77.0</ele></trkpt>
      <trkpt lat="47.551646" lon="1.539201"><ele>77.5</ele></trkpt>
      <trkpt lat="47.551612" lon="1.539182"><ele>77.8</ele></trkpt>
      <trkpt lat="47.551596" lon="1.539173"><ele>77.8</ele></trkpt>
      <trkpt lat="47.551560" lon="1.539168"><ele>77.8</ele></trkpt>
      <trkpt lat="47.551510" lon="1.539151"><ele>77.8</ele></trkpt>
      <trkpt lat="47.551495" lon="1.539127"><ele>77.5</ele></trkpt>
      <trkpt lat="47.551474" lon="1.539111"><ele>77.5</ele></trkpt>
      <trkpt lat="47.551450" lon="1.539106"><ele>77.5</ele></trkpt>
      <trkpt lat="47.551410" lon="1.539128"><ele>77.8</ele></trkpt>
      <trkpt lat="47.551391" lon="1.539165"><ele>77.8</ele></trkpt>
      <trkpt lat="47.551370" lon="1.539188"><ele>77.8</ele></trkpt>
      <trkpt lat="47.551317" lon="1.539223"><ele>77.5</ele></trkpt>
      <trkpt lat="47.551130" lon="1.539284"><ele>77.0</ele></trkpt>
      <trkpt lat="47.550948" lon="1.539379"><ele>77.0</ele></trkpt>
      <trkpt lat="47.550842" lon="1.539469"><ele>77.0</ele></trkpt>
      <trkpt lat="47.550478" lon="1.539714"><ele>76.5</ele></trkpt>
      <trkpt lat="47.550408" lon="1.539761"><ele>76.5</ele></trkpt>
      <trkpt lat="47.550270" lon="1.539857"><ele>76.5</ele></trkpt>
      <trkpt lat="47.550172" lon="1.539931"><ele>77.0</ele></trkpt>
      <trkpt lat="47.549804" lon="1.540180"><ele>77.0</ele></trkpt>
      <trkpt lat="47.549665" lon="1.540270"><ele>77.0</ele></trkpt>
      <trkpt lat="47.549635" lon="1.540308"><ele>77.2</ele></trkpt>
      <trkpt lat="47.549618" lon="1.540344"><ele>77.2</ele></trkpt>
      <trkpt lat="47.549606" lon="1.540500"><ele>77.2</ele></trkpt>
      <trkpt lat="47.549613" lon="1.540791"><ele>77.2</ele></trkpt>
      <trkpt lat="47.549608" lon="1.540975"><ele>77.2</ele></trkpt>
      <trkpt lat="47.549587" lon="1.541136"><ele>77.2</ele></trkpt>
      <trkpt lat="47.549532" lon="1.541433"><ele>77.5</ele></trkpt>
      <trkpt lat="47.549491" lon="1.541686"><ele>77.8</ele></trkpt>
      <trkpt lat="47.549478" lon="1.541879"><ele>77.8</ele></trkpt>
      <trkpt lat="47.549506" lon="1.542097"><ele>78.0</ele></trkpt>
      <trkpt lat="47.549545" lon="1.542237"><ele>78.2</ele></trkpt>
      <trkpt lat="47.549583" lon="1.542308"><ele>78.5</ele></trkpt>
      <trkpt lat="47.549651" lon="1.542398"><ele>78.8</ele></trkpt>
      <trkpt lat="47.549681" lon="1.542466"><ele>78.8</ele></trkpt>
      <trkpt lat="47.549787" lon="1.542792"><ele>78.0</ele></trkpt>
      <trkpt lat="47.549861" lon="1.543070"><ele>78.0</ele></trkpt>
      <trkpt lat="47.549424" lon="1.543345"><ele>79.0</ele></trkpt>
      <trkpt lat="47.549301" lon="1.543087"><ele>79.0</ele></trkpt>
      <trkpt lat="47.549127" lon="1.542720"><ele>79.0</ele></trkpt>
      <trkpt lat="47.549086" lon="1.542718"><ele>79.0</ele></trkpt>
      <trkpt lat="47.549046" lon="1.542715"><ele>79.2</ele></trkpt>
      <trkpt lat="47.549054" lon="1.542659"><ele>79.0</ele></trkpt>
      <trkpt lat="47.549051" lon="1.542605"><ele>79.0</ele></trkpt>
      <trkpt lat="47.549013" lon="1.542565"><ele>79.0</ele></trkpt>
      <trkpt lat="47.548962" lon="1.542559"><ele>79.0</ele></trkpt>
      <trkpt lat="47.548915" lon="1.542565"><ele>79.0</ele></trkpt>
      <trkpt lat="47.548857" lon="1.542361"><ele>79.0</ele></trkpt>
      <trkpt lat="47.548788" lon="1.542152"><ele>79.2</ele></trkpt>
      <trkpt lat="47.548593" lon="1.541603"><ele>79.8</ele></trkpt>
      <trkpt lat="47.548550" lon="1.541504"><ele>79.5</ele></trkpt>
      <trkpt lat="47.548519" lon="1.541464"><ele>79.5</ele></trkpt>
      <trkpt lat="47.548421" lon="1.541066"><ele>79.0</ele></trkpt>
      <trkpt lat="47.548384" lon="1.541085"><ele>79.0</ele></trkpt>
      <trkpt lat="47.548316" lon="1.541119"><ele>79.0</ele></trkpt>
      <trkpt lat="47.548272" lon="1.541138"><ele>79.2</ele></trkpt>
      <trkpt lat="47.548223" lon="1.541162"><ele>79.2</ele></trkpt>
      <trkpt lat="47.548174" lon="1.541190"><ele>79.5</ele></trkpt>
      <trkpt lat="47.547802" lon="1.541378"><ele>79.0</ele></trkpt>
      <trkpt lat="47.547718" lon="1.541403"><ele>78.8</ele></trkpt>
      <trkpt lat="47.547497" lon="1.541465"><ele>77.8</ele></trkpt>
      <trkpt lat="47.547364" lon="1.541521"><ele>77.5</ele></trkpt>
      <trkpt lat="47.546991" lon="1.541694"><ele>77.8</ele></trkpt>
      <trkpt lat="47.546949" lon="1.541709"><ele>77.8</ele></trkpt>
      <trkpt lat="47.546836" lon="1.541757"><ele>77.5</ele></trkpt>
      <trkpt lat="47.546701" lon="1.541816"><ele>77.2</ele></trkpt>
      <trkpt lat="47.546620" lon="1.541851"><ele>77.2</ele></trkpt>
      <trkpt lat="47.546424" lon="1.541856"><ele>77.5</ele></trkpt>
      <trkpt lat="47.546357" lon="1.541840"><ele>77.5</ele></trkpt>
      <trkpt lat="47.546303" lon="1.541817"><ele>77.5</ele></trkpt>
      <trkpt lat="47.546244" lon="1.541778"><ele>77.5</ele></trkpt>
      <trkpt lat="47.546177" lon="1.541847"><ele>77.8</ele></trkpt>
      <trkpt lat="47.546142" lon="1.541964"><ele>78.0</ele></trkpt>
      <trkpt lat="47.546160" lon="1.542087"><ele>78.0</ele></trkpt>
      <trkpt lat="47.546191" lon="1.542285"><ele>78.0</ele></trkpt>
      <trkpt lat="47.546116" lon="1.542363"><ele>78.2</ele></trkpt>
      <trkpt lat="47.546031" lon="1.542491"><ele>78.8</ele></trkpt>
      <trkpt lat="47.545912" lon="1.542733"><ele>79.0</ele></trkpt>
      <trkpt lat="47.545765" lon="1.543072"><ele>80.0</ele></trkpt>
      <trkpt lat="47.545489" lon="1.543891"><ele>82.0</ele></trkpt>
      <trkpt lat="47.545400" lon="1.544098"><ele>82.8</ele></trkpt>
      <trkpt lat="47.545364" lon="1.544182"><ele>83.2</ele></trkpt>
      <trkpt lat="47.545310" lon="1.544267"><ele>83.8</ele></trkpt>
      <trkpt lat="47.544832" lon="1.544945"><ele>86.5</ele></trkpt>
      <trkpt lat="47.544443" lon="1.545433"><ele>88.0</ele></trkpt>
      <trkpt lat="47.544341" lon="1.545540"><ele>88.0</ele></trkpt>
      <trkpt lat="47.543993" lon="1.545991"><ele>88.0</ele></trkpt>
      <trkpt lat="47.543817" lon="1.546273"><ele>88.0</ele></trkpt>
      <trkpt lat="47.543692" lon="1.546521"><ele>88.0</ele></trkpt>
      <trkpt lat="47.543556" lon="1.546791"><ele>88.0</ele></trkpt>
      <trkpt lat="47.543365" lon="1.547193"><ele>88.8</ele></trkpt>
      <trkpt lat="47.543278" lon="1.547343"><ele>89.0</ele></trkpt>
      <trkpt lat="47.543150" lon="1.547704"><ele>89.0</ele></trkpt>
      <trkpt lat="47.542885" lon="1.548490"><ele>89.0</ele></trkpt>
      <trkpt lat="47.542608" lon="1.549010"><ele>89.0</ele></trkpt>
      <trkpt lat="47.542261" lon="1.549587"><ele>89.2</ele></trkpt>
      <trkpt lat="47.542108" lon="1.549803"><ele>89.5</ele></trkpt>
      <trkpt lat="47.541929" lon="1.550055"><ele>89.0</ele></trkpt>
      <trkpt lat="47.541766" lon="1.550233"><ele>89.8</ele></trkpt>
      <trkpt lat="47.541649" lon="1.550345"><ele>89.8</ele></trkpt>
      <trkpt lat="47.541190" lon="1.550781"><ele>89.0</ele></trkpt>
      <trkpt lat="47.541032" lon="1.550910"><ele>89.0</ele></trkpt>
      <trkpt lat="47.540928" lon="1.551007"><ele>89.0</ele></trkpt>
      <trkpt lat="47.540765" lon="1.551088"><ele>89.0</ele></trkpt>
      <trkpt lat="47.540546" lon="1.551214"><ele>89.2</ele></trkpt>
      <trkpt lat="47.540487" lon="1.551276"><ele>89.5</ele></trkpt>
      <trkpt lat="47.540427" lon="1.551381"><ele>89.8</ele></trkpt>
      <trkpt lat="47.540387" lon="1.551501"><ele>90.0</ele></trkpt>
      <trkpt lat="47.540264" lon="1.551956"><ele>90.0</ele></trkpt>
      <trkpt lat="47.539547" lon="1.552295"><ele>90.0</ele></trkpt>
      <trkpt lat="47.538674" lon="1.552693"><ele>88.0</ele></trkpt>
      <trkpt lat="47.536940" lon="1.553540"><ele>86.0</ele></trkpt>
      <trkpt lat="47.536610" lon="1.553696"><ele>86.0</ele></trkpt>
      <trkpt lat="47.534625" lon="1.554638"><ele>87.2</ele></trkpt>
      <trkpt lat="47.533072" lon="1.555393"><ele>89.0</ele></trkpt>
      <trkpt lat="47.531898" lon="1.555952"><ele>93.0</ele></trkpt>
      <trkpt lat="47.528078" lon="1.557781"><ele>99.8</ele></trkpt>
      <trkpt lat="47.527971" lon="1.557826"><ele>99.8</ele></trkpt>
      <trkpt lat="47.527832" lon="1.557831"><ele>99.8</ele></trkpt>
      <trkpt lat="47.527620" lon="1.557737"><ele>100.5</ele></trkpt>
      <trkpt lat="47.527293" lon="1.557528"><ele>101.5</ele></trkpt>
      <trkpt lat="47.526899" lon="1.557244"><ele>103.0</ele></trkpt>
      <trkpt lat="47.526435" lon="1.556876"><ele>104.8</ele></trkpt>
      <trkpt lat="47.525682" lon="1.556176"><ele>108.5</ele></trkpt>
      <trkpt lat="47.524956" lon="1.555528"><ele>110.0</ele></trkpt>
      <trkpt lat="47.523830" lon="1.554555"><ele>108.8</ele></trkpt>
      <trkpt lat="47.523731" lon="1.554442"><ele>108.2</ele></trkpt>
      <trkpt lat="47.523579" lon="1.554172"><ele>107.5</ele></trkpt>
      <trkpt lat="47.523449" lon="1.554087"><ele>106.0</ele></trkpt>
      <trkpt lat="47.522596" lon="1.553637"><ele>99.5</ele></trkpt>
      <trkpt lat="47.522111" lon="1.553364"><ele>96.5</ele></trkpt>
      <trkpt lat="47.521621" lon="1.553070"><ele>93.8</ele></trkpt>
      <trkpt lat="47.521229" lon="1.552681"><ele>91.5</ele></trkpt>
      <trkpt lat="47.520545" lon="1.552111"><ele>91.0</ele></trkpt>
      <trkpt lat="47.519939" lon="1.551948"><ele>92.0</ele></trkpt>
      <trkpt lat="47.518988" lon="1.551833"><ele>92.2</ele></trkpt>
      <trkpt lat="47.518867" lon="1.551793"><ele>92.2</ele></trkpt>
      <trkpt lat="47.518806" lon="1.551750"><ele>92.5</ele></trkpt>
      <trkpt lat="47.518763" lon="1.551682"><ele>92.2</ele></trkpt>
      <trkpt lat="47.518745" lon="1.551559"><ele>92.5</ele></trkpt>
      <trkpt lat="47.518746" lon="1.550933"><ele>92.8</ele></trkpt>
      <trkpt lat="47.518731" lon="1.550831"><ele>92.8</ele></trkpt>
      <trkpt lat="47.518683" lon="1.550743"><ele>92.8</ele></trkpt>
      <trkpt lat="47.518556" lon="1.550640"><ele>93.0</ele></trkpt>
      <trkpt lat="47.518028" lon="1.550313"><ele>93.0</ele></trkpt>
      <trkpt lat="47.517157" lon="1.550375"><ele>92.2</ele></trkpt>
      <trkpt lat="47.516770" lon="1.550371"><ele>92.2</ele></trkpt>
      <trkpt lat="47.516583" lon="1.550340"><ele>92.2</ele></trkpt>
      <trkpt lat="47.516318" lon="1.550258"><ele>92.8</ele></trkpt>
      <trkpt lat="47.516171" lon="1.550179"><ele>92.5</ele></trkpt>
      <trkpt lat="47.516032" lon="1.550071"><ele>92.2</ele></trkpt>
      <trkpt lat="47.515741" lon="1.550024"><ele>92.2</ele></trkpt>
      <trkpt lat="47.515602" lon="1.550036"><ele>92.8</ele></trkpt>
      <trkpt lat="47.514422" lon="1.550303"><ele>95.0</ele></trkpt>
      <trkpt lat="47.513108" lon="1.550631"><ele>99.0</ele></trkpt>
      <trkpt lat="47.512733" lon="1.550762"><ele>100.0</ele></trkpt>
      <trkpt lat="47.512624" lon="1.550810"><ele>100.5</ele></trkpt>
      <trkpt lat="47.511740" lon="1.550524"><ele>104.2</ele></trkpt>
      <trkpt lat="47.511293" lon="1.550215"><ele>106.8</ele></trkpt>
      <trkpt lat="47.511109" lon="1.550124"><ele>108.2</ele></trkpt>
      <trkpt lat="47.510825" lon="1.549872"><ele>110.0</ele></trkpt>
      <trkpt lat="47.510798" lon="1.549807"><ele>109.8</ele></trkpt>
      <trkpt lat="47.510777" lon="1.549759"><ele>109.5</ele></trkpt>
      <trkpt lat="47.510436" lon="1.549999"><ele>111.2</ele></trkpt>
      <trkpt lat="47.510333" lon="1.550064"><ele>112.0</ele></trkpt>
      <trkpt lat="47.510239" lon="1.550101"><ele>112.5</ele></trkpt>
      <trkpt lat="47.510146" lon="1.550122"><ele>112.8</ele></trkpt>
      <trkpt lat="47.510048" lon="1.550127"><ele>113.2</ele></trkpt>
      <trkpt lat="47.509964" lon="1.550111"><ele>113.5</ele></trkpt>
      <trkpt lat="47.509782" lon="1.550029"><ele>113.8</ele></trkpt>
      <trkpt lat="47.509668" lon="1.550021"><ele>114.0</ele></trkpt>
      <trkpt lat="47.509634" lon="1.550006"><ele>114.0</ele></trkpt>
      <trkpt lat="47.509614" lon="1.549993"><ele>113.8</ele></trkpt>
      <trkpt lat="47.509578" lon="1.549949"><ele>113.8</ele></trkpt>
      <trkpt lat="47.509524" lon="1.549905"><ele>113.8</ele></trkpt>
      <trkpt lat="47.509376" lon="1.549838"><ele>113.8</ele></trkpt>
      <trkpt lat="47.509333" lon="1.549819"><ele>113.5</ele></trkpt>
      <trkpt lat="47.509363" lon="1.549680"><ele>113.5</ele></trkpt>
      <trkpt lat="47.509395" lon="1.549486"><ele>113.0</ele></trkpt>
      <trkpt lat="47.509449" lon="1.549092"><ele>113.0</ele></trkpt>
      <trkpt lat="47.509484" lon="1.548778"><ele>113.0</ele></trkpt>
      <trkpt lat="47.509525" lon="1.548517"><ele>113.0</ele></trkpt>
      <trkpt lat="47.509569" lon="1.548301"><ele>113.0</ele></trkpt>
      <trkpt lat="47.509646" lon="1.548119"><ele>112.8</ele></trkpt>
      <trkpt lat="47.509735" lon="1.547951"><ele>111.8</ele></trkpt>
      <trkpt lat="47.509829" lon="1.547805"><ele>111.2</ele></trkpt>
      <trkpt lat="47.509936" lon="1.547687"><ele>109.8</ele></trkpt>
      <trkpt lat="47.510071" lon="1.547594"><ele>108.0</ele></trkpt>
      <trkpt lat="47.510398" lon="1.547350"><ele>105.2</ele></trkpt>
      <trkpt lat="47.510704" lon="1.547034"><ele>102.8</ele></trkpt>
      <trkpt lat="47.510811" lon="1.546868"><ele>101.8</ele></trkpt>
      <trkpt lat="47.510930" lon="1.546552"><ele>100.0</ele></trkpt>
      <trkpt lat="47.511361" lon="1.545094"><ele>95.2</ele></trkpt>
      <trkpt lat="47.511486" lon="1.544601"><ele>94.5</ele></trkpt>
      <trkpt lat="47.511956" lon="1.542496"><ele>92.0</ele></trkpt>
      <trkpt lat="47.511674" lon="1.538046"><ele>94.8</ele></trkpt>
      <trkpt lat="47.511528" lon="1.535894"><ele>95.8</ele></trkpt>
      <trkpt lat="47.511475" lon="1.535254"><ele>96.0</ele></trkpt>
      <trkpt lat="47.511322" lon="1.532889"><ele>97.2</ele></trkpt>
      <trkpt lat="47.511432" lon="1.531437"><ele>98.8</ele></trkpt>
      <trkpt lat="47.511605" lon="1.529170"><ele>100.8</ele></trkpt>
      <trkpt lat="47.511517" lon="1.528070"><ele>101.2</ele></trkpt>
      <trkpt lat="47.511245" lon="1.527038"><ele>102.2</ele></trkpt>
      <trkpt lat="47.511316" lon="1.526465"><ele>103.0</ele></trkpt>
      <trkpt lat="47.510763" lon="1.523092"><ele>109.8</ele></trkpt>
      <trkpt lat="47.510707" lon="1.521177"><ele>112.0</ele></trkpt>
      <trkpt lat="47.510690" lon="1.519616"><ele>109.8</ele></trkpt>
      <trkpt lat="47.510660" lon="1.517873"><ele>107.8</ele></trkpt>
      <trkpt lat="47.510743" lon="1.516229"><ele>106.2</ele></trkpt>
      <trkpt lat="47.510788" lon="1.516014"><ele>106.0</ele></trkpt>
      <trkpt lat="47.511555" lon="1.513337"><ele>101.2</ele></trkpt>
      <trkpt lat="47.511794" lon="1.512254"><ele>100.0</ele></trkpt>
      <trkpt lat="47.512198" lon="1.510738"><ele>99.0</ele></trkpt>
      <trkpt lat="47.512251" lon="1.509596"><ele>99.0</ele></trkpt>
      <trkpt lat="47.512195" lon="1.508614"><ele>100.0</ele></trkpt>
      <trkpt lat="47.512028" lon="1.507741"><ele>101.0</ele></trkpt>
      <trkpt lat="47.511502" lon="1.505121"><ele>105.0</ele></trkpt>
      <trkpt lat="47.511366" lon="1.504437"><ele>106.0</ele></trkpt>
      <trkpt lat="47.510925" lon="1.502409"><ele>108.5</ele></trkpt>
      <trkpt lat="47.510862" lon="1.501495"><ele>109.8</ele></trkpt>
      <trkpt lat="47.510976" lon="1.499768"><ele>108.2</ele></trkpt>
      <trkpt lat="47.511178" lon="1.496318"><ele>105.5</ele></trkpt>
      <trkpt lat="47.511285" lon="1.493370"><ele>101.0</ele></trkpt>
      <trkpt lat="47.511614" lon="1.490845"><ele>100.2</ele></trkpt>
      <trkpt lat="47.511785" lon="1.490156"><ele>101.8</ele></trkpt>
      <trkpt lat="47.512019" lon="1.489455"><ele>101.8</ele></trkpt>
      <trkpt lat="47.512552" lon="1.488342"><ele>101.8</ele></trkpt>
      <trkpt lat="47.513083" lon="1.487213"><ele>102.0</ele></trkpt>
      <trkpt lat="47.514219" lon="1.485131"><ele>100.5</ele></trkpt>
      <trkpt lat="47.514615" lon="1.484355"><ele>100.5</ele></trkpt>
      <trkpt lat="47.514748" lon="1.483943"><ele>101.0</ele></trkpt>
      <trkpt lat="47.514816" lon="1.483636"><ele>101.0</ele></trkpt>
      <trkpt lat="47.514859" lon="1.483349"><ele>101.0</ele></trkpt>
      <trkpt lat="47.514876" lon="1.482829"><ele>101.0</ele></trkpt>
      <trkpt lat="47.514830" lon="1.481493"><ele>102.0</ele></trkpt>
      <trkpt lat="47.514870" lon="1.480226"><ele>103.0</ele></trkpt>
      <trkpt lat="47.514852" lon="1.479406"><ele>103.2</ele></trkpt>
      <trkpt lat="47.514777" lon="1.478738"><ele>103.8</ele></trkpt>
      <trkpt lat="47.514703" lon="1.478351"><ele>103.8</ele></trkpt>
      <trkpt lat="47.514326" lon="1.476799"><ele>105.2</ele></trkpt>
      <trkpt lat="47.514242" lon="1.476461"><ele>105.2</ele></trkpt>
      <trkpt lat="47.514181" lon="1.476020"><ele>106.0</ele></trkpt>
      <trkpt lat="47.514075" lon="1.474793"><ele>105.8</ele></trkpt>
      <trkpt lat="47.514063" lon="1.473946"><ele>105.2</ele></trkpt>
      <trkpt lat="47.514076" lon="1.473410"><ele>104.8</ele></trkpt>
      <trkpt lat="47.514116" lon="1.472886"><ele>104.0</ele></trkpt>
      <trkpt lat="47.514172" lon="1.472352"><ele>104.0</ele></trkpt>
      <trkpt lat="47.513234" lon="1.471951"><ele>101.0</ele></trkpt>
      <trkpt lat="47.512771" lon="1.471671"><ele>99.8</ele></trkpt>
      <trkpt lat="47.512575" lon="1.471524"><ele>99.2</ele></trkpt>
      <trkpt lat="47.512279" lon="1.471198"><ele>98.0</ele></trkpt>
      <trkpt lat="47.511703" lon="1.470462"><ele>96.0</ele></trkpt>
      <trkpt lat="47.511239" lon="1.469711"><ele>95.0</ele></trkpt>
      <trkpt lat="47.511058" lon="1.469451"><ele>95.8</ele></trkpt>
      <trkpt lat="47.510849" lon="1.469259"><ele>95.0</ele></trkpt>
      <trkpt lat="47.510547" lon="1.469024"><ele>94.8</ele></trkpt>
      <trkpt lat="47.510243" lon="1.468854"><ele>94.0</ele></trkpt>
      <trkpt lat="47.509735" lon="1.468703"><ele>93.0</ele></trkpt>
      <trkpt lat="47.509112" lon="1.468396"><ele>91.8</ele></trkpt>
      <trkpt lat="47.508869" lon="1.468169"><ele>91.0</ele></trkpt>
      <trkpt lat="47.508646" lon="1.467842"><ele>91.0</ele></trkpt>
      <trkpt lat="47.508192" lon="1.467380"><ele>89.2</ele></trkpt>
      <trkpt lat="47.507540" lon="1.466875"><ele>89.0</ele></trkpt>
      <trkpt lat="47.506627" lon="1.466234"><ele>86.2</ele></trkpt>
      <trkpt lat="47.506511" lon="1.466138"><ele>86.2</ele></trkpt>
      <trkpt lat="47.506397" lon="1.466007"><ele>86.0</ele></trkpt>
      <trkpt lat="47.506227" lon="1.465724"><ele>85.2</ele></trkpt>
      <trkpt lat="47.506119" lon="1.465315"><ele>84.0</ele></trkpt>
      <trkpt lat="47.506099" lon="1.465128"><ele>83.8</ele></trkpt>
      <trkpt lat="47.506073" lon="1.464767"><ele>83.8</ele></trkpt>
      <trkpt lat="47.506052" lon="1.464602"><ele>83.8</ele></trkpt>
      <trkpt lat="47.506021" lon="1.464465"><ele>83.5</ele></trkpt>
      <trkpt lat="47.505975" lon="1.464358"><ele>83.0</ele></trkpt>
      <trkpt lat="47.505921" lon="1.464258"><ele>82.5</ele></trkpt>
      <trkpt lat="47.505869" lon="1.464193"><ele>82.0</ele></trkpt>
      <trkpt lat="47.505314" lon="1.463858"><ele>81.0</ele></trkpt>
      <trkpt lat="47.505212" lon="1.463803"><ele>81.0</ele></trkpt>
      <trkpt lat="47.504334" lon="1.463329"><ele>85.0</ele></trkpt>
      <trkpt lat="47.504261" lon="1.463223"><ele>85.0</ele></trkpt>
      <trkpt lat="47.504241" lon="1.463166"><ele>85.0</ele></trkpt>
      <trkpt lat="47.504105" lon="1.463293"><ele>85.0</ele></trkpt>
      <trkpt lat="47.504068" lon="1.463225"><ele>85.2</ele></trkpt>
      <trkpt lat="47.504014" lon="1.463149"><ele>85.5</ele></trkpt>
      <trkpt lat="47.502875" lon="1.462447"><ele>88.5</ele></trkpt>
      <trkpt lat="47.502497" lon="1.462268"><ele>89.0</ele></trkpt>
      <trkpt lat="47.502329" lon="1.462211"><ele>89.0</ele></trkpt>
      <trkpt lat="47.502288" lon="1.462190"><ele>89.0</ele></trkpt>
      <trkpt lat="47.502246" lon="1.462165"><ele>89.0</ele></trkpt>
      <trkpt lat="47.501733" lon="1.461883"><ele>88.8</ele></trkpt>
      <trkpt lat="47.501476" lon="1.461729"><ele>89.0</ele></trkpt>
      <trkpt lat="47.501315" lon="1.461601"><ele>89.2</ele></trkpt>
      <trkpt lat="47.501012" lon="1.461262"><ele>90.0</ele></trkpt>
      <trkpt lat="47.500278" lon="1.460586"><ele>92.0</ele></trkpt>
      <trkpt lat="47.500179" lon="1.460445"><ele>92.5</ele></trkpt>
      <trkpt lat="47.500069" lon="1.460238"><ele>93.0</ele></trkpt>
      <trkpt lat="47.499857" lon="1.459768"><ele>93.8</ele></trkpt>
      <trkpt lat="47.499851" lon="1.459726"><ele>93.8</ele></trkpt>
      <trkpt lat="47.499470" lon="1.459850"><ele>94.0</ele></trkpt>
      <trkpt lat="47.499383" lon="1.459902"><ele>93.8</ele></trkpt>
      <trkpt lat="47.499340" lon="1.459948"><ele>93.8</ele></trkpt>
      <trkpt lat="47.499213" lon="1.460068"><ele>94.0</ele></trkpt>
      <trkpt lat="47.499247" lon="1.460145"><ele>94.0</ele></trkpt>
      <trkpt lat="47.499441" lon="1.461092"><ele>93.0</ele></trkpt>
      <trkpt lat="47.499247" lon="1.460145"><ele>94.0</ele></trkpt>
      <trkpt lat="47.499213" lon="1.460068"><ele>94.0</ele></trkpt>
      <trkpt lat="47.499340" lon="1.459948"><ele>93.8</ele></trkpt>
      <trkpt lat="47.499383" lon="1.459902"><ele>93.8</ele></trkpt>
      <trkpt lat="47.499310" lon="1.459666"><ele>93.2</ele></trkpt>
      <trkpt lat="47.499272" lon="1.459367"><ele>93.0</ele></trkpt>
      <trkpt lat="47.499281" lon="1.459285"><ele>93.0</ele></trkpt>
      <trkpt lat="47.499292" lon="1.459196"><ele>93.0</ele></trkpt>
      <trkpt lat="47.499247" lon="1.459070"><ele>93.0</ele></trkpt>
      <trkpt lat="47.499252" lon="1.459032"><ele>93.0</ele></trkpt>
      <trkpt lat="47.499320" lon="1.458560"><ele>92.0</ele></trkpt>
      <trkpt lat="47.499267" lon="1.458448"><ele>92.0</ele></trkpt>
      <trkpt lat="47.499290" lon="1.458255"><ele>92.0</ele></trkpt>
      <trkpt lat="47.499230" lon="1.458139"><ele>92.0</ele></trkpt>
      <trkpt lat="47.499189" lon="1.458004"><ele>92.0</ele></trkpt>
      <trkpt lat="47.499170" lon="1.457859"><ele>92.0</ele></trkpt>
      <trkpt lat="47.499170" lon="1.457740"><ele>91.8</ele></trkpt>
      <trkpt lat="47.498344" lon="1.457525"><ele>92.0</ele></trkpt>
      <trkpt lat="47.497194" lon="1.457225"><ele>92.0</ele></trkpt>
      <trkpt lat="47.497090" lon="1.457199"><ele>91.8</ele></trkpt>
      <trkpt lat="47.496967" lon="1.457151"><ele>91.5</ele></trkpt>
      <trkpt lat="47.497010" lon="1.457029"><ele>91.2</ele></trkpt>
      <trkpt lat="47.496864" lon="1.456978"><ele>91.0</ele></trkpt>
      <trkpt lat="47.495328" lon="1.456551"><ele>89.5</ele></trkpt>
      <trkpt lat="47.493335" lon="1.455974"><ele>88.0</ele></trkpt>
      <trkpt lat="47.493243" lon="1.455897"><ele>87.5</ele></trkpt>
      <trkpt lat="47.493163" lon="1.455913"><ele>87.5</ele></trkpt>
      <trkpt lat="47.492698" lon="1.454546"><ele>85.2</ele></trkpt>
      <trkpt lat="47.492506" lon="1.453965"><ele>84.8</ele></trkpt>
      <trkpt lat="47.492487" lon="1.453910"><ele>84.8</ele></trkpt>
      <trkpt lat="47.491747" lon="1.451679"><ele>88.0</ele></trkpt>
      <trkpt lat="47.491676" lon="1.451325"><ele>88.0</ele></trkpt>
      <trkpt lat="47.491554" lon="1.450588"><ele>89.0</ele></trkpt>
      <trkpt lat="47.491492" lon="1.450252"><ele>89.0</ele></trkpt>
      <trkpt lat="47.491349" lon="1.449905"><ele>89.2</ele></trkpt>
      <trkpt lat="47.490923" lon="1.449277"><ele>90.0</ele></trkpt>
      <trkpt lat="47.490915" lon="1.449254"><ele>90.0</ele></trkpt>
      <trkpt lat="47.490428" lon="1.447874"><ele>90.8</ele></trkpt>
      <trkpt lat="47.490370" lon="1.447701"><ele>91.0</ele></trkpt>
      <trkpt lat="47.490090" lon="1.446669"><ele>91.5</ele></trkpt>
      <trkpt lat="47.489958" lon="1.446118"><ele>92.0</ele></trkpt>
      <trkpt lat="47.489565" lon="1.444967"><ele>93.0</ele></trkpt>
      <trkpt lat="47.489418" lon="1.444553"><ele>92.2</ele></trkpt>
      <trkpt lat="47.489282" lon="1.444201"><ele>92.0</ele></trkpt>
      <trkpt lat="47.488869" lon="1.443517"><ele>93.0</ele></trkpt>
      <trkpt lat="47.488808" lon="1.443369"><ele>93.0</ele></trkpt>
      <trkpt lat="47.488783" lon="1.443129"><ele>93.0</ele></trkpt>
      <trkpt lat="47.488891" lon="1.442409"><ele>93.0</ele></trkpt>
      <trkpt lat="47.489002" lon="1.442097"><ele>93.2</ele></trkpt>
      <trkpt lat="47.489174" lon="1.441663"><ele>94.0</ele></trkpt>
      <trkpt lat="47.489310" lon="1.441434"><ele>94.0</ele></trkpt>
      <trkpt lat="47.489491" lon="1.441259"><ele>94.0</ele></trkpt>
      <trkpt lat="47.489692" lon="1.441138"><ele>94.0</ele></trkpt>
      <trkpt lat="47.489840" lon="1.441013"><ele>93.5</ele></trkpt>
      <trkpt lat="47.490173" lon="1.440598"><ele>92.2</ele></trkpt>
      <trkpt lat="47.490322" lon="1.440441"><ele>91.8</ele></trkpt>
      <trkpt lat="47.490748" lon="1.440060"><ele>90.2</ele></trkpt>
      <trkpt lat="47.491074" lon="1.439792"><ele>90.0</ele></trkpt>
      <trkpt lat="47.491301" lon="1.439585"><ele>89.5</ele></trkpt>
      <trkpt lat="47.491387" lon="1.439414"><ele>90.0</ele></trkpt>
      <trkpt lat="47.491453" lon="1.439174"><ele>89.8</ele></trkpt>
      <trkpt lat="47.491481" lon="1.438857"><ele>89.5</ele></trkpt>
      <trkpt lat="47.491498" lon="1.438435"><ele>89.8</ele></trkpt>
      <trkpt lat="47.491479" lon="1.438205"><ele>89.8</ele></trkpt>
      <trkpt lat="47.491445" lon="1.437916"><ele>89.8</ele></trkpt>
      <trkpt lat="47.491657" lon="1.437722"><ele>90.0</ele></trkpt>
      <trkpt lat="47.491912" lon="1.437438"><ele>90.8</ele></trkpt>
      <trkpt lat="47.492280" lon="1.437002"><ele>93.0</ele></trkpt>
      <trkpt lat="47.492446" lon="1.436806"><ele>92.8</ele></trkpt>
      <trkpt lat="47.492287" lon="1.436564"><ele>92.0</ele></trkpt>
      <trkpt lat="47.492300" lon="1.436491"><ele>92.2</ele></trkpt>
      <trkpt lat="47.492295" lon="1.436208"><ele>92.0</ele></trkpt>
      <trkpt lat="47.492284" lon="1.436156"><ele>92.0</ele></trkpt>
      <trkpt lat="47.492241" lon="1.435968"><ele>91.5</ele></trkpt>
      <trkpt lat="47.491931" lon="1.435088"><ele>91.5</ele></trkpt>
      <trkpt lat="47.491632" lon="1.433088"><ele>92.0</ele></trkpt>
      <trkpt lat="47.491606" lon="1.432857"><ele>92.0</ele></trkpt>
      <trkpt lat="47.491546" lon="1.432319"><ele>92.0</ele></trkpt>
      <trkpt lat="47.491466" lon="1.431429"><ele>91.2</ele></trkpt>
      <trkpt lat="47.491427" lon="1.430404"><ele>93.0</ele></trkpt>
      <trkpt lat="47.491499" lon="1.428954"><ele>94.0</ele></trkpt>
      <trkpt lat="47.491539" lon="1.428319"><ele>94.0</ele></trkpt>
      <trkpt lat="47.491510" lon="1.428164"><ele>94.0</ele></trkpt>
      <trkpt lat="47.491315" lon="1.427642"><ele>93.5</ele></trkpt>
      <trkpt lat="47.490991" lon="1.426863"><ele>93.0</ele></trkpt>
      <trkpt lat="47.490926" lon="1.426612"><ele>93.2</ele></trkpt>
      <trkpt lat="47.490929" lon="1.426511"><ele>93.5</ele></trkpt>
      <trkpt lat="47.490957" lon="1.426506"><ele>93.8</ele></trkpt>
      <trkpt lat="47.492006" lon="1.425253"><ele>94.0</ele></trkpt>
      <trkpt lat="47.492648" lon="1.424178"><ele>95.0</ele></trkpt>
      <trkpt lat="47.493313" lon="1.423155"><ele>96.0</ele></trkpt>
      <trkpt lat="47.492904" lon="1.421697"><ele>96.2</ele></trkpt>
      <trkpt lat="47.492722" lon="1.420906"><ele>96.8</ele></trkpt>
      <trkpt lat="47.492647" lon="1.419854"><ele>97.0</ele></trkpt>
      <trkpt lat="47.492600" lon="1.419595"><ele>96.8</ele></trkpt>
      <trkpt lat="47.492560" lon="1.419496"><ele>97.0</ele></trkpt>
      <trkpt lat="47.492601" lon="1.419429"><ele>97.0</ele></trkpt>
      <trkpt lat="47.492712" lon="1.419354"><ele>97.0</ele></trkpt>
      <trkpt lat="47.492919" lon="1.419275"><ele>97.0</ele></trkpt>
      <trkpt lat="47.493529" lon="1.419472"><ele>97.0</ele></trkpt>
      <trkpt lat="47.494235" lon="1.419323"><ele>96.2</ele></trkpt>
      <trkpt lat="47.494696" lon="1.418846"><ele>96.0</ele></trkpt>
      <trkpt lat="47.495654" lon="1.418098"><ele>96.0</ele></trkpt>
      <trkpt lat="47.496173" lon="1.417504"><ele>96.0</ele></trkpt>
      <trkpt lat="47.498144" lon="1.416104"><ele>95.5</ele></trkpt>
      <trkpt lat="47.498165" lon="1.416086"><ele>95.5</ele></trkpt>
      <trkpt lat="47.498321" lon="1.415963"><ele>95.5</ele></trkpt>
      <trkpt lat="47.498873" lon="1.415475"><ele>96.0</ele></trkpt>
      <trkpt lat="47.499088" lon="1.415321"><ele>95.8</ele></trkpt>
      <trkpt lat="47.499512" lon="1.415088"><ele>95.8</ele></trkpt>
      <trkpt lat="47.499967" lon="1.414897"><ele>95.2</ele></trkpt>
      <trkpt lat="47.500433" lon="1.414684"><ele>95.2</ele></trkpt>
      <trkpt lat="47.500719" lon="1.414527"><ele>95.0</ele></trkpt>
      <trkpt lat="47.501856" lon="1.413806"><ele>94.5</ele></trkpt>
      <trkpt lat="47.502313" lon="1.413520"><ele>93.8</ele></trkpt>
      <trkpt lat="47.502435" lon="1.413483"><ele>93.5</ele></trkpt>
      <trkpt lat="47.502529" lon="1.413491"><ele>93.5</ele></trkpt>
      <trkpt lat="47.502829" lon="1.413609"><ele>93.8</ele></trkpt>
      <trkpt lat="47.502964" lon="1.413623"><ele>94.0</ele></trkpt>
      <trkpt lat="47.503114" lon="1.413599"><ele>93.8</ele></trkpt>
      <trkpt lat="47.503258" lon="1.413548"><ele>93.8</ele></trkpt>
      <trkpt lat="47.504164" lon="1.413120"><ele>93.0</ele></trkpt>
      <trkpt lat="47.504374" lon="1.413051"><ele>92.0</ele></trkpt>
      <trkpt lat="47.504917" lon="1.412893"><ele>92.0</ele></trkpt>
      <trkpt lat="47.506427" lon="1.412472"><ele>92.8</ele></trkpt>
      <trkpt lat="47.506870" lon="1.412303"><ele>92.5</ele></trkpt>
      <trkpt lat="47.507128" lon="1.412187"><ele>92.2</ele></trkpt>
      <trkpt lat="47.507309" lon="1.412123"><ele>91.8</ele></trkpt>
      <trkpt lat="47.507500" lon="1.412108"><ele>91.2</ele></trkpt>
      <trkpt lat="47.508400" lon="1.412250"><ele>91.5</ele></trkpt>
      <trkpt lat="47.508547" lon="1.412291"><ele>91.0</ele></trkpt>
      <trkpt lat="47.508746" lon="1.412361"><ele>91.0</ele></trkpt>
      <trkpt lat="47.509058" lon="1.412514"><ele>90.8</ele></trkpt>
      <trkpt lat="47.509159" lon="1.412587"><ele>90.5</ele></trkpt>
      <trkpt lat="47.509235" lon="1.412599"><ele>90.2</ele></trkpt>
      <trkpt lat="47.509630" lon="1.412769"><ele>89.8</ele></trkpt>
      <trkpt lat="47.510405" lon="1.413067"><ele>89.5</ele></trkpt>
      <trkpt lat="47.510907" lon="1.413181"><ele>88.5</ele></trkpt>
      <trkpt lat="47.511410" lon="1.413270"><ele>89.8</ele></trkpt>
      <trkpt lat="47.511625" lon="1.413281"><ele>90.5</ele></trkpt>
      <trkpt lat="47.511676" lon="1.413263"><ele>90.5</ele></trkpt>
      <trkpt lat="47.511722" lon="1.413247"><ele>90.5</ele></trkpt>
      <trkpt lat="47.511815" lon="1.413150"><ele>90.2</ele></trkpt>
      <trkpt lat="47.511875" lon="1.412991"><ele>89.8</ele></trkpt>
      <trkpt lat="47.511896" lon="1.412824"><ele>89.8</ele></trkpt>
      <trkpt lat="47.511895" lon="1.412568"><ele>89.0</ele></trkpt>
      <trkpt lat="47.511719" lon="1.410705"><ele>89.2</ele></trkpt>
      <trkpt lat="47.511673" lon="1.410361"><ele>89.8</ele></trkpt>
      <trkpt lat="47.511616" lon="1.410070"><ele>89.8</ele></trkpt>
      <trkpt lat="47.511514" lon="1.409619"><ele>90.2</ele></trkpt>
      <trkpt lat="47.511493" lon="1.409462"><ele>90.8</ele></trkpt>
      <trkpt lat="47.511487" lon="1.409364"><ele>91.0</ele></trkpt>
      <trkpt lat="47.511965" lon="1.409499"><ele>91.0</ele></trkpt>
      <trkpt lat="47.513105" lon="1.410119"><ele>89.2</ele></trkpt>
      <trkpt lat="47.513785" lon="1.410577"><ele>87.8</ele></trkpt>
      <trkpt lat="47.514186" lon="1.410754"><ele>87.0</ele></trkpt>
      <trkpt lat="47.514546" lon="1.410809"><ele>86.5</ele></trkpt>
      <trkpt lat="47.514686" lon="1.410821"><ele>86.0</ele></trkpt>
      <trkpt lat="47.515177" lon="1.410766"><ele>86.0</ele></trkpt>
      <trkpt lat="47.515879" lon="1.410652"><ele>85.5</ele></trkpt>
      <trkpt lat="47.516147" lon="1.410646"><ele>85.5</ele></trkpt>
      <trkpt lat="47.516377" lon="1.410685"><ele>85.8</ele></trkpt>
      <trkpt lat="47.516926" lon="1.410851"><ele>85.8</ele></trkpt>
      <trkpt lat="47.516973" lon="1.410828"><ele>86.0</ele></trkpt>
      <trkpt lat="47.517181" lon="1.410449"><ele>86.2</ele></trkpt>
      <trkpt lat="47.518058" lon="1.408726"><ele>88.0</ele></trkpt>
      <trkpt lat="47.518142" lon="1.408712"><ele>87.8</ele></trkpt>
      <trkpt lat="47.518276" lon="1.408779"><ele>88.0</ele></trkpt>
      <trkpt lat="47.518843" lon="1.409248"><ele>87.0</ele></trkpt>
      <trkpt lat="47.518986" lon="1.409316"><ele>87.0</ele></trkpt>
      <trkpt lat="47.519305" lon="1.409332"><ele>86.5</ele></trkpt>
      <trkpt lat="47.519574" lon="1.409295"><ele>86.2</ele></trkpt>
      <trkpt lat="47.520346" lon="1.407875"><ele>83.0</ele></trkpt>
      <trkpt lat="47.520358" lon="1.407851"><ele>82.8</ele></trkpt>
      <trkpt lat="47.520435" lon="1.407705"><ele>82.2</ele></trkpt>
      <trkpt lat="47.520516" lon="1.407521"><ele>82.0</ele></trkpt>
      <trkpt lat="47.520624" lon="1.407203"><ele>82.0</ele></trkpt>
      <trkpt lat="47.520942" lon="1.406321"><ele>84.0</ele></trkpt>
      <trkpt lat="47.521148" lon="1.405758"><ele>86.0</ele></trkpt>
      <trkpt lat="47.521483" lon="1.404782"><ele>88.0</ele></trkpt>
      <trkpt lat="47.521733" lon="1.404193"><ele>89.8</ele></trkpt>
      <trkpt lat="47.521790" lon="1.404109"><ele>90.0</ele></trkpt>
      <trkpt lat="47.521897" lon="1.404055"><ele>90.2</ele></trkpt>
      <trkpt lat="47.522014" lon="1.404054"><ele>90.5</ele></trkpt>
      <trkpt lat="47.522100" lon="1.404089"><ele>90.5</ele></trkpt>
      <trkpt lat="47.522250" lon="1.404197"><ele>90.8</ele></trkpt>
      <trkpt lat="47.522537" lon="1.404457"><ele>89.8</ele></trkpt>
      <trkpt lat="47.522633" lon="1.404443"><ele>90.0</ele></trkpt>
      <trkpt lat="47.522700" lon="1.404381"><ele>90.0</ele></trkpt>
      <trkpt lat="47.522764" lon="1.404240"><ele>90.5</ele></trkpt>
      <trkpt lat="47.523077" lon="1.403285"><ele>91.0</ele></trkpt>
      <trkpt lat="47.523255" lon="1.402735"><ele>92.0</ele></trkpt>
      <trkpt lat="47.523478" lon="1.401991"><ele>92.8</ele></trkpt>
      <trkpt lat="47.523546" lon="1.401801"><ele>92.2</ele></trkpt>
      <trkpt lat="47.523625" lon="1.401650"><ele>92.0</ele></trkpt>
      <trkpt lat="47.523810" lon="1.401397"><ele>92.0</ele></trkpt>
      <trkpt lat="47.523870" lon="1.401272"><ele>92.0</ele></trkpt>
      <trkpt lat="47.524102" lon="1.400482"><ele>91.5</ele></trkpt>
      <trkpt lat="47.524331" lon="1.399883"><ele>90.0</ele></trkpt>
      <trkpt lat="47.524768" lon="1.398238"><ele>87.0</ele></trkpt>
      <trkpt lat="47.524933" lon="1.397871"><ele>87.0</ele></trkpt>
      <trkpt lat="47.524982" lon="1.397652"><ele>86.8</ele></trkpt>
      <trkpt lat="47.524975" lon="1.397397"><ele>86.8</ele></trkpt>
      <trkpt lat="47.524936" lon="1.396992"><ele>82.8</ele></trkpt>
      <trkpt lat="47.524916" lon="1.396735"><ele>84.0</ele></trkpt>
      <trkpt lat="47.524900" lon="1.396614"><ele>84.5</ele></trkpt>
      <trkpt lat="47.524874" lon="1.396498"><ele>84.8</ele></trkpt>
      <trkpt lat="47.524583" lon="1.395361"><ele>83.2</ele></trkpt>
      <trkpt lat="47.524430" lon="1.394603"><ele>83.0</ele></trkpt>
      <trkpt lat="47.524413" lon="1.394474"><ele>83.0</ele></trkpt>
      <trkpt lat="47.524408" lon="1.394346"><ele>83.2</ele></trkpt>
      <trkpt lat="47.524408" lon="1.393567"><ele>83.0</ele></trkpt>
      <trkpt lat="47.524415" lon="1.393059"><ele>83.0</ele></trkpt>
      <trkpt lat="47.524432" lon="1.392254"><ele>83.0</ele></trkpt>
      <trkpt lat="47.524423" lon="1.391979"><ele>83.0</ele></trkpt>
      <trkpt lat="47.524395" lon="1.391726"><ele>83.0</ele></trkpt>
      <trkpt lat="47.524196" lon="1.390655"><ele>81.2</ele></trkpt>
      <trkpt lat="47.524143" lon="1.390032"><ele>79.2</ele></trkpt>
      <trkpt lat="47.524157" lon="1.389783"><ele>78.2</ele></trkpt>
      <trkpt lat="47.524202" lon="1.389543"><ele>77.8</ele></trkpt>
      <trkpt lat="47.524435" lon="1.388888"><ele>75.0</ele></trkpt>
      <trkpt lat="47.524677" lon="1.388241"><ele>73.5</ele></trkpt>
      <trkpt lat="47.524769" lon="1.387955"><ele>73.0</ele></trkpt>
      <trkpt lat="47.525157" lon="1.388273"><ele>73.0</ele></trkpt>
      <trkpt lat="47.525191" lon="1.388268"><ele>73.0</ele></trkpt>
      <trkpt lat="47.525235" lon="1.388220"><ele>73.0</ele></trkpt>
      <trkpt lat="47.525268" lon="1.388152"><ele>73.0</ele></trkpt>
      <trkpt lat="47.525337" lon="1.387976"><ele>72.5</ele></trkpt>
      <trkpt lat="47.525433" lon="1.388064"><ele>72.2</ele></trkpt>
      <trkpt lat="47.525828" lon="1.388512"><ele>72.0</ele></trkpt>
      <trkpt lat="47.526061" lon="1.388127"><ele>71.2</ele></trkpt>
      <trkpt lat="47.526405" lon="1.387537"><ele>71.0</ele></trkpt>
      <trkpt lat="47.526689" lon="1.387086"><ele>70.8</ele></trkpt>
      <trkpt lat="47.526711" lon="1.386924"><ele>70.5</ele></trkpt>
      <trkpt lat="47.526757" lon="1.386865"><ele>70.2</ele></trkpt>
      <trkpt lat="47.526826" lon="1.386735"><ele>70.0</ele></trkpt>
      <trkpt lat="47.526878" lon="1.386392"><ele>69.8</ele></trkpt>
      <trkpt lat="47.526907" lon="1.386371"><ele>69.5</ele></trkpt>
      <trkpt lat="47.527018" lon="1.386432"><ele>69.5</ele></trkpt>
      <trkpt lat="47.527193" lon="1.386499"><ele>69.5</ele></trkpt>
      <trkpt lat="47.527338" lon="1.386616"><ele>69.5</ele></trkpt>
      <trkpt lat="47.527476" lon="1.386750"><ele>69.5</ele></trkpt>
      <trkpt lat="47.527597" lon="1.386749"><ele>69.8</ele></trkpt>
      <trkpt lat="47.527672" lon="1.386698"><ele>69.8</ele></trkpt>
      <trkpt lat="47.527903" lon="1.386423"><ele>70.8</ele></trkpt>
      <trkpt lat="47.528262" lon="1.385628"><ele>75.2</ele></trkpt>
      <trkpt lat="47.528409" lon="1.385363"><ele>76.5</ele></trkpt>
      <trkpt lat="47.528085" lon="1.384939"><ele>77.0</ele></trkpt>
      <trkpt lat="47.528344" lon="1.384555"><ele>77.5</ele></trkpt>
      <trkpt lat="47.528436" lon="1.384419"><ele>78.0</ele></trkpt>
      <trkpt lat="47.528817" lon="1.383870"><ele>78.0</ele></trkpt>
      <trkpt lat="47.529341" lon="1.383108"><ele>79.0</ele></trkpt>
      <trkpt lat="47.529668" lon="1.382635"><ele>79.8</ele></trkpt>
      <trkpt lat="47.529693" lon="1.382602"><ele>79.8</ele></trkpt>
      <trkpt lat="47.529718" lon="1.382585"><ele>79.8</ele></trkpt>
      <trkpt lat="47.530421" lon="1.382265"><ele>80.8</ele></trkpt>
      <trkpt lat="47.530715" lon="1.382132"><ele>81.0</ele></trkpt>
      <trkpt lat="47.531086" lon="1.382028"><ele>80.5</ele></trkpt>
      <trkpt lat="47.531332" lon="1.381959"><ele>80.8</ele></trkpt>
      <trkpt lat="47.531569" lon="1.381871"><ele>81.2</ele></trkpt>
      <trkpt lat="47.531838" lon="1.381688"><ele>81.8</ele></trkpt>
      <trkpt lat="47.531964" lon="1.381582"><ele>82.0</ele></trkpt>
      <trkpt lat="47.532238" lon="1.381354"><ele>82.0</ele></trkpt>
      <trkpt lat="47.532481" lon="1.381096"><ele>83.0</ele></trkpt>
      <trkpt lat="47.532551" lon="1.380974"><ele>83.2</ele></trkpt>
      <trkpt lat="47.532695" lon="1.380723"><ele>83.5</ele></trkpt>
      <trkpt lat="47.532732" lon="1.380658"><ele>83.5</ele></trkpt>
      <trkpt lat="47.532841" lon="1.380441"><ele>84.5</ele></trkpt>
      <trkpt lat="47.533011" lon="1.380099"><ele>85.8</ele></trkpt>
      <trkpt lat="47.533105" lon="1.379911"><ele>86.2</ele></trkpt>
      <trkpt lat="47.533361" lon="1.379395"><ele>87.0</ele></trkpt>
      <trkpt lat="47.534046" lon="1.378018"><ele>89.0</ele></trkpt>
      <trkpt lat="47.533803" lon="1.377414"><ele>90.0</ele></trkpt>
      <trkpt lat="47.533691" lon="1.377162"><ele>89.5</ele></trkpt>
      <trkpt lat="47.533624" lon="1.376990"><ele>89.8</ele></trkpt>
      <trkpt lat="47.533653" lon="1.376912"><ele>90.0</ele></trkpt>
      <trkpt lat="47.533669" lon="1.376896"><ele>90.0</ele></trkpt>
      <trkpt lat="47.533744" lon="1.376856"><ele>90.2</ele></trkpt>
      <trkpt lat="47.533801" lon="1.376815"><ele>90.5</ele></trkpt>
      <trkpt lat="47.533785" lon="1.376739"><ele>90.5</ele></trkpt>
      <trkpt lat="47.533765" lon="1.376660"><ele>90.5</ele></trkpt>
      <trkpt lat="47.533898" lon="1.376576"><ele>91.0</ele></trkpt>
      <trkpt lat="47.533929" lon="1.376530"><ele>91.0</ele></trkpt>
      <trkpt lat="47.533932" lon="1.376514"><ele>91.0</ele></trkpt>
      <trkpt lat="47.533939" lon="1.376474"><ele>91.0</ele></trkpt>
      <trkpt lat="47.533977" lon="1.376435"><ele>91.2</ele></trkpt>
      <trkpt lat="47.534029" lon="1.376402"><ele>91.5</ele></trkpt>
      <trkpt lat="47.534044" lon="1.376396"><ele>91.5</ele></trkpt>
      <trkpt lat="47.534071" lon="1.376401"><ele>91.5</ele></trkpt>
      <trkpt lat="47.534112" lon="1.376429"><ele>91.8</ele></trkpt>
      <trkpt lat="47.534137" lon="1.376432"><ele>91.8</ele></trkpt>
      <trkpt lat="47.534472" lon="1.376236"><ele>93.0</ele></trkpt>
      <trkpt lat="47.534953" lon="1.375927"><ele>94.0</ele></trkpt>
      <trkpt lat="47.535374" lon="1.375670"><ele>94.5</ele></trkpt>
      <trkpt lat="47.535437" lon="1.375569"><ele>94.5</ele></trkpt>
      <trkpt lat="47.535545" lon="1.375449"><ele>94.5</ele></trkpt>
      <trkpt lat="47.535734" lon="1.375093"><ele>93.8</ele></trkpt>
      <trkpt lat="47.535827" lon="1.374944"><ele>93.8</ele></trkpt>
      <trkpt lat="47.536075" lon="1.374494"><ele>93.8</ele></trkpt>
      <trkpt lat="47.536103" lon="1.374384"><ele>93.8</ele></trkpt>
      <trkpt lat="47.536099" lon="1.374224"><ele>93.8</ele></trkpt>
      <trkpt lat="47.536001" lon="1.373018"><ele>93.5</ele></trkpt>
      <trkpt lat="47.538288" lon="1.369282"><ele>95.0</ele></trkpt>
      <trkpt lat="47.538660" lon="1.368222"><ele>93.2</ele></trkpt>
      <trkpt lat="47.541642" lon="1.359732"><ele>98.0</ele></trkpt>
      <trkpt lat="47.539825" lon="1.356704"><ele>101.0</ele></trkpt>
      <trkpt lat="47.533446" lon="1.346917"><ele>101.0</ele></trkpt>
      <trkpt lat="47.532346" lon="1.336087"><ele>101.8</ele></trkpt>
      <trkpt lat="47.531988" lon="1.332562"><ele>101.8</ele></trkpt>
      <trkpt lat="47.531632" lon="1.329059"><ele>102.0</ele></trkpt>
      <trkpt lat="47.531116" lon="1.323970"><ele>100.8</ele></trkpt>
      <trkpt lat="47.531230" lon="1.323917"><ele>100.5</ele></trkpt>
      <trkpt lat="47.531284" lon="1.323641"><ele>100.2</ele></trkpt>
      <trkpt lat="47.531293" lon="1.323411"><ele>100.0</ele></trkpt>
      <trkpt lat="47.531164" lon="1.322123"><ele>100.0</ele></trkpt>
      <trkpt lat="47.530767" lon="1.319091"><ele>100.8</ele></trkpt>
      <trkpt lat="47.530766" lon="1.318369"><ele>100.8</ele></trkpt>
      <trkpt lat="47.530747" lon="1.318151"><ele>101.0</ele></trkpt>
      <trkpt lat="47.530621" lon="1.317618"><ele>100.8</ele></trkpt>
      <trkpt lat="47.530599" lon="1.317556"><ele>100.8</ele></trkpt>
      <trkpt lat="47.530726" lon="1.317408"><ele>100.2</ele></trkpt>
      <trkpt lat="47.531454" lon="1.316437"><ele>99.8</ele></trkpt>
      <trkpt lat="47.531792" lon="1.316043"><ele>99.2</ele></trkpt>
      <trkpt lat="47.532125" lon="1.315697"><ele>99.0</ele></trkpt>
      <trkpt lat="47.532353" lon="1.315487"><ele>98.5</ele></trkpt>
      <trkpt lat="47.532737" lon="1.315202"><ele>98.0</ele></trkpt>
      <trkpt lat="47.533111" lon="1.314825"><ele>98.0</ele></trkpt>
      <trkpt lat="47.533162" lon="1.314720"><ele>98.0</ele></trkpt>
      <trkpt lat="47.533171" lon="1.314650"><ele>98.0</ele></trkpt>
      <trkpt lat="47.533171" lon="1.314586"><ele>98.0</ele></trkpt>
      <trkpt lat="47.533309" lon="1.314570"><ele>98.0</ele></trkpt>
      <trkpt lat="47.533722" lon="1.314447"><ele>97.0</ele></trkpt>
      <trkpt lat="47.533875" lon="1.314451"><ele>97.0</ele></trkpt>
      <trkpt lat="47.534331" lon="1.314592"><ele>95.0</ele></trkpt>
      <trkpt lat="47.534632" lon="1.314593"><ele>93.2</ele></trkpt>
      <trkpt lat="47.534963" lon="1.314504"><ele>91.2</ele></trkpt>
      <trkpt lat="47.535021" lon="1.314451"><ele>91.0</ele></trkpt>
      <trkpt lat="47.535048" lon="1.314307"><ele>90.5</ele></trkpt>
      <trkpt lat="47.535080" lon="1.313933"><ele>90.0</ele></trkpt>
      <trkpt lat="47.535090" lon="1.313778"><ele>89.8</ele></trkpt>
      <trkpt lat="47.535122" lon="1.313537"><ele>89.5</ele></trkpt>
      <trkpt lat="47.535161" lon="1.313373"><ele>89.2</ele></trkpt>
      <trkpt lat="47.535246" lon="1.313111"><ele>89.0</ele></trkpt>
      <trkpt lat="47.535328" lon="1.312923"><ele>88.8</ele></trkpt>
      <trkpt lat="47.535500" lon="1.312653"><ele>87.8</ele></trkpt>
      <trkpt lat="47.535552" lon="1.312528"><ele>87.0</ele></trkpt>
      <trkpt lat="47.535649" lon="1.312173"><ele>86.8</ele></trkpt>
      <trkpt lat="47.535788" lon="1.311397"><ele>84.2</ele></trkpt>
      <trkpt lat="47.535845" lon="1.311251"><ele>83.5</ele></trkpt>
      <trkpt lat="47.536050" lon="1.310828"><ele>83.0</ele></trkpt>
      <trkpt lat="47.536179" lon="1.310485"><ele>83.8</ele></trkpt>
      <trkpt lat="47.536339" lon="1.309810"><ele>84.2</ele></trkpt>
      <trkpt lat="47.536434" lon="1.309450"><ele>81.8</ele></trkpt>
      <trkpt lat="47.536510" lon="1.309249"><ele>82.2</ele></trkpt>
      <trkpt lat="47.536587" lon="1.309075"><ele>82.0</ele></trkpt>
      <trkpt lat="47.536691" lon="1.308898"><ele>81.5</ele></trkpt>
      <trkpt lat="47.536886" lon="1.308605"><ele>83.2</ele></trkpt>
      <trkpt lat="47.537099" lon="1.308180"><ele>81.5</ele></trkpt>
      <trkpt lat="47.537433" lon="1.307278"><ele>78.2</ele></trkpt>
      <trkpt lat="47.537429" lon="1.307204"><ele>78.0</ele></trkpt>
      <trkpt lat="47.537412" lon="1.307144"><ele>78.0</ele></trkpt>
      <trkpt lat="47.537361" lon="1.307196"><ele>78.2</ele></trkpt>
      <trkpt lat="47.537339" lon="1.307142"><ele>78.2</ele></trkpt>
      <trkpt lat="47.537413" lon="1.307071"><ele>77.8</ele></trkpt>
      <trkpt lat="47.537572" lon="1.306891"><ele>76.5</ele></trkpt>
      <trkpt lat="47.537682" lon="1.306729"><ele>75.2</ele></trkpt>
      <trkpt lat="47.537854" lon="1.306499"><ele>73.8</ele></trkpt>
      <trkpt lat="47.538078" lon="1.306302"><ele>71.8</ele></trkpt>
      <trkpt lat="47.538120" lon="1.306222"><ele>70.8</ele></trkpt>
      <trkpt lat="47.538010" lon="1.305945"><ele>69.5</ele></trkpt>
      <trkpt lat="47.537939" lon="1.305721"><ele>69.0</ele></trkpt>
      <trkpt lat="47.537715" lon="1.305297"><ele>69.0</ele></trkpt>
      <trkpt lat="47.536470" lon="1.303477"><ele>67.0</ele></trkpt>
      <trkpt lat="47.536165" lon="1.303019"><ele>66.8</ele></trkpt>
      <trkpt lat="47.535975" lon="1.302659"><ele>67.0</ele></trkpt>
      <trkpt lat="47.535692" lon="1.302080"><ele>67.0</ele></trkpt>
      <trkpt lat="47.535528" lon="1.301807"><ele>67.0</ele></trkpt>
      <trkpt lat="47.535231" lon="1.301409"><ele>67.0</ele></trkpt>
      <trkpt lat="47.535017" lon="1.301175"><ele>67.0</ele></trkpt>
      <trkpt lat="47.534681" lon="1.300852"><ele>67.0</ele></trkpt>
      <trkpt lat="47.534326" lon="1.300487"><ele>67.0</ele></trkpt>
      <trkpt lat="47.533182" lon="1.299277"><ele>66.0</ele></trkpt>
      <trkpt lat="47.531433" lon="1.297444"><ele>66.0</ele></trkpt>
      <trkpt lat="47.530898" lon="1.296879"><ele>66.0</ele></trkpt>
      <trkpt lat="47.530247" lon="1.296282"><ele>66.5</ele></trkpt>
      <trkpt lat="47.530177" lon="1.296243"><ele>66.2</ele></trkpt>
      <trkpt lat="47.530104" lon="1.296225"><ele>66.2</ele></trkpt>
      <trkpt lat="47.530030" lon="1.296242"><ele>66.2</ele></trkpt>
      <trkpt lat="47.529942" lon="1.296304"><ele>66.5</ele></trkpt>
      <trkpt lat="47.529053" lon="1.297402"><ele>72.5</ele></trkpt>
      <trkpt lat="47.528346" lon="1.296639"><ele>71.5</ele></trkpt>
      <trkpt lat="47.527897" lon="1.296103"><ele>71.0</ele></trkpt>
      <trkpt lat="47.527406" lon="1.295606"><ele>70.5</ele></trkpt>
      <trkpt lat="47.526447" lon="1.294392"><ele>68.5</ele></trkpt>
      <trkpt lat="47.525816" lon="1.293877"><ele>68.0</ele></trkpt>
      <trkpt lat="47.525567" lon="1.293618"><ele>68.8</ele></trkpt>
      <trkpt lat="47.525470" lon="1.293501"><ele>68.8</ele></trkpt>
      <trkpt lat="47.525133" lon="1.293062"><ele>68.5</ele></trkpt>
      <trkpt lat="47.524171" lon="1.291553"><ele>68.5</ele></trkpt>
      <trkpt lat="47.523479" lon="1.290516"><ele>67.8</ele></trkpt>
      <trkpt lat="47.522409" lon="1.289145"><ele>66.8</ele></trkpt>
      <trkpt lat="47.521731" lon="1.288397"><ele>66.8</ele></trkpt>
      <trkpt lat="47.521130" lon="1.287680"><ele>66.5</ele></trkpt>
      <trkpt lat="47.520782" lon="1.287372"><ele>66.5</ele></trkpt>
      <trkpt lat="47.520239" lon="1.286844"><ele>67.2</ele></trkpt>
      <trkpt lat="47.519844" lon="1.286380"><ele>66.5</ele></trkpt>
      <trkpt lat="47.519748" lon="1.286188"><ele>66.8</ele></trkpt>
      <trkpt lat="47.519499" lon="1.285690"><ele>66.2</ele></trkpt>
      <trkpt lat="47.519152" lon="1.285036"><ele>66.0</ele></trkpt>
      <trkpt lat="47.518637" lon="1.284436"><ele>65.8</ele></trkpt>
      <trkpt lat="47.518452" lon="1.284499"><ele>66.0</ele></trkpt>
      <trkpt lat="47.518167" lon="1.284452"><ele>66.5</ele></trkpt>
      <trkpt lat="47.517639" lon="1.284053"><ele>66.2</ele></trkpt>
      <trkpt lat="47.517153" lon="1.283600"><ele>66.8</ele></trkpt>
      <trkpt lat="47.516998" lon="1.283586"><ele>66.8</ele></trkpt>
      <trkpt lat="47.516651" lon="1.284155"><ele>69.0</ele></trkpt>
      <trkpt lat="47.516612" lon="1.284165"><ele>69.0</ele></trkpt>
      <trkpt lat="47.516559" lon="1.284141"><ele>69.2</ele></trkpt>
      <trkpt lat="47.516377" lon="1.283818"><ele>68.8</ele></trkpt>
      <trkpt lat="47.516266" lon="1.283656"><ele>68.5</ele></trkpt>
      <trkpt lat="47.516039" lon="1.283388"><ele>68.2</ele></trkpt>
      <trkpt lat="47.515763" lon="1.283111"><ele>68.2</ele></trkpt>
      <trkpt lat="47.515254" lon="1.282793"><ele>69.0</ele></trkpt>
      <trkpt lat="47.515134" lon="1.282706"><ele>68.8</ele></trkpt>
      <trkpt lat="47.515011" lon="1.282565"><ele>68.8</ele></trkpt>
      <trkpt lat="47.514419" lon="1.281841"><ele>70.5</ele></trkpt>
      <trkpt lat="47.514387" lon="1.281856"><ele>70.8</ele></trkpt>
      <trkpt lat="47.514355" lon="1.281872"><ele>71.0</ele></trkpt>
      <trkpt lat="47.514105" lon="1.281818"><ele>71.8</ele></trkpt>
      <trkpt lat="47.513010" lon="1.281774"><ele>78.5</ele></trkpt>
      <trkpt lat="47.512703" lon="1.281759"><ele>80.8</ele></trkpt>
      <trkpt lat="47.511469" lon="1.281742"><ele>89.0</ele></trkpt>
      <trkpt lat="47.511203" lon="1.281593"><ele>90.2</ele></trkpt>
      <trkpt lat="47.510963" lon="1.281330"><ele>90.2</ele></trkpt>
      <trkpt lat="47.510671" lon="1.280999"><ele>90.2</ele></trkpt>
      <trkpt lat="47.510308" lon="1.280495"><ele>89.5</ele></trkpt>
      <trkpt lat="47.510195" lon="1.280316"><ele>89.5</ele></trkpt>
      <trkpt lat="47.510128" lon="1.280103"><ele>89.5</ele></trkpt>
      <trkpt lat="47.510026" lon="1.279857"><ele>89.8</ele></trkpt>
      <trkpt lat="47.509822" lon="1.279497"><ele>90.8</ele></trkpt>
      <trkpt lat="47.509581" lon="1.279145"><ele>92.0</ele></trkpt>
      <trkpt lat="47.509438" lon="1.278974"><ele>93.0</ele></trkpt>
      <trkpt lat="47.509199" lon="1.278751"><ele>94.8</ele></trkpt>
      <trkpt lat="47.509003" lon="1.278531"><ele>95.5</ele></trkpt>
      <trkpt lat="47.508132" lon="1.277378"><ele>97.8</ele></trkpt>
      <trkpt lat="47.507811" lon="1.276930"><ele>97.8</ele></trkpt>
      <trkpt lat="47.507371" lon="1.276275"><ele>97.8</ele></trkpt>
      <trkpt lat="47.506902" lon="1.275624"><ele>97.0</ele></trkpt>
      <trkpt lat="47.506202" lon="1.274655"><ele>95.8</ele></trkpt>
      <trkpt lat="47.505488" lon="1.273659"><ele>95.0</ele></trkpt>
      <trkpt lat="47.504995" lon="1.273002"><ele>94.8</ele></trkpt>
      <trkpt lat="47.504446" lon="1.272491"><ele>93.8</ele></trkpt>
      <trkpt lat="47.503992" lon="1.272054"><ele>93.8</ele></trkpt>
      <trkpt lat="47.503651" lon="1.271820"><ele>93.5</ele></trkpt>
      <trkpt lat="47.503187" lon="1.271517"><ele>93.2</ele></trkpt>
      <trkpt lat="47.502738" lon="1.271338"><ele>93.5</ele></trkpt>
      <trkpt lat="47.502419" lon="1.271185"><ele>93.2</ele></trkpt>
      <trkpt lat="47.502113" lon="1.271013"><ele>93.8</ele></trkpt>
      <trkpt lat="47.501937" lon="1.270875"><ele>94.0</ele></trkpt>
      <trkpt lat="47.501237" lon="1.270198"><ele>94.0</ele></trkpt>
      <trkpt lat="47.500440" lon="1.269082"><ele>94.0</ele></trkpt>
      <trkpt lat="47.499838" lon="1.268203"><ele>93.0</ele></trkpt>
      <trkpt lat="47.499607" lon="1.267794"><ele>93.0</ele></trkpt>
      <trkpt lat="47.499447" lon="1.267391"><ele>93.0</ele></trkpt>
      <trkpt lat="47.499106" lon="1.266701"><ele>92.0</ele></trkpt>
      <trkpt lat="47.498657" lon="1.265867"><ele>91.0</ele></trkpt>
      <trkpt lat="47.497999" lon="1.264596"><ele>89.8</ele></trkpt>
      <trkpt lat="47.497910" lon="1.264465"><ele>89.2</ele></trkpt>
      <trkpt lat="47.497731" lon="1.264188"><ele>88.8</ele></trkpt>
      <trkpt lat="47.497684" lon="1.264051"><ele>88.5</ele></trkpt>
      <trkpt lat="47.497580" lon="1.263600"><ele>89.0</ele></trkpt>
      <trkpt lat="47.497464" lon="1.263094"><ele>89.5</ele></trkpt>
      <trkpt lat="47.497459" lon="1.262933"><ele>89.8</ele></trkpt>
      <trkpt lat="47.497504" lon="1.262775"><ele>90.0</ele></trkpt>
      <trkpt lat="47.497480" lon="1.262654"><ele>89.8</ele></trkpt>
      <trkpt lat="47.497116" lon="1.262888"><ele>88.8</ele></trkpt>
      <trkpt lat="47.496832" lon="1.263105"><ele>87.2</ele></trkpt>
      <trkpt lat="47.496703" lon="1.263188"><ele>86.5</ele></trkpt>
      <trkpt lat="47.496555" lon="1.263204"><ele>85.0</ele></trkpt>
      <trkpt lat="47.496460" lon="1.263172"><ele>84.0</ele></trkpt>
      <trkpt lat="47.496400" lon="1.263133"><ele>83.8</ele></trkpt>
      <trkpt lat="47.496354" lon="1.263104"><ele>83.8</ele></trkpt>
      <trkpt lat="47.496259" lon="1.263020"><ele>83.2</ele></trkpt>
      <trkpt lat="47.496002" lon="1.262750"><ele>81.0</ele></trkpt>
      <trkpt lat="47.495760" lon="1.262470"><ele>78.2</ele></trkpt>
      <trkpt lat="47.495724" lon="1.262427"><ele>77.8</ele></trkpt>
      <trkpt lat="47.495438" lon="1.262193"><ele>75.2</ele></trkpt>
      <trkpt lat="47.495362" lon="1.262143"><ele>74.8</ele></trkpt>
      <trkpt lat="47.495321" lon="1.262139"><ele>74.5</ele></trkpt>
      <trkpt lat="47.495148" lon="1.261783"><ele>72.5</ele></trkpt>
      <trkpt lat="47.495035" lon="1.261608"><ele>70.2</ele></trkpt>
      <trkpt lat="47.494620" lon="1.261098"><ele>67.2</ele></trkpt>
      <trkpt lat="47.494566" lon="1.261037"><ele>67.0</ele></trkpt>
      <trkpt lat="47.494391" lon="1.260861"><ele>66.5</ele></trkpt>
      <trkpt lat="47.494220" lon="1.260693"><ele>64.5</ele></trkpt>
      <trkpt lat="47.493806" lon="1.260274"><ele>64.5</ele></trkpt>
      <trkpt lat="47.493754" lon="1.260224"><ele>65.2</ele></trkpt>
      <trkpt lat="47.493678" lon="1.260155"><ele>66.0</ele></trkpt>
      <trkpt lat="47.493699" lon="1.260111"><ele>66.0</ele></trkpt>
      <trkpt lat="47.493807" lon="1.260048"><ele>66.0</ele></trkpt>
      <trkpt lat="47.493867" lon="1.259855"><ele>65.5</ele></trkpt>
      <trkpt lat="47.493813" lon="1.259406"><ele>63.8</ele></trkpt>
      <trkpt lat="47.493671" lon="1.258493"><ele>64.0</ele></trkpt>
      <trkpt lat="47.493491" lon="1.257746"><ele>62.5</ele></trkpt>
      <trkpt lat="47.493438" lon="1.257464"><ele>62.8</ele></trkpt>
      <trkpt lat="47.493401" lon="1.257168"><ele>63.0</ele></trkpt>
      <trkpt lat="47.493447" lon="1.256679"><ele>62.8</ele></trkpt>
      <trkpt lat="47.493586" lon="1.256279"><ele>64.2</ele></trkpt>
      <trkpt lat="47.494030" lon="1.255364"><ele>63.0</ele></trkpt>
      <trkpt lat="47.494524" lon="1.253827"><ele>62.8</ele></trkpt>
      <trkpt lat="47.494889" lon="1.252185"><ele>61.0</ele></trkpt>
      <trkpt lat="47.494835" lon="1.251298"><ele>61.2</ele></trkpt>
      <trkpt lat="47.494687" lon="1.250568"><ele>63.0</ele></trkpt>
      <trkpt lat="47.494652" lon="1.249977"><ele>63.0</ele></trkpt>
      <trkpt lat="47.494635" lon="1.249388"><ele>62.2</ele></trkpt>
      <trkpt lat="47.494564" lon="1.249121"><ele>62.5</ele></trkpt>
      <trkpt lat="47.494596" lon="1.248805"><ele>62.2</ele></trkpt>
      <trkpt lat="47.494619" lon="1.248214"><ele>62.0</ele></trkpt>
      <trkpt lat="47.494438" lon="1.247540"><ele>64.0</ele></trkpt>
      <trkpt lat="47.493637" lon="1.245777"><ele>62.5</ele></trkpt>
      <trkpt lat="47.493457" lon="1.245435"><ele>62.0</ele></trkpt>
      <trkpt lat="47.493217" lon="1.245228"><ele>62.8</ele></trkpt>
      <trkpt lat="47.492951" lon="1.244914"><ele>63.0</ele></trkpt>
      <trkpt lat="47.492788" lon="1.244548"><ele>63.8</ele></trkpt>
      <trkpt lat="47.492671" lon="1.244268"><ele>63.8</ele></trkpt>
      <trkpt lat="47.492670" lon="1.243938"><ele>63.8</ele></trkpt>
      <trkpt lat="47.492699" lon="1.243526"><ele>64.0</ele></trkpt>
      <trkpt lat="47.492781" lon="1.243142"><ele>63.8</ele></trkpt>
      <trkpt lat="47.492926" lon="1.242661"><ele>62.2</ele></trkpt>
      <trkpt lat="47.493106" lon="1.241558"><ele>64.0</ele></trkpt>
      <trkpt lat="47.493303" lon="1.240868"><ele>64.8</ele></trkpt>
      <trkpt lat="47.493286" lon="1.240631"><ele>64.2</ele></trkpt>
      <trkpt lat="47.492715" lon="1.238459"><ele>64.0</ele></trkpt>
      <trkpt lat="47.492141" lon="1.236000"><ele>63.2</ele></trkpt>
      <trkpt lat="47.491892" lon="1.234817"><ele>64.0</ele></trkpt>
      <trkpt lat="47.491799" lon="1.234170"><ele>62.5</ele></trkpt>
      <trkpt lat="47.491753" lon="1.233767"><ele>63.0</ele></trkpt>
      <trkpt lat="47.491622" lon="1.233089"><ele>64.0</ele></trkpt>
      <trkpt lat="47.491052" lon="1.229156"><ele>63.8</ele></trkpt>
      <trkpt lat="47.490964" lon="1.228545"><ele>63.0</ele></trkpt>
      <trkpt lat="47.490857" lon="1.227810"><ele>64.5</ele></trkpt>
      <trkpt lat="47.490756" lon="1.226132"><ele>62.5</ele></trkpt>
      <trkpt lat="47.490682" lon="1.225653"><ele>62.8</ele></trkpt>
      <trkpt lat="47.490610" lon="1.225349"><ele>64.0</ele></trkpt>
      <trkpt lat="47.489955" lon="1.222626"><ele>64.5</ele></trkpt>
      <trkpt lat="47.490245" lon="1.221081"><ele>64.0</ele></trkpt>
      <trkpt lat="47.489915" lon="1.220944"><ele>64.8</ele></trkpt>
      <trkpt lat="47.488784" lon="1.217708"><ele>64.0</ele></trkpt>
      <trkpt lat="47.488633" lon="1.216971"><ele>64.0</ele></trkpt>
      <trkpt lat="47.488517" lon="1.216403"><ele>64.0</ele></trkpt>
      <trkpt lat="47.488401" lon="1.215159"><ele>64.0</ele></trkpt>
      <trkpt lat="47.488099" lon="1.214429"><ele>64.0</ele></trkpt>
      <trkpt lat="47.488940" lon="1.213786"><ele>64.0</ele></trkpt>
      <trkpt lat="47.488229" lon="1.210644"><ele>63.8</ele></trkpt>
      <trkpt lat="47.487781" lon="1.208894"><ele>63.0</ele></trkpt>
      <trkpt lat="47.486717" lon="1.205685"><ele>63.0</ele></trkpt>
      <trkpt lat="47.486065" lon="1.203349"><ele>63.0</ele></trkpt>
      <trkpt lat="47.485763" lon="1.202028"><ele>63.0</ele></trkpt>
      <trkpt lat="47.485060" lon="1.198199"><ele>63.0</ele></trkpt>
      <trkpt lat="47.484897" lon="1.197194"><ele>63.0</ele></trkpt>
      <trkpt lat="47.484640" lon="1.195294"><ele>63.0</ele></trkpt>
      <trkpt lat="47.484479" lon="1.194279"><ele>62.8</ele></trkpt>
      <trkpt lat="47.484497" lon="1.194195"><ele>62.8</ele></trkpt>
      <trkpt lat="47.484377" lon="1.193916"><ele>62.0</ele></trkpt>
      <trkpt lat="47.484151" lon="1.193499"><ele>62.5</ele></trkpt>
      <trkpt lat="47.483967" lon="1.193067"><ele>61.8</ele></trkpt>
      <trkpt lat="47.483870" lon="1.192636"><ele>62.2</ele></trkpt>
      <trkpt lat="47.483533" lon="1.191427"><ele>63.0</ele></trkpt>
      <trkpt lat="47.483402" lon="1.191168"><ele>62.8</ele></trkpt>
      <trkpt lat="47.483282" lon="1.190753"><ele>63.0</ele></trkpt>
      <trkpt lat="47.483131" lon="1.190225"><ele>62.5</ele></trkpt>
      <trkpt lat="47.483008" lon="1.189784"><ele>63.0</ele></trkpt>
      <trkpt lat="47.482846" lon="1.189377"><ele>64.0</ele></trkpt>
      <trkpt lat="47.482723" lon="1.189114"><ele>64.0</ele></trkpt>
      <trkpt lat="47.482568" lon="1.188812"><ele>63.5</ele></trkpt>
      <trkpt lat="47.482406" lon="1.188482"><ele>63.5</ele></trkpt>
      <trkpt lat="47.482219" lon="1.188044"><ele>63.0</ele></trkpt>
      <trkpt lat="47.482066" lon="1.187653"><ele>62.8</ele></trkpt>
      <trkpt lat="47.481938" lon="1.187303"><ele>63.0</ele></trkpt>
      <trkpt lat="47.481753" lon="1.186840"><ele>63.0</ele></trkpt>
      <trkpt lat="47.481428" lon="1.186029"><ele>62.8</ele></trkpt>
      <trkpt lat="47.481040" lon="1.184884"><ele>62.0</ele></trkpt>
      <trkpt lat="47.480976" lon="1.184696"><ele>62.2</ele></trkpt>
      <trkpt lat="47.480707" lon="1.183903"><ele>62.2</ele></trkpt>
      <trkpt lat="47.480473" lon="1.183319"><ele>63.0</ele></trkpt>
      <trkpt lat="47.480444" lon="1.183290"><ele>63.2</ele></trkpt>
      <trkpt lat="47.480425" lon="1.183209"><ele>63.0</ele></trkpt>
      <trkpt lat="47.480369" lon="1.183037"><ele>63.2</ele></trkpt>
      <trkpt lat="47.480269" lon="1.182809"><ele>64.0</ele></trkpt>
      <trkpt lat="47.480241" lon="1.182711"><ele>63.8</ele></trkpt>
      <trkpt lat="47.480211" lon="1.182307"><ele>61.5</ele></trkpt>
      <trkpt lat="47.480179" lon="1.182075"><ele>61.2</ele></trkpt>
      <trkpt lat="47.480163" lon="1.182007"><ele>61.5</ele></trkpt>
      <trkpt lat="47.480021" lon="1.181408"><ele>60.8</ele></trkpt>
      <trkpt lat="47.479842" lon="1.180658"><ele>61.8</ele></trkpt>
      <trkpt lat="47.479685" lon="1.179988"><ele>60.8</ele></trkpt>
      <trkpt lat="47.479372" lon="1.178769"><ele>61.0</ele></trkpt>
      <trkpt lat="47.479240" lon="1.178336"><ele>60.0</ele></trkpt>
      <trkpt lat="47.479189" lon="1.178262"><ele>60.2</ele></trkpt>
      <trkpt lat="47.479148" lon="1.178211"><ele>60.5</ele></trkpt>
      <trkpt lat="47.479136" lon="1.178170"><ele>61.8</ele></trkpt>
      <trkpt lat="47.478992" lon="1.177659"><ele>61.8</ele></trkpt>
      <trkpt lat="47.478718" lon="1.176798"><ele>62.8</ele></trkpt>
      <trkpt lat="47.478700" lon="1.176699"><ele>63.0</ele></trkpt>
      <trkpt lat="47.478716" lon="1.176632"><ele>62.5</ele></trkpt>
      <trkpt lat="47.478720" lon="1.176554"><ele>62.2</ele></trkpt>
      <trkpt lat="47.478713" lon="1.176433"><ele>62.2</ele></trkpt>
      <trkpt lat="47.478658" lon="1.176235"><ele>61.0</ele></trkpt>
      <trkpt lat="47.478620" lon="1.176168"><ele>60.0</ele></trkpt>
      <trkpt lat="47.478537" lon="1.176052"><ele>61.0</ele></trkpt>
      <trkpt lat="47.478375" lon="1.175484"><ele>62.2</ele></trkpt>
      <trkpt lat="47.478139" lon="1.174431"><ele>62.8</ele></trkpt>
      <trkpt lat="47.478026" lon="1.173901"><ele>61.8</ele></trkpt>
      <trkpt lat="47.476999" lon="1.169893"><ele>63.8</ele></trkpt>
      <trkpt lat="47.476600" lon="1.168418"><ele>63.8</ele></trkpt>
      <trkpt lat="47.476314" lon="1.167312"><ele>64.2</ele></trkpt>
      <trkpt lat="47.476288" lon="1.167125"><ele>64.2</ele></trkpt>
      <trkpt lat="47.476209" lon="1.166921"><ele>64.8</ele></trkpt>
      <trkpt lat="47.476138" lon="1.166866"><ele>65.0</ele></trkpt>
      <trkpt lat="47.476099" lon="1.166836"><ele>65.2</ele></trkpt>
      <trkpt lat="47.476059" lon="1.166820"><ele>66.0</ele></trkpt>
      <trkpt lat="47.476006" lon="1.166798"><ele>66.8</ele></trkpt>
      <trkpt lat="47.475966" lon="1.166626"><ele>65.2</ele></trkpt>
      <trkpt lat="47.475853" lon="1.166519"><ele>65.5</ele></trkpt>
      <trkpt lat="47.475837" lon="1.166396"><ele>65.0</ele></trkpt>
      <trkpt lat="47.475745" lon="1.166298"><ele>65.0</ele></trkpt>
      <trkpt lat="47.475636" lon="1.166157"><ele>65.0</ele></trkpt>
      <trkpt lat="47.475341" lon="1.165615"><ele>67.0</ele></trkpt>
      <trkpt lat="47.475019" lon="1.164999"><ele>72.5</ele></trkpt>
      <trkpt lat="47.474613" lon="1.163879"><ele>80.5</ele></trkpt>
      <trkpt lat="47.474557" lon="1.163793"><ele>81.5</ele></trkpt>
      <trkpt lat="47.474495" lon="1.163770"><ele>82.5</ele></trkpt>
      <trkpt lat="47.474409" lon="1.163799"><ele>83.5</ele></trkpt>
      <trkpt lat="47.473875" lon="1.164190"><ele>86.0</ele></trkpt>
      <trkpt lat="47.473797" lon="1.164217"><ele>86.2</ele></trkpt>
      <trkpt lat="47.473717" lon="1.164193"><ele>87.0</ele></trkpt>
      <trkpt lat="47.473663" lon="1.164097"><ele>87.8</ele></trkpt>
      <trkpt lat="47.473226" lon="1.162841"><ele>93.0</ele></trkpt>
      <trkpt lat="47.473107" lon="1.162466"><ele>94.0</ele></trkpt>
      <trkpt lat="47.472985" lon="1.162226"><ele>94.8</ele></trkpt>
      <trkpt lat="47.472779" lon="1.161967"><ele>95.0</ele></trkpt>
      <trkpt lat="47.472507" lon="1.161667"><ele>95.8</ele></trkpt>
      <trkpt lat="47.472430" lon="1.161642"><ele>96.0</ele></trkpt>
      <trkpt lat="47.472377" lon="1.161498"><ele>96.0</ele></trkpt>
      <trkpt lat="47.471628" lon="1.160144"><ele>97.0</ele></trkpt>
      <trkpt lat="47.470645" lon="1.158305"><ele>96.5</ele></trkpt>
      <trkpt lat="47.470473" lon="1.157830"><ele>95.2</ele></trkpt>
      <trkpt lat="47.469968" lon="1.156324"><ele>93.0</ele></trkpt>
      <trkpt lat="47.469900" lon="1.156134"><ele>93.2</ele></trkpt>
      <trkpt lat="47.469672" lon="1.155576"><ele>92.2</ele></trkpt>
      <trkpt lat="47.469523" lon="1.155177"><ele>92.0</ele></trkpt>
      <trkpt lat="47.469274" lon="1.154574"><ele>92.5</ele></trkpt>
      <trkpt lat="47.469215" lon="1.154406"><ele>92.8</ele></trkpt>
      <trkpt lat="47.469156" lon="1.154159"><ele>93.0</ele></trkpt>
      <trkpt lat="47.469068" lon="1.153707"><ele>94.0</ele></trkpt>
      <trkpt lat="47.469009" lon="1.153345"><ele>94.5</ele></trkpt>
      <trkpt lat="47.468985" lon="1.152958"><ele>94.5</ele></trkpt>
      <trkpt lat="47.468963" lon="1.152437"><ele>93.8</ele></trkpt>
      <trkpt lat="47.468758" lon="1.152459"><ele>94.2</ele></trkpt>
      <trkpt lat="47.468570" lon="1.152452"><ele>94.8</ele></trkpt>
      <trkpt lat="47.468237" lon="1.152403"><ele>95.0</ele></trkpt>
      <trkpt lat="47.468181" lon="1.152378"><ele>95.0</ele></trkpt>
      <trkpt lat="47.468148" lon="1.152348"><ele>95.0</ele></trkpt>
      <trkpt lat="47.468180" lon="1.152268"><ele>95.0</ele></trkpt>
      <trkpt lat="47.468198" lon="1.152140"><ele>94.5</ele></trkpt>
      <trkpt lat="47.468196" lon="1.152017"><ele>94.2</ele></trkpt>
      <trkpt lat="47.468169" lon="1.151577"><ele>93.8</ele></trkpt>
      <trkpt lat="47.468164" lon="1.151341"><ele>93.5</ele></trkpt>
      <trkpt lat="47.468142" lon="1.151086"><ele>93.5</ele></trkpt>
      <trkpt lat="47.468100" lon="1.149980"><ele>94.8</ele></trkpt>
      <trkpt lat="47.468105" lon="1.149846"><ele>94.8</ele></trkpt>
      <trkpt lat="47.468117" lon="1.149735"><ele>94.8</ele></trkpt>
      <trkpt lat="47.468200" lon="1.149309"><ele>94.2</ele></trkpt>
      <trkpt lat="47.468209" lon="1.149107"><ele>94.2</ele></trkpt>
      <trkpt lat="47.468206" lon="1.149002"><ele>94.2</ele></trkpt>
      <trkpt lat="47.468194" lon="1.148897"><ele>94.5</ele></trkpt>
      <trkpt lat="47.468169" lon="1.148761"><ele>94.2</ele></trkpt>
      <trkpt lat="47.468084" lon="1.148404"><ele>94.0</ele></trkpt>
      <trkpt lat="47.467658" lon="1.146956"><ele>92.0</ele></trkpt>
      <trkpt lat="47.467601" lon="1.146598"><ele>91.0</ele></trkpt>
      <trkpt lat="47.467564" lon="1.146094"><ele>89.8</ele></trkpt>
      <trkpt lat="47.467536" lon="1.145007"><ele>88.0</ele></trkpt>
      <trkpt lat="47.467518" lon="1.144810"><ele>87.8</ele></trkpt>
      <trkpt lat="47.467409" lon="1.144067"><ele>87.0</ele></trkpt>
      <trkpt lat="47.467384" lon="1.143938"><ele>87.0</ele></trkpt>
      <trkpt lat="47.467336" lon="1.143736"><ele>86.2</ele></trkpt>
      <trkpt lat="47.467267" lon="1.143557"><ele>85.8</ele></trkpt>
      <trkpt lat="47.467012" lon="1.143039"><ele>85.5</ele></trkpt>
      <trkpt lat="47.466951" lon="1.142876"><ele>85.8</ele></trkpt>
      <trkpt lat="47.466906" lon="1.142727"><ele>86.0</ele></trkpt>
      <trkpt lat="47.466876" lon="1.142553"><ele>86.0</ele></trkpt>
      <trkpt lat="47.466879" lon="1.142384"><ele>86.0</ele></trkpt>
      <trkpt lat="47.466896" lon="1.142254"><ele>86.0</ele></trkpt>
      <trkpt lat="47.466991" lon="1.141759"><ele>85.0</ele></trkpt>
      <trkpt lat="47.467005" lon="1.141532"><ele>84.8</ele></trkpt>
      <trkpt lat="47.466974" lon="1.141205"><ele>84.0</ele></trkpt>
      <trkpt lat="47.466867" lon="1.140567"><ele>82.2</ele></trkpt>
      <trkpt lat="47.466797" lon="1.140209"><ele>81.8</ele></trkpt>
      <trkpt lat="47.466719" lon="1.139816"><ele>82.2</ele></trkpt>
      <trkpt lat="47.466664" lon="1.139630"><ele>83.0</ele></trkpt>
      <trkpt lat="47.466566" lon="1.139435"><ele>83.2</ele></trkpt>
      <trkpt lat="47.466464" lon="1.139319"><ele>83.5</ele></trkpt>
      <trkpt lat="47.466116" lon="1.138976"><ele>83.8</ele></trkpt>
      <trkpt lat="47.465939" lon="1.138726"><ele>83.8</ele></trkpt>
      <trkpt lat="47.465849" lon="1.138559"><ele>83.8</ele></trkpt>
      <trkpt lat="47.465823" lon="1.138510"><ele>83.5</ele></trkpt>
      <trkpt lat="47.465956" lon="1.138329"><ele>82.5</ele></trkpt>
      <trkpt lat="47.466165" lon="1.138186"><ele>81.2</ele></trkpt>
      <trkpt lat="47.466353" lon="1.138104"><ele>81.0</ele></trkpt>
      <trkpt lat="47.466603" lon="1.138024"><ele>80.8</ele></trkpt>
      <trkpt lat="47.466682" lon="1.137958"><ele>80.5</ele></trkpt>
      <trkpt lat="47.466745" lon="1.137871"><ele>79.8</ele></trkpt>
      <trkpt lat="47.466777" lon="1.137801"><ele>79.2</ele></trkpt>
      <trkpt lat="47.466796" lon="1.137740"><ele>78.8</ele></trkpt>
      <trkpt lat="47.466805" lon="1.137642"><ele>78.2</ele></trkpt>
      <trkpt lat="47.466808" lon="1.137431"><ele>77.0</ele></trkpt>
      <trkpt lat="47.466782" lon="1.136992"><ele>75.0</ele></trkpt>
      <trkpt lat="47.466756" lon="1.136813"><ele>74.0</ele></trkpt>
      <trkpt lat="47.466725" lon="1.136665"><ele>73.5</ele></trkpt>
      <trkpt lat="47.466688" lon="1.136542"><ele>72.2</ele></trkpt>
      <trkpt lat="47.466605" lon="1.136377"><ele>71.2</ele></trkpt>
      <trkpt lat="47.466544" lon="1.136273"><ele>70.0</ele></trkpt>
      <trkpt lat="47.466485" lon="1.136178"><ele>69.2</ele></trkpt>
      <trkpt lat="47.466475" lon="1.136130"><ele>68.5</ele></trkpt>
      <trkpt lat="47.466491" lon="1.135915"><ele>66.0</ele></trkpt>
      <trkpt lat="47.466523" lon="1.135691"><ele>64.2</ele></trkpt>
      <trkpt lat="47.466550" lon="1.135566"><ele>63.2</ele></trkpt>
      <trkpt lat="47.466571" lon="1.135477"><ele>63.2</ele></trkpt>
      <trkpt lat="47.466711" lon="1.134961"><ele>63.0</ele></trkpt>
      <trkpt lat="47.466720" lon="1.134927"><ele>63.0</ele></trkpt>
      <trkpt lat="47.466765" lon="1.134940"><ele>63.0</ele></trkpt>
      <trkpt lat="47.466893" lon="1.134948"><ele>63.0</ele></trkpt>
      <trkpt lat="47.466941" lon="1.134930"><ele>63.0</ele></trkpt>
      <trkpt lat="47.467002" lon="1.135016"><ele>62.8</ele></trkpt>
      <trkpt lat="47.467061" lon="1.135100"><ele>62.5</ele></trkpt>
      <trkpt lat="47.467213" lon="1.135256"><ele>62.8</ele></trkpt>
      <trkpt lat="47.467290" lon="1.135359"><ele>63.0</ele></trkpt>
      <trkpt lat="47.467313" lon="1.135339"><ele>63.0</ele></trkpt>
      <trkpt lat="47.467354" lon="1.135352"><ele>63.0</ele></trkpt>
      <trkpt lat="47.467408" lon="1.135386"><ele>63.0</ele></trkpt>
      <trkpt lat="47.467622" lon="1.135537"><ele>62.5</ele></trkpt>
      <trkpt lat="47.468330" lon="1.134198"><ele>61.8</ele></trkpt>
      <trkpt lat="47.468344" lon="1.134154"><ele>61.8</ele></trkpt>
      <trkpt lat="47.468351" lon="1.134057"><ele>61.8</ele></trkpt>
      <trkpt lat="47.468348" lon="1.133867"><ele>61.8</ele></trkpt>
      <trkpt lat="47.468282" lon="1.132902"><ele>61.0</ele></trkpt>
      <trkpt lat="47.468240" lon="1.132589"><ele>61.0</ele></trkpt>
      <trkpt lat="47.468188" lon="1.132296"><ele>61.2</ele></trkpt>
      <trkpt lat="47.467977" lon="1.131442"><ele>61.2</ele></trkpt>
      <trkpt lat="47.467809" lon="1.130521"><ele>61.8</ele></trkpt>
      <trkpt lat="47.467809" lon="1.130454"><ele>61.8</ele></trkpt>
      <trkpt lat="47.468044" lon="1.127768"><ele>61.0</ele></trkpt>
      <trkpt lat="47.468054" lon="1.127598"><ele>61.0</ele></trkpt>
      <trkpt lat="47.468041" lon="1.127438"><ele>60.5</ele></trkpt>
      <trkpt lat="47.468003" lon="1.127292"><ele>59.8</ele></trkpt>
      <trkpt lat="47.467925" lon="1.127147"><ele>60.0</ele></trkpt>
      <trkpt lat="47.467855" lon="1.126965"><ele>60.5</ele></trkpt>
      <trkpt lat="47.467702" lon="1.126454"><ele>60.8</ele></trkpt>
      <trkpt lat="47.467635" lon="1.126245"><ele>60.2</ele></trkpt>
      <trkpt lat="47.467448" lon="1.125543"><ele>59.5</ele></trkpt>
      <trkpt lat="47.467313" lon="1.124864"><ele>60.0</ele></trkpt>
      <trkpt lat="47.466806" lon="1.123304"><ele>59.5</ele></trkpt>
      <trkpt lat="47.466372" lon="1.121773"><ele>61.2</ele></trkpt>
      <trkpt lat="47.465630" lon="1.119084"><ele>60.5</ele></trkpt>
      <trkpt lat="47.465408" lon="1.118185"><ele>60.5</ele></trkpt>
      <trkpt lat="47.465247" lon="1.117532"><ele>61.0</ele></trkpt>
      <trkpt lat="47.464842" lon="1.115586"><ele>60.0</ele></trkpt>
      <trkpt lat="47.464361" lon="1.113408"><ele>60.2</ele></trkpt>
      <trkpt lat="47.464346" lon="1.113340"><ele>60.2</ele></trkpt>
      <trkpt lat="47.464255" lon="1.112807"><ele>60.5</ele></trkpt>
      <trkpt lat="47.464199" lon="1.112275"><ele>59.8</ele></trkpt>
      <trkpt lat="47.463813" lon="1.110103"><ele>61.0</ele></trkpt>
      <trkpt lat="47.463436" lon="1.107542"><ele>59.8</ele></trkpt>
      <trkpt lat="47.462721" lon="1.103565"><ele>60.0</ele></trkpt>
      <trkpt lat="47.462562" lon="1.102676"><ele>59.2</ele></trkpt>
      <trkpt lat="47.462471" lon="1.101357"><ele>60.0</ele></trkpt>
      <trkpt lat="47.462448" lon="1.100078"><ele>59.8</ele></trkpt>
      <trkpt lat="47.462545" lon="1.099550"><ele>60.5</ele></trkpt>
      <trkpt lat="47.462581" lon="1.099193"><ele>60.5</ele></trkpt>
      <trkpt lat="47.462533" lon="1.098823"><ele>61.2</ele></trkpt>
      <trkpt lat="47.462516" lon="1.098130"><ele>61.5</ele></trkpt>
      <trkpt lat="47.462500" lon="1.097961"><ele>61.5</ele></trkpt>
      <trkpt lat="47.462394" lon="1.097555"><ele>60.2</ele></trkpt>
      <trkpt lat="47.462317" lon="1.097431"><ele>60.8</ele></trkpt>
      <trkpt lat="47.462310" lon="1.097351"><ele>60.8</ele></trkpt>
      <trkpt lat="47.462074" lon="1.096497"><ele>60.8</ele></trkpt>
      <trkpt lat="47.461791" lon="1.095468"><ele>61.2</ele></trkpt>
      <trkpt lat="47.461672" lon="1.095033"><ele>60.8</ele></trkpt>
      <trkpt lat="47.461408" lon="1.094001"><ele>60.8</ele></trkpt>
      <trkpt lat="47.461211" lon="1.093096"><ele>60.0</ele></trkpt>
      <trkpt lat="47.459614" lon="1.093918"><ele>61.0</ele></trkpt>
      <trkpt lat="47.458774" lon="1.094348"><ele>61.0</ele></trkpt>
      <trkpt lat="47.458016" lon="1.094759"><ele>60.0</ele></trkpt>
      <trkpt lat="47.458572" lon="1.097032"><ele>60.0</ele></trkpt>
      <trkpt lat="47.458048" lon="1.097347"><ele>60.0</ele></trkpt>
      <trkpt lat="47.457566" lon="1.097567"><ele>59.8</ele></trkpt>
      <trkpt lat="47.457454" lon="1.097628"><ele>59.5</ele></trkpt>
      <trkpt lat="47.456553" lon="1.098458"><ele>61.5</ele></trkpt>
      <trkpt lat="47.456025" lon="1.098837"><ele>63.0</ele></trkpt>
      <trkpt lat="47.455844" lon="1.098922"><ele>63.8</ele></trkpt>
      <trkpt lat="47.455612" lon="1.099121"><ele>63.5</ele></trkpt>
      <trkpt lat="47.455580" lon="1.099179"><ele>63.8</ele></trkpt>
      <trkpt lat="47.455538" lon="1.099284"><ele>64.0</ele></trkpt>
      <trkpt lat="47.455374" lon="1.099479"><ele>64.5</ele></trkpt>
      <trkpt lat="47.455276" lon="1.099473"><ele>65.0</ele></trkpt>
      <trkpt lat="47.455252" lon="1.099782"><ele>65.0</ele></trkpt>
      <trkpt lat="47.455218" lon="1.099780"><ele>65.2</ele></trkpt>
      <trkpt lat="47.455062" lon="1.099748"><ele>65.8</ele></trkpt>
      <trkpt lat="47.455024" lon="1.099669"><ele>65.8</ele></trkpt>
      <trkpt lat="47.454728" lon="1.099464"><ele>66.8</ele></trkpt>
      <trkpt lat="47.454567" lon="1.099271"><ele>67.5</ele></trkpt>
      <trkpt lat="47.454440" lon="1.099092"><ele>68.0</ele></trkpt>
      <trkpt lat="47.454211" lon="1.098881"><ele>70.5</ele></trkpt>
      <trkpt lat="47.454088" lon="1.098768"><ele>72.8</ele></trkpt>
      <trkpt lat="47.453878" lon="1.098547"><ele>78.0</ele></trkpt>
      <trkpt lat="47.453581" lon="1.098215"><ele>84.2</ele></trkpt>
      <trkpt lat="47.453528" lon="1.098084"><ele>85.0</ele></trkpt>
      <trkpt lat="47.453425" lon="1.097520"><ele>87.5</ele></trkpt>
      <trkpt lat="47.453355" lon="1.097282"><ele>89.2</ele></trkpt>
      <trkpt lat="47.453084" lon="1.096629"><ele>94.2</ele></trkpt>
      <trkpt lat="47.453047" lon="1.096603"><ele>95.0</ele></trkpt>
      <trkpt lat="47.452957" lon="1.096607"><ele>96.0</ele></trkpt>
      <trkpt lat="47.452778" lon="1.096644"><ele>97.8</ele></trkpt>
      <trkpt lat="47.452570" lon="1.096703"><ele>99.2</ele></trkpt>
      <trkpt lat="47.452134" lon="1.096835"><ele>100.5</ele></trkpt>
      <trkpt lat="47.451951" lon="1.096921"><ele>101.0</ele></trkpt>
      <trkpt lat="47.451877" lon="1.096968"><ele>100.8</ele></trkpt>
      <trkpt lat="47.451823" lon="1.097002"><ele>100.5</ele></trkpt>
      <trkpt lat="47.451594" lon="1.097156"><ele>100.5</ele></trkpt>
      <trkpt lat="47.451028" lon="1.097587"><ele>102.2</ele></trkpt>
      <trkpt lat="47.450746" lon="1.097772"><ele>103.2</ele></trkpt>
      <trkpt lat="47.450428" lon="1.097966"><ele>103.5</ele></trkpt>
      <trkpt lat="47.449525" lon="1.098436"><ele>105.0</ele></trkpt>
      <trkpt lat="47.448259" lon="1.099159"><ele>106.0</ele></trkpt>
      <trkpt lat="47.448111" lon="1.099220"><ele>106.0</ele></trkpt>
      <trkpt lat="47.447933" lon="1.099281"><ele>106.0</ele></trkpt>
      <trkpt lat="47.447776" lon="1.099321"><ele>106.0</ele></trkpt>
      <trkpt lat="47.447422" lon="1.099366"><ele>106.2</ele></trkpt>
      <trkpt lat="47.446870" lon="1.099387"><ele>107.0</ele></trkpt>
      <trkpt lat="47.446670" lon="1.099404"><ele>107.0</ele></trkpt>
      <trkpt lat="47.446088" lon="1.099499"><ele>107.0</ele></trkpt>
      <trkpt lat="47.445918" lon="1.099538"><ele>107.0</ele></trkpt>
      <trkpt lat="47.444439" lon="1.099963"><ele>108.0</ele></trkpt>
      <trkpt lat="47.444375" lon="1.099591"><ele>108.0</ele></trkpt>
      <trkpt lat="47.444091" lon="1.098518"><ele>108.0</ele></trkpt>
      <trkpt lat="47.443851" lon="1.097306"><ele>108.2</ele></trkpt>
      <trkpt lat="47.443735" lon="1.096801"><ele>108.5</ele></trkpt>
      <trkpt lat="47.443608" lon="1.096319"><ele>109.0</ele></trkpt>
      <trkpt lat="47.443437" lon="1.095743"><ele>109.0</ele></trkpt>
      <trkpt lat="47.443280" lon="1.095273"><ele>108.8</ele></trkpt>
      <trkpt lat="47.443164" lon="1.094983"><ele>109.0</ele></trkpt>
      <trkpt lat="47.443066" lon="1.094767"><ele>109.0</ele></trkpt>
      <trkpt lat="47.442574" lon="1.093831"><ele>108.0</ele></trkpt>
      <trkpt lat="47.442554" lon="1.093793"><ele>108.0</ele></trkpt>
      <trkpt lat="47.442448" lon="1.093489"><ele>108.0</ele></trkpt>
      <trkpt lat="47.442234" lon="1.092587"><ele>107.8</ele></trkpt>
      <trkpt lat="47.442108" lon="1.091872"><ele>107.2</ele></trkpt>
      <trkpt lat="47.442073" lon="1.091601"><ele>107.0</ele></trkpt>
      <trkpt lat="47.442063" lon="1.091377"><ele>107.0</ele></trkpt>
      <trkpt lat="47.442069" lon="1.090918"><ele>107.0</ele></trkpt>
      <trkpt lat="47.442060" lon="1.090699"><ele>107.2</ele></trkpt>
      <trkpt lat="47.442005" lon="1.090397"><ele>107.8</ele></trkpt>
      <trkpt lat="47.441982" lon="1.090338"><ele>107.8</ele></trkpt>
      <trkpt lat="47.441577" lon="1.089410"><ele>108.0</ele></trkpt>
      <trkpt lat="47.441342" lon="1.088937"><ele>108.0</ele></trkpt>
      <trkpt lat="47.441231" lon="1.088743"><ele>108.8</ele></trkpt>
      <trkpt lat="47.441150" lon="1.088575"><ele>109.0</ele></trkpt>
      <trkpt lat="47.441105" lon="1.088458"><ele>109.0</ele></trkpt>
      <trkpt lat="47.441075" lon="1.088357"><ele>109.0</ele></trkpt>
      <trkpt lat="47.441036" lon="1.088121"><ele>109.0</ele></trkpt>
      <trkpt lat="47.441036" lon="1.088004"><ele>108.8</ele></trkpt>
      <trkpt lat="47.440996" lon="1.087838"><ele>109.0</ele></trkpt>
      <trkpt lat="47.440946" lon="1.087574"><ele>109.0</ele></trkpt>
      <trkpt lat="47.440923" lon="1.087480"><ele>109.0</ele></trkpt>
      <trkpt lat="47.440886" lon="1.087392"><ele>109.0</ele></trkpt>
      <trkpt lat="47.440848" lon="1.087297"><ele>109.0</ele></trkpt>
      <trkpt lat="47.440732" lon="1.087082"><ele>109.0</ele></trkpt>
      <trkpt lat="47.440502" lon="1.086779"><ele>109.2</ele></trkpt>
      <trkpt lat="47.440174" lon="1.086461"><ele>109.0</ele></trkpt>
      <trkpt lat="47.439603" lon="1.086000"><ele>109.0</ele></trkpt>
      <trkpt lat="47.439439" lon="1.085833"><ele>108.8</ele></trkpt>
      <trkpt lat="47.439277" lon="1.085648"><ele>108.0</ele></trkpt>
      <trkpt lat="47.439090" lon="1.085401"><ele>108.0</ele></trkpt>
      <trkpt lat="47.438931" lon="1.085155"><ele>107.5</ele></trkpt>
      <trkpt lat="47.438740" lon="1.084820"><ele>106.2</ele></trkpt>
      <trkpt lat="47.438563" lon="1.084486"><ele>106.0</ele></trkpt>
      <trkpt lat="47.438370" lon="1.084150"><ele>106.0</ele></trkpt>
      <trkpt lat="47.438177" lon="1.083845"><ele>106.0</ele></trkpt>
      <trkpt lat="47.437972" lon="1.083516"><ele>105.8</ele></trkpt>
      <trkpt lat="47.437838" lon="1.083256"><ele>105.8</ele></trkpt>
      <trkpt lat="47.437733" lon="1.082994"><ele>105.0</ele></trkpt>
      <trkpt lat="47.437694" lon="1.082872"><ele>105.2</ele></trkpt>
      <trkpt lat="47.437670" lon="1.082709"><ele>105.5</ele></trkpt>
      <trkpt lat="47.437669" lon="1.082617"><ele>105.2</ele></trkpt>
      <trkpt lat="47.437679" lon="1.082511"><ele>105.2</ele></trkpt>
      <trkpt lat="47.437712" lon="1.082323"><ele>105.5</ele></trkpt>
      <trkpt lat="47.437743" lon="1.082182"><ele>105.5</ele></trkpt>
      <trkpt lat="47.437823" lon="1.081884"><ele>104.8</ele></trkpt>
      <trkpt lat="47.437899" lon="1.081637"><ele>104.2</ele></trkpt>
      <trkpt lat="47.437927" lon="1.081541"><ele>104.0</ele></trkpt>
      <trkpt lat="47.437950" lon="1.081415"><ele>103.5</ele></trkpt>
      <trkpt lat="47.437957" lon="1.081335"><ele>103.2</ele></trkpt>
      <trkpt lat="47.437929" lon="1.080763"><ele>101.5</ele></trkpt>
      <trkpt lat="47.437929" lon="1.080625"><ele>101.0</ele></trkpt>
      <trkpt lat="47.437936" lon="1.080521"><ele>101.0</ele></trkpt>
      <trkpt lat="47.437963" lon="1.080350"><ele>101.0</ele></trkpt>
      <trkpt lat="47.438090" lon="1.079894"><ele>101.8</ele></trkpt>
      <trkpt lat="47.438153" lon="1.079634"><ele>101.2</ele></trkpt>
      <trkpt lat="47.438195" lon="1.079392"><ele>101.0</ele></trkpt>
      <trkpt lat="47.438221" lon="1.079188"><ele>101.2</ele></trkpt>
      <trkpt lat="47.438226" lon="1.078998"><ele>101.5</ele></trkpt>
      <trkpt lat="47.438222" lon="1.078807"><ele>102.0</ele></trkpt>
      <trkpt lat="47.438202" lon="1.078630"><ele>102.8</ele></trkpt>
      <trkpt lat="47.438092" lon="1.078114"><ele>104.5</ele></trkpt>
      <trkpt lat="47.437988" lon="1.077375"><ele>105.5</ele></trkpt>
      <trkpt lat="47.437883" lon="1.076874"><ele>105.2</ele></trkpt>
      <trkpt lat="47.437856" lon="1.076702"><ele>105.0</ele></trkpt>
      <trkpt lat="47.437848" lon="1.076551"><ele>104.8</ele></trkpt>
      <trkpt lat="47.437996" lon="1.074629"><ele>97.0</ele></trkpt>
      <trkpt lat="47.438004" lon="1.074519"><ele>96.8</ele></trkpt>
      <trkpt lat="47.438005" lon="1.074512"><ele>96.8</ele></trkpt>
      <trkpt lat="47.438009" lon="1.074457"><ele>96.8</ele></trkpt>
      <trkpt lat="47.437923" lon="1.072948"><ele>100.5</ele></trkpt>
      <trkpt lat="47.437913" lon="1.072513"><ele>101.8</ele></trkpt>
      <trkpt lat="47.437937" lon="1.071773"><ele>103.8</ele></trkpt>
      <trkpt lat="47.437969" lon="1.071628"><ele>104.0</ele></trkpt>
      <trkpt lat="47.438005" lon="1.071504"><ele>104.5</ele></trkpt>
      <trkpt lat="47.438192" lon="1.071160"><ele>105.8</ele></trkpt>
      <trkpt lat="47.438212" lon="1.071071"><ele>106.0</ele></trkpt>
      <trkpt lat="47.438222" lon="1.070983"><ele>106.0</ele></trkpt>
      <trkpt lat="47.438223" lon="1.070861"><ele>106.0</ele></trkpt>
      <trkpt lat="47.438218" lon="1.070759"><ele>106.0</ele></trkpt>
      <trkpt lat="47.438195" lon="1.070607"><ele>106.0</ele></trkpt>
      <trkpt lat="47.438062" lon="1.069939"><ele>107.0</ele></trkpt>
      <trkpt lat="47.437973" lon="1.069528"><ele>107.0</ele></trkpt>
      <trkpt lat="47.437660" lon="1.068159"><ele>108.8</ele></trkpt>
      <trkpt lat="47.437581" lon="1.067731"><ele>108.8</ele></trkpt>
      <trkpt lat="47.437501" lon="1.067251"><ele>109.8</ele></trkpt>
      <trkpt lat="47.437382" lon="1.066411"><ele>109.5</ele></trkpt>
      <trkpt lat="47.437361" lon="1.066219"><ele>109.8</ele></trkpt>
      <trkpt lat="47.437228" lon="1.064360"><ele>110.5</ele></trkpt>
      <trkpt lat="47.437249" lon="1.063977"><ele>109.2</ele></trkpt>
      <trkpt lat="47.437278" lon="1.063747"><ele>109.0</ele></trkpt>
      <trkpt lat="47.437363" lon="1.063280"><ele>108.8</ele></trkpt>
      <trkpt lat="47.437391" lon="1.063097"><ele>108.8</ele></trkpt>
      <trkpt lat="47.437410" lon="1.062924"><ele>108.8</ele></trkpt>
      <trkpt lat="47.437420" lon="1.062759"><ele>109.2</ele></trkpt>
      <trkpt lat="47.437413" lon="1.062515"><ele>109.0</ele></trkpt>
      <trkpt lat="47.437404" lon="1.062426"><ele>109.0</ele></trkpt>
      <trkpt lat="47.437390" lon="1.062324"><ele>109.0</ele></trkpt>
      <trkpt lat="47.437327" lon="1.062019"><ele>109.0</ele></trkpt>
      <trkpt lat="47.437221" lon="1.061563"><ele>108.5</ele></trkpt>
      <trkpt lat="47.437188" lon="1.061387"><ele>108.0</ele></trkpt>
      <trkpt lat="47.437165" lon="1.061267"><ele>108.5</ele></trkpt>
      <trkpt lat="47.437142" lon="1.061023"><ele>108.8</ele></trkpt>
      <trkpt lat="47.437130" lon="1.060764"><ele>108.0</ele></trkpt>
      <trkpt lat="47.437113" lon="1.060379"><ele>107.5</ele></trkpt>
      <trkpt lat="47.437075" lon="1.059985"><ele>106.8</ele></trkpt>
      <trkpt lat="47.437000" lon="1.059563"><ele>106.2</ele></trkpt>
      <trkpt lat="47.436762" lon="1.058562"><ele>105.5</ele></trkpt>
      <trkpt lat="47.436751" lon="1.058488"><ele>105.2</ele></trkpt>
      <trkpt lat="47.436618" lon="1.057978"><ele>103.8</ele></trkpt>
      <trkpt lat="47.436161" lon="1.056658"><ele>99.8</ele></trkpt>
      <trkpt lat="47.435853" lon="1.055703"><ele>100.0</ele></trkpt>
      <trkpt lat="47.435806" lon="1.055615"><ele>100.0</ele></trkpt>
      <trkpt lat="47.435684" lon="1.055427"><ele>100.8</ele></trkpt>
      <trkpt lat="47.435610" lon="1.055299"><ele>100.8</ele></trkpt>
      <trkpt lat="47.435471" lon="1.054895"><ele>101.8</ele></trkpt>
      <trkpt lat="47.435445" lon="1.054810"><ele>102.0</ele></trkpt>
      <trkpt lat="47.435400" lon="1.054617"><ele>102.5</ele></trkpt>
      <trkpt lat="47.435321" lon="1.054187"><ele>103.0</ele></trkpt>
      <trkpt lat="47.435161" lon="1.053115"><ele>104.2</ele></trkpt>
      <trkpt lat="47.435114" lon="1.052973"><ele>104.5</ele></trkpt>
      <trkpt lat="47.435055" lon="1.052788"><ele>104.8</ele></trkpt>
      <trkpt lat="47.434941" lon="1.052520"><ele>105.0</ele></trkpt>
      <trkpt lat="47.434624" lon="1.051883"><ele>104.0</ele></trkpt>
      <trkpt lat="47.434419" lon="1.051369"><ele>103.0</ele></trkpt>
      <trkpt lat="47.434105" lon="1.050406"><ele>100.5</ele></trkpt>
      <trkpt lat="47.433894" lon="1.049765"><ele>99.8</ele></trkpt>
      <trkpt lat="47.433482" lon="1.048597"><ele>102.2</ele></trkpt>
      <trkpt lat="47.433210" lon="1.047766"><ele>102.8</ele></trkpt>
      <trkpt lat="47.432827" lon="1.046659"><ele>103.2</ele></trkpt>
      <trkpt lat="47.431572" lon="1.045914"><ele>107.0</ele></trkpt>
      <trkpt lat="47.430980" lon="1.045589"><ele>107.0</ele></trkpt>
      <trkpt lat="47.430710" lon="1.045278"><ele>107.0</ele></trkpt>
      <trkpt lat="47.430568" lon="1.044949"><ele>107.0</ele></trkpt>
      <trkpt lat="47.430446" lon="1.044631"><ele>106.8</ele></trkpt>
      <trkpt lat="47.430441" lon="1.044619"><ele>106.8</ele></trkpt>
      <trkpt lat="47.430320" lon="1.044377"><ele>106.0</ele></trkpt>
      <trkpt lat="47.430196" lon="1.044223"><ele>106.0</ele></trkpt>
      <trkpt lat="47.430052" lon="1.044118"><ele>106.0</ele></trkpt>
      <trkpt lat="47.429857" lon="1.044047"><ele>106.0</ele></trkpt>
      <trkpt lat="47.428821" lon="1.043796"><ele>102.5</ele></trkpt>
      <trkpt lat="47.428713" lon="1.043756"><ele>102.5</ele></trkpt>
      <trkpt lat="47.428555" lon="1.043648"><ele>102.2</ele></trkpt>
      <trkpt lat="47.428459" lon="1.043554"><ele>102.5</ele></trkpt>
      <trkpt lat="47.428375" lon="1.043447"><ele>102.8</ele></trkpt>
      <trkpt lat="47.428084" lon="1.042983"><ele>102.5</ele></trkpt>
      <trkpt lat="47.427677" lon="1.042282"><ele>102.2</ele></trkpt>
      <trkpt lat="47.427520" lon="1.041999"><ele>102.0</ele></trkpt>
      <trkpt lat="47.427413" lon="1.041737"><ele>101.8</ele></trkpt>
      <trkpt lat="47.427324" lon="1.041414"><ele>101.5</ele></trkpt>
      <trkpt lat="47.427316" lon="1.041337"><ele>101.5</ele></trkpt>
      <trkpt lat="47.427287" lon="1.041053"><ele>102.0</ele></trkpt>
      <trkpt lat="47.427261" lon="1.040924"><ele>102.0</ele></trkpt>
      <trkpt lat="47.427198" lon="1.040688"><ele>102.5</ele></trkpt>
      <trkpt lat="47.427143" lon="1.040564"><ele>102.8</ele></trkpt>
      <trkpt lat="47.427036" lon="1.040382"><ele>103.0</ele></trkpt>
      <trkpt lat="47.426949" lon="1.040256"><ele>103.0</ele></trkpt>
      <trkpt lat="47.426782" lon="1.040081"><ele>103.8</ele></trkpt>
      <trkpt lat="47.426525" lon="1.039810"><ele>104.0</ele></trkpt>
      <trkpt lat="47.426224" lon="1.039380"><ele>104.0</ele></trkpt>
      <trkpt lat="47.425753" lon="1.038803"><ele>104.0</ele></trkpt>
      <trkpt lat="47.425564" lon="1.038504"><ele>104.0</ele></trkpt>
      <trkpt lat="47.425322" lon="1.038078"><ele>104.0</ele></trkpt>
      <trkpt lat="47.424964" lon="1.037770"><ele>102.8</ele></trkpt>
      <trkpt lat="47.424703" lon="1.037472"><ele>101.8</ele></trkpt>
      <trkpt lat="47.424390" lon="1.037046"><ele>100.2</ele></trkpt>
      <trkpt lat="47.423879" lon="1.036403"><ele>100.0</ele></trkpt>
      <trkpt lat="47.423731" lon="1.036169"><ele>100.0</ele></trkpt>
      <trkpt lat="47.423649" lon="1.035996"><ele>99.8</ele></trkpt>
      <trkpt lat="47.423555" lon="1.035754"><ele>99.8</ele></trkpt>
      <trkpt lat="47.423480" lon="1.035469"><ele>99.0</ele></trkpt>
      <trkpt lat="47.423335" lon="1.034603"><ele>94.5</ele></trkpt>
      <trkpt lat="47.423169" lon="1.033691"><ele>93.8</ele></trkpt>
      <trkpt lat="47.423038" lon="1.032965"><ele>96.2</ele></trkpt>
      <trkpt lat="47.422799" lon="1.031649"><ele>97.8</ele></trkpt>
      <trkpt lat="47.422690" lon="1.031008"><ele>99.0</ele></trkpt>
      <trkpt lat="47.422655" lon="1.030821"><ele>99.0</ele></trkpt>
      <trkpt lat="47.422581" lon="1.030404"><ele>99.2</ele></trkpt>
      <trkpt lat="47.422493" lon="1.030002"><ele>100.0</ele></trkpt>
      <trkpt lat="47.422218" lon="1.029063"><ele>101.0</ele></trkpt>
      <trkpt lat="47.421928" lon="1.028137"><ele>102.2</ele></trkpt>
      <trkpt lat="47.421755" lon="1.027602"><ele>103.2</ele></trkpt>
      <trkpt lat="47.421626" lon="1.027129"><ele>103.0</ele></trkpt>
      <trkpt lat="47.421622" lon="1.027021"><ele>103.0</ele></trkpt>
      <trkpt lat="47.421635" lon="1.026959"><ele>103.0</ele></trkpt>
      <trkpt lat="47.421538" lon="1.026992"><ele>103.2</ele></trkpt>
      <trkpt lat="47.421237" lon="1.027238"><ele>103.0</ele></trkpt>
      <trkpt lat="47.420918" lon="1.027515"><ele>103.8</ele></trkpt>
      <trkpt lat="47.420731" lon="1.027701"><ele>103.2</ele></trkpt>
      <trkpt lat="47.420667" lon="1.027742"><ele>103.5</ele></trkpt>
      <trkpt lat="47.420596" lon="1.027691"><ele>103.5</ele></trkpt>
      <trkpt lat="47.420573" lon="1.027740"><ele>103.8</ele></trkpt>
      <trkpt lat="47.420553" lon="1.027785"><ele>103.8</ele></trkpt>
      <trkpt lat="47.420518" lon="1.027808"><ele>103.8</ele></trkpt>
      <trkpt lat="47.420222" lon="1.026927"><ele>104.2</ele></trkpt>
      <trkpt lat="47.420184" lon="1.026770"><ele>104.8</ele></trkpt>
      <trkpt lat="47.420131" lon="1.026618"><ele>104.8</ele></trkpt>
      <trkpt lat="47.419395" lon="1.024462"><ele>105.0</ele></trkpt>
      <trkpt lat="47.419379" lon="1.024386"><ele>105.0</ele></trkpt>
      <trkpt lat="47.419378" lon="1.024336"><ele>105.0</ele></trkpt>
      <trkpt lat="47.419398" lon="1.024018"><ele>105.0</ele></trkpt>
      <trkpt lat="47.419389" lon="1.023924"><ele>105.0</ele></trkpt>
      <trkpt lat="47.419377" lon="1.023867"><ele>105.0</ele></trkpt>
      <trkpt lat="47.419358" lon="1.023814"><ele>105.0</ele></trkpt>
      <trkpt lat="47.419136" lon="1.023374"><ele>104.0</ele></trkpt>
      <trkpt lat="47.419093" lon="1.023289"><ele>104.0</ele></trkpt>
      <trkpt lat="47.419043" lon="1.023231"><ele>104.0</ele></trkpt>
      <trkpt lat="47.418751" lon="1.023118"><ele>104.0</ele></trkpt>
      <trkpt lat="47.418760" lon="1.023050"><ele>104.0</ele></trkpt>
      <trkpt lat="47.418770" lon="1.022962"><ele>104.0</ele></trkpt>
      <trkpt lat="47.418745" lon="1.022909"><ele>104.0</ele></trkpt>
      <trkpt lat="47.418691" lon="1.022779"><ele>104.0</ele></trkpt>
      <trkpt lat="47.418666" lon="1.022656"><ele>104.0</ele></trkpt>
      <trkpt lat="47.418627" lon="1.022552"><ele>104.0</ele></trkpt>
      <trkpt lat="47.418562" lon="1.022445"><ele>104.0</ele></trkpt>
      <trkpt lat="47.418521" lon="1.022400"><ele>104.0</ele></trkpt>
      <trkpt lat="47.418432" lon="1.022335"><ele>104.0</ele></trkpt>
      <trkpt lat="47.418384" lon="1.022316"><ele>104.0</ele></trkpt>
      <trkpt lat="47.418298" lon="1.021928"><ele>105.0</ele></trkpt>
      <trkpt lat="47.418263" lon="1.021768"><ele>105.0</ele></trkpt>
      <trkpt lat="47.418178" lon="1.021385"><ele>105.0</ele></trkpt>
      <trkpt lat="47.417976" lon="1.020982"><ele>105.0</ele></trkpt>
      <trkpt lat="47.417800" lon="1.020630"><ele>105.0</ele></trkpt>
      <trkpt lat="47.417735" lon="1.020550"><ele>105.0</ele></trkpt>
      <trkpt lat="47.417620" lon="1.020362"><ele>105.0</ele></trkpt>
      <trkpt lat="47.417600" lon="1.020315"><ele>105.0</ele></trkpt>
      <trkpt lat="47.417564" lon="1.020197"><ele>105.0</ele></trkpt>
      <trkpt lat="47.417254" lon="1.018510"><ele>103.0</ele></trkpt>
      <trkpt lat="47.417221" lon="1.018294"><ele>102.8</ele></trkpt>
      <trkpt lat="47.417197" lon="1.018139"><ele>103.0</ele></trkpt>
      <trkpt lat="47.417077" lon="1.017522"><ele>102.0</ele></trkpt>
      <trkpt lat="47.417091" lon="1.017235"><ele>102.0</ele></trkpt>
      <trkpt lat="47.417089" lon="1.017181"><ele>101.8</ele></trkpt>
      <trkpt lat="47.417015" lon="1.016793"><ele>101.0</ele></trkpt>
      <trkpt lat="47.417001" lon="1.016765"><ele>101.0</ele></trkpt>
      <trkpt lat="47.416980" lon="1.016751"><ele>101.0</ele></trkpt>
      <trkpt lat="47.416996" lon="1.016644"><ele>100.8</ele></trkpt>
      <trkpt lat="47.417025" lon="1.016593"><ele>100.5</ele></trkpt>
      <trkpt lat="47.417057" lon="1.016553"><ele>100.5</ele></trkpt>
      <trkpt lat="47.417112" lon="1.016515"><ele>100.2</ele></trkpt>
      <trkpt lat="47.417102" lon="1.016463"><ele>100.2</ele></trkpt>
      <trkpt lat="47.417097" lon="1.016373"><ele>100.0</ele></trkpt>
      <trkpt lat="47.417102" lon="1.016306"><ele>100.2</ele></trkpt>
      <trkpt lat="47.417036" lon="1.016270"><ele>100.2</ele></trkpt>
      <trkpt lat="47.416996" lon="1.016217"><ele>100.5</ele></trkpt>
      <trkpt lat="47.416967" lon="1.016133"><ele>100.8</ele></trkpt>
      <trkpt lat="47.416964" lon="1.016038"><ele>101.0</ele></trkpt>
      <trkpt lat="47.416975" lon="1.015949"><ele>101.0</ele></trkpt>
      <trkpt lat="47.417015" lon="1.015907"><ele>101.0</ele></trkpt>
      <trkpt lat="47.417075" lon="1.015750"><ele>101.0</ele></trkpt>
      <trkpt lat="47.417127" lon="1.015575"><ele>100.8</ele></trkpt>
      <trkpt lat="47.417186" lon="1.015315"><ele>100.8</ele></trkpt>
      <trkpt lat="47.417210" lon="1.015101"><ele>100.2</ele></trkpt>
      <trkpt lat="47.417227" lon="1.014935"><ele>99.8</ele></trkpt>
      <trkpt lat="47.417213" lon="1.014868"><ele>99.5</ele></trkpt>
      <trkpt lat="47.417209" lon="1.014421"><ele>98.8</ele></trkpt>
      <trkpt lat="47.417157" lon="1.014069"><ele>98.0</ele></trkpt>
      <trkpt lat="47.417135" lon="1.013969"><ele>98.0</ele></trkpt>
      <trkpt lat="47.417119" lon="1.013896"><ele>98.0</ele></trkpt>
      <trkpt lat="47.417033" lon="1.013618"><ele>97.5</ele></trkpt>
      <trkpt lat="47.416971" lon="1.013441"><ele>97.2</ele></trkpt>
      <trkpt lat="47.416896" lon="1.013269"><ele>97.0</ele></trkpt>
      <trkpt lat="47.416789" lon="1.013044"><ele>97.5</ele></trkpt>
      <trkpt lat="47.416647" lon="1.012817"><ele>98.0</ele></trkpt>
      <trkpt lat="47.416526" lon="1.012667"><ele>98.0</ele></trkpt>
      <trkpt lat="47.416491" lon="1.012623"><ele>98.0</ele></trkpt>
      <trkpt lat="47.416366" lon="1.012504"><ele>98.0</ele></trkpt>
      <trkpt lat="47.416254" lon="1.012420"><ele>98.2</ele></trkpt>
      <trkpt lat="47.416114" lon="1.012336"><ele>98.8</ele></trkpt>
      <trkpt lat="47.415999" lon="1.012278"><ele>99.0</ele></trkpt>
      <trkpt lat="47.415884" lon="1.012237"><ele>99.0</ele></trkpt>
      <trkpt lat="47.415690" lon="1.012192"><ele>99.0</ele></trkpt>
      <trkpt lat="47.415414" lon="1.012151"><ele>99.5</ele></trkpt>
      <trkpt lat="47.414910" lon="1.012072"><ele>101.0</ele></trkpt>
      <trkpt lat="47.414808" lon="1.012044"><ele>101.0</ele></trkpt>
      <trkpt lat="47.414732" lon="1.012005"><ele>101.0</ele></trkpt>
      <trkpt lat="47.414713" lon="1.011984"><ele>101.0</ele></trkpt>
      <trkpt lat="47.414696" lon="1.011967"><ele>101.0</ele></trkpt>
      <trkpt lat="47.414677" lon="1.011915"><ele>101.0</ele></trkpt>
      <trkpt lat="47.414665" lon="1.011832"><ele>101.0</ele></trkpt>
      <trkpt lat="47.414639" lon="1.011753"><ele>101.0</ele></trkpt>
      <trkpt lat="47.414598" lon="1.011696"><ele>101.0</ele></trkpt>
      <trkpt lat="47.414544" lon="1.011653"><ele>101.0</ele></trkpt>
      <trkpt lat="47.414415" lon="1.011617"><ele>101.2</ele></trkpt>
      <trkpt lat="47.414377" lon="1.011585"><ele>101.5</ele></trkpt>
      <trkpt lat="47.414351" lon="1.011531"><ele>101.8</ele></trkpt>
      <trkpt lat="47.414218" lon="1.010886"><ele>102.0</ele></trkpt>
      <trkpt lat="47.414218" lon="1.010820"><ele>102.0</ele></trkpt>
      <trkpt lat="47.414232" lon="1.010782"><ele>102.0</ele></trkpt>
      <trkpt lat="47.414198" lon="1.010738"><ele>102.0</ele></trkpt>
      <trkpt lat="47.414183" lon="1.010671"><ele>102.0</ele></trkpt>
      <trkpt lat="47.414110" lon="1.010716"><ele>102.0</ele></trkpt>
      <trkpt lat="47.414062" lon="1.010514"><ele>102.0</ele></trkpt>
      <trkpt lat="47.413870" lon="1.009665"><ele>102.0</ele></trkpt>
      <trkpt lat="47.413855" lon="1.009598"><ele>102.0</ele></trkpt>
      <trkpt lat="47.413795" lon="1.009339"><ele>102.5</ele></trkpt>
      <trkpt lat="47.413734" lon="1.009060"><ele>102.5</ele></trkpt>
      <trkpt lat="47.413688" lon="1.008921"><ele>102.8</ele></trkpt>
      <trkpt lat="47.413665" lon="1.008851"><ele>102.8</ele></trkpt>
      <trkpt lat="47.413631" lon="1.008722"><ele>103.0</ele></trkpt>
      <trkpt lat="47.413392" lon="1.007714"><ele>104.0</ele></trkpt>
      <trkpt lat="47.413011" lon="1.006646"><ele>104.0</ele></trkpt>
      <trkpt lat="47.412621" lon="1.005534"><ele>104.0</ele></trkpt>
      <trkpt lat="47.412346" lon="1.004814"><ele>104.2</ele></trkpt>
      <trkpt lat="47.412226" lon="1.004523"><ele>104.8</ele></trkpt>
      <trkpt lat="47.412120" lon="1.004110"><ele>105.0</ele></trkpt>
      <trkpt lat="47.412006" lon="1.003443"><ele>105.0</ele></trkpt>
      <trkpt lat="47.411790" lon="1.002442"><ele>105.0</ele></trkpt>
      <trkpt lat="47.411759" lon="1.002297"><ele>105.0</ele></trkpt>
      <trkpt lat="47.411632" lon="1.001805"><ele>105.0</ele></trkpt>
      <trkpt lat="47.411589" lon="1.001642"><ele>104.8</ele></trkpt>
      <trkpt lat="47.411580" lon="1.001564"><ele>104.5</ele></trkpt>
      <trkpt lat="47.411586" lon="1.001518"><ele>104.2</ele></trkpt>
      <trkpt lat="47.411527" lon="1.001487"><ele>104.2</ele></trkpt>
      <trkpt lat="47.411479" lon="1.001461"><ele>104.2</ele></trkpt>
      <trkpt lat="47.411483" lon="1.001410"><ele>104.0</ele></trkpt>
      <trkpt lat="47.411469" lon="1.001354"><ele>104.0</ele></trkpt>
      <trkpt lat="47.411446" lon="1.001323"><ele>104.0</ele></trkpt>
      <trkpt lat="47.411418" lon="1.001307"><ele>104.0</ele></trkpt>
      <trkpt lat="47.411384" lon="1.001305"><ele>104.0</ele></trkpt>
      <trkpt lat="47.411371" lon="1.001197"><ele>104.0</ele></trkpt>
      <trkpt lat="47.411348" lon="1.001011"><ele>104.0</ele></trkpt>
      <trkpt lat="47.411278" lon="1.000418"><ele>103.5</ele></trkpt>
      <trkpt lat="47.411238" lon="1.000169"><ele>102.8</ele></trkpt>
      <trkpt lat="47.411218" lon="1.000045"><ele>102.8</ele></trkpt>
      <trkpt lat="47.411124" lon="0.999448"><ele>103.0</ele></trkpt>
      <trkpt lat="47.411094" lon="0.999170"><ele>102.5</ele></trkpt>
      <trkpt lat="47.411072" lon="0.998763"><ele>104.5</ele></trkpt>
      <trkpt lat="47.411061" lon="0.998494"><ele>104.2</ele></trkpt>
      <trkpt lat="47.411047" lon="0.998313"><ele>103.2</ele></trkpt>
      <trkpt lat="47.411027" lon="0.998145"><ele>102.5</ele></trkpt>
      <trkpt lat="47.411002" lon="0.998002"><ele>101.5</ele></trkpt>
      <trkpt lat="47.410947" lon="0.997719"><ele>99.5</ele></trkpt>
      <trkpt lat="47.410875" lon="0.997407"><ele>98.2</ele></trkpt>
      <trkpt lat="47.410739" lon="0.996850"><ele>96.2</ele></trkpt>
      <trkpt lat="47.410547" lon="0.996132"><ele>92.0</ele></trkpt>
      <trkpt lat="47.410181" lon="0.995185"><ele>90.0</ele></trkpt>
      <trkpt lat="47.410097" lon="0.994743"><ele>88.8</ele></trkpt>
      <trkpt lat="47.410083" lon="0.994491"><ele>87.5</ele></trkpt>
      <trkpt lat="47.410048" lon="0.993963"><ele>83.5</ele></trkpt>
      <trkpt lat="47.410071" lon="0.993551"><ele>81.5</ele></trkpt>
      <trkpt lat="47.410198" lon="0.993019"><ele>79.2</ele></trkpt>
      <trkpt lat="47.410278" lon="0.992557"><ele>75.5</ele></trkpt>
      <trkpt lat="47.410365" lon="0.992326"><ele>75.0</ele></trkpt>
      <trkpt lat="47.410435" lon="0.992208"><ele>74.0</ele></trkpt>
      <trkpt lat="47.410448" lon="0.992147"><ele>73.0</ele></trkpt>
      <trkpt lat="47.410668" lon="0.991882"><ele>71.2</ele></trkpt>
      <trkpt lat="47.410759" lon="0.991777"><ele>69.2</ele></trkpt>
      <trkpt lat="47.410884" lon="0.991651"><ele>67.5</ele></trkpt>
      <trkpt lat="47.410977" lon="0.991537"><ele>68.2</ele></trkpt>
      <trkpt lat="47.411042" lon="0.991437"><ele>67.2</ele></trkpt>
      <trkpt lat="47.411154" lon="0.991230"><ele>65.8</ele></trkpt>
      <trkpt lat="47.411353" lon="0.990885"><ele>64.2</ele></trkpt>
      <trkpt lat="47.411197" lon="0.990874"><ele>62.2</ele></trkpt>
      <trkpt lat="47.411174" lon="0.990872"><ele>61.8</ele></trkpt>
      <trkpt lat="47.411057" lon="0.991001"><ele>61.2</ele></trkpt>
      <trkpt lat="47.410981" lon="0.990719"><ele>59.2</ele></trkpt>
      <trkpt lat="47.410948" lon="0.990617"><ele>58.5</ele></trkpt>
      <trkpt lat="47.410791" lon="0.990378"><ele>58.0</ele></trkpt>
      <trkpt lat="47.410846" lon="0.990306"><ele>58.0</ele></trkpt>
      <trkpt lat="47.411008" lon="0.990080"><ele>58.0</ele></trkpt>
      <trkpt lat="47.410914" lon="0.989785"><ele>57.2</ele></trkpt>
      <trkpt lat="47.410887" lon="0.989643"><ele>57.0</ele></trkpt>
      <trkpt lat="47.410907" lon="0.989513"><ele>57.2</ele></trkpt>
      <trkpt lat="47.410988" lon="0.989350"><ele>57.5</ele></trkpt>
      <trkpt lat="47.410887" lon="0.989033"><ele>58.2</ele></trkpt>
      <trkpt lat="47.411029" lon="0.988873"><ele>58.2</ele></trkpt>
      <trkpt lat="47.410917" lon="0.988671"><ele>58.8</ele></trkpt>
      <trkpt lat="47.410799" lon="0.988462"><ele>59.0</ele></trkpt>
      <trkpt lat="47.410856" lon="0.988131"><ele>58.8</ele></trkpt>
      <trkpt lat="47.410775" lon="0.987997"><ele>58.8</ele></trkpt>
      <trkpt lat="47.410729" lon="0.987987"><ele>58.8</ele></trkpt>
      <trkpt lat="47.410532" lon="0.987945"><ele>59.0</ele></trkpt>
      <trkpt lat="47.410281" lon="0.987845"><ele>59.0</ele></trkpt>
      <trkpt lat="47.410252" lon="0.987834"><ele>59.0</ele></trkpt>
      <trkpt lat="47.410230" lon="0.987733"><ele>59.0</ele></trkpt>
      <trkpt lat="47.410391" lon="0.986705"><ele>58.5</ele></trkpt>
      <trkpt lat="47.410413" lon="0.986527"><ele>58.8</ele></trkpt>
      <trkpt lat="47.410415" lon="0.986486"><ele>58.8</ele></trkpt>
      <trkpt lat="47.410334" lon="0.986397"><ele>58.8</ele></trkpt>
      <trkpt lat="47.410311" lon="0.986364"><ele>59.0</ele></trkpt>
      <trkpt lat="47.410215" lon="0.986224"><ele>59.0</ele></trkpt>
      <trkpt lat="47.410205" lon="0.986205"><ele>59.2</ele></trkpt>
      <trkpt lat="47.410144" lon="0.986125"><ele>59.2</ele></trkpt>
      <trkpt lat="47.410056" lon="0.986066"><ele>59.8</ele></trkpt>
      <trkpt lat="47.410016" lon="0.986051"><ele>59.8</ele></trkpt>
      <trkpt lat="47.409777" lon="0.985960"><ele>60.2</ele></trkpt>
      <trkpt lat="47.409767" lon="0.985957"><ele>60.2</ele></trkpt>
      <trkpt lat="47.409345" lon="0.985796"><ele>61.5</ele></trkpt>
      <trkpt lat="47.409302" lon="0.985780"><ele>62.0</ele></trkpt>
      <trkpt lat="47.409212" lon="0.985746"><ele>62.5</ele></trkpt>
      <trkpt lat="47.408972" lon="0.985673"><ele>64.8</ele></trkpt>
      <trkpt lat="47.408842" lon="0.985658"><ele>66.5</ele></trkpt>
      <trkpt lat="47.408716" lon="0.985668"><ele>69.0</ele></trkpt>
      <trkpt lat="47.408555" lon="0.985686"><ele>71.2</ele></trkpt>
      <trkpt lat="47.408414" lon="0.985680"><ele>72.5</ele></trkpt>
      <trkpt lat="47.408350" lon="0.985677"><ele>73.0</ele></trkpt>
      <trkpt lat="47.408118" lon="0.985609"><ele>73.8</ele></trkpt>
      <trkpt lat="47.408059" lon="0.985590"><ele>73.8</ele></trkpt>
      <trkpt lat="47.407210" lon="0.985241"><ele>75.0</ele></trkpt>
      <trkpt lat="47.406870" lon="0.985093"><ele>74.8</ele></trkpt>
      <trkpt lat="47.406738" lon="0.985028"><ele>74.8</ele></trkpt>
      <trkpt lat="47.406717" lon="0.984994"><ele>75.0</ele></trkpt>
      <trkpt lat="47.407220" lon="0.984613"><ele>76.8</ele></trkpt>
      <trkpt lat="47.407477" lon="0.984506"><ele>77.5</ele></trkpt>
      <trkpt lat="47.407574" lon="0.984466"><ele>77.8</ele></trkpt>
      <trkpt lat="47.407987" lon="0.984363"><ele>78.5</ele></trkpt>
      <trkpt lat="47.408128" lon="0.984270"><ele>78.5</ele></trkpt>
      <trkpt lat="47.408350" lon="0.983836"><ele>76.0</ele></trkpt>
      <trkpt lat="47.408216" lon="0.983770"><ele>78.0</ele></trkpt>
      <trkpt lat="47.408197" lon="0.983641"><ele>78.8</ele></trkpt>
      <trkpt lat="47.408182" lon="0.983432"><ele>79.5</ele></trkpt>
      <trkpt lat="47.408193" lon="0.983264"><ele>80.0</ele></trkpt>
      <trkpt lat="47.408223" lon="0.982972"><ele>80.2</ele></trkpt>
      <trkpt lat="47.408510" lon="0.982988"><ele>78.5</ele></trkpt>
      <trkpt lat="47.408930" lon="0.983020"><ele>73.2</ele></trkpt>
      <trkpt lat="47.410023" lon="0.983060"><ele>59.8</ele></trkpt>
      <trkpt lat="47.410339" lon="0.983070"><ele>58.8</ele></trkpt>
      <trkpt lat="47.410483" lon="0.983067"><ele>58.2</ele></trkpt>
      <trkpt lat="47.410495" lon="0.982884"><ele>58.0</ele></trkpt>
      <trkpt lat="47.410518" lon="0.982886"><ele>58.0</ele></trkpt>
      <trkpt lat="47.410544" lon="0.982888"><ele>58.0</ele></trkpt>
      <trkpt lat="47.410575" lon="0.982789"><ele>58.0</ele></trkpt>
      <trkpt lat="47.410563" lon="0.982761"><ele>58.0</ele></trkpt>
      <trkpt lat="47.410601" lon="0.982718"><ele>58.2</ele></trkpt>
      <trkpt lat="47.410676" lon="0.982672"><ele>58.5</ele></trkpt>
      <trkpt lat="47.410747" lon="0.982629"><ele>58.8</ele></trkpt>
      <trkpt lat="47.410957" lon="0.982499"><ele>58.5</ele></trkpt>
      <trkpt lat="47.410965" lon="0.982533"><ele>58.5</ele></trkpt>
      <trkpt lat="47.411070" lon="0.982975"><ele>58.0</ele></trkpt>
      <trkpt lat="47.411137" lon="0.983151"><ele>58.0</ele></trkpt>
      <trkpt lat="47.411415" lon="0.983804"><ele>58.0</ele></trkpt>
      <trkpt lat="47.411697" lon="0.983469"><ele>58.0</ele></trkpt>
      <trkpt lat="47.411894" lon="0.983267"><ele>58.8</ele></trkpt>
      <trkpt lat="47.411985" lon="0.983184"><ele>59.0</ele></trkpt>
      <trkpt lat="47.411825" lon="0.982840"><ele>58.5</ele></trkpt>
      <trkpt lat="47.412192" lon="0.982433"><ele>58.0</ele></trkpt>
      <trkpt lat="47.412421" lon="0.983216"><ele>58.2</ele></trkpt>
      <trkpt lat="47.412441" lon="0.983188"><ele>58.0</ele></trkpt>
      <trkpt lat="47.412754" lon="0.982916"><ele>58.5</ele></trkpt>
      <trkpt lat="47.412788" lon="0.982873"><ele>58.5</ele></trkpt>
      <trkpt lat="47.412767" lon="0.982826"><ele>58.8</ele></trkpt>
      <trkpt lat="47.412858" lon="0.982741"><ele>59.0</ele></trkpt>
      <trkpt lat="47.412879" lon="0.982714"><ele>59.0</ele></trkpt>
      <trkpt lat="47.412952" lon="0.982619"><ele>59.2</ele></trkpt>
      <trkpt lat="47.412982" lon="0.982579"><ele>59.5</ele></trkpt>
      <trkpt lat="47.413007" lon="0.982513"><ele>59.8</ele></trkpt>
      <trkpt lat="47.413096" lon="0.982700"><ele>58.5</ele></trkpt>
      <trkpt lat="47.413173" lon="0.982919"><ele>58.0</ele></trkpt>
    </trkseg>
  </trk>
</gpx>
