<?xml version="1.0" encoding="UTF-8"?>
<gpx version="1.1" creator="Gravel Kompass" xmlns="http://www.topografix.com/GPX/1/1">
  <metadata><name>Neckartal &amp; Bergstraße: Herbstrunde ab Mannheim</name></metadata>
  <trk>
    <name>Neckartal &amp; Bergstraße: Herbstrunde ab Mannheim (komplett)</name>
    <trkseg>
<trkpt lat="49.47948" lon="8.46883"><ele>95</ele></trkpt>
<trkpt lat="49.47950" lon="8.46886"><ele>95</ele></trkpt>
<trkpt lat="49.47957" lon="8.46872"><ele>95</ele></trkpt>
<trkpt lat="49.47983" lon="8.46902"><ele>95</ele></trkpt>
<trkpt lat="49.47976" lon="8.46918"><ele>95</ele></trkpt>
<trkpt lat="49.47978" lon="8.46921"><ele>94</ele></trkpt>
<trkpt lat="49.47924" lon="8.47026"><ele>93</ele></trkpt>
<trkpt lat="49.47815" lon="8.46903"><ele>95</ele></trkpt>
<trkpt lat="49.47804" lon="8.46907"><ele>95</ele></trkpt>
<trkpt lat="49.47798" lon="8.46927"><ele>95</ele></trkpt>
<trkpt lat="49.47772" lon="8.46976"><ele>95</ele></trkpt>
<trkpt lat="49.47771" lon="8.46984"><ele>94</ele></trkpt>
<trkpt lat="49.47743" lon="8.47029"><ele>94</ele></trkpt>
<trkpt lat="49.47698" lon="8.46973"><ele>94</ele></trkpt>
<trkpt lat="49.47732" lon="8.46908"><ele>95</ele></trkpt>
<trkpt lat="49.47726" lon="8.46896"><ele>95</ele></trkpt>
<trkpt lat="49.47720" lon="8.46895"><ele>95</ele></trkpt>
<trkpt lat="49.47653" lon="8.47019"><ele>94</ele></trkpt>
<trkpt lat="49.47615" lon="8.47083"><ele>93</ele></trkpt>
<trkpt lat="49.47592" lon="8.47136"><ele>95</ele></trkpt>
<trkpt lat="49.47409" lon="8.47498"><ele>94</ele></trkpt>
<trkpt lat="49.47391" lon="8.47527"><ele>94</ele></trkpt>
<trkpt lat="49.47306" lon="8.47631"><ele>93</ele></trkpt>
<trkpt lat="49.47286" lon="8.47673"><ele>93</ele></trkpt>
<trkpt lat="49.47286" lon="8.47685"><ele>93</ele></trkpt>
<trkpt lat="49.47140" lon="8.48056"><ele>93</ele></trkpt>
<trkpt lat="49.47099" lon="8.48133"><ele>93</ele></trkpt>
<trkpt lat="49.47064" lon="8.48190"><ele>94</ele></trkpt>
<trkpt lat="49.46981" lon="8.48308"><ele>94</ele></trkpt>
<trkpt lat="49.46987" lon="8.48372"><ele>94</ele></trkpt>
<trkpt lat="49.46970" lon="8.48364"><ele>94</ele></trkpt>
<trkpt lat="49.46913" lon="8.48360"><ele>94</ele></trkpt>
<trkpt lat="49.46876" lon="8.48367"><ele>94</ele></trkpt>
<trkpt lat="49.46851" lon="8.48384"><ele>94</ele></trkpt>
<trkpt lat="49.46872" lon="8.48421"><ele>94</ele></trkpt>
<trkpt lat="49.46897" lon="8.48413"><ele>94</ele></trkpt>
<trkpt lat="49.46933" lon="8.48411"><ele>94</ele></trkpt>
<trkpt lat="49.46996" lon="8.48427"><ele>94</ele></trkpt>
<trkpt lat="49.47007" lon="8.48419"><ele>94</ele></trkpt>
<trkpt lat="49.47026" lon="8.48419"><ele>94</ele></trkpt>
<trkpt lat="49.47200" lon="8.48450"><ele>95</ele></trkpt>
<trkpt lat="49.47221" lon="8.48460"><ele>95</ele></trkpt>
<trkpt lat="49.47317" lon="8.48549"><ele>95</ele></trkpt>
<trkpt lat="49.47360" lon="8.48594"><ele>95</ele></trkpt>
<trkpt lat="49.47432" lon="8.48691"><ele>95</ele></trkpt>
<trkpt lat="49.47531" lon="8.48759"><ele>95</ele></trkpt>
<trkpt lat="49.47565" lon="8.48791"><ele>95</ele></trkpt>
<trkpt lat="49.47610" lon="8.48842"><ele>95</ele></trkpt>
<trkpt lat="49.47628" lon="8.48875"><ele>95</ele></trkpt>
<trkpt lat="49.47670" lon="8.49114"><ele>95</ele></trkpt>
<trkpt lat="49.47678" lon="8.49110"><ele>95</ele></trkpt>
<trkpt lat="49.47741" lon="8.49178"><ele>95</ele></trkpt>
<trkpt lat="49.47752" lon="8.49172"><ele>95</ele></trkpt>
<trkpt lat="49.47769" lon="8.49197"><ele>95</ele></trkpt>
<trkpt lat="49.47789" lon="8.49207"><ele>95</ele></trkpt>
<trkpt lat="49.47922" lon="8.49330"><ele>95</ele></trkpt>
<trkpt lat="49.47931" lon="8.49343"><ele>95</ele></trkpt>
<trkpt lat="49.47939" lon="8.49372"><ele>95</ele></trkpt>
<trkpt lat="49.47940" lon="8.49405"><ele>95</ele></trkpt>
<trkpt lat="49.47934" lon="8.49433"><ele>95</ele></trkpt>
<trkpt lat="49.47898" lon="8.49527"><ele>95</ele></trkpt>
<trkpt lat="49.47896" lon="8.49542"><ele>95</ele></trkpt>
<trkpt lat="49.47828" lon="8.49713"><ele>95</ele></trkpt>
<trkpt lat="49.47808" lon="8.49789"><ele>94</ele></trkpt>
<trkpt lat="49.47801" lon="8.49843"><ele>94</ele></trkpt>
<trkpt lat="49.47778" lon="8.50220"><ele>93</ele></trkpt>
<trkpt lat="49.47777" lon="8.50333"><ele>93</ele></trkpt>
<trkpt lat="49.47781" lon="8.50538"><ele>93</ele></trkpt>
<trkpt lat="49.47788" lon="8.50577"><ele>93</ele></trkpt>
<trkpt lat="49.47804" lon="8.50613"><ele>93</ele></trkpt>
<trkpt lat="49.47836" lon="8.50709"><ele>93</ele></trkpt>
<trkpt lat="49.47848" lon="8.50769"><ele>93</ele></trkpt>
<trkpt lat="49.47858" lon="8.50865"><ele>93</ele></trkpt>
<trkpt lat="49.47848" lon="8.51177"><ele>93</ele></trkpt>
<trkpt lat="49.47844" lon="8.51795"><ele>93</ele></trkpt>
<trkpt lat="49.47824" lon="8.52091"><ele>92</ele></trkpt>
<trkpt lat="49.47770" lon="8.52227"><ele>92</ele></trkpt>
<trkpt lat="49.47733" lon="8.52332"><ele>92</ele></trkpt>
<trkpt lat="49.47758" lon="8.52352"><ele>92</ele></trkpt>
<trkpt lat="49.47742" lon="8.52417"><ele>92</ele></trkpt>
<trkpt lat="49.47733" lon="8.52517"><ele>91</ele></trkpt>
<trkpt lat="49.47616" lon="8.52947"><ele>92</ele></trkpt>
<trkpt lat="49.47615" lon="8.52975"><ele>90</ele></trkpt>
<trkpt lat="49.47565" lon="8.53236"><ele>91</ele></trkpt>
<trkpt lat="49.47536" lon="8.53520"><ele>93</ele></trkpt>
<trkpt lat="49.47527" lon="8.53786"><ele>94</ele></trkpt>
<trkpt lat="49.47531" lon="8.54080"><ele>93</ele></trkpt>
<trkpt lat="49.47525" lon="8.54178"><ele>93</ele></trkpt>
<trkpt lat="49.47525" lon="8.54333"><ele>94</ele></trkpt>
<trkpt lat="49.47605" lon="8.54359"><ele>93</ele></trkpt>
<trkpt lat="49.47607" lon="8.54363"><ele>93</ele></trkpt>
<trkpt lat="49.47623" lon="8.54666"><ele>93</ele></trkpt>
<trkpt lat="49.47621" lon="8.54713"><ele>93</ele></trkpt>
<trkpt lat="49.47604" lon="8.54861"><ele>94</ele></trkpt>
<trkpt lat="49.47576" lon="8.55056"><ele>94</ele></trkpt>
<trkpt lat="49.47553" lon="8.55187"><ele>95</ele></trkpt>
<trkpt lat="49.47480" lon="8.55542"><ele>95</ele></trkpt>
<trkpt lat="49.47459" lon="8.55607"><ele>95</ele></trkpt>
<trkpt lat="49.47436" lon="8.55666"><ele>95</ele></trkpt>
<trkpt lat="49.47403" lon="8.55736"><ele>94</ele></trkpt>
<trkpt lat="49.47251" lon="8.55933"><ele>95</ele></trkpt>
<trkpt lat="49.47223" lon="8.55962"><ele>95</ele></trkpt>
<trkpt lat="49.47226" lon="8.55984"><ele>94</ele></trkpt>
<trkpt lat="49.47216" lon="8.56013"><ele>94</ele></trkpt>
<trkpt lat="49.47149" lon="8.56101"><ele>93</ele></trkpt>
<trkpt lat="49.47088" lon="8.56163"><ele>94</ele></trkpt>
<trkpt lat="49.46934" lon="8.56299"><ele>94</ele></trkpt>
<trkpt lat="49.46905" lon="8.56321"><ele>93</ele></trkpt>
<trkpt lat="49.46882" lon="8.56326"><ele>93</ele></trkpt>
<trkpt lat="49.46787" lon="8.56402"><ele>89</ele></trkpt>
<trkpt lat="49.46686" lon="8.56508"><ele>89</ele></trkpt>
<trkpt lat="49.46634" lon="8.56572"><ele>89</ele></trkpt>
<trkpt lat="49.46490" lon="8.56700"><ele>89</ele></trkpt>
<trkpt lat="49.46392" lon="8.56799"><ele>90</ele></trkpt>
<trkpt lat="49.46365" lon="8.56819"><ele>92</ele></trkpt>
<trkpt lat="49.46338" lon="8.56901"><ele>90</ele></trkpt>
<trkpt lat="49.46329" lon="8.56975"><ele>90</ele></trkpt>
<trkpt lat="49.46334" lon="8.57118"><ele>90</ele></trkpt>
<trkpt lat="49.46341" lon="8.57175"><ele>91</ele></trkpt>
<trkpt lat="49.46377" lon="8.57286"><ele>93</ele></trkpt>
<trkpt lat="49.46397" lon="8.57341"><ele>93</ele></trkpt>
<trkpt lat="49.46435" lon="8.57415"><ele>94</ele></trkpt>
<trkpt lat="49.46488" lon="8.57491"><ele>94</ele></trkpt>
<trkpt lat="49.46551" lon="8.57555"><ele>95</ele></trkpt>
<trkpt lat="49.46690" lon="8.57654"><ele>97</ele></trkpt>
<trkpt lat="49.46729" lon="8.57708"><ele>97</ele></trkpt>
<trkpt lat="49.46754" lon="8.57752"><ele>97</ele></trkpt>
<trkpt lat="49.46820" lon="8.57896"><ele>97</ele></trkpt>
<trkpt lat="49.46918" lon="8.58049"><ele>97</ele></trkpt>
<trkpt lat="49.46928" lon="8.58077"><ele>97</ele></trkpt>
<trkpt lat="49.46938" lon="8.58285"><ele>97</ele></trkpt>
<trkpt lat="49.46938" lon="8.58313"><ele>97</ele></trkpt>
<trkpt lat="49.46933" lon="8.58348"><ele>97</ele></trkpt>
<trkpt lat="49.46914" lon="8.58432"><ele>97</ele></trkpt>
<trkpt lat="49.46922" lon="8.58498"><ele>97</ele></trkpt>
<trkpt lat="49.46919" lon="8.58607"><ele>98</ele></trkpt>
<trkpt lat="49.46922" lon="8.58731"><ele>98</ele></trkpt>
<trkpt lat="49.46968" lon="8.59149"><ele>100</ele></trkpt>
<trkpt lat="49.46974" lon="8.59269"><ele>100</ele></trkpt>
<trkpt lat="49.46939" lon="8.59736"><ele>100</ele></trkpt>
<trkpt lat="49.46936" lon="8.59753"><ele>100</ele></trkpt>
<trkpt lat="49.46910" lon="8.59794"><ele>100</ele></trkpt>
<trkpt lat="49.46896" lon="8.59829"><ele>100</ele></trkpt>
<trkpt lat="49.46897" lon="8.59836"><ele>100</ele></trkpt>
<trkpt lat="49.47003" lon="8.59927"><ele>100</ele></trkpt>
<trkpt lat="49.47034" lon="8.59948"><ele>97</ele></trkpt>
<trkpt lat="49.47223" lon="8.60114"><ele>96</ele></trkpt>
<trkpt lat="49.47234" lon="8.60127"><ele>97</ele></trkpt>
<trkpt lat="49.47230" lon="8.60150"><ele>98</ele></trkpt>
<trkpt lat="49.47260" lon="8.60174"><ele>100</ele></trkpt>
<trkpt lat="49.47309" lon="8.60222"><ele>100</ele></trkpt>
<trkpt lat="49.47313" lon="8.60241"><ele>100</ele></trkpt>
<trkpt lat="49.47304" lon="8.60275"><ele>100</ele></trkpt>
<trkpt lat="49.47283" lon="8.60454"><ele>100</ele></trkpt>
<trkpt lat="49.47266" lon="8.60687"><ele>100</ele></trkpt>
<trkpt lat="49.47246" lon="8.60686"><ele>100</ele></trkpt>
<trkpt lat="49.47245" lon="8.60714"><ele>100</ele></trkpt>
<trkpt lat="49.47238" lon="8.60748"><ele>100</ele></trkpt>
<trkpt lat="49.47241" lon="8.60774"><ele>100</ele></trkpt>
<trkpt lat="49.47261" lon="8.60769"><ele>100</ele></trkpt>
<trkpt lat="49.47276" lon="8.60769"><ele>100</ele></trkpt>
<trkpt lat="49.47286" lon="8.60776"><ele>100</ele></trkpt>
<trkpt lat="49.47296" lon="8.60789"><ele>100</ele></trkpt>
<trkpt lat="49.47309" lon="8.60822"><ele>100</ele></trkpt>
<trkpt lat="49.47311" lon="8.60836"><ele>100</ele></trkpt>
<trkpt lat="49.47303" lon="8.60912"><ele>100</ele></trkpt>
<trkpt lat="49.47288" lon="8.60990"><ele>100</ele></trkpt>
<trkpt lat="49.47288" lon="8.61004"><ele>100</ele></trkpt>
<trkpt lat="49.47268" lon="8.61033"><ele>100</ele></trkpt>
<trkpt lat="49.47251" lon="8.61042"><ele>100</ele></trkpt>
<trkpt lat="49.47245" lon="8.61056"><ele>100</ele></trkpt>
<trkpt lat="49.47207" lon="8.61070"><ele>100</ele></trkpt>
<trkpt lat="49.47188" lon="8.61072"><ele>100</ele></trkpt>
<trkpt lat="49.47159" lon="8.61068"><ele>100</ele></trkpt>
<trkpt lat="49.47129" lon="8.61056"><ele>100</ele></trkpt>
<trkpt lat="49.47105" lon="8.61033"><ele>100</ele></trkpt>
<trkpt lat="49.47093" lon="8.61013"><ele>100</ele></trkpt>
<trkpt lat="49.47087" lon="8.61016"><ele>100</ele></trkpt>
<trkpt lat="49.46999" lon="8.61090"><ele>100</ele></trkpt>
<trkpt lat="49.46915" lon="8.61168"><ele>100</ele></trkpt>
<trkpt lat="49.46845" lon="8.61240"><ele>101</ele></trkpt>
<trkpt lat="49.46745" lon="8.61366"><ele>101</ele></trkpt>
<trkpt lat="49.46702" lon="8.61427"><ele>102</ele></trkpt>
<trkpt lat="49.46564" lon="8.61570"><ele>102</ele></trkpt>
<trkpt lat="49.46363" lon="8.61805"><ele>102</ele></trkpt>
<trkpt lat="49.46351" lon="8.61808"><ele>102</ele></trkpt>
<trkpt lat="49.46346" lon="8.61814"><ele>102</ele></trkpt>
<trkpt lat="49.46308" lon="8.61868"><ele>102</ele></trkpt>
<trkpt lat="49.46266" lon="8.61918"><ele>102</ele></trkpt>
<trkpt lat="49.45931" lon="8.62312"><ele>102</ele></trkpt>
<trkpt lat="49.45904" lon="8.62347"><ele>102</ele></trkpt>
<trkpt lat="49.45836" lon="8.62459"><ele>102</ele></trkpt>
<trkpt lat="49.45355" lon="8.63024"><ele>105</ele></trkpt>
<trkpt lat="49.45209" lon="8.63204"><ele>105</ele></trkpt>
<trkpt lat="49.44906" lon="8.63558"><ele>105</ele></trkpt>
<trkpt lat="49.44236" lon="8.64355"><ele>107</ele></trkpt>
<trkpt lat="49.44225" lon="8.64362"><ele>107</ele></trkpt>
<trkpt lat="49.44219" lon="8.64360"><ele>107</ele></trkpt>
<trkpt lat="49.44156" lon="8.64321"><ele>106</ele></trkpt>
<trkpt lat="49.44141" lon="8.64321"><ele>106</ele></trkpt>
<trkpt lat="49.44127" lon="8.64331"><ele>106</ele></trkpt>
<trkpt lat="49.44123" lon="8.64340"><ele>106</ele></trkpt>
<trkpt lat="49.44113" lon="8.64382"><ele>106</ele></trkpt>
<trkpt lat="49.44112" lon="8.64404"><ele>106</ele></trkpt>
<trkpt lat="49.44124" lon="8.64486"><ele>107</ele></trkpt>
<trkpt lat="49.44183" lon="8.64630"><ele>107</ele></trkpt>
<trkpt lat="49.44285" lon="8.64922"><ele>106</ele></trkpt>
<trkpt lat="49.44346" lon="8.65113"><ele>107</ele></trkpt>
<trkpt lat="49.44375" lon="8.65232"><ele>106</ele></trkpt>
<trkpt lat="49.44391" lon="8.65320"><ele>106</ele></trkpt>
<trkpt lat="49.44044" lon="8.65730"><ele>107</ele></trkpt>
<trkpt lat="49.43993" lon="8.65772"><ele>107</ele></trkpt>
<trkpt lat="49.43552" lon="8.66078"><ele>107</ele></trkpt>
<trkpt lat="49.43590" lon="8.66283"><ele>108</ele></trkpt>
<trkpt lat="49.43505" lon="8.66343"><ele>107</ele></trkpt>
<trkpt lat="49.43468" lon="8.66457"><ele>108</ele></trkpt>
<trkpt lat="49.43318" lon="8.66778"><ele>109</ele></trkpt>
<trkpt lat="49.43289" lon="8.66890"><ele>109</ele></trkpt>
<trkpt lat="49.43234" lon="8.67172"><ele>109</ele></trkpt>
<trkpt lat="49.43220" lon="8.67275"><ele>109</ele></trkpt>
<trkpt lat="49.43156" lon="8.67504"><ele>109</ele></trkpt>
<trkpt lat="49.43097" lon="8.67699"><ele>109</ele></trkpt>
<trkpt lat="49.43067" lon="8.67816"><ele>110</ele></trkpt>
<trkpt lat="49.43058" lon="8.67842"><ele>110</ele></trkpt>
<trkpt lat="49.43054" lon="8.67865"><ele>110</ele></trkpt>
<trkpt lat="49.43008" lon="8.67986"><ele>111</ele></trkpt>
<trkpt lat="49.42843" lon="8.68053"><ele>112</ele></trkpt>
<trkpt lat="49.42788" lon="8.68083"><ele>113</ele></trkpt>
<trkpt lat="49.42689" lon="8.68167"><ele>113</ele></trkpt>
<trkpt lat="49.42387" lon="8.68440"><ele>114</ele></trkpt>
<trkpt lat="49.42236" lon="8.68538"><ele>114</ele></trkpt>
<trkpt lat="49.42091" lon="8.68621"><ele>116</ele></trkpt>
<trkpt lat="49.41943" lon="8.68649"><ele>116</ele></trkpt>
<trkpt lat="49.41948" lon="8.68711"><ele>116</ele></trkpt>
<trkpt lat="49.41585" lon="8.68775"><ele>115</ele></trkpt>
<trkpt lat="49.41316" lon="8.68817"><ele>110</ele></trkpt>
<trkpt lat="49.41326" lon="8.68887"><ele>110</ele></trkpt>
<trkpt lat="49.41332" lon="8.69020"><ele>110</ele></trkpt>
<trkpt lat="49.41341" lon="8.69416"><ele>109</ele></trkpt>
<trkpt lat="49.41349" lon="8.69563"><ele>111</ele></trkpt>
<trkpt lat="49.41358" lon="8.69621"><ele>112</ele></trkpt>
<trkpt lat="49.41357" lon="8.69797"><ele>110</ele></trkpt>
<trkpt lat="49.41360" lon="8.69856"><ele>109</ele></trkpt>
<trkpt lat="49.41378" lon="8.69989"><ele>112</ele></trkpt>
<trkpt lat="49.41409" lon="8.70149"><ele>111</ele></trkpt>
<trkpt lat="49.41442" lon="8.70287"><ele>112</ele></trkpt>
<trkpt lat="49.41473" lon="8.70483"><ele>108</ele></trkpt>
<trkpt lat="49.41505" lon="8.70660"><ele>110</ele></trkpt>
<trkpt lat="49.41525" lon="8.70921"><ele>109</ele></trkpt>
<trkpt lat="49.41538" lon="8.71046"><ele>110</ele></trkpt>
<trkpt lat="49.41551" lon="8.71294"><ele>112</ele></trkpt>
<trkpt lat="49.41567" lon="8.71468"><ele>111</ele></trkpt>
<trkpt lat="49.41587" lon="8.71565"><ele>110</ele></trkpt>
<trkpt lat="49.41620" lon="8.71670"><ele>112</ele></trkpt>
<trkpt lat="49.41614" lon="8.71675"><ele>109</ele></trkpt>
<trkpt lat="49.41618" lon="8.71689"><ele>110</ele></trkpt>
<trkpt lat="49.41469" lon="8.71789"><ele>106</ele></trkpt>
<trkpt lat="49.41457" lon="8.71791"><ele>108</ele></trkpt>
<trkpt lat="49.41480" lon="8.71858"><ele>109</ele></trkpt>
<trkpt lat="49.41549" lon="8.72039"><ele>108</ele></trkpt>
<trkpt lat="49.41603" lon="8.72218"><ele>108</ele></trkpt>
<trkpt lat="49.41626" lon="8.72277"><ele>109</ele></trkpt>
<trkpt lat="49.41736" lon="8.72510"><ele>109</ele></trkpt>
<trkpt lat="49.41788" lon="8.72604"><ele>109</ele></trkpt>
<trkpt lat="49.41829" lon="8.72699"><ele>109</ele></trkpt>
<trkpt lat="49.41853" lon="8.72781"><ele>108</ele></trkpt>
<trkpt lat="49.41866" lon="8.72864"><ele>108</ele></trkpt>
<trkpt lat="49.41872" lon="8.72977"><ele>110</ele></trkpt>
<trkpt lat="49.41871" lon="8.73072"><ele>108</ele></trkpt>
<trkpt lat="49.41863" lon="8.73194"><ele>108</ele></trkpt>
<trkpt lat="49.41854" lon="8.73263"><ele>109</ele></trkpt>
<trkpt lat="49.41841" lon="8.73320"><ele>110</ele></trkpt>
<trkpt lat="49.41677" lon="8.73840"><ele>114</ele></trkpt>
<trkpt lat="49.41617" lon="8.74070"><ele>112</ele></trkpt>
<trkpt lat="49.41592" lon="8.74177"><ele>112</ele></trkpt>
<trkpt lat="49.41581" lon="8.74246"><ele>109</ele></trkpt>
<trkpt lat="49.41557" lon="8.74450"><ele>108</ele></trkpt>
<trkpt lat="49.41544" lon="8.74597"><ele>110</ele></trkpt>
<trkpt lat="49.41538" lon="8.74707"><ele>109</ele></trkpt>
<trkpt lat="49.41528" lon="8.74708"><ele>110</ele></trkpt>
<trkpt lat="49.41501" lon="8.74754"><ele>113</ele></trkpt>
<trkpt lat="49.41492" lon="8.74779"><ele>114</ele></trkpt>
<trkpt lat="49.41478" lon="8.74779"><ele>115</ele></trkpt>
<trkpt lat="49.41474" lon="8.74786"><ele>116</ele></trkpt>
<trkpt lat="49.41483" lon="8.74963"><ele>121</ele></trkpt>
<trkpt lat="49.41518" lon="8.75137"><ele>118</ele></trkpt>
<trkpt lat="49.41548" lon="8.75306"><ele>122</ele></trkpt>
<trkpt lat="49.41562" lon="8.75418"><ele>124</ele></trkpt>
<trkpt lat="49.41574" lon="8.75613"><ele>127</ele></trkpt>
<trkpt lat="49.41574" lon="8.75705"><ele>125</ele></trkpt>
<trkpt lat="49.41568" lon="8.75823"><ele>124</ele></trkpt>
<trkpt lat="49.41550" lon="8.75942"><ele>123</ele></trkpt>
<trkpt lat="49.41537" lon="8.75968"><ele>124</ele></trkpt>
<trkpt lat="49.41532" lon="8.76000"><ele>122</ele></trkpt>
<trkpt lat="49.41515" lon="8.76058"><ele>123</ele></trkpt>
<trkpt lat="49.41508" lon="8.76071"><ele>123</ele></trkpt>
<trkpt lat="49.41511" lon="8.76082"><ele>122</ele></trkpt>
<trkpt lat="49.41509" lon="8.76095"><ele>122</ele></trkpt>
<trkpt lat="49.41450" lon="8.76350"><ele>120</ele></trkpt>
<trkpt lat="49.41387" lon="8.76694"><ele>119</ele></trkpt>
<trkpt lat="49.41340" lon="8.76895"><ele>118</ele></trkpt>
<trkpt lat="49.41313" lon="8.76973"><ele>120</ele></trkpt>
<trkpt lat="49.41292" lon="8.77024"><ele>121</ele></trkpt>
<trkpt lat="49.41243" lon="8.77130"><ele>121</ele></trkpt>
<trkpt lat="49.41190" lon="8.77235"><ele>118</ele></trkpt>
<trkpt lat="49.41168" lon="8.77271"><ele>117</ele></trkpt>
<trkpt lat="49.41112" lon="8.77354"><ele>118</ele></trkpt>
<trkpt lat="49.41106" lon="8.77357"><ele>118</ele></trkpt>
<trkpt lat="49.41044" lon="8.77431"><ele>118</ele></trkpt>
<trkpt lat="49.41042" lon="8.77439"><ele>117</ele></trkpt>
<trkpt lat="49.41045" lon="8.77445"><ele>116</ele></trkpt>
<trkpt lat="49.41072" lon="8.77469"><ele>110</ele></trkpt>
<trkpt lat="49.41073" lon="8.77486"><ele>109</ele></trkpt>
<trkpt lat="49.41041" lon="8.77515"><ele>108</ele></trkpt>
<trkpt lat="49.40845" lon="8.77650"><ele>113</ele></trkpt>
<trkpt lat="49.40706" lon="8.77738"><ele>114</ele></trkpt>
<trkpt lat="49.40653" lon="8.77760"><ele>115</ele></trkpt>
<trkpt lat="49.40609" lon="8.77773"><ele>115</ele></trkpt>
<trkpt lat="49.40510" lon="8.77783"><ele>116</ele></trkpt>
<trkpt lat="49.40450" lon="8.77781"><ele>116</ele></trkpt>
<trkpt lat="49.40380" lon="8.77770"><ele>116</ele></trkpt>
<trkpt lat="49.40300" lon="8.77749"><ele>117</ele></trkpt>
<trkpt lat="49.40117" lon="8.77688"><ele>117</ele></trkpt>
<trkpt lat="49.40034" lon="8.77650"><ele>119</ele></trkpt>
<trkpt lat="49.39993" lon="8.77627"><ele>119</ele></trkpt>
<trkpt lat="49.39864" lon="8.77544"><ele>119</ele></trkpt>
<trkpt lat="49.39773" lon="8.77491"><ele>118</ele></trkpt>
<trkpt lat="49.39744" lon="8.77477"><ele>118</ele></trkpt>
<trkpt lat="49.39690" lon="8.77461"><ele>118</ele></trkpt>
<trkpt lat="49.39621" lon="8.77451"><ele>118</ele></trkpt>
<trkpt lat="49.39584" lon="8.77451"><ele>118</ele></trkpt>
<trkpt lat="49.39548" lon="8.77454"><ele>118</ele></trkpt>
<trkpt lat="49.39490" lon="8.77466"><ele>116</ele></trkpt>
<trkpt lat="49.39450" lon="8.77483"><ele>116</ele></trkpt>
<trkpt lat="49.39416" lon="8.77504"><ele>116</ele></trkpt>
<trkpt lat="49.39374" lon="8.77542"><ele>116</ele></trkpt>
<trkpt lat="49.39355" lon="8.77566"><ele>116</ele></trkpt>
<trkpt lat="49.39349" lon="8.77557"><ele>116</ele></trkpt>
<trkpt lat="49.39331" lon="8.77587"><ele>117</ele></trkpt>
<trkpt lat="49.39318" lon="8.77617"><ele>116</ele></trkpt>
<trkpt lat="49.39292" lon="8.77710"><ele>115</ele></trkpt>
<trkpt lat="49.39256" lon="8.77921"><ele>115</ele></trkpt>
<trkpt lat="49.39254" lon="8.78001"><ele>116</ele></trkpt>
<trkpt lat="49.39260" lon="8.78060"><ele>116</ele></trkpt>
<trkpt lat="49.39299" lon="8.78225"><ele>116</ele></trkpt>
<trkpt lat="49.39282" lon="8.78244"><ele>118</ele></trkpt>
<trkpt lat="49.39263" lon="8.78257"><ele>118</ele></trkpt>
<trkpt lat="49.39212" lon="8.78262"><ele>122</ele></trkpt>
<trkpt lat="49.39217" lon="8.78367"><ele>123</ele></trkpt>
<trkpt lat="49.39321" lon="8.78774"><ele>126</ele></trkpt>
<trkpt lat="49.39369" lon="8.79042"><ele>128</ele></trkpt>
<trkpt lat="49.39377" lon="8.79161"><ele>129</ele></trkpt>
<trkpt lat="49.39378" lon="8.79266"><ele>130</ele></trkpt>
<trkpt lat="49.39372" lon="8.79308"><ele>130</ele></trkpt>
<trkpt lat="49.39359" lon="8.79349"><ele>130</ele></trkpt>
<trkpt lat="49.39303" lon="8.79466"><ele>132</ele></trkpt>
<trkpt lat="49.39268" lon="8.79515"><ele>130</ele></trkpt>
<trkpt lat="49.39235" lon="8.79552"><ele>124</ele></trkpt>
<trkpt lat="49.39197" lon="8.79569"><ele>122</ele></trkpt>
<trkpt lat="49.39194" lon="8.79577"><ele>122</ele></trkpt>
<trkpt lat="49.39198" lon="8.79614"><ele>121</ele></trkpt>
<trkpt lat="49.39193" lon="8.79718"><ele>115</ele></trkpt>
<trkpt lat="49.39205" lon="8.79716"><ele>116</ele></trkpt>
<trkpt lat="49.39210" lon="8.79710"><ele>116</ele></trkpt>
<trkpt lat="49.39209" lon="8.79680"><ele>118</ele></trkpt>
<trkpt lat="49.39217" lon="8.79662"><ele>119</ele></trkpt>
<trkpt lat="49.39229" lon="8.79656"><ele>119</ele></trkpt>
<trkpt lat="49.39285" lon="8.79647"><ele>122</ele></trkpt>
<trkpt lat="49.39317" lon="8.79650"><ele>120</ele></trkpt>
<trkpt lat="49.39330" lon="8.79640"><ele>120</ele></trkpt>
<trkpt lat="49.39373" lon="8.79587"><ele>121</ele></trkpt>
<trkpt lat="49.39392" lon="8.79580"><ele>120</ele></trkpt>
<trkpt lat="49.39467" lon="8.79577"><ele>116</ele></trkpt>
<trkpt lat="49.39478" lon="8.79664"><ele>119</ele></trkpt>
<trkpt lat="49.39492" lon="8.79701"><ele>120</ele></trkpt>
<trkpt lat="49.39386" lon="8.79760"><ele>118</ele></trkpt>
<trkpt lat="49.39344" lon="8.79774"><ele>116</ele></trkpt>
<trkpt lat="49.39272" lon="8.79817"><ele>116</ele></trkpt>
<trkpt lat="49.39223" lon="8.79817"><ele>114</ele></trkpt>
<trkpt lat="49.39155" lon="8.79828"><ele>117</ele></trkpt>
<trkpt lat="49.39109" lon="8.79818"><ele>116</ele></trkpt>
<trkpt lat="49.39020" lon="8.79836"><ele>122</ele></trkpt>
<trkpt lat="49.38940" lon="8.79825"><ele>126</ele></trkpt>
<trkpt lat="49.38833" lon="8.79796"><ele>128</ele></trkpt>
<trkpt lat="49.38700" lon="8.79737"><ele>134</ele></trkpt>
<trkpt lat="49.38649" lon="8.79701"><ele>136</ele></trkpt>
<trkpt lat="49.38564" lon="8.79634"><ele>138</ele></trkpt>
<trkpt lat="49.38422" lon="8.79570"><ele>144</ele></trkpt>
<trkpt lat="49.38242" lon="8.79427"><ele>146</ele></trkpt>
<trkpt lat="49.38222" lon="8.79414"><ele>146</ele></trkpt>
<trkpt lat="49.38160" lon="8.79387"><ele>146</ele></trkpt>
<trkpt lat="49.38135" lon="8.79371"><ele>146</ele></trkpt>
<trkpt lat="49.38103" lon="8.79339"><ele>146</ele></trkpt>
<trkpt lat="49.38066" lon="8.79288"><ele>146</ele></trkpt>
<trkpt lat="49.38056" lon="8.79236"><ele>143</ele></trkpt>
<trkpt lat="49.38056" lon="8.79216"><ele>142</ele></trkpt>
<trkpt lat="49.38090" lon="8.79069"><ele>130</ele></trkpt>
<trkpt lat="49.38128" lon="8.78999"><ele>123</ele></trkpt>
<trkpt lat="49.38135" lon="8.78976"><ele>121</ele></trkpt>
<trkpt lat="49.38134" lon="8.78961"><ele>120</ele></trkpt>
<trkpt lat="49.38131" lon="8.78954"><ele>120</ele></trkpt>
<trkpt lat="49.38100" lon="8.78923"><ele>120</ele></trkpt>
<trkpt lat="49.38147" lon="8.78777"><ele>124</ele></trkpt>
<trkpt lat="49.38088" lon="8.78734"><ele>124</ele></trkpt>
<trkpt lat="49.37983" lon="8.78675"><ele>125</ele></trkpt>
<trkpt lat="49.37871" lon="8.78638"><ele>123</ele></trkpt>
<trkpt lat="49.37799" lon="8.78628"><ele>123</ele></trkpt>
<trkpt lat="49.37758" lon="8.78629"><ele>124</ele></trkpt>
<trkpt lat="49.37672" lon="8.78644"><ele>124</ele></trkpt>
<trkpt lat="49.37586" lon="8.78679"><ele>124</ele></trkpt>
<trkpt lat="49.37454" lon="8.78713"><ele>124</ele></trkpt>
<trkpt lat="49.37324" lon="8.78728"><ele>126</ele></trkpt>
<trkpt lat="49.37200" lon="8.78728"><ele>130</ele></trkpt>
<trkpt lat="49.37054" lon="8.78717"><ele>127</ele></trkpt>
<trkpt lat="49.36932" lon="8.78724"><ele>125</ele></trkpt>
<trkpt lat="49.36901" lon="8.78722"><ele>124</ele></trkpt>
<trkpt lat="49.36857" lon="8.78715"><ele>124</ele></trkpt>
<trkpt lat="49.36845" lon="8.78697"><ele>125</ele></trkpt>
<trkpt lat="49.36838" lon="8.78679"><ele>126</ele></trkpt>
<trkpt lat="49.36840" lon="8.78667"><ele>127</ele></trkpt>
<trkpt lat="49.36843" lon="8.78650"><ele>128</ele></trkpt>
<trkpt lat="49.36854" lon="8.78624"><ele>130</ele></trkpt>
<trkpt lat="49.36871" lon="8.78614"><ele>130</ele></trkpt>
<trkpt lat="49.36963" lon="8.78605"><ele>134</ele></trkpt>
<trkpt lat="49.37011" lon="8.78589"><ele>135</ele></trkpt>
<trkpt lat="49.37048" lon="8.78560"><ele>136</ele></trkpt>
<trkpt lat="49.37064" lon="8.78536"><ele>136</ele></trkpt>
<trkpt lat="49.37078" lon="8.78501"><ele>136</ele></trkpt>
<trkpt lat="49.37086" lon="8.78460"><ele>138</ele></trkpt>
<trkpt lat="49.37089" lon="8.78413"><ele>141</ele></trkpt>
<trkpt lat="49.37085" lon="8.78241"><ele>152</ele></trkpt>
<trkpt lat="49.37090" lon="8.78168"><ele>155</ele></trkpt>
<trkpt lat="49.37103" lon="8.78097"><ele>158</ele></trkpt>
<trkpt lat="49.37153" lon="8.77873"><ele>176</ele></trkpt>
<trkpt lat="49.37182" lon="8.77775"><ele>180</ele></trkpt>
<trkpt lat="49.37185" lon="8.77749"><ele>180</ele></trkpt>
<trkpt lat="49.37188" lon="8.77674"><ele>180</ele></trkpt>
<trkpt lat="49.37200" lon="8.77578"><ele>185</ele></trkpt>
<trkpt lat="49.37199" lon="8.77552"><ele>186</ele></trkpt>
<trkpt lat="49.37186" lon="8.77509"><ele>187</ele></trkpt>
<trkpt lat="49.37174" lon="8.77488"><ele>186</ele></trkpt>
<trkpt lat="49.37111" lon="8.77419"><ele>186</ele></trkpt>
<trkpt lat="49.37102" lon="8.77402"><ele>185</ele></trkpt>
<trkpt lat="49.37101" lon="8.77385"><ele>186</ele></trkpt>
<trkpt lat="49.37109" lon="8.77356"><ele>187</ele></trkpt>
<trkpt lat="49.37129" lon="8.77317"><ele>189</ele></trkpt>
<trkpt lat="49.37151" lon="8.77248"><ele>189</ele></trkpt>
<trkpt lat="49.37237" lon="8.77149"><ele>196</ele></trkpt>
<trkpt lat="49.37273" lon="8.77064"><ele>199</ele></trkpt>
<trkpt lat="49.37237" lon="8.77093"><ele>198</ele></trkpt>
<trkpt lat="49.37201" lon="8.77109"><ele>196</ele></trkpt>
<trkpt lat="49.37176" lon="8.77111"><ele>194</ele></trkpt>
<trkpt lat="49.37118" lon="8.77096"><ele>194</ele></trkpt>
<trkpt lat="49.37060" lon="8.77116"><ele>194</ele></trkpt>
<trkpt lat="49.37046" lon="8.77291"><ele>190</ele></trkpt>
<trkpt lat="49.36997" lon="8.77311"><ele>194</ele></trkpt>
<trkpt lat="49.36958" lon="8.77342"><ele>198</ele></trkpt>
<trkpt lat="49.36947" lon="8.77341"><ele>200</ele></trkpt>
<trkpt lat="49.36927" lon="8.77325"><ele>202</ele></trkpt>
<trkpt lat="49.36880" lon="8.77270"><ele>207</ele></trkpt>
<trkpt lat="49.36881" lon="8.77231"><ele>207</ele></trkpt>
<trkpt lat="49.36820" lon="8.77293"><ele>200</ele></trkpt>
<trkpt lat="49.36765" lon="8.77380"><ele>190</ele></trkpt>
<trkpt lat="49.36722" lon="8.77434"><ele>184</ele></trkpt>
<trkpt lat="49.36673" lon="8.77525"><ele>178</ele></trkpt>
<trkpt lat="49.36584" lon="8.77643"><ele>172</ele></trkpt>
<trkpt lat="49.36555" lon="8.77662"><ele>170</ele></trkpt>
<trkpt lat="49.36518" lon="8.77672"><ele>168</ele></trkpt>
<trkpt lat="49.36447" lon="8.77754"><ele>165</ele></trkpt>
<trkpt lat="49.36409" lon="8.77791"><ele>162</ele></trkpt>
<trkpt lat="49.36356" lon="8.77835"><ele>157</ele></trkpt>
<trkpt lat="49.36263" lon="8.77898"><ele>149</ele></trkpt>
<trkpt lat="49.36185" lon="8.77942"><ele>144</ele></trkpt>
<trkpt lat="49.36138" lon="8.77979"><ele>140</ele></trkpt>
<trkpt lat="49.36045" lon="8.78095"><ele>139</ele></trkpt>
<trkpt lat="49.36027" lon="8.78082"><ele>139</ele></trkpt>
<trkpt lat="49.36014" lon="8.78080"><ele>138</ele></trkpt>
<trkpt lat="49.35994" lon="8.78088"><ele>138</ele></trkpt>
<trkpt lat="49.35930" lon="8.78126"><ele>133</ele></trkpt>
<trkpt lat="49.35891" lon="8.78120"><ele>130</ele></trkpt>
<trkpt lat="49.35827" lon="8.78167"><ele>128</ele></trkpt>
<trkpt lat="49.35815" lon="8.78171"><ele>127</ele></trkpt>
<trkpt lat="49.35806" lon="8.78132"><ele>127</ele></trkpt>
<trkpt lat="49.35784" lon="8.78088"><ele>127</ele></trkpt>
<trkpt lat="49.35769" lon="8.78050"><ele>127</ele></trkpt>
<trkpt lat="49.35755" lon="8.77980"><ele>127</ele></trkpt>
<trkpt lat="49.35745" lon="8.77891"><ele>128</ele></trkpt>
<trkpt lat="49.35732" lon="8.77828"><ele>129</ele></trkpt>
<trkpt lat="49.35725" lon="8.77812"><ele>130</ele></trkpt>
<trkpt lat="49.35662" lon="8.77712"><ele>130</ele></trkpt>
<trkpt lat="49.35656" lon="8.77708"><ele>130</ele></trkpt>
<trkpt lat="49.35591" lon="8.77612"><ele>130</ele></trkpt>
<trkpt lat="49.35576" lon="8.77595"><ele>130</ele></trkpt>
<trkpt lat="49.35599" lon="8.77560"><ele>133</ele></trkpt>
<trkpt lat="49.35596" lon="8.77507"><ele>134</ele></trkpt>
<trkpt lat="49.35567" lon="8.77389"><ele>133</ele></trkpt>
<trkpt lat="49.35539" lon="8.77304"><ele>130</ele></trkpt>
<trkpt lat="49.35505" lon="8.77223"><ele>129</ele></trkpt>
<trkpt lat="49.35495" lon="8.77181"><ele>130</ele></trkpt>
<trkpt lat="49.35483" lon="8.77089"><ele>132</ele></trkpt>
<trkpt lat="49.35477" lon="8.76932"><ele>132</ele></trkpt>
<trkpt lat="49.35462" lon="8.76864"><ele>130</ele></trkpt>
<trkpt lat="49.35373" lon="8.76879"><ele>127</ele></trkpt>
<trkpt lat="49.35278" lon="8.76844"><ele>127</ele></trkpt>
<trkpt lat="49.35264" lon="8.76842"><ele>127</ele></trkpt>
<trkpt lat="49.35240" lon="8.76847"><ele>127</ele></trkpt>
<trkpt lat="49.35139" lon="8.76881"><ele>128</ele></trkpt>
<trkpt lat="49.35119" lon="8.76895"><ele>128</ele></trkpt>
<trkpt lat="49.35099" lon="8.76920"><ele>128</ele></trkpt>
<trkpt lat="49.35050" lon="8.77032"><ele>128</ele></trkpt>
<trkpt lat="49.35033" lon="8.77055"><ele>128</ele></trkpt>
<trkpt lat="49.35026" lon="8.77022"><ele>128</ele></trkpt>
<trkpt lat="49.34953" lon="8.77039"><ele>129</ele></trkpt>
<trkpt lat="49.34936" lon="8.77036"><ele>129</ele></trkpt>
<trkpt lat="49.34915" lon="8.77024"><ele>130</ele></trkpt>
<trkpt lat="49.34858" lon="8.76984"><ele>132</ele></trkpt>
<trkpt lat="49.34808" lon="8.76937"><ele>132</ele></trkpt>
<trkpt lat="49.34835" lon="8.76587"><ele>144</ele></trkpt>
<trkpt lat="49.34788" lon="8.76555"><ele>145</ele></trkpt>
<trkpt lat="49.34735" lon="8.76532"><ele>146</ele></trkpt>
<trkpt lat="49.34698" lon="8.76522"><ele>149</ele></trkpt>
<trkpt lat="49.34625" lon="8.76512"><ele>154</ele></trkpt>
<trkpt lat="49.34490" lon="8.76506"><ele>165</ele></trkpt>
<trkpt lat="49.34238" lon="8.76514"><ele>192</ele></trkpt>
<trkpt lat="49.34198" lon="8.76500"><ele>197</ele></trkpt>
<trkpt lat="49.34164" lon="8.76477"><ele>201</ele></trkpt>
<trkpt lat="49.34055" lon="8.76387"><ele>213</ele></trkpt>
<trkpt lat="49.34009" lon="8.76342"><ele>216</ele></trkpt>
<trkpt lat="49.33945" lon="8.76251"><ele>217</ele></trkpt>
<trkpt lat="49.33936" lon="8.76234"><ele>217</ele></trkpt>
<trkpt lat="49.33987" lon="8.76181"><ele>219</ele></trkpt>
<trkpt lat="49.33941" lon="8.76061"><ele>214</ele></trkpt>
<trkpt lat="49.33909" lon="8.75965"><ele>210</ele></trkpt>
<trkpt lat="49.33901" lon="8.75917"><ele>207</ele></trkpt>
<trkpt lat="49.33902" lon="8.75880"><ele>206</ele></trkpt>
<trkpt lat="49.33907" lon="8.75849"><ele>205</ele></trkpt>
<trkpt lat="49.33916" lon="8.75818"><ele>205</ele></trkpt>
<trkpt lat="49.33933" lon="8.75782"><ele>204</ele></trkpt>
<trkpt lat="49.33951" lon="8.75756"><ele>203</ele></trkpt>
<trkpt lat="49.33954" lon="8.75750"><ele>202</ele></trkpt>
<trkpt lat="49.33954" lon="8.75739"><ele>202</ele></trkpt>
<trkpt lat="49.33994" lon="8.75716"><ele>202</ele></trkpt>
<trkpt lat="49.34064" lon="8.75659"><ele>203</ele></trkpt>
<trkpt lat="49.34109" lon="8.75632"><ele>204</ele></trkpt>
<trkpt lat="49.34121" lon="8.75617"><ele>204</ele></trkpt>
<trkpt lat="49.34149" lon="8.75565"><ele>205</ele></trkpt>
<trkpt lat="49.34187" lon="8.75508"><ele>205</ele></trkpt>
<trkpt lat="49.34203" lon="8.75461"><ele>205</ele></trkpt>
<trkpt lat="49.34226" lon="8.75437"><ele>206</ele></trkpt>
<trkpt lat="49.34262" lon="8.75415"><ele>208</ele></trkpt>
<trkpt lat="49.34296" lon="8.75406"><ele>209</ele></trkpt>
<trkpt lat="49.34345" lon="8.75386"><ele>210</ele></trkpt>
<trkpt lat="49.34423" lon="8.75367"><ele>212</ele></trkpt>
<trkpt lat="49.34594" lon="8.75289"><ele>223</ele></trkpt>
<trkpt lat="49.34691" lon="8.75252"><ele>228</ele></trkpt>
<trkpt lat="49.34723" lon="8.75232"><ele>230</ele></trkpt>
<trkpt lat="49.34785" lon="8.75183"><ele>232</ele></trkpt>
<trkpt lat="49.35043" lon="8.75061"><ele>251</ele></trkpt>
<trkpt lat="49.35195" lon="8.74973"><ele>262</ele></trkpt>
<trkpt lat="49.35330" lon="8.74914"><ele>273</ele></trkpt>
<trkpt lat="49.35378" lon="8.74881"><ele>277</ele></trkpt>
<trkpt lat="49.35424" lon="8.74837"><ele>280</ele></trkpt>
<trkpt lat="49.35473" lon="8.74766"><ele>282</ele></trkpt>
<trkpt lat="49.35507" lon="8.74695"><ele>286</ele></trkpt>
<trkpt lat="49.35551" lon="8.74580"><ele>292</ele></trkpt>
<trkpt lat="49.35575" lon="8.74533"><ele>295</ele></trkpt>
<trkpt lat="49.35596" lon="8.74503"><ele>297</ele></trkpt>
<trkpt lat="49.35622" lon="8.74475"><ele>300</ele></trkpt>
<trkpt lat="49.35661" lon="8.74448"><ele>304</ele></trkpt>
<trkpt lat="49.35801" lon="8.74400"><ele>311</ele></trkpt>
<trkpt lat="49.35939" lon="8.74326"><ele>317</ele></trkpt>
<trkpt lat="49.36027" lon="8.74296"><ele>320</ele></trkpt>
<trkpt lat="49.36115" lon="8.74288"><ele>321</ele></trkpt>
<trkpt lat="49.36163" lon="8.74294"><ele>322</ele></trkpt>
<trkpt lat="49.36198" lon="8.74310"><ele>323</ele></trkpt>
<trkpt lat="49.36200" lon="8.74329"><ele>323</ele></trkpt>
<trkpt lat="49.36210" lon="8.74340"><ele>323</ele></trkpt>
<trkpt lat="49.36222" lon="8.74333"><ele>324</ele></trkpt>
<trkpt lat="49.36226" lon="8.74313"><ele>324</ele></trkpt>
<trkpt lat="49.36235" lon="8.74310"><ele>324</ele></trkpt>
<trkpt lat="49.36309" lon="8.74324"><ele>326</ele></trkpt>
<trkpt lat="49.36340" lon="8.74323"><ele>329</ele></trkpt>
<trkpt lat="49.36400" lon="8.74307"><ele>330</ele></trkpt>
<trkpt lat="49.36457" lon="8.74273"><ele>332</ele></trkpt>
<trkpt lat="49.36492" lon="8.74240"><ele>334</ele></trkpt>
<trkpt lat="49.36534" lon="8.74191"><ele>335</ele></trkpt>
<trkpt lat="49.36652" lon="8.74031"><ele>342</ele></trkpt>
<trkpt lat="49.36676" lon="8.74004"><ele>343</ele></trkpt>
<trkpt lat="49.36700" lon="8.73985"><ele>344</ele></trkpt>
<trkpt lat="49.36731" lon="8.73971"><ele>345</ele></trkpt>
<trkpt lat="49.36754" lon="8.73966"><ele>346</ele></trkpt>
<trkpt lat="49.36781" lon="8.73967"><ele>348</ele></trkpt>
<trkpt lat="49.36855" lon="8.73980"><ele>355</ele></trkpt>
<trkpt lat="49.36877" lon="8.73978"><ele>358</ele></trkpt>
<trkpt lat="49.36909" lon="8.73968"><ele>361</ele></trkpt>
<trkpt lat="49.36941" lon="8.73945"><ele>364</ele></trkpt>
<trkpt lat="49.36976" lon="8.73903"><ele>370</ele></trkpt>
<trkpt lat="49.36997" lon="8.73860"><ele>374</ele></trkpt>
<trkpt lat="49.37127" lon="8.73424"><ele>406</ele></trkpt>
<trkpt lat="49.37165" lon="8.73322"><ele>412</ele></trkpt>
<trkpt lat="49.37202" lon="8.73240"><ele>416</ele></trkpt>
<trkpt lat="49.37236" lon="8.73176"><ele>421</ele></trkpt>
<trkpt lat="49.37265" lon="8.73126"><ele>424</ele></trkpt>
<trkpt lat="49.37325" lon="8.73039"><ele>433</ele></trkpt>
<trkpt lat="49.37562" lon="8.72751"><ele>445</ele></trkpt>
<trkpt lat="49.37696" lon="8.72620"><ele>456</ele></trkpt>
<trkpt lat="49.37828" lon="8.72526"><ele>466</ele></trkpt>
<trkpt lat="49.37966" lon="8.72451"><ele>464</ele></trkpt>
<trkpt lat="49.37984" lon="8.72440"><ele>464</ele></trkpt>
<trkpt lat="49.37997" lon="8.72427"><ele>463</ele></trkpt>
<trkpt lat="49.38012" lon="8.72464"><ele>464</ele></trkpt>
<trkpt lat="49.38121" lon="8.72675"><ele>467</ele></trkpt>
<trkpt lat="49.38138" lon="8.72703"><ele>468</ele></trkpt>
<trkpt lat="49.38150" lon="8.72715"><ele>468</ele></trkpt>
<trkpt lat="49.38171" lon="8.72729"><ele>468</ele></trkpt>
<trkpt lat="49.38184" lon="8.72731"><ele>467</ele></trkpt>
<trkpt lat="49.38260" lon="8.72727"><ele>468</ele></trkpt>
<trkpt lat="49.38308" lon="8.72730"><ele>469</ele></trkpt>
<trkpt lat="49.38346" lon="8.72748"><ele>470</ele></trkpt>
<trkpt lat="49.38363" lon="8.72768"><ele>472</ele></trkpt>
<trkpt lat="49.38371" lon="8.72788"><ele>471</ele></trkpt>
<trkpt lat="49.38380" lon="8.72852"><ele>471</ele></trkpt>
<trkpt lat="49.38400" lon="8.72940"><ele>472</ele></trkpt>
<trkpt lat="49.38415" lon="8.73034"><ele>472</ele></trkpt>
<trkpt lat="49.38420" lon="8.73084"><ele>472</ele></trkpt>
<trkpt lat="49.38431" lon="8.73249"><ele>472</ele></trkpt>
<trkpt lat="49.38441" lon="8.73301"><ele>472</ele></trkpt>
<trkpt lat="49.38450" lon="8.73327"><ele>473</ele></trkpt>
<trkpt lat="49.38463" lon="8.73352"><ele>473</ele></trkpt>
<trkpt lat="49.38472" lon="8.73357"><ele>473</ele></trkpt>
<trkpt lat="49.38486" lon="8.73358"><ele>473</ele></trkpt>
<trkpt lat="49.38501" lon="8.73352"><ele>473</ele></trkpt>
<trkpt lat="49.38523" lon="8.73337"><ele>472</ele></trkpt>
<trkpt lat="49.38559" lon="8.73292"><ele>472</ele></trkpt>
<trkpt lat="49.38636" lon="8.73173"><ele>472</ele></trkpt>
<trkpt lat="49.38676" lon="8.73132"><ele>471</ele></trkpt>
<trkpt lat="49.38697" lon="8.73118"><ele>470</ele></trkpt>
<trkpt lat="49.38757" lon="8.73102"><ele>468</ele></trkpt>
<trkpt lat="49.38793" lon="8.73100"><ele>468</ele></trkpt>
<trkpt lat="49.38866" lon="8.73123"><ele>468</ele></trkpt>
<trkpt lat="49.38881" lon="8.73132"><ele>468</ele></trkpt>
<trkpt lat="49.38888" lon="8.73154"><ele>469</ele></trkpt>
<trkpt lat="49.38886" lon="8.73222"><ele>468</ele></trkpt>
<trkpt lat="49.38891" lon="8.73304"><ele>471</ele></trkpt>
<trkpt lat="49.38900" lon="8.73386"><ele>473</ele></trkpt>
<trkpt lat="49.38911" lon="8.73428"><ele>474</ele></trkpt>
<trkpt lat="49.38928" lon="8.73478"><ele>476</ele></trkpt>
<trkpt lat="49.38942" lon="8.73509"><ele>477</ele></trkpt>
<trkpt lat="49.39006" lon="8.73601"><ele>480</ele></trkpt>
<trkpt lat="49.39037" lon="8.73587"><ele>481</ele></trkpt>
<trkpt lat="49.39054" lon="8.73567"><ele>482</ele></trkpt>
<trkpt lat="49.39078" lon="8.73527"><ele>483</ele></trkpt>
<trkpt lat="49.39129" lon="8.73455"><ele>486</ele></trkpt>
<trkpt lat="49.39169" lon="8.73382"><ele>490</ele></trkpt>
<trkpt lat="49.39207" lon="8.73320"><ele>494</ele></trkpt>
<trkpt lat="49.39242" lon="8.73254"><ele>498</ele></trkpt>
<trkpt lat="49.39297" lon="8.73176"><ele>504</ele></trkpt>
<trkpt lat="49.39327" lon="8.73122"><ele>508</ele></trkpt>
<trkpt lat="49.39341" lon="8.73107"><ele>509</ele></trkpt>
<trkpt lat="49.39492" lon="8.73018"><ele>519</ele></trkpt>
<trkpt lat="49.39562" lon="8.72988"><ele>523</ele></trkpt>
<trkpt lat="49.39687" lon="8.72923"><ele>531</ele></trkpt>
<trkpt lat="49.39713" lon="8.72917"><ele>533</ele></trkpt>
<trkpt lat="49.39738" lon="8.72917"><ele>535</ele></trkpt>
<trkpt lat="49.39794" lon="8.72935"><ele>536</ele></trkpt>
<trkpt lat="49.39816" lon="8.72937"><ele>537</ele></trkpt>
<trkpt lat="49.39851" lon="8.72929"><ele>540</ele></trkpt>
<trkpt lat="49.39888" lon="8.72913"><ele>541</ele></trkpt>
<trkpt lat="49.39937" lon="8.72879"><ele>544</ele></trkpt>
<trkpt lat="49.40001" lon="8.72799"><ele>547</ele></trkpt>
<trkpt lat="49.40045" lon="8.72755"><ele>544</ele></trkpt>
<trkpt lat="49.40065" lon="8.72740"><ele>544</ele></trkpt>
<trkpt lat="49.40069" lon="8.72732"><ele>543</ele></trkpt>
<trkpt lat="49.40051" lon="8.72674"><ele>540</ele></trkpt>
<trkpt lat="49.40037" lon="8.72608"><ele>536</ele></trkpt>
<trkpt lat="49.39996" lon="8.72505"><ele>529</ele></trkpt>
<trkpt lat="49.39976" lon="8.72408"><ele>523</ele></trkpt>
<trkpt lat="49.39967" lon="8.72345"><ele>519</ele></trkpt>
<trkpt lat="49.39941" lon="8.72129"><ele>505</ele></trkpt>
<trkpt lat="49.39928" lon="8.72072"><ele>502</ele></trkpt>
<trkpt lat="49.39900" lon="8.71999"><ele>497</ele></trkpt>
<trkpt lat="49.39879" lon="8.71962"><ele>494</ele></trkpt>
<trkpt lat="49.39832" lon="8.71897"><ele>489</ele></trkpt>
<trkpt lat="49.39799" lon="8.71854"><ele>483</ele></trkpt>
<trkpt lat="49.39761" lon="8.71813"><ele>479</ele></trkpt>
<trkpt lat="49.39706" lon="8.71766"><ele>473</ele></trkpt>
<trkpt lat="49.39620" lon="8.71712"><ele>464</ele></trkpt>
<trkpt lat="49.39582" lon="8.71693"><ele>462</ele></trkpt>
<trkpt lat="49.39527" lon="8.71682"><ele>464</ele></trkpt>
<trkpt lat="49.39522" lon="8.71675"><ele>462</ele></trkpt>
<trkpt lat="49.39520" lon="8.71664"><ele>460</ele></trkpt>
<trkpt lat="49.39523" lon="8.71656"><ele>458</ele></trkpt>
<trkpt lat="49.39531" lon="8.71647"><ele>454</ele></trkpt>
<trkpt lat="49.39686" lon="8.71603"><ele>432</ele></trkpt>
<trkpt lat="49.39992" lon="8.71501"><ele>396</ele></trkpt>
<trkpt lat="49.40033" lon="8.71468"><ele>391</ele></trkpt>
<trkpt lat="49.40056" lon="8.71444"><ele>389</ele></trkpt>
<trkpt lat="49.40082" lon="8.71406"><ele>385</ele></trkpt>
<trkpt lat="49.40118" lon="8.71343"><ele>380</ele></trkpt>
<trkpt lat="49.40120" lon="8.71335"><ele>379</ele></trkpt>
<trkpt lat="49.40135" lon="8.71321"><ele>378</ele></trkpt>
<trkpt lat="49.40146" lon="8.71321"><ele>377</ele></trkpt>
<trkpt lat="49.40158" lon="8.71331"><ele>375</ele></trkpt>
<trkpt lat="49.40165" lon="8.71346"><ele>375</ele></trkpt>
<trkpt lat="49.40213" lon="8.71551"><ele>362</ele></trkpt>
<trkpt lat="49.40231" lon="8.71697"><ele>354</ele></trkpt>
<trkpt lat="49.40257" lon="8.71822"><ele>346</ele></trkpt>
<trkpt lat="49.40279" lon="8.71913"><ele>341</ele></trkpt>
<trkpt lat="49.40292" lon="8.71951"><ele>339</ele></trkpt>
<trkpt lat="49.40301" lon="8.71964"><ele>337</ele></trkpt>
<trkpt lat="49.40317" lon="8.71964"><ele>336</ele></trkpt>
<trkpt lat="49.40355" lon="8.71915"><ele>332</ele></trkpt>
<trkpt lat="49.40389" lon="8.71883"><ele>333</ele></trkpt>
<trkpt lat="49.40463" lon="8.71771"><ele>325</ele></trkpt>
<trkpt lat="49.40492" lon="8.71739"><ele>321</ele></trkpt>
<trkpt lat="49.40522" lon="8.71714"><ele>316</ele></trkpt>
<trkpt lat="49.40550" lon="8.71675"><ele>309</ele></trkpt>
<trkpt lat="49.40571" lon="8.71641"><ele>306</ele></trkpt>
<trkpt lat="49.40590" lon="8.71600"><ele>304</ele></trkpt>
<trkpt lat="49.40614" lon="8.71531"><ele>299</ele></trkpt>
<trkpt lat="49.40626" lon="8.71475"><ele>294</ele></trkpt>
<trkpt lat="49.40635" lon="8.71471"><ele>295</ele></trkpt>
<trkpt lat="49.40711" lon="8.71506"><ele>293</ele></trkpt>
<trkpt lat="49.40735" lon="8.71549"><ele>289</ele></trkpt>
<trkpt lat="49.40801" lon="8.71649"><ele>280</ele></trkpt>
<trkpt lat="49.40828" lon="8.71704"><ele>275</ele></trkpt>
<trkpt lat="49.40835" lon="8.71725"><ele>274</ele></trkpt>
<trkpt lat="49.40841" lon="8.71762"><ele>272</ele></trkpt>
<trkpt lat="49.40845" lon="8.71858"><ele>267</ele></trkpt>
<trkpt lat="49.40844" lon="8.72031"><ele>263</ele></trkpt>
<trkpt lat="49.40850" lon="8.72080"><ele>261</ele></trkpt>
<trkpt lat="49.40856" lon="8.72089"><ele>259</ele></trkpt>
<trkpt lat="49.40866" lon="8.72088"><ele>256</ele></trkpt>
<trkpt lat="49.40871" lon="8.72081"><ele>254</ele></trkpt>
<trkpt lat="49.40868" lon="8.72028"><ele>252</ele></trkpt>
<trkpt lat="49.40873" lon="8.71991"><ele>250</ele></trkpt>
<trkpt lat="49.40903" lon="8.71862"><ele>235</ele></trkpt>
<trkpt lat="49.40935" lon="8.71766"><ele>221</ele></trkpt>
<trkpt lat="49.40937" lon="8.71671"><ele>216</ele></trkpt>
<trkpt lat="49.40942" lon="8.71663"><ele>213</ele></trkpt>
<trkpt lat="49.40957" lon="8.71867"><ele>214</ele></trkpt>
<trkpt lat="49.40964" lon="8.71926"><ele>213</ele></trkpt>
<trkpt lat="49.40973" lon="8.71949"><ele>213</ele></trkpt>
<trkpt lat="49.41007" lon="8.71983"><ele>213</ele></trkpt>
<trkpt lat="49.41021" lon="8.71986"><ele>214</ele></trkpt>
<trkpt lat="49.41063" lon="8.71977"><ele>214</ele></trkpt>
<trkpt lat="49.41127" lon="8.71932"><ele>214</ele></trkpt>
<trkpt lat="49.41158" lon="8.71928"><ele>217</ele></trkpt>
<trkpt lat="49.41176" lon="8.71937"><ele>220</ele></trkpt>
<trkpt lat="49.41258" lon="8.72019"><ele>221</ele></trkpt>
<trkpt lat="49.41286" lon="8.72068"><ele>222</ele></trkpt>
<trkpt lat="49.41328" lon="8.72193"><ele>225</ele></trkpt>
<trkpt lat="49.41334" lon="8.72216"><ele>224</ele></trkpt>
<trkpt lat="49.41346" lon="8.72323"><ele>223</ele></trkpt>
<trkpt lat="49.41353" lon="8.72350"><ele>223</ele></trkpt>
<trkpt lat="49.41388" lon="8.72426"><ele>222</ele></trkpt>
<trkpt lat="49.41401" lon="8.72440"><ele>222</ele></trkpt>
<trkpt lat="49.41429" lon="8.72455"><ele>218</ele></trkpt>
<trkpt lat="49.41486" lon="8.72554"><ele>216</ele></trkpt>
<trkpt lat="49.41497" lon="8.72585"><ele>216</ele></trkpt>
<trkpt lat="49.41531" lon="8.72723"><ele>212</ele></trkpt>
<trkpt lat="49.41578" lon="8.72882"><ele>204</ele></trkpt>
<trkpt lat="49.41559" lon="8.72940"><ele>207</ele></trkpt>
<trkpt lat="49.41563" lon="8.73007"><ele>205</ele></trkpt>
<trkpt lat="49.41552" lon="8.73083"><ele>208</ele></trkpt>
<trkpt lat="49.41551" lon="8.73106"><ele>210</ele></trkpt>
<trkpt lat="49.41556" lon="8.73137"><ele>210</ele></trkpt>
<trkpt lat="49.41590" lon="8.73231"><ele>212</ele></trkpt>
<trkpt lat="49.41595" lon="8.73256"><ele>211</ele></trkpt>
<trkpt lat="49.41594" lon="8.73273"><ele>210</ele></trkpt>
<trkpt lat="49.41586" lon="8.73315"><ele>209</ele></trkpt>
<trkpt lat="49.41573" lon="8.73358"><ele>208</ele></trkpt>
<trkpt lat="49.41513" lon="8.73531"><ele>206</ele></trkpt>
<trkpt lat="49.41505" lon="8.73586"><ele>204</ele></trkpt>
<trkpt lat="49.41504" lon="8.73656"><ele>200</ele></trkpt>
<trkpt lat="49.41497" lon="8.73696"><ele>200</ele></trkpt>
<trkpt lat="49.41490" lon="8.73717"><ele>200</ele></trkpt>
<trkpt lat="49.41471" lon="8.73748"><ele>196</ele></trkpt>
<trkpt lat="49.41454" lon="8.73768"><ele>196</ele></trkpt>
<trkpt lat="49.41380" lon="8.73775"><ele>195</ele></trkpt>
<trkpt lat="49.41350" lon="8.73793"><ele>192</ele></trkpt>
<trkpt lat="49.41342" lon="8.73805"><ele>190</ele></trkpt>
<trkpt lat="49.41339" lon="8.73824"><ele>189</ele></trkpt>
<trkpt lat="49.41344" lon="8.73887"><ele>185</ele></trkpt>
<trkpt lat="49.41327" lon="8.74204"><ele>174</ele></trkpt>
<trkpt lat="49.41324" lon="8.74422"><ele>169</ele></trkpt>
<trkpt lat="49.41318" lon="8.74492"><ele>166</ele></trkpt>
<trkpt lat="49.41307" lon="8.74537"><ele>164</ele></trkpt>
<trkpt lat="49.41291" lon="8.74565"><ele>162</ele></trkpt>
<trkpt lat="49.41288" lon="8.74576"><ele>160</ele></trkpt>
<trkpt lat="49.41215" lon="8.74550"><ele>167</ele></trkpt>
<trkpt lat="49.41176" lon="8.74542"><ele>171</ele></trkpt>
<trkpt lat="49.41125" lon="8.74543"><ele>174</ele></trkpt>
<trkpt lat="49.40984" lon="8.74572"><ele>182</ele></trkpt>
<trkpt lat="49.40967" lon="8.74597"><ele>182</ele></trkpt>
<trkpt lat="49.40962" lon="8.74615"><ele>182</ele></trkpt>
<trkpt lat="49.40965" lon="8.74627"><ele>183</ele></trkpt>
<trkpt lat="49.40973" lon="8.74636"><ele>182</ele></trkpt>
<trkpt lat="49.41016" lon="8.74661"><ele>181</ele></trkpt>
<trkpt lat="49.41088" lon="8.74726"><ele>181</ele></trkpt>
<trkpt lat="49.41216" lon="8.74930"><ele>185</ele></trkpt>
<trkpt lat="49.41238" lon="8.74974"><ele>187</ele></trkpt>
<trkpt lat="49.41244" lon="8.75015"><ele>188</ele></trkpt>
<trkpt lat="49.41238" lon="8.75079"><ele>186</ele></trkpt>
<trkpt lat="49.41224" lon="8.75132"><ele>187</ele></trkpt>
<trkpt lat="49.41206" lon="8.75185"><ele>190</ele></trkpt>
<trkpt lat="49.41203" lon="8.75205"><ele>192</ele></trkpt>
<trkpt lat="49.41205" lon="8.75222"><ele>192</ele></trkpt>
<trkpt lat="49.41209" lon="8.75235"><ele>193</ele></trkpt>
<trkpt lat="49.41218" lon="8.75249"><ele>192</ele></trkpt>
<trkpt lat="49.41331" lon="8.75395"><ele>193</ele></trkpt>
<trkpt lat="49.41365" lon="8.75412"><ele>190</ele></trkpt>
<trkpt lat="49.41374" lon="8.75422"><ele>189</ele></trkpt>
<trkpt lat="49.41415" lon="8.75508"><ele>184</ele></trkpt>
<trkpt lat="49.41445" lon="8.75624"><ele>171</ele></trkpt>
<trkpt lat="49.41456" lon="8.75731"><ele>161</ele></trkpt>
<trkpt lat="49.41476" lon="8.75784"><ele>152</ele></trkpt>
<trkpt lat="49.41491" lon="8.75837"><ele>144</ele></trkpt>
<trkpt lat="49.41497" lon="8.75870"><ele>141</ele></trkpt>
<trkpt lat="49.41499" lon="8.75976"><ele>132</ele></trkpt>
<trkpt lat="49.41495" lon="8.76046"><ele>126</ele></trkpt>
<trkpt lat="49.41508" lon="8.76071"><ele>123</ele></trkpt>
<trkpt lat="49.41511" lon="8.76085"><ele>122</ele></trkpt>
<trkpt lat="49.41491" lon="8.76181"><ele>121</ele></trkpt>
<trkpt lat="49.41516" lon="8.76182"><ele>118</ele></trkpt>
<trkpt lat="49.41525" lon="8.76175"><ele>118</ele></trkpt>
<trkpt lat="49.41528" lon="8.76167"><ele>118</ele></trkpt>
<trkpt lat="49.41727" lon="8.76294"><ele>116</ele></trkpt>
<trkpt lat="49.41736" lon="8.76312"><ele>118</ele></trkpt>
<trkpt lat="49.41735" lon="8.76332"><ele>118</ele></trkpt>
<trkpt lat="49.41682" lon="8.76487"><ele>119</ele></trkpt>
<trkpt lat="49.41618" lon="8.76620"><ele>117</ele></trkpt>
<trkpt lat="49.41614" lon="8.76628"><ele>117</ele></trkpt>
<trkpt lat="49.41604" lon="8.76628"><ele>115</ele></trkpt>
<trkpt lat="49.41604" lon="8.76660"><ele>117</ele></trkpt>
<trkpt lat="49.41580" lon="8.76735"><ele>116</ele></trkpt>
<trkpt lat="49.41574" lon="8.76742"><ele>114</ele></trkpt>
<trkpt lat="49.41561" lon="8.76941"><ele>114</ele></trkpt>
<trkpt lat="49.41546" lon="8.77055"><ele>114</ele></trkpt>
<trkpt lat="49.41510" lon="8.77237"><ele>114</ele></trkpt>
<trkpt lat="49.41461" lon="8.77439"><ele>122</ele></trkpt>
<trkpt lat="49.41446" lon="8.77477"><ele>119</ele></trkpt>
<trkpt lat="49.41421" lon="8.77519"><ele>119</ele></trkpt>
<trkpt lat="49.41397" lon="8.77547"><ele>121</ele></trkpt>
<trkpt lat="49.41362" lon="8.77577"><ele>122</ele></trkpt>
<trkpt lat="49.41260" lon="8.77662"><ele>120</ele></trkpt>
<trkpt lat="49.41209" lon="8.77699"><ele>118</ele></trkpt>
<trkpt lat="49.40810" lon="8.77947"><ele>127</ele></trkpt>
<trkpt lat="49.40683" lon="8.78011"><ele>118</ele></trkpt>
<trkpt lat="49.40599" lon="8.78043"><ele>118</ele></trkpt>
<trkpt lat="49.40484" lon="8.78063"><ele>119</ele></trkpt>
<trkpt lat="49.40415" lon="8.78061"><ele>120</ele></trkpt>
<trkpt lat="49.40324" lon="8.78049"><ele>123</ele></trkpt>
<trkpt lat="49.40310" lon="8.78053"><ele>124</ele></trkpt>
<trkpt lat="49.40282" lon="8.78051"><ele>125</ele></trkpt>
<trkpt lat="49.40077" lon="8.78000"><ele>129</ele></trkpt>
<trkpt lat="49.40063" lon="8.77989"><ele>129</ele></trkpt>
<trkpt lat="49.39945" lon="8.77961"><ele>132</ele></trkpt>
<trkpt lat="49.39846" lon="8.77949"><ele>133</ele></trkpt>
<trkpt lat="49.39816" lon="8.77954"><ele>134</ele></trkpt>
<trkpt lat="49.39781" lon="8.77967"><ele>137</ele></trkpt>
<trkpt lat="49.39727" lon="8.78002"><ele>137</ele></trkpt>
<trkpt lat="49.39706" lon="8.78023"><ele>136</ele></trkpt>
<trkpt lat="49.39674" lon="8.78066"><ele>136</ele></trkpt>
<trkpt lat="49.39644" lon="8.78124"><ele>136</ele></trkpt>
<trkpt lat="49.39622" lon="8.78192"><ele>137</ele></trkpt>
<trkpt lat="49.39610" lon="8.78253"><ele>136</ele></trkpt>
<trkpt lat="49.39605" lon="8.78333"><ele>133</ele></trkpt>
<trkpt lat="49.39607" lon="8.78391"><ele>131</ele></trkpt>
<trkpt lat="49.39619" lon="8.78479"><ele>130</ele></trkpt>
<trkpt lat="49.39668" lon="8.78728"><ele>130</ele></trkpt>
<trkpt lat="49.39761" lon="8.79240"><ele>122</ele></trkpt>
<trkpt lat="49.39775" lon="8.79345"><ele>121</ele></trkpt>
<trkpt lat="49.39778" lon="8.79398"><ele>120</ele></trkpt>
<trkpt lat="49.39782" lon="8.79525"><ele>120</ele></trkpt>
<trkpt lat="49.39780" lon="8.79596"><ele>120</ele></trkpt>
<trkpt lat="49.39773" lon="8.79642"><ele>119</ele></trkpt>
<trkpt lat="49.39746" lon="8.79744"><ele>118</ele></trkpt>
<trkpt lat="49.39738" lon="8.79798"><ele>117</ele></trkpt>
<trkpt lat="49.39654" lon="8.79855"><ele>112</ele></trkpt>
<trkpt lat="49.39647" lon="8.79881"><ele>112</ele></trkpt>
<trkpt lat="49.39640" lon="8.79884"><ele>112</ele></trkpt>
<trkpt lat="49.39596" lon="8.79984"><ele>113</ele></trkpt>
<trkpt lat="49.39460" lon="8.80328"><ele>112</ele></trkpt>
<trkpt lat="49.39371" lon="8.80598"><ele>112</ele></trkpt>
<trkpt lat="49.39359" lon="8.80644"><ele>113</ele></trkpt>
<trkpt lat="49.39309" lon="8.80803"><ele>114</ele></trkpt>
<trkpt lat="49.39265" lon="8.81003"><ele>114</ele></trkpt>
<trkpt lat="49.39260" lon="8.81144"><ele>114</ele></trkpt>
<trkpt lat="49.39268" lon="8.81322"><ele>116</ele></trkpt>
<trkpt lat="49.39283" lon="8.81521"><ele>115</ele></trkpt>
<trkpt lat="49.39291" lon="8.81587"><ele>114</ele></trkpt>
<trkpt lat="49.39318" lon="8.81777"><ele>114</ele></trkpt>
<trkpt lat="49.39341" lon="8.81851"><ele>114</ele></trkpt>
<trkpt lat="49.39358" lon="8.81886"><ele>114</ele></trkpt>
<trkpt lat="49.39371" lon="8.81908"><ele>114</ele></trkpt>
<trkpt lat="49.39423" lon="8.81975"><ele>114</ele></trkpt>
<trkpt lat="49.39458" lon="8.82010"><ele>115</ele></trkpt>
<trkpt lat="49.39632" lon="8.82163"><ele>115</ele></trkpt>
<trkpt lat="49.39652" lon="8.82177"><ele>114</ele></trkpt>
<trkpt lat="49.39798" lon="8.82242"><ele>118</ele></trkpt>
<trkpt lat="49.39887" lon="8.82300"><ele>119</ele></trkpt>
<trkpt lat="49.40093" lon="8.82417"><ele>121</ele></trkpt>
<trkpt lat="49.40205" lon="8.82466"><ele>122</ele></trkpt>
<trkpt lat="49.40233" lon="8.82475"><ele>122</ele></trkpt>
<trkpt lat="49.40495" lon="8.82505"><ele>123</ele></trkpt>
<trkpt lat="49.40497" lon="8.82486"><ele>126</ele></trkpt>
<trkpt lat="49.40586" lon="8.82510"><ele>125</ele></trkpt>
<trkpt lat="49.40657" lon="8.82546"><ele>125</ele></trkpt>
<trkpt lat="49.40756" lon="8.82622"><ele>124</ele></trkpt>
<trkpt lat="49.40801" lon="8.82675"><ele>124</ele></trkpt>
<trkpt lat="49.40828" lon="8.82716"><ele>124</ele></trkpt>
<trkpt lat="49.40865" lon="8.82796"><ele>124</ele></trkpt>
<trkpt lat="49.40880" lon="8.82845"><ele>123</ele></trkpt>
<trkpt lat="49.40895" lon="8.82915"><ele>126</ele></trkpt>
<trkpt lat="49.40903" lon="8.82988"><ele>125</ele></trkpt>
<trkpt lat="49.40904" lon="8.83020"><ele>126</ele></trkpt>
<trkpt lat="49.40903" lon="8.83077"><ele>129</ele></trkpt>
<trkpt lat="49.40896" lon="8.83137"><ele>128</ele></trkpt>
<trkpt lat="49.40882" lon="8.83209"><ele>125</ele></trkpt>
<trkpt lat="49.40854" lon="8.83330"><ele>124</ele></trkpt>
<trkpt lat="49.40820" lon="8.83517"><ele>125</ele></trkpt>
<trkpt lat="49.40795" lon="8.83605"><ele>123</ele></trkpt>
<trkpt lat="49.40784" lon="8.83706"><ele>123</ele></trkpt>
<trkpt lat="49.40784" lon="8.83741"><ele>123</ele></trkpt>
<trkpt lat="49.40789" lon="8.83774"><ele>122</ele></trkpt>
<trkpt lat="49.40808" lon="8.83849"><ele>122</ele></trkpt>
<trkpt lat="49.40809" lon="8.83872"><ele>123</ele></trkpt>
<trkpt lat="49.40805" lon="8.83886"><ele>123</ele></trkpt>
<trkpt lat="49.40798" lon="8.83899"><ele>122</ele></trkpt>
<trkpt lat="49.40737" lon="8.83938"><ele>122</ele></trkpt>
<trkpt lat="49.40740" lon="8.83962"><ele>125</ele></trkpt>
<trkpt lat="49.40734" lon="8.83994"><ele>128</ele></trkpt>
<trkpt lat="49.40666" lon="8.84027"><ele>128</ele></trkpt>
<trkpt lat="49.40655" lon="8.84057"><ele>131</ele></trkpt>
<trkpt lat="49.40658" lon="8.84153"><ele>142</ele></trkpt>
<trkpt lat="49.40645" lon="8.84308"><ele>158</ele></trkpt>
<trkpt lat="49.40648" lon="8.84360"><ele>163</ele></trkpt>
<trkpt lat="49.40559" lon="8.84422"><ele>164</ele></trkpt>
<trkpt lat="49.40488" lon="8.84502"><ele>164</ele></trkpt>
<trkpt lat="49.40433" lon="8.84586"><ele>169</ele></trkpt>
<trkpt lat="49.40409" lon="8.84642"><ele>172</ele></trkpt>
<trkpt lat="49.40404" lon="8.84657"><ele>172</ele></trkpt>
<trkpt lat="49.40405" lon="8.84671"><ele>174</ele></trkpt>
<trkpt lat="49.40355" lon="8.84714"><ele>169</ele></trkpt>
<trkpt lat="49.40308" lon="8.84764"><ele>165</ele></trkpt>
<trkpt lat="49.40253" lon="8.84792"><ele>161</ele></trkpt>
<trkpt lat="49.40203" lon="8.84824"><ele>158</ele></trkpt>
<trkpt lat="49.40071" lon="8.84969"><ele>146</ele></trkpt>
<trkpt lat="49.40048" lon="8.84990"><ele>144</ele></trkpt>
<trkpt lat="49.40017" lon="8.85000"><ele>141</ele></trkpt>
<trkpt lat="49.39997" lon="8.84997"><ele>140</ele></trkpt>
<trkpt lat="49.39900" lon="8.84938"><ele>133</ele></trkpt>
<trkpt lat="49.39882" lon="8.84937"><ele>132</ele></trkpt>
<trkpt lat="49.39862" lon="8.84950"><ele>132</ele></trkpt>
<trkpt lat="49.39847" lon="8.84981"><ele>132</ele></trkpt>
<trkpt lat="49.39843" lon="8.85061"><ele>131</ele></trkpt>
<trkpt lat="49.39836" lon="8.85077"><ele>132</ele></trkpt>
<trkpt lat="49.39831" lon="8.85084"><ele>132</ele></trkpt>
<trkpt lat="49.39820" lon="8.85088"><ele>132</ele></trkpt>
<trkpt lat="49.39804" lon="8.85088"><ele>132</ele></trkpt>
<trkpt lat="49.39804" lon="8.85121"><ele>132</ele></trkpt>
<trkpt lat="49.39813" lon="8.85205"><ele>132</ele></trkpt>
<trkpt lat="49.39823" lon="8.85261"><ele>131</ele></trkpt>
<trkpt lat="49.39845" lon="8.85343"><ele>130</ele></trkpt>
<trkpt lat="49.39893" lon="8.85472"><ele>129</ele></trkpt>
<trkpt lat="49.39923" lon="8.85537"><ele>128</ele></trkpt>
<trkpt lat="49.39977" lon="8.85640"><ele>128</ele></trkpt>
<trkpt lat="49.40033" lon="8.85738"><ele>127</ele></trkpt>
<trkpt lat="49.40122" lon="8.85878"><ele>126</ele></trkpt>
<trkpt lat="49.40244" lon="8.86046"><ele>127</ele></trkpt>
<trkpt lat="49.40363" lon="8.86192"><ele>126</ele></trkpt>
<trkpt lat="49.40661" lon="8.86539"><ele>127</ele></trkpt>
<trkpt lat="49.40773" lon="8.86676"><ele>125</ele></trkpt>
<trkpt lat="49.40881" lon="8.86794"><ele>125</ele></trkpt>
<trkpt lat="49.40929" lon="8.86840"><ele>126</ele></trkpt>
<trkpt lat="49.40972" lon="8.86876"><ele>126</ele></trkpt>
<trkpt lat="49.41097" lon="8.86965"><ele>126</ele></trkpt>
<trkpt lat="49.41148" lon="8.87007"><ele>125</ele></trkpt>
<trkpt lat="49.41246" lon="8.87110"><ele>125</ele></trkpt>
<trkpt lat="49.41313" lon="8.87190"><ele>126</ele></trkpt>
<trkpt lat="49.41335" lon="8.87223"><ele>125</ele></trkpt>
<trkpt lat="49.41416" lon="8.87351"><ele>126</ele></trkpt>
<trkpt lat="49.41486" lon="8.87486"><ele>126</ele></trkpt>
<trkpt lat="49.41515" lon="8.87553"><ele>126</ele></trkpt>
<trkpt lat="49.41565" lon="8.87686"><ele>127</ele></trkpt>
<trkpt lat="49.41661" lon="8.87983"><ele>128</ele></trkpt>
<trkpt lat="49.41738" lon="8.88209"><ele>129</ele></trkpt>
<trkpt lat="49.41783" lon="8.88335"><ele>129</ele></trkpt>
<trkpt lat="49.41802" lon="8.88379"><ele>128</ele></trkpt>
<trkpt lat="49.41830" lon="8.88427"><ele>128</ele></trkpt>
<trkpt lat="49.41888" lon="8.88519"><ele>128</ele></trkpt>
<trkpt lat="49.42146" lon="8.88909"><ele>127</ele></trkpt>
<trkpt lat="49.42215" lon="8.89000"><ele>127</ele></trkpt>
<trkpt lat="49.42252" lon="8.89038"><ele>128</ele></trkpt>
<trkpt lat="49.42340" lon="8.89103"><ele>128</ele></trkpt>
<trkpt lat="49.42662" lon="8.89279"><ele>129</ele></trkpt>
<trkpt lat="49.42710" lon="8.89298"><ele>129</ele></trkpt>
<trkpt lat="49.42743" lon="8.89307"><ele>128</ele></trkpt>
<trkpt lat="49.42812" lon="8.89312"><ele>128</ele></trkpt>
<trkpt lat="49.42974" lon="8.89283"><ele>128</ele></trkpt>
<trkpt lat="49.43036" lon="8.89278"><ele>129</ele></trkpt>
<trkpt lat="49.43082" lon="8.89281"><ele>128</ele></trkpt>
<trkpt lat="49.43157" lon="8.89295"><ele>129</ele></trkpt>
<trkpt lat="49.43258" lon="8.89334"><ele>129</ele></trkpt>
<trkpt lat="49.43366" lon="8.89385"><ele>129</ele></trkpt>
<trkpt lat="49.43375" lon="8.89399"><ele>128</ele></trkpt>
<trkpt lat="49.43423" lon="8.89438"><ele>128</ele></trkpt>
<trkpt lat="49.43496" lon="8.89523"><ele>120</ele></trkpt>
<trkpt lat="49.43532" lon="8.89548"><ele>119</ele></trkpt>
<trkpt lat="49.43572" lon="8.89565"><ele>120</ele></trkpt>
<trkpt lat="49.43598" lon="8.89571"><ele>121</ele></trkpt>
<trkpt lat="49.43640" lon="8.89573"><ele>124</ele></trkpt>
<trkpt lat="49.43718" lon="8.89566"><ele>125</ele></trkpt>
<trkpt lat="49.43782" lon="8.89568"><ele>128</ele></trkpt>
<trkpt lat="49.43811" lon="8.89574"><ele>129</ele></trkpt>
<trkpt lat="49.43864" lon="8.89599"><ele>129</ele></trkpt>
<trkpt lat="49.43903" lon="8.89622"><ele>128</ele></trkpt>
<trkpt lat="49.43915" lon="8.89635"><ele>128</ele></trkpt>
<trkpt lat="49.43924" lon="8.89620"><ele>128</ele></trkpt>
<trkpt lat="49.43941" lon="8.89617"><ele>128</ele></trkpt>
<trkpt lat="49.44381" lon="8.89677"><ele>126</ele></trkpt>
<trkpt lat="49.44411" lon="8.89673"><ele>126</ele></trkpt>
<trkpt lat="49.44446" lon="8.89662"><ele>126</ele></trkpt>
<trkpt lat="49.44471" lon="8.89649"><ele>125</ele></trkpt>
<trkpt lat="49.44535" lon="8.89602"><ele>126</ele></trkpt>
<trkpt lat="49.44552" lon="8.89602"><ele>126</ele></trkpt>
<trkpt lat="49.44564" lon="8.89609"><ele>123</ele></trkpt>
<trkpt lat="49.44639" lon="8.89682"><ele>123</ele></trkpt>
<trkpt lat="49.44666" lon="8.89712"><ele>123</ele></trkpt>
<trkpt lat="49.44723" lon="8.89642"><ele>123</ele></trkpt>
<trkpt lat="49.44756" lon="8.89624"><ele>125</ele></trkpt>
<trkpt lat="49.44754" lon="8.89594"><ele>125</ele></trkpt>
<trkpt lat="49.44841" lon="8.89412"><ele>125</ele></trkpt>
<trkpt lat="49.44858" lon="8.89368"><ele>126</ele></trkpt>
<trkpt lat="49.44960" lon="8.88869"><ele>132</ele></trkpt>
<trkpt lat="49.44972" lon="8.88827"><ele>130</ele></trkpt>
<trkpt lat="49.45005" lon="8.88744"><ele>130</ele></trkpt>
<trkpt lat="49.45016" lon="8.88706"><ele>130</ele></trkpt>
<trkpt lat="49.45024" lon="8.88666"><ele>131</ele></trkpt>
<trkpt lat="49.45027" lon="8.88615"><ele>133</ele></trkpt>
<trkpt lat="49.45020" lon="8.88550"><ele>132</ele></trkpt>
<trkpt lat="49.45002" lon="8.88443"><ele>133</ele></trkpt>
<trkpt lat="49.44999" lon="8.88374"><ele>134</ele></trkpt>
<trkpt lat="49.45010" lon="8.88299"><ele>134</ele></trkpt>
<trkpt lat="49.45034" lon="8.88235"><ele>135</ele></trkpt>
<trkpt lat="49.45373" lon="8.87597"><ele>144</ele></trkpt>
<trkpt lat="49.45397" lon="8.87560"><ele>144</ele></trkpt>
<trkpt lat="49.45433" lon="8.87524"><ele>142</ele></trkpt>
<trkpt lat="49.45451" lon="8.87512"><ele>142</ele></trkpt>
<trkpt lat="49.45532" lon="8.87500"><ele>143</ele></trkpt>
<trkpt lat="49.45605" lon="8.87479"><ele>145</ele></trkpt>
<trkpt lat="49.45665" lon="8.87436"><ele>146</ele></trkpt>
<trkpt lat="49.45721" lon="8.87356"><ele>146</ele></trkpt>
<trkpt lat="49.45766" lon="8.87260"><ele>146</ele></trkpt>
<trkpt lat="49.45789" lon="8.87224"><ele>147</ele></trkpt>
<trkpt lat="49.45807" lon="8.87203"><ele>147</ele></trkpt>
<trkpt lat="49.45956" lon="8.87060"><ele>151</ele></trkpt>
<trkpt lat="49.46152" lon="8.86782"><ele>151</ele></trkpt>
<trkpt lat="49.46177" lon="8.86761"><ele>152</ele></trkpt>
<trkpt lat="49.46201" lon="8.86750"><ele>152</ele></trkpt>
<trkpt lat="49.46276" lon="8.86743"><ele>153</ele></trkpt>
<trkpt lat="49.46307" lon="8.86734"><ele>154</ele></trkpt>
<trkpt lat="49.46334" lon="8.86714"><ele>153</ele></trkpt>
<trkpt lat="49.46428" lon="8.86604"><ele>156</ele></trkpt>
<trkpt lat="49.46441" lon="8.86574"><ele>156</ele></trkpt>
<trkpt lat="49.46446" lon="8.86543"><ele>156</ele></trkpt>
<trkpt lat="49.46439" lon="8.86447"><ele>155</ele></trkpt>
<trkpt lat="49.46441" lon="8.86388"><ele>156</ele></trkpt>
<trkpt lat="49.46507" lon="8.86131"><ele>158</ele></trkpt>
<trkpt lat="49.46529" lon="8.86056"><ele>159</ele></trkpt>
<trkpt lat="49.46640" lon="8.85812"><ele>162</ele></trkpt>
<trkpt lat="49.46650" lon="8.85791"><ele>162</ele></trkpt>
<trkpt lat="49.46687" lon="8.85747"><ele>162</ele></trkpt>
<trkpt lat="49.46716" lon="8.85726"><ele>163</ele></trkpt>
<trkpt lat="49.46828" lon="8.85673"><ele>164</ele></trkpt>
<trkpt lat="49.46847" lon="8.85658"><ele>165</ele></trkpt>
<trkpt lat="49.46864" lon="8.85636"><ele>164</ele></trkpt>
<trkpt lat="49.46888" lon="8.85581"><ele>164</ele></trkpt>
<trkpt lat="49.46907" lon="8.85471"><ele>166</ele></trkpt>
<trkpt lat="49.46923" lon="8.85430"><ele>166</ele></trkpt>
<trkpt lat="49.46951" lon="8.85392"><ele>167</ele></trkpt>
<trkpt lat="49.47010" lon="8.85348"><ele>168</ele></trkpt>
<trkpt lat="49.47032" lon="8.85321"><ele>169</ele></trkpt>
<trkpt lat="49.47207" lon="8.85000"><ele>172</ele></trkpt>
<trkpt lat="49.47231" lon="8.84942"><ele>174</ele></trkpt>
<trkpt lat="49.47239" lon="8.84906"><ele>173</ele></trkpt>
<trkpt lat="49.47244" lon="8.84868"><ele>174</ele></trkpt>
<trkpt lat="49.47241" lon="8.84798"><ele>174</ele></trkpt>
<trkpt lat="49.47247" lon="8.84704"><ele>177</ele></trkpt>
<trkpt lat="49.47245" lon="8.84683"><ele>178</ele></trkpt>
<trkpt lat="49.47226" lon="8.84623"><ele>178</ele></trkpt>
<trkpt lat="49.47223" lon="8.84577"><ele>178</ele></trkpt>
<trkpt lat="49.47225" lon="8.84549"><ele>179</ele></trkpt>
<trkpt lat="49.47274" lon="8.84310"><ele>178</ele></trkpt>
<trkpt lat="49.47294" lon="8.84245"><ele>178</ele></trkpt>
<trkpt lat="49.47309" lon="8.84206"><ele>178</ele></trkpt>
<trkpt lat="49.47440" lon="8.83926"><ele>176</ele></trkpt>
<trkpt lat="49.47463" lon="8.83849"><ele>176</ele></trkpt>
<trkpt lat="49.47470" lon="8.83815"><ele>178</ele></trkpt>
<trkpt lat="49.47475" lon="8.83755"><ele>179</ele></trkpt>
<trkpt lat="49.47471" lon="8.83605"><ele>181</ele></trkpt>
<trkpt lat="49.47474" lon="8.83518"><ele>182</ele></trkpt>
<trkpt lat="49.47485" lon="8.83429"><ele>183</ele></trkpt>
<trkpt lat="49.47498" lon="8.83384"><ele>186</ele></trkpt>
<trkpt lat="49.47530" lon="8.83332"><ele>187</ele></trkpt>
<trkpt lat="49.47577" lon="8.83269"><ele>188</ele></trkpt>
<trkpt lat="49.47605" lon="8.83220"><ele>190</ele></trkpt>
<trkpt lat="49.47638" lon="8.83143"><ele>192</ele></trkpt>
<trkpt lat="49.47656" lon="8.83112"><ele>192</ele></trkpt>
<trkpt lat="49.47671" lon="8.83093"><ele>192</ele></trkpt>
<trkpt lat="49.47690" lon="8.83077"><ele>194</ele></trkpt>
<trkpt lat="49.47884" lon="8.82944"><ele>199</ele></trkpt>
<trkpt lat="49.47910" lon="8.82922"><ele>198</ele></trkpt>
<trkpt lat="49.47949" lon="8.82874"><ele>201</ele></trkpt>
<trkpt lat="49.47959" lon="8.82877"><ele>200</ele></trkpt>
<trkpt lat="49.47971" lon="8.82848"><ele>200</ele></trkpt>
<trkpt lat="49.47994" lon="8.82820"><ele>196</ele></trkpt>
<trkpt lat="49.48038" lon="8.82921"><ele>187</ele></trkpt>
<trkpt lat="49.48052" lon="8.82983"><ele>182</ele></trkpt>
<trkpt lat="49.48053" lon="8.82998"><ele>181</ele></trkpt>
<trkpt lat="49.48095" lon="8.83030"><ele>181</ele></trkpt>
<trkpt lat="49.48130" lon="8.83066"><ele>181</ele></trkpt>
<trkpt lat="49.48184" lon="8.83095"><ele>185</ele></trkpt>
<trkpt lat="49.48331" lon="8.83228"><ele>201</ele></trkpt>
<trkpt lat="49.48390" lon="8.83272"><ele>207</ele></trkpt>
<trkpt lat="49.48450" lon="8.83281"><ele>211</ele></trkpt>
<trkpt lat="49.48493" lon="8.83299"><ele>210</ele></trkpt>
<trkpt lat="49.48520" lon="8.83298"><ele>209</ele></trkpt>
<trkpt lat="49.48531" lon="8.83291"><ele>209</ele></trkpt>
<trkpt lat="49.48569" lon="8.83244"><ele>214</ele></trkpt>
<trkpt lat="49.48593" lon="8.83236"><ele>217</ele></trkpt>
<trkpt lat="49.48626" lon="8.83240"><ele>218</ele></trkpt>
<trkpt lat="49.48676" lon="8.83257"><ele>220</ele></trkpt>
<trkpt lat="49.48698" lon="8.83269"><ele>220</ele></trkpt>
<trkpt lat="49.48795" lon="8.83339"><ele>221</ele></trkpt>
<trkpt lat="49.48845" lon="8.83357"><ele>220</ele></trkpt>
<trkpt lat="49.48879" lon="8.83385"><ele>216</ele></trkpt>
<trkpt lat="49.48887" lon="8.83400"><ele>214</ele></trkpt>
<trkpt lat="49.48891" lon="8.83414"><ele>214</ele></trkpt>
<trkpt lat="49.48898" lon="8.83459"><ele>214</ele></trkpt>
<trkpt lat="49.48914" lon="8.83472"><ele>213</ele></trkpt>
<trkpt lat="49.48952" lon="8.83473"><ele>216</ele></trkpt>
<trkpt lat="49.48963" lon="8.83478"><ele>217</ele></trkpt>
<trkpt lat="49.49009" lon="8.83532"><ele>216</ele></trkpt>
<trkpt lat="49.49050" lon="8.83593"><ele>216</ele></trkpt>
<trkpt lat="49.49166" lon="8.83789"><ele>209</ele></trkpt>
<trkpt lat="49.49224" lon="8.83897"><ele>206</ele></trkpt>
<trkpt lat="49.49252" lon="8.83964"><ele>204</ele></trkpt>
<trkpt lat="49.49285" lon="8.84057"><ele>204</ele></trkpt>
<trkpt lat="49.49303" lon="8.84071"><ele>202</ele></trkpt>
<trkpt lat="49.49310" lon="8.84071"><ele>201</ele></trkpt>
<trkpt lat="49.49344" lon="8.84141"><ele>202</ele></trkpt>
<trkpt lat="49.49371" lon="8.84182"><ele>202</ele></trkpt>
<trkpt lat="49.49415" lon="8.84226"><ele>205</ele></trkpt>
<trkpt lat="49.49488" lon="8.84278"><ele>207</ele></trkpt>
<trkpt lat="49.49515" lon="8.84304"><ele>208</ele></trkpt>
<trkpt lat="49.49546" lon="8.84342"><ele>209</ele></trkpt>
<trkpt lat="49.49571" lon="8.84385"><ele>209</ele></trkpt>
<trkpt lat="49.49657" lon="8.84589"><ele>212</ele></trkpt>
<trkpt lat="49.49673" lon="8.84619"><ele>211</ele></trkpt>
<trkpt lat="49.49709" lon="8.84657"><ele>212</ele></trkpt>
<trkpt lat="49.49740" lon="8.84681"><ele>213</ele></trkpt>
<trkpt lat="49.49951" lon="8.84791"><ele>217</ele></trkpt>
<trkpt lat="49.49994" lon="8.84825"><ele>219</ele></trkpt>
<trkpt lat="49.50056" lon="8.84897"><ele>220</ele></trkpt>
<trkpt lat="49.50106" lon="8.84941"><ele>222</ele></trkpt>
<trkpt lat="49.50442" lon="8.85144"><ele>226</ele></trkpt>
<trkpt lat="49.50524" lon="8.85207"><ele>226</ele></trkpt>
<trkpt lat="49.50550" lon="8.85218"><ele>226</ele></trkpt>
<trkpt lat="49.50745" lon="8.85259"><ele>226</ele></trkpt>
<trkpt lat="49.50814" lon="8.85278"><ele>226</ele></trkpt>
<trkpt lat="49.51072" lon="8.85397"><ele>231</ele></trkpt>
<trkpt lat="49.51196" lon="8.85491"><ele>236</ele></trkpt>
<trkpt lat="49.51326" lon="8.85639"><ele>234</ele></trkpt>
<trkpt lat="49.51370" lon="8.85681"><ele>234</ele></trkpt>
<trkpt lat="49.51677" lon="8.85860"><ele>229</ele></trkpt>
<trkpt lat="49.51888" lon="8.86094"><ele>234</ele></trkpt>
<trkpt lat="49.51940" lon="8.86179"><ele>238</ele></trkpt>
<trkpt lat="49.51975" lon="8.86216"><ele>239</ele></trkpt>
<trkpt lat="49.51988" lon="8.86222"><ele>240</ele></trkpt>
<trkpt lat="49.52022" lon="8.86224"><ele>241</ele></trkpt>
<trkpt lat="49.52208" lon="8.86208"><ele>245</ele></trkpt>
<trkpt lat="49.52244" lon="8.86212"><ele>244</ele></trkpt>
<trkpt lat="49.52274" lon="8.86229"><ele>244</ele></trkpt>
<trkpt lat="49.52336" lon="8.86307"><ele>242</ele></trkpt>
<trkpt lat="49.52350" lon="8.86317"><ele>242</ele></trkpt>
<trkpt lat="49.52359" lon="8.86319"><ele>242</ele></trkpt>
<trkpt lat="49.52404" lon="8.86304"><ele>239</ele></trkpt>
<trkpt lat="49.52445" lon="8.86306"><ele>238</ele></trkpt>
<trkpt lat="49.52498" lon="8.86316"><ele>237</ele></trkpt>
<trkpt lat="49.52560" lon="8.86345"><ele>236</ele></trkpt>
<trkpt lat="49.52659" lon="8.86404"><ele>235</ele></trkpt>
<trkpt lat="49.52716" lon="8.86422"><ele>234</ele></trkpt>
<trkpt lat="49.52833" lon="8.86475"><ele>235</ele></trkpt>
<trkpt lat="49.52904" lon="8.86500"><ele>236</ele></trkpt>
<trkpt lat="49.52915" lon="8.86505"><ele>236</ele></trkpt>
<trkpt lat="49.52954" lon="8.86542"><ele>237</ele></trkpt>
<trkpt lat="49.53005" lon="8.86554"><ele>237</ele></trkpt>
<trkpt lat="49.53040" lon="8.86558"><ele>238</ele></trkpt>
<trkpt lat="49.53056" lon="8.86555"><ele>238</ele></trkpt>
<trkpt lat="49.53152" lon="8.86490"><ele>239</ele></trkpt>
<trkpt lat="49.53186" lon="8.86475"><ele>240</ele></trkpt>
<trkpt lat="49.53239" lon="8.86469"><ele>240</ele></trkpt>
<trkpt lat="49.53368" lon="8.86466"><ele>240</ele></trkpt>
<trkpt lat="49.53500" lon="8.86427"><ele>238</ele></trkpt>
<trkpt lat="49.53557" lon="8.86403"><ele>238</ele></trkpt>
<trkpt lat="49.53696" lon="8.86310"><ele>238</ele></trkpt>
<trkpt lat="49.53720" lon="8.86296"><ele>238</ele></trkpt>
<trkpt lat="49.53737" lon="8.86291"><ele>238</ele></trkpt>
<trkpt lat="49.53815" lon="8.86296"><ele>239</ele></trkpt>
<trkpt lat="49.53835" lon="8.86307"><ele>240</ele></trkpt>
<trkpt lat="49.53932" lon="8.86383"><ele>244</ele></trkpt>
<trkpt lat="49.53948" lon="8.86388"><ele>244</ele></trkpt>
<trkpt lat="49.53966" lon="8.86384"><ele>245</ele></trkpt>
<trkpt lat="49.53979" lon="8.86371"><ele>246</ele></trkpt>
<trkpt lat="49.53986" lon="8.86357"><ele>247</ele></trkpt>
<trkpt lat="49.54048" lon="8.86086"><ele>249</ele></trkpt>
<trkpt lat="49.54064" lon="8.86029"><ele>253</ele></trkpt>
<trkpt lat="49.54078" lon="8.85991"><ele>253</ele></trkpt>
<trkpt lat="49.54098" lon="8.85958"><ele>254</ele></trkpt>
<trkpt lat="49.54135" lon="8.85920"><ele>256</ele></trkpt>
<trkpt lat="49.54241" lon="8.85842"><ele>260</ele></trkpt>
<trkpt lat="49.54411" lon="8.85738"><ele>266</ele></trkpt>
<trkpt lat="49.54441" lon="8.85710"><ele>268</ele></trkpt>
<trkpt lat="49.54530" lon="8.85606"><ele>271</ele></trkpt>
<trkpt lat="49.54552" lon="8.85586"><ele>272</ele></trkpt>
<trkpt lat="49.54572" lon="8.85576"><ele>273</ele></trkpt>
<trkpt lat="49.54596" lon="8.85575"><ele>274</ele></trkpt>
<trkpt lat="49.54620" lon="8.85588"><ele>275</ele></trkpt>
<trkpt lat="49.54654" lon="8.85622"><ele>276</ele></trkpt>
<trkpt lat="49.54683" lon="8.85644"><ele>278</ele></trkpt>
<trkpt lat="49.54723" lon="8.85653"><ele>280</ele></trkpt>
<trkpt lat="49.54754" lon="8.85640"><ele>280</ele></trkpt>
<trkpt lat="49.54904" lon="8.85531"><ele>286</ele></trkpt>
<trkpt lat="49.54938" lon="8.85517"><ele>288</ele></trkpt>
<trkpt lat="49.55004" lon="8.85507"><ele>290</ele></trkpt>
<trkpt lat="49.55076" lon="8.85520"><ele>290</ele></trkpt>
<trkpt lat="49.55218" lon="8.85558"><ele>291</ele></trkpt>
<trkpt lat="49.55246" lon="8.85556"><ele>291</ele></trkpt>
<trkpt lat="49.55275" lon="8.85543"><ele>290</ele></trkpt>
<trkpt lat="49.55294" lon="8.85531"><ele>292</ele></trkpt>
<trkpt lat="49.55315" lon="8.85510"><ele>293</ele></trkpt>
<trkpt lat="49.55349" lon="8.85454"><ele>294</ele></trkpt>
<trkpt lat="49.55421" lon="8.85204"><ele>294</ele></trkpt>
<trkpt lat="49.55491" lon="8.85039"><ele>297</ele></trkpt>
<trkpt lat="49.55523" lon="8.84996"><ele>298</ele></trkpt>
<trkpt lat="49.55538" lon="8.84982"><ele>298</ele></trkpt>
<trkpt lat="49.55565" lon="8.84966"><ele>297</ele></trkpt>
<trkpt lat="49.55602" lon="8.84956"><ele>298</ele></trkpt>
<trkpt lat="49.55656" lon="8.84960"><ele>299</ele></trkpt>
<trkpt lat="49.55685" lon="8.84958"><ele>299</ele></trkpt>
<trkpt lat="49.55763" lon="8.84925"><ele>299</ele></trkpt>
<trkpt lat="49.55777" lon="8.84915"><ele>298</ele></trkpt>
<trkpt lat="49.55801" lon="8.84895"><ele>298</ele></trkpt>
<trkpt lat="49.55821" lon="8.84867"><ele>298</ele></trkpt>
<trkpt lat="49.55888" lon="8.84708"><ele>300</ele></trkpt>
<trkpt lat="49.55912" lon="8.84679"><ele>301</ele></trkpt>
<trkpt lat="49.55931" lon="8.84666"><ele>300</ele></trkpt>
<trkpt lat="49.56001" lon="8.84665"><ele>301</ele></trkpt>
<trkpt lat="49.56108" lon="8.84679"><ele>303</ele></trkpt>
<trkpt lat="49.56132" lon="8.84687"><ele>302</ele></trkpt>
<trkpt lat="49.56182" lon="8.84717"><ele>304</ele></trkpt>
<trkpt lat="49.56193" lon="8.84720"><ele>303</ele></trkpt>
<trkpt lat="49.56309" lon="8.84721"><ele>304</ele></trkpt>
<trkpt lat="49.56363" lon="8.84716"><ele>306</ele></trkpt>
<trkpt lat="49.56378" lon="8.84703"><ele>306</ele></trkpt>
<trkpt lat="49.56391" lon="8.84685"><ele>306</ele></trkpt>
<trkpt lat="49.56488" lon="8.84505"><ele>308</ele></trkpt>
<trkpt lat="49.56506" lon="8.84486"><ele>306</ele></trkpt>
<trkpt lat="49.56565" lon="8.84461"><ele>308</ele></trkpt>
<trkpt lat="49.56597" lon="8.84440"><ele>309</ele></trkpt>
<trkpt lat="49.56766" lon="8.84242"><ele>310</ele></trkpt>
<trkpt lat="49.56802" lon="8.84217"><ele>309</ele></trkpt>
<trkpt lat="49.56964" lon="8.84153"><ele>310</ele></trkpt>
<trkpt lat="49.56989" lon="8.84135"><ele>310</ele></trkpt>
<trkpt lat="49.57011" lon="8.84096"><ele>310</ele></trkpt>
<trkpt lat="49.57020" lon="8.84065"><ele>310</ele></trkpt>
<trkpt lat="49.57025" lon="8.84025"><ele>312</ele></trkpt>
<trkpt lat="49.57021" lon="8.83986"><ele>313</ele></trkpt>
<trkpt lat="49.57001" lon="8.83933"><ele>314</ele></trkpt>
<trkpt lat="49.56902" lon="8.83763"><ele>320</ele></trkpt>
<trkpt lat="49.56867" lon="8.83694"><ele>321</ele></trkpt>
<trkpt lat="49.56852" lon="8.83641"><ele>323</ele></trkpt>
<trkpt lat="49.56849" lon="8.83600"><ele>325</ele></trkpt>
<trkpt lat="49.56846" lon="8.83465"><ele>324</ele></trkpt>
<trkpt lat="49.56847" lon="8.83427"><ele>326</ele></trkpt>
<trkpt lat="49.56854" lon="8.83388"><ele>326</ele></trkpt>
<trkpt lat="49.56829" lon="8.83377"><ele>326</ele></trkpt>
<trkpt lat="49.56824" lon="8.83371"><ele>326</ele></trkpt>
<trkpt lat="49.56819" lon="8.83352"><ele>327</ele></trkpt>
<trkpt lat="49.56819" lon="8.83239"><ele>334</ele></trkpt>
<trkpt lat="49.56826" lon="8.83117"><ele>335</ele></trkpt>
<trkpt lat="49.56815" lon="8.83054"><ele>339</ele></trkpt>
<trkpt lat="49.56811" lon="8.83045"><ele>339</ele></trkpt>
<trkpt lat="49.56811" lon="8.83008"><ele>342</ele></trkpt>
<trkpt lat="49.56820" lon="8.82953"><ele>344</ele></trkpt>
<trkpt lat="49.56848" lon="8.82911"><ele>342</ele></trkpt>
<trkpt lat="49.56944" lon="8.82781"><ele>337</ele></trkpt>
<trkpt lat="49.56983" lon="8.82703"><ele>336</ele></trkpt>
<trkpt lat="49.57007" lon="8.82592"><ele>337</ele></trkpt>
<trkpt lat="49.57017" lon="8.82530"><ele>337</ele></trkpt>
<trkpt lat="49.57017" lon="8.82466"><ele>339</ele></trkpt>
<trkpt lat="49.57015" lon="8.82457"><ele>340</ele></trkpt>
<trkpt lat="49.57034" lon="8.82421"><ele>340</ele></trkpt>
<trkpt lat="49.57062" lon="8.82383"><ele>342</ele></trkpt>
<trkpt lat="49.57085" lon="8.82354"><ele>344</ele></trkpt>
<trkpt lat="49.57108" lon="8.82336"><ele>344</ele></trkpt>
<trkpt lat="49.57097" lon="8.82306"><ele>349</ele></trkpt>
<trkpt lat="49.57071" lon="8.82277"><ele>354</ele></trkpt>
<trkpt lat="49.57060" lon="8.82258"><ele>356</ele></trkpt>
<trkpt lat="49.57011" lon="8.82144"><ele>372</ele></trkpt>
<trkpt lat="49.56994" lon="8.82095"><ele>377</ele></trkpt>
<trkpt lat="49.56972" lon="8.82069"><ele>378</ele></trkpt>
<trkpt lat="49.56929" lon="8.82004"><ele>381</ele></trkpt>
<trkpt lat="49.56888" lon="8.81935"><ele>384</ele></trkpt>
<trkpt lat="49.56864" lon="8.81886"><ele>386</ele></trkpt>
<trkpt lat="49.56847" lon="8.81847"><ele>387</ele></trkpt>
<trkpt lat="49.56764" lon="8.81588"><ele>396</ele></trkpt>
<trkpt lat="49.56754" lon="8.81550"><ele>398</ele></trkpt>
<trkpt lat="49.56732" lon="8.81422"><ele>402</ele></trkpt>
<trkpt lat="49.56725" lon="8.81403"><ele>402</ele></trkpt>
<trkpt lat="49.56711" lon="8.81382"><ele>404</ele></trkpt>
<trkpt lat="49.56698" lon="8.81370"><ele>405</ele></trkpt>
<trkpt lat="49.56678" lon="8.81364"><ele>406</ele></trkpt>
<trkpt lat="49.56652" lon="8.81368"><ele>407</ele></trkpt>
<trkpt lat="49.56578" lon="8.81393"><ele>410</ele></trkpt>
<trkpt lat="49.56555" lon="8.81391"><ele>412</ele></trkpt>
<trkpt lat="49.56443" lon="8.81349"><ele>416</ele></trkpt>
<trkpt lat="49.56344" lon="8.81326"><ele>422</ele></trkpt>
<trkpt lat="49.56321" lon="8.81313"><ele>422</ele></trkpt>
<trkpt lat="49.56307" lon="8.81294"><ele>423</ele></trkpt>
<trkpt lat="49.56294" lon="8.81260"><ele>423</ele></trkpt>
<trkpt lat="49.56303" lon="8.81244"><ele>423</ele></trkpt>
<trkpt lat="49.56303" lon="8.81229"><ele>423</ele></trkpt>
<trkpt lat="49.56295" lon="8.81215"><ele>423</ele></trkpt>
<trkpt lat="49.56282" lon="8.81215"><ele>423</ele></trkpt>
<trkpt lat="49.56276" lon="8.81186"><ele>422</ele></trkpt>
<trkpt lat="49.56278" lon="8.81166"><ele>421</ele></trkpt>
<trkpt lat="49.56289" lon="8.81145"><ele>418</ele></trkpt>
<trkpt lat="49.56362" lon="8.81049"><ele>415</ele></trkpt>
<trkpt lat="49.56368" lon="8.81031"><ele>415</ele></trkpt>
<trkpt lat="49.56365" lon="8.81008"><ele>413</ele></trkpt>
<trkpt lat="49.56356" lon="8.80995"><ele>411</ele></trkpt>
<trkpt lat="49.56342" lon="8.80993"><ele>409</ele></trkpt>
<trkpt lat="49.56329" lon="8.81006"><ele>409</ele></trkpt>
<trkpt lat="49.56294" lon="8.81069"><ele>409</ele></trkpt>
<trkpt lat="49.56279" lon="8.81077"><ele>407</ele></trkpt>
<trkpt lat="49.56265" lon="8.81074"><ele>407</ele></trkpt>
<trkpt lat="49.56256" lon="8.81064"><ele>406</ele></trkpt>
<trkpt lat="49.56250" lon="8.81052"><ele>405</ele></trkpt>
<trkpt lat="49.56246" lon="8.81028"><ele>404</ele></trkpt>
<trkpt lat="49.56256" lon="8.80842"><ele>396</ele></trkpt>
<trkpt lat="49.56252" lon="8.80798"><ele>394</ele></trkpt>
<trkpt lat="49.56243" lon="8.80778"><ele>393</ele></trkpt>
<trkpt lat="49.56229" lon="8.80762"><ele>392</ele></trkpt>
<trkpt lat="49.56178" lon="8.80748"><ele>390</ele></trkpt>
<trkpt lat="49.56164" lon="8.80740"><ele>389</ele></trkpt>
<trkpt lat="49.56155" lon="8.80721"><ele>388</ele></trkpt>
<trkpt lat="49.56157" lon="8.80696"><ele>387</ele></trkpt>
<trkpt lat="49.56181" lon="8.80631"><ele>384</ele></trkpt>
<trkpt lat="49.56205" lon="8.80548"><ele>380</ele></trkpt>
<trkpt lat="49.56217" lon="8.80519"><ele>379</ele></trkpt>
<trkpt lat="49.56234" lon="8.80494"><ele>377</ele></trkpt>
<trkpt lat="49.56290" lon="8.80428"><ele>372</ele></trkpt>
<trkpt lat="49.56324" lon="8.80373"><ele>369</ele></trkpt>
<trkpt lat="49.56329" lon="8.80373"><ele>368</ele></trkpt>
<trkpt lat="49.56335" lon="8.80365"><ele>367</ele></trkpt>
<trkpt lat="49.56352" lon="8.80316"><ele>359</ele></trkpt>
<trkpt lat="49.56371" lon="8.80238"><ele>345</ele></trkpt>
<trkpt lat="49.56385" lon="8.80138"><ele>333</ele></trkpt>
<trkpt lat="49.56388" lon="8.80090"><ele>328</ele></trkpt>
<trkpt lat="49.56396" lon="8.80040"><ele>322</ele></trkpt>
<trkpt lat="49.56439" lon="8.80055"><ele>319</ele></trkpt>
<trkpt lat="49.56455" lon="8.80056"><ele>318</ele></trkpt>
<trkpt lat="49.56473" lon="8.80045"><ele>318</ele></trkpt>
<trkpt lat="49.56504" lon="8.80004"><ele>316</ele></trkpt>
<trkpt lat="49.56514" lon="8.79997"><ele>315</ele></trkpt>
<trkpt lat="49.56583" lon="8.79973"><ele>311</ele></trkpt>
<trkpt lat="49.56590" lon="8.79968"><ele>310</ele></trkpt>
<trkpt lat="49.56603" lon="8.79943"><ele>308</ele></trkpt>
<trkpt lat="49.56624" lon="8.79882"><ele>305</ele></trkpt>
<trkpt lat="49.56642" lon="8.79861"><ele>305</ele></trkpt>
<trkpt lat="49.56658" lon="8.79848"><ele>305</ele></trkpt>
<trkpt lat="49.56800" lon="8.79769"><ele>298</ele></trkpt>
<trkpt lat="49.56818" lon="8.79753"><ele>297</ele></trkpt>
<trkpt lat="49.56835" lon="8.79735"><ele>295</ele></trkpt>
<trkpt lat="49.56917" lon="8.79618"><ele>289</ele></trkpt>
<trkpt lat="49.56935" lon="8.79600"><ele>289</ele></trkpt>
<trkpt lat="49.56999" lon="8.79594"><ele>284</ele></trkpt>
<trkpt lat="49.57025" lon="8.79574"><ele>283</ele></trkpt>
<trkpt lat="49.57099" lon="8.79424"><ele>278</ele></trkpt>
<trkpt lat="49.57130" lon="8.79373"><ele>275</ele></trkpt>
<trkpt lat="49.57240" lon="8.79229"><ele>271</ele></trkpt>
<trkpt lat="49.57273" lon="8.79180"><ele>270</ele></trkpt>
<trkpt lat="49.57322" lon="8.79052"><ele>266</ele></trkpt>
<trkpt lat="49.57397" lon="8.78925"><ele>260</ele></trkpt>
<trkpt lat="49.57418" lon="8.78881"><ele>259</ele></trkpt>
<trkpt lat="49.57483" lon="8.78645"><ele>254</ele></trkpt>
<trkpt lat="49.57565" lon="8.78432"><ele>248</ele></trkpt>
<trkpt lat="49.57587" lon="8.78354"><ele>243</ele></trkpt>
<trkpt lat="49.57606" lon="8.78303"><ele>243</ele></trkpt>
<trkpt lat="49.57639" lon="8.78249"><ele>242</ele></trkpt>
<trkpt lat="49.57669" lon="8.78214"><ele>241</ele></trkpt>
<trkpt lat="49.57767" lon="8.78167"><ele>238</ele></trkpt>
<trkpt lat="49.57793" lon="8.78131"><ele>239</ele></trkpt>
<trkpt lat="49.57838" lon="8.78024"><ele>237</ele></trkpt>
<trkpt lat="49.57854" lon="8.77975"><ele>236</ele></trkpt>
<trkpt lat="49.57881" lon="8.77781"><ele>234</ele></trkpt>
<trkpt lat="49.57880" lon="8.77690"><ele>232</ele></trkpt>
<trkpt lat="49.57885" lon="8.77650"><ele>230</ele></trkpt>
<trkpt lat="49.57901" lon="8.77606"><ele>230</ele></trkpt>
<trkpt lat="49.57965" lon="8.77495"><ele>228</ele></trkpt>
<trkpt lat="49.58040" lon="8.77311"><ele>225</ele></trkpt>
<trkpt lat="49.58103" lon="8.77081"><ele>219</ele></trkpt>
<trkpt lat="49.58128" lon="8.77004"><ele>217</ele></trkpt>
<trkpt lat="49.58139" lon="8.76989"><ele>216</ele></trkpt>
<trkpt lat="49.58160" lon="8.76976"><ele>212</ele></trkpt>
<trkpt lat="49.58177" lon="8.76978"><ele>212</ele></trkpt>
<trkpt lat="49.58252" lon="8.77006"><ele>208</ele></trkpt>
<trkpt lat="49.58263" lon="8.77006"><ele>208</ele></trkpt>
<trkpt lat="49.58320" lon="8.76979"><ele>207</ele></trkpt>
<trkpt lat="49.58423" lon="8.76979"><ele>207</ele></trkpt>
<trkpt lat="49.58461" lon="8.76959"><ele>208</ele></trkpt>
<trkpt lat="49.58508" lon="8.76890"><ele>205</ele></trkpt>
<trkpt lat="49.58470" lon="8.76855"><ele>202</ele></trkpt>
<trkpt lat="49.58440" lon="8.76796"><ele>204</ele></trkpt>
<trkpt lat="49.58441" lon="8.76788"><ele>204</ele></trkpt>
<trkpt lat="49.58468" lon="8.76710"><ele>205</ele></trkpt>
<trkpt lat="49.58525" lon="8.76600"><ele>205</ele></trkpt>
<trkpt lat="49.58598" lon="8.76537"><ele>207</ele></trkpt>
<trkpt lat="49.58609" lon="8.76513"><ele>208</ele></trkpt>
<trkpt lat="49.58620" lon="8.76401"><ele>210</ele></trkpt>
<trkpt lat="49.58619" lon="8.76325"><ele>214</ele></trkpt>
<trkpt lat="49.58612" lon="8.76276"><ele>216</ele></trkpt>
<trkpt lat="49.58606" lon="8.76260"><ele>217</ele></trkpt>
<trkpt lat="49.58587" lon="8.76231"><ele>218</ele></trkpt>
<trkpt lat="49.58588" lon="8.76224"><ele>218</ele></trkpt>
<trkpt lat="49.58591" lon="8.76209"><ele>217</ele></trkpt>
<trkpt lat="49.58603" lon="8.76185"><ele>216</ele></trkpt>
<trkpt lat="49.58671" lon="8.76087"><ele>212</ele></trkpt>
<trkpt lat="49.58654" lon="8.76077"><ele>215</ele></trkpt>
<trkpt lat="49.58658" lon="8.75993"><ele>220</ele></trkpt>
<trkpt lat="49.58647" lon="8.75860"><ele>224</ele></trkpt>
<trkpt lat="49.58638" lon="8.75814"><ele>225</ele></trkpt>
<trkpt lat="49.58611" lon="8.75764"><ele>226</ele></trkpt>
<trkpt lat="49.58600" lon="8.75753"><ele>226</ele></trkpt>
<trkpt lat="49.58594" lon="8.75754"><ele>227</ele></trkpt>
<trkpt lat="49.58590" lon="8.75764"><ele>229</ele></trkpt>
<trkpt lat="49.58592" lon="8.75775"><ele>230</ele></trkpt>
<trkpt lat="49.58609" lon="8.75806"><ele>232</ele></trkpt>
<trkpt lat="49.58610" lon="8.75826"><ele>234</ele></trkpt>
<trkpt lat="49.58609" lon="8.75831"><ele>234</ele></trkpt>
<trkpt lat="49.58602" lon="8.75835"><ele>236</ele></trkpt>
<trkpt lat="49.58577" lon="8.75820"><ele>241</ele></trkpt>
<trkpt lat="49.58555" lon="8.75797"><ele>242</ele></trkpt>
<trkpt lat="49.58514" lon="8.75736"><ele>250</ele></trkpt>
<trkpt lat="49.58503" lon="8.75725"><ele>252</ele></trkpt>
<trkpt lat="49.58495" lon="8.75742"><ele>253</ele></trkpt>
<trkpt lat="49.58441" lon="8.75750"><ele>251</ele></trkpt>
<trkpt lat="49.58427" lon="8.75748"><ele>251</ele></trkpt>
<trkpt lat="49.58423" lon="8.75732"><ele>250</ele></trkpt>
<trkpt lat="49.58425" lon="8.75638"><ele>243</ele></trkpt>
<trkpt lat="49.58419" lon="8.75560"><ele>237</ele></trkpt>
<trkpt lat="49.58400" lon="8.75491"><ele>230</ele></trkpt>
<trkpt lat="49.58380" lon="8.75452"><ele>225</ele></trkpt>
<trkpt lat="49.58353" lon="8.75424"><ele>222</ele></trkpt>
<trkpt lat="49.58340" lon="8.75369"><ele>221</ele></trkpt>
<trkpt lat="49.58302" lon="8.75357"><ele>220</ele></trkpt>
<trkpt lat="49.58272" lon="8.75336"><ele>216</ele></trkpt>
<trkpt lat="49.58237" lon="8.75302"><ele>214</ele></trkpt>
<trkpt lat="49.58194" lon="8.75237"><ele>209</ele></trkpt>
<trkpt lat="49.58152" lon="8.75208"><ele>205</ele></trkpt>
<trkpt lat="49.58134" lon="8.75237"><ele>206</ele></trkpt>
<trkpt lat="49.58114" lon="8.75257"><ele>204</ele></trkpt>
<trkpt lat="49.58117" lon="8.75201"><ele>203</ele></trkpt>
<trkpt lat="49.58093" lon="8.74898"><ele>197</ele></trkpt>
<trkpt lat="49.58093" lon="8.74867"><ele>198</ele></trkpt>
<trkpt lat="49.58100" lon="8.74815"><ele>198</ele></trkpt>
<trkpt lat="49.58113" lon="8.74778"><ele>196</ele></trkpt>
<trkpt lat="49.58188" lon="8.74638"><ele>194</ele></trkpt>
<trkpt lat="49.58195" lon="8.74622"><ele>193</ele></trkpt>
<trkpt lat="49.58198" lon="8.74608"><ele>192</ele></trkpt>
<trkpt lat="49.58198" lon="8.74574"><ele>190</ele></trkpt>
<trkpt lat="49.58163" lon="8.74493"><ele>186</ele></trkpt>
<trkpt lat="49.58154" lon="8.74459"><ele>186</ele></trkpt>
<trkpt lat="49.58150" lon="8.74421"><ele>186</ele></trkpt>
<trkpt lat="49.58151" lon="8.74385"><ele>185</ele></trkpt>
<trkpt lat="49.58179" lon="8.74252"><ele>184</ele></trkpt>
<trkpt lat="49.58179" lon="8.74194"><ele>184</ele></trkpt>
<trkpt lat="49.58131" lon="8.73945"><ele>180</ele></trkpt>
<trkpt lat="49.58120" lon="8.73911"><ele>180</ele></trkpt>
<trkpt lat="49.58018" lon="8.73657"><ele>176</ele></trkpt>
<trkpt lat="49.57921" lon="8.73366"><ele>173</ele></trkpt>
<trkpt lat="49.57911" lon="8.73317"><ele>173</ele></trkpt>
<trkpt lat="49.57910" lon="8.73209"><ele>172</ele></trkpt>
<trkpt lat="49.57911" lon="8.73170"><ele>172</ele></trkpt>
<trkpt lat="49.57915" lon="8.73124"><ele>172</ele></trkpt>
<trkpt lat="49.57937" lon="8.73054"><ele>172</ele></trkpt>
<trkpt lat="49.57975" lon="8.72968"><ele>174</ele></trkpt>
<trkpt lat="49.58034" lon="8.72863"><ele>180</ele></trkpt>
<trkpt lat="49.58047" lon="8.72829"><ele>181</ele></trkpt>
<trkpt lat="49.58056" lon="8.72674"><ele>172</ele></trkpt>
<trkpt lat="49.58127" lon="8.72345"><ele>156</ele></trkpt>
<trkpt lat="49.58128" lon="8.72323"><ele>154</ele></trkpt>
<trkpt lat="49.58120" lon="8.72286"><ele>154</ele></trkpt>
<trkpt lat="49.58101" lon="8.72257"><ele>152</ele></trkpt>
<trkpt lat="49.58011" lon="8.72176"><ele>150</ele></trkpt>
<trkpt lat="49.57988" lon="8.72164"><ele>150</ele></trkpt>
<trkpt lat="49.57903" lon="8.72142"><ele>150</ele></trkpt>
<trkpt lat="49.57881" lon="8.72132"><ele>150</ele></trkpt>
<trkpt lat="49.57863" lon="8.72114"><ele>149</ele></trkpt>
<trkpt lat="49.57851" lon="8.72109"><ele>149</ele></trkpt>
<trkpt lat="49.57784" lon="8.72055"><ele>149</ele></trkpt>
<trkpt lat="49.57637" lon="8.71926"><ele>148</ele></trkpt>
<trkpt lat="49.57588" lon="8.71892"><ele>148</ele></trkpt>
<trkpt lat="49.57583" lon="8.71884"><ele>148</ele></trkpt>
<trkpt lat="49.57560" lon="8.71866"><ele>148</ele></trkpt>
<trkpt lat="49.57428" lon="8.71779"><ele>148</ele></trkpt>
<trkpt lat="49.57361" lon="8.71721"><ele>148</ele></trkpt>
<trkpt lat="49.57241" lon="8.71594"><ele>148</ele></trkpt>
<trkpt lat="49.57243" lon="8.71586"><ele>148</ele></trkpt>
<trkpt lat="49.57218" lon="8.71548"><ele>147</ele></trkpt>
<trkpt lat="49.57123" lon="8.71429"><ele>147</ele></trkpt>
<trkpt lat="49.57091" lon="8.71402"><ele>148</ele></trkpt>
<trkpt lat="49.57044" lon="8.71371"><ele>148</ele></trkpt>
<trkpt lat="49.57023" lon="8.71340"><ele>148</ele></trkpt>
<trkpt lat="49.57012" lon="8.71331"><ele>149</ele></trkpt>
<trkpt lat="49.56989" lon="8.71279"><ele>146</ele></trkpt>
<trkpt lat="49.56920" lon="8.71230"><ele>147</ele></trkpt>
<trkpt lat="49.56830" lon="8.71189"><ele>145</ele></trkpt>
<trkpt lat="49.56797" lon="8.71168"><ele>144</ele></trkpt>
<trkpt lat="49.56762" lon="8.71132"><ele>145</ele></trkpt>
<trkpt lat="49.56747" lon="8.71111"><ele>144</ele></trkpt>
<trkpt lat="49.56712" lon="8.71034"><ele>141</ele></trkpt>
<trkpt lat="49.56688" lon="8.70999"><ele>141</ele></trkpt>
<trkpt lat="49.56621" lon="8.70940"><ele>141</ele></trkpt>
<trkpt lat="49.56501" lon="8.70819"><ele>142</ele></trkpt>
<trkpt lat="49.56493" lon="8.70818"><ele>142</ele></trkpt>
<trkpt lat="49.56493" lon="8.70827"><ele>142</ele></trkpt>
<trkpt lat="49.56439" lon="8.70830"><ele>141</ele></trkpt>
<trkpt lat="49.56386" lon="8.70844"><ele>140</ele></trkpt>
<trkpt lat="49.56368" lon="8.70844"><ele>140</ele></trkpt>
<trkpt lat="49.56247" lon="8.70804"><ele>141</ele></trkpt>
<trkpt lat="49.56151" lon="8.70749"><ele>141</ele></trkpt>
<trkpt lat="49.56113" lon="8.70743"><ele>144</ele></trkpt>
<trkpt lat="49.56106" lon="8.70736"><ele>145</ele></trkpt>
<trkpt lat="49.56081" lon="8.70651"><ele>146</ele></trkpt>
<trkpt lat="49.56073" lon="8.70605"><ele>145</ele></trkpt>
<trkpt lat="49.56083" lon="8.70600"><ele>144</ele></trkpt>
<trkpt lat="49.56085" lon="8.70583"><ele>144</ele></trkpt>
<trkpt lat="49.56079" lon="8.70508"><ele>144</ele></trkpt>
<trkpt lat="49.56063" lon="8.70421"><ele>140</ele></trkpt>
<trkpt lat="49.56074" lon="8.70381"><ele>140</ele></trkpt>
<trkpt lat="49.56075" lon="8.70297"><ele>138</ele></trkpt>
<trkpt lat="49.56098" lon="8.70285"><ele>138</ele></trkpt>
<trkpt lat="49.56091" lon="8.70268"><ele>137</ele></trkpt>
<trkpt lat="49.56084" lon="8.70236"><ele>138</ele></trkpt>
<trkpt lat="49.56079" lon="8.70131"><ele>138</ele></trkpt>
<trkpt lat="49.56079" lon="8.69988"><ele>137</ele></trkpt>
<trkpt lat="49.56099" lon="8.69866"><ele>136</ele></trkpt>
<trkpt lat="49.56119" lon="8.69786"><ele>136</ele></trkpt>
<trkpt lat="49.56145" lon="8.69653"><ele>136</ele></trkpt>
<trkpt lat="49.56157" lon="8.69641"><ele>137</ele></trkpt>
<trkpt lat="49.56133" lon="8.69553"><ele>137</ele></trkpt>
<trkpt lat="49.56127" lon="8.69500"><ele>138</ele></trkpt>
<trkpt lat="49.56131" lon="8.69441"><ele>136</ele></trkpt>
<trkpt lat="49.56160" lon="8.69252"><ele>134</ele></trkpt>
<trkpt lat="49.56165" lon="8.69199"><ele>134</ele></trkpt>
<trkpt lat="49.56162" lon="8.69156"><ele>133</ele></trkpt>
<trkpt lat="49.56156" lon="8.69122"><ele>133</ele></trkpt>
<trkpt lat="49.56138" lon="8.69072"><ele>134</ele></trkpt>
<trkpt lat="49.56120" lon="8.69045"><ele>133</ele></trkpt>
<trkpt lat="49.56094" lon="8.69022"><ele>133</ele></trkpt>
<trkpt lat="49.56056" lon="8.69005"><ele>132</ele></trkpt>
<trkpt lat="49.56021" lon="8.69002"><ele>132</ele></trkpt>
<trkpt lat="49.55996" lon="8.69008"><ele>132</ele></trkpt>
<trkpt lat="49.55912" lon="8.69049"><ele>131</ele></trkpt>
<trkpt lat="49.55892" lon="8.69050"><ele>132</ele></trkpt>
<trkpt lat="49.55872" lon="8.69044"><ele>132</ele></trkpt>
<trkpt lat="49.55821" lon="8.69000"><ele>130</ele></trkpt>
<trkpt lat="49.55797" lon="8.68986"><ele>130</ele></trkpt>
<trkpt lat="49.55718" lon="8.68959"><ele>128</ele></trkpt>
<trkpt lat="49.55658" lon="8.68963"><ele>128</ele></trkpt>
<trkpt lat="49.55641" lon="8.68956"><ele>127</ele></trkpt>
<trkpt lat="49.55622" lon="8.68937"><ele>128</ele></trkpt>
<trkpt lat="49.55612" lon="8.68917"><ele>126</ele></trkpt>
<trkpt lat="49.55604" lon="8.68884"><ele>126</ele></trkpt>
<trkpt lat="49.55595" lon="8.68826"><ele>126</ele></trkpt>
<trkpt lat="49.55587" lon="8.68798"><ele>125</ele></trkpt>
<trkpt lat="49.55573" lon="8.68766"><ele>126</ele></trkpt>
<trkpt lat="49.55544" lon="8.68726"><ele>122</ele></trkpt>
<trkpt lat="49.55479" lon="8.68669"><ele>122</ele></trkpt>
<trkpt lat="49.55460" lon="8.68644"><ele>121</ele></trkpt>
<trkpt lat="49.55450" lon="8.68612"><ele>122</ele></trkpt>
<trkpt lat="49.55449" lon="8.68593"><ele>121</ele></trkpt>
<trkpt lat="49.55451" lon="8.68566"><ele>121</ele></trkpt>
<trkpt lat="49.55457" lon="8.68544"><ele>121</ele></trkpt>
<trkpt lat="49.55469" lon="8.68513"><ele>117</ele></trkpt>
<trkpt lat="49.55525" lon="8.68414"><ele>115</ele></trkpt>
<trkpt lat="49.55536" lon="8.68386"><ele>117</ele></trkpt>
<trkpt lat="49.55546" lon="8.68346"><ele>116</ele></trkpt>
<trkpt lat="49.55547" lon="8.68322"><ele>115</ele></trkpt>
<trkpt lat="49.55543" lon="8.68281"><ele>115</ele></trkpt>
<trkpt lat="49.55532" lon="8.68246"><ele>115</ele></trkpt>
<trkpt lat="49.55523" lon="8.68229"><ele>114</ele></trkpt>
<trkpt lat="49.55485" lon="8.68179"><ele>121</ele></trkpt>
<trkpt lat="49.55417" lon="8.68073"><ele>120</ele></trkpt>
<trkpt lat="49.55403" lon="8.68045"><ele>122</ele></trkpt>
<trkpt lat="49.55391" lon="8.67992"><ele>118</ele></trkpt>
<trkpt lat="49.55381" lon="8.67826"><ele>114</ele></trkpt>
<trkpt lat="49.55379" lon="8.67750"><ele>111</ele></trkpt>
<trkpt lat="49.55402" lon="8.67618"><ele>109</ele></trkpt>
<trkpt lat="49.55425" lon="8.67533"><ele>109</ele></trkpt>
<trkpt lat="49.55388" lon="8.67537"><ele>109</ele></trkpt>
<trkpt lat="49.55368" lon="8.67550"><ele>111</ele></trkpt>
<trkpt lat="49.55357" lon="8.67523"><ele>114</ele></trkpt>
<trkpt lat="49.55271" lon="8.67500"><ele>119</ele></trkpt>
<trkpt lat="49.55227" lon="8.67480"><ele>119</ele></trkpt>
<trkpt lat="49.55211" lon="8.67468"><ele>119</ele></trkpt>
<trkpt lat="49.55202" lon="8.67453"><ele>119</ele></trkpt>
<trkpt lat="49.55202" lon="8.67432"><ele>119</ele></trkpt>
<trkpt lat="49.55216" lon="8.67357"><ele>120</ele></trkpt>
<trkpt lat="49.55215" lon="8.67344"><ele>120</ele></trkpt>
<trkpt lat="49.55147" lon="8.67269"><ele>122</ele></trkpt>
<trkpt lat="49.55105" lon="8.67252"><ele>123</ele></trkpt>
<trkpt lat="49.55035" lon="8.67209"><ele>126</ele></trkpt>
<trkpt lat="49.55020" lon="8.67212"><ele>127</ele></trkpt>
<trkpt lat="49.55016" lon="8.67182"><ele>129</ele></trkpt>
<trkpt lat="49.55018" lon="8.67167"><ele>129</ele></trkpt>
<trkpt lat="49.55084" lon="8.66986"><ele>124</ele></trkpt>
<trkpt lat="49.55080" lon="8.66967"><ele>124</ele></trkpt>
<trkpt lat="49.55079" lon="8.66941"><ele>124</ele></trkpt>
<trkpt lat="49.55080" lon="8.66896"><ele>122</ele></trkpt>
<trkpt lat="49.55094" lon="8.66690"><ele>116</ele></trkpt>
<trkpt lat="49.55023" lon="8.66683"><ele>116</ele></trkpt>
<trkpt lat="49.55026" lon="8.66597"><ele>112</ele></trkpt>
<trkpt lat="49.54931" lon="8.66584"><ele>112</ele></trkpt>
<trkpt lat="49.54931" lon="8.66546"><ele>109</ele></trkpt>
<trkpt lat="49.54947" lon="8.66547"><ele>110</ele></trkpt>
<trkpt lat="49.54959" lon="8.66539"><ele>109</ele></trkpt>
<trkpt lat="49.54963" lon="8.66526"><ele>109</ele></trkpt>
<trkpt lat="49.54967" lon="8.66483"><ele>109</ele></trkpt>
<trkpt lat="49.55098" lon="8.66517"><ele>109</ele></trkpt>
<trkpt lat="49.55140" lon="8.66522"><ele>109</ele></trkpt>
<trkpt lat="49.55192" lon="8.66536"><ele>109</ele></trkpt>
<trkpt lat="49.55205" lon="8.66533"><ele>109</ele></trkpt>
<trkpt lat="49.55219" lon="8.66558"><ele>109</ele></trkpt>
<trkpt lat="49.55231" lon="8.66559"><ele>109</ele></trkpt>
<trkpt lat="49.55233" lon="8.66530"><ele>109</ele></trkpt>
<trkpt lat="49.55250" lon="8.66455"><ele>109</ele></trkpt>
<trkpt lat="49.55262" lon="8.66386"><ele>109</ele></trkpt>
<trkpt lat="49.55264" lon="8.66238"><ele>108</ele></trkpt>
<trkpt lat="49.55278" lon="8.66224"><ele>108</ele></trkpt>
<trkpt lat="49.55327" lon="8.66232"><ele>108</ele></trkpt>
<trkpt lat="49.55400" lon="8.66277"><ele>108</ele></trkpt>
<trkpt lat="49.55417" lon="8.66227"><ele>107</ele></trkpt>
<trkpt lat="49.55478" lon="8.66010"><ele>106</ele></trkpt>
<trkpt lat="49.55496" lon="8.65962"><ele>106</ele></trkpt>
<trkpt lat="49.55523" lon="8.65902"><ele>106</ele></trkpt>
<trkpt lat="49.55603" lon="8.65657"><ele>105</ele></trkpt>
<trkpt lat="49.55637" lon="8.65528"><ele>105</ele></trkpt>
<trkpt lat="49.55717" lon="8.65255"><ele>104</ele></trkpt>
<trkpt lat="49.55730" lon="8.65221"><ele>104</ele></trkpt>
<trkpt lat="49.55741" lon="8.65214"><ele>104</ele></trkpt>
<trkpt lat="49.55763" lon="8.65226"><ele>104</ele></trkpt>
<trkpt lat="49.55849" lon="8.65313"><ele>104</ele></trkpt>
<trkpt lat="49.55852" lon="8.65304"><ele>104</ele></trkpt>
<trkpt lat="49.55849" lon="8.65273"><ele>104</ele></trkpt>
<trkpt lat="49.55877" lon="8.65222"><ele>103</ele></trkpt>
<trkpt lat="49.55900" lon="8.65192"><ele>103</ele></trkpt>
<trkpt lat="49.55935" lon="8.65157"><ele>103</ele></trkpt>
<trkpt lat="49.55974" lon="8.65127"><ele>103</ele></trkpt>
<trkpt lat="49.56121" lon="8.64982"><ele>102</ele></trkpt>
<trkpt lat="49.56144" lon="8.64953"><ele>102</ele></trkpt>
<trkpt lat="49.56159" lon="8.64929"><ele>102</ele></trkpt>
<trkpt lat="49.56264" lon="8.64805"><ele>102</ele></trkpt>
<trkpt lat="49.56291" lon="8.64781"><ele>102</ele></trkpt>
<trkpt lat="49.56511" lon="8.64932"><ele>102</ele></trkpt>
<trkpt lat="49.56543" lon="8.64950"><ele>102</ele></trkpt>
<trkpt lat="49.56560" lon="8.64952"><ele>102</ele></trkpt>
<trkpt lat="49.57145" lon="8.64806"><ele>101</ele></trkpt>
<trkpt lat="49.57616" lon="8.64557"><ele>100</ele></trkpt>
<trkpt lat="49.57612" lon="8.64752"><ele>100</ele></trkpt>
<trkpt lat="49.57911" lon="8.64743"><ele>99</ele></trkpt>
<trkpt lat="49.58166" lon="8.64704"><ele>98</ele></trkpt>
<trkpt lat="49.58203" lon="8.64706"><ele>98</ele></trkpt>
<trkpt lat="49.58258" lon="8.64730"><ele>98</ele></trkpt>
<trkpt lat="49.58288" lon="8.64736"><ele>98</ele></trkpt>
<trkpt lat="49.58296" lon="8.64680"><ele>98</ele></trkpt>
<trkpt lat="49.58306" lon="8.64563"><ele>98</ele></trkpt>
<trkpt lat="49.58317" lon="8.64561"><ele>98</ele></trkpt>
<trkpt lat="49.58332" lon="8.64551"><ele>97</ele></trkpt>
<trkpt lat="49.58404" lon="8.64543"><ele>97</ele></trkpt>
<trkpt lat="49.58497" lon="8.64544"><ele>97</ele></trkpt>
<trkpt lat="49.59023" lon="8.64559"><ele>98</ele></trkpt>
<trkpt lat="49.59155" lon="8.64589"><ele>98</ele></trkpt>
<trkpt lat="49.59185" lon="8.64606"><ele>98</ele></trkpt>
<trkpt lat="49.59187" lon="8.64613"><ele>98</ele></trkpt>
<trkpt lat="49.59197" lon="8.64620"><ele>98</ele></trkpt>
<trkpt lat="49.59206" lon="8.64612"><ele>98</ele></trkpt>
<trkpt lat="49.59262" lon="8.64624"><ele>98</ele></trkpt>
<trkpt lat="49.59332" lon="8.64621"><ele>98</ele></trkpt>
<trkpt lat="49.59385" lon="8.64606"><ele>97</ele></trkpt>
<trkpt lat="49.59431" lon="8.64580"><ele>97</ele></trkpt>
<trkpt lat="49.59648" lon="8.64415"><ele>97</ele></trkpt>
<trkpt lat="49.59688" lon="8.64397"><ele>97</ele></trkpt>
<trkpt lat="49.59729" lon="8.64391"><ele>97</ele></trkpt>
<trkpt lat="49.59810" lon="8.64399"><ele>97</ele></trkpt>
<trkpt lat="49.59814" lon="8.64368"><ele>97</ele></trkpt>
<trkpt lat="49.59836" lon="8.64367"><ele>97</ele></trkpt>
<trkpt lat="49.60321" lon="8.64269"><ele>97</ele></trkpt>
<trkpt lat="49.60334" lon="8.64439"><ele>97</ele></trkpt>
<trkpt lat="49.60490" lon="8.64430"><ele>97</ele></trkpt>
<trkpt lat="49.60492" lon="8.64436"><ele>97</ele></trkpt>
<trkpt lat="49.60596" lon="8.64377"><ele>97</ele></trkpt>
<trkpt lat="49.60616" lon="8.64357"><ele>97</ele></trkpt>
<trkpt lat="49.60689" lon="8.64265"><ele>97</ele></trkpt>
<trkpt lat="49.60811" lon="8.64156"><ele>97</ele></trkpt>
<trkpt lat="49.60888" lon="8.64093"><ele>98</ele></trkpt>
<trkpt lat="49.60906" lon="8.64091"><ele>98</ele></trkpt>
<trkpt lat="49.60913" lon="8.64184"><ele>98</ele></trkpt>
<trkpt lat="49.61120" lon="8.64142"><ele>98</ele></trkpt>
<trkpt lat="49.61324" lon="8.64075"><ele>97</ele></trkpt>
<trkpt lat="49.61611" lon="8.63971"><ele>96</ele></trkpt>
<trkpt lat="49.61848" lon="8.63867"><ele>96</ele></trkpt>
<trkpt lat="49.62104" lon="8.63732"><ele>96</ele></trkpt>
<trkpt lat="49.62112" lon="8.63734"><ele>97</ele></trkpt>
<trkpt lat="49.62097" lon="8.63795"><ele>96</ele></trkpt>
<trkpt lat="49.62086" lon="8.63951"><ele>97</ele></trkpt>
<trkpt lat="49.62086" lon="8.63984"><ele>97</ele></trkpt>
<trkpt lat="49.62096" lon="8.64067"><ele>97</ele></trkpt>
<trkpt lat="49.62213" lon="8.64050"><ele>96</ele></trkpt>
<trkpt lat="49.62274" lon="8.64033"><ele>96</ele></trkpt>
<trkpt lat="49.62482" lon="8.63942"><ele>97</ele></trkpt>
<trkpt lat="49.62612" lon="8.63868"><ele>97</ele></trkpt>
<trkpt lat="49.62796" lon="8.63816"><ele>96</ele></trkpt>
<trkpt lat="49.62824" lon="8.63803"><ele>96</ele></trkpt>
<trkpt lat="49.62954" lon="8.63712"><ele>96</ele></trkpt>
<trkpt lat="49.63110" lon="8.63633"><ele>96</ele></trkpt>
<trkpt lat="49.63207" lon="8.63579"><ele>96</ele></trkpt>
<trkpt lat="49.63266" lon="8.63523"><ele>96</ele></trkpt>
<trkpt lat="49.63337" lon="8.63434"><ele>96</ele></trkpt>
<trkpt lat="49.63365" lon="8.63404"><ele>96</ele></trkpt>
<trkpt lat="49.63448" lon="8.63344"><ele>100</ele></trkpt>
<trkpt lat="49.63455" lon="8.63344"><ele>100</ele></trkpt>
<trkpt lat="49.63465" lon="8.63353"><ele>100</ele></trkpt>
<trkpt lat="49.63476" lon="8.63347"><ele>100</ele></trkpt>
<trkpt lat="49.63479" lon="8.63340"><ele>100</ele></trkpt>
<trkpt lat="49.63480" lon="8.63331"><ele>100</ele></trkpt>
<trkpt lat="49.63476" lon="8.63317"><ele>100</ele></trkpt>
<trkpt lat="49.63459" lon="8.63301"><ele>99</ele></trkpt>
<trkpt lat="49.63340" lon="8.62876"><ele>97</ele></trkpt>
<trkpt lat="49.63312" lon="8.62800"><ele>98</ele></trkpt>
<trkpt lat="49.63289" lon="8.62752"><ele>96</ele></trkpt>
<trkpt lat="49.63209" lon="8.62631"><ele>96</ele></trkpt>
<trkpt lat="49.63202" lon="8.62616"><ele>97</ele></trkpt>
<trkpt lat="49.63200" lon="8.62597"><ele>96</ele></trkpt>
<trkpt lat="49.63194" lon="8.62590"><ele>96</ele></trkpt>
<trkpt lat="49.63183" lon="8.62591"><ele>96</ele></trkpt>
<trkpt lat="49.63175" lon="8.62583"><ele>96</ele></trkpt>
<trkpt lat="49.63095" lon="8.62476"><ele>96</ele></trkpt>
<trkpt lat="49.62871" lon="8.62159"><ele>96</ele></trkpt>
<trkpt lat="49.62810" lon="8.62078"><ele>96</ele></trkpt>
<trkpt lat="49.62795" lon="8.62050"><ele>97</ele></trkpt>
<trkpt lat="49.62794" lon="8.62034"><ele>97</ele></trkpt>
<trkpt lat="49.62788" lon="8.62025"><ele>97</ele></trkpt>
<trkpt lat="49.62768" lon="8.62025"><ele>96</ele></trkpt>
<trkpt lat="49.62752" lon="8.62019"><ele>96</ele></trkpt>
<trkpt lat="49.62678" lon="8.61971"><ele>96</ele></trkpt>
<trkpt lat="49.62393" lon="8.61827"><ele>100</ele></trkpt>
<trkpt lat="49.62251" lon="8.61745"><ele>101</ele></trkpt>
<trkpt lat="49.62203" lon="8.61708"><ele>98</ele></trkpt>
<trkpt lat="49.62174" lon="8.61680"><ele>97</ele></trkpt>
<trkpt lat="49.62136" lon="8.61632"><ele>97</ele></trkpt>
<trkpt lat="49.62032" lon="8.61457"><ele>95</ele></trkpt>
<trkpt lat="49.61992" lon="8.61398"><ele>96</ele></trkpt>
<trkpt lat="49.61711" lon="8.61059"><ele>96</ele></trkpt>
<trkpt lat="49.61659" lon="8.60984"><ele>96</ele></trkpt>
<trkpt lat="49.61610" lon="8.60889"><ele>96</ele></trkpt>
<trkpt lat="49.61457" lon="8.60573"><ele>96</ele></trkpt>
<trkpt lat="49.61242" lon="8.60100"><ele>96</ele></trkpt>
<trkpt lat="49.60909" lon="8.59287"><ele>97</ele></trkpt>
<trkpt lat="49.60847" lon="8.59149"><ele>96</ele></trkpt>
<trkpt lat="49.60790" lon="8.59039"><ele>96</ele></trkpt>
<trkpt lat="49.60670" lon="8.58855"><ele>96</ele></trkpt>
<trkpt lat="49.60640" lon="8.58799"><ele>97</ele></trkpt>
<trkpt lat="49.60620" lon="8.58746"><ele>96</ele></trkpt>
<trkpt lat="49.60603" lon="8.58694"><ele>96</ele></trkpt>
<trkpt lat="49.60557" lon="8.58485"><ele>96</ele></trkpt>
<trkpt lat="49.60553" lon="8.58429"><ele>97</ele></trkpt>
<trkpt lat="49.60563" lon="8.58413"><ele>96</ele></trkpt>
<trkpt lat="49.60560" lon="8.58392"><ele>97</ele></trkpt>
<trkpt lat="49.60556" lon="8.58387"><ele>97</ele></trkpt>
<trkpt lat="49.60546" lon="8.58383"><ele>96</ele></trkpt>
<trkpt lat="49.60541" lon="8.58386"><ele>96</ele></trkpt>
<trkpt lat="49.60534" lon="8.58398"><ele>96</ele></trkpt>
<trkpt lat="49.60524" lon="8.58399"><ele>96</ele></trkpt>
<trkpt lat="49.60441" lon="8.58378"><ele>96</ele></trkpt>
<trkpt lat="49.60398" lon="8.58355"><ele>96</ele></trkpt>
<trkpt lat="49.59908" lon="8.58047"><ele>96</ele></trkpt>
<trkpt lat="49.59883" lon="8.58023"><ele>97</ele></trkpt>
<trkpt lat="49.59875" lon="8.58006"><ele>96</ele></trkpt>
<trkpt lat="49.59868" lon="8.58004"><ele>97</ele></trkpt>
<trkpt lat="49.59857" lon="8.58012"><ele>97</ele></trkpt>
<trkpt lat="49.59846" lon="8.58011"><ele>96</ele></trkpt>
<trkpt lat="49.59845" lon="8.57996"><ele>96</ele></trkpt>
<trkpt lat="49.59857" lon="8.57987"><ele>96</ele></trkpt>
<trkpt lat="49.59864" lon="8.57958"><ele>96</ele></trkpt>
<trkpt lat="49.59869" lon="8.57910"><ele>96</ele></trkpt>
<trkpt lat="49.59870" lon="8.57895"><ele>96</ele></trkpt>
<trkpt lat="49.59867" lon="8.57885"><ele>96</ele></trkpt>
<trkpt lat="49.59929" lon="8.56678"><ele>96</ele></trkpt>
<trkpt lat="49.59940" lon="8.56602"><ele>96</ele></trkpt>
<trkpt lat="49.59942" lon="8.56549"><ele>96</ele></trkpt>
<trkpt lat="49.59951" lon="8.56516"><ele>96</ele></trkpt>
<trkpt lat="49.59955" lon="8.56423"><ele>98</ele></trkpt>
<trkpt lat="49.59953" lon="8.56318"><ele>97</ele></trkpt>
<trkpt lat="49.59935" lon="8.56094"><ele>101</ele></trkpt>
<trkpt lat="49.59931" lon="8.55994"><ele>100</ele></trkpt>
<trkpt lat="49.59934" lon="8.55929"><ele>98</ele></trkpt>
<trkpt lat="49.59962" lon="8.55651"><ele>98</ele></trkpt>
<trkpt lat="49.59963" lon="8.55499"><ele>97</ele></trkpt>
<trkpt lat="49.59956" lon="8.55408"><ele>96</ele></trkpt>
<trkpt lat="49.59849" lon="8.54368"><ele>96</ele></trkpt>
<trkpt lat="49.59636" lon="8.53305"><ele>96</ele></trkpt>
<trkpt lat="49.59625" lon="8.53231"><ele>96</ele></trkpt>
<trkpt lat="49.59623" lon="8.53153"><ele>96</ele></trkpt>
<trkpt lat="49.59627" lon="8.53093"><ele>96</ele></trkpt>
<trkpt lat="49.59638" lon="8.53023"><ele>96</ele></trkpt>
<trkpt lat="49.59673" lon="8.52914"><ele>96</ele></trkpt>
<trkpt lat="49.60107" lon="8.51973"><ele>95</ele></trkpt>
<trkpt lat="49.60113" lon="8.51971"><ele>95</ele></trkpt>
<trkpt lat="49.60132" lon="8.51915"><ele>96</ele></trkpt>
<trkpt lat="49.60137" lon="8.51875"><ele>96</ele></trkpt>
<trkpt lat="49.60137" lon="8.51837"><ele>96</ele></trkpt>
<trkpt lat="49.60122" lon="8.51685"><ele>95</ele></trkpt>
<trkpt lat="49.60093" lon="8.51527"><ele>95</ele></trkpt>
<trkpt lat="49.60096" lon="8.51478"><ele>95</ele></trkpt>
<trkpt lat="49.60101" lon="8.51464"><ele>95</ele></trkpt>
<trkpt lat="49.60097" lon="8.51447"><ele>95</ele></trkpt>
<trkpt lat="49.60083" lon="8.51424"><ele>95</ele></trkpt>
<trkpt lat="49.60059" lon="8.51304"><ele>95</ele></trkpt>
<trkpt lat="49.60047" lon="8.51262"><ele>95</ele></trkpt>
<trkpt lat="49.59988" lon="8.50965"><ele>94</ele></trkpt>
<trkpt lat="49.59982" lon="8.50920"><ele>95</ele></trkpt>
<trkpt lat="49.59863" lon="8.50333"><ele>95</ele></trkpt>
<trkpt lat="49.59855" lon="8.50306"><ele>95</ele></trkpt>
<trkpt lat="49.59717" lon="8.49572"><ele>94</ele></trkpt>
<trkpt lat="49.59710" lon="8.49530"><ele>93</ele></trkpt>
<trkpt lat="49.59717" lon="8.49501"><ele>94</ele></trkpt>
<trkpt lat="49.59715" lon="8.49480"><ele>94</ele></trkpt>
<trkpt lat="49.59697" lon="8.49457"><ele>94</ele></trkpt>
<trkpt lat="49.59683" lon="8.49463"><ele>94</ele></trkpt>
<trkpt lat="49.59609" lon="8.49116"><ele>94</ele></trkpt>
<trkpt lat="49.59486" lon="8.48564"><ele>95</ele></trkpt>
<trkpt lat="49.59473" lon="8.48548"><ele>95</ele></trkpt>
<trkpt lat="49.59465" lon="8.48547"><ele>95</ele></trkpt>
<trkpt lat="49.59461" lon="8.48517"><ele>94</ele></trkpt>
<trkpt lat="49.59466" lon="8.48498"><ele>94</ele></trkpt>
<trkpt lat="49.59481" lon="8.48490"><ele>94</ele></trkpt>
<trkpt lat="49.59419" lon="8.48220"><ele>93</ele></trkpt>
<trkpt lat="49.59417" lon="8.48207"><ele>92</ele></trkpt>
<trkpt lat="49.59420" lon="8.48198"><ele>92</ele></trkpt>
<trkpt lat="49.59419" lon="8.48189"><ele>92</ele></trkpt>
<trkpt lat="49.59416" lon="8.48183"><ele>92</ele></trkpt>
<trkpt lat="49.59407" lon="8.48182"><ele>92</ele></trkpt>
<trkpt lat="49.59328" lon="8.47833"><ele>92</ele></trkpt>
<trkpt lat="49.59338" lon="8.47836"><ele>92</ele></trkpt>
<trkpt lat="49.59367" lon="8.47953"><ele>90</ele></trkpt>
<trkpt lat="49.59389" lon="8.47953"><ele>93</ele></trkpt>
<trkpt lat="49.59387" lon="8.47981"><ele>92</ele></trkpt>
<trkpt lat="49.59384" lon="8.47990"><ele>92</ele></trkpt>
<trkpt lat="49.59376" lon="8.47998"><ele>91</ele></trkpt>
<trkpt lat="49.59313" lon="8.48028"><ele>92</ele></trkpt>
<trkpt lat="49.59303" lon="8.48028"><ele>92</ele></trkpt>
<trkpt lat="49.59297" lon="8.48018"><ele>92</ele></trkpt>
<trkpt lat="49.59293" lon="8.47998"><ele>91</ele></trkpt>
<trkpt lat="49.59284" lon="8.47900"><ele>92</ele></trkpt>
<trkpt lat="49.59259" lon="8.47908"><ele>91</ele></trkpt>
<trkpt lat="49.59218" lon="8.47910"><ele>92</ele></trkpt>
<trkpt lat="49.59019" lon="8.47875"><ele>92</ele></trkpt>
<trkpt lat="49.59006" lon="8.47868"><ele>92</ele></trkpt>
<trkpt lat="49.58953" lon="8.47996"><ele>92</ele></trkpt>
<trkpt lat="49.58851" lon="8.48188"><ele>93</ele></trkpt>
<trkpt lat="49.58818" lon="8.48252"><ele>93</ele></trkpt>
<trkpt lat="49.58799" lon="8.48298"><ele>93</ele></trkpt>
<trkpt lat="49.58784" lon="8.48346"><ele>94</ele></trkpt>
<trkpt lat="49.58770" lon="8.48412"><ele>94</ele></trkpt>
<trkpt lat="49.58765" lon="8.48460"><ele>93</ele></trkpt>
<trkpt lat="49.58760" lon="8.48459"><ele>93</ele></trkpt>
<trkpt lat="49.58756" lon="8.48453"><ele>93</ele></trkpt>
<trkpt lat="49.58758" lon="8.48408"><ele>93</ele></trkpt>
<trkpt lat="49.58751" lon="8.48398"><ele>93</ele></trkpt>
<trkpt lat="49.58589" lon="8.48629"><ele>92</ele></trkpt>
<trkpt lat="49.58521" lon="8.48706"><ele>93</ele></trkpt>
<trkpt lat="49.57957" lon="8.49204"><ele>94</ele></trkpt>
<trkpt lat="49.57951" lon="8.49212"><ele>95</ele></trkpt>
<trkpt lat="49.57942" lon="8.49232"><ele>95</ele></trkpt>
<trkpt lat="49.57933" lon="8.49274"><ele>94</ele></trkpt>
<trkpt lat="49.57894" lon="8.49267"><ele>94</ele></trkpt>
<trkpt lat="49.57850" lon="8.49278"><ele>95</ele></trkpt>
<trkpt lat="49.57510" lon="8.49457"><ele>95</ele></trkpt>
<trkpt lat="49.57349" lon="8.49520"><ele>95</ele></trkpt>
<trkpt lat="49.57335" lon="8.49513"><ele>95</ele></trkpt>
<trkpt lat="49.57296" lon="8.49506"><ele>95</ele></trkpt>
<trkpt lat="49.56626" lon="8.49325"><ele>96</ele></trkpt>
<trkpt lat="49.56607" lon="8.49314"><ele>96</ele></trkpt>
<trkpt lat="49.56599" lon="8.49299"><ele>96</ele></trkpt>
<trkpt lat="49.56525" lon="8.48804"><ele>93</ele></trkpt>
<trkpt lat="49.56514" lon="8.48752"><ele>93</ele></trkpt>
<trkpt lat="49.56503" lon="8.48714"><ele>94</ele></trkpt>
<trkpt lat="49.56371" lon="8.48389"><ele>94</ele></trkpt>
<trkpt lat="49.56375" lon="8.48385"><ele>94</ele></trkpt>
<trkpt lat="49.56270" lon="8.48144"><ele>93</ele></trkpt>
<trkpt lat="49.56197" lon="8.47966"><ele>92</ele></trkpt>
<trkpt lat="49.56186" lon="8.47930"><ele>92</ele></trkpt>
<trkpt lat="49.56176" lon="8.47919"><ele>92</ele></trkpt>
<trkpt lat="49.56168" lon="8.47931"><ele>92</ele></trkpt>
<trkpt lat="49.56159" lon="8.47935"><ele>92</ele></trkpt>
<trkpt lat="49.55820" lon="8.47941"><ele>93</ele></trkpt>
<trkpt lat="49.55806" lon="8.47944"><ele>93</ele></trkpt>
<trkpt lat="49.55688" lon="8.48002"><ele>93</ele></trkpt>
<trkpt lat="49.55497" lon="8.48014"><ele>94</ele></trkpt>
<trkpt lat="49.55417" lon="8.48015"><ele>96</ele></trkpt>
<trkpt lat="49.55405" lon="8.48010"><ele>96</ele></trkpt>
<trkpt lat="49.55392" lon="8.48013"><ele>95</ele></trkpt>
<trkpt lat="49.55394" lon="8.48026"><ele>95</ele></trkpt>
<trkpt lat="49.55372" lon="8.48039"><ele>95</ele></trkpt>
<trkpt lat="49.55333" lon="8.48074"><ele>94</ele></trkpt>
<trkpt lat="49.55270" lon="8.48114"><ele>94</ele></trkpt>
<trkpt lat="49.55170" lon="8.48147"><ele>94</ele></trkpt>
<trkpt lat="49.55152" lon="8.48149"><ele>94</ele></trkpt>
<trkpt lat="49.55079" lon="8.48144"><ele>94</ele></trkpt>
<trkpt lat="49.55040" lon="8.48134"><ele>94</ele></trkpt>
<trkpt lat="49.54728" lon="8.48137"><ele>95</ele></trkpt>
<trkpt lat="49.54700" lon="8.48124"><ele>95</ele></trkpt>
<trkpt lat="49.54700" lon="8.48116"><ele>95</ele></trkpt>
<trkpt lat="49.54707" lon="8.48106"><ele>95</ele></trkpt>
<trkpt lat="49.54708" lon="8.48095"><ele>95</ele></trkpt>
<trkpt lat="49.54695" lon="8.48086"><ele>95</ele></trkpt>
<trkpt lat="49.54462" lon="8.48091"><ele>95</ele></trkpt>
<trkpt lat="49.54459" lon="8.48080"><ele>95</ele></trkpt>
<trkpt lat="49.54456" lon="8.47992"><ele>95</ele></trkpt>
<trkpt lat="49.54252" lon="8.47993"><ele>95</ele></trkpt>
<trkpt lat="49.54222" lon="8.47993"><ele>95</ele></trkpt>
<trkpt lat="49.54208" lon="8.47988"><ele>95</ele></trkpt>
<trkpt lat="49.53912" lon="8.47993"><ele>95</ele></trkpt>
<trkpt lat="49.53913" lon="8.48100"><ele>95</ele></trkpt>
<trkpt lat="49.53656" lon="8.48105"><ele>95</ele></trkpt>
<trkpt lat="49.53609" lon="8.48094"><ele>95</ele></trkpt>
<trkpt lat="49.53555" lon="8.48093"><ele>96</ele></trkpt>
<trkpt lat="49.53547" lon="8.48097"><ele>96</ele></trkpt>
<trkpt lat="49.53491" lon="8.48098"><ele>96</ele></trkpt>
<trkpt lat="49.53452" lon="8.48087"><ele>96</ele></trkpt>
<trkpt lat="49.53449" lon="8.48101"><ele>96</ele></trkpt>
<trkpt lat="49.53318" lon="8.48107"><ele>96</ele></trkpt>
<trkpt lat="49.53237" lon="8.48104"><ele>96</ele></trkpt>
<trkpt lat="49.53220" lon="8.48117"><ele>96</ele></trkpt>
<trkpt lat="49.53207" lon="8.48135"><ele>97</ele></trkpt>
<trkpt lat="49.53174" lon="8.48200"><ele>97</ele></trkpt>
<trkpt lat="49.53158" lon="8.48207"><ele>98</ele></trkpt>
<trkpt lat="49.53111" lon="8.48208"><ele>100</ele></trkpt>
<trkpt lat="49.53058" lon="8.48207"><ele>98</ele></trkpt>
<trkpt lat="49.53002" lon="8.48139"><ele>97</ele></trkpt>
<trkpt lat="49.52972" lon="8.48127"><ele>97</ele></trkpt>
<trkpt lat="49.52947" lon="8.48131"><ele>97</ele></trkpt>
<trkpt lat="49.52895" lon="8.48160"><ele>97</ele></trkpt>
<trkpt lat="49.52878" lon="8.48173"><ele>97</ele></trkpt>
<trkpt lat="49.52695" lon="8.48145"><ele>97</ele></trkpt>
<trkpt lat="49.52681" lon="8.48155"><ele>97</ele></trkpt>
<trkpt lat="49.52599" lon="8.48172"><ele>97</ele></trkpt>
<trkpt lat="49.52519" lon="8.48157"><ele>96</ele></trkpt>
<trkpt lat="49.52501" lon="8.48171"><ele>96</ele></trkpt>
<trkpt lat="49.52484" lon="8.48160"><ele>96</ele></trkpt>
<trkpt lat="49.52479" lon="8.48150"><ele>96</ele></trkpt>
<trkpt lat="49.52428" lon="8.48102"><ele>96</ele></trkpt>
<trkpt lat="49.52387" lon="8.48079"><ele>96</ele></trkpt>
<trkpt lat="49.52345" lon="8.48073"><ele>96</ele></trkpt>
<trkpt lat="49.52284" lon="8.48073"><ele>96</ele></trkpt>
<trkpt lat="49.52180" lon="8.48035"><ele>96</ele></trkpt>
<trkpt lat="49.52081" lon="8.48027"><ele>96</ele></trkpt>
<trkpt lat="49.51978" lon="8.47983"><ele>96</ele></trkpt>
<trkpt lat="49.51944" lon="8.47959"><ele>96</ele></trkpt>
<trkpt lat="49.51903" lon="8.47925"><ele>96</ele></trkpt>
<trkpt lat="49.51872" lon="8.47893"><ele>96</ele></trkpt>
<trkpt lat="49.51756" lon="8.47744"><ele>96</ele></trkpt>
<trkpt lat="49.51703" lon="8.47645"><ele>96</ele></trkpt>
<trkpt lat="49.51699" lon="8.47631"><ele>96</ele></trkpt>
<trkpt lat="49.51700" lon="8.47622"><ele>96</ele></trkpt>
<trkpt lat="49.51653" lon="8.47465"><ele>95</ele></trkpt>
<trkpt lat="49.51588" lon="8.47499"><ele>95</ele></trkpt>
<trkpt lat="49.51574" lon="8.47497"><ele>95</ele></trkpt>
<trkpt lat="49.51389" lon="8.47236"><ele>94</ele></trkpt>
<trkpt lat="49.51342" lon="8.47184"><ele>93</ele></trkpt>
<trkpt lat="49.51336" lon="8.47168"><ele>93</ele></trkpt>
<trkpt lat="49.51316" lon="8.47167"><ele>93</ele></trkpt>
<trkpt lat="49.51275" lon="8.47143"><ele>94</ele></trkpt>
<trkpt lat="49.51237" lon="8.47147"><ele>94</ele></trkpt>
<trkpt lat="49.51158" lon="8.47124"><ele>93</ele></trkpt>
<trkpt lat="49.50938" lon="8.46820"><ele>93</ele></trkpt>
<trkpt lat="49.50524" lon="8.46235"><ele>93</ele></trkpt>
<trkpt lat="49.50505" lon="8.46229"><ele>93</ele></trkpt>
<trkpt lat="49.50457" lon="8.46160"><ele>93</ele></trkpt>
<trkpt lat="49.50424" lon="8.46097"><ele>93</ele></trkpt>
<trkpt lat="49.50364" lon="8.46013"><ele>94</ele></trkpt>
<trkpt lat="49.50356" lon="8.46012"><ele>93</ele></trkpt>
<trkpt lat="49.50339" lon="8.45985"><ele>93</ele></trkpt>
<trkpt lat="49.50287" lon="8.45941"><ele>94</ele></trkpt>
<trkpt lat="49.50256" lon="8.45923"><ele>96</ele></trkpt>
<trkpt lat="49.50215" lon="8.45917"><ele>96</ele></trkpt>
<trkpt lat="49.50183" lon="8.45921"><ele>96</ele></trkpt>
<trkpt lat="49.50125" lon="8.45948"><ele>96</ele></trkpt>
<trkpt lat="49.50004" lon="8.46063"><ele>98</ele></trkpt>
<trkpt lat="49.49974" lon="8.46073"><ele>97</ele></trkpt>
<trkpt lat="49.49942" lon="8.46070"><ele>97</ele></trkpt>
<trkpt lat="49.49911" lon="8.46054"><ele>96</ele></trkpt>
<trkpt lat="49.49891" lon="8.46039"><ele>96</ele></trkpt>
<trkpt lat="49.49811" lon="8.45962"><ele>96</ele></trkpt>
<trkpt lat="49.49784" lon="8.45940"><ele>95</ele></trkpt>
<trkpt lat="49.49754" lon="8.45927"><ele>95</ele></trkpt>
<trkpt lat="49.49723" lon="8.45919"><ele>98</ele></trkpt>
<trkpt lat="49.49695" lon="8.45925"><ele>98</ele></trkpt>
<trkpt lat="49.49682" lon="8.45919"><ele>98</ele></trkpt>
<trkpt lat="49.49677" lon="8.45910"><ele>98</ele></trkpt>
<trkpt lat="49.49675" lon="8.45892"><ele>97</ele></trkpt>
<trkpt lat="49.49685" lon="8.45781"><ele>95</ele></trkpt>
<trkpt lat="49.49665" lon="8.45776"><ele>96</ele></trkpt>
<trkpt lat="49.49657" lon="8.45766"><ele>95</ele></trkpt>
<trkpt lat="49.49656" lon="8.45755"><ele>95</ele></trkpt>
<trkpt lat="49.49221" lon="8.45676"><ele>94</ele></trkpt>
<trkpt lat="49.49216" lon="8.45671"><ele>94</ele></trkpt>
<trkpt lat="49.49162" lon="8.45661"><ele>94</ele></trkpt>
<trkpt lat="49.49162" lon="8.45645"><ele>94</ele></trkpt>
<trkpt lat="49.49145" lon="8.45595"><ele>92</ele></trkpt>
<trkpt lat="49.49160" lon="8.45401"><ele>93</ele></trkpt>
<trkpt lat="49.49160" lon="8.45361"><ele>93</ele></trkpt>
<trkpt lat="49.49154" lon="8.45331"><ele>93</ele></trkpt>
<trkpt lat="49.49127" lon="8.45242"><ele>94</ele></trkpt>
<trkpt lat="49.49019" lon="8.45321"><ele>94</ele></trkpt>
<trkpt lat="49.48898" lon="8.45383"><ele>94</ele></trkpt>
<trkpt lat="49.48869" lon="8.45395"><ele>94</ele></trkpt>
<trkpt lat="49.48817" lon="8.45409"><ele>94</ele></trkpt>
<trkpt lat="49.48787" lon="8.45412"><ele>94</ele></trkpt>
<trkpt lat="49.48727" lon="8.45410"><ele>94</ele></trkpt>
<trkpt lat="49.48701" lon="8.45403"><ele>94</ele></trkpt>
<trkpt lat="49.48692" lon="8.45394"><ele>94</ele></trkpt>
<trkpt lat="49.48662" lon="8.45391"><ele>94</ele></trkpt>
<trkpt lat="49.48641" lon="8.45366"><ele>95</ele></trkpt>
<trkpt lat="49.48637" lon="8.45346"><ele>95</ele></trkpt>
<trkpt lat="49.48631" lon="8.45341"><ele>95</ele></trkpt>
<trkpt lat="49.48618" lon="8.45342"><ele>95</ele></trkpt>
<trkpt lat="49.48611" lon="8.45359"><ele>95</ele></trkpt>
<trkpt lat="49.48590" lon="8.45386"><ele>95</ele></trkpt>
<trkpt lat="49.48501" lon="8.45491"><ele>94</ele></trkpt>
<trkpt lat="49.48404" lon="8.45582"><ele>94</ele></trkpt>
<trkpt lat="49.48324" lon="8.45674"><ele>94</ele></trkpt>
<trkpt lat="49.48260" lon="8.45716"><ele>93</ele></trkpt>
<trkpt lat="49.48236" lon="8.45737"><ele>92</ele></trkpt>
<trkpt lat="49.48148" lon="8.45829"><ele>93</ele></trkpt>
<trkpt lat="49.48125" lon="8.45861"><ele>93</ele></trkpt>
<trkpt lat="49.48112" lon="8.45869"><ele>92</ele></trkpt>
<trkpt lat="49.48094" lon="8.45912"><ele>94</ele></trkpt>
<trkpt lat="49.48081" lon="8.46021"><ele>94</ele></trkpt>
<trkpt lat="49.48062" lon="8.46093"><ele>94</ele></trkpt>
<trkpt lat="49.48062" lon="8.46104"><ele>94</ele></trkpt>
<trkpt lat="49.48049" lon="8.46132"><ele>94</ele></trkpt>
<trkpt lat="49.48042" lon="8.46141"><ele>94</ele></trkpt>
<trkpt lat="49.48011" lon="8.46161"><ele>95</ele></trkpt>
<trkpt lat="49.47992" lon="8.46170"><ele>96</ele></trkpt>
<trkpt lat="49.47982" lon="8.46169"><ele>96</ele></trkpt>
<trkpt lat="49.47928" lon="8.46217"><ele>96</ele></trkpt>
<trkpt lat="49.47862" lon="8.46260"><ele>95</ele></trkpt>
<trkpt lat="49.47835" lon="8.46372"><ele>95</ele></trkpt>
<trkpt lat="49.47819" lon="8.46475"><ele>94</ele></trkpt>
<trkpt lat="49.47817" lon="8.46556"><ele>94</ele></trkpt>
<trkpt lat="49.47823" lon="8.46642"><ele>95</ele></trkpt>
<trkpt lat="49.47821" lon="8.46653"><ele>96</ele></trkpt>
<trkpt lat="49.47785" lon="8.46737"><ele>95</ele></trkpt>
<trkpt lat="49.47783" lon="8.46756"><ele>95</ele></trkpt>
<trkpt lat="49.47747" lon="8.46839"><ele>95</ele></trkpt>
<trkpt lat="49.47715" lon="8.46904"><ele>94</ele></trkpt>
<trkpt lat="49.47628" lon="8.47062"><ele>93</ele></trkpt>
<trkpt lat="49.47638" lon="8.47080"><ele>93</ele></trkpt>
<trkpt lat="49.47698" lon="8.46973"><ele>94</ele></trkpt>
<trkpt lat="49.47743" lon="8.47029"><ele>94</ele></trkpt>
<trkpt lat="49.47771" lon="8.46984"><ele>94</ele></trkpt>
<trkpt lat="49.47772" lon="8.46976"><ele>95</ele></trkpt>
<trkpt lat="49.47798" lon="8.46927"><ele>95</ele></trkpt>
<trkpt lat="49.47804" lon="8.46907"><ele>95</ele></trkpt>
<trkpt lat="49.47815" lon="8.46903"><ele>95</ele></trkpt>
<trkpt lat="49.47924" lon="8.47026"><ele>93</ele></trkpt>
<trkpt lat="49.47978" lon="8.46921"><ele>94</ele></trkpt>
<trkpt lat="49.47976" lon="8.46918"><ele>95</ele></trkpt>
<trkpt lat="49.47983" lon="8.46902"><ele>95</ele></trkpt>
<trkpt lat="49.47957" lon="8.46872"><ele>95</ele></trkpt>
<trkpt lat="49.47950" lon="8.46886"><ele>95</ele></trkpt>
<trkpt lat="49.47948" lon="8.46883"><ele>95</ele></trkpt>
    </trkseg>
  </trk>
</gpx>
