<?xml version="1.0" encoding="UTF-8"?>
<gpx version="1.1" creator="Gravel Kompass" xmlns="http://www.topografix.com/GPX/1/1">
  <metadata><name>Weinstraße &amp; Rheinebene: Rennrad-Runde ab Mannheim</name></metadata>
  <trk>
    <name>Weinstraße &amp; Rheinebene: Rennrad-Runde ab Mannheim (komplett)</name>
    <trkseg>
      <trkpt lat="49.479479" lon="8.468832"><ele>95.0</ele></trkpt>
      <trkpt lat="49.479503" lon="8.468860"><ele>95.0</ele></trkpt>
      <trkpt lat="49.479507" lon="8.468852"><ele>95.0</ele></trkpt>
      <trkpt lat="49.479551" lon="8.468763"><ele>95.0</ele></trkpt>
      <trkpt lat="49.479570" lon="8.468721"><ele>95.0</ele></trkpt>
      <trkpt lat="49.479710" lon="8.468880"><ele>95.0</ele></trkpt>
      <trkpt lat="49.479808" lon="8.468992"><ele>94.8</ele></trkpt>
      <trkpt lat="49.479833" lon="8.469020"><ele>94.8</ele></trkpt>
      <trkpt lat="49.479815" lon="8.469058"><ele>94.8</ele></trkpt>
      <trkpt lat="49.479769" lon="8.469153"><ele>94.8</ele></trkpt>
      <trkpt lat="49.479757" lon="8.469178"><ele>94.8</ele></trkpt>
      <trkpt lat="49.479781" lon="8.469205"><ele>94.5</ele></trkpt>
      <trkpt lat="49.479538" lon="8.469662"><ele>93.8</ele></trkpt>
      <trkpt lat="49.479535" lon="8.469738"><ele>93.5</ele></trkpt>
      <trkpt lat="49.479579" lon="8.469791"><ele>93.2</ele></trkpt>
      <trkpt lat="49.479567" lon="8.469816"><ele>93.2</ele></trkpt>
      <trkpt lat="49.479560" lon="8.469806"><ele>93.2</ele></trkpt>
      <trkpt lat="49.479549" lon="8.469795"><ele>93.2</ele></trkpt>
      <trkpt lat="49.479559" lon="8.469806"><ele>93.2</ele></trkpt>
      <trkpt lat="49.479593" lon="8.469846"><ele>93.2</ele></trkpt>
      <trkpt lat="49.479431" lon="8.470173"><ele>93.5</ele></trkpt>
      <trkpt lat="49.479350" lon="8.470335"><ele>93.5</ele></trkpt>
      <trkpt lat="49.479336" lon="8.470366"><ele>93.5</ele></trkpt>
      <trkpt lat="49.479286" lon="8.470308"><ele>93.5</ele></trkpt>
      <trkpt lat="49.479274" lon="8.470266"><ele>93.8</ele></trkpt>
      <trkpt lat="49.479241" lon="8.470256"><ele>93.8</ele></trkpt>
      <trkpt lat="49.479112" lon="8.470111"><ele>93.8</ele></trkpt>
      <trkpt lat="49.479099" lon="8.470097"><ele>93.8</ele></trkpt>
      <trkpt lat="49.479086" lon="8.470082"><ele>93.8</ele></trkpt>
      <trkpt lat="49.478973" lon="8.469955"><ele>94.0</ele></trkpt>
      <trkpt lat="49.478960" lon="8.469940"><ele>94.0</ele></trkpt>
      <trkpt lat="49.478947" lon="8.469925"><ele>94.0</ele></trkpt>
      <trkpt lat="49.478801" lon="8.469761"><ele>94.2</ele></trkpt>
      <trkpt lat="49.478796" lon="8.469755"><ele>94.2</ele></trkpt>
      <trkpt lat="49.478791" lon="8.469749"><ele>94.2</ele></trkpt>
      <trkpt lat="49.478683" lon="8.469631"><ele>94.2</ele></trkpt>
      <trkpt lat="49.478679" lon="8.469626"><ele>94.2</ele></trkpt>
      <trkpt lat="49.478672" lon="8.469619"><ele>94.2</ele></trkpt>
      <trkpt lat="49.478566" lon="8.469496"><ele>94.5</ele></trkpt>
      <trkpt lat="49.478562" lon="8.469491"><ele>94.5</ele></trkpt>
      <trkpt lat="49.478556" lon="8.469484"><ele>94.5</ele></trkpt>
      <trkpt lat="49.478304" lon="8.469201"><ele>94.8</ele></trkpt>
      <trkpt lat="49.478260" lon="8.469152"><ele>94.8</ele></trkpt>
      <trkpt lat="49.478151" lon="8.469029"><ele>94.8</ele></trkpt>
      <trkpt lat="49.478151" lon="8.469002"><ele>95.0</ele></trkpt>
      <trkpt lat="49.478390" lon="8.468538"><ele>95.0</ele></trkpt>
      <trkpt lat="49.478397" lon="8.468520"><ele>95.0</ele></trkpt>
      <trkpt lat="49.478392" lon="8.468488"><ele>95.0</ele></trkpt>
      <trkpt lat="49.478381" lon="8.468475"><ele>95.0</ele></trkpt>
      <trkpt lat="49.478360" lon="8.468481"><ele>95.0</ele></trkpt>
      <trkpt lat="49.478228" lon="8.468733"><ele>95.0</ele></trkpt>
      <trkpt lat="49.478185" lon="8.468683"><ele>95.0</ele></trkpt>
      <trkpt lat="49.478402" lon="8.468204"><ele>95.0</ele></trkpt>
      <trkpt lat="49.478385" lon="8.467945"><ele>95.0</ele></trkpt>
      <trkpt lat="49.478368" lon="8.467921"><ele>95.0</ele></trkpt>
      <trkpt lat="49.478322" lon="8.467195"><ele>95.0</ele></trkpt>
      <trkpt lat="49.478303" lon="8.466940"><ele>95.0</ele></trkpt>
      <trkpt lat="49.478301" lon="8.466890"><ele>95.0</ele></trkpt>
      <trkpt lat="49.478340" lon="8.466824"><ele>95.2</ele></trkpt>
      <trkpt lat="49.478424" lon="8.466724"><ele>95.5</ele></trkpt>
      <trkpt lat="49.478489" lon="8.466656"><ele>95.2</ele></trkpt>
      <trkpt lat="49.478438" lon="8.466627"><ele>95.5</ele></trkpt>
      <trkpt lat="49.478400" lon="8.466605"><ele>95.5</ele></trkpt>
      <trkpt lat="49.478210" lon="8.466528"><ele>95.5</ele></trkpt>
      <trkpt lat="49.478232" lon="8.466417"><ele>95.0</ele></trkpt>
      <trkpt lat="49.478209" lon="8.466269"><ele>94.8</ele></trkpt>
      <trkpt lat="49.478180" lon="8.465831"><ele>94.5</ele></trkpt>
      <trkpt lat="49.478172" lon="8.465556"><ele>94.5</ele></trkpt>
      <trkpt lat="49.478174" lon="8.465197"><ele>94.2</ele></trkpt>
      <trkpt lat="49.478193" lon="8.464745"><ele>94.0</ele></trkpt>
      <trkpt lat="49.478261" lon="8.464191"><ele>94.0</ele></trkpt>
      <trkpt lat="49.478347" lon="8.463721"><ele>94.8</ele></trkpt>
      <trkpt lat="49.478395" lon="8.463491"><ele>94.5</ele></trkpt>
      <trkpt lat="49.478462" lon="8.463213"><ele>94.2</ele></trkpt>
      <trkpt lat="49.478609" lon="8.462663"><ele>94.8</ele></trkpt>
      <trkpt lat="49.478618" lon="8.462598"><ele>94.8</ele></trkpt>
      <trkpt lat="49.478671" lon="8.462558"><ele>94.8</ele></trkpt>
      <trkpt lat="49.479030" lon="8.462334"><ele>95.5</ele></trkpt>
      <trkpt lat="49.479247" lon="8.462193"><ele>96.2</ele></trkpt>
      <trkpt lat="49.479282" lon="8.462169"><ele>96.2</ele></trkpt>
      <trkpt lat="49.479457" lon="8.462029"><ele>96.0</ele></trkpt>
      <trkpt lat="49.479819" lon="8.461688"><ele>95.8</ele></trkpt>
      <trkpt lat="49.479921" lon="8.461700"><ele>95.8</ele></trkpt>
      <trkpt lat="49.480110" lon="8.461608"><ele>95.2</ele></trkpt>
      <trkpt lat="49.480258" lon="8.461508"><ele>94.5</ele></trkpt>
      <trkpt lat="49.480416" lon="8.461414"><ele>94.2</ele></trkpt>
      <trkpt lat="49.480489" lon="8.461320"><ele>94.2</ele></trkpt>
      <trkpt lat="49.480537" lon="8.461235"><ele>94.0</ele></trkpt>
      <trkpt lat="49.480623" lon="8.461040"><ele>93.8</ele></trkpt>
      <trkpt lat="49.480829" lon="8.460736"><ele>93.0</ele></trkpt>
      <trkpt lat="49.480964" lon="8.460585"><ele>93.0</ele></trkpt>
      <trkpt lat="49.480999" lon="8.460572"><ele>93.0</ele></trkpt>
      <trkpt lat="49.481160" lon="8.460507"><ele>93.2</ele></trkpt>
      <trkpt lat="49.481426" lon="8.460392"><ele>93.2</ele></trkpt>
      <trkpt lat="49.481495" lon="8.460362"><ele>93.0</ele></trkpt>
      <trkpt lat="49.481610" lon="8.460338"><ele>92.8</ele></trkpt>
      <trkpt lat="49.481699" lon="8.460332"><ele>93.2</ele></trkpt>
      <trkpt lat="49.481756" lon="8.460322"><ele>94.8</ele></trkpt>
      <trkpt lat="49.481853" lon="8.460297"><ele>97.5</ele></trkpt>
      <trkpt lat="49.481899" lon="8.460289"><ele>98.8</ele></trkpt>
      <trkpt lat="49.482455" lon="8.460205"><ele>95.2</ele></trkpt>
      <trkpt lat="49.482520" lon="8.460194"><ele>94.8</ele></trkpt>
      <trkpt lat="49.482764" lon="8.460083"><ele>93.8</ele></trkpt>
      <trkpt lat="49.482986" lon="8.459921"><ele>94.2</ele></trkpt>
      <trkpt lat="49.483066" lon="8.459848"><ele>94.5</ele></trkpt>
      <trkpt lat="49.483252" lon="8.459638"><ele>94.5</ele></trkpt>
      <trkpt lat="49.483339" lon="8.459498"><ele>94.8</ele></trkpt>
      <trkpt lat="49.483355" lon="8.459441"><ele>95.0</ele></trkpt>
      <trkpt lat="49.483344" lon="8.459375"><ele>95.8</ele></trkpt>
      <trkpt lat="49.483334" lon="8.459360"><ele>95.8</ele></trkpt>
      <trkpt lat="49.483306" lon="8.459343"><ele>96.2</ele></trkpt>
      <trkpt lat="49.483236" lon="8.459353"><ele>96.5</ele></trkpt>
      <trkpt lat="49.483035" lon="8.459422"><ele>97.0</ele></trkpt>
      <trkpt lat="49.482971" lon="8.459414"><ele>97.5</ele></trkpt>
      <trkpt lat="49.482936" lon="8.459406"><ele>97.8</ele></trkpt>
      <trkpt lat="49.482835" lon="8.459396"><ele>98.2</ele></trkpt>
      <trkpt lat="49.482771" lon="8.459405"><ele>98.2</ele></trkpt>
      <trkpt lat="49.482738" lon="8.459413"><ele>98.0</ele></trkpt>
      <trkpt lat="49.482697" lon="8.459439"><ele>97.8</ele></trkpt>
      <trkpt lat="49.482597" lon="8.459536"><ele>97.0</ele></trkpt>
      <trkpt lat="49.482548" lon="8.459601"><ele>97.0</ele></trkpt>
      <trkpt lat="49.482503" lon="8.459675"><ele>97.0</ele></trkpt>
      <trkpt lat="49.482481" lon="8.459750"><ele>97.0</ele></trkpt>
      <trkpt lat="49.482473" lon="8.459825"><ele>97.0</ele></trkpt>
      <trkpt lat="49.482479" lon="8.459882"><ele>97.0</ele></trkpt>
      <trkpt lat="49.482494" lon="8.459922"><ele>97.0</ele></trkpt>
      <trkpt lat="49.482517" lon="8.459956"><ele>97.0</ele></trkpt>
      <trkpt lat="49.482542" lon="8.459977"><ele>97.0</ele></trkpt>
      <trkpt lat="49.482567" lon="8.459985"><ele>97.0</ele></trkpt>
      <trkpt lat="49.482603" lon="8.459978"><ele>97.0</ele></trkpt>
      <trkpt lat="49.482639" lon="8.459950"><ele>97.0</ele></trkpt>
      <trkpt lat="49.482653" lon="8.459929"><ele>97.0</ele></trkpt>
      <trkpt lat="49.482674" lon="8.459867"><ele>97.0</ele></trkpt>
      <trkpt lat="49.482678" lon="8.459763"><ele>97.0</ele></trkpt>
      <trkpt lat="49.482676" lon="8.459737"><ele>97.0</ele></trkpt>
      <trkpt lat="49.482673" lon="8.459706"><ele>97.0</ele></trkpt>
      <trkpt lat="49.482647" lon="8.459566"><ele>97.2</ele></trkpt>
      <trkpt lat="49.482615" lon="8.459465"><ele>97.2</ele></trkpt>
      <trkpt lat="49.482549" lon="8.459335"><ele>97.5</ele></trkpt>
      <trkpt lat="49.482516" lon="8.459292"><ele>97.5</ele></trkpt>
      <trkpt lat="49.482215" lon="8.458905"><ele>97.2</ele></trkpt>
      <trkpt lat="49.482116" lon="8.458736"><ele>97.2</ele></trkpt>
      <trkpt lat="49.481915" lon="8.458289"><ele>97.5</ele></trkpt>
      <trkpt lat="49.481719" lon="8.457897"><ele>98.0</ele></trkpt>
      <trkpt lat="49.480981" lon="8.456331"><ele>99.5</ele></trkpt>
      <trkpt lat="49.480231" lon="8.454747"><ele>101.0</ele></trkpt>
      <trkpt lat="49.479989" lon="8.454232"><ele>101.2</ele></trkpt>
      <trkpt lat="49.479817" lon="8.453831"><ele>101.5</ele></trkpt>
      <trkpt lat="49.479599" lon="8.453129"><ele>100.8</ele></trkpt>
      <trkpt lat="49.479362" lon="8.452463"><ele>99.5</ele></trkpt>
      <trkpt lat="49.479160" lon="8.451985"><ele>98.0</ele></trkpt>
      <trkpt lat="49.478924" lon="8.451402"><ele>96.0</ele></trkpt>
      <trkpt lat="49.478890" lon="8.451343"><ele>95.8</ele></trkpt>
      <trkpt lat="49.478846" lon="8.451305"><ele>95.5</ele></trkpt>
      <trkpt lat="49.478892" lon="8.451239"><ele>95.2</ele></trkpt>
      <trkpt lat="49.478942" lon="8.451162"><ele>95.0</ele></trkpt>
      <trkpt lat="49.478957" lon="8.451084"><ele>95.0</ele></trkpt>
      <trkpt lat="49.478970" lon="8.451072"><ele>95.0</ele></trkpt>
      <trkpt lat="49.479005" lon="8.451038"><ele>95.0</ele></trkpt>
      <trkpt lat="49.479015" lon="8.451028"><ele>95.0</ele></trkpt>
      <trkpt lat="49.479043" lon="8.451001"><ele>95.0</ele></trkpt>
      <trkpt lat="49.479061" lon="8.450981"><ele>95.0</ele></trkpt>
      <trkpt lat="49.479097" lon="8.450944"><ele>95.0</ele></trkpt>
      <trkpt lat="49.479184" lon="8.450840"><ele>95.0</ele></trkpt>
      <trkpt lat="49.479406" lon="8.450572"><ele>94.8</ele></trkpt>
      <trkpt lat="49.479466" lon="8.450491"><ele>95.0</ele></trkpt>
      <trkpt lat="49.479503" lon="8.450435"><ele>95.0</ele></trkpt>
      <trkpt lat="49.479538" lon="8.450368"><ele>95.0</ele></trkpt>
      <trkpt lat="49.479568" lon="8.450306"><ele>95.0</ele></trkpt>
      <trkpt lat="49.479606" lon="8.450216"><ele>95.0</ele></trkpt>
      <trkpt lat="49.479653" lon="8.450116"><ele>95.0</ele></trkpt>
      <trkpt lat="49.479698" lon="8.450025"><ele>95.0</ele></trkpt>
      <trkpt lat="49.479742" lon="8.449942"><ele>95.0</ele></trkpt>
      <trkpt lat="49.479789" lon="8.449858"><ele>95.0</ele></trkpt>
      <trkpt lat="49.479832" lon="8.449783"><ele>95.0</ele></trkpt>
      <trkpt lat="49.479863" lon="8.449732"><ele>95.0</ele></trkpt>
      <trkpt lat="49.479897" lon="8.449677"><ele>95.0</ele></trkpt>
      <trkpt lat="49.479956" lon="8.449585"><ele>95.0</ele></trkpt>
      <trkpt lat="49.480015" lon="8.449499"><ele>94.8</ele></trkpt>
      <trkpt lat="49.480088" lon="8.449400"><ele>95.0</ele></trkpt>
      <trkpt lat="49.480201" lon="8.449240"><ele>95.0</ele></trkpt>
      <trkpt lat="49.480222" lon="8.449202"><ele>95.0</ele></trkpt>
      <trkpt lat="49.480254" lon="8.449146"><ele>95.0</ele></trkpt>
      <trkpt lat="49.480307" lon="8.449086"><ele>94.8</ele></trkpt>
      <trkpt lat="49.480515" lon="8.448840"><ele>94.0</ele></trkpt>
      <trkpt lat="49.480746" lon="8.448546"><ele>94.0</ele></trkpt>
      <trkpt lat="49.480859" lon="8.448410"><ele>94.0</ele></trkpt>
      <trkpt lat="49.481256" lon="8.447943"><ele>94.0</ele></trkpt>
      <trkpt lat="49.481267" lon="8.447930"><ele>94.0</ele></trkpt>
      <trkpt lat="49.480543" lon="8.446545"><ele>94.0</ele></trkpt>
      <trkpt lat="49.480514" lon="8.446491"><ele>93.8</ele></trkpt>
      <trkpt lat="49.480494" lon="8.446451"><ele>94.0</ele></trkpt>
      <trkpt lat="49.480470" lon="8.446364"><ele>93.8</ele></trkpt>
      <trkpt lat="49.480031" lon="8.445512"><ele>94.0</ele></trkpt>
      <trkpt lat="49.480015" lon="8.445469"><ele>94.0</ele></trkpt>
      <trkpt lat="49.479931" lon="8.445297"><ele>94.0</ele></trkpt>
      <trkpt lat="49.479904" lon="8.445238"><ele>94.0</ele></trkpt>
      <trkpt lat="49.479832" lon="8.445066"><ele>94.0</ele></trkpt>
      <trkpt lat="49.479834" lon="8.444788"><ele>93.5</ele></trkpt>
      <trkpt lat="49.479862" lon="8.444591"><ele>93.5</ele></trkpt>
      <trkpt lat="49.480555" lon="8.443747"><ele>94.2</ele></trkpt>
      <trkpt lat="49.480594" lon="8.443662"><ele>94.0</ele></trkpt>
      <trkpt lat="49.480991" lon="8.443177"><ele>94.0</ele></trkpt>
      <trkpt lat="49.481099" lon="8.443071"><ele>94.0</ele></trkpt>
      <trkpt lat="49.481431" lon="8.442707"><ele>94.0</ele></trkpt>
      <trkpt lat="49.481467" lon="8.442658"><ele>94.0</ele></trkpt>
      <trkpt lat="49.482355" lon="8.441573"><ele>94.0</ele></trkpt>
      <trkpt lat="49.483220" lon="8.440534"><ele>94.0</ele></trkpt>
      <trkpt lat="49.483284" lon="8.440458"><ele>94.0</ele></trkpt>
      <trkpt lat="49.483103" lon="8.439917"><ele>94.0</ele></trkpt>
      <trkpt lat="49.483132" lon="8.439761"><ele>94.2</ele></trkpt>
      <trkpt lat="49.483174" lon="8.439630"><ele>94.8</ele></trkpt>
      <trkpt lat="49.483270" lon="8.439452"><ele>96.2</ele></trkpt>
      <trkpt lat="49.483378" lon="8.439422"><ele>96.8</ele></trkpt>
      <trkpt lat="49.483688" lon="8.439283"><ele>96.2</ele></trkpt>
      <trkpt lat="49.483804" lon="8.439200"><ele>96.2</ele></trkpt>
      <trkpt lat="49.483904" lon="8.439122"><ele>96.0</ele></trkpt>
      <trkpt lat="49.483965" lon="8.439066"><ele>96.0</ele></trkpt>
      <trkpt lat="49.484038" lon="8.438988"><ele>96.0</ele></trkpt>
      <trkpt lat="49.484177" lon="8.438807"><ele>95.5</ele></trkpt>
      <trkpt lat="49.484265" lon="8.438649"><ele>95.0</ele></trkpt>
      <trkpt lat="49.484351" lon="8.438424"><ele>94.5</ele></trkpt>
      <trkpt lat="49.484393" lon="8.438283"><ele>94.0</ele></trkpt>
      <trkpt lat="49.484419" lon="8.438173"><ele>94.0</ele></trkpt>
      <trkpt lat="49.484439" lon="8.438050"><ele>93.8</ele></trkpt>
      <trkpt lat="49.484458" lon="8.437889"><ele>93.2</ele></trkpt>
      <trkpt lat="49.484469" lon="8.437734"><ele>93.0</ele></trkpt>
      <trkpt lat="49.484483" lon="8.437411"><ele>93.0</ele></trkpt>
      <trkpt lat="49.484450" lon="8.437326"><ele>92.8</ele></trkpt>
      <trkpt lat="49.484458" lon="8.437100"><ele>93.0</ele></trkpt>
      <trkpt lat="49.484470" lon="8.436765"><ele>93.0</ele></trkpt>
      <trkpt lat="49.484480" lon="8.436631"><ele>93.0</ele></trkpt>
      <trkpt lat="49.484534" lon="8.436020"><ele>93.0</ele></trkpt>
      <trkpt lat="49.484554" lon="8.435818"><ele>93.0</ele></trkpt>
      <trkpt lat="49.484574" lon="8.435636"><ele>93.0</ele></trkpt>
      <trkpt lat="49.484580" lon="8.435579"><ele>93.0</ele></trkpt>
      <trkpt lat="49.484641" lon="8.434966"><ele>93.0</ele></trkpt>
      <trkpt lat="49.484648" lon="8.434891"><ele>93.0</ele></trkpt>
      <trkpt lat="49.484660" lon="8.434760"><ele>93.0</ele></trkpt>
      <trkpt lat="49.484664" lon="8.434707"><ele>93.0</ele></trkpt>
      <trkpt lat="49.484716" lon="8.434200"><ele>93.0</ele></trkpt>
      <trkpt lat="49.484783" lon="8.433553"><ele>93.0</ele></trkpt>
      <trkpt lat="49.484803" lon="8.433370"><ele>93.0</ele></trkpt>
      <trkpt lat="49.484895" lon="8.432489"><ele>93.0</ele></trkpt>
      <trkpt lat="49.484903" lon="8.432414"><ele>93.0</ele></trkpt>
      <trkpt lat="49.484953" lon="8.431927"><ele>93.0</ele></trkpt>
      <trkpt lat="49.484994" lon="8.431530"><ele>93.0</ele></trkpt>
      <trkpt lat="49.484998" lon="8.431478"><ele>93.0</ele></trkpt>
      <trkpt lat="49.485016" lon="8.431298"><ele>93.0</ele></trkpt>
      <trkpt lat="49.485023" lon="8.431217"><ele>93.0</ele></trkpt>
      <trkpt lat="49.485034" lon="8.431099"><ele>93.0</ele></trkpt>
      <trkpt lat="49.485049" lon="8.430948"><ele>93.0</ele></trkpt>
      <trkpt lat="49.485055" lon="8.430891"><ele>93.0</ele></trkpt>
      <trkpt lat="49.485102" lon="8.430476"><ele>93.0</ele></trkpt>
      <trkpt lat="49.485160" lon="8.429938"><ele>92.8</ele></trkpt>
      <trkpt lat="49.485257" lon="8.429064"><ele>92.8</ele></trkpt>
      <trkpt lat="49.485336" lon="8.428344"><ele>92.8</ele></trkpt>
      <trkpt lat="49.485484" lon="8.426995"><ele>93.0</ele></trkpt>
      <trkpt lat="49.485517" lon="8.426664"><ele>93.8</ele></trkpt>
      <trkpt lat="49.485551" lon="8.426335"><ele>93.0</ele></trkpt>
      <trkpt lat="49.485583" lon="8.425965"><ele>92.8</ele></trkpt>
      <trkpt lat="49.485613" lon="8.425691"><ele>93.0</ele></trkpt>
      <trkpt lat="49.485624" lon="8.425591"><ele>93.0</ele></trkpt>
      <trkpt lat="49.485684" lon="8.425041"><ele>93.0</ele></trkpt>
      <trkpt lat="49.485834" lon="8.423685"><ele>93.0</ele></trkpt>
      <trkpt lat="49.485846" lon="8.423576"><ele>93.0</ele></trkpt>
      <trkpt lat="49.485853" lon="8.423509"><ele>92.8</ele></trkpt>
      <trkpt lat="49.485869" lon="8.423353"><ele>93.0</ele></trkpt>
      <trkpt lat="49.485906" lon="8.423093"><ele>93.0</ele></trkpt>
      <trkpt lat="49.486084" lon="8.421838"><ele>93.0</ele></trkpt>
      <trkpt lat="49.486109" lon="8.421660"><ele>93.0</ele></trkpt>
      <trkpt lat="49.486167" lon="8.421239"><ele>92.8</ele></trkpt>
      <trkpt lat="49.486274" lon="8.420507"><ele>92.0</ele></trkpt>
      <trkpt lat="49.486290" lon="8.420388"><ele>92.5</ele></trkpt>
      <trkpt lat="49.486327" lon="8.420122"><ele>92.8</ele></trkpt>
      <trkpt lat="49.486389" lon="8.419701"><ele>93.0</ele></trkpt>
      <trkpt lat="49.486505" lon="8.418884"><ele>92.5</ele></trkpt>
      <trkpt lat="49.486580" lon="8.418377"><ele>92.5</ele></trkpt>
      <trkpt lat="49.486668" lon="8.417738"><ele>92.8</ele></trkpt>
      <trkpt lat="49.486758" lon="8.417129"><ele>92.8</ele></trkpt>
      <trkpt lat="49.486780" lon="8.416977"><ele>92.8</ele></trkpt>
      <trkpt lat="49.486810" lon="8.416766"><ele>93.0</ele></trkpt>
      <trkpt lat="49.486881" lon="8.416271"><ele>93.0</ele></trkpt>
      <trkpt lat="49.486900" lon="8.416147"><ele>93.0</ele></trkpt>
      <trkpt lat="49.486997" lon="8.415468"><ele>93.0</ele></trkpt>
      <trkpt lat="49.487135" lon="8.414498"><ele>92.5</ele></trkpt>
      <trkpt lat="49.487144" lon="8.414438"><ele>92.5</ele></trkpt>
      <trkpt lat="49.487150" lon="8.414396"><ele>92.8</ele></trkpt>
      <trkpt lat="49.487170" lon="8.414258"><ele>92.8</ele></trkpt>
      <trkpt lat="49.487192" lon="8.414105"><ele>92.8</ele></trkpt>
      <trkpt lat="49.487199" lon="8.414057"><ele>92.8</ele></trkpt>
      <trkpt lat="49.487234" lon="8.413825"><ele>92.8</ele></trkpt>
      <trkpt lat="49.487240" lon="8.413788"><ele>92.8</ele></trkpt>
      <trkpt lat="49.487395" lon="8.412712"><ele>92.5</ele></trkpt>
      <trkpt lat="49.487417" lon="8.412559"><ele>92.5</ele></trkpt>
      <trkpt lat="49.487446" lon="8.412358"><ele>92.8</ele></trkpt>
      <trkpt lat="49.487512" lon="8.411905"><ele>93.0</ele></trkpt>
      <trkpt lat="49.487593" lon="8.411339"><ele>92.8</ele></trkpt>
      <trkpt lat="49.487846" lon="8.409573"><ele>92.8</ele></trkpt>
      <trkpt lat="49.487924" lon="8.409027"><ele>93.0</ele></trkpt>
      <trkpt lat="49.487962" lon="8.408760"><ele>92.8</ele></trkpt>
      <trkpt lat="49.488127" lon="8.407643"><ele>92.5</ele></trkpt>
      <trkpt lat="49.488191" lon="8.407201"><ele>92.5</ele></trkpt>
      <trkpt lat="49.488289" lon="8.406517"><ele>93.0</ele></trkpt>
      <trkpt lat="49.488426" lon="8.405557"><ele>93.0</ele></trkpt>
      <trkpt lat="49.488524" lon="8.404848"><ele>92.5</ele></trkpt>
      <trkpt lat="49.488557" lon="8.404619"><ele>92.8</ele></trkpt>
      <trkpt lat="49.488583" lon="8.404435"><ele>92.8</ele></trkpt>
      <trkpt lat="49.488618" lon="8.404190"><ele>93.0</ele></trkpt>
      <trkpt lat="49.488703" lon="8.403601"><ele>93.0</ele></trkpt>
      <trkpt lat="49.488772" lon="8.403120"><ele>92.5</ele></trkpt>
      <trkpt lat="49.488865" lon="8.402471"><ele>92.8</ele></trkpt>
      <trkpt lat="49.488877" lon="8.402391"><ele>92.8</ele></trkpt>
      <trkpt lat="49.488980" lon="8.401672"><ele>93.0</ele></trkpt>
      <trkpt lat="49.489145" lon="8.400529"><ele>92.0</ele></trkpt>
      <trkpt lat="49.489233" lon="8.399891"><ele>92.5</ele></trkpt>
      <trkpt lat="49.489279" lon="8.399593"><ele>92.8</ele></trkpt>
      <trkpt lat="49.489326" lon="8.399242"><ele>93.0</ele></trkpt>
      <trkpt lat="49.489337" lon="8.399166"><ele>92.8</ele></trkpt>
      <trkpt lat="49.489405" lon="8.398698"><ele>92.5</ele></trkpt>
      <trkpt lat="49.489444" lon="8.398439"><ele>92.8</ele></trkpt>
      <trkpt lat="49.489515" lon="8.397953"><ele>92.0</ele></trkpt>
      <trkpt lat="49.489576" lon="8.397529"><ele>92.2</ele></trkpt>
      <trkpt lat="49.489642" lon="8.397078"><ele>92.0</ele></trkpt>
      <trkpt lat="49.489825" lon="8.395822"><ele>92.5</ele></trkpt>
      <trkpt lat="49.489839" lon="8.395730"><ele>92.5</ele></trkpt>
      <trkpt lat="49.489977" lon="8.394729"><ele>92.0</ele></trkpt>
      <trkpt lat="49.490015" lon="8.394520"><ele>92.0</ele></trkpt>
      <trkpt lat="49.490026" lon="8.394461"><ele>92.0</ele></trkpt>
      <trkpt lat="49.490036" lon="8.394415"><ele>92.0</ele></trkpt>
      <trkpt lat="49.490056" lon="8.394325"><ele>92.0</ele></trkpt>
      <trkpt lat="49.490084" lon="8.394217"><ele>92.0</ele></trkpt>
      <trkpt lat="49.490128" lon="8.394069"><ele>92.0</ele></trkpt>
      <trkpt lat="49.490180" lon="8.393930"><ele>92.5</ele></trkpt>
      <trkpt lat="49.490253" lon="8.393776"><ele>92.8</ele></trkpt>
      <trkpt lat="49.490361" lon="8.393571"><ele>92.5</ele></trkpt>
      <trkpt lat="49.490582" lon="8.393221"><ele>92.0</ele></trkpt>
      <trkpt lat="49.490628" lon="8.393153"><ele>92.0</ele></trkpt>
      <trkpt lat="49.490788" lon="8.392920"><ele>92.2</ele></trkpt>
      <trkpt lat="49.490924" lon="8.392800"><ele>92.0</ele></trkpt>
      <trkpt lat="49.491144" lon="8.392537"><ele>92.0</ele></trkpt>
      <trkpt lat="49.491347" lon="8.392334"><ele>92.0</ele></trkpt>
      <trkpt lat="49.491392" lon="8.392307"><ele>92.0</ele></trkpt>
      <trkpt lat="49.491471" lon="8.392266"><ele>92.0</ele></trkpt>
      <trkpt lat="49.491579" lon="8.392226"><ele>92.0</ele></trkpt>
      <trkpt lat="49.491630" lon="8.392211"><ele>92.0</ele></trkpt>
      <trkpt lat="49.491626" lon="8.392064"><ele>92.0</ele></trkpt>
      <trkpt lat="49.491624" lon="8.391972"><ele>92.0</ele></trkpt>
      <trkpt lat="49.491642" lon="8.391948"><ele>91.8</ele></trkpt>
      <trkpt lat="49.491643" lon="8.391892"><ele>91.8</ele></trkpt>
      <trkpt lat="49.491678" lon="8.391513"><ele>90.8</ele></trkpt>
      <trkpt lat="49.491682" lon="8.391274"><ele>90.8</ele></trkpt>
      <trkpt lat="49.491652" lon="8.390892"><ele>91.8</ele></trkpt>
      <trkpt lat="49.491650" lon="8.390771"><ele>92.0</ele></trkpt>
      <trkpt lat="49.491658" lon="8.390635"><ele>92.5</ele></trkpt>
      <trkpt lat="49.491699" lon="8.390214"><ele>92.5</ele></trkpt>
      <trkpt lat="49.491816" lon="8.389196"><ele>92.2</ele></trkpt>
      <trkpt lat="49.491844" lon="8.388907"><ele>93.0</ele></trkpt>
      <trkpt lat="49.491856" lon="8.388677"><ele>93.2</ele></trkpt>
      <trkpt lat="49.491857" lon="8.388342"><ele>92.2</ele></trkpt>
      <trkpt lat="49.491845" lon="8.388162"><ele>93.0</ele></trkpt>
      <trkpt lat="49.491789" lon="8.387785"><ele>95.8</ele></trkpt>
      <trkpt lat="49.491741" lon="8.387595"><ele>96.2</ele></trkpt>
      <trkpt lat="49.491688" lon="8.387434"><ele>97.5</ele></trkpt>
      <trkpt lat="49.491619" lon="8.387269"><ele>97.2</ele></trkpt>
      <trkpt lat="49.491555" lon="8.387148"><ele>95.5</ele></trkpt>
      <trkpt lat="49.491526" lon="8.387098"><ele>94.2</ele></trkpt>
      <trkpt lat="49.491464" lon="8.386995"><ele>92.5</ele></trkpt>
      <trkpt lat="49.490936" lon="8.386282"><ele>94.2</ele></trkpt>
      <trkpt lat="49.490859" lon="8.386181"><ele>96.0</ele></trkpt>
      <trkpt lat="49.490755" lon="8.386009"><ele>96.5</ele></trkpt>
      <trkpt lat="49.490652" lon="8.385824"><ele>96.5</ele></trkpt>
      <trkpt lat="49.490567" lon="8.385640"><ele>96.8</ele></trkpt>
      <trkpt lat="49.490515" lon="8.385474"><ele>95.8</ele></trkpt>
      <trkpt lat="49.490489" lon="8.385356"><ele>94.8</ele></trkpt>
      <trkpt lat="49.490473" lon="8.385219"><ele>94.0</ele></trkpt>
      <trkpt lat="49.490477" lon="8.385049"><ele>93.2</ele></trkpt>
      <trkpt lat="49.490498" lon="8.384949"><ele>93.0</ele></trkpt>
      <trkpt lat="49.490533" lon="8.384836"><ele>92.8</ele></trkpt>
      <trkpt lat="49.490567" lon="8.384759"><ele>93.0</ele></trkpt>
      <trkpt lat="49.490628" lon="8.384676"><ele>93.0</ele></trkpt>
      <trkpt lat="49.490707" lon="8.384596"><ele>93.0</ele></trkpt>
      <trkpt lat="49.490770" lon="8.384561"><ele>93.0</ele></trkpt>
      <trkpt lat="49.490822" lon="8.384553"><ele>93.0</ele></trkpt>
      <trkpt lat="49.490891" lon="8.384564"><ele>92.8</ele></trkpt>
      <trkpt lat="49.490946" lon="8.384600"><ele>92.5</ele></trkpt>
      <trkpt lat="49.490997" lon="8.384652"><ele>92.2</ele></trkpt>
      <trkpt lat="49.491039" lon="8.384730"><ele>92.2</ele></trkpt>
      <trkpt lat="49.491063" lon="8.384803"><ele>92.0</ele></trkpt>
      <trkpt lat="49.491076" lon="8.384873"><ele>92.0</ele></trkpt>
      <trkpt lat="49.491081" lon="8.384942"><ele>92.0</ele></trkpt>
      <trkpt lat="49.491078" lon="8.385009"><ele>92.0</ele></trkpt>
      <trkpt lat="49.491285" lon="8.385013"><ele>91.2</ele></trkpt>
      <trkpt lat="49.491327" lon="8.385014"><ele>91.2</ele></trkpt>
      <trkpt lat="49.491352" lon="8.384979"><ele>91.0</ele></trkpt>
      <trkpt lat="49.491376" lon="8.384958"><ele>91.0</ele></trkpt>
      <trkpt lat="49.491425" lon="8.384806"><ele>91.5</ele></trkpt>
      <trkpt lat="49.491433" lon="8.384783"><ele>91.8</ele></trkpt>
      <trkpt lat="49.491458" lon="8.384793"><ele>91.8</ele></trkpt>
      <trkpt lat="49.491510" lon="8.384807"><ele>91.8</ele></trkpt>
      <trkpt lat="49.491555" lon="8.384810"><ele>91.8</ele></trkpt>
      <trkpt lat="49.491668" lon="8.384751"><ele>91.8</ele></trkpt>
      <trkpt lat="49.491721" lon="8.384587"><ele>92.0</ele></trkpt>
      <trkpt lat="49.491723" lon="8.384530"><ele>92.0</ele></trkpt>
      <trkpt lat="49.491982" lon="8.383600"><ele>92.0</ele></trkpt>
      <trkpt lat="49.492028" lon="8.383411"><ele>92.0</ele></trkpt>
      <trkpt lat="49.492081" lon="8.383211"><ele>92.0</ele></trkpt>
      <trkpt lat="49.492157" lon="8.382942"><ele>92.0</ele></trkpt>
      <trkpt lat="49.492241" lon="8.382669"><ele>92.0</ele></trkpt>
      <trkpt lat="49.492288" lon="8.382534"><ele>92.0</ele></trkpt>
      <trkpt lat="49.492371" lon="8.382330"><ele>92.0</ele></trkpt>
      <trkpt lat="49.492478" lon="8.382071"><ele>92.0</ele></trkpt>
      <trkpt lat="49.492611" lon="8.381783"><ele>92.0</ele></trkpt>
      <trkpt lat="49.492731" lon="8.381565"><ele>92.0</ele></trkpt>
      <trkpt lat="49.492852" lon="8.381346"><ele>92.0</ele></trkpt>
      <trkpt lat="49.492879" lon="8.381300"><ele>91.8</ele></trkpt>
      <trkpt lat="49.492937" lon="8.381203"><ele>92.0</ele></trkpt>
      <trkpt lat="49.492996" lon="8.381099"><ele>92.0</ele></trkpt>
      <trkpt lat="49.493037" lon="8.380949"><ele>92.0</ele></trkpt>
      <trkpt lat="49.493119" lon="8.380815"><ele>92.0</ele></trkpt>
      <trkpt lat="49.493260" lon="8.380572"><ele>92.0</ele></trkpt>
      <trkpt lat="49.493289" lon="8.380524"><ele>92.0</ele></trkpt>
      <trkpt lat="49.493373" lon="8.380443"><ele>92.0</ele></trkpt>
      <trkpt lat="49.493410" lon="8.380395"><ele>92.0</ele></trkpt>
      <trkpt lat="49.493514" lon="8.380222"><ele>92.0</ele></trkpt>
      <trkpt lat="49.493603" lon="8.380055"><ele>92.0</ele></trkpt>
      <trkpt lat="49.493664" lon="8.379915"><ele>92.0</ele></trkpt>
      <trkpt lat="49.493845" lon="8.379445"><ele>92.0</ele></trkpt>
      <trkpt lat="49.493848" lon="8.379375"><ele>92.2</ele></trkpt>
      <trkpt lat="49.494036" lon="8.378853"><ele>93.0</ele></trkpt>
      <trkpt lat="49.494258" lon="8.378008"><ele>94.0</ele></trkpt>
      <trkpt lat="49.494275" lon="8.377871"><ele>94.5</ele></trkpt>
      <trkpt lat="49.494276" lon="8.377738"><ele>95.0</ele></trkpt>
      <trkpt lat="49.494254" lon="8.377574"><ele>95.8</ele></trkpt>
      <trkpt lat="49.494203" lon="8.377383"><ele>96.5</ele></trkpt>
      <trkpt lat="49.494094" lon="8.377047"><ele>94.8</ele></trkpt>
      <trkpt lat="49.494023" lon="8.376864"><ele>94.2</ele></trkpt>
      <trkpt lat="49.493955" lon="8.376703"><ele>93.8</ele></trkpt>
      <trkpt lat="49.493447" lon="8.375677"><ele>96.2</ele></trkpt>
      <trkpt lat="49.493448" lon="8.375630"><ele>96.2</ele></trkpt>
      <trkpt lat="49.493264" lon="8.375260"><ele>97.0</ele></trkpt>
      <trkpt lat="49.493280" lon="8.375180"><ele>96.8</ele></trkpt>
      <trkpt lat="49.493261" lon="8.375030"><ele>97.0</ele></trkpt>
      <trkpt lat="49.493250" lon="8.374950"><ele>97.0</ele></trkpt>
      <trkpt lat="49.493245" lon="8.374915"><ele>97.0</ele></trkpt>
      <trkpt lat="49.493235" lon="8.374874"><ele>97.0</ele></trkpt>
      <trkpt lat="49.493178" lon="8.374758"><ele>97.0</ele></trkpt>
      <trkpt lat="49.492901" lon="8.372741"><ele>96.0</ele></trkpt>
      <trkpt lat="49.492869" lon="8.372510"><ele>96.0</ele></trkpt>
      <trkpt lat="49.492661" lon="8.371000"><ele>96.0</ele></trkpt>
      <trkpt lat="49.492509" lon="8.369888"><ele>96.0</ele></trkpt>
      <trkpt lat="49.492349" lon="8.368724"><ele>96.0</ele></trkpt>
      <trkpt lat="49.492183" lon="8.367520"><ele>96.0</ele></trkpt>
      <trkpt lat="49.492070" lon="8.366692"><ele>96.0</ele></trkpt>
      <trkpt lat="49.492063" lon="8.366643"><ele>96.0</ele></trkpt>
      <trkpt lat="49.491887" lon="8.365362"><ele>96.0</ele></trkpt>
      <trkpt lat="49.491772" lon="8.364529"><ele>96.0</ele></trkpt>
      <trkpt lat="49.491766" lon="8.364480"><ele>96.0</ele></trkpt>
      <trkpt lat="49.491743" lon="8.364312"><ele>96.0</ele></trkpt>
      <trkpt lat="49.491747" lon="8.364229"><ele>96.0</ele></trkpt>
      <trkpt lat="49.491754" lon="8.364119"><ele>96.0</ele></trkpt>
      <trkpt lat="49.491761" lon="8.364004"><ele>96.0</ele></trkpt>
      <trkpt lat="49.491530" lon="8.362092"><ele>96.0</ele></trkpt>
      <trkpt lat="49.491520" lon="8.362009"><ele>96.0</ele></trkpt>
      <trkpt lat="49.491497" lon="8.361809"><ele>96.2</ele></trkpt>
      <trkpt lat="49.491337" lon="8.360373"><ele>98.2</ele></trkpt>
      <trkpt lat="49.491294" lon="8.359827"><ele>98.5</ele></trkpt>
      <trkpt lat="49.491287" lon="8.359441"><ele>99.0</ele></trkpt>
      <trkpt lat="49.491304" lon="8.359251"><ele>99.8</ele></trkpt>
      <trkpt lat="49.491276" lon="8.359234"><ele>100.0</ele></trkpt>
      <trkpt lat="49.491253" lon="8.359218"><ele>100.2</ele></trkpt>
      <trkpt lat="49.491237" lon="8.359208"><ele>100.2</ele></trkpt>
      <trkpt lat="49.491218" lon="8.359059"><ele>101.0</ele></trkpt>
      <trkpt lat="49.491212" lon="8.359010"><ele>101.0</ele></trkpt>
      <trkpt lat="49.491207" lon="8.358970"><ele>101.2</ele></trkpt>
      <trkpt lat="49.491201" lon="8.358928"><ele>101.5</ele></trkpt>
      <trkpt lat="49.491197" lon="8.358900"><ele>101.5</ele></trkpt>
      <trkpt lat="49.491193" lon="8.358863"><ele>101.5</ele></trkpt>
      <trkpt lat="49.491182" lon="8.358765"><ele>101.2</ele></trkpt>
      <trkpt lat="49.491196" lon="8.358726"><ele>101.0</ele></trkpt>
      <trkpt lat="49.491216" lon="8.358673"><ele>100.5</ele></trkpt>
      <trkpt lat="49.491161" lon="8.358597"><ele>101.2</ele></trkpt>
      <trkpt lat="49.491126" lon="8.358493"><ele>101.5</ele></trkpt>
      <trkpt lat="49.491000" lon="8.357588"><ele>98.5</ele></trkpt>
      <trkpt lat="49.490883" lon="8.356781"><ele>99.0</ele></trkpt>
      <trkpt lat="49.490853" lon="8.356579"><ele>100.5</ele></trkpt>
      <trkpt lat="49.490625" lon="8.355127"><ele>99.2</ele></trkpt>
      <trkpt lat="49.490280" lon="8.353107"><ele>96.0</ele></trkpt>
      <trkpt lat="49.490088" lon="8.351813"><ele>96.0</ele></trkpt>
      <trkpt lat="49.490091" lon="8.351742"><ele>96.0</ele></trkpt>
      <trkpt lat="49.490118" lon="8.351689"><ele>96.0</ele></trkpt>
      <trkpt lat="49.490096" lon="8.351585"><ele>96.0</ele></trkpt>
      <trkpt lat="49.490076" lon="8.351488"><ele>96.0</ele></trkpt>
      <trkpt lat="49.490046" lon="8.351458"><ele>96.0</ele></trkpt>
      <trkpt lat="49.489609" lon="8.348220"><ele>95.5</ele></trkpt>
      <trkpt lat="49.489527" lon="8.347416"><ele>95.2</ele></trkpt>
      <trkpt lat="49.489505" lon="8.347256"><ele>95.0</ele></trkpt>
      <trkpt lat="49.489432" lon="8.346750"><ele>95.8</ele></trkpt>
      <trkpt lat="49.489316" lon="8.346163"><ele>95.8</ele></trkpt>
      <trkpt lat="49.489260" lon="8.345837"><ele>95.5</ele></trkpt>
      <trkpt lat="49.487973" lon="8.336549"><ele>95.5</ele></trkpt>
      <trkpt lat="49.487729" lon="8.335002"><ele>95.8</ele></trkpt>
      <trkpt lat="49.487720" lon="8.334914"><ele>96.0</ele></trkpt>
      <trkpt lat="49.487725" lon="8.334839"><ele>96.0</ele></trkpt>
      <trkpt lat="49.487741" lon="8.334784"><ele>96.0</ele></trkpt>
      <trkpt lat="49.487772" lon="8.334742"><ele>96.0</ele></trkpt>
      <trkpt lat="49.487761" lon="8.334668"><ele>96.0</ele></trkpt>
      <trkpt lat="49.487744" lon="8.334536"><ele>96.0</ele></trkpt>
      <trkpt lat="49.487734" lon="8.334450"><ele>96.0</ele></trkpt>
      <trkpt lat="49.487686" lon="8.334400"><ele>95.8</ele></trkpt>
      <trkpt lat="49.487643" lon="8.334312"><ele>95.8</ele></trkpt>
      <trkpt lat="49.487626" lon="8.334223"><ele>95.5</ele></trkpt>
      <trkpt lat="49.487491" lon="8.333075"><ele>95.0</ele></trkpt>
      <trkpt lat="49.486926" lon="8.328951"><ele>95.8</ele></trkpt>
      <trkpt lat="49.486692" lon="8.327258"><ele>95.8</ele></trkpt>
      <trkpt lat="49.486651" lon="8.326872"><ele>95.0</ele></trkpt>
      <trkpt lat="49.486615" lon="8.326275"><ele>95.0</ele></trkpt>
      <trkpt lat="49.486515" lon="8.325279"><ele>95.5</ele></trkpt>
      <trkpt lat="49.486519" lon="8.324786"><ele>95.5</ele></trkpt>
      <trkpt lat="49.486526" lon="8.324711"><ele>95.5</ele></trkpt>
      <trkpt lat="49.486472" lon="8.324685"><ele>95.5</ele></trkpt>
      <trkpt lat="49.486432" lon="8.324665"><ele>95.8</ele></trkpt>
      <trkpt lat="49.486422" lon="8.324566"><ele>95.8</ele></trkpt>
      <trkpt lat="49.486405" lon="8.324439"><ele>95.8</ele></trkpt>
      <trkpt lat="49.486386" lon="8.324287"><ele>95.2</ele></trkpt>
      <trkpt lat="49.486333" lon="8.323888"><ele>95.0</ele></trkpt>
      <trkpt lat="49.486265" lon="8.323451"><ele>95.0</ele></trkpt>
      <trkpt lat="49.486130" lon="8.322813"><ele>95.0</ele></trkpt>
      <trkpt lat="49.485995" lon="8.321997"><ele>95.0</ele></trkpt>
      <trkpt lat="49.485881" lon="8.321368"><ele>95.0</ele></trkpt>
      <trkpt lat="49.485619" lon="8.319495"><ele>95.0</ele></trkpt>
      <trkpt lat="49.485558" lon="8.319451"><ele>95.0</ele></trkpt>
      <trkpt lat="49.485091" lon="8.316114"><ele>95.8</ele></trkpt>
      <trkpt lat="49.484594" lon="8.312523"><ele>96.5</ele></trkpt>
      <trkpt lat="49.484496" lon="8.311842"><ele>97.2</ele></trkpt>
      <trkpt lat="49.483965" lon="8.307971"><ele>95.0</ele></trkpt>
      <trkpt lat="49.483638" lon="8.305574"><ele>95.8</ele></trkpt>
      <trkpt lat="49.483597" lon="8.305079"><ele>95.8</ele></trkpt>
      <trkpt lat="49.483586" lon="8.304877"><ele>95.8</ele></trkpt>
      <trkpt lat="49.483586" lon="8.304743"><ele>95.8</ele></trkpt>
      <trkpt lat="49.483632" lon="8.304721"><ele>95.8</ele></trkpt>
      <trkpt lat="49.483670" lon="8.304678"><ele>95.8</ele></trkpt>
      <trkpt lat="49.483699" lon="8.304619"><ele>96.0</ele></trkpt>
      <trkpt lat="49.483714" lon="8.304550"><ele>96.0</ele></trkpt>
      <trkpt lat="49.483714" lon="8.304476"><ele>96.5</ele></trkpt>
      <trkpt lat="49.483700" lon="8.304406"><ele>96.5</ele></trkpt>
      <trkpt lat="49.483672" lon="8.304346"><ele>96.2</ele></trkpt>
      <trkpt lat="49.483633" lon="8.304302"><ele>96.2</ele></trkpt>
      <trkpt lat="49.483588" lon="8.304279"><ele>96.2</ele></trkpt>
      <trkpt lat="49.483540" lon="8.304278"><ele>96.2</ele></trkpt>
      <trkpt lat="49.483455" lon="8.304005"><ele>95.5</ele></trkpt>
      <trkpt lat="49.483331" lon="8.303402"><ele>95.8</ele></trkpt>
      <trkpt lat="49.483288" lon="8.303077"><ele>96.0</ele></trkpt>
      <trkpt lat="49.483223" lon="8.302593"><ele>96.0</ele></trkpt>
      <trkpt lat="49.483161" lon="8.302133"><ele>96.0</ele></trkpt>
      <trkpt lat="49.483011" lon="8.301057"><ele>96.0</ele></trkpt>
      <trkpt lat="49.482834" lon="8.299774"><ele>96.0</ele></trkpt>
      <trkpt lat="49.482801" lon="8.299469"><ele>95.0</ele></trkpt>
      <trkpt lat="49.482786" lon="8.299301"><ele>95.5</ele></trkpt>
      <trkpt lat="49.482744" lon="8.298791"><ele>96.0</ele></trkpt>
      <trkpt lat="49.482721" lon="8.298540"><ele>96.0</ele></trkpt>
      <trkpt lat="49.482703" lon="8.298313"><ele>96.0</ele></trkpt>
      <trkpt lat="49.482618" lon="8.297335"><ele>96.0</ele></trkpt>
      <trkpt lat="49.482609" lon="8.297220"><ele>96.0</ele></trkpt>
      <trkpt lat="49.482600" lon="8.297104"><ele>96.0</ele></trkpt>
      <trkpt lat="49.482590" lon="8.297000"><ele>96.0</ele></trkpt>
      <trkpt lat="49.482580" lon="8.296882"><ele>95.8</ele></trkpt>
      <trkpt lat="49.482577" lon="8.296848"><ele>96.0</ele></trkpt>
      <trkpt lat="49.482417" lon="8.294670"><ele>96.0</ele></trkpt>
      <trkpt lat="49.482404" lon="8.294530"><ele>96.0</ele></trkpt>
      <trkpt lat="49.482305" lon="8.293446"><ele>96.0</ele></trkpt>
      <trkpt lat="49.482209" lon="8.292228"><ele>96.8</ele></trkpt>
      <trkpt lat="49.482201" lon="8.292127"><ele>96.8</ele></trkpt>
      <trkpt lat="49.482144" lon="8.291468"><ele>97.0</ele></trkpt>
      <trkpt lat="49.482081" lon="8.290712"><ele>96.5</ele></trkpt>
      <trkpt lat="49.481989" lon="8.289613"><ele>96.8</ele></trkpt>
      <trkpt lat="49.481884" lon="8.288301"><ele>96.8</ele></trkpt>
      <trkpt lat="49.481872" lon="8.288156"><ele>96.5</ele></trkpt>
      <trkpt lat="49.481867" lon="8.288095"><ele>96.5</ele></trkpt>
      <trkpt lat="49.481757" lon="8.286774"><ele>98.0</ele></trkpt>
      <trkpt lat="49.481753" lon="8.286726"><ele>97.8</ele></trkpt>
      <trkpt lat="49.481749" lon="8.286679"><ele>98.0</ele></trkpt>
      <trkpt lat="49.481735" lon="8.286525"><ele>98.0</ele></trkpt>
      <trkpt lat="49.481721" lon="8.286366"><ele>98.0</ele></trkpt>
      <trkpt lat="49.481618" lon="8.285127"><ele>98.0</ele></trkpt>
      <trkpt lat="49.481555" lon="8.284357"><ele>98.0</ele></trkpt>
      <trkpt lat="49.481547" lon="8.284268"><ele>98.2</ele></trkpt>
      <trkpt lat="49.481525" lon="8.284009"><ele>98.2</ele></trkpt>
      <trkpt lat="49.481513" lon="8.283903"><ele>98.2</ele></trkpt>
      <trkpt lat="49.481499" lon="8.283808"><ele>98.2</ele></trkpt>
      <trkpt lat="49.481480" lon="8.283707"><ele>98.0</ele></trkpt>
      <trkpt lat="49.481481" lon="8.283601"><ele>98.0</ele></trkpt>
      <trkpt lat="49.481472" lon="8.283469"><ele>98.2</ele></trkpt>
      <trkpt lat="49.481472" lon="8.283427"><ele>98.2</ele></trkpt>
      <trkpt lat="49.481470" lon="8.283263"><ele>98.5</ele></trkpt>
      <trkpt lat="49.481480" lon="8.283212"><ele>98.5</ele></trkpt>
      <trkpt lat="49.481479" lon="8.283185"><ele>98.5</ele></trkpt>
      <trkpt lat="49.481461" lon="8.283127"><ele>98.5</ele></trkpt>
      <trkpt lat="49.481441" lon="8.283102"><ele>98.8</ele></trkpt>
      <trkpt lat="49.481424" lon="8.282997"><ele>98.8</ele></trkpt>
      <trkpt lat="49.481417" lon="8.282905"><ele>98.8</ele></trkpt>
      <trkpt lat="49.481415" lon="8.282797"><ele>98.8</ele></trkpt>
      <trkpt lat="49.481397" lon="8.282692"><ele>98.8</ele></trkpt>
      <trkpt lat="49.481391" lon="8.282442"><ele>99.0</ele></trkpt>
      <trkpt lat="49.481364" lon="8.282120"><ele>98.8</ele></trkpt>
      <trkpt lat="49.481259" lon="8.280880"><ele>99.0</ele></trkpt>
      <trkpt lat="49.481249" lon="8.280772"><ele>98.8</ele></trkpt>
      <trkpt lat="49.481233" lon="8.280567"><ele>98.5</ele></trkpt>
      <trkpt lat="49.481124" lon="8.279261"><ele>98.8</ele></trkpt>
      <trkpt lat="49.480999" lon="8.277805"><ele>99.2</ele></trkpt>
      <trkpt lat="49.480967" lon="8.277368"><ele>99.5</ele></trkpt>
      <trkpt lat="49.480898" lon="8.276211"><ele>99.0</ele></trkpt>
      <trkpt lat="49.480908" lon="8.276126"><ele>99.0</ele></trkpt>
      <trkpt lat="49.480877" lon="8.275844"><ele>99.0</ele></trkpt>
      <trkpt lat="49.480801" lon="8.275493"><ele>100.0</ele></trkpt>
      <trkpt lat="49.480774" lon="8.275340"><ele>100.0</ele></trkpt>
      <trkpt lat="49.480769" lon="8.275271"><ele>100.0</ele></trkpt>
      <trkpt lat="49.480803" lon="8.275174"><ele>100.0</ele></trkpt>
      <trkpt lat="49.480810" lon="8.275119"><ele>100.0</ele></trkpt>
      <trkpt lat="49.480799" lon="8.275011"><ele>100.0</ele></trkpt>
      <trkpt lat="49.480783" lon="8.274961"><ele>100.0</ele></trkpt>
      <trkpt lat="49.480751" lon="8.274904"><ele>100.0</ele></trkpt>
      <trkpt lat="49.480742" lon="8.274848"><ele>100.0</ele></trkpt>
      <trkpt lat="49.480726" lon="8.274425"><ele>100.0</ele></trkpt>
      <trkpt lat="49.480687" lon="8.274092"><ele>100.0</ele></trkpt>
      <trkpt lat="49.480388" lon="8.270449"><ele>100.0</ele></trkpt>
      <trkpt lat="49.480239" lon="8.268640"><ele>100.8</ele></trkpt>
      <trkpt lat="49.480231" lon="8.268541"><ele>100.8</ele></trkpt>
      <trkpt lat="49.480197" lon="8.268132"><ele>100.5</ele></trkpt>
      <trkpt lat="49.480165" lon="8.267748"><ele>101.0</ele></trkpt>
      <trkpt lat="49.480141" lon="8.267463"><ele>100.8</ele></trkpt>
      <trkpt lat="49.480091" lon="8.266866"><ele>100.5</ele></trkpt>
      <trkpt lat="49.480070" lon="8.266615"><ele>100.8</ele></trkpt>
      <trkpt lat="49.480056" lon="8.266444"><ele>100.8</ele></trkpt>
      <trkpt lat="49.479648" lon="8.261573"><ele>101.5</ele></trkpt>
      <trkpt lat="49.479602" lon="8.261034"><ele>102.2</ele></trkpt>
      <trkpt lat="49.479587" lon="8.260846"><ele>101.5</ele></trkpt>
      <trkpt lat="49.479571" lon="8.260647"><ele>101.0</ele></trkpt>
      <trkpt lat="49.479556" lon="8.260489"><ele>101.0</ele></trkpt>
      <trkpt lat="49.479506" lon="8.259935"><ele>100.8</ele></trkpt>
      <trkpt lat="49.479359" lon="8.258234"><ele>102.2</ele></trkpt>
      <trkpt lat="49.479381" lon="8.258149"><ele>102.5</ele></trkpt>
      <trkpt lat="49.479372" lon="8.258011"><ele>102.2</ele></trkpt>
      <trkpt lat="49.479316" lon="8.257699"><ele>101.8</ele></trkpt>
      <trkpt lat="49.479293" lon="8.257646"><ele>101.8</ele></trkpt>
      <trkpt lat="49.479221" lon="8.257159"><ele>102.0</ele></trkpt>
      <trkpt lat="49.479170" lon="8.256872"><ele>102.2</ele></trkpt>
      <trkpt lat="49.479069" lon="8.256382"><ele>103.0</ele></trkpt>
      <trkpt lat="49.478954" lon="8.255916"><ele>102.8</ele></trkpt>
      <trkpt lat="49.478820" lon="8.255465"><ele>103.2</ele></trkpt>
      <trkpt lat="49.478595" lon="8.254778"><ele>104.0</ele></trkpt>
      <trkpt lat="49.478193" lon="8.253555"><ele>106.5</ele></trkpt>
      <trkpt lat="49.478118" lon="8.253323"><ele>107.0</ele></trkpt>
      <trkpt lat="49.477929" lon="8.252566"><ele>108.2</ele></trkpt>
      <trkpt lat="49.477919" lon="8.252474"><ele>108.5</ele></trkpt>
      <trkpt lat="49.477929" lon="8.252443"><ele>108.5</ele></trkpt>
      <trkpt lat="49.477940" lon="8.252375"><ele>108.5</ele></trkpt>
      <trkpt lat="49.477940" lon="8.252339"><ele>108.8</ele></trkpt>
      <trkpt lat="49.477976" lon="8.252240"><ele>108.8</ele></trkpt>
      <trkpt lat="49.478246" lon="8.251714"><ele>110.0</ele></trkpt>
      <trkpt lat="49.479004" lon="8.250332"><ele>106.2</ele></trkpt>
      <trkpt lat="49.479338" lon="8.249738"><ele>104.2</ele></trkpt>
      <trkpt lat="49.479817" lon="8.248938"><ele>102.0</ele></trkpt>
      <trkpt lat="49.480277" lon="8.248160"><ele>102.0</ele></trkpt>
      <trkpt lat="49.481837" lon="8.245376"><ele>100.2</ele></trkpt>
      <trkpt lat="49.482111" lon="8.244934"><ele>101.0</ele></trkpt>
      <trkpt lat="49.482286" lon="8.244706"><ele>101.0</ele></trkpt>
      <trkpt lat="49.482447" lon="8.244549"><ele>101.0</ele></trkpt>
      <trkpt lat="49.482599" lon="8.244446"><ele>100.8</ele></trkpt>
      <trkpt lat="49.482707" lon="8.244374"><ele>100.5</ele></trkpt>
      <trkpt lat="49.482391" lon="8.243446"><ele>100.0</ele></trkpt>
      <trkpt lat="49.481228" lon="8.240020"><ele>101.0</ele></trkpt>
      <trkpt lat="49.480114" lon="8.236734"><ele>101.2</ele></trkpt>
      <trkpt lat="49.479251" lon="8.234181"><ele>102.0</ele></trkpt>
      <trkpt lat="49.479136" lon="8.233843"><ele>102.0</ele></trkpt>
      <trkpt lat="49.476237" lon="8.225283"><ele>102.2</ele></trkpt>
      <trkpt lat="49.476092" lon="8.224652"><ele>103.0</ele></trkpt>
      <trkpt lat="49.475139" lon="8.220463"><ele>104.0</ele></trkpt>
      <trkpt lat="49.475050" lon="8.219147"><ele>104.0</ele></trkpt>
      <trkpt lat="49.474946" lon="8.217673"><ele>104.0</ele></trkpt>
      <trkpt lat="49.473828" lon="8.214558"><ele>105.0</ele></trkpt>
      <trkpt lat="49.473605" lon="8.213993"><ele>106.0</ele></trkpt>
      <trkpt lat="49.473476" lon="8.213636"><ele>106.0</ele></trkpt>
      <trkpt lat="49.473280" lon="8.213097"><ele>106.0</ele></trkpt>
      <trkpt lat="49.473185" lon="8.212841"><ele>106.0</ele></trkpt>
      <trkpt lat="49.473055" lon="8.212483"><ele>106.0</ele></trkpt>
      <trkpt lat="49.472898" lon="8.212051"><ele>106.0</ele></trkpt>
      <trkpt lat="49.472855" lon="8.211934"><ele>106.0</ele></trkpt>
      <trkpt lat="49.472758" lon="8.211665"><ele>105.8</ele></trkpt>
      <trkpt lat="49.472682" lon="8.211457"><ele>106.0</ele></trkpt>
      <trkpt lat="49.472409" lon="8.210714"><ele>106.0</ele></trkpt>
      <trkpt lat="49.472329" lon="8.210496"><ele>106.0</ele></trkpt>
      <trkpt lat="49.472285" lon="8.210372"><ele>106.0</ele></trkpt>
      <trkpt lat="49.472194" lon="8.210114"><ele>106.0</ele></trkpt>
      <trkpt lat="49.471990" lon="8.209542"><ele>106.0</ele></trkpt>
      <trkpt lat="49.471892" lon="8.209259"><ele>106.0</ele></trkpt>
      <trkpt lat="49.471873" lon="8.209204"><ele>106.0</ele></trkpt>
      <trkpt lat="49.471559" lon="8.208316"><ele>106.5</ele></trkpt>
      <trkpt lat="49.471458" lon="8.208026"><ele>106.8</ele></trkpt>
      <trkpt lat="49.471381" lon="8.207804"><ele>106.8</ele></trkpt>
      <trkpt lat="49.471277" lon="8.207508"><ele>107.0</ele></trkpt>
      <trkpt lat="49.471220" lon="8.207346"><ele>107.0</ele></trkpt>
      <trkpt lat="49.470830" lon="8.206242"><ele>107.0</ele></trkpt>
      <trkpt lat="49.470659" lon="8.205757"><ele>107.0</ele></trkpt>
      <trkpt lat="49.470562" lon="8.205471"><ele>107.0</ele></trkpt>
      <trkpt lat="49.470140" lon="8.204108"><ele>107.0</ele></trkpt>
      <trkpt lat="49.470060" lon="8.203854"><ele>107.0</ele></trkpt>
      <trkpt lat="49.470019" lon="8.203725"><ele>107.0</ele></trkpt>
      <trkpt lat="49.469651" lon="8.202536"><ele>107.2</ele></trkpt>
      <trkpt lat="49.469600" lon="8.202368"><ele>107.2</ele></trkpt>
      <trkpt lat="49.469514" lon="8.202094"><ele>107.8</ele></trkpt>
      <trkpt lat="49.469489" lon="8.202011"><ele>107.8</ele></trkpt>
      <trkpt lat="49.469371" lon="8.201634"><ele>108.0</ele></trkpt>
      <trkpt lat="49.469310" lon="8.201440"><ele>108.0</ele></trkpt>
      <trkpt lat="49.469235" lon="8.201197"><ele>107.8</ele></trkpt>
      <trkpt lat="49.469096" lon="8.200751"><ele>108.0</ele></trkpt>
      <trkpt lat="49.469043" lon="8.200593"><ele>108.0</ele></trkpt>
      <trkpt lat="49.469013" lon="8.200503"><ele>108.0</ele></trkpt>
      <trkpt lat="49.468932" lon="8.200255"><ele>107.8</ele></trkpt>
      <trkpt lat="49.468928" lon="8.200244"><ele>108.0</ele></trkpt>
      <trkpt lat="49.468773" lon="8.199775"><ele>108.0</ele></trkpt>
      <trkpt lat="49.468728" lon="8.199638"><ele>108.0</ele></trkpt>
      <trkpt lat="49.468621" lon="8.199312"><ele>108.0</ele></trkpt>
      <trkpt lat="49.468535" lon="8.199056"><ele>108.0</ele></trkpt>
      <trkpt lat="49.468504" lon="8.198961"><ele>108.0</ele></trkpt>
      <trkpt lat="49.468520" lon="8.198942"><ele>108.0</ele></trkpt>
      <trkpt lat="49.468540" lon="8.198888"><ele>108.0</ele></trkpt>
      <trkpt lat="49.468536" lon="8.198822"><ele>108.0</ele></trkpt>
      <trkpt lat="49.468511" lon="8.198774"><ele>108.2</ele></trkpt>
      <trkpt lat="49.468471" lon="8.198753"><ele>108.0</ele></trkpt>
      <trkpt lat="49.468345" lon="8.198475"><ele>108.5</ele></trkpt>
      <trkpt lat="49.468296" lon="8.198399"><ele>108.5</ele></trkpt>
      <trkpt lat="49.467945" lon="8.197963"><ele>109.0</ele></trkpt>
      <trkpt lat="49.467828" lon="8.197815"><ele>109.0</ele></trkpt>
      <trkpt lat="49.467888" lon="8.197690"><ele>109.0</ele></trkpt>
      <trkpt lat="49.467993" lon="8.197468"><ele>108.8</ele></trkpt>
      <trkpt lat="49.468172" lon="8.197129"><ele>109.0</ele></trkpt>
      <trkpt lat="49.468300" lon="8.196884"><ele>108.8</ele></trkpt>
      <trkpt lat="49.468830" lon="8.195797"><ele>109.2</ele></trkpt>
      <trkpt lat="49.468922" lon="8.195592"><ele>108.8</ele></trkpt>
      <trkpt lat="49.469453" lon="8.194477"><ele>108.8</ele></trkpt>
      <trkpt lat="49.469630" lon="8.194061"><ele>109.0</ele></trkpt>
      <trkpt lat="49.469766" lon="8.193715"><ele>109.0</ele></trkpt>
      <trkpt lat="49.469910" lon="8.193270"><ele>109.0</ele></trkpt>
      <trkpt lat="49.470030" lon="8.192873"><ele>108.8</ele></trkpt>
      <trkpt lat="49.470141" lon="8.192420"><ele>108.2</ele></trkpt>
      <trkpt lat="49.470246" lon="8.191923"><ele>109.0</ele></trkpt>
      <trkpt lat="49.470330" lon="8.191407"><ele>109.0</ele></trkpt>
      <trkpt lat="49.470391" lon="8.190872"><ele>109.0</ele></trkpt>
      <trkpt lat="49.470428" lon="8.190424"><ele>109.0</ele></trkpt>
      <trkpt lat="49.470447" lon="8.189870"><ele>109.0</ele></trkpt>
      <trkpt lat="49.470446" lon="8.189416"><ele>109.0</ele></trkpt>
      <trkpt lat="49.470415" lon="8.188087"><ele>110.0</ele></trkpt>
      <trkpt lat="49.470394" lon="8.187417"><ele>110.0</ele></trkpt>
      <trkpt lat="49.470378" lon="8.186508"><ele>110.0</ele></trkpt>
      <trkpt lat="49.470369" lon="8.186128"><ele>110.2</ele></trkpt>
      <trkpt lat="49.470350" lon="8.185854"><ele>110.2</ele></trkpt>
      <trkpt lat="49.470332" lon="8.185032"><ele>110.0</ele></trkpt>
      <trkpt lat="49.470323" lon="8.184211"><ele>110.0</ele></trkpt>
      <trkpt lat="49.470302" lon="8.183406"><ele>111.0</ele></trkpt>
      <trkpt lat="49.470289" lon="8.182788"><ele>111.0</ele></trkpt>
      <trkpt lat="49.470234" lon="8.180506"><ele>111.8</ele></trkpt>
      <trkpt lat="49.470222" lon="8.180234"><ele>111.8</ele></trkpt>
      <trkpt lat="49.470214" lon="8.180093"><ele>111.8</ele></trkpt>
      <trkpt lat="49.470180" lon="8.179718"><ele>111.8</ele></trkpt>
      <trkpt lat="49.470143" lon="8.179450"><ele>111.5</ele></trkpt>
      <trkpt lat="49.470106" lon="8.179207"><ele>111.0</ele></trkpt>
      <trkpt lat="49.470049" lon="8.178927"><ele>111.5</ele></trkpt>
      <trkpt lat="49.469948" lon="8.178538"><ele>112.0</ele></trkpt>
      <trkpt lat="49.469870" lon="8.178271"><ele>112.0</ele></trkpt>
      <trkpt lat="49.469650" lon="8.177587"><ele>112.0</ele></trkpt>
      <trkpt lat="49.469470" lon="8.177038"><ele>112.5</ele></trkpt>
      <trkpt lat="49.469380" lon="8.176774"><ele>112.5</ele></trkpt>
      <trkpt lat="49.469273" lon="8.176481"><ele>112.8</ele></trkpt>
      <trkpt lat="49.469254" lon="8.176436"><ele>112.8</ele></trkpt>
      <trkpt lat="49.469178" lon="8.176275"><ele>113.0</ele></trkpt>
      <trkpt lat="49.469101" lon="8.176113"><ele>112.8</ele></trkpt>
      <trkpt lat="49.469084" lon="8.176080"><ele>113.0</ele></trkpt>
      <trkpt lat="49.468991" lon="8.175911"><ele>113.2</ele></trkpt>
      <trkpt lat="49.468844" lon="8.175672"><ele>113.2</ele></trkpt>
      <trkpt lat="49.468747" lon="8.175536"><ele>113.5</ele></trkpt>
      <trkpt lat="49.468546" lon="8.175287"><ele>113.8</ele></trkpt>
      <trkpt lat="49.468421" lon="8.175159"><ele>114.2</ele></trkpt>
      <trkpt lat="49.468191" lon="8.174959"><ele>114.8</ele></trkpt>
      <trkpt lat="49.467754" lon="8.174644"><ele>115.8</ele></trkpt>
      <trkpt lat="49.467579" lon="8.174505"><ele>116.0</ele></trkpt>
      <trkpt lat="49.467414" lon="8.174366"><ele>116.0</ele></trkpt>
      <trkpt lat="49.467252" lon="8.174177"><ele>116.0</ele></trkpt>
      <trkpt lat="49.467208" lon="8.174114"><ele>116.0</ele></trkpt>
      <trkpt lat="49.467137" lon="8.173977"><ele>116.0</ele></trkpt>
      <trkpt lat="49.467087" lon="8.173862"><ele>115.8</ele></trkpt>
      <trkpt lat="49.467046" lon="8.173744"><ele>116.2</ele></trkpt>
      <trkpt lat="49.466993" lon="8.173532"><ele>117.0</ele></trkpt>
      <trkpt lat="49.466966" lon="8.173337"><ele>116.5</ele></trkpt>
      <trkpt lat="49.466957" lon="8.173211"><ele>116.2</ele></trkpt>
      <trkpt lat="49.466956" lon="8.173083"><ele>116.2</ele></trkpt>
      <trkpt lat="49.466963" lon="8.172949"><ele>116.2</ele></trkpt>
      <trkpt lat="49.467035" lon="8.172053"><ele>116.2</ele></trkpt>
      <trkpt lat="49.467045" lon="8.171799"><ele>116.5</ele></trkpt>
      <trkpt lat="49.467012" lon="8.171532"><ele>116.8</ele></trkpt>
      <trkpt lat="49.466948" lon="8.171221"><ele>117.0</ele></trkpt>
      <trkpt lat="49.466817" lon="8.170682"><ele>117.2</ele></trkpt>
      <trkpt lat="49.466760" lon="8.170500"><ele>117.2</ele></trkpt>
      <trkpt lat="49.466696" lon="8.170341"><ele>117.0</ele></trkpt>
      <trkpt lat="49.466652" lon="8.170243"><ele>117.0</ele></trkpt>
      <trkpt lat="49.466599" lon="8.170133"><ele>117.2</ele></trkpt>
      <trkpt lat="49.466470" lon="8.169935"><ele>117.2</ele></trkpt>
      <trkpt lat="49.466418" lon="8.169877"><ele>117.5</ele></trkpt>
      <trkpt lat="49.466398" lon="8.169859"><ele>117.5</ele></trkpt>
      <trkpt lat="49.466412" lon="8.169770"><ele>117.8</ele></trkpt>
      <trkpt lat="49.466403" lon="8.169673"><ele>118.0</ele></trkpt>
      <trkpt lat="49.466369" lon="8.169591"><ele>117.8</ele></trkpt>
      <trkpt lat="49.466336" lon="8.169552"><ele>117.8</ele></trkpt>
      <trkpt lat="49.466280" lon="8.169523"><ele>117.5</ele></trkpt>
      <trkpt lat="49.466245" lon="8.169523"><ele>117.2</ele></trkpt>
      <trkpt lat="49.466212" lon="8.169534"><ele>117.2</ele></trkpt>
      <trkpt lat="49.466180" lon="8.169557"><ele>117.0</ele></trkpt>
      <trkpt lat="49.466153" lon="8.169590"><ele>117.0</ele></trkpt>
      <trkpt lat="49.466133" lon="8.169631"><ele>117.0</ele></trkpt>
      <trkpt lat="49.466114" lon="8.169613"><ele>117.0</ele></trkpt>
      <trkpt lat="49.466066" lon="8.169570"><ele>116.8</ele></trkpt>
      <trkpt lat="49.465898" lon="8.169437"><ele>117.0</ele></trkpt>
      <trkpt lat="49.465695" lon="8.169297"><ele>117.0</ele></trkpt>
      <trkpt lat="49.465273" lon="8.169047"><ele>117.0</ele></trkpt>
      <trkpt lat="49.465170" lon="8.168975"><ele>117.0</ele></trkpt>
      <trkpt lat="49.464749" lon="8.168680"><ele>117.8</ele></trkpt>
      <trkpt lat="49.464524" lon="8.168486"><ele>118.0</ele></trkpt>
      <trkpt lat="49.464501" lon="8.168464"><ele>118.0</ele></trkpt>
      <trkpt lat="49.464466" lon="8.168427"><ele>118.0</ele></trkpt>
      <trkpt lat="49.464362" lon="8.168318"><ele>118.0</ele></trkpt>
      <trkpt lat="49.464321" lon="8.168344"><ele>118.0</ele></trkpt>
      <trkpt lat="49.464256" lon="8.168376"><ele>118.0</ele></trkpt>
      <trkpt lat="49.464214" lon="8.168397"><ele>118.0</ele></trkpt>
      <trkpt lat="49.463914" lon="8.168443"><ele>118.8</ele></trkpt>
      <trkpt lat="49.463678" lon="8.168425"><ele>119.0</ele></trkpt>
      <trkpt lat="49.463650" lon="8.168397"><ele>119.0</ele></trkpt>
      <trkpt lat="49.463624" lon="8.168354"><ele>119.0</ele></trkpt>
      <trkpt lat="49.463338" lon="8.167738"><ele>119.8</ele></trkpt>
      <trkpt lat="49.462955" lon="8.167413"><ele>122.0</ele></trkpt>
      <trkpt lat="49.462899" lon="8.167343"><ele>121.8</ele></trkpt>
      <trkpt lat="49.462826" lon="8.167231"><ele>121.5</ele></trkpt>
      <trkpt lat="49.462478" lon="8.166647"><ele>122.0</ele></trkpt>
      <trkpt lat="49.462117" lon="8.167118"><ele>126.0</ele></trkpt>
      <trkpt lat="49.461985" lon="8.167264"><ele>126.8</ele></trkpt>
      <trkpt lat="49.461879" lon="8.167389"><ele>127.5</ele></trkpt>
      <trkpt lat="49.461642" lon="8.167676"><ele>129.0</ele></trkpt>
      <trkpt lat="49.461639" lon="8.167679"><ele>130.0</ele></trkpt>
      <trkpt lat="49.461518" lon="8.167845"><ele>130.0</ele></trkpt>
      <trkpt lat="49.461420" lon="8.167828"><ele>130.8</ele></trkpt>
      <trkpt lat="49.461219" lon="8.167868"><ele>131.2</ele></trkpt>
      <trkpt lat="49.461026" lon="8.167884"><ele>131.5</ele></trkpt>
      <trkpt lat="49.460905" lon="8.167899"><ele>131.8</ele></trkpt>
      <trkpt lat="49.460783" lon="8.167614"><ele>132.0</ele></trkpt>
      <trkpt lat="49.460664" lon="8.167312"><ele>132.5</ele></trkpt>
      <trkpt lat="49.460652" lon="8.167281"><ele>132.5</ele></trkpt>
      <trkpt lat="49.460538" lon="8.167005"><ele>132.2</ele></trkpt>
      <trkpt lat="49.460141" lon="8.167441"><ele>135.5</ele></trkpt>
      <trkpt lat="49.460134" lon="8.167472"><ele>135.5</ele></trkpt>
      <trkpt lat="49.460138" lon="8.167506"><ele>135.5</ele></trkpt>
      <trkpt lat="49.460250" lon="8.167738"><ele>134.8</ele></trkpt>
      <trkpt lat="49.460140" lon="8.167864"><ele>135.0</ele></trkpt>
      <trkpt lat="49.459867" lon="8.168181"><ele>135.5</ele></trkpt>
      <trkpt lat="49.459847" lon="8.168207"><ele>135.8</ele></trkpt>
      <trkpt lat="49.459705" lon="8.168411"><ele>136.0</ele></trkpt>
      <trkpt lat="49.459690" lon="8.168432"><ele>136.0</ele></trkpt>
      <trkpt lat="49.459581" lon="8.168587"><ele>136.5</ele></trkpt>
      <trkpt lat="49.459571" lon="8.168601"><ele>136.5</ele></trkpt>
      <trkpt lat="49.459032" lon="8.169398"><ele>139.2</ele></trkpt>
      <trkpt lat="49.458724" lon="8.169831"><ele>141.8</ele></trkpt>
      <trkpt lat="49.458501" lon="8.170113"><ele>143.5</ele></trkpt>
      <trkpt lat="49.458236" lon="8.170434"><ele>145.2</ele></trkpt>
      <trkpt lat="49.458001" lon="8.170736"><ele>146.2</ele></trkpt>
      <trkpt lat="49.457668" lon="8.171158"><ele>147.8</ele></trkpt>
      <trkpt lat="49.457489" lon="8.171366"><ele>149.0</ele></trkpt>
      <trkpt lat="49.457032" lon="8.171967"><ele>149.5</ele></trkpt>
      <trkpt lat="49.457014" lon="8.171991"><ele>149.5</ele></trkpt>
      <trkpt lat="49.456991" lon="8.172020"><ele>149.8</ele></trkpt>
      <trkpt lat="49.456962" lon="8.172057"><ele>149.8</ele></trkpt>
      <trkpt lat="49.456947" lon="8.172078"><ele>149.8</ele></trkpt>
      <trkpt lat="49.456810" lon="8.172240"><ele>149.8</ele></trkpt>
      <trkpt lat="49.456706" lon="8.172372"><ele>149.8</ele></trkpt>
      <trkpt lat="49.456511" lon="8.172634"><ele>150.0</ele></trkpt>
      <trkpt lat="49.456384" lon="8.172808"><ele>149.8</ele></trkpt>
      <trkpt lat="49.456305" lon="8.172920"><ele>149.8</ele></trkpt>
      <trkpt lat="49.456046" lon="8.173282"><ele>150.2</ele></trkpt>
      <trkpt lat="49.455925" lon="8.173453"><ele>150.5</ele></trkpt>
      <trkpt lat="49.455219" lon="8.174410"><ele>153.0</ele></trkpt>
      <trkpt lat="49.455014" lon="8.174687"><ele>153.0</ele></trkpt>
      <trkpt lat="49.454465" lon="8.175471"><ele>153.5</ele></trkpt>
      <trkpt lat="49.454266" lon="8.175695"><ele>153.8</ele></trkpt>
      <trkpt lat="49.454064" lon="8.175901"><ele>153.5</ele></trkpt>
      <trkpt lat="49.453798" lon="8.176131"><ele>152.0</ele></trkpt>
      <trkpt lat="49.453646" lon="8.176239"><ele>152.0</ele></trkpt>
      <trkpt lat="49.453578" lon="8.176250"><ele>151.8</ele></trkpt>
      <trkpt lat="49.453478" lon="8.176250"><ele>151.8</ele></trkpt>
      <trkpt lat="49.453387" lon="8.176272"><ele>151.5</ele></trkpt>
      <trkpt lat="49.453334" lon="8.176296"><ele>151.2</ele></trkpt>
      <trkpt lat="49.453284" lon="8.176333"><ele>151.0</ele></trkpt>
      <trkpt lat="49.453197" lon="8.176420"><ele>150.8</ele></trkpt>
      <trkpt lat="49.452966" lon="8.176598"><ele>149.8</ele></trkpt>
      <trkpt lat="49.452937" lon="8.176608"><ele>149.8</ele></trkpt>
      <trkpt lat="49.452888" lon="8.176571"><ele>149.5</ele></trkpt>
      <trkpt lat="49.452832" lon="8.176575"><ele>149.5</ele></trkpt>
      <trkpt lat="49.452785" lon="8.176620"><ele>149.0</ele></trkpt>
      <trkpt lat="49.452768" lon="8.176654"><ele>149.0</ele></trkpt>
      <trkpt lat="49.452606" lon="8.176640"><ele>148.2</ele></trkpt>
      <trkpt lat="49.452543" lon="8.176651"><ele>148.0</ele></trkpt>
      <trkpt lat="49.452438" lon="8.176685"><ele>147.8</ele></trkpt>
      <trkpt lat="49.452301" lon="8.176708"><ele>147.8</ele></trkpt>
      <trkpt lat="49.452191" lon="8.176730"><ele>147.5</ele></trkpt>
      <trkpt lat="49.451790" lon="8.176804"><ele>146.5</ele></trkpt>
      <trkpt lat="49.450883" lon="8.176983"><ele>146.5</ele></trkpt>
      <trkpt lat="49.450213" lon="8.177113"><ele>146.0</ele></trkpt>
      <trkpt lat="49.450024" lon="8.177149"><ele>146.0</ele></trkpt>
      <trkpt lat="49.446076" lon="8.177924"><ele>152.5</ele></trkpt>
      <trkpt lat="49.445838" lon="8.177971"><ele>152.8</ele></trkpt>
      <trkpt lat="49.445763" lon="8.177986"><ele>153.0</ele></trkpt>
      <trkpt lat="49.445644" lon="8.178011"><ele>153.5</ele></trkpt>
      <trkpt lat="49.445468" lon="8.178011"><ele>153.5</ele></trkpt>
      <trkpt lat="49.445389" lon="8.177999"><ele>153.2</ele></trkpt>
      <trkpt lat="49.445364" lon="8.177989"><ele>153.2</ele></trkpt>
      <trkpt lat="49.445334" lon="8.177930"><ele>153.2</ele></trkpt>
      <trkpt lat="49.445314" lon="8.177908"><ele>153.5</ele></trkpt>
      <trkpt lat="49.445268" lon="8.177882"><ele>153.5</ele></trkpt>
      <trkpt lat="49.445244" lon="8.177879"><ele>153.5</ele></trkpt>
      <trkpt lat="49.445196" lon="8.177893"><ele>153.5</ele></trkpt>
      <trkpt lat="49.445154" lon="8.177932"><ele>153.2</ele></trkpt>
      <trkpt lat="49.445125" lon="8.177992"><ele>153.0</ele></trkpt>
      <trkpt lat="49.445116" lon="8.178027"><ele>153.0</ele></trkpt>
      <trkpt lat="49.445074" lon="8.178063"><ele>153.0</ele></trkpt>
      <trkpt lat="49.445041" lon="8.178078"><ele>153.0</ele></trkpt>
      <trkpt lat="49.444813" lon="8.178162"><ele>153.0</ele></trkpt>
      <trkpt lat="49.444446" lon="8.178244"><ele>152.0</ele></trkpt>
      <trkpt lat="49.444366" lon="8.178258"><ele>151.5</ele></trkpt>
      <trkpt lat="49.444302" lon="8.178258"><ele>151.2</ele></trkpt>
      <trkpt lat="49.444077" lon="8.178289"><ele>150.5</ele></trkpt>
      <trkpt lat="49.443923" lon="8.178313"><ele>150.0</ele></trkpt>
      <trkpt lat="49.443788" lon="8.178355"><ele>149.8</ele></trkpt>
      <trkpt lat="49.443742" lon="8.178388"><ele>149.8</ele></trkpt>
      <trkpt lat="49.443680" lon="8.178398"><ele>149.8</ele></trkpt>
      <trkpt lat="49.443605" lon="8.178413"><ele>149.5</ele></trkpt>
      <trkpt lat="49.443554" lon="8.178425"><ele>149.5</ele></trkpt>
      <trkpt lat="49.443288" lon="8.178502"><ele>150.0</ele></trkpt>
      <trkpt lat="49.443164" lon="8.178540"><ele>150.0</ele></trkpt>
      <trkpt lat="49.443047" lon="8.178576"><ele>150.0</ele></trkpt>
      <trkpt lat="49.442902" lon="8.178635"><ele>150.5</ele></trkpt>
      <trkpt lat="49.442817" lon="8.178674"><ele>150.8</ele></trkpt>
      <trkpt lat="49.442646" lon="8.178773"><ele>151.8</ele></trkpt>
      <trkpt lat="49.442408" lon="8.178919"><ele>153.5</ele></trkpt>
      <trkpt lat="49.442270" lon="8.179006"><ele>154.5</ele></trkpt>
      <trkpt lat="49.442235" lon="8.179031"><ele>154.8</ele></trkpt>
      <trkpt lat="49.442195" lon="8.179067"><ele>155.0</ele></trkpt>
      <trkpt lat="49.442171" lon="8.179085"><ele>155.0</ele></trkpt>
      <trkpt lat="49.442112" lon="8.179134"><ele>155.2</ele></trkpt>
      <trkpt lat="49.441997" lon="8.179237"><ele>155.8</ele></trkpt>
      <trkpt lat="49.441664" lon="8.179549"><ele>156.5</ele></trkpt>
      <trkpt lat="49.441544" lon="8.179677"><ele>156.8</ele></trkpt>
      <trkpt lat="49.441420" lon="8.179848"><ele>157.2</ele></trkpt>
      <trkpt lat="49.441345" lon="8.179973"><ele>157.0</ele></trkpt>
      <trkpt lat="49.441328" lon="8.180005"><ele>156.8</ele></trkpt>
      <trkpt lat="49.441305" lon="8.180046"><ele>156.8</ele></trkpt>
      <trkpt lat="49.441280" lon="8.180088"><ele>156.8</ele></trkpt>
      <trkpt lat="49.441245" lon="8.180137"><ele>156.5</ele></trkpt>
      <trkpt lat="49.441183" lon="8.180204"><ele>156.2</ele></trkpt>
      <trkpt lat="49.441097" lon="8.180263"><ele>156.0</ele></trkpt>
      <trkpt lat="49.440804" lon="8.180397"><ele>154.8</ele></trkpt>
      <trkpt lat="49.440761" lon="8.180429"><ele>154.8</ele></trkpt>
      <trkpt lat="49.440697" lon="8.180503"><ele>154.5</ele></trkpt>
      <trkpt lat="49.440573" lon="8.180630"><ele>153.8</ele></trkpt>
      <trkpt lat="49.440360" lon="8.180767"><ele>153.0</ele></trkpt>
      <trkpt lat="49.440324" lon="8.180784"><ele>153.0</ele></trkpt>
      <trkpt lat="49.440194" lon="8.180814"><ele>152.8</ele></trkpt>
      <trkpt lat="49.440044" lon="8.180814"><ele>152.0</ele></trkpt>
      <trkpt lat="49.439838" lon="8.180757"><ele>151.5</ele></trkpt>
      <trkpt lat="49.439721" lon="8.180755"><ele>151.2</ele></trkpt>
      <trkpt lat="49.439604" lon="8.180804"><ele>151.0</ele></trkpt>
      <trkpt lat="49.439453" lon="8.180866"><ele>151.0</ele></trkpt>
      <trkpt lat="49.439068" lon="8.181014"><ele>153.0</ele></trkpt>
      <trkpt lat="49.439036" lon="8.181036"><ele>153.0</ele></trkpt>
      <trkpt lat="49.439003" lon="8.181080"><ele>153.2</ele></trkpt>
      <trkpt lat="49.438982" lon="8.181132"><ele>153.2</ele></trkpt>
      <trkpt lat="49.438931" lon="8.181321"><ele>153.5</ele></trkpt>
      <trkpt lat="49.438887" lon="8.181430"><ele>154.0</ele></trkpt>
      <trkpt lat="49.438677" lon="8.181633"><ele>154.0</ele></trkpt>
      <trkpt lat="49.438603" lon="8.181754"><ele>153.5</ele></trkpt>
      <trkpt lat="49.438382" lon="8.182029"><ele>151.8</ele></trkpt>
      <trkpt lat="49.438350" lon="8.182079"><ele>151.5</ele></trkpt>
      <trkpt lat="49.438302" lon="8.182187"><ele>151.0</ele></trkpt>
      <trkpt lat="49.438270" lon="8.182235"><ele>150.8</ele></trkpt>
      <trkpt lat="49.438237" lon="8.182264"><ele>150.8</ele></trkpt>
      <trkpt lat="49.437992" lon="8.182439"><ele>149.8</ele></trkpt>
      <trkpt lat="49.437959" lon="8.182463"><ele>149.5</ele></trkpt>
      <trkpt lat="49.437814" lon="8.182567"><ele>149.0</ele></trkpt>
      <trkpt lat="49.437672" lon="8.182668"><ele>148.5</ele></trkpt>
      <trkpt lat="49.437313" lon="8.182915"><ele>146.8</ele></trkpt>
      <trkpt lat="49.437164" lon="8.183018"><ele>145.8</ele></trkpt>
      <trkpt lat="49.436597" lon="8.183400"><ele>143.5</ele></trkpt>
      <trkpt lat="49.436417" lon="8.183533"><ele>143.0</ele></trkpt>
      <trkpt lat="49.436362" lon="8.183580"><ele>142.8</ele></trkpt>
      <trkpt lat="49.436348" lon="8.183592"><ele>142.8</ele></trkpt>
      <trkpt lat="49.436176" lon="8.183769"><ele>141.5</ele></trkpt>
      <trkpt lat="49.435792" lon="8.184198"><ele>139.0</ele></trkpt>
      <trkpt lat="49.435596" lon="8.184419"><ele>138.2</ele></trkpt>
      <trkpt lat="49.434890" lon="8.185207"><ele>134.2</ele></trkpt>
      <trkpt lat="49.434513" lon="8.185617"><ele>131.8</ele></trkpt>
      <trkpt lat="49.434359" lon="8.185767"><ele>131.0</ele></trkpt>
      <trkpt lat="49.434205" lon="8.185897"><ele>130.5</ele></trkpt>
      <trkpt lat="49.434047" lon="8.186014"><ele>129.8</ele></trkpt>
      <trkpt lat="49.433696" lon="8.186228"><ele>128.2</ele></trkpt>
      <trkpt lat="49.432111" lon="8.187126"><ele>124.5</ele></trkpt>
      <trkpt lat="49.431723" lon="8.187344"><ele>124.5</ele></trkpt>
      <trkpt lat="49.431552" lon="8.187435"><ele>124.0</ele></trkpt>
      <trkpt lat="49.431320" lon="8.187537"><ele>123.8</ele></trkpt>
      <trkpt lat="49.430888" lon="8.187683"><ele>124.0</ele></trkpt>
      <trkpt lat="49.430630" lon="8.187764"><ele>124.0</ele></trkpt>
      <trkpt lat="49.430576" lon="8.187786"><ele>123.8</ele></trkpt>
      <trkpt lat="49.430544" lon="8.187793"><ele>124.0</ele></trkpt>
      <trkpt lat="49.430389" lon="8.187866"><ele>124.2</ele></trkpt>
      <trkpt lat="49.430311" lon="8.187925"><ele>124.2</ele></trkpt>
      <trkpt lat="49.430216" lon="8.188012"><ele>124.0</ele></trkpt>
      <trkpt lat="49.430115" lon="8.188119"><ele>123.8</ele></trkpt>
      <trkpt lat="49.430087" lon="8.188066"><ele>123.8</ele></trkpt>
      <trkpt lat="49.430028" lon="8.188006"><ele>124.2</ele></trkpt>
      <trkpt lat="49.429956" lon="8.187985"><ele>124.5</ele></trkpt>
      <trkpt lat="49.429891" lon="8.188004"><ele>124.2</ele></trkpt>
      <trkpt lat="49.429866" lon="8.188027"><ele>124.0</ele></trkpt>
      <trkpt lat="49.429836" lon="8.188036"><ele>124.0</ele></trkpt>
      <trkpt lat="49.429611" lon="8.188118"><ele>124.2</ele></trkpt>
      <trkpt lat="49.429564" lon="8.188132"><ele>124.2</ele></trkpt>
      <trkpt lat="49.429242" lon="8.188215"><ele>124.2</ele></trkpt>
      <trkpt lat="49.428939" lon="8.188293"><ele>122.5</ele></trkpt>
      <trkpt lat="49.428224" lon="8.188476"><ele>118.8</ele></trkpt>
      <trkpt lat="49.427875" lon="8.188577"><ele>117.0</ele></trkpt>
      <trkpt lat="49.427789" lon="8.188601"><ele>117.0</ele></trkpt>
      <trkpt lat="49.427590" lon="8.188609"><ele>116.2</ele></trkpt>
      <trkpt lat="49.427302" lon="8.188569"><ele>115.2</ele></trkpt>
      <trkpt lat="49.427207" lon="8.188583"><ele>115.0</ele></trkpt>
      <trkpt lat="49.426840" lon="8.188738"><ele>114.5</ele></trkpt>
      <trkpt lat="49.426585" lon="8.188844"><ele>114.8</ele></trkpt>
      <trkpt lat="49.426431" lon="8.188885"><ele>115.5</ele></trkpt>
      <trkpt lat="49.426291" lon="8.188917"><ele>115.5</ele></trkpt>
      <trkpt lat="49.426091" lon="8.188921"><ele>115.0</ele></trkpt>
      <trkpt lat="49.425867" lon="8.188923"><ele>115.0</ele></trkpt>
      <trkpt lat="49.425715" lon="8.188949"><ele>115.2</ele></trkpt>
      <trkpt lat="49.425419" lon="8.189047"><ele>115.8</ele></trkpt>
      <trkpt lat="49.425264" lon="8.189101"><ele>116.0</ele></trkpt>
      <trkpt lat="49.425163" lon="8.189137"><ele>116.0</ele></trkpt>
      <trkpt lat="49.425008" lon="8.189191"><ele>115.8</ele></trkpt>
      <trkpt lat="49.424785" lon="8.189273"><ele>116.8</ele></trkpt>
      <trkpt lat="49.424214" lon="8.189445"><ele>116.8</ele></trkpt>
      <trkpt lat="49.424166" lon="8.189459"><ele>116.8</ele></trkpt>
      <trkpt lat="49.424088" lon="8.189492"><ele>116.8</ele></trkpt>
      <trkpt lat="49.423907" lon="8.189575"><ele>116.5</ele></trkpt>
      <trkpt lat="49.423769" lon="8.189646"><ele>116.2</ele></trkpt>
      <trkpt lat="49.423726" lon="8.189668"><ele>116.0</ele></trkpt>
      <trkpt lat="49.423370" lon="8.189884"><ele>116.8</ele></trkpt>
      <trkpt lat="49.423114" lon="8.190074"><ele>117.0</ele></trkpt>
      <trkpt lat="49.423032" lon="8.190129"><ele>117.0</ele></trkpt>
      <trkpt lat="49.422960" lon="8.190170"><ele>117.0</ele></trkpt>
      <trkpt lat="49.422756" lon="8.190260"><ele>117.0</ele></trkpt>
      <trkpt lat="49.422563" lon="8.190340"><ele>117.0</ele></trkpt>
      <trkpt lat="49.422517" lon="8.190346"><ele>117.0</ele></trkpt>
      <trkpt lat="49.422454" lon="8.190382"><ele>117.0</ele></trkpt>
      <trkpt lat="49.422418" lon="8.190458"><ele>117.0</ele></trkpt>
      <trkpt lat="49.422371" lon="8.190444"><ele>117.0</ele></trkpt>
      <trkpt lat="49.422287" lon="8.190438"><ele>117.2</ele></trkpt>
      <trkpt lat="49.422212" lon="8.190452"><ele>117.2</ele></trkpt>
      <trkpt lat="49.421988" lon="8.190527"><ele>117.0</ele></trkpt>
      <trkpt lat="49.421875" lon="8.190565"><ele>117.0</ele></trkpt>
      <trkpt lat="49.421686" lon="8.190632"><ele>117.0</ele></trkpt>
      <trkpt lat="49.421537" lon="8.190686"><ele>117.2</ele></trkpt>
      <trkpt lat="49.421184" lon="8.190802"><ele>118.5</ele></trkpt>
      <trkpt lat="49.420559" lon="8.191037"><ele>119.8</ele></trkpt>
      <trkpt lat="49.420494" lon="8.191061"><ele>120.2</ele></trkpt>
      <trkpt lat="49.420125" lon="8.191191"><ele>122.5</ele></trkpt>
      <trkpt lat="49.419807" lon="8.191296"><ele>123.5</ele></trkpt>
      <trkpt lat="49.419746" lon="8.191284"><ele>123.8</ele></trkpt>
      <trkpt lat="49.419699" lon="8.191294"><ele>124.0</ele></trkpt>
      <trkpt lat="49.419651" lon="8.191316"><ele>124.2</ele></trkpt>
      <trkpt lat="49.419515" lon="8.191385"><ele>124.5</ele></trkpt>
      <trkpt lat="49.419301" lon="8.191477"><ele>125.5</ele></trkpt>
      <trkpt lat="49.418901" lon="8.191578"><ele>126.8</ele></trkpt>
      <trkpt lat="49.418613" lon="8.191635"><ele>127.0</ele></trkpt>
      <trkpt lat="49.418344" lon="8.191674"><ele>127.8</ele></trkpt>
      <trkpt lat="49.417521" lon="8.191758"><ele>130.8</ele></trkpt>
      <trkpt lat="49.416547" lon="8.191850"><ele>133.2</ele></trkpt>
      <trkpt lat="49.416209" lon="8.191882"><ele>133.5</ele></trkpt>
      <trkpt lat="49.415917" lon="8.191908"><ele>134.0</ele></trkpt>
      <trkpt lat="49.415566" lon="8.191941"><ele>134.8</ele></trkpt>
      <trkpt lat="49.415139" lon="8.191987"><ele>133.8</ele></trkpt>
      <trkpt lat="49.414881" lon="8.192022"><ele>133.2</ele></trkpt>
      <trkpt lat="49.414345" lon="8.192082"><ele>132.2</ele></trkpt>
      <trkpt lat="49.414287" lon="8.192085"><ele>132.0</ele></trkpt>
      <trkpt lat="49.414268" lon="8.192086"><ele>132.0</ele></trkpt>
      <trkpt lat="49.414220" lon="8.192054"><ele>132.2</ele></trkpt>
      <trkpt lat="49.414009" lon="8.192076"><ele>131.8</ele></trkpt>
      <trkpt lat="49.413583" lon="8.192106"><ele>130.2</ele></trkpt>
      <trkpt lat="49.413532" lon="8.192147"><ele>130.0</ele></trkpt>
      <trkpt lat="49.413504" lon="8.192146"><ele>130.0</ele></trkpt>
      <trkpt lat="49.413401" lon="8.192143"><ele>130.0</ele></trkpt>
      <trkpt lat="49.413219" lon="8.192124"><ele>129.2</ele></trkpt>
      <trkpt lat="49.413066" lon="8.192079"><ele>128.5</ele></trkpt>
      <trkpt lat="49.412982" lon="8.192045"><ele>128.0</ele></trkpt>
      <trkpt lat="49.412904" lon="8.191998"><ele>127.5</ele></trkpt>
      <trkpt lat="49.412769" lon="8.191896"><ele>127.0</ele></trkpt>
      <trkpt lat="49.412607" lon="8.191763"><ele>127.0</ele></trkpt>
      <trkpt lat="49.412535" lon="8.191692"><ele>127.0</ele></trkpt>
      <trkpt lat="49.412456" lon="8.191599"><ele>126.8</ele></trkpt>
      <trkpt lat="49.412348" lon="8.191464"><ele>126.2</ele></trkpt>
      <trkpt lat="49.412244" lon="8.191303"><ele>126.0</ele></trkpt>
      <trkpt lat="49.412188" lon="8.191185"><ele>125.8</ele></trkpt>
      <trkpt lat="49.412068" lon="8.190861"><ele>125.2</ele></trkpt>
      <trkpt lat="49.412042" lon="8.190787"><ele>125.2</ele></trkpt>
      <trkpt lat="49.411702" lon="8.189864"><ele>124.0</ele></trkpt>
      <trkpt lat="49.410953" lon="8.187833"><ele>123.0</ele></trkpt>
      <trkpt lat="49.410852" lon="8.187553"><ele>122.8</ele></trkpt>
      <trkpt lat="49.410777" lon="8.187345"><ele>122.8</ele></trkpt>
      <trkpt lat="49.410710" lon="8.187167"><ele>122.5</ele></trkpt>
      <trkpt lat="49.410682" lon="8.187088"><ele>122.2</ele></trkpt>
      <trkpt lat="49.410631" lon="8.186947"><ele>122.2</ele></trkpt>
      <trkpt lat="49.410623" lon="8.186921"><ele>122.2</ele></trkpt>
      <trkpt lat="49.410576" lon="8.186800"><ele>122.5</ele></trkpt>
      <trkpt lat="49.410482" lon="8.186626"><ele>122.5</ele></trkpt>
      <trkpt lat="49.410449" lon="8.186586"><ele>122.2</ele></trkpt>
      <trkpt lat="49.410419" lon="8.186561"><ele>122.0</ele></trkpt>
      <trkpt lat="49.410389" lon="8.186548"><ele>122.0</ele></trkpt>
      <trkpt lat="49.410306" lon="8.186552"><ele>121.5</ele></trkpt>
      <trkpt lat="49.409875" lon="8.186646"><ele>119.5</ele></trkpt>
      <trkpt lat="49.409873" lon="8.186600"><ele>119.5</ele></trkpt>
      <trkpt lat="49.409839" lon="8.186296"><ele>120.0</ele></trkpt>
      <trkpt lat="49.409789" lon="8.186099"><ele>120.2</ele></trkpt>
      <trkpt lat="49.409754" lon="8.186026"><ele>120.2</ele></trkpt>
      <trkpt lat="49.409695" lon="8.185945"><ele>120.5</ele></trkpt>
      <trkpt lat="49.409579" lon="8.185820"><ele>120.2</ele></trkpt>
      <trkpt lat="49.409250" lon="8.185483"><ele>120.0</ele></trkpt>
      <trkpt lat="49.408960" lon="8.185198"><ele>120.2</ele></trkpt>
      <trkpt lat="49.408674" lon="8.184900"><ele>121.2</ele></trkpt>
      <trkpt lat="49.408599" lon="8.184815"><ele>121.5</ele></trkpt>
      <trkpt lat="49.408557" lon="8.184752"><ele>121.5</ele></trkpt>
      <trkpt lat="49.408523" lon="8.184695"><ele>121.5</ele></trkpt>
      <trkpt lat="49.408456" lon="8.184574"><ele>121.2</ele></trkpt>
      <trkpt lat="49.408387" lon="8.184468"><ele>121.0</ele></trkpt>
      <trkpt lat="49.408319" lon="8.184401"><ele>121.0</ele></trkpt>
      <trkpt lat="49.408195" lon="8.184300"><ele>121.0</ele></trkpt>
      <trkpt lat="49.408014" lon="8.184193"><ele>120.8</ele></trkpt>
      <trkpt lat="49.407842" lon="8.184112"><ele>120.0</ele></trkpt>
      <trkpt lat="49.407728" lon="8.184068"><ele>119.2</ele></trkpt>
      <trkpt lat="49.407661" lon="8.184055"><ele>119.0</ele></trkpt>
      <trkpt lat="49.407616" lon="8.184055"><ele>119.0</ele></trkpt>
      <trkpt lat="49.407576" lon="8.184068"><ele>118.8</ele></trkpt>
      <trkpt lat="49.407463" lon="8.184157"><ele>118.8</ele></trkpt>
      <trkpt lat="49.407241" lon="8.184362"><ele>118.2</ele></trkpt>
      <trkpt lat="49.407089" lon="8.184456"><ele>118.0</ele></trkpt>
      <trkpt lat="49.406881" lon="8.184619"><ele>118.0</ele></trkpt>
      <trkpt lat="49.406817" lon="8.184680"><ele>118.0</ele></trkpt>
      <trkpt lat="49.406847" lon="8.184908"><ele>117.5</ele></trkpt>
      <trkpt lat="49.406852" lon="8.185017"><ele>117.2</ele></trkpt>
      <trkpt lat="49.406864" lon="8.185229"><ele>117.2</ele></trkpt>
      <trkpt lat="49.406870" lon="8.185446"><ele>117.0</ele></trkpt>
      <trkpt lat="49.406866" lon="8.185847"><ele>117.2</ele></trkpt>
      <trkpt lat="49.406871" lon="8.185942"><ele>117.2</ele></trkpt>
      <trkpt lat="49.406903" lon="8.186068"><ele>117.0</ele></trkpt>
      <trkpt lat="49.406951" lon="8.186178"><ele>116.8</ele></trkpt>
      <trkpt lat="49.406959" lon="8.186226"><ele>116.5</ele></trkpt>
      <trkpt lat="49.406957" lon="8.186306"><ele>116.2</ele></trkpt>
      <trkpt lat="49.406944" lon="8.186392"><ele>116.0</ele></trkpt>
      <trkpt lat="49.406914" lon="8.186518"><ele>116.0</ele></trkpt>
      <trkpt lat="49.406827" lon="8.186787"><ele>116.0</ele></trkpt>
      <trkpt lat="49.406566" lon="8.186653"><ele>116.0</ele></trkpt>
      <trkpt lat="49.406288" lon="8.186481"><ele>116.8</ele></trkpt>
      <trkpt lat="49.405856" lon="8.186171"><ele>116.8</ele></trkpt>
      <trkpt lat="49.405535" lon="8.185944"><ele>118.0</ele></trkpt>
      <trkpt lat="49.405453" lon="8.185892"><ele>118.2</ele></trkpt>
      <trkpt lat="49.405336" lon="8.185830"><ele>118.8</ele></trkpt>
      <trkpt lat="49.405271" lon="8.185802"><ele>119.0</ele></trkpt>
      <trkpt lat="49.405157" lon="8.185784"><ele>119.0</ele></trkpt>
      <trkpt lat="49.405076" lon="8.185789"><ele>119.0</ele></trkpt>
      <trkpt lat="49.404696" lon="8.185852"><ele>119.0</ele></trkpt>
      <trkpt lat="49.404491" lon="8.185883"><ele>118.8</ele></trkpt>
      <trkpt lat="49.404403" lon="8.185886"><ele>119.2</ele></trkpt>
      <trkpt lat="49.404179" lon="8.185940"><ele>120.5</ele></trkpt>
      <trkpt lat="49.403824" lon="8.186063"><ele>120.2</ele></trkpt>
      <trkpt lat="49.403794" lon="8.186082"><ele>120.2</ele></trkpt>
      <trkpt lat="49.403672" lon="8.186114"><ele>120.8</ele></trkpt>
      <trkpt lat="49.402706" lon="8.186350"><ele>122.5</ele></trkpt>
      <trkpt lat="49.402618" lon="8.186369"><ele>122.8</ele></trkpt>
      <trkpt lat="49.401748" lon="8.186583"><ele>124.5</ele></trkpt>
      <trkpt lat="49.401534" lon="8.186626"><ele>126.0</ele></trkpt>
      <trkpt lat="49.401367" lon="8.186646"><ele>127.2</ele></trkpt>
      <trkpt lat="49.401161" lon="8.186650"><ele>129.5</ele></trkpt>
      <trkpt lat="49.400928" lon="8.186629"><ele>130.8</ele></trkpt>
      <trkpt lat="49.400708" lon="8.186593"><ele>131.2</ele></trkpt>
      <trkpt lat="49.400320" lon="8.186505"><ele>131.8</ele></trkpt>
      <trkpt lat="49.400169" lon="8.186464"><ele>132.0</ele></trkpt>
      <trkpt lat="49.399771" lon="8.186321"><ele>134.8</ele></trkpt>
      <trkpt lat="49.399546" lon="8.186227"><ele>134.5</ele></trkpt>
      <trkpt lat="49.399369" lon="8.186140"><ele>134.2</ele></trkpt>
      <trkpt lat="49.398988" lon="8.185953"><ele>136.0</ele></trkpt>
      <trkpt lat="49.398864" lon="8.185876"><ele>135.8</ele></trkpt>
      <trkpt lat="49.398567" lon="8.185670"><ele>135.2</ele></trkpt>
      <trkpt lat="49.398218" lon="8.185408"><ele>134.2</ele></trkpt>
      <trkpt lat="49.397767" lon="8.185062"><ele>132.8</ele></trkpt>
      <trkpt lat="49.397569" lon="8.184917"><ele>132.2</ele></trkpt>
      <trkpt lat="49.397307" lon="8.184721"><ele>131.2</ele></trkpt>
      <trkpt lat="49.396822" lon="8.184363"><ele>131.0</ele></trkpt>
      <trkpt lat="49.395940" lon="8.183711"><ele>130.0</ele></trkpt>
      <trkpt lat="49.394642" lon="8.182748"><ele>131.0</ele></trkpt>
      <trkpt lat="49.394348" lon="8.182520"><ele>131.0</ele></trkpt>
      <trkpt lat="49.394128" lon="8.182372"><ele>130.8</ele></trkpt>
      <trkpt lat="49.393744" lon="8.182171"><ele>131.0</ele></trkpt>
      <trkpt lat="49.393361" lon="8.181994"><ele>130.0</ele></trkpt>
      <trkpt lat="49.393059" lon="8.181833"><ele>130.2</ele></trkpt>
      <trkpt lat="49.392744" lon="8.181683"><ele>129.8</ele></trkpt>
      <trkpt lat="49.392269" lon="8.181445"><ele>129.8</ele></trkpt>
      <trkpt lat="49.391955" lon="8.181282"><ele>129.2</ele></trkpt>
      <trkpt lat="49.390577" lon="8.180565"><ele>127.8</ele></trkpt>
      <trkpt lat="49.390153" lon="8.180355"><ele>127.5</ele></trkpt>
      <trkpt lat="49.389648" lon="8.180047"><ele>126.8</ele></trkpt>
      <trkpt lat="49.389162" lon="8.179679"><ele>127.0</ele></trkpt>
      <trkpt lat="49.388110" lon="8.178782"><ele>127.0</ele></trkpt>
      <trkpt lat="49.387921" lon="8.178620"><ele>126.8</ele></trkpt>
      <trkpt lat="49.387086" lon="8.178012"><ele>127.5</ele></trkpt>
      <trkpt lat="49.385755" lon="8.177104"><ele>128.0</ele></trkpt>
      <trkpt lat="49.385266" lon="8.176780"><ele>128.5</ele></trkpt>
      <trkpt lat="49.385000" lon="8.176604"><ele>129.0</ele></trkpt>
      <trkpt lat="49.384124" lon="8.175907"><ele>130.8</ele></trkpt>
      <trkpt lat="49.383902" lon="8.175713"><ele>131.2</ele></trkpt>
      <trkpt lat="49.383593" lon="8.175475"><ele>131.2</ele></trkpt>
      <trkpt lat="49.383285" lon="8.175288"><ele>131.8</ele></trkpt>
      <trkpt lat="49.382970" lon="8.175173"><ele>131.2</ele></trkpt>
      <trkpt lat="49.382666" lon="8.175134"><ele>131.5</ele></trkpt>
      <trkpt lat="49.382540" lon="8.175121"><ele>131.5</ele></trkpt>
      <trkpt lat="49.382395" lon="8.175082"><ele>131.2</ele></trkpt>
      <trkpt lat="49.382140" lon="8.175028"><ele>131.2</ele></trkpt>
      <trkpt lat="49.381925" lon="8.175004"><ele>131.8</ele></trkpt>
      <trkpt lat="49.381563" lon="8.174961"><ele>131.8</ele></trkpt>
      <trkpt lat="49.381447" lon="8.174994"><ele>131.8</ele></trkpt>
      <trkpt lat="49.380702" lon="8.174969"><ele>132.0</ele></trkpt>
      <trkpt lat="49.380502" lon="8.174963"><ele>132.0</ele></trkpt>
      <trkpt lat="49.379480" lon="8.174899"><ele>133.8</ele></trkpt>
      <trkpt lat="49.377495" lon="8.174774"><ele>138.0</ele></trkpt>
      <trkpt lat="49.376487" lon="8.174931"><ele>139.5</ele></trkpt>
      <trkpt lat="49.375591" lon="8.175066"><ele>142.8</ele></trkpt>
      <trkpt lat="49.374708" lon="8.175250"><ele>145.0</ele></trkpt>
      <trkpt lat="49.374314" lon="8.175337"><ele>146.2</ele></trkpt>
      <trkpt lat="49.373873" lon="8.175337"><ele>148.0</ele></trkpt>
      <trkpt lat="49.373443" lon="8.175275"><ele>148.0</ele></trkpt>
      <trkpt lat="49.371554" lon="8.174836"><ele>145.5</ele></trkpt>
      <trkpt lat="49.370970" lon="8.174739"><ele>144.2</ele></trkpt>
      <trkpt lat="49.370858" lon="8.174723"><ele>144.0</ele></trkpt>
      <trkpt lat="49.370757" lon="8.174705"><ele>143.5</ele></trkpt>
      <trkpt lat="49.370294" lon="8.174654"><ele>143.0</ele></trkpt>
      <trkpt lat="49.370243" lon="8.174650"><ele>142.8</ele></trkpt>
      <trkpt lat="49.370200" lon="8.174648"><ele>142.5</ele></trkpt>
      <trkpt lat="49.370110" lon="8.174638"><ele>142.2</ele></trkpt>
      <trkpt lat="49.369603" lon="8.174591"><ele>141.5</ele></trkpt>
      <trkpt lat="49.369510" lon="8.174572"><ele>141.0</ele></trkpt>
      <trkpt lat="49.369401" lon="8.174543"><ele>141.0</ele></trkpt>
      <trkpt lat="49.369309" lon="8.174475"><ele>141.0</ele></trkpt>
      <trkpt lat="49.369243" lon="8.174404"><ele>141.0</ele></trkpt>
      <trkpt lat="49.369437" lon="8.173455"><ele>142.0</ele></trkpt>
      <trkpt lat="49.369495" lon="8.173066"><ele>142.0</ele></trkpt>
      <trkpt lat="49.369513" lon="8.172824"><ele>142.8</ele></trkpt>
      <trkpt lat="49.369513" lon="8.172666"><ele>143.0</ele></trkpt>
      <trkpt lat="49.369504" lon="8.172496"><ele>143.0</ele></trkpt>
      <trkpt lat="49.369474" lon="8.172099"><ele>143.0</ele></trkpt>
      <trkpt lat="49.369474" lon="8.171939"><ele>143.0</ele></trkpt>
      <trkpt lat="49.369503" lon="8.171648"><ele>143.2</ele></trkpt>
      <trkpt lat="49.369524" lon="8.171536"><ele>143.5</ele></trkpt>
      <trkpt lat="49.369584" lon="8.171298"><ele>144.0</ele></trkpt>
      <trkpt lat="49.369596" lon="8.171255"><ele>144.0</ele></trkpt>
      <trkpt lat="49.369628" lon="8.171147"><ele>144.0</ele></trkpt>
      <trkpt lat="49.369801" lon="8.170609"><ele>144.8</ele></trkpt>
      <trkpt lat="49.369828" lon="8.170492"><ele>145.0</ele></trkpt>
      <trkpt lat="49.369841" lon="8.170397"><ele>145.0</ele></trkpt>
      <trkpt lat="49.369852" lon="8.170231"><ele>145.0</ele></trkpt>
      <trkpt lat="49.369851" lon="8.170095"><ele>145.0</ele></trkpt>
      <trkpt lat="49.369875" lon="8.169428"><ele>146.0</ele></trkpt>
      <trkpt lat="49.369867" lon="8.169266"><ele>146.0</ele></trkpt>
      <trkpt lat="49.369857" lon="8.169197"><ele>146.0</ele></trkpt>
      <trkpt lat="49.369837" lon="8.169122"><ele>146.0</ele></trkpt>
      <trkpt lat="49.369815" lon="8.169078"><ele>146.0</ele></trkpt>
      <trkpt lat="49.369786" lon="8.169040"><ele>146.0</ele></trkpt>
      <trkpt lat="49.369723" lon="8.168993"><ele>145.8</ele></trkpt>
      <trkpt lat="49.369503" lon="8.168876"><ele>146.0</ele></trkpt>
      <trkpt lat="49.369377" lon="8.168836"><ele>145.8</ele></trkpt>
      <trkpt lat="49.369236" lon="8.168817"><ele>145.2</ele></trkpt>
      <trkpt lat="49.369183" lon="8.168798"><ele>145.2</ele></trkpt>
      <trkpt lat="49.369148" lon="8.168781"><ele>145.2</ele></trkpt>
      <trkpt lat="49.369121" lon="8.168755"><ele>145.2</ele></trkpt>
      <trkpt lat="49.369035" lon="8.168644"><ele>145.8</ele></trkpt>
      <trkpt lat="49.369004" lon="8.168597"><ele>146.0</ele></trkpt>
      <trkpt lat="49.368918" lon="8.168483"><ele>146.0</ele></trkpt>
      <trkpt lat="49.368827" lon="8.168395"><ele>146.0</ele></trkpt>
      <trkpt lat="49.368757" lon="8.168344"><ele>146.0</ele></trkpt>
      <trkpt lat="49.368698" lon="8.168307"><ele>146.0</ele></trkpt>
      <trkpt lat="49.368454" lon="8.168185"><ele>146.0</ele></trkpt>
      <trkpt lat="49.368254" lon="8.168042"><ele>145.5</ele></trkpt>
      <trkpt lat="49.368094" lon="8.167889"><ele>145.0</ele></trkpt>
      <trkpt lat="49.367846" lon="8.167389"><ele>145.0</ele></trkpt>
      <trkpt lat="49.367423" lon="8.166555"><ele>146.0</ele></trkpt>
      <trkpt lat="49.366599" lon="8.164918"><ele>145.8</ele></trkpt>
      <trkpt lat="49.366523" lon="8.164761"><ele>145.2</ele></trkpt>
      <trkpt lat="49.366353" lon="8.164387"><ele>145.0</ele></trkpt>
      <trkpt lat="49.366311" lon="8.164295"><ele>145.0</ele></trkpt>
      <trkpt lat="49.366218" lon="8.164091"><ele>145.0</ele></trkpt>
      <trkpt lat="49.366146" lon="8.163933"><ele>145.0</ele></trkpt>
      <trkpt lat="49.366089" lon="8.163806"><ele>145.2</ele></trkpt>
      <trkpt lat="49.365865" lon="8.163318"><ele>145.0</ele></trkpt>
      <trkpt lat="49.364718" lon="8.160785"><ele>144.0</ele></trkpt>
      <trkpt lat="49.364390" lon="8.160063"><ele>144.0</ele></trkpt>
      <trkpt lat="49.362646" lon="8.156204"><ele>142.5</ele></trkpt>
      <trkpt lat="49.362398" lon="8.155680"><ele>141.5</ele></trkpt>
      <trkpt lat="49.362366" lon="8.155586"><ele>141.5</ele></trkpt>
      <trkpt lat="49.362279" lon="8.155401"><ele>141.0</ele></trkpt>
      <trkpt lat="49.362247" lon="8.155277"><ele>141.0</ele></trkpt>
      <trkpt lat="49.362234" lon="8.155189"><ele>141.2</ele></trkpt>
      <trkpt lat="49.362247" lon="8.155083"><ele>141.8</ele></trkpt>
      <trkpt lat="49.362329" lon="8.154757"><ele>142.2</ele></trkpt>
      <trkpt lat="49.362298" lon="8.154733"><ele>142.2</ele></trkpt>
      <trkpt lat="49.362284" lon="8.154705"><ele>142.2</ele></trkpt>
      <trkpt lat="49.362276" lon="8.154643"><ele>142.2</ele></trkpt>
      <trkpt lat="49.362259" lon="8.154413"><ele>143.0</ele></trkpt>
      <trkpt lat="49.361905" lon="8.154392"><ele>142.0</ele></trkpt>
      <trkpt lat="49.361818" lon="8.154353"><ele>142.2</ele></trkpt>
      <trkpt lat="49.361786" lon="8.154325"><ele>142.2</ele></trkpt>
      <trkpt lat="49.361718" lon="8.154208"><ele>142.8</ele></trkpt>
      <trkpt lat="49.361339" lon="8.153358"><ele>143.0</ele></trkpt>
      <trkpt lat="49.361244" lon="8.153191"><ele>143.2</ele></trkpt>
      <trkpt lat="49.361107" lon="8.152979"><ele>144.0</ele></trkpt>
      <trkpt lat="49.360867" lon="8.152656"><ele>144.0</ele></trkpt>
      <trkpt lat="49.359972" lon="8.151447"><ele>145.0</ele></trkpt>
      <trkpt lat="49.359885" lon="8.151467"><ele>145.0</ele></trkpt>
      <trkpt lat="49.359649" lon="8.151127"><ele>145.5</ele></trkpt>
      <trkpt lat="49.359519" lon="8.150962"><ele>145.5</ele></trkpt>
      <trkpt lat="49.359413" lon="8.150847"><ele>145.8</ele></trkpt>
      <trkpt lat="49.359312" lon="8.150747"><ele>146.0</ele></trkpt>
      <trkpt lat="49.359104" lon="8.150564"><ele>145.8</ele></trkpt>
      <trkpt lat="49.358453" lon="8.150095"><ele>146.2</ele></trkpt>
      <trkpt lat="49.357981" lon="8.149747"><ele>146.5</ele></trkpt>
      <trkpt lat="49.357665" lon="8.149514"><ele>146.0</ele></trkpt>
      <trkpt lat="49.357325" lon="8.149266"><ele>145.2</ele></trkpt>
      <trkpt lat="49.357188" lon="8.149140"><ele>144.8</ele></trkpt>
      <trkpt lat="49.357078" lon="8.149014"><ele>145.0</ele></trkpt>
      <trkpt lat="49.356996" lon="8.148907"><ele>145.0</ele></trkpt>
      <trkpt lat="49.356958" lon="8.148850"><ele>145.0</ele></trkpt>
      <trkpt lat="49.356884" lon="8.148748"><ele>144.8</ele></trkpt>
      <trkpt lat="49.356816" lon="8.148634"><ele>144.5</ele></trkpt>
      <trkpt lat="49.356752" lon="8.148499"><ele>144.5</ele></trkpt>
      <trkpt lat="49.356679" lon="8.148292"><ele>143.8</ele></trkpt>
      <trkpt lat="49.356625" lon="8.148110"><ele>143.0</ele></trkpt>
      <trkpt lat="49.356547" lon="8.147811"><ele>143.0</ele></trkpt>
      <trkpt lat="49.356419" lon="8.147231"><ele>141.2</ele></trkpt>
      <trkpt lat="49.356113" lon="8.145678"><ele>140.0</ele></trkpt>
      <trkpt lat="49.356046" lon="8.145346"><ele>140.5</ele></trkpt>
      <trkpt lat="49.355953" lon="8.144885"><ele>140.2</ele></trkpt>
      <trkpt lat="49.355931" lon="8.144778"><ele>140.2</ele></trkpt>
      <trkpt lat="49.355768" lon="8.143940"><ele>140.8</ele></trkpt>
      <trkpt lat="49.355695" lon="8.143554"><ele>141.0</ele></trkpt>
      <trkpt lat="49.355682" lon="8.143494"><ele>141.0</ele></trkpt>
      <trkpt lat="49.355650" lon="8.143321"><ele>141.2</ele></trkpt>
      <trkpt lat="49.355558" lon="8.142832"><ele>141.0</ele></trkpt>
      <trkpt lat="49.355493" lon="8.142490"><ele>140.8</ele></trkpt>
      <trkpt lat="49.355470" lon="8.142359"><ele>140.5</ele></trkpt>
      <trkpt lat="49.355428" lon="8.142092"><ele>140.0</ele></trkpt>
      <trkpt lat="49.355415" lon="8.141872"><ele>140.0</ele></trkpt>
      <trkpt lat="49.355415" lon="8.141592"><ele>140.0</ele></trkpt>
      <trkpt lat="49.355440" lon="8.141263"><ele>139.5</ele></trkpt>
      <trkpt lat="49.355443" lon="8.141220"><ele>139.2</ele></trkpt>
      <trkpt lat="49.355455" lon="8.141056"><ele>139.0</ele></trkpt>
      <trkpt lat="49.355380" lon="8.141045"><ele>139.0</ele></trkpt>
      <trkpt lat="49.355356" lon="8.141042"><ele>139.0</ele></trkpt>
      <trkpt lat="49.355339" lon="8.141039"><ele>138.0</ele></trkpt>
      <trkpt lat="49.355082" lon="8.141008"><ele>138.0</ele></trkpt>
      <trkpt lat="49.355033" lon="8.141002"><ele>137.8</ele></trkpt>
      <trkpt lat="49.354999" lon="8.140993"><ele>137.5</ele></trkpt>
      <trkpt lat="49.354860" lon="8.140958"><ele>136.5</ele></trkpt>
      <trkpt lat="49.354736" lon="8.140921"><ele>136.0</ele></trkpt>
      <trkpt lat="49.354682" lon="8.140904"><ele>136.0</ele></trkpt>
      <trkpt lat="49.354357" lon="8.140797"><ele>136.0</ele></trkpt>
      <trkpt lat="49.354029" lon="8.140683"><ele>136.0</ele></trkpt>
      <trkpt lat="49.353895" lon="8.140650"><ele>136.0</ele></trkpt>
      <trkpt lat="49.353774" lon="8.140631"><ele>136.0</ele></trkpt>
      <trkpt lat="49.353513" lon="8.140609"><ele>136.0</ele></trkpt>
      <trkpt lat="49.353358" lon="8.140602"><ele>136.0</ele></trkpt>
      <trkpt lat="49.352904" lon="8.140604"><ele>136.0</ele></trkpt>
      <trkpt lat="49.352629" lon="8.140632"><ele>136.0</ele></trkpt>
      <trkpt lat="49.352307" lon="8.140687"><ele>136.0</ele></trkpt>
      <trkpt lat="49.352126" lon="8.140729"><ele>136.2</ele></trkpt>
      <trkpt lat="49.351899" lon="8.140783"><ele>137.0</ele></trkpt>
      <trkpt lat="49.351718" lon="8.140820"><ele>137.0</ele></trkpt>
      <trkpt lat="49.351429" lon="8.140856"><ele>136.8</ele></trkpt>
      <trkpt lat="49.351103" lon="8.140899"><ele>137.0</ele></trkpt>
      <trkpt lat="49.350934" lon="8.140902"><ele>137.0</ele></trkpt>
      <trkpt lat="49.350987" lon="8.140743"><ele>137.0</ele></trkpt>
      <trkpt lat="49.351164" lon="8.140207"><ele>137.0</ele></trkpt>
      <trkpt lat="49.351216" lon="8.140022"><ele>137.5</ele></trkpt>
      <trkpt lat="49.351260" lon="8.139717"><ele>137.2</ele></trkpt>
      <trkpt lat="49.351260" lon="8.139519"><ele>137.0</ele></trkpt>
      <trkpt lat="49.351257" lon="8.139458"><ele>137.0</ele></trkpt>
      <trkpt lat="49.351227" lon="8.139352"><ele>137.2</ele></trkpt>
      <trkpt lat="49.351183" lon="8.139256"><ele>137.5</ele></trkpt>
      <trkpt lat="49.351070" lon="8.139067"><ele>138.0</ele></trkpt>
      <trkpt lat="49.350830" lon="8.138732"><ele>139.0</ele></trkpt>
      <trkpt lat="49.350675" lon="8.138492"><ele>139.5</ele></trkpt>
      <trkpt lat="49.350535" lon="8.138283"><ele>140.0</ele></trkpt>
      <trkpt lat="49.350423" lon="8.138113"><ele>140.8</ele></trkpt>
      <trkpt lat="49.350398" lon="8.138077"><ele>141.0</ele></trkpt>
      <trkpt lat="49.350318" lon="8.137960"><ele>141.8</ele></trkpt>
      <trkpt lat="49.350218" lon="8.138034"><ele>142.2</ele></trkpt>
      <trkpt lat="49.350137" lon="8.138088"><ele>142.8</ele></trkpt>
      <trkpt lat="49.350063" lon="8.138098"><ele>143.2</ele></trkpt>
      <trkpt lat="49.350015" lon="8.138092"><ele>143.5</ele></trkpt>
      <trkpt lat="49.349962" lon="8.138044"><ele>143.5</ele></trkpt>
      <trkpt lat="49.349800" lon="8.137862"><ele>144.2</ele></trkpt>
      <trkpt lat="49.349712" lon="8.137805"><ele>145.5</ele></trkpt>
      <trkpt lat="49.349688" lon="8.137797"><ele>145.8</ele></trkpt>
      <trkpt lat="49.349555" lon="8.137767"><ele>147.0</ele></trkpt>
      <trkpt lat="49.349506" lon="8.137773"><ele>147.5</ele></trkpt>
      <trkpt lat="49.349473" lon="8.137788"><ele>147.5</ele></trkpt>
      <trkpt lat="49.349437" lon="8.137819"><ele>148.0</ele></trkpt>
      <trkpt lat="49.349365" lon="8.137907"><ele>149.5</ele></trkpt>
      <trkpt lat="49.349308" lon="8.138004"><ele>150.5</ele></trkpt>
      <trkpt lat="49.349269" lon="8.138017"><ele>151.5</ele></trkpt>
      <trkpt lat="49.349229" lon="8.138057"><ele>152.2</ele></trkpt>
      <trkpt lat="49.348877" lon="8.138501"><ele>157.5</ele></trkpt>
      <trkpt lat="49.348773" lon="8.138614"><ele>159.8</ele></trkpt>
      <trkpt lat="49.348545" lon="8.138792"><ele>164.8</ele></trkpt>
      <trkpt lat="49.348407" lon="8.138868"><ele>166.8</ele></trkpt>
      <trkpt lat="49.348246" lon="8.138936"><ele>170.5</ele></trkpt>
      <trkpt lat="49.348170" lon="8.138958"><ele>172.5</ele></trkpt>
      <trkpt lat="49.348060" lon="8.138967"><ele>175.5</ele></trkpt>
      <trkpt lat="49.348023" lon="8.138966"><ele>176.0</ele></trkpt>
      <trkpt lat="49.347706" lon="8.138947"><ele>180.2</ele></trkpt>
      <trkpt lat="49.347298" lon="8.138938"><ele>181.0</ele></trkpt>
      <trkpt lat="49.347232" lon="8.138937"><ele>181.0</ele></trkpt>
      <trkpt lat="49.347221" lon="8.139096"><ele>181.0</ele></trkpt>
      <trkpt lat="49.347131" lon="8.139072"><ele>181.0</ele></trkpt>
      <trkpt lat="49.346403" lon="8.138931"><ele>181.8</ele></trkpt>
      <trkpt lat="49.345903" lon="8.138831"><ele>182.0</ele></trkpt>
      <trkpt lat="49.345743" lon="8.138788"><ele>182.0</ele></trkpt>
      <trkpt lat="49.345583" lon="8.138731"><ele>182.0</ele></trkpt>
      <trkpt lat="49.345286" lon="8.138606"><ele>182.0</ele></trkpt>
      <trkpt lat="49.345236" lon="8.138584"><ele>181.8</ele></trkpt>
      <trkpt lat="49.344665" lon="8.138316"><ele>181.8</ele></trkpt>
      <trkpt lat="49.344619" lon="8.138280"><ele>181.5</ele></trkpt>
      <trkpt lat="49.344484" lon="8.138163"><ele>181.5</ele></trkpt>
      <trkpt lat="49.344419" lon="8.138085"><ele>181.8</ele></trkpt>
      <trkpt lat="49.344340" lon="8.137968"><ele>182.2</ele></trkpt>
      <trkpt lat="49.344194" lon="8.137703"><ele>183.0</ele></trkpt>
      <trkpt lat="49.343439" lon="8.136246"><ele>184.0</ele></trkpt>
      <trkpt lat="49.343376" lon="8.136139"><ele>184.0</ele></trkpt>
      <trkpt lat="49.343282" lon="8.136041"><ele>184.2</ele></trkpt>
      <trkpt lat="49.342193" lon="8.135298"><ele>184.8</ele></trkpt>
      <trkpt lat="49.342088" lon="8.135216"><ele>184.5</ele></trkpt>
      <trkpt lat="49.341768" lon="8.134923"><ele>184.5</ele></trkpt>
      <trkpt lat="49.341634" lon="8.134817"><ele>184.5</ele></trkpt>
      <trkpt lat="49.340404" lon="8.133657"><ele>187.0</ele></trkpt>
      <trkpt lat="49.340309" lon="8.133569"><ele>187.2</ele></trkpt>
      <trkpt lat="49.340212" lon="8.133475"><ele>187.2</ele></trkpt>
      <trkpt lat="49.339672" lon="8.132988"><ele>190.2</ele></trkpt>
      <trkpt lat="49.339556" lon="8.132877"><ele>190.2</ele></trkpt>
      <trkpt lat="49.339143" lon="8.132445"><ele>191.2</ele></trkpt>
      <trkpt lat="49.338961" lon="8.132269"><ele>192.8</ele></trkpt>
      <trkpt lat="49.338691" lon="8.131994"><ele>193.8</ele></trkpt>
      <trkpt lat="49.338523" lon="8.131815"><ele>194.2</ele></trkpt>
      <trkpt lat="49.338402" lon="8.131722"><ele>194.8</ele></trkpt>
      <trkpt lat="49.338313" lon="8.131675"><ele>194.8</ele></trkpt>
      <trkpt lat="49.338201" lon="8.131632"><ele>195.0</ele></trkpt>
      <trkpt lat="49.338017" lon="8.131585"><ele>194.8</ele></trkpt>
      <trkpt lat="49.337866" lon="8.131569"><ele>194.5</ele></trkpt>
      <trkpt lat="49.337780" lon="8.131568"><ele>194.2</ele></trkpt>
      <trkpt lat="49.337761" lon="8.131567"><ele>194.2</ele></trkpt>
      <trkpt lat="49.337449" lon="8.131563"><ele>194.0</ele></trkpt>
      <trkpt lat="49.337241" lon="8.131561"><ele>193.2</ele></trkpt>
      <trkpt lat="49.336725" lon="8.131564"><ele>194.2</ele></trkpt>
      <trkpt lat="49.336636" lon="8.131554"><ele>194.2</ele></trkpt>
      <trkpt lat="49.336172" lon="8.131463"><ele>194.5</ele></trkpt>
      <trkpt lat="49.336123" lon="8.131460"><ele>194.5</ele></trkpt>
      <trkpt lat="49.336079" lon="8.131471"><ele>194.5</ele></trkpt>
      <trkpt lat="49.336042" lon="8.131502"><ele>194.5</ele></trkpt>
      <trkpt lat="49.336011" lon="8.131565"><ele>194.2</ele></trkpt>
      <trkpt lat="49.335708" lon="8.132269"><ele>192.2</ele></trkpt>
      <trkpt lat="49.335673" lon="8.132318"><ele>192.0</ele></trkpt>
      <trkpt lat="49.335629" lon="8.132335"><ele>191.8</ele></trkpt>
      <trkpt lat="49.335593" lon="8.132337"><ele>191.5</ele></trkpt>
      <trkpt lat="49.335330" lon="8.132305"><ele>190.8</ele></trkpt>
      <trkpt lat="49.334960" lon="8.132279"><ele>189.8</ele></trkpt>
      <trkpt lat="49.334885" lon="8.132274"><ele>190.0</ele></trkpt>
      <trkpt lat="49.334213" lon="8.132184"><ele>191.2</ele></trkpt>
      <trkpt lat="49.333994" lon="8.132120"><ele>191.5</ele></trkpt>
      <trkpt lat="49.333476" lon="8.131940"><ele>190.0</ele></trkpt>
      <trkpt lat="49.333292" lon="8.131879"><ele>188.8</ele></trkpt>
      <trkpt lat="49.332459" lon="8.131631"><ele>183.0</ele></trkpt>
      <trkpt lat="49.332006" lon="8.131485"><ele>180.8</ele></trkpt>
      <trkpt lat="49.331697" lon="8.131384"><ele>179.2</ele></trkpt>
      <trkpt lat="49.330844" lon="8.131099"><ele>179.0</ele></trkpt>
      <trkpt lat="49.330766" lon="8.131074"><ele>179.0</ele></trkpt>
      <trkpt lat="49.330486" lon="8.130983"><ele>178.2</ele></trkpt>
      <trkpt lat="49.330091" lon="8.130857"><ele>178.8</ele></trkpt>
      <trkpt lat="49.329827" lon="8.130773"><ele>179.0</ele></trkpt>
      <trkpt lat="49.329711" lon="8.130754"><ele>179.0</ele></trkpt>
      <trkpt lat="49.329645" lon="8.130755"><ele>179.2</ele></trkpt>
      <trkpt lat="49.329541" lon="8.130785"><ele>179.5</ele></trkpt>
      <trkpt lat="49.329383" lon="8.130875"><ele>179.8</ele></trkpt>
      <trkpt lat="49.329185" lon="8.131032"><ele>180.5</ele></trkpt>
      <trkpt lat="49.329161" lon="8.131057"><ele>180.8</ele></trkpt>
      <trkpt lat="49.329151" lon="8.131085"><ele>181.0</ele></trkpt>
      <trkpt lat="49.329122" lon="8.131049"><ele>181.2</ele></trkpt>
      <trkpt lat="49.328901" lon="8.130536"><ele>181.8</ele></trkpt>
      <trkpt lat="49.328848" lon="8.130474"><ele>182.2</ele></trkpt>
      <trkpt lat="49.328795" lon="8.130436"><ele>182.8</ele></trkpt>
      <trkpt lat="49.328681" lon="8.130118"><ele>183.2</ele></trkpt>
      <trkpt lat="49.328578" lon="8.129859"><ele>184.2</ele></trkpt>
      <trkpt lat="49.328554" lon="8.129799"><ele>184.5</ele></trkpt>
      <trkpt lat="49.328488" lon="8.129686"><ele>185.2</ele></trkpt>
      <trkpt lat="49.328387" lon="8.129537"><ele>186.2</ele></trkpt>
      <trkpt lat="49.328358" lon="8.129521"><ele>186.5</ele></trkpt>
      <trkpt lat="49.328333" lon="8.129525"><ele>187.0</ele></trkpt>
      <trkpt lat="49.327874" lon="8.129880"><ele>191.8</ele></trkpt>
      <trkpt lat="49.327445" lon="8.130144"><ele>192.2</ele></trkpt>
      <trkpt lat="49.327203" lon="8.130303"><ele>192.0</ele></trkpt>
      <trkpt lat="49.327061" lon="8.130397"><ele>192.5</ele></trkpt>
      <trkpt lat="49.326808" lon="8.130525"><ele>193.5</ele></trkpt>
      <trkpt lat="49.326684" lon="8.130575"><ele>193.8</ele></trkpt>
      <trkpt lat="49.326411" lon="8.130650"><ele>194.8</ele></trkpt>
      <trkpt lat="49.326127" lon="8.130682"><ele>195.8</ele></trkpt>
      <trkpt lat="49.326104" lon="8.130683"><ele>195.8</ele></trkpt>
      <trkpt lat="49.325755" lon="8.130680"><ele>195.2</ele></trkpt>
      <trkpt lat="49.325439" lon="8.130641"><ele>194.2</ele></trkpt>
      <trkpt lat="49.325242" lon="8.130588"><ele>193.8</ele></trkpt>
      <trkpt lat="49.325048" lon="8.130521"><ele>193.2</ele></trkpt>
      <trkpt lat="49.324399" lon="8.130236"><ele>193.2</ele></trkpt>
      <trkpt lat="49.324323" lon="8.130183"><ele>193.5</ele></trkpt>
      <trkpt lat="49.324047" lon="8.129869"><ele>194.0</ele></trkpt>
      <trkpt lat="49.323956" lon="8.129794"><ele>194.5</ele></trkpt>
      <trkpt lat="49.323844" lon="8.129757"><ele>195.0</ele></trkpt>
      <trkpt lat="49.323745" lon="8.129759"><ele>195.2</ele></trkpt>
      <trkpt lat="49.323133" lon="8.129877"><ele>196.0</ele></trkpt>
      <trkpt lat="49.322308" lon="8.130000"><ele>195.0</ele></trkpt>
      <trkpt lat="49.322129" lon="8.130041"><ele>194.8</ele></trkpt>
      <trkpt lat="49.321790" lon="8.130153"><ele>195.0</ele></trkpt>
      <trkpt lat="49.321173" lon="8.130329"><ele>195.8</ele></trkpt>
      <trkpt lat="49.321156" lon="8.130586"><ele>194.8</ele></trkpt>
      <trkpt lat="49.321154" lon="8.131110"><ele>193.0</ele></trkpt>
      <trkpt lat="49.321173" lon="8.131336"><ele>192.8</ele></trkpt>
      <trkpt lat="49.321206" lon="8.131621"><ele>192.0</ele></trkpt>
      <trkpt lat="49.321216" lon="8.131722"><ele>191.8</ele></trkpt>
      <trkpt lat="49.321218" lon="8.131833"><ele>191.2</ele></trkpt>
      <trkpt lat="49.321205" lon="8.132046"><ele>190.5</ele></trkpt>
      <trkpt lat="49.321186" lon="8.132211"><ele>190.0</ele></trkpt>
      <trkpt lat="49.321161" lon="8.132321"><ele>189.5</ele></trkpt>
      <trkpt lat="49.321097" lon="8.132494"><ele>189.0</ele></trkpt>
      <trkpt lat="49.321058" lon="8.132601"><ele>188.5</ele></trkpt>
      <trkpt lat="49.320919" lon="8.133027"><ele>187.0</ele></trkpt>
      <trkpt lat="49.320868" lon="8.133170"><ele>186.5</ele></trkpt>
      <trkpt lat="49.320834" lon="8.133303"><ele>186.0</ele></trkpt>
      <trkpt lat="49.320806" lon="8.133446"><ele>185.5</ele></trkpt>
      <trkpt lat="49.320796" lon="8.133568"><ele>185.2</ele></trkpt>
      <trkpt lat="49.320799" lon="8.133689"><ele>184.8</ele></trkpt>
      <trkpt lat="49.320819" lon="8.133771"><ele>184.2</ele></trkpt>
      <trkpt lat="49.320957" lon="8.134225"><ele>183.8</ele></trkpt>
      <trkpt lat="49.320978" lon="8.134334"><ele>183.2</ele></trkpt>
      <trkpt lat="49.320998" lon="8.134497"><ele>182.8</ele></trkpt>
      <trkpt lat="49.321018" lon="8.134864"><ele>181.8</ele></trkpt>
      <trkpt lat="49.321056" lon="8.135993"><ele>177.5</ele></trkpt>
      <trkpt lat="49.321058" lon="8.136037"><ele>177.2</ele></trkpt>
      <trkpt lat="49.321012" lon="8.136034"><ele>177.5</ele></trkpt>
      <trkpt lat="49.320735" lon="8.135959"><ele>178.0</ele></trkpt>
      <trkpt lat="49.320501" lon="8.135910"><ele>178.0</ele></trkpt>
      <trkpt lat="49.320415" lon="8.135900"><ele>178.0</ele></trkpt>
      <trkpt lat="49.320205" lon="8.135914"><ele>177.8</ele></trkpt>
      <trkpt lat="49.319830" lon="8.135946"><ele>177.5</ele></trkpt>
      <trkpt lat="49.319655" lon="8.135948"><ele>177.5</ele></trkpt>
      <trkpt lat="49.319460" lon="8.135923"><ele>177.5</ele></trkpt>
      <trkpt lat="49.319299" lon="8.135883"><ele>177.8</ele></trkpt>
      <trkpt lat="49.318860" lon="8.135573"><ele>178.8</ele></trkpt>
      <trkpt lat="49.318730" lon="8.135513"><ele>179.0</ele></trkpt>
      <trkpt lat="49.318670" lon="8.135497"><ele>179.0</ele></trkpt>
      <trkpt lat="49.318572" lon="8.135490"><ele>179.0</ele></trkpt>
      <trkpt lat="49.318215" lon="8.135513"><ele>179.0</ele></trkpt>
      <trkpt lat="49.317468" lon="8.135571"><ele>178.8</ele></trkpt>
      <trkpt lat="49.317126" lon="8.135597"><ele>178.0</ele></trkpt>
      <trkpt lat="49.316160" lon="8.135671"><ele>178.2</ele></trkpt>
      <trkpt lat="49.315829" lon="8.135680"><ele>178.5</ele></trkpt>
      <trkpt lat="49.315358" lon="8.135605"><ele>178.8</ele></trkpt>
      <trkpt lat="49.315199" lon="8.135594"><ele>179.0</ele></trkpt>
      <trkpt lat="49.315124" lon="8.135594"><ele>179.2</ele></trkpt>
      <trkpt lat="49.314587" lon="8.135656"><ele>179.8</ele></trkpt>
      <trkpt lat="49.314356" lon="8.135674"><ele>180.0</ele></trkpt>
      <trkpt lat="49.314236" lon="8.135666"><ele>180.2</ele></trkpt>
      <trkpt lat="49.314108" lon="8.135633"><ele>180.5</ele></trkpt>
      <trkpt lat="49.312718" lon="8.134910"><ele>180.2</ele></trkpt>
      <trkpt lat="49.312422" lon="8.134798"><ele>179.8</ele></trkpt>
      <trkpt lat="49.312028" lon="8.134774"><ele>179.0</ele></trkpt>
      <trkpt lat="49.311414" lon="8.134784"><ele>177.8</ele></trkpt>
      <trkpt lat="49.311308" lon="8.134787"><ele>177.8</ele></trkpt>
      <trkpt lat="49.310811" lon="8.134778"><ele>177.5</ele></trkpt>
      <trkpt lat="49.310506" lon="8.134751"><ele>177.0</ele></trkpt>
      <trkpt lat="49.310054" lon="8.134667"><ele>177.0</ele></trkpt>
      <trkpt lat="49.309907" lon="8.134626"><ele>177.0</ele></trkpt>
      <trkpt lat="49.309559" lon="8.134488"><ele>176.2</ele></trkpt>
      <trkpt lat="49.309492" lon="8.134451"><ele>176.0</ele></trkpt>
      <trkpt lat="49.309460" lon="8.134403"><ele>176.0</ele></trkpt>
      <trkpt lat="49.309424" lon="8.134297"><ele>176.2</ele></trkpt>
      <trkpt lat="49.309303" lon="8.134194"><ele>176.2</ele></trkpt>
      <trkpt lat="49.309274" lon="8.134186"><ele>176.2</ele></trkpt>
      <trkpt lat="49.309150" lon="8.134212"><ele>175.8</ele></trkpt>
      <trkpt lat="49.309111" lon="8.134240"><ele>175.8</ele></trkpt>
      <trkpt lat="49.309067" lon="8.134262"><ele>175.8</ele></trkpt>
      <trkpt lat="49.308977" lon="8.134272"><ele>175.5</ele></trkpt>
      <trkpt lat="49.308707" lon="8.134208"><ele>175.2</ele></trkpt>
      <trkpt lat="49.308561" lon="8.134146"><ele>174.8</ele></trkpt>
      <trkpt lat="49.308405" lon="8.134093"><ele>174.5</ele></trkpt>
      <trkpt lat="49.308148" lon="8.134052"><ele>174.0</ele></trkpt>
      <trkpt lat="49.307996" lon="8.134023"><ele>174.0</ele></trkpt>
      <trkpt lat="49.306683" lon="8.133800"><ele>173.0</ele></trkpt>
      <trkpt lat="49.306644" lon="8.133798"><ele>173.0</ele></trkpt>
      <trkpt lat="49.306605" lon="8.133692"><ele>173.0</ele></trkpt>
      <trkpt lat="49.306533" lon="8.133529"><ele>173.8</ele></trkpt>
      <trkpt lat="49.306486" lon="8.133421"><ele>174.0</ele></trkpt>
      <trkpt lat="49.306422" lon="8.133293"><ele>174.0</ele></trkpt>
      <trkpt lat="49.306284" lon="8.133066"><ele>174.5</ele></trkpt>
      <trkpt lat="49.305962" lon="8.132719"><ele>174.5</ele></trkpt>
      <trkpt lat="49.305948" lon="8.132642"><ele>174.5</ele></trkpt>
      <trkpt lat="49.305946" lon="8.132562"><ele>174.8</ele></trkpt>
      <trkpt lat="49.306065" lon="8.132008"><ele>175.8</ele></trkpt>
      <trkpt lat="49.306098" lon="8.131801"><ele>176.0</ele></trkpt>
      <trkpt lat="49.306091" lon="8.131721"><ele>176.0</ele></trkpt>
      <trkpt lat="49.306075" lon="8.131660"><ele>176.0</ele></trkpt>
      <trkpt lat="49.306008" lon="8.131572"><ele>176.5</ele></trkpt>
      <trkpt lat="49.305961" lon="8.131501"><ele>176.8</ele></trkpt>
      <trkpt lat="49.305903" lon="8.131427"><ele>176.8</ele></trkpt>
      <trkpt lat="49.305817" lon="8.131335"><ele>177.0</ele></trkpt>
      <trkpt lat="49.305828" lon="8.131292"><ele>177.2</ele></trkpt>
      <trkpt lat="49.306062" lon="8.130612"><ele>178.8</ele></trkpt>
      <trkpt lat="49.306136" lon="8.130419"><ele>179.5</ele></trkpt>
      <trkpt lat="49.306365" lon="8.129836"><ele>180.8</ele></trkpt>
      <trkpt lat="49.306649" lon="8.128866"><ele>183.8</ele></trkpt>
      <trkpt lat="49.306761" lon="8.128481"><ele>184.8</ele></trkpt>
      <trkpt lat="49.306816" lon="8.128296"><ele>185.5</ele></trkpt>
      <trkpt lat="49.306962" lon="8.127791"><ele>186.8</ele></trkpt>
      <trkpt lat="49.307149" lon="8.127164"><ele>188.8</ele></trkpt>
      <trkpt lat="49.307276" lon="8.126744"><ele>189.8</ele></trkpt>
      <trkpt lat="49.307335" lon="8.126546"><ele>190.5</ele></trkpt>
      <trkpt lat="49.307429" lon="8.126245"><ele>191.2</ele></trkpt>
      <trkpt lat="49.307457" lon="8.126148"><ele>192.0</ele></trkpt>
      <trkpt lat="49.307512" lon="8.125967"><ele>192.0</ele></trkpt>
      <trkpt lat="49.307591" lon="8.125676"><ele>192.8</ele></trkpt>
      <trkpt lat="49.308243" lon="8.123544"><ele>199.0</ele></trkpt>
      <trkpt lat="49.308368" lon="8.123122"><ele>200.8</ele></trkpt>
      <trkpt lat="49.308418" lon="8.122967"><ele>201.2</ele></trkpt>
      <trkpt lat="49.308450" lon="8.122892"><ele>201.5</ele></trkpt>
      <trkpt lat="49.308513" lon="8.122768"><ele>202.0</ele></trkpt>
      <trkpt lat="49.308644" lon="8.122491"><ele>202.0</ele></trkpt>
      <trkpt lat="49.308661" lon="8.122442"><ele>202.2</ele></trkpt>
      <trkpt lat="49.308677" lon="8.122341"><ele>202.5</ele></trkpt>
      <trkpt lat="49.308700" lon="8.121866"><ele>203.5</ele></trkpt>
      <trkpt lat="49.308708" lon="8.121389"><ele>204.2</ele></trkpt>
      <trkpt lat="49.308709" lon="8.121279"><ele>204.5</ele></trkpt>
      <trkpt lat="49.308671" lon="8.120540"><ele>206.2</ele></trkpt>
      <trkpt lat="49.308626" lon="8.119417"><ele>209.2</ele></trkpt>
      <trkpt lat="49.308622" lon="8.117927"><ele>214.5</ele></trkpt>
      <trkpt lat="49.308602" lon="8.117767"><ele>215.0</ele></trkpt>
      <trkpt lat="49.308573" lon="8.117609"><ele>216.0</ele></trkpt>
      <trkpt lat="49.308439" lon="8.117091"><ele>217.5</ele></trkpt>
      <trkpt lat="49.308287" lon="8.116455"><ele>218.5</ele></trkpt>
      <trkpt lat="49.308176" lon="8.115815"><ele>219.8</ele></trkpt>
      <trkpt lat="49.308152" lon="8.115574"><ele>220.5</ele></trkpt>
      <trkpt lat="49.308145" lon="8.115312"><ele>221.5</ele></trkpt>
      <trkpt lat="49.308151" lon="8.115180"><ele>222.0</ele></trkpt>
      <trkpt lat="49.308259" lon="8.114179"><ele>227.0</ele></trkpt>
      <trkpt lat="49.308264" lon="8.113958"><ele>228.0</ele></trkpt>
      <trkpt lat="49.308242" lon="8.113302"><ele>230.2</ele></trkpt>
      <trkpt lat="49.308245" lon="8.113146"><ele>231.0</ele></trkpt>
      <trkpt lat="49.308272" lon="8.112838"><ele>232.0</ele></trkpt>
      <trkpt lat="49.308326" lon="8.112539"><ele>233.8</ele></trkpt>
      <trkpt lat="49.308398" lon="8.112279"><ele>235.2</ele></trkpt>
      <trkpt lat="49.308616" lon="8.111672"><ele>240.0</ele></trkpt>
      <trkpt lat="49.308694" lon="8.111433"><ele>241.2</ele></trkpt>
      <trkpt lat="49.308727" lon="8.111310"><ele>242.0</ele></trkpt>
      <trkpt lat="49.308786" lon="8.111028"><ele>244.2</ele></trkpt>
      <trkpt lat="49.308852" lon="8.110553"><ele>247.5</ele></trkpt>
      <trkpt lat="49.308879" lon="8.110301"><ele>249.5</ele></trkpt>
      <trkpt lat="49.308928" lon="8.109903"><ele>252.5</ele></trkpt>
      <trkpt lat="49.308971" lon="8.109669"><ele>253.5</ele></trkpt>
      <trkpt lat="49.309096" lon="8.109163"><ele>255.8</ele></trkpt>
      <trkpt lat="49.309269" lon="8.108562"><ele>259.0</ele></trkpt>
      <trkpt lat="49.309314" lon="8.108340"><ele>260.8</ele></trkpt>
      <trkpt lat="49.309349" lon="8.108125"><ele>262.0</ele></trkpt>
      <trkpt lat="49.309386" lon="8.107814"><ele>264.0</ele></trkpt>
      <trkpt lat="49.309468" lon="8.106926"><ele>266.8</ele></trkpt>
      <trkpt lat="49.309497" lon="8.106721"><ele>267.5</ele></trkpt>
      <trkpt lat="49.309543" lon="8.106478"><ele>268.5</ele></trkpt>
      <trkpt lat="49.309938" lon="8.104888"><ele>275.8</ele></trkpt>
      <trkpt lat="49.310035" lon="8.104600"><ele>279.0</ele></trkpt>
      <trkpt lat="49.310106" lon="8.104434"><ele>281.2</ele></trkpt>
      <trkpt lat="49.310180" lon="8.104291"><ele>282.5</ele></trkpt>
      <trkpt lat="49.310656" lon="8.103562"><ele>288.8</ele></trkpt>
      <trkpt lat="49.310849" lon="8.103280"><ele>289.0</ele></trkpt>
      <trkpt lat="49.310962" lon="8.103078"><ele>290.8</ele></trkpt>
      <trkpt lat="49.311022" lon="8.102926"><ele>291.8</ele></trkpt>
      <trkpt lat="49.311075" lon="8.102721"><ele>293.5</ele></trkpt>
      <trkpt lat="49.311146" lon="8.102358"><ele>296.2</ele></trkpt>
      <trkpt lat="49.311178" lon="8.102228"><ele>296.5</ele></trkpt>
      <trkpt lat="49.311239" lon="8.102045"><ele>297.0</ele></trkpt>
      <trkpt lat="49.311393" lon="8.101709"><ele>301.0</ele></trkpt>
      <trkpt lat="49.311417" lon="8.101645"><ele>301.5</ele></trkpt>
      <trkpt lat="49.311468" lon="8.101455"><ele>302.5</ele></trkpt>
      <trkpt lat="49.311500" lon="8.101232"><ele>303.8</ele></trkpt>
      <trkpt lat="49.311497" lon="8.100945"><ele>304.2</ele></trkpt>
      <trkpt lat="49.311477" lon="8.100781"><ele>304.2</ele></trkpt>
      <trkpt lat="49.311478" lon="8.100723"><ele>304.5</ele></trkpt>
      <trkpt lat="49.311483" lon="8.100669"><ele>304.8</ele></trkpt>
      <trkpt lat="49.311494" lon="8.100630"><ele>305.5</ele></trkpt>
      <trkpt lat="49.311526" lon="8.100576"><ele>306.8</ele></trkpt>
      <trkpt lat="49.311548" lon="8.100565"><ele>307.5</ele></trkpt>
      <trkpt lat="49.311574" lon="8.100563"><ele>308.5</ele></trkpt>
      <trkpt lat="49.311627" lon="8.100602"><ele>310.2</ele></trkpt>
      <trkpt lat="49.311646" lon="8.100641"><ele>310.8</ele></trkpt>
      <trkpt lat="49.311662" lon="8.100710"><ele>311.2</ele></trkpt>
      <trkpt lat="49.311704" lon="8.101109"><ele>311.2</ele></trkpt>
      <trkpt lat="49.311782" lon="8.101514"><ele>312.8</ele></trkpt>
      <trkpt lat="49.311818" lon="8.101789"><ele>314.0</ele></trkpt>
      <trkpt lat="49.311827" lon="8.102040"><ele>314.8</ele></trkpt>
      <trkpt lat="49.311862" lon="8.102383"><ele>316.8</ele></trkpt>
      <trkpt lat="49.311942" lon="8.103386"><ele>322.0</ele></trkpt>
      <trkpt lat="49.311982" lon="8.104207"><ele>327.5</ele></trkpt>
      <trkpt lat="49.311980" lon="8.104409"><ele>328.8</ele></trkpt>
      <trkpt lat="49.311967" lon="8.104603"><ele>329.8</ele></trkpt>
      <trkpt lat="49.311937" lon="8.104834"><ele>331.0</ele></trkpt>
      <trkpt lat="49.311888" lon="8.105081"><ele>332.8</ele></trkpt>
      <trkpt lat="49.311822" lon="8.105300"><ele>334.0</ele></trkpt>
      <trkpt lat="49.311675" lon="8.105648"><ele>335.5</ele></trkpt>
      <trkpt lat="49.311644" lon="8.105719"><ele>335.8</ele></trkpt>
      <trkpt lat="49.311568" lon="8.105870"><ele>336.8</ele></trkpt>
      <trkpt lat="49.311348" lon="8.106226"><ele>337.2</ele></trkpt>
      <trkpt lat="49.311310" lon="8.106312"><ele>337.0</ele></trkpt>
      <trkpt lat="49.311271" lon="8.106433"><ele>337.0</ele></trkpt>
      <trkpt lat="49.311240" lon="8.106561"><ele>337.5</ele></trkpt>
      <trkpt lat="49.311227" lon="8.106676"><ele>338.2</ele></trkpt>
      <trkpt lat="49.311219" lon="8.106819"><ele>339.0</ele></trkpt>
      <trkpt lat="49.311226" lon="8.106971"><ele>340.0</ele></trkpt>
      <trkpt lat="49.311262" lon="8.107240"><ele>342.0</ele></trkpt>
      <trkpt lat="49.311297" lon="8.107419"><ele>343.0</ele></trkpt>
      <trkpt lat="49.311327" lon="8.107525"><ele>344.0</ele></trkpt>
      <trkpt lat="49.311395" lon="8.107666"><ele>345.8</ele></trkpt>
      <trkpt lat="49.311446" lon="8.107729"><ele>346.2</ele></trkpt>
      <trkpt lat="49.311966" lon="8.108056"><ele>354.2</ele></trkpt>
      <trkpt lat="49.312026" lon="8.108087"><ele>354.2</ele></trkpt>
      <trkpt lat="49.312170" lon="8.108123"><ele>355.8</ele></trkpt>
      <trkpt lat="49.312451" lon="8.108141"><ele>358.0</ele></trkpt>
      <trkpt lat="49.312619" lon="8.108111"><ele>359.2</ele></trkpt>
      <trkpt lat="49.312729" lon="8.108082"><ele>360.0</ele></trkpt>
      <trkpt lat="49.312840" lon="8.108037"><ele>360.5</ele></trkpt>
      <trkpt lat="49.312939" lon="8.107969"><ele>361.2</ele></trkpt>
      <trkpt lat="49.313077" lon="8.107843"><ele>363.2</ele></trkpt>
      <trkpt lat="49.313202" lon="8.107698"><ele>364.0</ele></trkpt>
      <trkpt lat="49.313287" lon="8.107570"><ele>365.2</ele></trkpt>
      <trkpt lat="49.313389" lon="8.107380"><ele>367.2</ele></trkpt>
      <trkpt lat="49.313492" lon="8.107151"><ele>369.2</ele></trkpt>
      <trkpt lat="49.313640" lon="8.106781"><ele>371.5</ele></trkpt>
      <trkpt lat="49.313746" lon="8.106448"><ele>374.2</ele></trkpt>
      <trkpt lat="49.313842" lon="8.106102"><ele>375.8</ele></trkpt>
      <trkpt lat="49.313884" lon="8.105892"><ele>376.5</ele></trkpt>
      <trkpt lat="49.313901" lon="8.105724"><ele>377.0</ele></trkpt>
      <trkpt lat="49.313897" lon="8.105563"><ele>378.5</ele></trkpt>
      <trkpt lat="49.313877" lon="8.105418"><ele>378.8</ele></trkpt>
      <trkpt lat="49.313841" lon="8.105299"><ele>379.8</ele></trkpt>
      <trkpt lat="49.313747" lon="8.105113"><ele>382.0</ele></trkpt>
      <trkpt lat="49.313703" lon="8.104997"><ele>382.2</ele></trkpt>
      <trkpt lat="49.313691" lon="8.104928"><ele>382.8</ele></trkpt>
      <trkpt lat="49.313689" lon="8.104787"><ele>383.2</ele></trkpt>
      <trkpt lat="49.313721" lon="8.104413"><ele>384.8</ele></trkpt>
      <trkpt lat="49.313729" lon="8.104299"><ele>385.5</ele></trkpt>
      <trkpt lat="49.313729" lon="8.104147"><ele>386.5</ele></trkpt>
      <trkpt lat="49.313714" lon="8.103989"><ele>388.0</ele></trkpt>
      <trkpt lat="49.313639" lon="8.103635"><ele>391.2</ele></trkpt>
      <trkpt lat="49.313598" lon="8.103375"><ele>393.8</ele></trkpt>
      <trkpt lat="49.313553" lon="8.102706"><ele>398.5</ele></trkpt>
      <trkpt lat="49.313525" lon="8.102119"><ele>401.8</ele></trkpt>
      <trkpt lat="49.313509" lon="8.101642"><ele>403.8</ele></trkpt>
      <trkpt lat="49.313507" lon="8.101386"><ele>405.5</ele></trkpt>
      <trkpt lat="49.313518" lon="8.100864"><ele>408.8</ele></trkpt>
      <trkpt lat="49.313530" lon="8.100650"><ele>410.8</ele></trkpt>
      <trkpt lat="49.313551" lon="8.100462"><ele>412.5</ele></trkpt>
      <trkpt lat="49.313700" lon="8.099481"><ele>417.2</ele></trkpt>
      <trkpt lat="49.313719" lon="8.099306"><ele>417.8</ele></trkpt>
      <trkpt lat="49.313726" lon="8.099155"><ele>417.8</ele></trkpt>
      <trkpt lat="49.313726" lon="8.098979"><ele>419.2</ele></trkpt>
      <trkpt lat="49.313717" lon="8.098831"><ele>420.2</ele></trkpt>
      <trkpt lat="49.313681" lon="8.098474"><ele>422.0</ele></trkpt>
      <trkpt lat="49.313672" lon="8.098284"><ele>423.2</ele></trkpt>
      <trkpt lat="49.313667" lon="8.097959"><ele>425.0</ele></trkpt>
      <trkpt lat="49.313650" lon="8.097674"><ele>426.5</ele></trkpt>
      <trkpt lat="49.313574" lon="8.096653"><ele>431.5</ele></trkpt>
      <trkpt lat="49.313564" lon="8.096277"><ele>433.2</ele></trkpt>
      <trkpt lat="49.313585" lon="8.095792"><ele>435.5</ele></trkpt>
      <trkpt lat="49.313605" lon="8.095572"><ele>437.5</ele></trkpt>
      <trkpt lat="49.313637" lon="8.095331"><ele>438.2</ele></trkpt>
      <trkpt lat="49.313680" lon="8.095127"><ele>439.2</ele></trkpt>
      <trkpt lat="49.313731" lon="8.094936"><ele>440.5</ele></trkpt>
      <trkpt lat="49.313847" lon="8.094567"><ele>443.2</ele></trkpt>
      <trkpt lat="49.314037" lon="8.094026"><ele>446.0</ele></trkpt>
      <trkpt lat="49.314325" lon="8.093298"><ele>449.8</ele></trkpt>
      <trkpt lat="49.314405" lon="8.093119"><ele>451.0</ele></trkpt>
      <trkpt lat="49.314517" lon="8.092908"><ele>452.5</ele></trkpt>
      <trkpt lat="49.314730" lon="8.092467"><ele>455.8</ele></trkpt>
      <trkpt lat="49.314840" lon="8.092205"><ele>457.5</ele></trkpt>
      <trkpt lat="49.315335" lon="8.090899"><ele>464.8</ele></trkpt>
      <trkpt lat="49.315544" lon="8.090388"><ele>468.0</ele></trkpt>
      <trkpt lat="49.315675" lon="8.090087"><ele>469.8</ele></trkpt>
      <trkpt lat="49.315801" lon="8.089810"><ele>471.5</ele></trkpt>
      <trkpt lat="49.316156" lon="8.089094"><ele>476.5</ele></trkpt>
      <trkpt lat="49.316220" lon="8.088979"><ele>477.0</ele></trkpt>
      <trkpt lat="49.316535" lon="8.088492"><ele>482.2</ele></trkpt>
      <trkpt lat="49.316590" lon="8.088354"><ele>483.2</ele></trkpt>
      <trkpt lat="49.316606" lon="8.088277"><ele>484.0</ele></trkpt>
      <trkpt lat="49.316615" lon="8.088154"><ele>484.8</ele></trkpt>
      <trkpt lat="49.316605" lon="8.088091"><ele>484.8</ele></trkpt>
      <trkpt lat="49.316571" lon="8.087976"><ele>484.8</ele></trkpt>
      <trkpt lat="49.316501" lon="8.087820"><ele>484.8</ele></trkpt>
      <trkpt lat="49.316448" lon="8.087733"><ele>485.5</ele></trkpt>
      <trkpt lat="49.316386" lon="8.087655"><ele>486.8</ele></trkpt>
      <trkpt lat="49.316336" lon="8.087611"><ele>487.2</ele></trkpt>
      <trkpt lat="49.316021" lon="8.087428"><ele>488.2</ele></trkpt>
      <trkpt lat="49.315759" lon="8.087219"><ele>492.8</ele></trkpt>
      <trkpt lat="49.315592" lon="8.087162"><ele>493.8</ele></trkpt>
      <trkpt lat="49.315523" lon="8.087153"><ele>494.0</ele></trkpt>
      <trkpt lat="49.315290" lon="8.087164"><ele>495.5</ele></trkpt>
      <trkpt lat="49.314929" lon="8.087198"><ele>498.5</ele></trkpt>
      <trkpt lat="49.314819" lon="8.087213"><ele>499.8</ele></trkpt>
      <trkpt lat="49.314598" lon="8.087261"><ele>501.2</ele></trkpt>
      <trkpt lat="49.314500" lon="8.087270"><ele>502.2</ele></trkpt>
      <trkpt lat="49.313944" lon="8.087303"><ele>507.2</ele></trkpt>
      <trkpt lat="49.313561" lon="8.087313"><ele>510.2</ele></trkpt>
      <trkpt lat="49.313440" lon="8.087319"><ele>512.0</ele></trkpt>
      <trkpt lat="49.313341" lon="8.087344"><ele>513.0</ele></trkpt>
      <trkpt lat="49.313169" lon="8.087409"><ele>514.2</ele></trkpt>
      <trkpt lat="49.312715" lon="8.087696"><ele>518.0</ele></trkpt>
      <trkpt lat="49.311694" lon="8.088435"><ele>527.0</ele></trkpt>
      <trkpt lat="49.311606" lon="8.088453"><ele>528.0</ele></trkpt>
      <trkpt lat="49.311568" lon="8.088447"><ele>528.5</ele></trkpt>
      <trkpt lat="49.311524" lon="8.088425"><ele>529.0</ele></trkpt>
      <trkpt lat="49.311472" lon="8.088365"><ele>529.8</ele></trkpt>
      <trkpt lat="49.311420" lon="8.088259"><ele>530.8</ele></trkpt>
      <trkpt lat="49.311409" lon="8.088209"><ele>531.0</ele></trkpt>
      <trkpt lat="49.311406" lon="8.088149"><ele>531.2</ele></trkpt>
      <trkpt lat="49.311414" lon="8.088082"><ele>531.5</ele></trkpt>
      <trkpt lat="49.311453" lon="8.087931"><ele>531.8</ele></trkpt>
      <trkpt lat="49.311486" lon="8.087850"><ele>531.8</ele></trkpt>
      <trkpt lat="49.311589" lon="8.087649"><ele>531.8</ele></trkpt>
      <trkpt lat="49.312080" lon="8.086844"><ele>534.5</ele></trkpt>
      <trkpt lat="49.312162" lon="8.086724"><ele>535.0</ele></trkpt>
      <trkpt lat="49.312234" lon="8.086587"><ele>535.2</ele></trkpt>
      <trkpt lat="49.312277" lon="8.086459"><ele>535.8</ele></trkpt>
      <trkpt lat="49.312370" lon="8.085964"><ele>538.2</ele></trkpt>
      <trkpt lat="49.312491" lon="8.085530"><ele>540.0</ele></trkpt>
      <trkpt lat="49.312660" lon="8.085065"><ele>542.5</ele></trkpt>
      <trkpt lat="49.312727" lon="8.084903"><ele>543.2</ele></trkpt>
      <trkpt lat="49.312848" lon="8.084646"><ele>545.0</ele></trkpt>
      <trkpt lat="49.312897" lon="8.084580"><ele>546.0</ele></trkpt>
      <trkpt lat="49.312946" lon="8.084531"><ele>547.0</ele></trkpt>
      <trkpt lat="49.313007" lon="8.084495"><ele>547.8</ele></trkpt>
      <trkpt lat="49.313085" lon="8.084470"><ele>548.5</ele></trkpt>
      <trkpt lat="49.313205" lon="8.084446"><ele>549.5</ele></trkpt>
      <trkpt lat="49.313340" lon="8.084434"><ele>550.2</ele></trkpt>
      <trkpt lat="49.313730" lon="8.084425"><ele>553.8</ele></trkpt>
      <trkpt lat="49.313861" lon="8.084402"><ele>554.8</ele></trkpt>
      <trkpt lat="49.314008" lon="8.084356"><ele>555.8</ele></trkpt>
      <trkpt lat="49.314165" lon="8.084273"><ele>557.0</ele></trkpt>
      <trkpt lat="49.314315" lon="8.084177"><ele>558.2</ele></trkpt>
      <trkpt lat="49.314672" lon="8.083868"><ele>561.8</ele></trkpt>
      <trkpt lat="49.314852" lon="8.083754"><ele>564.0</ele></trkpt>
      <trkpt lat="49.314974" lon="8.083704"><ele>565.2</ele></trkpt>
      <trkpt lat="49.315316" lon="8.083662"><ele>567.8</ele></trkpt>
      <trkpt lat="49.316233" lon="8.083698"><ele>575.2</ele></trkpt>
      <trkpt lat="49.316406" lon="8.083720"><ele>577.0</ele></trkpt>
      <trkpt lat="49.316615" lon="8.083761"><ele>578.2</ele></trkpt>
      <trkpt lat="49.316979" lon="8.083865"><ele>580.2</ele></trkpt>
      <trkpt lat="49.317151" lon="8.083934"><ele>582.0</ele></trkpt>
      <trkpt lat="49.317458" lon="8.084082"><ele>584.5</ele></trkpt>
      <trkpt lat="49.317579" lon="8.084162"><ele>585.8</ele></trkpt>
      <trkpt lat="49.317924" lon="8.084420"><ele>590.8</ele></trkpt>
      <trkpt lat="49.319008" lon="8.085258"><ele>598.8</ele></trkpt>
      <trkpt lat="49.319223" lon="8.085441"><ele>598.0</ele></trkpt>
      <trkpt lat="49.319331" lon="8.085545"><ele>597.0</ele></trkpt>
      <trkpt lat="49.319351" lon="8.085565"><ele>597.0</ele></trkpt>
      <trkpt lat="49.319431" lon="8.085659"><ele>596.8</ele></trkpt>
      <trkpt lat="49.319489" lon="8.085761"><ele>596.2</ele></trkpt>
      <trkpt lat="49.319552" lon="8.085892"><ele>595.5</ele></trkpt>
      <trkpt lat="49.319630" lon="8.086100"><ele>593.8</ele></trkpt>
      <trkpt lat="49.319709" lon="8.086345"><ele>592.2</ele></trkpt>
      <trkpt lat="49.319769" lon="8.086493"><ele>591.5</ele></trkpt>
      <trkpt lat="49.319830" lon="8.086605"><ele>591.5</ele></trkpt>
      <trkpt lat="49.320052" lon="8.086930"><ele>588.5</ele></trkpt>
      <trkpt lat="49.320078" lon="8.086959"><ele>588.2</ele></trkpt>
      <trkpt lat="49.320188" lon="8.087086"><ele>586.8</ele></trkpt>
      <trkpt lat="49.320305" lon="8.087193"><ele>586.0</ele></trkpt>
      <trkpt lat="49.320414" lon="8.087268"><ele>584.8</ele></trkpt>
      <trkpt lat="49.320579" lon="8.087354"><ele>583.8</ele></trkpt>
      <trkpt lat="49.320735" lon="8.087418"><ele>583.0</ele></trkpt>
      <trkpt lat="49.320869" lon="8.087464"><ele>582.5</ele></trkpt>
      <trkpt lat="49.321052" lon="8.087510"><ele>581.0</ele></trkpt>
      <trkpt lat="49.321100" lon="8.087503"><ele>580.8</ele></trkpt>
      <trkpt lat="49.321147" lon="8.087485"><ele>580.5</ele></trkpt>
      <trkpt lat="49.321230" lon="8.087413"><ele>580.0</ele></trkpt>
      <trkpt lat="49.321264" lon="8.087363"><ele>579.5</ele></trkpt>
      <trkpt lat="49.321292" lon="8.087306"><ele>579.2</ele></trkpt>
      <trkpt lat="49.321314" lon="8.087242"><ele>578.8</ele></trkpt>
      <trkpt lat="49.321335" lon="8.087102"><ele>577.8</ele></trkpt>
      <trkpt lat="49.321273" lon="8.085154"><ele>572.8</ele></trkpt>
      <trkpt lat="49.321271" lon="8.084797"><ele>572.0</ele></trkpt>
      <trkpt lat="49.321279" lon="8.084572"><ele>571.5</ele></trkpt>
      <trkpt lat="49.321297" lon="8.084347"><ele>570.8</ele></trkpt>
      <trkpt lat="49.321324" lon="8.084126"><ele>570.5</ele></trkpt>
      <trkpt lat="49.321357" lon="8.083926"><ele>570.2</ele></trkpt>
      <trkpt lat="49.321398" lon="8.083730"><ele>570.2</ele></trkpt>
      <trkpt lat="49.321446" lon="8.083538"><ele>570.0</ele></trkpt>
      <trkpt lat="49.321531" lon="8.083285"><ele>569.5</ele></trkpt>
      <trkpt lat="49.321659" lon="8.082970"><ele>568.5</ele></trkpt>
      <trkpt lat="49.321740" lon="8.082807"><ele>567.2</ele></trkpt>
      <trkpt lat="49.321838" lon="8.082637"><ele>566.8</ele></trkpt>
      <trkpt lat="49.321943" lon="8.082494"><ele>566.0</ele></trkpt>
      <trkpt lat="49.322384" lon="8.082003"><ele>562.5</ele></trkpt>
      <trkpt lat="49.322451" lon="8.081909"><ele>562.0</ele></trkpt>
      <trkpt lat="49.322502" lon="8.081799"><ele>561.2</ele></trkpt>
      <trkpt lat="49.322544" lon="8.081670"><ele>561.2</ele></trkpt>
      <trkpt lat="49.322566" lon="8.081553"><ele>560.8</ele></trkpt>
      <trkpt lat="49.322587" lon="8.081423"><ele>560.0</ele></trkpt>
      <trkpt lat="49.322591" lon="8.081287"><ele>559.2</ele></trkpt>
      <trkpt lat="49.322582" lon="8.081150"><ele>558.5</ele></trkpt>
      <trkpt lat="49.322564" lon="8.081024"><ele>557.5</ele></trkpt>
      <trkpt lat="49.322307" lon="8.080019"><ele>553.8</ele></trkpt>
      <trkpt lat="49.322228" lon="8.079607"><ele>551.0</ele></trkpt>
      <trkpt lat="49.322096" lon="8.078741"><ele>547.0</ele></trkpt>
      <trkpt lat="49.322065" lon="8.078460"><ele>546.2</ele></trkpt>
      <trkpt lat="49.322044" lon="8.078205"><ele>545.8</ele></trkpt>
      <trkpt lat="49.322036" lon="8.078009"><ele>545.2</ele></trkpt>
      <trkpt lat="49.322045" lon="8.077817"><ele>544.8</ele></trkpt>
      <trkpt lat="49.322071" lon="8.077621"><ele>544.0</ele></trkpt>
      <trkpt lat="49.322138" lon="8.077241"><ele>541.5</ele></trkpt>
      <trkpt lat="49.322173" lon="8.076990"><ele>540.2</ele></trkpt>
      <trkpt lat="49.322218" lon="8.076558"><ele>539.0</ele></trkpt>
      <trkpt lat="49.322242" lon="8.076228"><ele>537.5</ele></trkpt>
      <trkpt lat="49.322244" lon="8.076003"><ele>536.8</ele></trkpt>
      <trkpt lat="49.322218" lon="8.075646"><ele>535.8</ele></trkpt>
      <trkpt lat="49.322187" lon="8.075455"><ele>534.8</ele></trkpt>
      <trkpt lat="49.322143" lon="8.075270"><ele>533.8</ele></trkpt>
      <trkpt lat="49.322095" lon="8.075121"><ele>533.2</ele></trkpt>
      <trkpt lat="49.322035" lon="8.074999"><ele>533.0</ele></trkpt>
      <trkpt lat="49.321893" lon="8.074758"><ele>531.5</ele></trkpt>
      <trkpt lat="49.321721" lon="8.074513"><ele>529.8</ele></trkpt>
      <trkpt lat="49.321439" lon="8.074168"><ele>527.2</ele></trkpt>
      <trkpt lat="49.321032" lon="8.073774"><ele>524.2</ele></trkpt>
      <trkpt lat="49.320574" lon="8.073293"><ele>520.8</ele></trkpt>
      <trkpt lat="49.320456" lon="8.073149"><ele>520.0</ele></trkpt>
      <trkpt lat="49.319984" lon="8.072516"><ele>516.5</ele></trkpt>
      <trkpt lat="49.319890" lon="8.072378"><ele>515.5</ele></trkpt>
      <trkpt lat="49.319694" lon="8.072012"><ele>513.2</ele></trkpt>
      <trkpt lat="49.319615" lon="8.071825"><ele>512.2</ele></trkpt>
      <trkpt lat="49.319529" lon="8.071588"><ele>510.8</ele></trkpt>
      <trkpt lat="49.319472" lon="8.071404"><ele>509.2</ele></trkpt>
      <trkpt lat="49.319403" lon="8.071148"><ele>508.2</ele></trkpt>
      <trkpt lat="49.319368" lon="8.070967"><ele>507.2</ele></trkpt>
      <trkpt lat="49.319354" lon="8.070821"><ele>506.0</ele></trkpt>
      <trkpt lat="49.319342" lon="8.070485"><ele>505.5</ele></trkpt>
      <trkpt lat="49.319316" lon="8.070193"><ele>503.8</ele></trkpt>
      <trkpt lat="49.319281" lon="8.069929"><ele>502.0</ele></trkpt>
      <trkpt lat="49.319140" lon="8.069224"><ele>498.2</ele></trkpt>
      <trkpt lat="49.318923" lon="8.068275"><ele>492.5</ele></trkpt>
      <trkpt lat="49.318870" lon="8.068095"><ele>491.8</ele></trkpt>
      <trkpt lat="49.318706" lon="8.067677"><ele>489.2</ele></trkpt>
      <trkpt lat="49.318590" lon="8.067459"><ele>488.5</ele></trkpt>
      <trkpt lat="49.318271" lon="8.066967"><ele>485.0</ele></trkpt>
      <trkpt lat="49.318134" lon="8.066781"><ele>483.8</ele></trkpt>
      <trkpt lat="49.318078" lon="8.066690"><ele>483.0</ele></trkpt>
      <trkpt lat="49.318019" lon="8.066573"><ele>482.5</ele></trkpt>
      <trkpt lat="49.317975" lon="8.066433"><ele>481.5</ele></trkpt>
      <trkpt lat="49.317940" lon="8.066273"><ele>481.0</ele></trkpt>
      <trkpt lat="49.317933" lon="8.066159"><ele>480.8</ele></trkpt>
      <trkpt lat="49.317943" lon="8.065990"><ele>480.0</ele></trkpt>
      <trkpt lat="49.318000" lon="8.065596"><ele>478.2</ele></trkpt>
      <trkpt lat="49.317989" lon="8.065528"><ele>478.5</ele></trkpt>
      <trkpt lat="49.317970" lon="8.065465"><ele>478.8</ele></trkpt>
      <trkpt lat="49.317941" lon="8.065409"><ele>479.0</ele></trkpt>
      <trkpt lat="49.317906" lon="8.065363"><ele>479.2</ele></trkpt>
      <trkpt lat="49.317109" lon="8.064820"><ele>474.0</ele></trkpt>
      <trkpt lat="49.316893" lon="8.064691"><ele>472.2</ele></trkpt>
      <trkpt lat="49.316790" lon="8.064642"><ele>471.2</ele></trkpt>
      <trkpt lat="49.316669" lon="8.064606"><ele>470.0</ele></trkpt>
      <trkpt lat="49.316170" lon="8.064562"><ele>467.5</ele></trkpt>
      <trkpt lat="49.315974" lon="8.064497"><ele>466.0</ele></trkpt>
      <trkpt lat="49.315808" lon="8.064400"><ele>464.8</ele></trkpt>
      <trkpt lat="49.315655" lon="8.064271"><ele>463.8</ele></trkpt>
      <trkpt lat="49.315176" lon="8.063828"><ele>459.5</ele></trkpt>
      <trkpt lat="49.314946" lon="8.063634"><ele>457.5</ele></trkpt>
      <trkpt lat="49.314652" lon="8.063405"><ele>455.2</ele></trkpt>
      <trkpt lat="49.314536" lon="8.063330"><ele>454.5</ele></trkpt>
      <trkpt lat="49.314292" lon="8.063202"><ele>453.0</ele></trkpt>
      <trkpt lat="49.314165" lon="8.063151"><ele>452.2</ele></trkpt>
      <trkpt lat="49.314036" lon="8.063120"><ele>451.5</ele></trkpt>
      <trkpt lat="49.313906" lon="8.063101"><ele>450.8</ele></trkpt>
      <trkpt lat="49.313771" lon="8.063095"><ele>449.8</ele></trkpt>
      <trkpt lat="49.313635" lon="8.063102"><ele>449.0</ele></trkpt>
      <trkpt lat="49.313165" lon="8.063159"><ele>445.5</ele></trkpt>
      <trkpt lat="49.312883" lon="8.063144"><ele>443.5</ele></trkpt>
      <trkpt lat="49.312408" lon="8.063032"><ele>439.2</ele></trkpt>
      <trkpt lat="49.312278" lon="8.063006"><ele>438.5</ele></trkpt>
      <trkpt lat="49.312155" lon="8.062996"><ele>437.8</ele></trkpt>
      <trkpt lat="49.311784" lon="8.063011"><ele>434.5</ele></trkpt>
      <trkpt lat="49.311120" lon="8.063093"><ele>430.0</ele></trkpt>
      <trkpt lat="49.310635" lon="8.063136"><ele>427.2</ele></trkpt>
      <trkpt lat="49.309902" lon="8.063266"><ele>422.0</ele></trkpt>
      <trkpt lat="49.309614" lon="8.063320"><ele>419.0</ele></trkpt>
      <trkpt lat="49.309382" lon="8.063384"><ele>417.0</ele></trkpt>
      <trkpt lat="49.309213" lon="8.063454"><ele>415.8</ele></trkpt>
      <trkpt lat="49.309031" lon="8.063573"><ele>414.8</ele></trkpt>
      <trkpt lat="49.308642" lon="8.063874"><ele>410.5</ele></trkpt>
      <trkpt lat="49.308442" lon="8.064081"><ele>409.8</ele></trkpt>
      <trkpt lat="49.308210" lon="8.064398"><ele>408.0</ele></trkpt>
      <trkpt lat="49.307564" lon="8.065405"><ele>400.8</ele></trkpt>
      <trkpt lat="49.307424" lon="8.065692"><ele>400.0</ele></trkpt>
      <trkpt lat="49.307320" lon="8.065936"><ele>398.8</ele></trkpt>
      <trkpt lat="49.306997" lon="8.066746"><ele>393.2</ele></trkpt>
      <trkpt lat="49.306749" lon="8.067347"><ele>390.8</ele></trkpt>
      <trkpt lat="49.306453" lon="8.068026"><ele>388.2</ele></trkpt>
      <trkpt lat="49.306274" lon="8.068521"><ele>385.8</ele></trkpt>
      <trkpt lat="49.306202" lon="8.068785"><ele>384.0</ele></trkpt>
      <trkpt lat="49.306137" lon="8.069120"><ele>381.0</ele></trkpt>
      <trkpt lat="49.305959" lon="8.070494"><ele>376.5</ele></trkpt>
      <trkpt lat="49.305909" lon="8.070776"><ele>373.5</ele></trkpt>
      <trkpt lat="49.305570" lon="8.072281"><ele>363.2</ele></trkpt>
      <trkpt lat="49.305540" lon="8.072420"><ele>362.5</ele></trkpt>
      <trkpt lat="49.305461" lon="8.072850"><ele>363.0</ele></trkpt>
      <trkpt lat="49.305411" lon="8.073215"><ele>362.0</ele></trkpt>
      <trkpt lat="49.305381" lon="8.073472"><ele>361.5</ele></trkpt>
      <trkpt lat="49.305347" lon="8.073839"><ele>360.8</ele></trkpt>
      <trkpt lat="49.305354" lon="8.074102"><ele>360.0</ele></trkpt>
      <trkpt lat="49.305372" lon="8.074377"><ele>359.0</ele></trkpt>
      <trkpt lat="49.305418" lon="8.074739"><ele>356.8</ele></trkpt>
      <trkpt lat="49.305470" lon="8.075074"><ele>354.2</ele></trkpt>
      <trkpt lat="49.305756" lon="8.076181"><ele>348.2</ele></trkpt>
      <trkpt lat="49.305825" lon="8.076513"><ele>346.2</ele></trkpt>
      <trkpt lat="49.305862" lon="8.076782"><ele>345.8</ele></trkpt>
      <trkpt lat="49.305878" lon="8.077042"><ele>345.0</ele></trkpt>
      <trkpt lat="49.305863" lon="8.077297"><ele>343.8</ele></trkpt>
      <trkpt lat="49.305827" lon="8.077717"><ele>339.8</ele></trkpt>
      <trkpt lat="49.305800" lon="8.077956"><ele>339.0</ele></trkpt>
      <trkpt lat="49.305746" lon="8.078362"><ele>336.8</ele></trkpt>
      <trkpt lat="49.305713" lon="8.078554"><ele>336.2</ele></trkpt>
      <trkpt lat="49.305623" lon="8.078966"><ele>335.0</ele></trkpt>
      <trkpt lat="49.305522" lon="8.079358"><ele>332.5</ele></trkpt>
      <trkpt lat="49.305482" lon="8.079508"><ele>332.5</ele></trkpt>
      <trkpt lat="49.305194" lon="8.080531"><ele>327.2</ele></trkpt>
      <trkpt lat="49.305105" lon="8.080835"><ele>327.2</ele></trkpt>
      <trkpt lat="49.305041" lon="8.081002"><ele>326.2</ele></trkpt>
      <trkpt lat="49.304935" lon="8.081244"><ele>326.0</ele></trkpt>
      <trkpt lat="49.304811" lon="8.081496"><ele>325.2</ele></trkpt>
      <trkpt lat="49.304585" lon="8.081888"><ele>322.8</ele></trkpt>
      <trkpt lat="49.304282" lon="8.082328"><ele>320.2</ele></trkpt>
      <trkpt lat="49.304180" lon="8.082484"><ele>319.2</ele></trkpt>
      <trkpt lat="49.304084" lon="8.082649"><ele>319.2</ele></trkpt>
      <trkpt lat="49.303994" lon="8.082820"><ele>318.5</ele></trkpt>
      <trkpt lat="49.303832" lon="8.083185"><ele>315.2</ele></trkpt>
      <trkpt lat="49.303760" lon="8.083377"><ele>314.0</ele></trkpt>
      <trkpt lat="49.303638" lon="8.083776"><ele>312.8</ele></trkpt>
      <trkpt lat="49.303544" lon="8.084193"><ele>313.0</ele></trkpt>
      <trkpt lat="49.303442" lon="8.084872"><ele>310.0</ele></trkpt>
      <trkpt lat="49.303410" lon="8.085021"><ele>309.2</ele></trkpt>
      <trkpt lat="49.303372" lon="8.085167"><ele>308.8</ele></trkpt>
      <trkpt lat="49.303280" lon="8.085431"><ele>307.0</ele></trkpt>
      <trkpt lat="49.303225" lon="8.085555"><ele>306.2</ele></trkpt>
      <trkpt lat="49.303076" lon="8.085833"><ele>304.8</ele></trkpt>
      <trkpt lat="49.302507" lon="8.086751"><ele>300.2</ele></trkpt>
      <trkpt lat="49.302420" lon="8.086903"><ele>300.0</ele></trkpt>
      <trkpt lat="49.302356" lon="8.087045"><ele>300.0</ele></trkpt>
      <trkpt lat="49.302316" lon="8.087152"><ele>300.2</ele></trkpt>
      <trkpt lat="49.302271" lon="8.087300"><ele>300.5</ele></trkpt>
      <trkpt lat="49.302119" lon="8.087898"><ele>298.2</ele></trkpt>
      <trkpt lat="49.302070" lon="8.088139"><ele>297.5</ele></trkpt>
      <trkpt lat="49.302027" lon="8.088400"><ele>297.0</ele></trkpt>
      <trkpt lat="49.301940" lon="8.089055"><ele>293.2</ele></trkpt>
      <trkpt lat="49.301907" lon="8.089250"><ele>293.5</ele></trkpt>
      <trkpt lat="49.301863" lon="8.089461"><ele>293.8</ele></trkpt>
      <trkpt lat="49.301614" lon="8.090335"><ele>290.8</ele></trkpt>
      <trkpt lat="49.301424" lon="8.090951"><ele>289.0</ele></trkpt>
      <trkpt lat="49.301361" lon="8.091217"><ele>288.8</ele></trkpt>
      <trkpt lat="49.301312" lon="8.091504"><ele>287.5</ele></trkpt>
      <trkpt lat="49.301267" lon="8.092179"><ele>288.0</ele></trkpt>
      <trkpt lat="49.301241" lon="8.092321"><ele>288.2</ele></trkpt>
      <trkpt lat="49.301174" lon="8.092588"><ele>287.0</ele></trkpt>
      <trkpt lat="49.301014" lon="8.092984"><ele>283.5</ele></trkpt>
      <trkpt lat="49.300954" lon="8.093192"><ele>282.8</ele></trkpt>
      <trkpt lat="49.300923" lon="8.093364"><ele>282.0</ele></trkpt>
      <trkpt lat="49.300751" lon="8.094245"><ele>278.2</ele></trkpt>
      <trkpt lat="49.300725" lon="8.094432"><ele>277.2</ele></trkpt>
      <trkpt lat="49.300708" lon="8.094628"><ele>276.5</ele></trkpt>
      <trkpt lat="49.300709" lon="8.094792"><ele>276.2</ele></trkpt>
      <trkpt lat="49.300722" lon="8.095103"><ele>275.5</ele></trkpt>
      <trkpt lat="49.300716" lon="8.095291"><ele>274.2</ele></trkpt>
      <trkpt lat="49.300695" lon="8.095577"><ele>271.2</ele></trkpt>
      <trkpt lat="49.300689" lon="8.095782"><ele>270.0</ele></trkpt>
      <trkpt lat="49.300712" lon="8.095996"><ele>269.2</ele></trkpt>
      <trkpt lat="49.300776" lon="8.096336"><ele>267.8</ele></trkpt>
      <trkpt lat="49.300862" lon="8.096704"><ele>266.0</ele></trkpt>
      <trkpt lat="49.300891" lon="8.096876"><ele>266.8</ele></trkpt>
      <trkpt lat="49.300924" lon="8.097244"><ele>266.5</ele></trkpt>
      <trkpt lat="49.300930" lon="8.097453"><ele>265.8</ele></trkpt>
      <trkpt lat="49.300929" lon="8.097642"><ele>265.5</ele></trkpt>
      <trkpt lat="49.300916" lon="8.097884"><ele>264.5</ele></trkpt>
      <trkpt lat="49.300897" lon="8.098084"><ele>263.2</ele></trkpt>
      <trkpt lat="49.300871" lon="8.098278"><ele>263.0</ele></trkpt>
      <trkpt lat="49.300767" lon="8.098902"><ele>261.0</ele></trkpt>
      <trkpt lat="49.300746" lon="8.099052"><ele>260.2</ele></trkpt>
      <trkpt lat="49.300735" lon="8.099222"><ele>259.2</ele></trkpt>
      <trkpt lat="49.300734" lon="8.099357"><ele>258.5</ele></trkpt>
      <trkpt lat="49.300742" lon="8.099490"><ele>258.0</ele></trkpt>
      <trkpt lat="49.300759" lon="8.099635"><ele>257.5</ele></trkpt>
      <trkpt lat="49.300996" lon="8.100893"><ele>254.8</ele></trkpt>
      <trkpt lat="49.301082" lon="8.101240"><ele>253.5</ele></trkpt>
      <trkpt lat="49.301175" lon="8.101671"><ele>252.0</ele></trkpt>
      <trkpt lat="49.301216" lon="8.101915"><ele>251.5</ele></trkpt>
      <trkpt lat="49.301231" lon="8.102041"><ele>251.2</ele></trkpt>
      <trkpt lat="49.301239" lon="8.102185"><ele>250.8</ele></trkpt>
      <trkpt lat="49.301229" lon="8.103157"><ele>246.2</ele></trkpt>
      <trkpt lat="49.301186" lon="8.103152"><ele>245.8</ele></trkpt>
      <trkpt lat="49.301132" lon="8.103113"><ele>245.2</ele></trkpt>
      <trkpt lat="49.301056" lon="8.103038"><ele>244.2</ele></trkpt>
      <trkpt lat="49.300988" lon="8.102931"><ele>243.8</ele></trkpt>
      <trkpt lat="49.300931" lon="8.102811"><ele>243.2</ele></trkpt>
      <trkpt lat="49.300844" lon="8.102513"><ele>243.0</ele></trkpt>
      <trkpt lat="49.300711" lon="8.102172"><ele>240.5</ele></trkpt>
      <trkpt lat="49.300660" lon="8.102087"><ele>239.5</ele></trkpt>
      <trkpt lat="49.300571" lon="8.102078"><ele>237.8</ele></trkpt>
      <trkpt lat="49.300490" lon="8.102105"><ele>236.2</ele></trkpt>
      <trkpt lat="49.300442" lon="8.102120"><ele>235.2</ele></trkpt>
      <trkpt lat="49.300267" lon="8.102192"><ele>232.0</ele></trkpt>
      <trkpt lat="49.300180" lon="8.102371"><ele>230.0</ele></trkpt>
      <trkpt lat="49.300061" lon="8.102396"><ele>227.5</ele></trkpt>
      <trkpt lat="49.299889" lon="8.102442"><ele>225.0</ele></trkpt>
      <trkpt lat="49.299708" lon="8.102472"><ele>223.0</ele></trkpt>
      <trkpt lat="49.299617" lon="8.102737"><ele>222.5</ele></trkpt>
      <trkpt lat="49.299588" lon="8.102891"><ele>222.5</ele></trkpt>
      <trkpt lat="49.299581" lon="8.102947"><ele>222.2</ele></trkpt>
      <trkpt lat="49.299598" lon="8.103103"><ele>222.2</ele></trkpt>
      <trkpt lat="49.299593" lon="8.103203"><ele>222.2</ele></trkpt>
      <trkpt lat="49.299505" lon="8.103212"><ele>222.0</ele></trkpt>
      <trkpt lat="49.299478" lon="8.103216"><ele>222.0</ele></trkpt>
      <trkpt lat="49.299441" lon="8.103193"><ele>221.8</ele></trkpt>
      <trkpt lat="49.299385" lon="8.103148"><ele>221.8</ele></trkpt>
      <trkpt lat="49.299058" lon="8.103039"><ele>222.8</ele></trkpt>
      <trkpt lat="49.298972" lon="8.103484"><ele>222.2</ele></trkpt>
      <trkpt lat="49.298927" lon="8.103664"><ele>222.2</ele></trkpt>
      <trkpt lat="49.298852" lon="8.103980"><ele>221.0</ele></trkpt>
      <trkpt lat="49.298801" lon="8.104244"><ele>220.8</ele></trkpt>
      <trkpt lat="49.298712" lon="8.104479"><ele>221.0</ele></trkpt>
      <trkpt lat="49.298520" lon="8.104936"><ele>220.0</ele></trkpt>
      <trkpt lat="49.298235" lon="8.105555"><ele>220.5</ele></trkpt>
      <trkpt lat="49.297295" lon="8.107422"><ele>225.8</ele></trkpt>
      <trkpt lat="49.297238" lon="8.107549"><ele>226.2</ele></trkpt>
      <trkpt lat="49.297014" lon="8.108042"><ele>227.2</ele></trkpt>
      <trkpt lat="49.296959" lon="8.108167"><ele>227.8</ele></trkpt>
      <trkpt lat="49.296895" lon="8.108260"><ele>228.2</ele></trkpt>
      <trkpt lat="49.296760" lon="8.108457"><ele>229.0</ele></trkpt>
      <trkpt lat="49.296442" lon="8.108884"><ele>230.2</ele></trkpt>
      <trkpt lat="49.296379" lon="8.109010"><ele>230.5</ele></trkpt>
      <trkpt lat="49.296339" lon="8.109140"><ele>230.2</ele></trkpt>
      <trkpt lat="49.296324" lon="8.109218"><ele>230.2</ele></trkpt>
      <trkpt lat="49.296315" lon="8.109308"><ele>230.0</ele></trkpt>
      <trkpt lat="49.296310" lon="8.109467"><ele>229.5</ele></trkpt>
      <trkpt lat="49.296186" lon="8.109496"><ele>230.2</ele></trkpt>
      <trkpt lat="49.296062" lon="8.109552"><ele>231.2</ele></trkpt>
      <trkpt lat="49.295936" lon="8.109627"><ele>231.8</ele></trkpt>
      <trkpt lat="49.295816" lon="8.109716"><ele>232.0</ele></trkpt>
      <trkpt lat="49.295371" lon="8.110173"><ele>232.8</ele></trkpt>
      <trkpt lat="49.294924" lon="8.110626"><ele>231.8</ele></trkpt>
      <trkpt lat="49.294780" lon="8.110786"><ele>231.8</ele></trkpt>
      <trkpt lat="49.294732" lon="8.110849"><ele>231.8</ele></trkpt>
      <trkpt lat="49.294685" lon="8.110922"><ele>231.5</ele></trkpt>
      <trkpt lat="49.294597" lon="8.111091"><ele>231.0</ele></trkpt>
      <trkpt lat="49.294551" lon="8.111205"><ele>230.8</ele></trkpt>
      <trkpt lat="49.294510" lon="8.111331"><ele>230.8</ele></trkpt>
      <trkpt lat="49.294433" lon="8.111615"><ele>230.0</ele></trkpt>
      <trkpt lat="49.294143" lon="8.112789"><ele>227.8</ele></trkpt>
      <trkpt lat="49.293995" lon="8.113429"><ele>226.8</ele></trkpt>
      <trkpt lat="49.293900" lon="8.114028"><ele>226.0</ele></trkpt>
      <trkpt lat="49.293864" lon="8.114341"><ele>225.2</ele></trkpt>
      <trkpt lat="49.293785" lon="8.115242"><ele>223.0</ele></trkpt>
      <trkpt lat="49.293746" lon="8.115493"><ele>222.5</ele></trkpt>
      <trkpt lat="49.293680" lon="8.115833"><ele>222.0</ele></trkpt>
      <trkpt lat="49.293612" lon="8.116069"><ele>221.0</ele></trkpt>
      <trkpt lat="49.293472" lon="8.116486"><ele>219.8</ele></trkpt>
      <trkpt lat="49.293290" lon="8.116931"><ele>218.8</ele></trkpt>
      <trkpt lat="49.293016" lon="8.117622"><ele>216.8</ele></trkpt>
      <trkpt lat="49.292921" lon="8.117820"><ele>216.2</ele></trkpt>
      <trkpt lat="49.292844" lon="8.117947"><ele>216.0</ele></trkpt>
      <trkpt lat="49.292749" lon="8.118054"><ele>215.8</ele></trkpt>
      <trkpt lat="49.292499" lon="8.118265"><ele>214.0</ele></trkpt>
      <trkpt lat="49.292238" lon="8.118455"><ele>213.0</ele></trkpt>
      <trkpt lat="49.292078" lon="8.118632"><ele>212.2</ele></trkpt>
      <trkpt lat="49.291433" lon="8.119463"><ele>209.0</ele></trkpt>
      <trkpt lat="49.291207" lon="8.119712"><ele>208.2</ele></trkpt>
      <trkpt lat="49.291074" lon="8.119835"><ele>207.8</ele></trkpt>
      <trkpt lat="49.290899" lon="8.119740"><ele>207.0</ele></trkpt>
      <trkpt lat="49.290818" lon="8.119834"><ele>207.0</ele></trkpt>
      <trkpt lat="49.290641" lon="8.119990"><ele>206.8</ele></trkpt>
      <trkpt lat="49.290042" lon="8.120587"><ele>204.8</ele></trkpt>
      <trkpt lat="49.289391" lon="8.121310"><ele>200.8</ele></trkpt>
      <trkpt lat="49.289325" lon="8.121435"><ele>200.0</ele></trkpt>
      <trkpt lat="49.289253" lon="8.121481"><ele>199.5</ele></trkpt>
      <trkpt lat="49.288990" lon="8.121616"><ele>197.8</ele></trkpt>
      <trkpt lat="49.288861" lon="8.121683"><ele>196.8</ele></trkpt>
      <trkpt lat="49.288695" lon="8.121835"><ele>195.8</ele></trkpt>
      <trkpt lat="49.288608" lon="8.121963"><ele>194.8</ele></trkpt>
      <trkpt lat="49.288581" lon="8.121969"><ele>194.8</ele></trkpt>
      <trkpt lat="49.288516" lon="8.121853"><ele>194.8</ele></trkpt>
      <trkpt lat="49.288390" lon="8.121710"><ele>194.2</ele></trkpt>
      <trkpt lat="49.288231" lon="8.121574"><ele>193.8</ele></trkpt>
      <trkpt lat="49.288108" lon="8.121529"><ele>193.5</ele></trkpt>
      <trkpt lat="49.288048" lon="8.121514"><ele>193.5</ele></trkpt>
      <trkpt lat="49.287945" lon="8.121519"><ele>193.0</ele></trkpt>
      <trkpt lat="49.287712" lon="8.121592"><ele>191.5</ele></trkpt>
      <trkpt lat="49.287635" lon="8.121623"><ele>191.0</ele></trkpt>
      <trkpt lat="49.287572" lon="8.121625"><ele>190.5</ele></trkpt>
      <trkpt lat="49.287437" lon="8.121609"><ele>189.5</ele></trkpt>
      <trkpt lat="49.286942" lon="8.121559"><ele>186.8</ele></trkpt>
      <trkpt lat="49.286812" lon="8.121548"><ele>186.0</ele></trkpt>
      <trkpt lat="49.286695" lon="8.121543"><ele>185.0</ele></trkpt>
      <trkpt lat="49.286481" lon="8.121603"><ele>183.8</ele></trkpt>
      <trkpt lat="49.286200" lon="8.121666"><ele>182.2</ele></trkpt>
      <trkpt lat="49.286060" lon="8.121691"><ele>181.5</ele></trkpt>
      <trkpt lat="49.285943" lon="8.121720"><ele>180.8</ele></trkpt>
      <trkpt lat="49.285909" lon="8.121727"><ele>180.5</ele></trkpt>
      <trkpt lat="49.285769" lon="8.121754"><ele>179.8</ele></trkpt>
      <trkpt lat="49.285466" lon="8.121821"><ele>178.5</ele></trkpt>
      <trkpt lat="49.285397" lon="8.121833"><ele>178.2</ele></trkpt>
      <trkpt lat="49.285000" lon="8.121918"><ele>178.0</ele></trkpt>
      <trkpt lat="49.284961" lon="8.121938"><ele>178.0</ele></trkpt>
      <trkpt lat="49.284707" lon="8.121910"><ele>178.0</ele></trkpt>
      <trkpt lat="49.283230" lon="8.121731"><ele>181.0</ele></trkpt>
      <trkpt lat="49.283211" lon="8.121729"><ele>181.0</ele></trkpt>
      <trkpt lat="49.283053" lon="8.123609"><ele>178.0</ele></trkpt>
      <trkpt lat="49.283051" lon="8.123637"><ele>178.0</ele></trkpt>
      <trkpt lat="49.283037" lon="8.123813"><ele>178.0</ele></trkpt>
      <trkpt lat="49.283025" lon="8.123918"><ele>177.8</ele></trkpt>
      <trkpt lat="49.282990" lon="8.123893"><ele>177.8</ele></trkpt>
      <trkpt lat="49.282844" lon="8.123881"><ele>178.0</ele></trkpt>
      <trkpt lat="49.282728" lon="8.123887"><ele>178.0</ele></trkpt>
      <trkpt lat="49.282604" lon="8.123910"><ele>178.0</ele></trkpt>
      <trkpt lat="49.282436" lon="8.123965"><ele>177.8</ele></trkpt>
      <trkpt lat="49.282292" lon="8.124030"><ele>177.2</ele></trkpt>
      <trkpt lat="49.282191" lon="8.124081"><ele>176.8</ele></trkpt>
      <trkpt lat="49.282034" lon="8.124166"><ele>175.5</ele></trkpt>
      <trkpt lat="49.281738" lon="8.124305"><ele>173.5</ele></trkpt>
      <trkpt lat="49.281650" lon="8.124332"><ele>172.8</ele></trkpt>
      <trkpt lat="49.281649" lon="8.124333"><ele>172.8</ele></trkpt>
      <trkpt lat="49.281623" lon="8.124336"><ele>172.5</ele></trkpt>
      <trkpt lat="49.281593" lon="8.124323"><ele>172.2</ele></trkpt>
      <trkpt lat="49.281548" lon="8.124319"><ele>171.8</ele></trkpt>
      <trkpt lat="49.281383" lon="8.124324"><ele>170.2</ele></trkpt>
      <trkpt lat="49.281145" lon="8.124278"><ele>168.2</ele></trkpt>
      <trkpt lat="49.281103" lon="8.124294"><ele>168.0</ele></trkpt>
      <trkpt lat="49.280775" lon="8.124210"><ele>167.8</ele></trkpt>
      <trkpt lat="49.280499" lon="8.124134"><ele>168.0</ele></trkpt>
      <trkpt lat="49.280296" lon="8.124085"><ele>168.2</ele></trkpt>
      <trkpt lat="49.280271" lon="8.124148"><ele>168.0</ele></trkpt>
      <trkpt lat="49.280200" lon="8.124334"><ele>168.0</ele></trkpt>
      <trkpt lat="49.279946" lon="8.124985"><ele>167.0</ele></trkpt>
      <trkpt lat="49.279857" lon="8.125210"><ele>166.8</ele></trkpt>
      <trkpt lat="49.279843" lon="8.125244"><ele>166.5</ele></trkpt>
      <trkpt lat="49.279765" lon="8.125232"><ele>167.0</ele></trkpt>
      <trkpt lat="49.279463" lon="8.125179"><ele>168.2</ele></trkpt>
      <trkpt lat="49.278864" lon="8.125076"><ele>171.5</ele></trkpt>
      <trkpt lat="49.278718" lon="8.124993"><ele>172.0</ele></trkpt>
      <trkpt lat="49.278584" lon="8.124828"><ele>172.5</ele></trkpt>
      <trkpt lat="49.278552" lon="8.124796"><ele>172.8</ele></trkpt>
      <trkpt lat="49.278419" lon="8.125157"><ele>171.5</ele></trkpt>
      <trkpt lat="49.278373" lon="8.125222"><ele>171.2</ele></trkpt>
      <trkpt lat="49.278273" lon="8.125366"><ele>170.5</ele></trkpt>
      <trkpt lat="49.278241" lon="8.125396"><ele>170.5</ele></trkpt>
      <trkpt lat="49.278098" lon="8.125506"><ele>170.0</ele></trkpt>
      <trkpt lat="49.277747" lon="8.125739"><ele>172.0</ele></trkpt>
      <trkpt lat="49.277662" lon="8.125796"><ele>172.0</ele></trkpt>
      <trkpt lat="49.277357" lon="8.126013"><ele>171.5</ele></trkpt>
      <trkpt lat="49.276973" lon="8.126136"><ele>171.8</ele></trkpt>
      <trkpt lat="49.276282" lon="8.126307"><ele>169.8</ele></trkpt>
      <trkpt lat="49.275270" lon="8.126580"><ele>164.8</ele></trkpt>
      <trkpt lat="49.274876" lon="8.126715"><ele>163.5</ele></trkpt>
      <trkpt lat="49.274542" lon="8.126865"><ele>162.2</ele></trkpt>
      <trkpt lat="49.273881" lon="8.127193"><ele>158.8</ele></trkpt>
      <trkpt lat="49.273753" lon="8.127288"><ele>158.5</ele></trkpt>
      <trkpt lat="49.273630" lon="8.127485"><ele>158.0</ele></trkpt>
      <trkpt lat="49.273558" lon="8.127710"><ele>157.8</ele></trkpt>
      <trkpt lat="49.273538" lon="8.127936"><ele>157.0</ele></trkpt>
      <trkpt lat="49.273561" lon="8.128523"><ele>156.2</ele></trkpt>
      <trkpt lat="49.273538" lon="8.128752"><ele>156.0</ele></trkpt>
      <trkpt lat="49.273508" lon="8.128861"><ele>156.0</ele></trkpt>
      <trkpt lat="49.273430" lon="8.129040"><ele>155.5</ele></trkpt>
      <trkpt lat="49.273314" lon="8.129176"><ele>154.8</ele></trkpt>
      <trkpt lat="49.273270" lon="8.129201"><ele>154.8</ele></trkpt>
      <trkpt lat="49.273050" lon="8.129326"><ele>154.2</ele></trkpt>
      <trkpt lat="49.272364" lon="8.129696"><ele>153.0</ele></trkpt>
      <trkpt lat="49.270767" lon="8.130538"><ele>151.0</ele></trkpt>
      <trkpt lat="49.270487" lon="8.130684"><ele>151.0</ele></trkpt>
      <trkpt lat="49.270229" lon="8.130819"><ele>150.8</ele></trkpt>
      <trkpt lat="49.270149" lon="8.130891"><ele>150.8</ele></trkpt>
      <trkpt lat="49.270095" lon="8.130926"><ele>150.8</ele></trkpt>
      <trkpt lat="49.270040" lon="8.131016"><ele>150.8</ele></trkpt>
      <trkpt lat="49.269866" lon="8.131345"><ele>150.0</ele></trkpt>
      <trkpt lat="49.269830" lon="8.131423"><ele>149.8</ele></trkpt>
      <trkpt lat="49.269761" lon="8.131406"><ele>149.8</ele></trkpt>
      <trkpt lat="49.269601" lon="8.131369"><ele>150.0</ele></trkpt>
      <trkpt lat="49.269363" lon="8.131346"><ele>150.0</ele></trkpt>
      <trkpt lat="49.269188" lon="8.131351"><ele>150.0</ele></trkpt>
      <trkpt lat="49.269084" lon="8.131372"><ele>150.0</ele></trkpt>
      <trkpt lat="49.269047" lon="8.131358"><ele>150.0</ele></trkpt>
      <trkpt lat="49.268994" lon="8.131379"><ele>150.0</ele></trkpt>
      <trkpt lat="49.268917" lon="8.131437"><ele>149.8</ele></trkpt>
      <trkpt lat="49.268848" lon="8.131492"><ele>150.0</ele></trkpt>
      <trkpt lat="49.268743" lon="8.131556"><ele>150.0</ele></trkpt>
      <trkpt lat="49.268717" lon="8.131591"><ele>150.0</ele></trkpt>
      <trkpt lat="49.268578" lon="8.131608"><ele>150.0</ele></trkpt>
      <trkpt lat="49.268513" lon="8.131625"><ele>150.0</ele></trkpt>
      <trkpt lat="49.268442" lon="8.131657"><ele>150.0</ele></trkpt>
      <trkpt lat="49.268310" lon="8.131745"><ele>150.0</ele></trkpt>
      <trkpt lat="49.268265" lon="8.131777"><ele>150.0</ele></trkpt>
      <trkpt lat="49.267592" lon="8.132249"><ele>149.8</ele></trkpt>
      <trkpt lat="49.267560" lon="8.132272"><ele>149.8</ele></trkpt>
      <trkpt lat="49.267502" lon="8.132312"><ele>149.8</ele></trkpt>
      <trkpt lat="49.266493" lon="8.132999"><ele>149.0</ele></trkpt>
      <trkpt lat="49.266359" lon="8.133091"><ele>149.0</ele></trkpt>
      <trkpt lat="49.266261" lon="8.133163"><ele>149.0</ele></trkpt>
      <trkpt lat="49.266233" lon="8.133183"><ele>149.0</ele></trkpt>
      <trkpt lat="49.266131" lon="8.133260"><ele>149.0</ele></trkpt>
      <trkpt lat="49.265864" lon="8.133437"><ele>149.0</ele></trkpt>
      <trkpt lat="49.265653" lon="8.133596"><ele>149.0</ele></trkpt>
      <trkpt lat="49.265384" lon="8.133781"><ele>149.0</ele></trkpt>
      <trkpt lat="49.265238" lon="8.133885"><ele>149.0</ele></trkpt>
      <trkpt lat="49.265171" lon="8.133899"><ele>149.0</ele></trkpt>
      <trkpt lat="49.265117" lon="8.133903"><ele>149.0</ele></trkpt>
      <trkpt lat="49.264966" lon="8.133906"><ele>149.0</ele></trkpt>
      <trkpt lat="49.264637" lon="8.133849"><ele>149.8</ele></trkpt>
      <trkpt lat="49.264544" lon="8.133842"><ele>149.8</ele></trkpt>
      <trkpt lat="49.264377" lon="8.133910"><ele>150.0</ele></trkpt>
      <trkpt lat="49.264232" lon="8.133973"><ele>150.0</ele></trkpt>
      <trkpt lat="49.264217" lon="8.133984"><ele>149.8</ele></trkpt>
      <trkpt lat="49.264088" lon="8.134047"><ele>150.2</ele></trkpt>
      <trkpt lat="49.263972" lon="8.134103"><ele>150.5</ele></trkpt>
      <trkpt lat="49.263903" lon="8.134134"><ele>150.8</ele></trkpt>
      <trkpt lat="49.263781" lon="8.134179"><ele>151.0</ele></trkpt>
      <trkpt lat="49.262620" lon="8.134632"><ele>152.8</ele></trkpt>
      <trkpt lat="49.262428" lon="8.134734"><ele>152.2</ele></trkpt>
      <trkpt lat="49.262221" lon="8.134813"><ele>152.5</ele></trkpt>
      <trkpt lat="49.262164" lon="8.134807"><ele>152.8</ele></trkpt>
      <trkpt lat="49.262127" lon="8.134793"><ele>152.8</ele></trkpt>
      <trkpt lat="49.262065" lon="8.134734"><ele>152.8</ele></trkpt>
      <trkpt lat="49.261634" lon="8.134167"><ele>153.0</ele></trkpt>
      <trkpt lat="49.261318" lon="8.133829"><ele>154.0</ele></trkpt>
      <trkpt lat="49.261055" lon="8.133557"><ele>154.0</ele></trkpt>
      <trkpt lat="49.260930" lon="8.133474"><ele>154.0</ele></trkpt>
      <trkpt lat="49.260853" lon="8.133420"><ele>154.0</ele></trkpt>
      <trkpt lat="49.260179" lon="8.133103"><ele>155.0</ele></trkpt>
      <trkpt lat="49.259755" lon="8.132895"><ele>155.8</ele></trkpt>
      <trkpt lat="49.259479" lon="8.132760"><ele>156.0</ele></trkpt>
      <trkpt lat="49.259275" lon="8.132662"><ele>156.0</ele></trkpt>
      <trkpt lat="49.259183" lon="8.132634"><ele>156.0</ele></trkpt>
      <trkpt lat="49.259145" lon="8.132623"><ele>155.8</ele></trkpt>
      <trkpt lat="49.258999" lon="8.132510"><ele>155.8</ele></trkpt>
      <trkpt lat="49.258694" lon="8.132391"><ele>155.2</ele></trkpt>
      <trkpt lat="49.258584" lon="8.132334"><ele>155.0</ele></trkpt>
      <trkpt lat="49.258271" lon="8.132184"><ele>156.0</ele></trkpt>
      <trkpt lat="49.256822" lon="8.131496"><ele>156.0</ele></trkpt>
      <trkpt lat="49.256255" lon="8.131219"><ele>156.0</ele></trkpt>
      <trkpt lat="49.255688" lon="8.130958"><ele>156.5</ele></trkpt>
      <trkpt lat="49.255644" lon="8.130936"><ele>156.5</ele></trkpt>
      <trkpt lat="49.253614" lon="8.129970"><ele>156.0</ele></trkpt>
      <trkpt lat="49.252460" lon="8.129435"><ele>156.0</ele></trkpt>
      <trkpt lat="49.252007" lon="8.129266"><ele>155.5</ele></trkpt>
      <trkpt lat="49.251538" lon="8.129112"><ele>155.5</ele></trkpt>
      <trkpt lat="49.250963" lon="8.128956"><ele>155.0</ele></trkpt>
      <trkpt lat="49.250801" lon="8.128921"><ele>154.8</ele></trkpt>
      <trkpt lat="49.249977" lon="8.128776"><ele>154.8</ele></trkpt>
      <trkpt lat="49.249723" lon="8.128748"><ele>154.5</ele></trkpt>
      <trkpt lat="49.249321" lon="8.128718"><ele>154.5</ele></trkpt>
      <trkpt lat="49.248971" lon="8.128710"><ele>154.0</ele></trkpt>
      <trkpt lat="49.248903" lon="8.128710"><ele>154.0</ele></trkpt>
      <trkpt lat="49.248487" lon="8.128708"><ele>154.0</ele></trkpt>
      <trkpt lat="49.247864" lon="8.128749"><ele>154.5</ele></trkpt>
      <trkpt lat="49.247599" lon="8.128776"><ele>155.5</ele></trkpt>
      <trkpt lat="49.247126" lon="8.128846"><ele>157.2</ele></trkpt>
      <trkpt lat="49.246449" lon="8.128993"><ele>160.5</ele></trkpt>
      <trkpt lat="49.245996" lon="8.129078"><ele>163.0</ele></trkpt>
      <trkpt lat="49.243964" lon="8.129517"><ele>163.8</ele></trkpt>
      <trkpt lat="49.240614" lon="8.130272"><ele>172.0</ele></trkpt>
      <trkpt lat="49.238651" lon="8.130681"><ele>170.0</ele></trkpt>
      <trkpt lat="49.238314" lon="8.130746"><ele>169.5</ele></trkpt>
      <trkpt lat="49.237970" lon="8.130815"><ele>168.5</ele></trkpt>
      <trkpt lat="49.237563" lon="8.130857"><ele>166.8</ele></trkpt>
      <trkpt lat="49.237379" lon="8.130859"><ele>165.8</ele></trkpt>
      <trkpt lat="49.237103" lon="8.130853"><ele>165.5</ele></trkpt>
      <trkpt lat="49.236670" lon="8.130801"><ele>165.8</ele></trkpt>
      <trkpt lat="49.236387" lon="8.130748"><ele>165.0</ele></trkpt>
      <trkpt lat="49.235942" lon="8.130626"><ele>164.5</ele></trkpt>
      <trkpt lat="49.235448" lon="8.130443"><ele>165.0</ele></trkpt>
      <trkpt lat="49.235315" lon="8.130392"><ele>164.2</ele></trkpt>
      <trkpt lat="49.235073" lon="8.130306"><ele>164.5</ele></trkpt>
      <trkpt lat="49.234671" lon="8.130159"><ele>167.0</ele></trkpt>
      <trkpt lat="49.234336" lon="8.130055"><ele>168.0</ele></trkpt>
      <trkpt lat="49.233995" lon="8.129969"><ele>169.0</ele></trkpt>
      <trkpt lat="49.233634" lon="8.129898"><ele>170.5</ele></trkpt>
      <trkpt lat="49.233185" lon="8.129869"><ele>170.0</ele></trkpt>
      <trkpt lat="49.232819" lon="8.129864"><ele>170.0</ele></trkpt>
      <trkpt lat="49.232383" lon="8.129900"><ele>169.2</ele></trkpt>
      <trkpt lat="49.230587" lon="8.130119"><ele>161.0</ele></trkpt>
      <trkpt lat="49.230400" lon="8.130143"><ele>160.5</ele></trkpt>
      <trkpt lat="49.229344" lon="8.130261"><ele>156.5</ele></trkpt>
      <trkpt lat="49.229073" lon="8.130307"><ele>155.5</ele></trkpt>
      <trkpt lat="49.228799" lon="8.130377"><ele>154.5</ele></trkpt>
      <trkpt lat="49.228417" lon="8.130518"><ele>154.0</ele></trkpt>
      <trkpt lat="49.227951" lon="8.130710"><ele>153.0</ele></trkpt>
      <trkpt lat="49.227371" lon="8.130942"><ele>152.5</ele></trkpt>
      <trkpt lat="49.227306" lon="8.130968"><ele>152.5</ele></trkpt>
      <trkpt lat="49.227096" lon="8.131059"><ele>152.2</ele></trkpt>
      <trkpt lat="49.226468" lon="8.131310"><ele>154.0</ele></trkpt>
      <trkpt lat="49.225841" lon="8.131552"><ele>156.2</ele></trkpt>
      <trkpt lat="49.225434" lon="8.131643"><ele>157.0</ele></trkpt>
      <trkpt lat="49.225064" lon="8.131722"><ele>156.8</ele></trkpt>
      <trkpt lat="49.224674" lon="8.131793"><ele>158.0</ele></trkpt>
      <trkpt lat="49.224427" lon="8.131812"><ele>159.0</ele></trkpt>
      <trkpt lat="49.224266" lon="8.131805"><ele>159.5</ele></trkpt>
      <trkpt lat="49.224090" lon="8.131775"><ele>160.2</ele></trkpt>
      <trkpt lat="49.223835" lon="8.131697"><ele>161.0</ele></trkpt>
      <trkpt lat="49.223639" lon="8.131602"><ele>161.8</ele></trkpt>
      <trkpt lat="49.223464" lon="8.131494"><ele>162.0</ele></trkpt>
      <trkpt lat="49.223442" lon="8.131479"><ele>162.0</ele></trkpt>
      <trkpt lat="49.223307" lon="8.131383"><ele>162.0</ele></trkpt>
      <trkpt lat="49.222730" lon="8.130898"><ele>163.5</ele></trkpt>
      <trkpt lat="49.222388" lon="8.130626"><ele>163.2</ele></trkpt>
      <trkpt lat="49.222213" lon="8.130509"><ele>163.0</ele></trkpt>
      <trkpt lat="49.222025" lon="8.130414"><ele>163.5</ele></trkpt>
      <trkpt lat="49.221772" lon="8.130319"><ele>163.2</ele></trkpt>
      <trkpt lat="49.221616" lon="8.130282"><ele>163.0</ele></trkpt>
      <trkpt lat="49.221444" lon="8.130253"><ele>163.0</ele></trkpt>
      <trkpt lat="49.220474" lon="8.130203"><ele>161.8</ele></trkpt>
      <trkpt lat="49.220261" lon="8.130180"><ele>161.2</ele></trkpt>
      <trkpt lat="49.219539" lon="8.130039"><ele>160.0</ele></trkpt>
      <trkpt lat="49.218747" lon="8.129858"><ele>158.8</ele></trkpt>
      <trkpt lat="49.217927" lon="8.129698"><ele>158.5</ele></trkpt>
      <trkpt lat="49.217614" lon="8.129645"><ele>158.2</ele></trkpt>
      <trkpt lat="49.217045" lon="8.129530"><ele>157.2</ele></trkpt>
      <trkpt lat="49.216875" lon="8.129442"><ele>157.0</ele></trkpt>
      <trkpt lat="49.216788" lon="8.129418"><ele>157.0</ele></trkpt>
      <trkpt lat="49.216699" lon="8.129367"><ele>157.2</ele></trkpt>
      <trkpt lat="49.216663" lon="8.129338"><ele>157.2</ele></trkpt>
      <trkpt lat="49.216642" lon="8.129261"><ele>157.5</ele></trkpt>
      <trkpt lat="49.216606" lon="8.129193"><ele>157.5</ele></trkpt>
      <trkpt lat="49.216561" lon="8.129145"><ele>157.2</ele></trkpt>
      <trkpt lat="49.216497" lon="8.129114"><ele>156.8</ele></trkpt>
      <trkpt lat="49.216459" lon="8.129112"><ele>156.5</ele></trkpt>
      <trkpt lat="49.216398" lon="8.129133"><ele>156.0</ele></trkpt>
      <trkpt lat="49.216359" lon="8.129167"><ele>156.0</ele></trkpt>
      <trkpt lat="49.216332" lon="8.129203"><ele>156.0</ele></trkpt>
      <trkpt lat="49.216305" lon="8.129258"><ele>156.0</ele></trkpt>
      <trkpt lat="49.216225" lon="8.129276"><ele>156.0</ele></trkpt>
      <trkpt lat="49.216119" lon="8.129258"><ele>156.0</ele></trkpt>
      <trkpt lat="49.215975" lon="8.129213"><ele>154.5</ele></trkpt>
      <trkpt lat="49.215844" lon="8.129152"><ele>153.0</ele></trkpt>
      <trkpt lat="49.215817" lon="8.129137"><ele>153.0</ele></trkpt>
      <trkpt lat="49.215663" lon="8.129045"><ele>153.0</ele></trkpt>
      <trkpt lat="49.215464" lon="8.128906"><ele>153.5</ele></trkpt>
      <trkpt lat="49.215414" lon="8.128866"><ele>153.5</ele></trkpt>
      <trkpt lat="49.215271" lon="8.128745"><ele>155.2</ele></trkpt>
      <trkpt lat="49.215130" lon="8.128610"><ele>155.5</ele></trkpt>
      <trkpt lat="49.214914" lon="8.128396"><ele>155.0</ele></trkpt>
      <trkpt lat="49.214826" lon="8.128288"><ele>154.8</ele></trkpt>
      <trkpt lat="49.214722" lon="8.128160"><ele>154.2</ele></trkpt>
      <trkpt lat="49.214661" lon="8.128081"><ele>154.2</ele></trkpt>
      <trkpt lat="49.214416" lon="8.127742"><ele>155.0</ele></trkpt>
      <trkpt lat="49.214264" lon="8.127477"><ele>154.8</ele></trkpt>
      <trkpt lat="49.214088" lon="8.127117"><ele>155.0</ele></trkpt>
      <trkpt lat="49.214004" lon="8.126927"><ele>155.0</ele></trkpt>
      <trkpt lat="49.213835" lon="8.126498"><ele>155.0</ele></trkpt>
      <trkpt lat="49.213778" lon="8.126367"><ele>155.0</ele></trkpt>
      <trkpt lat="49.213671" lon="8.126163"><ele>154.8</ele></trkpt>
      <trkpt lat="49.213526" lon="8.125930"><ele>154.8</ele></trkpt>
      <trkpt lat="49.213297" lon="8.125654"><ele>154.8</ele></trkpt>
      <trkpt lat="49.213093" lon="8.125434"><ele>154.0</ele></trkpt>
      <trkpt lat="49.212471" lon="8.124824"><ele>152.8</ele></trkpt>
      <trkpt lat="49.212335" lon="8.124627"><ele>152.2</ele></trkpt>
      <trkpt lat="49.211999" lon="8.124312"><ele>151.0</ele></trkpt>
      <trkpt lat="49.211967" lon="8.124268"><ele>151.0</ele></trkpt>
      <trkpt lat="49.211956" lon="8.124239"><ele>151.0</ele></trkpt>
      <trkpt lat="49.211943" lon="8.124196"><ele>150.8</ele></trkpt>
      <trkpt lat="49.211949" lon="8.124138"><ele>151.0</ele></trkpt>
      <trkpt lat="49.211944" lon="8.124081"><ele>150.8</ele></trkpt>
      <trkpt lat="49.211930" lon="8.124027"><ele>150.8</ele></trkpt>
      <trkpt lat="49.211904" lon="8.123978"><ele>150.8</ele></trkpt>
      <trkpt lat="49.211869" lon="8.123942"><ele>150.5</ele></trkpt>
      <trkpt lat="49.211829" lon="8.123924"><ele>150.5</ele></trkpt>
      <trkpt lat="49.211782" lon="8.123927"><ele>150.2</ele></trkpt>
      <trkpt lat="49.211739" lon="8.123953"><ele>150.2</ele></trkpt>
      <trkpt lat="49.211707" lon="8.123992"><ele>150.0</ele></trkpt>
      <trkpt lat="49.211685" lon="8.124044"><ele>150.0</ele></trkpt>
      <trkpt lat="49.211673" lon="8.124103"><ele>150.0</ele></trkpt>
      <trkpt lat="49.211672" lon="8.124146"><ele>150.0</ele></trkpt>
      <trkpt lat="49.211642" lon="8.124202"><ele>149.8</ele></trkpt>
      <trkpt lat="49.211606" lon="8.124233"><ele>149.8</ele></trkpt>
      <trkpt lat="49.211441" lon="8.124287"><ele>149.0</ele></trkpt>
      <trkpt lat="49.211300" lon="8.124315"><ele>148.5</ele></trkpt>
      <trkpt lat="49.211165" lon="8.124354"><ele>147.5</ele></trkpt>
      <trkpt lat="49.210804" lon="8.124360"><ele>145.0</ele></trkpt>
      <trkpt lat="49.210466" lon="8.124353"><ele>143.8</ele></trkpt>
      <trkpt lat="49.210255" lon="8.124357"><ele>142.8</ele></trkpt>
      <trkpt lat="49.209763" lon="8.124356"><ele>142.0</ele></trkpt>
      <trkpt lat="49.209357" lon="8.124357"><ele>141.0</ele></trkpt>
      <trkpt lat="49.209309" lon="8.124358"><ele>141.0</ele></trkpt>
      <trkpt lat="49.208560" lon="8.124357"><ele>141.0</ele></trkpt>
      <trkpt lat="49.208506" lon="8.124357"><ele>141.0</ele></trkpt>
      <trkpt lat="49.208325" lon="8.124358"><ele>141.0</ele></trkpt>
      <trkpt lat="49.208242" lon="8.124358"><ele>141.0</ele></trkpt>
      <trkpt lat="49.208009" lon="8.124353"><ele>141.0</ele></trkpt>
      <trkpt lat="49.207025" lon="8.124369"><ele>141.2</ele></trkpt>
      <trkpt lat="49.206790" lon="8.124378"><ele>141.0</ele></trkpt>
      <trkpt lat="49.206598" lon="8.124384"><ele>141.0</ele></trkpt>
      <trkpt lat="49.206519" lon="8.124387"><ele>141.0</ele></trkpt>
      <trkpt lat="49.206488" lon="8.124389"><ele>141.0</ele></trkpt>
      <trkpt lat="49.206386" lon="8.124391"><ele>141.0</ele></trkpt>
      <trkpt lat="49.206298" lon="8.124393"><ele>141.0</ele></trkpt>
      <trkpt lat="49.206259" lon="8.124393"><ele>141.0</ele></trkpt>
      <trkpt lat="49.206206" lon="8.124394"><ele>141.0</ele></trkpt>
      <trkpt lat="49.206182" lon="8.124395"><ele>141.0</ele></trkpt>
      <trkpt lat="49.206030" lon="8.124395"><ele>141.0</ele></trkpt>
      <trkpt lat="49.205673" lon="8.124404"><ele>141.0</ele></trkpt>
      <trkpt lat="49.204510" lon="8.124445"><ele>140.0</ele></trkpt>
      <trkpt lat="49.204126" lon="8.124460"><ele>140.0</ele></trkpt>
      <trkpt lat="49.203969" lon="8.124457"><ele>140.0</ele></trkpt>
      <trkpt lat="49.203840" lon="8.124453"><ele>140.0</ele></trkpt>
      <trkpt lat="49.203733" lon="8.124451"><ele>140.0</ele></trkpt>
      <trkpt lat="49.203705" lon="8.124453"><ele>140.0</ele></trkpt>
      <trkpt lat="49.203626" lon="8.124456"><ele>140.0</ele></trkpt>
      <trkpt lat="49.203565" lon="8.124459"><ele>140.0</ele></trkpt>
      <trkpt lat="49.203452" lon="8.124469"><ele>140.0</ele></trkpt>
      <trkpt lat="49.203331" lon="8.124492"><ele>140.0</ele></trkpt>
      <trkpt lat="49.203295" lon="8.124498"><ele>140.0</ele></trkpt>
      <trkpt lat="49.203236" lon="8.124509"><ele>140.0</ele></trkpt>
      <trkpt lat="49.203154" lon="8.124519"><ele>140.0</ele></trkpt>
      <trkpt lat="49.203112" lon="8.124528"><ele>139.8</ele></trkpt>
      <trkpt lat="49.203093" lon="8.124529"><ele>140.0</ele></trkpt>
      <trkpt lat="49.202910" lon="8.124537"><ele>140.0</ele></trkpt>
      <trkpt lat="49.202665" lon="8.124533"><ele>140.0</ele></trkpt>
      <trkpt lat="49.202298" lon="8.124522"><ele>140.0</ele></trkpt>
      <trkpt lat="49.202203" lon="8.124515"><ele>140.0</ele></trkpt>
      <trkpt lat="49.201969" lon="8.124485"><ele>139.8</ele></trkpt>
      <trkpt lat="49.201797" lon="8.124475"><ele>140.0</ele></trkpt>
      <trkpt lat="49.201636" lon="8.124464"><ele>140.0</ele></trkpt>
      <trkpt lat="49.201539" lon="8.124458"><ele>140.0</ele></trkpt>
      <trkpt lat="49.201491" lon="8.124455"><ele>140.0</ele></trkpt>
      <trkpt lat="49.201343" lon="8.124449"><ele>140.0</ele></trkpt>
      <trkpt lat="49.201230" lon="8.124456"><ele>140.0</ele></trkpt>
      <trkpt lat="49.201184" lon="8.124468"><ele>140.0</ele></trkpt>
      <trkpt lat="49.201132" lon="8.124485"><ele>140.0</ele></trkpt>
      <trkpt lat="49.201030" lon="8.124519"><ele>140.0</ele></trkpt>
      <trkpt lat="49.200856" lon="8.124588"><ele>140.0</ele></trkpt>
      <trkpt lat="49.200793" lon="8.124614"><ele>140.0</ele></trkpt>
      <trkpt lat="49.200665" lon="8.124670"><ele>140.0</ele></trkpt>
      <trkpt lat="49.200627" lon="8.124685"><ele>140.0</ele></trkpt>
      <trkpt lat="49.200533" lon="8.124723"><ele>140.0</ele></trkpt>
      <trkpt lat="49.200494" lon="8.124594"><ele>140.0</ele></trkpt>
      <trkpt lat="49.200481" lon="8.124540"><ele>140.0</ele></trkpt>
      <trkpt lat="49.200438" lon="8.124364"><ele>140.0</ele></trkpt>
      <trkpt lat="49.200410" lon="8.124247"><ele>140.0</ele></trkpt>
      <trkpt lat="49.200391" lon="8.124172"><ele>140.0</ele></trkpt>
      <trkpt lat="49.200332" lon="8.123912"><ele>140.0</ele></trkpt>
      <trkpt lat="49.200312" lon="8.123822"><ele>140.0</ele></trkpt>
      <trkpt lat="49.200118" lon="8.123054"><ele>140.8</ele></trkpt>
      <trkpt lat="49.200057" lon="8.122821"><ele>140.2</ele></trkpt>
      <trkpt lat="49.200001" lon="8.122598"><ele>140.5</ele></trkpt>
      <trkpt lat="49.199970" lon="8.122479"><ele>141.0</ele></trkpt>
      <trkpt lat="49.199878" lon="8.122115"><ele>141.0</ele></trkpt>
      <trkpt lat="49.199800" lon="8.121806"><ele>141.0</ele></trkpt>
      <trkpt lat="49.199780" lon="8.121723"><ele>141.0</ele></trkpt>
      <trkpt lat="49.199507" lon="8.120690"><ele>141.0</ele></trkpt>
      <trkpt lat="49.199468" lon="8.120545"><ele>141.0</ele></trkpt>
      <trkpt lat="49.199425" lon="8.120382"><ele>141.0</ele></trkpt>
      <trkpt lat="49.199399" lon="8.120286"><ele>141.0</ele></trkpt>
      <trkpt lat="49.199379" lon="8.120207"><ele>141.2</ele></trkpt>
      <trkpt lat="49.199342" lon="8.120058"><ele>141.8</ele></trkpt>
      <trkpt lat="49.199286" lon="8.119840"><ele>142.0</ele></trkpt>
      <trkpt lat="49.199240" lon="8.119659"><ele>142.0</ele></trkpt>
      <trkpt lat="49.199197" lon="8.119489"><ele>142.0</ele></trkpt>
      <trkpt lat="49.199137" lon="8.119272"><ele>142.0</ele></trkpt>
      <trkpt lat="49.199102" lon="8.119138"><ele>142.0</ele></trkpt>
      <trkpt lat="49.199090" lon="8.119097"><ele>142.0</ele></trkpt>
      <trkpt lat="49.199054" lon="8.118967"><ele>142.0</ele></trkpt>
      <trkpt lat="49.198999" lon="8.118999"><ele>142.0</ele></trkpt>
      <trkpt lat="49.198972" lon="8.119016"><ele>142.0</ele></trkpt>
      <trkpt lat="49.198927" lon="8.119042"><ele>142.0</ele></trkpt>
      <trkpt lat="49.198728" lon="8.119155"><ele>142.0</ele></trkpt>
      <trkpt lat="49.198640" lon="8.119211"><ele>142.0</ele></trkpt>
      <trkpt lat="49.198178" lon="8.119491"><ele>142.5</ele></trkpt>
      <trkpt lat="49.198100" lon="8.119536"><ele>142.8</ele></trkpt>
      <trkpt lat="49.197842" lon="8.119690"><ele>143.0</ele></trkpt>
      <trkpt lat="49.197732" lon="8.119746"><ele>143.0</ele></trkpt>
      <trkpt lat="49.197684" lon="8.119762"><ele>143.0</ele></trkpt>
      <trkpt lat="49.197618" lon="8.119766"><ele>143.0</ele></trkpt>
      <trkpt lat="49.197546" lon="8.119746"><ele>143.0</ele></trkpt>
      <trkpt lat="49.196843" lon="8.119482"><ele>141.8</ele></trkpt>
      <trkpt lat="49.196776" lon="8.119455"><ele>141.8</ele></trkpt>
      <trkpt lat="49.196717" lon="8.119432"><ele>141.8</ele></trkpt>
      <trkpt lat="49.196675" lon="8.119415"><ele>141.8</ele></trkpt>
      <trkpt lat="49.196632" lon="8.119396"><ele>141.8</ele></trkpt>
      <trkpt lat="49.196500" lon="8.119326"><ele>142.2</ele></trkpt>
      <trkpt lat="49.196355" lon="8.119245"><ele>143.0</ele></trkpt>
      <trkpt lat="49.196275" lon="8.119214"><ele>143.0</ele></trkpt>
      <trkpt lat="49.196218" lon="8.119191"><ele>143.0</ele></trkpt>
      <trkpt lat="49.196158" lon="8.119166"><ele>143.0</ele></trkpt>
      <trkpt lat="49.195985" lon="8.119099"><ele>143.0</ele></trkpt>
      <trkpt lat="49.195834" lon="8.119050"><ele>143.0</ele></trkpt>
      <trkpt lat="49.195323" lon="8.118838"><ele>143.0</ele></trkpt>
      <trkpt lat="49.195114" lon="8.118756"><ele>143.0</ele></trkpt>
      <trkpt lat="49.194934" lon="8.118688"><ele>143.0</ele></trkpt>
      <trkpt lat="49.194902" lon="8.118677"><ele>143.2</ele></trkpt>
      <trkpt lat="49.194880" lon="8.118671"><ele>143.2</ele></trkpt>
      <trkpt lat="49.194864" lon="8.118667"><ele>143.2</ele></trkpt>
      <trkpt lat="49.194791" lon="8.118653"><ele>143.8</ele></trkpt>
      <trkpt lat="49.194669" lon="8.118593"><ele>144.0</ele></trkpt>
      <trkpt lat="49.194635" lon="8.118473"><ele>144.0</ele></trkpt>
      <trkpt lat="49.194599" lon="8.118361"><ele>144.0</ele></trkpt>
      <trkpt lat="49.194592" lon="8.118340"><ele>144.0</ele></trkpt>
      <trkpt lat="49.194562" lon="8.118250"><ele>144.0</ele></trkpt>
      <trkpt lat="49.194505" lon="8.118084"><ele>144.0</ele></trkpt>
      <trkpt lat="49.194351" lon="8.117652"><ele>144.0</ele></trkpt>
      <trkpt lat="49.194328" lon="8.117588"><ele>144.0</ele></trkpt>
      <trkpt lat="49.194309" lon="8.117535"><ele>144.0</ele></trkpt>
      <trkpt lat="49.194245" lon="8.117349"><ele>144.0</ele></trkpt>
      <trkpt lat="49.194193" lon="8.117198"><ele>144.0</ele></trkpt>
      <trkpt lat="49.194148" lon="8.117041"><ele>144.0</ele></trkpt>
      <trkpt lat="49.194035" lon="8.116710"><ele>144.0</ele></trkpt>
      <trkpt lat="49.194016" lon="8.116656"><ele>144.0</ele></trkpt>
      <trkpt lat="49.193973" lon="8.116533"><ele>144.0</ele></trkpt>
      <trkpt lat="49.193959" lon="8.116494"><ele>144.0</ele></trkpt>
      <trkpt lat="49.193907" lon="8.116354"><ele>144.0</ele></trkpt>
      <trkpt lat="49.193858" lon="8.116216"><ele>144.0</ele></trkpt>
      <trkpt lat="49.193844" lon="8.116178"><ele>144.0</ele></trkpt>
      <trkpt lat="49.193779" lon="8.115993"><ele>144.5</ele></trkpt>
      <trkpt lat="49.193717" lon="8.115811"><ele>145.0</ele></trkpt>
      <trkpt lat="49.193637" lon="8.115583"><ele>145.0</ele></trkpt>
      <trkpt lat="49.193578" lon="8.115412"><ele>145.0</ele></trkpt>
      <trkpt lat="49.193346" lon="8.114744"><ele>145.0</ele></trkpt>
      <trkpt lat="49.193270" lon="8.114535"><ele>145.0</ele></trkpt>
      <trkpt lat="49.193250" lon="8.114484"><ele>145.2</ele></trkpt>
      <trkpt lat="49.193222" lon="8.114410"><ele>145.2</ele></trkpt>
      <trkpt lat="49.193186" lon="8.114311"><ele>145.5</ele></trkpt>
      <trkpt lat="49.193087" lon="8.114151"><ele>145.8</ele></trkpt>
      <trkpt lat="49.193076" lon="8.114133"><ele>145.8</ele></trkpt>
      <trkpt lat="49.193012" lon="8.114031"><ele>146.0</ele></trkpt>
      <trkpt lat="49.192989" lon="8.113994"><ele>146.0</ele></trkpt>
      <trkpt lat="49.192556" lon="8.113296"><ele>147.5</ele></trkpt>
      <trkpt lat="49.192484" lon="8.113180"><ele>147.2</ele></trkpt>
      <trkpt lat="49.192470" lon="8.113157"><ele>147.2</ele></trkpt>
      <trkpt lat="49.192453" lon="8.113127"><ele>147.2</ele></trkpt>
      <trkpt lat="49.192372" lon="8.113009"><ele>147.0</ele></trkpt>
      <trkpt lat="49.192217" lon="8.113112"><ele>147.0</ele></trkpt>
      <trkpt lat="49.192210" lon="8.113117"><ele>147.0</ele></trkpt>
      <trkpt lat="49.192197" lon="8.113126"><ele>147.2</ele></trkpt>
      <trkpt lat="49.191987" lon="8.113224"><ele>147.5</ele></trkpt>
      <trkpt lat="49.191908" lon="8.113257"><ele>147.5</ele></trkpt>
      <trkpt lat="49.191821" lon="8.113283"><ele>147.2</ele></trkpt>
      <trkpt lat="49.191602" lon="8.113338"><ele>147.0</ele></trkpt>
      <trkpt lat="49.191224" lon="8.113430"><ele>147.0</ele></trkpt>
      <trkpt lat="49.190751" lon="8.113505"><ele>146.8</ele></trkpt>
      <trkpt lat="49.190242" lon="8.113565"><ele>146.2</ele></trkpt>
      <trkpt lat="49.190047" lon="8.113579"><ele>146.8</ele></trkpt>
      <trkpt lat="49.189758" lon="8.113606"><ele>147.8</ele></trkpt>
      <trkpt lat="49.189563" lon="8.113630"><ele>148.0</ele></trkpt>
      <trkpt lat="49.189502" lon="8.113638"><ele>148.0</ele></trkpt>
      <trkpt lat="49.189254" lon="8.113672"><ele>148.5</ele></trkpt>
      <trkpt lat="49.188748" lon="8.113741"><ele>149.0</ele></trkpt>
      <trkpt lat="49.188496" lon="8.113777"><ele>149.0</ele></trkpt>
      <trkpt lat="49.187941" lon="8.113853"><ele>150.0</ele></trkpt>
      <trkpt lat="49.187602" lon="8.113912"><ele>150.5</ele></trkpt>
      <trkpt lat="49.187371" lon="8.113948"><ele>151.5</ele></trkpt>
      <trkpt lat="49.186998" lon="8.114005"><ele>152.2</ele></trkpt>
      <trkpt lat="49.186892" lon="8.114022"><ele>152.2</ele></trkpt>
      <trkpt lat="49.186793" lon="8.114038"><ele>152.5</ele></trkpt>
      <trkpt lat="49.186617" lon="8.114066"><ele>152.5</ele></trkpt>
      <trkpt lat="49.186399" lon="8.114097"><ele>152.2</ele></trkpt>
      <trkpt lat="49.186293" lon="8.114109"><ele>152.0</ele></trkpt>
      <trkpt lat="49.186236" lon="8.114117"><ele>152.0</ele></trkpt>
      <trkpt lat="49.186136" lon="8.114131"><ele>152.0</ele></trkpt>
      <trkpt lat="49.186077" lon="8.114139"><ele>152.0</ele></trkpt>
      <trkpt lat="49.185976" lon="8.114152"><ele>152.0</ele></trkpt>
      <trkpt lat="49.185903" lon="8.114163"><ele>152.0</ele></trkpt>
      <trkpt lat="49.185792" lon="8.114178"><ele>152.0</ele></trkpt>
      <trkpt lat="49.185531" lon="8.114225"><ele>152.8</ele></trkpt>
      <trkpt lat="49.185476" lon="8.114235"><ele>152.8</ele></trkpt>
      <trkpt lat="49.185316" lon="8.114259"><ele>152.8</ele></trkpt>
      <trkpt lat="49.185109" lon="8.114291"><ele>152.5</ele></trkpt>
      <trkpt lat="49.185004" lon="8.114308"><ele>152.2</ele></trkpt>
      <trkpt lat="49.184920" lon="8.114323"><ele>152.5</ele></trkpt>
      <trkpt lat="49.184364" lon="8.114429"><ele>154.2</ele></trkpt>
      <trkpt lat="49.184182" lon="8.114465"><ele>154.8</ele></trkpt>
      <trkpt lat="49.183472" lon="8.114590"><ele>158.2</ele></trkpt>
      <trkpt lat="49.183187" lon="8.114639"><ele>160.2</ele></trkpt>
      <trkpt lat="49.182979" lon="8.114655"><ele>162.0</ele></trkpt>
      <trkpt lat="49.182785" lon="8.114650"><ele>163.8</ele></trkpt>
      <trkpt lat="49.182650" lon="8.114643"><ele>164.5</ele></trkpt>
      <trkpt lat="49.181584" lon="8.114537"><ele>169.5</ele></trkpt>
      <trkpt lat="49.180749" lon="8.114418"><ele>174.0</ele></trkpt>
      <trkpt lat="49.180189" lon="8.114361"><ele>174.5</ele></trkpt>
      <trkpt lat="49.179655" lon="8.114335"><ele>175.5</ele></trkpt>
      <trkpt lat="49.179493" lon="8.114327"><ele>175.8</ele></trkpt>
      <trkpt lat="49.179127" lon="8.114374"><ele>176.0</ele></trkpt>
      <trkpt lat="49.178804" lon="8.114412"><ele>175.5</ele></trkpt>
      <trkpt lat="49.178425" lon="8.114516"><ele>175.2</ele></trkpt>
      <trkpt lat="49.177716" lon="8.114727"><ele>175.0</ele></trkpt>
      <trkpt lat="49.177551" lon="8.114802"><ele>175.2</ele></trkpt>
      <trkpt lat="49.177224" lon="8.114939"><ele>174.5</ele></trkpt>
      <trkpt lat="49.176986" lon="8.115073"><ele>173.0</ele></trkpt>
      <trkpt lat="49.176863" lon="8.115155"><ele>173.5</ele></trkpt>
      <trkpt lat="49.176127" lon="8.115676"><ele>172.5</ele></trkpt>
      <trkpt lat="49.175500" lon="8.116130"><ele>169.2</ele></trkpt>
      <trkpt lat="49.175137" lon="8.116376"><ele>168.5</ele></trkpt>
      <trkpt lat="49.174625" lon="8.116685"><ele>167.5</ele></trkpt>
      <trkpt lat="49.174209" lon="8.116887"><ele>166.0</ele></trkpt>
      <trkpt lat="49.173905" lon="8.117003"><ele>166.0</ele></trkpt>
      <trkpt lat="49.173593" lon="8.117104"><ele>163.8</ele></trkpt>
      <trkpt lat="49.173351" lon="8.117188"><ele>162.8</ele></trkpt>
      <trkpt lat="49.173027" lon="8.117249"><ele>160.8</ele></trkpt>
      <trkpt lat="49.172731" lon="8.117286"><ele>159.2</ele></trkpt>
      <trkpt lat="49.172400" lon="8.117298"><ele>158.0</ele></trkpt>
      <trkpt lat="49.172262" lon="8.117294"><ele>157.5</ele></trkpt>
      <trkpt lat="49.171872" lon="8.117260"><ele>157.2</ele></trkpt>
      <trkpt lat="49.171646" lon="8.117226"><ele>157.0</ele></trkpt>
      <trkpt lat="49.171373" lon="8.117206"><ele>158.8</ele></trkpt>
      <trkpt lat="49.171180" lon="8.117205"><ele>158.8</ele></trkpt>
      <trkpt lat="49.170982" lon="8.117216"><ele>158.5</ele></trkpt>
      <trkpt lat="49.170795" lon="8.117258"><ele>157.8</ele></trkpt>
      <trkpt lat="49.170622" lon="8.117319"><ele>157.5</ele></trkpt>
      <trkpt lat="49.170516" lon="8.117349"><ele>157.8</ele></trkpt>
      <trkpt lat="49.170365" lon="8.117335"><ele>158.5</ele></trkpt>
      <trkpt lat="49.170281" lon="8.117312"><ele>158.8</ele></trkpt>
      <trkpt lat="49.170185" lon="8.117240"><ele>159.2</ele></trkpt>
      <trkpt lat="49.169945" lon="8.117001"><ele>160.0</ele></trkpt>
      <trkpt lat="49.169882" lon="8.116969"><ele>160.0</ele></trkpt>
      <trkpt lat="49.169768" lon="8.116934"><ele>160.0</ele></trkpt>
      <trkpt lat="49.169540" lon="8.116909"><ele>160.8</ele></trkpt>
      <trkpt lat="49.169412" lon="8.116896"><ele>161.2</ele></trkpt>
      <trkpt lat="49.169256" lon="8.116880"><ele>161.8</ele></trkpt>
      <trkpt lat="49.168955" lon="8.116814"><ele>163.8</ele></trkpt>
      <trkpt lat="49.168757" lon="8.116749"><ele>165.2</ele></trkpt>
      <trkpt lat="49.168650" lon="8.116696"><ele>165.8</ele></trkpt>
      <trkpt lat="49.168450" lon="8.116588"><ele>165.0</ele></trkpt>
      <trkpt lat="49.168321" lon="8.116505"><ele>164.5</ele></trkpt>
      <trkpt lat="49.168115" lon="8.116350"><ele>164.0</ele></trkpt>
      <trkpt lat="49.167705" lon="8.115997"><ele>162.5</ele></trkpt>
      <trkpt lat="49.167065" lon="8.115455"><ele>160.2</ele></trkpt>
      <trkpt lat="49.165990" lon="8.114535"><ele>161.0</ele></trkpt>
      <trkpt lat="49.165453" lon="8.114065"><ele>165.0</ele></trkpt>
      <trkpt lat="49.164932" lon="8.113597"><ele>165.5</ele></trkpt>
      <trkpt lat="49.164592" lon="8.113265"><ele>164.5</ele></trkpt>
      <trkpt lat="49.164298" lon="8.112945"><ele>163.5</ele></trkpt>
      <trkpt lat="49.163873" lon="8.112549"><ele>158.8</ele></trkpt>
      <trkpt lat="49.163709" lon="8.112433"><ele>158.2</ele></trkpt>
      <trkpt lat="49.163564" lon="8.112378"><ele>157.2</ele></trkpt>
      <trkpt lat="49.163416" lon="8.112366"><ele>156.2</ele></trkpt>
      <trkpt lat="49.163349" lon="8.112368"><ele>156.0</ele></trkpt>
      <trkpt lat="49.163003" lon="8.112457"><ele>153.8</ele></trkpt>
      <trkpt lat="49.162801" lon="8.112535"><ele>153.0</ele></trkpt>
      <trkpt lat="49.162530" lon="8.112630"><ele>152.0</ele></trkpt>
      <trkpt lat="49.162491" lon="8.112633"><ele>152.0</ele></trkpt>
      <trkpt lat="49.162468" lon="8.112637"><ele>152.0</ele></trkpt>
      <trkpt lat="49.162313" lon="8.112653"><ele>152.5</ele></trkpt>
      <trkpt lat="49.161967" lon="8.112632"><ele>153.0</ele></trkpt>
      <trkpt lat="49.161354" lon="8.112500"><ele>154.2</ele></trkpt>
      <trkpt lat="49.161188" lon="8.112475"><ele>155.2</ele></trkpt>
      <trkpt lat="49.160735" lon="8.112426"><ele>156.5</ele></trkpt>
      <trkpt lat="49.159989" lon="8.112261"><ele>157.8</ele></trkpt>
      <trkpt lat="49.159617" lon="8.112189"><ele>158.8</ele></trkpt>
      <trkpt lat="49.159555" lon="8.112177"><ele>159.2</ele></trkpt>
      <trkpt lat="49.159393" lon="8.112106"><ele>160.5</ele></trkpt>
      <trkpt lat="49.159138" lon="8.111957"><ele>160.2</ele></trkpt>
      <trkpt lat="49.158823" lon="8.111663"><ele>163.0</ele></trkpt>
      <trkpt lat="49.158224" lon="8.110950"><ele>164.5</ele></trkpt>
      <trkpt lat="49.157562" lon="8.110144"><ele>166.0</ele></trkpt>
      <trkpt lat="49.157313" lon="8.109840"><ele>166.2</ele></trkpt>
      <trkpt lat="49.156798" lon="8.109212"><ele>167.5</ele></trkpt>
      <trkpt lat="49.156473" lon="8.108846"><ele>167.8</ele></trkpt>
      <trkpt lat="49.156370" lon="8.108760"><ele>167.8</ele></trkpt>
      <trkpt lat="49.156267" lon="8.108706"><ele>167.8</ele></trkpt>
      <trkpt lat="49.156157" lon="8.108672"><ele>167.2</ele></trkpt>
      <trkpt lat="49.156158" lon="8.108565"><ele>167.2</ele></trkpt>
      <trkpt lat="49.156126" lon="8.108480"><ele>167.0</ele></trkpt>
      <trkpt lat="49.156058" lon="8.108378"><ele>167.0</ele></trkpt>
      <trkpt lat="49.155945" lon="8.108259"><ele>167.0</ele></trkpt>
      <trkpt lat="49.155499" lon="8.107857"><ele>166.0</ele></trkpt>
      <trkpt lat="49.155044" lon="8.107476"><ele>163.5</ele></trkpt>
      <trkpt lat="49.154447" lon="8.106968"><ele>160.0</ele></trkpt>
      <trkpt lat="49.154323" lon="8.106824"><ele>159.5</ele></trkpt>
      <trkpt lat="49.154193" lon="8.106624"><ele>158.8</ele></trkpt>
      <trkpt lat="49.153611" lon="8.105704"><ele>159.0</ele></trkpt>
      <trkpt lat="49.152885" lon="8.104474"><ele>160.0</ele></trkpt>
      <trkpt lat="49.152330" lon="8.103489"><ele>161.8</ele></trkpt>
      <trkpt lat="49.152138" lon="8.102816"><ele>162.8</ele></trkpt>
      <trkpt lat="49.152091" lon="8.102836"><ele>162.8</ele></trkpt>
      <trkpt lat="49.152070" lon="8.102856"><ele>162.8</ele></trkpt>
      <trkpt lat="49.152028" lon="8.102896"><ele>162.8</ele></trkpt>
      <trkpt lat="49.151943" lon="8.103009"><ele>163.0</ele></trkpt>
      <trkpt lat="49.150872" lon="8.101134"><ele>168.8</ele></trkpt>
      <trkpt lat="49.150784" lon="8.101001"><ele>169.2</ele></trkpt>
      <trkpt lat="49.150653" lon="8.100822"><ele>170.2</ele></trkpt>
      <trkpt lat="49.150334" lon="8.100484"><ele>172.2</ele></trkpt>
      <trkpt lat="49.149947" lon="8.100061"><ele>174.0</ele></trkpt>
      <trkpt lat="49.149871" lon="8.099998"><ele>174.2</ele></trkpt>
      <trkpt lat="49.149496" lon="8.099626"><ele>175.0</ele></trkpt>
      <trkpt lat="49.149318" lon="8.099472"><ele>175.0</ele></trkpt>
      <trkpt lat="49.149191" lon="8.099386"><ele>175.0</ele></trkpt>
      <trkpt lat="49.149054" lon="8.099328"><ele>175.0</ele></trkpt>
      <trkpt lat="49.148131" lon="8.099069"><ele>175.0</ele></trkpt>
      <trkpt lat="49.147847" lon="8.098920"><ele>174.0</ele></trkpt>
      <trkpt lat="49.147723" lon="8.098822"><ele>174.0</ele></trkpt>
      <trkpt lat="49.147628" lon="8.098725"><ele>174.0</ele></trkpt>
      <trkpt lat="49.147419" lon="8.098488"><ele>173.5</ele></trkpt>
      <trkpt lat="49.147264" lon="8.098254"><ele>173.0</ele></trkpt>
      <trkpt lat="49.146477" lon="8.096575"><ele>166.0</ele></trkpt>
      <trkpt lat="49.146322" lon="8.096285"><ele>164.2</ele></trkpt>
      <trkpt lat="49.145893" lon="8.095661"><ele>160.5</ele></trkpt>
      <trkpt lat="49.145704" lon="8.095330"><ele>158.8</ele></trkpt>
      <trkpt lat="49.145377" lon="8.094714"><ele>155.8</ele></trkpt>
      <trkpt lat="49.145238" lon="8.094487"><ele>155.0</ele></trkpt>
      <trkpt lat="49.144818" lon="8.093769"><ele>154.8</ele></trkpt>
      <trkpt lat="49.144730" lon="8.093636"><ele>154.0</ele></trkpt>
      <trkpt lat="49.144615" lon="8.093485"><ele>154.2</ele></trkpt>
      <trkpt lat="49.143894" lon="8.092736"><ele>152.2</ele></trkpt>
      <trkpt lat="49.143738" lon="8.092527"><ele>152.2</ele></trkpt>
      <trkpt lat="49.143596" lon="8.092305"><ele>150.8</ele></trkpt>
      <trkpt lat="49.143471" lon="8.092048"><ele>150.2</ele></trkpt>
      <trkpt lat="49.143353" lon="8.091767"><ele>149.8</ele></trkpt>
      <trkpt lat="49.143232" lon="8.091445"><ele>149.2</ele></trkpt>
      <trkpt lat="49.142970" lon="8.090628"><ele>147.8</ele></trkpt>
      <trkpt lat="49.142832" lon="8.090271"><ele>147.0</ele></trkpt>
      <trkpt lat="49.142765" lon="8.090106"><ele>147.5</ele></trkpt>
      <trkpt lat="49.142594" lon="8.089753"><ele>146.8</ele></trkpt>
      <trkpt lat="49.142522" lon="8.089618"><ele>146.0</ele></trkpt>
      <trkpt lat="49.142491" lon="8.089564"><ele>146.0</ele></trkpt>
      <trkpt lat="49.142455" lon="8.089500"><ele>146.0</ele></trkpt>
      <trkpt lat="49.142377" lon="8.089370"><ele>146.5</ele></trkpt>
      <trkpt lat="49.141346" lon="8.087622"><ele>148.5</ele></trkpt>
      <trkpt lat="49.140806" lon="8.086692"><ele>151.0</ele></trkpt>
      <trkpt lat="49.140395" lon="8.085978"><ele>154.2</ele></trkpt>
      <trkpt lat="49.140295" lon="8.085651"><ele>154.8</ele></trkpt>
      <trkpt lat="49.140244" lon="8.085492"><ele>155.2</ele></trkpt>
      <trkpt lat="49.140229" lon="8.085408"><ele>155.5</ele></trkpt>
      <trkpt lat="49.140217" lon="8.085348"><ele>155.8</ele></trkpt>
      <trkpt lat="49.140233" lon="8.085290"><ele>155.8</ele></trkpt>
      <trkpt lat="49.140238" lon="8.085227"><ele>156.0</ele></trkpt>
      <trkpt lat="49.140232" lon="8.085164"><ele>156.0</ele></trkpt>
      <trkpt lat="49.140217" lon="8.085112"><ele>156.0</ele></trkpt>
      <trkpt lat="49.140194" lon="8.085067"><ele>156.0</ele></trkpt>
      <trkpt lat="49.140165" lon="8.085031"><ele>156.2</ele></trkpt>
      <trkpt lat="49.140150" lon="8.084969"><ele>156.5</ele></trkpt>
      <trkpt lat="49.140138" lon="8.084797"><ele>156.8</ele></trkpt>
      <trkpt lat="49.140141" lon="8.084588"><ele>157.0</ele></trkpt>
      <trkpt lat="49.140143" lon="8.084465"><ele>157.0</ele></trkpt>
      <trkpt lat="49.140150" lon="8.084422"><ele>157.0</ele></trkpt>
      <trkpt lat="49.140174" lon="8.084292"><ele>157.0</ele></trkpt>
      <trkpt lat="49.140298" lon="8.083609"><ele>158.0</ele></trkpt>
      <trkpt lat="49.140397" lon="8.083058"><ele>158.0</ele></trkpt>
      <trkpt lat="49.140418" lon="8.082849"><ele>158.2</ele></trkpt>
      <trkpt lat="49.140407" lon="8.082715"><ele>158.0</ele></trkpt>
      <trkpt lat="49.140370" lon="8.082576"><ele>157.0</ele></trkpt>
      <trkpt lat="49.140331" lon="8.082487"><ele>156.2</ele></trkpt>
      <trkpt lat="49.140293" lon="8.082417"><ele>156.2</ele></trkpt>
      <trkpt lat="49.140238" lon="8.082354"><ele>156.5</ele></trkpt>
      <trkpt lat="49.140187" lon="8.082309"><ele>156.8</ele></trkpt>
      <trkpt lat="49.139917" lon="8.082184"><ele>155.5</ele></trkpt>
      <trkpt lat="49.139647" lon="8.082093"><ele>151.5</ele></trkpt>
      <trkpt lat="49.139596" lon="8.082080"><ele>151.2</ele></trkpt>
      <trkpt lat="49.138756" lon="8.081933"><ele>147.0</ele></trkpt>
      <trkpt lat="49.138688" lon="8.081917"><ele>146.5</ele></trkpt>
      <trkpt lat="49.138300" lon="8.081831"><ele>146.0</ele></trkpt>
      <trkpt lat="49.138184" lon="8.081792"><ele>146.0</ele></trkpt>
      <trkpt lat="49.138067" lon="8.081749"><ele>146.0</ele></trkpt>
      <trkpt lat="49.138024" lon="8.081734"><ele>146.0</ele></trkpt>
      <trkpt lat="49.137665" lon="8.081606"><ele>146.0</ele></trkpt>
      <trkpt lat="49.137027" lon="8.081378"><ele>146.5</ele></trkpt>
      <trkpt lat="49.136959" lon="8.081353"><ele>146.8</ele></trkpt>
      <trkpt lat="49.136648" lon="8.081266"><ele>147.0</ele></trkpt>
      <trkpt lat="49.136592" lon="8.081251"><ele>147.0</ele></trkpt>
      <trkpt lat="49.136323" lon="8.081198"><ele>147.0</ele></trkpt>
      <trkpt lat="49.136208" lon="8.081184"><ele>147.5</ele></trkpt>
      <trkpt lat="49.135801" lon="8.081133"><ele>148.0</ele></trkpt>
      <trkpt lat="49.135765" lon="8.081100"><ele>148.0</ele></trkpt>
      <trkpt lat="49.135732" lon="8.081030"><ele>148.2</ele></trkpt>
      <trkpt lat="49.135614" lon="8.080341"><ele>149.8</ele></trkpt>
      <trkpt lat="49.135536" lon="8.079861"><ele>150.0</ele></trkpt>
      <trkpt lat="49.135409" lon="8.079306"><ele>151.8</ele></trkpt>
      <trkpt lat="49.135371" lon="8.079144"><ele>152.0</ele></trkpt>
      <trkpt lat="49.135329" lon="8.078971"><ele>152.0</ele></trkpt>
      <trkpt lat="49.135288" lon="8.078795"><ele>152.2</ele></trkpt>
      <trkpt lat="49.135256" lon="8.078648"><ele>152.8</ele></trkpt>
      <trkpt lat="49.135071" lon="8.077786"><ele>154.8</ele></trkpt>
      <trkpt lat="49.135046" lon="8.077655"><ele>155.0</ele></trkpt>
      <trkpt lat="49.134992" lon="8.077388"><ele>156.2</ele></trkpt>
      <trkpt lat="49.134923" lon="8.077059"><ele>160.2</ele></trkpt>
      <trkpt lat="49.134841" lon="8.076694"><ele>160.8</ele></trkpt>
      <trkpt lat="49.134778" lon="8.076436"><ele>159.5</ele></trkpt>
      <trkpt lat="49.134676" lon="8.076126"><ele>162.0</ele></trkpt>
      <trkpt lat="49.134495" lon="8.075723"><ele>164.0</ele></trkpt>
      <trkpt lat="49.134258" lon="8.075348"><ele>166.2</ele></trkpt>
      <trkpt lat="49.133858" lon="8.074774"><ele>167.8</ele></trkpt>
      <trkpt lat="49.133666" lon="8.074428"><ele>169.8</ele></trkpt>
      <trkpt lat="49.133539" lon="8.074158"><ele>170.8</ele></trkpt>
      <trkpt lat="49.132845" lon="8.072480"><ele>179.0</ele></trkpt>
      <trkpt lat="49.132710" lon="8.072214"><ele>180.0</ele></trkpt>
      <trkpt lat="49.132572" lon="8.071988"><ele>181.0</ele></trkpt>
      <trkpt lat="49.132284" lon="8.071604"><ele>184.8</ele></trkpt>
      <trkpt lat="49.132171" lon="8.071431"><ele>186.0</ele></trkpt>
      <trkpt lat="49.132079" lon="8.071228"><ele>187.2</ele></trkpt>
      <trkpt lat="49.132015" lon="8.071052"><ele>187.8</ele></trkpt>
      <trkpt lat="49.131796" lon="8.069892"><ele>190.5</ele></trkpt>
      <trkpt lat="49.131362" lon="8.067479"><ele>193.0</ele></trkpt>
      <trkpt lat="49.131196" lon="8.066620"><ele>192.8</ele></trkpt>
      <trkpt lat="49.130732" lon="8.064260"><ele>194.0</ele></trkpt>
      <trkpt lat="49.130336" lon="8.062215"><ele>195.8</ele></trkpt>
      <trkpt lat="49.130180" lon="8.061457"><ele>196.2</ele></trkpt>
      <trkpt lat="49.130017" lon="8.060735"><ele>197.0</ele></trkpt>
      <trkpt lat="49.129748" lon="8.059774"><ele>196.0</ele></trkpt>
      <trkpt lat="49.129146" lon="8.057699"><ele>194.5</ele></trkpt>
      <trkpt lat="49.128968" lon="8.057117"><ele>193.8</ele></trkpt>
      <trkpt lat="49.128772" lon="8.056565"><ele>193.2</ele></trkpt>
      <trkpt lat="49.128619" lon="8.056173"><ele>192.8</ele></trkpt>
      <trkpt lat="49.128402" lon="8.055681"><ele>191.2</ele></trkpt>
      <trkpt lat="49.128139" lon="8.055157"><ele>190.0</ele></trkpt>
      <trkpt lat="49.127524" lon="8.054032"><ele>186.5</ele></trkpt>
      <trkpt lat="49.126929" lon="8.052969"><ele>182.5</ele></trkpt>
      <trkpt lat="49.126314" lon="8.051834"><ele>178.0</ele></trkpt>
      <trkpt lat="49.125420" lon="8.050233"><ele>171.5</ele></trkpt>
      <trkpt lat="49.124835" lon="8.049234"><ele>167.2</ele></trkpt>
      <trkpt lat="49.124244" lon="8.048348"><ele>163.8</ele></trkpt>
      <trkpt lat="49.123460" lon="8.047144"><ele>160.2</ele></trkpt>
      <trkpt lat="49.122949" lon="8.046303"><ele>158.5</ele></trkpt>
      <trkpt lat="49.122665" lon="8.045780"><ele>158.0</ele></trkpt>
      <trkpt lat="49.122383" lon="8.045207"><ele>157.5</ele></trkpt>
      <trkpt lat="49.122050" lon="8.044493"><ele>157.8</ele></trkpt>
      <trkpt lat="49.121808" lon="8.043976"><ele>157.8</ele></trkpt>
      <trkpt lat="49.121549" lon="8.043461"><ele>158.2</ele></trkpt>
      <trkpt lat="49.121287" lon="8.042989"><ele>159.0</ele></trkpt>
      <trkpt lat="49.121090" lon="8.042668"><ele>160.0</ele></trkpt>
      <trkpt lat="49.120878" lon="8.042364"><ele>160.2</ele></trkpt>
      <trkpt lat="49.120636" lon="8.042057"><ele>162.2</ele></trkpt>
      <trkpt lat="49.120387" lon="8.041769"><ele>163.8</ele></trkpt>
      <trkpt lat="49.120126" lon="8.041505"><ele>165.5</ele></trkpt>
      <trkpt lat="49.119857" lon="8.041254"><ele>167.8</ele></trkpt>
      <trkpt lat="49.118711" lon="8.040222"><ele>172.5</ele></trkpt>
      <trkpt lat="49.118439" lon="8.039916"><ele>171.5</ele></trkpt>
      <trkpt lat="49.118145" lon="8.039663"><ele>170.5</ele></trkpt>
      <trkpt lat="49.118046" lon="8.039628"><ele>169.8</ele></trkpt>
      <trkpt lat="49.117750" lon="8.039431"><ele>168.8</ele></trkpt>
      <trkpt lat="49.117447" lon="8.039254"><ele>166.8</ele></trkpt>
      <trkpt lat="49.117059" lon="8.039074"><ele>164.2</ele></trkpt>
      <trkpt lat="49.116922" lon="8.039013"><ele>163.8</ele></trkpt>
      <trkpt lat="49.116641" lon="8.038865"><ele>161.8</ele></trkpt>
      <trkpt lat="49.116447" lon="8.038713"><ele>161.2</ele></trkpt>
      <trkpt lat="49.116278" lon="8.038539"><ele>161.0</ele></trkpt>
      <trkpt lat="49.116124" lon="8.038338"><ele>161.0</ele></trkpt>
      <trkpt lat="49.115979" lon="8.038120"><ele>160.5</ele></trkpt>
      <trkpt lat="49.115852" lon="8.037876"><ele>160.0</ele></trkpt>
      <trkpt lat="49.115760" lon="8.037665"><ele>160.0</ele></trkpt>
      <trkpt lat="49.115678" lon="8.037447"><ele>160.0</ele></trkpt>
      <trkpt lat="49.115549" lon="8.037002"><ele>161.0</ele></trkpt>
      <trkpt lat="49.115513" lon="8.036855"><ele>160.8</ele></trkpt>
      <trkpt lat="49.115459" lon="8.036638"><ele>160.8</ele></trkpt>
      <trkpt lat="49.115451" lon="8.036499"><ele>161.0</ele></trkpt>
      <trkpt lat="49.115377" lon="8.036310"><ele>161.5</ele></trkpt>
      <trkpt lat="49.115298" lon="8.036171"><ele>161.8</ele></trkpt>
      <trkpt lat="49.115221" lon="8.036117"><ele>162.0</ele></trkpt>
      <trkpt lat="49.115069" lon="8.035848"><ele>163.5</ele></trkpt>
      <trkpt lat="49.114960" lon="8.035675"><ele>164.0</ele></trkpt>
      <trkpt lat="49.114842" lon="8.035412"><ele>164.8</ele></trkpt>
      <trkpt lat="49.114664" lon="8.035016"><ele>165.8</ele></trkpt>
      <trkpt lat="49.114534" lon="8.034617"><ele>168.2</ele></trkpt>
      <trkpt lat="49.114533" lon="8.034611"><ele>168.2</ele></trkpt>
      <trkpt lat="49.114255" lon="8.033311"><ele>171.5</ele></trkpt>
      <trkpt lat="49.114076" lon="8.032635"><ele>174.5</ele></trkpt>
      <trkpt lat="49.113835" lon="8.031829"><ele>177.8</ele></trkpt>
      <trkpt lat="49.113593" lon="8.031120"><ele>180.2</ele></trkpt>
      <trkpt lat="49.113433" lon="8.030703"><ele>182.5</ele></trkpt>
      <trkpt lat="49.113341" lon="8.030466"><ele>183.8</ele></trkpt>
      <trkpt lat="49.113074" lon="8.029904"><ele>186.2</ele></trkpt>
      <trkpt lat="49.112928" lon="8.029640"><ele>187.2</ele></trkpt>
      <trkpt lat="49.112765" lon="8.029376"><ele>188.2</ele></trkpt>
      <trkpt lat="49.112376" lon="8.028840"><ele>190.8</ele></trkpt>
      <trkpt lat="49.111751" lon="8.028122"><ele>190.0</ele></trkpt>
      <trkpt lat="49.111556" lon="8.027872"><ele>188.8</ele></trkpt>
      <trkpt lat="49.111328" lon="8.027537"><ele>187.8</ele></trkpt>
      <trkpt lat="49.111103" lon="8.027134"><ele>187.2</ele></trkpt>
      <trkpt lat="49.110875" lon="8.026658"><ele>188.8</ele></trkpt>
      <trkpt lat="49.110627" lon="8.026006"><ele>189.0</ele></trkpt>
      <trkpt lat="49.110460" lon="8.025534"><ele>189.8</ele></trkpt>
      <trkpt lat="49.110118" lon="8.024617"><ele>189.8</ele></trkpt>
      <trkpt lat="49.109869" lon="8.024047"><ele>188.5</ele></trkpt>
      <trkpt lat="49.109477" lon="8.023148"><ele>186.2</ele></trkpt>
      <trkpt lat="49.109271" lon="8.022645"><ele>185.2</ele></trkpt>
      <trkpt lat="49.109167" lon="8.022362"><ele>185.0</ele></trkpt>
      <trkpt lat="49.109046" lon="8.021960"><ele>184.5</ele></trkpt>
      <trkpt lat="49.108976" lon="8.021686"><ele>184.2</ele></trkpt>
      <trkpt lat="49.108903" lon="8.021313"><ele>183.8</ele></trkpt>
      <trkpt lat="49.108704" lon="8.020077"><ele>182.2</ele></trkpt>
      <trkpt lat="49.108555" lon="8.019164"><ele>181.5</ele></trkpt>
      <trkpt lat="49.108466" lon="8.018670"><ele>180.8</ele></trkpt>
      <trkpt lat="49.108368" lon="8.018223"><ele>180.0</ele></trkpt>
      <trkpt lat="49.108271" lon="8.017872"><ele>179.5</ele></trkpt>
      <trkpt lat="49.108110" lon="8.017430"><ele>179.0</ele></trkpt>
      <trkpt lat="49.108039" lon="8.017250"><ele>178.8</ele></trkpt>
      <trkpt lat="49.107978" lon="8.017088"><ele>178.5</ele></trkpt>
      <trkpt lat="49.107770" lon="8.016547"><ele>177.5</ele></trkpt>
      <trkpt lat="49.107516" lon="8.015881"><ele>176.0</ele></trkpt>
      <trkpt lat="49.107111" lon="8.014822"><ele>175.2</ele></trkpt>
      <trkpt lat="49.106877" lon="8.014193"><ele>172.0</ele></trkpt>
      <trkpt lat="49.106560" lon="8.013393"><ele>170.5</ele></trkpt>
      <trkpt lat="49.106127" lon="8.012266"><ele>168.0</ele></trkpt>
      <trkpt lat="49.105991" lon="8.011883"><ele>168.0</ele></trkpt>
      <trkpt lat="49.105932" lon="8.011560"><ele>168.0</ele></trkpt>
      <trkpt lat="49.105927" lon="8.011510"><ele>168.0</ele></trkpt>
      <trkpt lat="49.105951" lon="8.011472"><ele>168.0</ele></trkpt>
      <trkpt lat="49.105968" lon="8.011426"><ele>168.0</ele></trkpt>
      <trkpt lat="49.105977" lon="8.011375"><ele>168.0</ele></trkpt>
      <trkpt lat="49.105976" lon="8.011308"><ele>168.0</ele></trkpt>
      <trkpt lat="49.105960" lon="8.011245"><ele>168.0</ele></trkpt>
      <trkpt lat="49.105931" lon="8.011191"><ele>168.0</ele></trkpt>
      <trkpt lat="49.105893" lon="8.011155"><ele>168.0</ele></trkpt>
      <trkpt lat="49.105848" lon="8.011140"><ele>168.0</ele></trkpt>
      <trkpt lat="49.105786" lon="8.011005"><ele>168.0</ele></trkpt>
      <trkpt lat="49.105727" lon="8.010778"><ele>168.0</ele></trkpt>
      <trkpt lat="49.105633" lon="8.010516"><ele>168.0</ele></trkpt>
      <trkpt lat="49.105600" lon="8.010372"><ele>168.0</ele></trkpt>
      <trkpt lat="49.105484" lon="8.009886"><ele>167.5</ele></trkpt>
      <trkpt lat="49.105421" lon="8.009662"><ele>167.5</ele></trkpt>
      <trkpt lat="49.105379" lon="8.009521"><ele>167.5</ele></trkpt>
      <trkpt lat="49.105280" lon="8.009226"><ele>167.8</ele></trkpt>
      <trkpt lat="49.105245" lon="8.009120"><ele>168.0</ele></trkpt>
      <trkpt lat="49.105126" lon="8.008801"><ele>168.5</ele></trkpt>
      <trkpt lat="49.104961" lon="8.008387"><ele>168.5</ele></trkpt>
      <trkpt lat="49.104738" lon="8.007889"><ele>168.0</ele></trkpt>
      <trkpt lat="49.104652" lon="8.007711"><ele>168.0</ele></trkpt>
      <trkpt lat="49.104532" lon="8.007459"><ele>168.5</ele></trkpt>
      <trkpt lat="49.104389" lon="8.007157"><ele>168.8</ele></trkpt>
      <trkpt lat="49.104306" lon="8.006938"><ele>168.5</ele></trkpt>
      <trkpt lat="49.104262" lon="8.006819"><ele>168.2</ele></trkpt>
      <trkpt lat="49.104157" lon="8.006531"><ele>168.2</ele></trkpt>
      <trkpt lat="49.104096" lon="8.006365"><ele>168.5</ele></trkpt>
      <trkpt lat="49.104050" lon="8.006181"><ele>168.8</ele></trkpt>
      <trkpt lat="49.103970" lon="8.005854"><ele>169.5</ele></trkpt>
      <trkpt lat="49.103906" lon="8.005524"><ele>169.0</ele></trkpt>
      <trkpt lat="49.103870" lon="8.005027"><ele>168.8</ele></trkpt>
      <trkpt lat="49.103863" lon="8.004835"><ele>168.8</ele></trkpt>
      <trkpt lat="49.103864" lon="8.004611"><ele>169.2</ele></trkpt>
      <trkpt lat="49.103893" lon="8.003753"><ele>171.0</ele></trkpt>
      <trkpt lat="49.103900" lon="8.003571"><ele>171.0</ele></trkpt>
      <trkpt lat="49.103918" lon="8.003142"><ele>171.0</ele></trkpt>
      <trkpt lat="49.103922" lon="8.003081"><ele>171.0</ele></trkpt>
      <trkpt lat="49.103934" lon="8.002829"><ele>171.2</ele></trkpt>
      <trkpt lat="49.103930" lon="8.002537"><ele>170.2</ele></trkpt>
      <trkpt lat="49.103923" lon="8.002213"><ele>170.0</ele></trkpt>
      <trkpt lat="49.103880" lon="8.002050"><ele>169.8</ele></trkpt>
      <trkpt lat="49.103855" lon="8.001980"><ele>169.8</ele></trkpt>
      <trkpt lat="49.103902" lon="8.001843"><ele>170.0</ele></trkpt>
      <trkpt lat="49.103685" lon="8.000797"><ele>169.0</ele></trkpt>
      <trkpt lat="49.103472" lon="7.999743"><ele>169.2</ele></trkpt>
      <trkpt lat="49.103304" lon="7.999834"><ele>169.0</ele></trkpt>
      <trkpt lat="49.103302" lon="7.999827"><ele>169.0</ele></trkpt>
      <trkpt lat="49.103304" lon="7.999834"><ele>169.0</ele></trkpt>
      <trkpt lat="49.103227" lon="7.999876"><ele>169.0</ele></trkpt>
      <trkpt lat="49.102863" lon="8.000071"><ele>169.0</ele></trkpt>
      <trkpt lat="49.102785" lon="8.000113"><ele>168.8</ele></trkpt>
      <trkpt lat="49.102794" lon="8.000419"><ele>169.0</ele></trkpt>
      <trkpt lat="49.102233" lon="8.000579"><ele>169.0</ele></trkpt>
      <trkpt lat="49.101819" lon="8.000795"><ele>169.2</ele></trkpt>
      <trkpt lat="49.101636" lon="8.000893"><ele>170.0</ele></trkpt>
      <trkpt lat="49.101268" lon="8.001071"><ele>170.2</ele></trkpt>
      <trkpt lat="49.101231" lon="8.001105"><ele>170.5</ele></trkpt>
      <trkpt lat="49.101205" lon="8.001141"><ele>170.5</ele></trkpt>
      <trkpt lat="49.101176" lon="8.001173"><ele>170.8</ele></trkpt>
      <trkpt lat="49.101105" lon="8.001209"><ele>171.0</ele></trkpt>
      <trkpt lat="49.101084" lon="8.001221"><ele>171.0</ele></trkpt>
      <trkpt lat="49.100678" lon="8.001438"><ele>173.5</ele></trkpt>
      <trkpt lat="49.099610" lon="8.001916"><ele>181.5</ele></trkpt>
      <trkpt lat="49.099574" lon="8.001924"><ele>181.8</ele></trkpt>
      <trkpt lat="49.099091" lon="8.002114"><ele>184.2</ele></trkpt>
      <trkpt lat="49.098666" lon="8.002203"><ele>186.5</ele></trkpt>
      <trkpt lat="49.098505" lon="8.002234"><ele>187.2</ele></trkpt>
      <trkpt lat="49.098439" lon="8.002245"><ele>187.5</ele></trkpt>
      <trkpt lat="49.097652" lon="8.002373"><ele>190.8</ele></trkpt>
      <trkpt lat="49.097542" lon="8.002378"><ele>191.5</ele></trkpt>
      <trkpt lat="49.097489" lon="8.002377"><ele>192.0</ele></trkpt>
      <trkpt lat="49.097251" lon="8.002356"><ele>192.8</ele></trkpt>
      <trkpt lat="49.096881" lon="8.002354"><ele>194.5</ele></trkpt>
      <trkpt lat="49.096813" lon="8.002349"><ele>194.8</ele></trkpt>
      <trkpt lat="49.096736" lon="8.002347"><ele>195.0</ele></trkpt>
      <trkpt lat="49.096238" lon="8.002314"><ele>197.2</ele></trkpt>
      <trkpt lat="49.096118" lon="8.002317"><ele>197.5</ele></trkpt>
      <trkpt lat="49.096080" lon="8.002346"><ele>197.5</ele></trkpt>
      <trkpt lat="49.096057" lon="8.002410"><ele>197.5</ele></trkpt>
      <trkpt lat="49.095960" lon="8.002932"><ele>196.5</ele></trkpt>
      <trkpt lat="49.095834" lon="8.003627"><ele>194.0</ele></trkpt>
      <trkpt lat="49.095766" lon="8.004027"><ele>194.0</ele></trkpt>
      <trkpt lat="49.095749" lon="8.004360"><ele>195.0</ele></trkpt>
      <trkpt lat="49.095749" lon="8.004397"><ele>195.2</ele></trkpt>
      <trkpt lat="49.095258" lon="8.004270"><ele>196.2</ele></trkpt>
      <trkpt lat="49.095112" lon="8.004229"><ele>196.5</ele></trkpt>
      <trkpt lat="49.095078" lon="8.004219"><ele>196.8</ele></trkpt>
      <trkpt lat="49.094996" lon="8.004165"><ele>197.0</ele></trkpt>
      <trkpt lat="49.094865" lon="8.004141"><ele>197.8</ele></trkpt>
      <trkpt lat="49.094785" lon="8.004118"><ele>198.2</ele></trkpt>
      <trkpt lat="49.094742" lon="8.004107"><ele>198.5</ele></trkpt>
      <trkpt lat="49.094722" lon="8.004057"><ele>198.5</ele></trkpt>
      <trkpt lat="49.094693" lon="8.004018"><ele>198.5</ele></trkpt>
      <trkpt lat="49.094666" lon="8.003998"><ele>198.5</ele></trkpt>
      <trkpt lat="49.094623" lon="8.003988"><ele>198.5</ele></trkpt>
      <trkpt lat="49.094594" lon="8.003993"><ele>198.5</ele></trkpt>
      <trkpt lat="49.094553" lon="8.004020"><ele>198.8</ele></trkpt>
      <trkpt lat="49.094523" lon="8.004063"><ele>198.8</ele></trkpt>
      <trkpt lat="49.094503" lon="8.004119"><ele>198.8</ele></trkpt>
      <trkpt lat="49.094441" lon="8.004177"><ele>198.8</ele></trkpt>
      <trkpt lat="49.094210" lon="8.004316"><ele>198.8</ele></trkpt>
      <trkpt lat="49.094065" lon="8.004459"><ele>199.5</ele></trkpt>
      <trkpt lat="49.093963" lon="8.004554"><ele>199.8</ele></trkpt>
      <trkpt lat="49.093863" lon="8.004666"><ele>200.2</ele></trkpt>
      <trkpt lat="49.093722" lon="8.004868"><ele>201.2</ele></trkpt>
      <trkpt lat="49.093637" lon="8.005018"><ele>201.8</ele></trkpt>
      <trkpt lat="49.093553" lon="8.005201"><ele>202.2</ele></trkpt>
      <trkpt lat="49.093507" lon="8.005318"><ele>202.5</ele></trkpt>
      <trkpt lat="49.093442" lon="8.005530"><ele>203.0</ele></trkpt>
      <trkpt lat="49.093381" lon="8.005813"><ele>203.8</ele></trkpt>
      <trkpt lat="49.093334" lon="8.006134"><ele>201.8</ele></trkpt>
      <trkpt lat="49.093314" lon="8.006347"><ele>201.2</ele></trkpt>
      <trkpt lat="49.093259" lon="8.007165"><ele>201.0</ele></trkpt>
      <trkpt lat="49.093226" lon="8.007482"><ele>201.5</ele></trkpt>
      <trkpt lat="49.093179" lon="8.007781"><ele>200.8</ele></trkpt>
      <trkpt lat="49.093131" lon="8.007990"><ele>199.5</ele></trkpt>
      <trkpt lat="49.093052" lon="8.008253"><ele>197.2</ele></trkpt>
      <trkpt lat="49.093012" lon="8.008363"><ele>197.8</ele></trkpt>
      <trkpt lat="49.092961" lon="8.008494"><ele>198.8</ele></trkpt>
      <trkpt lat="49.092846" lon="8.008737"><ele>197.2</ele></trkpt>
      <trkpt lat="49.092727" lon="8.008931"><ele>196.0</ele></trkpt>
      <trkpt lat="49.092547" lon="8.009172"><ele>194.5</ele></trkpt>
      <trkpt lat="49.092352" lon="8.009372"><ele>194.0</ele></trkpt>
      <trkpt lat="49.092182" lon="8.009503"><ele>192.5</ele></trkpt>
      <trkpt lat="49.092007" lon="8.009610"><ele>190.8</ele></trkpt>
      <trkpt lat="49.091899" lon="8.009663"><ele>188.8</ele></trkpt>
      <trkpt lat="49.091593" lon="8.009772"><ele>186.8</ele></trkpt>
      <trkpt lat="49.091483" lon="8.009796"><ele>186.8</ele></trkpt>
      <trkpt lat="49.091239" lon="8.009829"><ele>186.0</ele></trkpt>
      <trkpt lat="49.090993" lon="8.009834"><ele>184.0</ele></trkpt>
      <trkpt lat="49.090857" lon="8.009822"><ele>182.2</ele></trkpt>
      <trkpt lat="49.090586" lon="8.009774"><ele>179.2</ele></trkpt>
      <trkpt lat="49.090444" lon="8.009733"><ele>178.0</ele></trkpt>
      <trkpt lat="49.090214" lon="8.009650"><ele>177.0</ele></trkpt>
      <trkpt lat="49.090108" lon="8.009602"><ele>176.2</ele></trkpt>
      <trkpt lat="49.089729" lon="8.009385"><ele>174.8</ele></trkpt>
      <trkpt lat="49.089574" lon="8.009287"><ele>173.5</ele></trkpt>
      <trkpt lat="49.089040" lon="8.008922"><ele>172.2</ele></trkpt>
      <trkpt lat="49.088483" lon="8.008564"><ele>172.0</ele></trkpt>
      <trkpt lat="49.088208" lon="8.008398"><ele>172.8</ele></trkpt>
      <trkpt lat="49.087944" lon="8.008256"><ele>173.5</ele></trkpt>
      <trkpt lat="49.087664" lon="8.008128"><ele>174.8</ele></trkpt>
      <trkpt lat="49.087371" lon="8.008009"><ele>176.2</ele></trkpt>
      <trkpt lat="49.087081" lon="8.007915"><ele>179.0</ele></trkpt>
      <trkpt lat="49.086659" lon="8.007777"><ele>181.0</ele></trkpt>
      <trkpt lat="49.086272" lon="8.007610"><ele>184.0</ele></trkpt>
      <trkpt lat="49.085913" lon="8.007433"><ele>185.0</ele></trkpt>
      <trkpt lat="49.085342" lon="8.007158"><ele>185.0</ele></trkpt>
      <trkpt lat="49.084507" lon="8.006781"><ele>184.8</ele></trkpt>
      <trkpt lat="49.084311" lon="8.006710"><ele>184.0</ele></trkpt>
      <trkpt lat="49.084054" lon="8.006667"><ele>183.0</ele></trkpt>
      <trkpt lat="49.083892" lon="8.006717"><ele>182.0</ele></trkpt>
      <trkpt lat="49.083613" lon="8.006854"><ele>181.5</ele></trkpt>
      <trkpt lat="49.083318" lon="8.006932"><ele>181.8</ele></trkpt>
      <trkpt lat="49.082869" lon="8.006994"><ele>179.2</ele></trkpt>
      <trkpt lat="49.082334" lon="8.007081"><ele>176.2</ele></trkpt>
      <trkpt lat="49.081801" lon="8.007183"><ele>174.2</ele></trkpt>
      <trkpt lat="49.081079" lon="8.007309"><ele>174.0</ele></trkpt>
      <trkpt lat="49.080780" lon="8.007378"><ele>174.5</ele></trkpt>
      <trkpt lat="49.080264" lon="8.007579"><ele>176.8</ele></trkpt>
      <trkpt lat="49.079963" lon="8.007754"><ele>179.2</ele></trkpt>
      <trkpt lat="49.079816" lon="8.007870"><ele>180.8</ele></trkpt>
      <trkpt lat="49.079611" lon="8.008057"><ele>183.8</ele></trkpt>
      <trkpt lat="49.079417" lon="8.008314"><ele>184.8</ele></trkpt>
      <trkpt lat="49.079136" lon="8.008817"><ele>183.8</ele></trkpt>
      <trkpt lat="49.078475" lon="8.010197"><ele>183.8</ele></trkpt>
      <trkpt lat="49.078350" lon="8.010437"><ele>185.2</ele></trkpt>
      <trkpt lat="49.078224" lon="8.010631"><ele>187.2</ele></trkpt>
      <trkpt lat="49.078039" lon="8.010846"><ele>190.0</ele></trkpt>
      <trkpt lat="49.077839" lon="8.011049"><ele>192.2</ele></trkpt>
      <trkpt lat="49.077659" lon="8.011241"><ele>193.5</ele></trkpt>
      <trkpt lat="49.077461" lon="8.011401"><ele>194.0</ele></trkpt>
      <trkpt lat="49.077260" lon="8.011551"><ele>194.5</ele></trkpt>
      <trkpt lat="49.076445" lon="8.012059"><ele>194.0</ele></trkpt>
      <trkpt lat="49.076326" lon="8.012145"><ele>193.8</ele></trkpt>
      <trkpt lat="49.076208" lon="8.012254"><ele>193.2</ele></trkpt>
      <trkpt lat="49.076136" lon="8.012343"><ele>193.0</ele></trkpt>
      <trkpt lat="49.076073" lon="8.012454"><ele>192.8</ele></trkpt>
      <trkpt lat="49.076015" lon="8.012609"><ele>192.5</ele></trkpt>
      <trkpt lat="49.075963" lon="8.012790"><ele>191.8</ele></trkpt>
      <trkpt lat="49.075918" lon="8.012978"><ele>191.5</ele></trkpt>
      <trkpt lat="49.075865" lon="8.013265"><ele>191.0</ele></trkpt>
      <trkpt lat="49.075752" lon="8.013794"><ele>190.5</ele></trkpt>
      <trkpt lat="49.075690" lon="8.014029"><ele>190.2</ele></trkpt>
      <trkpt lat="49.075547" lon="8.014506"><ele>190.8</ele></trkpt>
      <trkpt lat="49.075401" lon="8.014890"><ele>190.0</ele></trkpt>
      <trkpt lat="49.075280" lon="8.015159"><ele>190.5</ele></trkpt>
      <trkpt lat="49.074911" lon="8.015883"><ele>191.0</ele></trkpt>
      <trkpt lat="49.074530" lon="8.016631"><ele>191.5</ele></trkpt>
      <trkpt lat="49.074162" lon="8.017282"><ele>192.8</ele></trkpt>
      <trkpt lat="49.074020" lon="8.017492"><ele>192.5</ele></trkpt>
      <trkpt lat="49.073691" lon="8.017921"><ele>190.5</ele></trkpt>
      <trkpt lat="49.073289" lon="8.018484"><ele>189.5</ele></trkpt>
      <trkpt lat="49.073162" lon="8.018638"><ele>190.2</ele></trkpt>
      <trkpt lat="49.073084" lon="8.018697"><ele>190.8</ele></trkpt>
      <trkpt lat="49.072802" lon="8.018873"><ele>190.0</ele></trkpt>
      <trkpt lat="49.072694" lon="8.018949"><ele>189.5</ele></trkpt>
      <trkpt lat="49.072595" lon="8.019046"><ele>189.2</ele></trkpt>
      <trkpt lat="49.072501" lon="8.019165"><ele>189.0</ele></trkpt>
      <trkpt lat="49.072414" lon="8.019308"><ele>188.8</ele></trkpt>
      <trkpt lat="49.071807" lon="8.020623"><ele>187.8</ele></trkpt>
      <trkpt lat="49.071320" lon="8.021662"><ele>188.5</ele></trkpt>
      <trkpt lat="49.071201" lon="8.021911"><ele>189.0</ele></trkpt>
      <trkpt lat="49.071076" lon="8.022137"><ele>189.2</ele></trkpt>
      <trkpt lat="49.070348" lon="8.023312"><ele>189.0</ele></trkpt>
      <trkpt lat="49.070192" lon="8.023533"><ele>188.0</ele></trkpt>
      <trkpt lat="49.070025" lon="8.023727"><ele>188.0</ele></trkpt>
      <trkpt lat="49.069844" lon="8.023899"><ele>187.2</ele></trkpt>
      <trkpt lat="49.069662" lon="8.024042"><ele>186.8</ele></trkpt>
      <trkpt lat="49.069415" lon="8.024196"><ele>186.0</ele></trkpt>
      <trkpt lat="49.068110" lon="8.024927"><ele>184.0</ele></trkpt>
      <trkpt lat="49.067994" lon="8.025008"><ele>183.8</ele></trkpt>
      <trkpt lat="49.067952" lon="8.025037"><ele>183.5</ele></trkpt>
      <trkpt lat="49.067795" lon="8.025145"><ele>183.5</ele></trkpt>
      <trkpt lat="49.067353" lon="8.025517"><ele>183.2</ele></trkpt>
      <trkpt lat="49.066295" lon="8.026572"><ele>184.0</ele></trkpt>
      <trkpt lat="49.066163" lon="8.026700"><ele>183.8</ele></trkpt>
      <trkpt lat="49.066060" lon="8.026778"><ele>183.2</ele></trkpt>
      <trkpt lat="49.065900" lon="8.026866"><ele>181.2</ele></trkpt>
      <trkpt lat="49.065369" lon="8.027123"><ele>177.0</ele></trkpt>
      <trkpt lat="49.065217" lon="8.027179"><ele>175.5</ele></trkpt>
      <trkpt lat="49.064770" lon="8.027262"><ele>173.0</ele></trkpt>
      <trkpt lat="49.064655" lon="8.027299"><ele>172.2</ele></trkpt>
      <trkpt lat="49.064546" lon="8.027342"><ele>171.5</ele></trkpt>
      <trkpt lat="49.064174" lon="8.027523"><ele>169.8</ele></trkpt>
      <trkpt lat="49.063377" lon="8.027899"><ele>166.5</ele></trkpt>
      <trkpt lat="49.063228" lon="8.027999"><ele>165.5</ele></trkpt>
      <trkpt lat="49.063110" lon="8.028107"><ele>165.0</ele></trkpt>
      <trkpt lat="49.062808" lon="8.028484"><ele>163.0</ele></trkpt>
      <trkpt lat="49.062547" lon="8.028834"><ele>161.2</ele></trkpt>
      <trkpt lat="49.062439" lon="8.029001"><ele>160.8</ele></trkpt>
      <trkpt lat="49.062351" lon="8.029179"><ele>160.2</ele></trkpt>
      <trkpt lat="49.062236" lon="8.029512"><ele>159.8</ele></trkpt>
      <trkpt lat="49.062007" lon="8.030347"><ele>159.0</ele></trkpt>
      <trkpt lat="49.061949" lon="8.030538"><ele>159.0</ele></trkpt>
      <trkpt lat="49.061923" lon="8.030594"><ele>158.8</ele></trkpt>
      <trkpt lat="49.061868" lon="8.030672"><ele>158.5</ele></trkpt>
      <trkpt lat="49.061792" lon="8.030737"><ele>158.2</ele></trkpt>
      <trkpt lat="49.061746" lon="8.030760"><ele>158.2</ele></trkpt>
      <trkpt lat="49.061648" lon="8.030774"><ele>157.8</ele></trkpt>
      <trkpt lat="49.061143" lon="8.030770"><ele>157.5</ele></trkpt>
      <trkpt lat="49.060891" lon="8.030806"><ele>157.0</ele></trkpt>
      <trkpt lat="49.060792" lon="8.030815"><ele>157.0</ele></trkpt>
      <trkpt lat="49.060612" lon="8.030860"><ele>157.5</ele></trkpt>
      <trkpt lat="49.060238" lon="8.030952"><ele>159.0</ele></trkpt>
      <trkpt lat="49.059226" lon="8.031314"><ele>166.5</ele></trkpt>
      <trkpt lat="49.058948" lon="8.031426"><ele>167.8</ele></trkpt>
      <trkpt lat="49.058654" lon="8.031516"><ele>168.2</ele></trkpt>
      <trkpt lat="49.058604" lon="8.031532"><ele>168.2</ele></trkpt>
      <trkpt lat="49.058297" lon="8.031578"><ele>168.0</ele></trkpt>
      <trkpt lat="49.057634" lon="8.031706"><ele>161.8</ele></trkpt>
      <trkpt lat="49.057514" lon="8.031732"><ele>160.8</ele></trkpt>
      <trkpt lat="49.057336" lon="8.031803"><ele>161.0</ele></trkpt>
      <trkpt lat="49.056781" lon="8.032129"><ele>163.2</ele></trkpt>
      <trkpt lat="49.056532" lon="8.032206"><ele>163.0</ele></trkpt>
      <trkpt lat="49.056239" lon="8.032268"><ele>162.8</ele></trkpt>
      <trkpt lat="49.056019" lon="8.032358"><ele>163.2</ele></trkpt>
      <trkpt lat="49.055890" lon="8.032466"><ele>163.8</ele></trkpt>
      <trkpt lat="49.055529" lon="8.032794"><ele>165.0</ele></trkpt>
      <trkpt lat="49.055069" lon="8.033254"><ele>170.5</ele></trkpt>
      <trkpt lat="49.054679" lon="8.033583"><ele>174.0</ele></trkpt>
      <trkpt lat="49.054176" lon="8.033924"><ele>175.0</ele></trkpt>
      <trkpt lat="49.053956" lon="8.034074"><ele>173.8</ele></trkpt>
      <trkpt lat="49.053767" lon="8.034158"><ele>173.0</ele></trkpt>
      <trkpt lat="49.053574" lon="8.034176"><ele>172.5</ele></trkpt>
      <trkpt lat="49.052780" lon="8.034116"><ele>165.5</ele></trkpt>
      <trkpt lat="49.052511" lon="8.034171"><ele>164.0</ele></trkpt>
      <trkpt lat="49.051523" lon="8.034483"><ele>157.2</ele></trkpt>
      <trkpt lat="49.050772" lon="8.034751"><ele>154.8</ele></trkpt>
      <trkpt lat="49.050653" lon="8.034748"><ele>154.2</ele></trkpt>
      <trkpt lat="49.050599" lon="8.034756"><ele>154.0</ele></trkpt>
      <trkpt lat="49.050529" lon="8.034784"><ele>153.5</ele></trkpt>
      <trkpt lat="49.050464" lon="8.034827"><ele>153.2</ele></trkpt>
      <trkpt lat="49.050418" lon="8.034857"><ele>153.2</ele></trkpt>
      <trkpt lat="49.050291" lon="8.034417"><ele>153.0</ele></trkpt>
      <trkpt lat="49.050271" lon="8.034350"><ele>153.2</ele></trkpt>
      <trkpt lat="49.050243" lon="8.034255"><ele>153.5</ele></trkpt>
      <trkpt lat="49.050132" lon="8.033880"><ele>153.8</ele></trkpt>
      <trkpt lat="49.049770" lon="8.032630"><ele>154.5</ele></trkpt>
      <trkpt lat="49.049625" lon="8.032117"><ele>154.8</ele></trkpt>
      <trkpt lat="49.049434" lon="8.031331"><ele>154.0</ele></trkpt>
      <trkpt lat="49.049371" lon="8.031072"><ele>154.5</ele></trkpt>
      <trkpt lat="49.049079" lon="8.029681"><ele>154.5</ele></trkpt>
      <trkpt lat="49.048993" lon="8.029215"><ele>154.8</ele></trkpt>
      <trkpt lat="49.048865" lon="8.028428"><ele>154.8</ele></trkpt>
      <trkpt lat="49.048708" lon="8.027338"><ele>154.0</ele></trkpt>
      <trkpt lat="49.048444" lon="8.025042"><ele>153.2</ele></trkpt>
      <trkpt lat="49.048371" lon="8.024367"><ele>153.2</ele></trkpt>
      <trkpt lat="49.048337" lon="8.024059"><ele>153.0</ele></trkpt>
      <trkpt lat="49.048291" lon="8.023729"><ele>152.8</ele></trkpt>
      <trkpt lat="49.048226" lon="8.023427"><ele>153.0</ele></trkpt>
      <trkpt lat="49.048093" lon="8.022976"><ele>152.2</ele></trkpt>
      <trkpt lat="49.048006" lon="8.022741"><ele>152.8</ele></trkpt>
      <trkpt lat="49.047874" lon="8.022425"><ele>152.5</ele></trkpt>
      <trkpt lat="49.047763" lon="8.022213"><ele>152.8</ele></trkpt>
      <trkpt lat="49.047499" lon="8.021776"><ele>153.0</ele></trkpt>
      <trkpt lat="49.047472" lon="8.021724"><ele>153.0</ele></trkpt>
      <trkpt lat="49.046900" lon="8.020717"><ele>153.2</ele></trkpt>
      <trkpt lat="49.046847" lon="8.020608"><ele>153.8</ele></trkpt>
      <trkpt lat="49.046690" lon="8.020214"><ele>154.0</ele></trkpt>
      <trkpt lat="49.046599" lon="8.019815"><ele>154.0</ele></trkpt>
      <trkpt lat="49.046473" lon="8.019114"><ele>154.0</ele></trkpt>
      <trkpt lat="49.046354" lon="8.018555"><ele>154.0</ele></trkpt>
      <trkpt lat="49.046232" lon="8.017978"><ele>154.2</ele></trkpt>
      <trkpt lat="49.046130" lon="8.017529"><ele>154.8</ele></trkpt>
      <trkpt lat="49.045882" lon="8.016775"><ele>154.8</ele></trkpt>
      <trkpt lat="49.045158" lon="8.014747"><ele>154.2</ele></trkpt>
      <trkpt lat="49.044986" lon="8.014218"><ele>153.8</ele></trkpt>
      <trkpt lat="49.044577" lon="8.012987"><ele>154.5</ele></trkpt>
      <trkpt lat="49.043127" lon="8.008575"><ele>155.2</ele></trkpt>
      <trkpt lat="49.043047" lon="8.008332"><ele>154.8</ele></trkpt>
      <trkpt lat="49.042720" lon="8.007308"><ele>155.5</ele></trkpt>
      <trkpt lat="49.042429" lon="8.006235"><ele>156.0</ele></trkpt>
      <trkpt lat="49.042104" lon="8.004870"><ele>156.5</ele></trkpt>
      <trkpt lat="49.042050" lon="8.004601"><ele>156.8</ele></trkpt>
      <trkpt lat="49.041803" lon="8.003536"><ele>157.0</ele></trkpt>
      <trkpt lat="49.041770" lon="8.003411"><ele>157.0</ele></trkpt>
      <trkpt lat="49.041698" lon="8.003246"><ele>157.2</ele></trkpt>
      <trkpt lat="49.041635" lon="8.003126"><ele>157.5</ele></trkpt>
      <trkpt lat="49.041602" lon="8.003064"><ele>157.5</ele></trkpt>
      <trkpt lat="49.041549" lon="8.002972"><ele>157.2</ele></trkpt>
      <trkpt lat="49.041540" lon="8.002853"><ele>157.2</ele></trkpt>
      <trkpt lat="49.041516" lon="8.002713"><ele>157.5</ele></trkpt>
      <trkpt lat="49.041497" lon="8.002595"><ele>157.5</ele></trkpt>
      <trkpt lat="49.041461" lon="8.002436"><ele>157.5</ele></trkpt>
      <trkpt lat="49.041409" lon="8.002285"><ele>157.8</ele></trkpt>
      <trkpt lat="49.041349" lon="8.002145"><ele>157.5</ele></trkpt>
      <trkpt lat="49.041253" lon="8.001870"><ele>157.2</ele></trkpt>
      <trkpt lat="49.041160" lon="8.001630"><ele>157.2</ele></trkpt>
      <trkpt lat="49.041089" lon="8.001421"><ele>157.8</ele></trkpt>
      <trkpt lat="49.040955" lon="8.001027"><ele>158.0</ele></trkpt>
      <trkpt lat="49.040838" lon="8.000683"><ele>158.0</ele></trkpt>
      <trkpt lat="49.040493" lon="7.999723"><ele>157.5</ele></trkpt>
      <trkpt lat="49.040462" lon="7.999622"><ele>157.0</ele></trkpt>
      <trkpt lat="49.040355" lon="7.999233"><ele>156.2</ele></trkpt>
      <trkpt lat="49.040195" lon="7.998573"><ele>156.2</ele></trkpt>
      <trkpt lat="49.039735" lon="7.996332"><ele>156.0</ele></trkpt>
      <trkpt lat="49.039686" lon="7.996113"><ele>155.8</ele></trkpt>
      <trkpt lat="49.039650" lon="7.995920"><ele>155.8</ele></trkpt>
      <trkpt lat="49.039618" lon="7.995646"><ele>156.5</ele></trkpt>
      <trkpt lat="49.039568" lon="7.994970"><ele>157.2</ele></trkpt>
      <trkpt lat="49.039530" lon="7.994392"><ele>158.2</ele></trkpt>
      <trkpt lat="49.039511" lon="7.994174"><ele>158.8</ele></trkpt>
      <trkpt lat="49.039481" lon="7.993799"><ele>159.0</ele></trkpt>
      <trkpt lat="49.039454" lon="7.993429"><ele>159.0</ele></trkpt>
      <trkpt lat="49.039427" lon="7.993026"><ele>159.0</ele></trkpt>
      <trkpt lat="49.039439" lon="7.992788"><ele>159.0</ele></trkpt>
      <trkpt lat="49.039458" lon="7.992625"><ele>159.0</ele></trkpt>
      <trkpt lat="49.039515" lon="7.992606"><ele>159.2</ele></trkpt>
      <trkpt lat="49.039808" lon="7.992521"><ele>160.0</ele></trkpt>
      <trkpt lat="49.040019" lon="7.992439"><ele>160.0</ele></trkpt>
      <trkpt lat="49.040106" lon="7.992422"><ele>160.0</ele></trkpt>
      <trkpt lat="49.040306" lon="7.992576"><ele>160.2</ele></trkpt>
      <trkpt lat="49.040439" lon="7.992635"><ele>160.8</ele></trkpt>
      <trkpt lat="49.040524" lon="7.992655"><ele>160.8</ele></trkpt>
      <trkpt lat="49.040616" lon="7.992645"><ele>161.0</ele></trkpt>
      <trkpt lat="49.041011" lon="7.992453"><ele>162.5</ele></trkpt>
      <trkpt lat="49.041417" lon="7.992251"><ele>163.0</ele></trkpt>
      <trkpt lat="49.042094" lon="7.992036"><ele>164.5</ele></trkpt>
      <trkpt lat="49.042224" lon="7.991997"><ele>165.0</ele></trkpt>
      <trkpt lat="49.042479" lon="7.991933"><ele>165.0</ele></trkpt>
      <trkpt lat="49.042742" lon="7.991880"><ele>165.0</ele></trkpt>
      <trkpt lat="49.043091" lon="7.991840"><ele>165.5</ele></trkpt>
      <trkpt lat="49.043353" lon="7.991835"><ele>166.0</ele></trkpt>
      <trkpt lat="49.043578" lon="7.991863"><ele>166.8</ele></trkpt>
      <trkpt lat="49.043954" lon="7.991944"><ele>167.0</ele></trkpt>
      <trkpt lat="49.043994" lon="7.991865"><ele>167.2</ele></trkpt>
      <trkpt lat="49.044129" lon="7.991652"><ele>166.8</ele></trkpt>
      <trkpt lat="49.044246" lon="7.991472"><ele>166.2</ele></trkpt>
      <trkpt lat="49.044334" lon="7.991377"><ele>165.8</ele></trkpt>
      <trkpt lat="49.044374" lon="7.991354"><ele>165.8</ele></trkpt>
      <trkpt lat="49.044510" lon="7.991290"><ele>165.8</ele></trkpt>
      <trkpt lat="49.045038" lon="7.991118"><ele>166.0</ele></trkpt>
      <trkpt lat="49.045153" lon="7.991056"><ele>166.0</ele></trkpt>
      <trkpt lat="49.045411" lon="7.990890"><ele>165.5</ele></trkpt>
      <trkpt lat="49.046214" lon="7.990430"><ele>165.8</ele></trkpt>
      <trkpt lat="49.046744" lon="7.990024"><ele>166.2</ele></trkpt>
      <trkpt lat="49.047266" lon="7.989644"><ele>165.8</ele></trkpt>
      <trkpt lat="49.047362" lon="7.989553"><ele>165.5</ele></trkpt>
      <trkpt lat="49.047374" lon="7.989222"><ele>165.5</ele></trkpt>
      <trkpt lat="49.047380" lon="7.989066"><ele>165.2</ele></trkpt>
      <trkpt lat="49.047409" lon="7.988742"><ele>165.0</ele></trkpt>
      <trkpt lat="49.047377" lon="7.988454"><ele>164.5</ele></trkpt>
      <trkpt lat="49.047274" lon="7.987802"><ele>165.0</ele></trkpt>
      <trkpt lat="49.047539" lon="7.986999"><ele>165.2</ele></trkpt>
      <trkpt lat="49.047596" lon="7.986804"><ele>165.5</ele></trkpt>
      <trkpt lat="49.047696" lon="7.986344"><ele>166.2</ele></trkpt>
      <trkpt lat="49.047825" lon="7.985434"><ele>166.5</ele></trkpt>
      <trkpt lat="49.047837" lon="7.985209"><ele>166.5</ele></trkpt>
      <trkpt lat="49.047834" lon="7.984983"><ele>166.5</ele></trkpt>
      <trkpt lat="49.047810" lon="7.983706"><ele>168.0</ele></trkpt>
      <trkpt lat="49.047813" lon="7.983656"><ele>168.0</ele></trkpt>
      <trkpt lat="49.047823" lon="7.983444"><ele>168.2</ele></trkpt>
      <trkpt lat="49.047874" lon="7.982896"><ele>168.5</ele></trkpt>
      <trkpt lat="49.047899" lon="7.982757"><ele>168.8</ele></trkpt>
      <trkpt lat="49.048116" lon="7.982076"><ele>169.2</ele></trkpt>
      <trkpt lat="49.048198" lon="7.981761"><ele>169.5</ele></trkpt>
      <trkpt lat="49.048252" lon="7.981462"><ele>169.5</ele></trkpt>
      <trkpt lat="49.048419" lon="7.980325"><ele>170.0</ele></trkpt>
      <trkpt lat="49.048491" lon="7.979791"><ele>170.5</ele></trkpt>
      <trkpt lat="49.048524" lon="7.979600"><ele>170.8</ele></trkpt>
      <trkpt lat="49.048567" lon="7.979448"><ele>170.5</ele></trkpt>
      <trkpt lat="49.048689" lon="7.979124"><ele>170.8</ele></trkpt>
      <trkpt lat="49.048987" lon="7.978437"><ele>172.0</ele></trkpt>
      <trkpt lat="49.049014" lon="7.978375"><ele>172.0</ele></trkpt>
      <trkpt lat="49.049089" lon="7.978239"><ele>172.0</ele></trkpt>
      <trkpt lat="49.049242" lon="7.978036"><ele>172.2</ele></trkpt>
      <trkpt lat="49.049317" lon="7.977910"><ele>172.5</ele></trkpt>
      <trkpt lat="49.049385" lon="7.977773"><ele>172.5</ele></trkpt>
      <trkpt lat="49.049876" lon="7.976567"><ele>172.8</ele></trkpt>
      <trkpt lat="49.050205" lon="7.975698"><ele>173.5</ele></trkpt>
      <trkpt lat="49.050171" lon="7.975609"><ele>173.5</ele></trkpt>
      <trkpt lat="49.050121" lon="7.975538"><ele>173.2</ele></trkpt>
      <trkpt lat="49.050016" lon="7.975430"><ele>173.0</ele></trkpt>
      <trkpt lat="49.049830" lon="7.975264"><ele>173.0</ele></trkpt>
      <trkpt lat="49.049726" lon="7.975208"><ele>173.0</ele></trkpt>
      <trkpt lat="49.048935" lon="7.975062"><ele>175.5</ele></trkpt>
      <trkpt lat="49.048569" lon="7.974975"><ele>177.2</ele></trkpt>
      <trkpt lat="49.048476" lon="7.974935"><ele>178.0</ele></trkpt>
      <trkpt lat="49.048463" lon="7.974583"><ele>179.0</ele></trkpt>
      <trkpt lat="49.048486" lon="7.974212"><ele>179.8</ele></trkpt>
      <trkpt lat="49.048565" lon="7.973448"><ele>180.2</ele></trkpt>
      <trkpt lat="49.048578" lon="7.972477"><ele>181.2</ele></trkpt>
      <trkpt lat="49.048600" lon="7.972300"><ele>181.8</ele></trkpt>
      <trkpt lat="49.048681" lon="7.971935"><ele>182.2</ele></trkpt>
      <trkpt lat="49.048823" lon="7.971405"><ele>182.2</ele></trkpt>
      <trkpt lat="49.049350" lon="7.969584"><ele>183.0</ele></trkpt>
      <trkpt lat="49.049552" lon="7.968824"><ele>183.8</ele></trkpt>
      <trkpt lat="49.049649" lon="7.968334"><ele>185.2</ele></trkpt>
      <trkpt lat="49.049686" lon="7.968070"><ele>186.0</ele></trkpt>
      <trkpt lat="49.049692" lon="7.967744"><ele>187.0</ele></trkpt>
      <trkpt lat="49.049676" lon="7.967522"><ele>187.2</ele></trkpt>
      <trkpt lat="49.049682" lon="7.967341"><ele>187.8</ele></trkpt>
      <trkpt lat="49.049717" lon="7.967160"><ele>188.2</ele></trkpt>
      <trkpt lat="49.050025" lon="7.965779"><ele>191.2</ele></trkpt>
      <trkpt lat="49.050385" lon="7.963523"><ele>198.8</ele></trkpt>
      <trkpt lat="49.050480" lon="7.962931"><ele>201.5</ele></trkpt>
      <trkpt lat="49.050665" lon="7.961716"><ele>205.2</ele></trkpt>
      <trkpt lat="49.050736" lon="7.961316"><ele>206.5</ele></trkpt>
      <trkpt lat="49.050818" lon="7.960862"><ele>207.8</ele></trkpt>
      <trkpt lat="49.049923" lon="7.960396"><ele>208.5</ele></trkpt>
      <trkpt lat="49.049488" lon="7.960156"><ele>206.8</ele></trkpt>
      <trkpt lat="49.049056" lon="7.960048"><ele>202.8</ele></trkpt>
      <trkpt lat="49.048994" lon="7.960026"><ele>198.0</ele></trkpt>
      <trkpt lat="49.049056" lon="7.960048"><ele>202.8</ele></trkpt>
      <trkpt lat="49.049488" lon="7.960156"><ele>206.8</ele></trkpt>
      <trkpt lat="49.049923" lon="7.960396"><ele>208.5</ele></trkpt>
      <trkpt lat="49.050818" lon="7.960862"><ele>207.8</ele></trkpt>
      <trkpt lat="49.050736" lon="7.961316"><ele>206.5</ele></trkpt>
      <trkpt lat="49.050665" lon="7.961716"><ele>205.2</ele></trkpt>
      <trkpt lat="49.050480" lon="7.962931"><ele>201.5</ele></trkpt>
      <trkpt lat="49.050385" lon="7.963523"><ele>198.8</ele></trkpt>
      <trkpt lat="49.050025" lon="7.965779"><ele>191.2</ele></trkpt>
      <trkpt lat="49.049717" lon="7.967160"><ele>188.2</ele></trkpt>
      <trkpt lat="49.049682" lon="7.967341"><ele>187.8</ele></trkpt>
      <trkpt lat="49.049676" lon="7.967522"><ele>187.2</ele></trkpt>
      <trkpt lat="49.049692" lon="7.967744"><ele>187.0</ele></trkpt>
      <trkpt lat="49.049686" lon="7.968070"><ele>186.0</ele></trkpt>
      <trkpt lat="49.049649" lon="7.968334"><ele>185.2</ele></trkpt>
      <trkpt lat="49.049552" lon="7.968824"><ele>183.8</ele></trkpt>
      <trkpt lat="49.049350" lon="7.969584"><ele>183.0</ele></trkpt>
      <trkpt lat="49.048823" lon="7.971405"><ele>182.2</ele></trkpt>
      <trkpt lat="49.048681" lon="7.971935"><ele>182.2</ele></trkpt>
      <trkpt lat="49.048600" lon="7.972300"><ele>181.8</ele></trkpt>
      <trkpt lat="49.048578" lon="7.972477"><ele>181.2</ele></trkpt>
      <trkpt lat="49.048565" lon="7.973448"><ele>180.2</ele></trkpt>
      <trkpt lat="49.048486" lon="7.974212"><ele>179.8</ele></trkpt>
      <trkpt lat="49.048463" lon="7.974583"><ele>179.0</ele></trkpt>
      <trkpt lat="49.048476" lon="7.974935"><ele>178.0</ele></trkpt>
      <trkpt lat="49.048569" lon="7.974975"><ele>177.2</ele></trkpt>
      <trkpt lat="49.048935" lon="7.975062"><ele>175.5</ele></trkpt>
      <trkpt lat="49.049726" lon="7.975208"><ele>173.0</ele></trkpt>
      <trkpt lat="49.049830" lon="7.975264"><ele>173.0</ele></trkpt>
      <trkpt lat="49.050016" lon="7.975430"><ele>173.0</ele></trkpt>
      <trkpt lat="49.050121" lon="7.975538"><ele>173.2</ele></trkpt>
      <trkpt lat="49.050171" lon="7.975609"><ele>173.5</ele></trkpt>
      <trkpt lat="49.050205" lon="7.975698"><ele>173.5</ele></trkpt>
      <trkpt lat="49.049876" lon="7.976567"><ele>172.8</ele></trkpt>
      <trkpt lat="49.049385" lon="7.977773"><ele>172.5</ele></trkpt>
      <trkpt lat="49.049317" lon="7.977910"><ele>172.5</ele></trkpt>
      <trkpt lat="49.049242" lon="7.978036"><ele>172.2</ele></trkpt>
      <trkpt lat="49.049089" lon="7.978239"><ele>172.0</ele></trkpt>
      <trkpt lat="49.049014" lon="7.978375"><ele>172.0</ele></trkpt>
      <trkpt lat="49.048987" lon="7.978437"><ele>172.0</ele></trkpt>
      <trkpt lat="49.048689" lon="7.979124"><ele>170.8</ele></trkpt>
      <trkpt lat="49.048567" lon="7.979448"><ele>170.5</ele></trkpt>
      <trkpt lat="49.048524" lon="7.979600"><ele>170.8</ele></trkpt>
      <trkpt lat="49.048491" lon="7.979791"><ele>170.5</ele></trkpt>
      <trkpt lat="49.048419" lon="7.980325"><ele>170.0</ele></trkpt>
      <trkpt lat="49.048252" lon="7.981462"><ele>169.5</ele></trkpt>
      <trkpt lat="49.048198" lon="7.981761"><ele>169.5</ele></trkpt>
      <trkpt lat="49.048116" lon="7.982076"><ele>169.2</ele></trkpt>
      <trkpt lat="49.047899" lon="7.982757"><ele>168.8</ele></trkpt>
      <trkpt lat="49.047874" lon="7.982896"><ele>168.5</ele></trkpt>
      <trkpt lat="49.047823" lon="7.983444"><ele>168.2</ele></trkpt>
      <trkpt lat="49.047813" lon="7.983656"><ele>168.0</ele></trkpt>
      <trkpt lat="49.047810" lon="7.983706"><ele>168.0</ele></trkpt>
      <trkpt lat="49.047834" lon="7.984983"><ele>166.5</ele></trkpt>
      <trkpt lat="49.047837" lon="7.985209"><ele>166.5</ele></trkpt>
      <trkpt lat="49.047825" lon="7.985434"><ele>166.5</ele></trkpt>
      <trkpt lat="49.047696" lon="7.986344"><ele>166.2</ele></trkpt>
      <trkpt lat="49.047596" lon="7.986804"><ele>165.5</ele></trkpt>
      <trkpt lat="49.047539" lon="7.986999"><ele>165.2</ele></trkpt>
      <trkpt lat="49.047274" lon="7.987802"><ele>165.0</ele></trkpt>
      <trkpt lat="49.047377" lon="7.988454"><ele>164.5</ele></trkpt>
      <trkpt lat="49.047409" lon="7.988742"><ele>165.0</ele></trkpt>
      <trkpt lat="49.047380" lon="7.989066"><ele>165.2</ele></trkpt>
      <trkpt lat="49.047374" lon="7.989222"><ele>165.5</ele></trkpt>
      <trkpt lat="49.047362" lon="7.989553"><ele>165.5</ele></trkpt>
      <trkpt lat="49.047266" lon="7.989644"><ele>165.8</ele></trkpt>
      <trkpt lat="49.046744" lon="7.990024"><ele>166.2</ele></trkpt>
      <trkpt lat="49.046214" lon="7.990430"><ele>165.8</ele></trkpt>
      <trkpt lat="49.045411" lon="7.990890"><ele>165.5</ele></trkpt>
      <trkpt lat="49.045153" lon="7.991056"><ele>166.0</ele></trkpt>
      <trkpt lat="49.045038" lon="7.991118"><ele>166.0</ele></trkpt>
      <trkpt lat="49.044510" lon="7.991290"><ele>165.8</ele></trkpt>
      <trkpt lat="49.044374" lon="7.991354"><ele>165.8</ele></trkpt>
      <trkpt lat="49.044334" lon="7.991377"><ele>165.8</ele></trkpt>
      <trkpt lat="49.044246" lon="7.991472"><ele>166.2</ele></trkpt>
      <trkpt lat="49.044129" lon="7.991652"><ele>166.8</ele></trkpt>
      <trkpt lat="49.043994" lon="7.991865"><ele>167.2</ele></trkpt>
      <trkpt lat="49.043954" lon="7.991944"><ele>167.0</ele></trkpt>
      <trkpt lat="49.043578" lon="7.991863"><ele>166.8</ele></trkpt>
      <trkpt lat="49.043353" lon="7.991835"><ele>166.0</ele></trkpt>
      <trkpt lat="49.043091" lon="7.991840"><ele>165.5</ele></trkpt>
      <trkpt lat="49.042742" lon="7.991880"><ele>165.0</ele></trkpt>
      <trkpt lat="49.042479" lon="7.991933"><ele>165.0</ele></trkpt>
      <trkpt lat="49.042224" lon="7.991997"><ele>165.0</ele></trkpt>
      <trkpt lat="49.042094" lon="7.992036"><ele>164.5</ele></trkpt>
      <trkpt lat="49.041417" lon="7.992251"><ele>163.0</ele></trkpt>
      <trkpt lat="49.041011" lon="7.992453"><ele>162.5</ele></trkpt>
      <trkpt lat="49.040616" lon="7.992645"><ele>161.0</ele></trkpt>
      <trkpt lat="49.040524" lon="7.992655"><ele>160.8</ele></trkpt>
      <trkpt lat="49.040703" lon="7.993125"><ele>162.2</ele></trkpt>
      <trkpt lat="49.040826" lon="7.993455"><ele>163.0</ele></trkpt>
      <trkpt lat="49.040928" lon="7.993757"><ele>163.5</ele></trkpt>
      <trkpt lat="49.040974" lon="7.993918"><ele>163.5</ele></trkpt>
      <trkpt lat="49.041020" lon="7.994070"><ele>163.8</ele></trkpt>
      <trkpt lat="49.041105" lon="7.994343"><ele>164.5</ele></trkpt>
      <trkpt lat="49.041355" lon="7.995303"><ele>164.8</ele></trkpt>
      <trkpt lat="49.041460" lon="7.995712"><ele>165.0</ele></trkpt>
      <trkpt lat="49.041545" lon="7.996153"><ele>165.0</ele></trkpt>
      <trkpt lat="49.041624" lon="7.996746"><ele>165.0</ele></trkpt>
      <trkpt lat="49.041649" lon="7.996983"><ele>165.0</ele></trkpt>
      <trkpt lat="49.041655" lon="7.997195"><ele>165.8</ele></trkpt>
      <trkpt lat="49.041658" lon="7.997418"><ele>166.0</ele></trkpt>
      <trkpt lat="49.041668" lon="7.998403"><ele>165.8</ele></trkpt>
      <trkpt lat="49.041642" lon="7.998871"><ele>164.0</ele></trkpt>
      <trkpt lat="49.041589" lon="7.999424"><ele>161.8</ele></trkpt>
      <trkpt lat="49.041507" lon="7.999747"><ele>161.8</ele></trkpt>
      <trkpt lat="49.041489" lon="7.999845"><ele>162.0</ele></trkpt>
      <trkpt lat="49.041453" lon="8.000259"><ele>162.5</ele></trkpt>
      <trkpt lat="49.041469" lon="8.000894"><ele>161.5</ele></trkpt>
      <trkpt lat="49.041509" lon="8.001414"><ele>160.8</ele></trkpt>
      <trkpt lat="49.041611" lon="8.001991"><ele>159.2</ele></trkpt>
      <trkpt lat="49.041648" lon="8.002407"><ele>158.8</ele></trkpt>
      <trkpt lat="49.041687" lon="8.002759"><ele>158.0</ele></trkpt>
      <trkpt lat="49.041683" lon="8.002842"><ele>158.0</ele></trkpt>
      <trkpt lat="49.041664" lon="8.002889"><ele>157.8</ele></trkpt>
      <trkpt lat="49.041637" lon="8.002926"><ele>157.8</ele></trkpt>
      <trkpt lat="49.041611" lon="8.002956"><ele>157.5</ele></trkpt>
      <trkpt lat="49.041549" lon="8.002972"><ele>157.2</ele></trkpt>
      <trkpt lat="49.041602" lon="8.003064"><ele>157.5</ele></trkpt>
      <trkpt lat="49.041635" lon="8.003126"><ele>157.5</ele></trkpt>
      <trkpt lat="49.041698" lon="8.003246"><ele>157.2</ele></trkpt>
      <trkpt lat="49.041770" lon="8.003411"><ele>157.0</ele></trkpt>
      <trkpt lat="49.041803" lon="8.003536"><ele>157.0</ele></trkpt>
      <trkpt lat="49.042050" lon="8.004601"><ele>156.8</ele></trkpt>
      <trkpt lat="49.042104" lon="8.004870"><ele>156.5</ele></trkpt>
      <trkpt lat="49.042429" lon="8.006235"><ele>156.0</ele></trkpt>
      <trkpt lat="49.042720" lon="8.007308"><ele>155.5</ele></trkpt>
      <trkpt lat="49.043047" lon="8.008332"><ele>154.8</ele></trkpt>
      <trkpt lat="49.043127" lon="8.008575"><ele>155.2</ele></trkpt>
      <trkpt lat="49.044577" lon="8.012987"><ele>154.5</ele></trkpt>
      <trkpt lat="49.044986" lon="8.014218"><ele>153.8</ele></trkpt>
      <trkpt lat="49.045158" lon="8.014747"><ele>154.2</ele></trkpt>
      <trkpt lat="49.045882" lon="8.016775"><ele>154.8</ele></trkpt>
      <trkpt lat="49.046130" lon="8.017529"><ele>154.8</ele></trkpt>
      <trkpt lat="49.046232" lon="8.017978"><ele>154.2</ele></trkpt>
      <trkpt lat="49.046354" lon="8.018555"><ele>154.0</ele></trkpt>
      <trkpt lat="49.046473" lon="8.019114"><ele>154.0</ele></trkpt>
      <trkpt lat="49.046599" lon="8.019815"><ele>154.0</ele></trkpt>
      <trkpt lat="49.046690" lon="8.020214"><ele>154.0</ele></trkpt>
      <trkpt lat="49.046847" lon="8.020608"><ele>153.8</ele></trkpt>
      <trkpt lat="49.046900" lon="8.020717"><ele>153.2</ele></trkpt>
      <trkpt lat="49.047472" lon="8.021724"><ele>153.0</ele></trkpt>
      <trkpt lat="49.047499" lon="8.021776"><ele>153.0</ele></trkpt>
      <trkpt lat="49.047763" lon="8.022213"><ele>152.8</ele></trkpt>
      <trkpt lat="49.047874" lon="8.022425"><ele>152.5</ele></trkpt>
      <trkpt lat="49.048006" lon="8.022741"><ele>152.8</ele></trkpt>
      <trkpt lat="49.048093" lon="8.022976"><ele>152.2</ele></trkpt>
      <trkpt lat="49.048226" lon="8.023427"><ele>153.0</ele></trkpt>
      <trkpt lat="49.048291" lon="8.023729"><ele>152.8</ele></trkpt>
      <trkpt lat="49.048337" lon="8.024059"><ele>153.0</ele></trkpt>
      <trkpt lat="49.048371" lon="8.024367"><ele>153.2</ele></trkpt>
      <trkpt lat="49.048444" lon="8.025042"><ele>153.2</ele></trkpt>
      <trkpt lat="49.048708" lon="8.027338"><ele>154.0</ele></trkpt>
      <trkpt lat="49.048865" lon="8.028428"><ele>154.8</ele></trkpt>
      <trkpt lat="49.048993" lon="8.029215"><ele>154.8</ele></trkpt>
      <trkpt lat="49.049079" lon="8.029681"><ele>154.5</ele></trkpt>
      <trkpt lat="49.049371" lon="8.031072"><ele>154.5</ele></trkpt>
      <trkpt lat="49.049434" lon="8.031331"><ele>154.0</ele></trkpt>
      <trkpt lat="49.049625" lon="8.032117"><ele>154.8</ele></trkpt>
      <trkpt lat="49.049770" lon="8.032630"><ele>154.5</ele></trkpt>
      <trkpt lat="49.050132" lon="8.033880"><ele>153.8</ele></trkpt>
      <trkpt lat="49.050243" lon="8.034255"><ele>153.5</ele></trkpt>
      <trkpt lat="49.050271" lon="8.034350"><ele>153.2</ele></trkpt>
      <trkpt lat="49.050291" lon="8.034417"><ele>153.0</ele></trkpt>
      <trkpt lat="49.050418" lon="8.034857"><ele>153.2</ele></trkpt>
      <trkpt lat="49.050564" lon="8.035354"><ele>153.0</ele></trkpt>
      <trkpt lat="49.050684" lon="8.035762"><ele>153.2</ele></trkpt>
      <trkpt lat="49.050775" lon="8.036072"><ele>153.8</ele></trkpt>
      <trkpt lat="49.051021" lon="8.036912"><ele>155.5</ele></trkpt>
      <trkpt lat="49.051140" lon="8.037323"><ele>156.0</ele></trkpt>
      <trkpt lat="49.051591" lon="8.038881"><ele>156.5</ele></trkpt>
      <trkpt lat="49.051828" lon="8.039652"><ele>157.2</ele></trkpt>
      <trkpt lat="49.051978" lon="8.040181"><ele>157.0</ele></trkpt>
      <trkpt lat="49.052066" lon="8.040505"><ele>156.5</ele></trkpt>
      <trkpt lat="49.052472" lon="8.042107"><ele>155.2</ele></trkpt>
      <trkpt lat="49.052562" lon="8.042490"><ele>155.0</ele></trkpt>
      <trkpt lat="49.052648" lon="8.042871"><ele>154.8</ele></trkpt>
      <trkpt lat="49.053018" lon="8.044491"><ele>153.0</ele></trkpt>
      <trkpt lat="49.053039" lon="8.044573"><ele>153.0</ele></trkpt>
      <trkpt lat="49.053222" lon="8.045293"><ele>153.5</ele></trkpt>
      <trkpt lat="49.053262" lon="8.045492"><ele>152.8</ele></trkpt>
      <trkpt lat="49.053328" lon="8.045882"><ele>152.8</ele></trkpt>
      <trkpt lat="49.053376" lon="8.046247"><ele>153.2</ele></trkpt>
      <trkpt lat="49.053387" lon="8.046353"><ele>153.5</ele></trkpt>
      <trkpt lat="49.053461" lon="8.047041"><ele>154.2</ele></trkpt>
      <trkpt lat="49.053595" lon="8.048190"><ele>154.8</ele></trkpt>
      <trkpt lat="49.053670" lon="8.048699"><ele>154.0</ele></trkpt>
      <trkpt lat="49.053714" lon="8.048993"><ele>154.2</ele></trkpt>
      <trkpt lat="49.053733" lon="8.049130"><ele>154.2</ele></trkpt>
      <trkpt lat="49.053872" lon="8.050001"><ele>153.8</ele></trkpt>
      <trkpt lat="49.053974" lon="8.050541"><ele>154.2</ele></trkpt>
      <trkpt lat="49.054172" lon="8.051509"><ele>154.0</ele></trkpt>
      <trkpt lat="49.054227" lon="8.051820"><ele>154.0</ele></trkpt>
      <trkpt lat="49.054277" lon="8.052127"><ele>154.2</ele></trkpt>
      <trkpt lat="49.054346" lon="8.052654"><ele>153.8</ele></trkpt>
      <trkpt lat="49.054399" lon="8.053107"><ele>153.8</ele></trkpt>
      <trkpt lat="49.054575" lon="8.054684"><ele>153.2</ele></trkpt>
      <trkpt lat="49.054748" lon="8.056559"><ele>153.0</ele></trkpt>
      <trkpt lat="49.054913" lon="8.058157"><ele>151.5</ele></trkpt>
      <trkpt lat="49.055178" lon="8.060586"><ele>150.5</ele></trkpt>
      <trkpt lat="49.055276" lon="8.061404"><ele>149.8</ele></trkpt>
      <trkpt lat="49.055336" lon="8.061812"><ele>150.0</ele></trkpt>
      <trkpt lat="49.055391" lon="8.062112"><ele>149.5</ele></trkpt>
      <trkpt lat="49.055505" lon="8.062738"><ele>149.8</ele></trkpt>
      <trkpt lat="49.055592" lon="8.063165"><ele>149.0</ele></trkpt>
      <trkpt lat="49.055665" lon="8.063501"><ele>148.5</ele></trkpt>
      <trkpt lat="49.055806" lon="8.064139"><ele>148.8</ele></trkpt>
      <trkpt lat="49.055871" lon="8.064449"><ele>148.0</ele></trkpt>
      <trkpt lat="49.055922" lon="8.064689"><ele>148.0</ele></trkpt>
      <trkpt lat="49.056037" lon="8.065298"><ele>147.5</ele></trkpt>
      <trkpt lat="49.056186" lon="8.066131"><ele>146.5</ele></trkpt>
      <trkpt lat="49.056233" lon="8.066329"><ele>146.8</ele></trkpt>
      <trkpt lat="49.056542" lon="8.067663"><ele>146.5</ele></trkpt>
      <trkpt lat="49.056608" lon="8.067931"><ele>146.2</ele></trkpt>
      <trkpt lat="49.056775" lon="8.068436"><ele>146.0</ele></trkpt>
      <trkpt lat="49.056787" lon="8.068474"><ele>146.0</ele></trkpt>
      <trkpt lat="49.056944" lon="8.068926"><ele>145.8</ele></trkpt>
      <trkpt lat="49.057115" lon="8.069412"><ele>146.0</ele></trkpt>
      <trkpt lat="49.057175" lon="8.069583"><ele>146.0</ele></trkpt>
      <trkpt lat="49.057207" lon="8.069683"><ele>146.0</ele></trkpt>
      <trkpt lat="49.057216" lon="8.069760"><ele>145.8</ele></trkpt>
      <trkpt lat="49.057219" lon="8.069819"><ele>145.8</ele></trkpt>
      <trkpt lat="49.057214" lon="8.069859"><ele>145.8</ele></trkpt>
      <trkpt lat="49.057193" lon="8.069937"><ele>145.8</ele></trkpt>
      <trkpt lat="49.057173" lon="8.070014"><ele>145.8</ele></trkpt>
      <trkpt lat="49.057121" lon="8.070192"><ele>144.8</ele></trkpt>
      <trkpt lat="49.057068" lon="8.070490"><ele>144.0</ele></trkpt>
      <trkpt lat="49.056995" lon="8.070945"><ele>143.0</ele></trkpt>
      <trkpt lat="49.056966" lon="8.071149"><ele>142.8</ele></trkpt>
      <trkpt lat="49.056953" lon="8.071299"><ele>142.2</ele></trkpt>
      <trkpt lat="49.056950" lon="8.071428"><ele>141.8</ele></trkpt>
      <trkpt lat="49.056960" lon="8.071542"><ele>141.5</ele></trkpt>
      <trkpt lat="49.056999" lon="8.071739"><ele>141.2</ele></trkpt>
      <trkpt lat="49.057056" lon="8.071948"><ele>140.8</ele></trkpt>
      <trkpt lat="49.057429" lon="8.073248"><ele>139.8</ele></trkpt>
      <trkpt lat="49.057596" lon="8.073894"><ele>138.5</ele></trkpt>
      <trkpt lat="49.057882" lon="8.075029"><ele>138.2</ele></trkpt>
      <trkpt lat="49.058013" lon="8.075543"><ele>137.8</ele></trkpt>
      <trkpt lat="49.058335" lon="8.076674"><ele>138.0</ele></trkpt>
      <trkpt lat="49.058406" lon="8.076978"><ele>138.2</ele></trkpt>
      <trkpt lat="49.058443" lon="8.077174"><ele>137.8</ele></trkpt>
      <trkpt lat="49.058482" lon="8.077427"><ele>138.0</ele></trkpt>
      <trkpt lat="49.058621" lon="8.078496"><ele>137.2</ele></trkpt>
      <trkpt lat="49.058643" lon="8.078681"><ele>137.0</ele></trkpt>
      <trkpt lat="49.058736" lon="8.079141"><ele>136.8</ele></trkpt>
      <trkpt lat="49.058772" lon="8.079302"><ele>136.8</ele></trkpt>
      <trkpt lat="49.058848" lon="8.079627"><ele>136.8</ele></trkpt>
      <trkpt lat="49.058900" lon="8.079859"><ele>137.0</ele></trkpt>
      <trkpt lat="49.058983" lon="8.080255"><ele>137.2</ele></trkpt>
      <trkpt lat="49.059085" lon="8.080837"><ele>137.2</ele></trkpt>
      <trkpt lat="49.059190" lon="8.081454"><ele>136.8</ele></trkpt>
      <trkpt lat="49.059291" lon="8.081803"><ele>136.5</ele></trkpt>
      <trkpt lat="49.059462" lon="8.082385"><ele>136.0</ele></trkpt>
      <trkpt lat="49.059529" lon="8.082587"><ele>136.0</ele></trkpt>
      <trkpt lat="49.059626" lon="8.082930"><ele>136.0</ele></trkpt>
      <trkpt lat="49.059669" lon="8.083166"><ele>135.5</ele></trkpt>
      <trkpt lat="49.059695" lon="8.083401"><ele>135.0</ele></trkpt>
      <trkpt lat="49.059716" lon="8.083518"><ele>135.0</ele></trkpt>
      <trkpt lat="49.059749" lon="8.083673"><ele>135.2</ele></trkpt>
      <trkpt lat="49.059838" lon="8.084055"><ele>136.0</ele></trkpt>
      <trkpt lat="49.059920" lon="8.084460"><ele>136.2</ele></trkpt>
      <trkpt lat="49.059978" lon="8.084785"><ele>136.8</ele></trkpt>
      <trkpt lat="49.060252" lon="8.086563"><ele>136.8</ele></trkpt>
      <trkpt lat="49.060397" lon="8.087507"><ele>136.8</ele></trkpt>
      <trkpt lat="49.060433" lon="8.088098"><ele>137.0</ele></trkpt>
      <trkpt lat="49.060473" lon="8.089079"><ele>137.2</ele></trkpt>
      <trkpt lat="49.060516" lon="8.089656"><ele>136.5</ele></trkpt>
      <trkpt lat="49.060634" lon="8.090566"><ele>138.2</ele></trkpt>
      <trkpt lat="49.060745" lon="8.091078"><ele>139.2</ele></trkpt>
      <trkpt lat="49.060864" lon="8.091576"><ele>138.0</ele></trkpt>
      <trkpt lat="49.060927" lon="8.091964"><ele>138.2</ele></trkpt>
      <trkpt lat="49.060957" lon="8.092378"><ele>138.8</ele></trkpt>
      <trkpt lat="49.061006" lon="8.093162"><ele>139.0</ele></trkpt>
      <trkpt lat="49.061044" lon="8.093690"><ele>138.8</ele></trkpt>
      <trkpt lat="49.061109" lon="8.094262"><ele>137.8</ele></trkpt>
      <trkpt lat="49.061196" lon="8.094775"><ele>137.5</ele></trkpt>
      <trkpt lat="49.061294" lon="8.095273"><ele>136.8</ele></trkpt>
      <trkpt lat="49.061439" lon="8.095859"><ele>137.0</ele></trkpt>
      <trkpt lat="49.061683" lon="8.096722"><ele>135.8</ele></trkpt>
      <trkpt lat="49.061706" lon="8.096793"><ele>135.8</ele></trkpt>
      <trkpt lat="49.061859" lon="8.097349"><ele>135.8</ele></trkpt>
      <trkpt lat="49.061986" lon="8.097901"><ele>136.0</ele></trkpt>
      <trkpt lat="49.062308" lon="8.099494"><ele>135.2</ele></trkpt>
      <trkpt lat="49.062392" lon="8.099845"><ele>135.0</ele></trkpt>
      <trkpt lat="49.062897" lon="8.101568"><ele>134.0</ele></trkpt>
      <trkpt lat="49.063350" lon="8.103315"><ele>134.0</ele></trkpt>
      <trkpt lat="49.063405" lon="8.103549"><ele>134.0</ele></trkpt>
      <trkpt lat="49.063445" lon="8.103800"><ele>134.0</ele></trkpt>
      <trkpt lat="49.063459" lon="8.103970"><ele>133.8</ele></trkpt>
      <trkpt lat="49.063460" lon="8.104188"><ele>133.2</ele></trkpt>
      <trkpt lat="49.063436" lon="8.104679"><ele>133.2</ele></trkpt>
      <trkpt lat="49.063403" lon="8.105434"><ele>133.2</ele></trkpt>
      <trkpt lat="49.063397" lon="8.105611"><ele>133.0</ele></trkpt>
      <trkpt lat="49.063345" lon="8.106779"><ele>133.0</ele></trkpt>
      <trkpt lat="49.063311" lon="8.107160"><ele>133.0</ele></trkpt>
      <trkpt lat="49.063202" lon="8.107935"><ele>133.0</ele></trkpt>
      <trkpt lat="49.063197" lon="8.108066"><ele>133.0</ele></trkpt>
      <trkpt lat="49.063205" lon="8.108202"><ele>133.2</ele></trkpt>
      <trkpt lat="49.063262" lon="8.108339"><ele>133.5</ele></trkpt>
      <trkpt lat="49.063336" lon="8.108428"><ele>134.0</ele></trkpt>
      <trkpt lat="49.063447" lon="8.108472"><ele>134.0</ele></trkpt>
      <trkpt lat="49.063670" lon="8.108525"><ele>134.0</ele></trkpt>
      <trkpt lat="49.063999" lon="8.108574"><ele>134.2</ele></trkpt>
      <trkpt lat="49.064680" lon="8.108662"><ele>135.0</ele></trkpt>
      <trkpt lat="49.065114" lon="8.108709"><ele>136.5</ele></trkpt>
      <trkpt lat="49.065182" lon="8.108728"><ele>137.0</ele></trkpt>
      <trkpt lat="49.065207" lon="8.108865"><ele>136.8</ele></trkpt>
      <trkpt lat="49.065266" lon="8.110125"><ele>136.8</ele></trkpt>
      <trkpt lat="49.065274" lon="8.110299"><ele>136.8</ele></trkpt>
      <trkpt lat="49.065337" lon="8.112014"><ele>136.0</ele></trkpt>
      <trkpt lat="49.065367" lon="8.112645"><ele>136.2</ele></trkpt>
      <trkpt lat="49.065391" lon="8.112995"><ele>136.2</ele></trkpt>
      <trkpt lat="49.065422" lon="8.113279"><ele>136.5</ele></trkpt>
      <trkpt lat="49.065666" lon="8.114620"><ele>135.8</ele></trkpt>
      <trkpt lat="49.065692" lon="8.114781"><ele>135.2</ele></trkpt>
      <trkpt lat="49.065734" lon="8.115025"><ele>135.5</ele></trkpt>
      <trkpt lat="49.065792" lon="8.115355"><ele>135.8</ele></trkpt>
      <trkpt lat="49.065841" lon="8.115716"><ele>136.0</ele></trkpt>
      <trkpt lat="49.065951" lon="8.116858"><ele>135.5</ele></trkpt>
      <trkpt lat="49.065994" lon="8.117869"><ele>135.2</ele></trkpt>
      <trkpt lat="49.066005" lon="8.118107"><ele>135.0</ele></trkpt>
      <trkpt lat="49.066026" lon="8.119007"><ele>134.5</ele></trkpt>
      <trkpt lat="49.066065" lon="8.120167"><ele>134.0</ele></trkpt>
      <trkpt lat="49.066104" lon="8.120593"><ele>133.8</ele></trkpt>
      <trkpt lat="49.066162" lon="8.120927"><ele>134.0</ele></trkpt>
      <trkpt lat="49.066231" lon="8.121174"><ele>134.0</ele></trkpt>
      <trkpt lat="49.066319" lon="8.121431"><ele>133.5</ele></trkpt>
      <trkpt lat="49.066438" lon="8.121793"><ele>133.5</ele></trkpt>
      <trkpt lat="49.066503" lon="8.122056"><ele>133.2</ele></trkpt>
      <trkpt lat="49.066759" lon="8.123256"><ele>133.0</ele></trkpt>
      <trkpt lat="49.066866" lon="8.123594"><ele>132.5</ele></trkpt>
      <trkpt lat="49.067322" lon="8.124604"><ele>133.0</ele></trkpt>
      <trkpt lat="49.067401" lon="8.124830"><ele>132.8</ele></trkpt>
      <trkpt lat="49.067475" lon="8.124978"><ele>132.8</ele></trkpt>
      <trkpt lat="49.067577" lon="8.125123"><ele>133.2</ele></trkpt>
      <trkpt lat="49.067662" lon="8.125234"><ele>133.5</ele></trkpt>
      <trkpt lat="49.068091" lon="8.125796"><ele>135.0</ele></trkpt>
      <trkpt lat="49.068267" lon="8.125997"><ele>135.0</ele></trkpt>
      <trkpt lat="49.068498" lon="8.126262"><ele>135.5</ele></trkpt>
      <trkpt lat="49.068671" lon="8.126461"><ele>136.0</ele></trkpt>
      <trkpt lat="49.068925" lon="8.126752"><ele>136.0</ele></trkpt>
      <trkpt lat="49.069840" lon="8.127814"><ele>137.8</ele></trkpt>
      <trkpt lat="49.070080" lon="8.128096"><ele>137.8</ele></trkpt>
      <trkpt lat="49.070213" lon="8.128264"><ele>137.8</ele></trkpt>
      <trkpt lat="49.070391" lon="8.128561"><ele>137.5</ele></trkpt>
      <trkpt lat="49.070574" lon="8.128891"><ele>137.0</ele></trkpt>
      <trkpt lat="49.070796" lon="8.129363"><ele>137.8</ele></trkpt>
      <trkpt lat="49.071001" lon="8.129838"><ele>137.2</ele></trkpt>
      <trkpt lat="49.071194" lon="8.130341"><ele>137.0</ele></trkpt>
      <trkpt lat="49.071294" lon="8.130648"><ele>137.2</ele></trkpt>
      <trkpt lat="49.071402" lon="8.131040"><ele>137.2</ele></trkpt>
      <trkpt lat="49.071492" lon="8.131437"><ele>137.2</ele></trkpt>
      <trkpt lat="49.071552" lon="8.131804"><ele>136.8</ele></trkpt>
      <trkpt lat="49.071607" lon="8.132180"><ele>136.8</ele></trkpt>
      <trkpt lat="49.071643" lon="8.132604"><ele>136.5</ele></trkpt>
      <trkpt lat="49.071666" lon="8.133058"><ele>135.8</ele></trkpt>
      <trkpt lat="49.071668" lon="8.133496"><ele>135.2</ele></trkpt>
      <trkpt lat="49.071670" lon="8.133881"><ele>135.0</ele></trkpt>
      <trkpt lat="49.071701" lon="8.134531"><ele>133.8</ele></trkpt>
      <trkpt lat="49.071735" lon="8.135058"><ele>132.8</ele></trkpt>
      <trkpt lat="49.071741" lon="8.135131"><ele>132.5</ele></trkpt>
      <trkpt lat="49.071770" lon="8.135486"><ele>132.0</ele></trkpt>
      <trkpt lat="49.071789" lon="8.135667"><ele>132.0</ele></trkpt>
      <trkpt lat="49.071816" lon="8.135971"><ele>132.0</ele></trkpt>
      <trkpt lat="49.071831" lon="8.136151"><ele>132.0</ele></trkpt>
      <trkpt lat="49.071887" lon="8.136853"><ele>132.5</ele></trkpt>
      <trkpt lat="49.072009" lon="8.138163"><ele>138.8</ele></trkpt>
      <trkpt lat="49.072025" lon="8.138639"><ele>140.0</ele></trkpt>
      <trkpt lat="49.072066" lon="8.139449"><ele>140.2</ele></trkpt>
      <trkpt lat="49.072086" lon="8.139641"><ele>140.5</ele></trkpt>
      <trkpt lat="49.072112" lon="8.139866"><ele>140.5</ele></trkpt>
      <trkpt lat="49.072156" lon="8.140676"><ele>140.2</ele></trkpt>
      <trkpt lat="49.072169" lon="8.141051"><ele>139.8</ele></trkpt>
      <trkpt lat="49.072174" lon="8.141613"><ele>139.0</ele></trkpt>
      <trkpt lat="49.072193" lon="8.142119"><ele>137.8</ele></trkpt>
      <trkpt lat="49.072201" lon="8.142326"><ele>137.8</ele></trkpt>
      <trkpt lat="49.072209" lon="8.142541"><ele>137.8</ele></trkpt>
      <trkpt lat="49.072214" lon="8.142623"><ele>137.5</ele></trkpt>
      <trkpt lat="49.072252" lon="8.143223"><ele>136.5</ele></trkpt>
      <trkpt lat="49.072265" lon="8.143547"><ele>136.0</ele></trkpt>
      <trkpt lat="49.072269" lon="8.143856"><ele>136.0</ele></trkpt>
      <trkpt lat="49.072271" lon="8.144067"><ele>135.5</ele></trkpt>
      <trkpt lat="49.072279" lon="8.144660"><ele>135.2</ele></trkpt>
      <trkpt lat="49.072297" lon="8.145193"><ele>134.8</ele></trkpt>
      <trkpt lat="49.072352" lon="8.145842"><ele>134.2</ele></trkpt>
      <trkpt lat="49.072390" lon="8.146300"><ele>133.8</ele></trkpt>
      <trkpt lat="49.072560" lon="8.148313"><ele>132.8</ele></trkpt>
      <trkpt lat="49.072574" lon="8.148480"><ele>132.8</ele></trkpt>
      <trkpt lat="49.072620" lon="8.149193"><ele>132.2</ele></trkpt>
      <trkpt lat="49.072645" lon="8.149668"><ele>133.0</ele></trkpt>
      <trkpt lat="49.072639" lon="8.149827"><ele>133.0</ele></trkpt>
      <trkpt lat="49.072635" lon="8.150173"><ele>132.8</ele></trkpt>
      <trkpt lat="49.072648" lon="8.150322"><ele>132.8</ele></trkpt>
      <trkpt lat="49.072681" lon="8.150547"><ele>132.2</ele></trkpt>
      <trkpt lat="49.072773" lon="8.152023"><ele>131.5</ele></trkpt>
      <trkpt lat="49.072795" lon="8.152294"><ele>131.0</ele></trkpt>
      <trkpt lat="49.072827" lon="8.152789"><ele>131.0</ele></trkpt>
      <trkpt lat="49.072879" lon="8.153451"><ele>131.2</ele></trkpt>
      <trkpt lat="49.072903" lon="8.153800"><ele>131.2</ele></trkpt>
      <trkpt lat="49.072921" lon="8.154098"><ele>131.0</ele></trkpt>
      <trkpt lat="49.073016" lon="8.155531"><ele>130.5</ele></trkpt>
      <trkpt lat="49.073096" lon="8.156944"><ele>130.0</ele></trkpt>
      <trkpt lat="49.073279" lon="8.159879"><ele>127.8</ele></trkpt>
      <trkpt lat="49.073303" lon="8.160476"><ele>127.8</ele></trkpt>
      <trkpt lat="49.073306" lon="8.160793"><ele>127.0</ele></trkpt>
      <trkpt lat="49.073236" lon="8.163191"><ele>126.2</ele></trkpt>
      <trkpt lat="49.073196" lon="8.165038"><ele>125.0</ele></trkpt>
      <trkpt lat="49.073201" lon="8.165317"><ele>125.0</ele></trkpt>
      <trkpt lat="49.073219" lon="8.165554"><ele>125.0</ele></trkpt>
      <trkpt lat="49.073252" lon="8.165802"><ele>125.0</ele></trkpt>
      <trkpt lat="49.073275" lon="8.165960"><ele>125.0</ele></trkpt>
      <trkpt lat="49.073309" lon="8.166138"><ele>125.0</ele></trkpt>
      <trkpt lat="49.073403" lon="8.166764"><ele>125.0</ele></trkpt>
      <trkpt lat="49.073442" lon="8.167135"><ele>125.0</ele></trkpt>
      <trkpt lat="49.073475" lon="8.167352"><ele>125.0</ele></trkpt>
      <trkpt lat="49.073526" lon="8.167576"><ele>125.0</ele></trkpt>
      <trkpt lat="49.073686" lon="8.168063"><ele>125.0</ele></trkpt>
      <trkpt lat="49.073857" lon="8.168622"><ele>125.0</ele></trkpt>
      <trkpt lat="49.073923" lon="8.168861"><ele>125.0</ele></trkpt>
      <trkpt lat="49.074854" lon="8.172202"><ele>124.0</ele></trkpt>
      <trkpt lat="49.075151" lon="8.173245"><ele>124.0</ele></trkpt>
      <trkpt lat="49.075469" lon="8.174162"><ele>124.0</ele></trkpt>
      <trkpt lat="49.075474" lon="8.174176"><ele>124.0</ele></trkpt>
      <trkpt lat="49.075564" lon="8.174432"><ele>124.0</ele></trkpt>
      <trkpt lat="49.075875" lon="8.175393"><ele>124.0</ele></trkpt>
      <trkpt lat="49.076446" lon="8.177183"><ele>123.0</ele></trkpt>
      <trkpt lat="49.076762" lon="8.178098"><ele>123.0</ele></trkpt>
      <trkpt lat="49.076908" lon="8.178472"><ele>123.0</ele></trkpt>
      <trkpt lat="49.077076" lon="8.178837"><ele>123.0</ele></trkpt>
      <trkpt lat="49.077173" lon="8.179057"><ele>123.0</ele></trkpt>
      <trkpt lat="49.077268" lon="8.179277"><ele>123.0</ele></trkpt>
      <trkpt lat="49.077304" lon="8.179365"><ele>123.0</ele></trkpt>
      <trkpt lat="49.077365" lon="8.179509"><ele>123.0</ele></trkpt>
      <trkpt lat="49.077392" lon="8.179569"><ele>123.0</ele></trkpt>
      <trkpt lat="49.077636" lon="8.180178"><ele>123.2</ele></trkpt>
      <trkpt lat="49.077753" lon="8.180539"><ele>123.8</ele></trkpt>
      <trkpt lat="49.077844" lon="8.180903"><ele>123.8</ele></trkpt>
      <trkpt lat="49.078110" lon="8.181988"><ele>123.0</ele></trkpt>
      <trkpt lat="49.078414" lon="8.183015"><ele>123.0</ele></trkpt>
      <trkpt lat="49.078625" lon="8.183696"><ele>123.0</ele></trkpt>
      <trkpt lat="49.078820" lon="8.184285"><ele>123.2</ele></trkpt>
      <trkpt lat="49.079221" lon="8.185377"><ele>122.5</ele></trkpt>
      <trkpt lat="49.079248" lon="8.185458"><ele>122.5</ele></trkpt>
      <trkpt lat="49.079625" lon="8.186727"><ele>122.0</ele></trkpt>
      <trkpt lat="49.079758" lon="8.187048"><ele>123.0</ele></trkpt>
      <trkpt lat="49.079945" lon="8.187406"><ele>122.8</ele></trkpt>
      <trkpt lat="49.079993" lon="8.187499"><ele>122.8</ele></trkpt>
      <trkpt lat="49.080043" lon="8.187587"><ele>122.8</ele></trkpt>
      <trkpt lat="49.080236" lon="8.187915"><ele>123.8</ele></trkpt>
      <trkpt lat="49.080282" lon="8.188026"><ele>123.8</ele></trkpt>
      <trkpt lat="49.080315" lon="8.188100"><ele>123.5</ele></trkpt>
      <trkpt lat="49.080370" lon="8.188258"><ele>123.0</ele></trkpt>
      <trkpt lat="49.080434" lon="8.188521"><ele>123.0</ele></trkpt>
      <trkpt lat="49.080455" lon="8.188610"><ele>123.0</ele></trkpt>
      <trkpt lat="49.080566" lon="8.189082"><ele>123.0</ele></trkpt>
      <trkpt lat="49.080839" lon="8.190443"><ele>123.0</ele></trkpt>
      <trkpt lat="49.080944" lon="8.190899"><ele>122.5</ele></trkpt>
      <trkpt lat="49.080980" lon="8.191062"><ele>122.5</ele></trkpt>
      <trkpt lat="49.081205" lon="8.191870"><ele>123.2</ele></trkpt>
      <trkpt lat="49.081395" lon="8.192627"><ele>123.0</ele></trkpt>
      <trkpt lat="49.081414" lon="8.192687"><ele>123.0</ele></trkpt>
      <trkpt lat="49.081456" lon="8.192759"><ele>123.0</ele></trkpt>
      <trkpt lat="49.081444" lon="8.192785"><ele>123.0</ele></trkpt>
      <trkpt lat="49.081433" lon="8.192835"><ele>123.0</ele></trkpt>
      <trkpt lat="49.081433" lon="8.192892"><ele>123.0</ele></trkpt>
      <trkpt lat="49.081442" lon="8.192963"><ele>123.0</ele></trkpt>
      <trkpt lat="49.081509" lon="8.193214"><ele>123.0</ele></trkpt>
      <trkpt lat="49.081577" lon="8.193409"><ele>122.8</ele></trkpt>
      <trkpt lat="49.081609" lon="8.193524"><ele>122.8</ele></trkpt>
      <trkpt lat="49.081622" lon="8.193587"><ele>122.8</ele></trkpt>
      <trkpt lat="49.081644" lon="8.193700"><ele>122.8</ele></trkpt>
      <trkpt lat="49.081685" lon="8.193897"><ele>123.0</ele></trkpt>
      <trkpt lat="49.081717" lon="8.194054"><ele>123.0</ele></trkpt>
      <trkpt lat="49.081744" lon="8.194155"><ele>123.2</ele></trkpt>
      <trkpt lat="49.081848" lon="8.194502"><ele>122.5</ele></trkpt>
      <trkpt lat="49.081888" lon="8.194642"><ele>122.8</ele></trkpt>
      <trkpt lat="49.081949" lon="8.194624"><ele>123.0</ele></trkpt>
      <trkpt lat="49.082441" lon="8.194547"><ele>126.2</ele></trkpt>
      <trkpt lat="49.082478" lon="8.194523"><ele>126.5</ele></trkpt>
      <trkpt lat="49.082506" lon="8.194487"><ele>126.8</ele></trkpt>
      <trkpt lat="49.082516" lon="8.194442"><ele>127.0</ele></trkpt>
      <trkpt lat="49.082517" lon="8.194382"><ele>127.0</ele></trkpt>
      <trkpt lat="49.082834" lon="8.194342"><ele>127.2</ele></trkpt>
      <trkpt lat="49.082852" lon="8.194340"><ele>127.5</ele></trkpt>
      <trkpt lat="49.082890" lon="8.195181"><ele>127.2</ele></trkpt>
      <trkpt lat="49.082855" lon="8.195211"><ele>127.2</ele></trkpt>
      <trkpt lat="49.082804" lon="8.195534"><ele>128.0</ele></trkpt>
      <trkpt lat="49.082794" lon="8.195725"><ele>128.0</ele></trkpt>
      <trkpt lat="49.082787" lon="8.195838"><ele>128.0</ele></trkpt>
      <trkpt lat="49.082813" lon="8.195826"><ele>128.0</ele></trkpt>
      <trkpt lat="49.082997" lon="8.195819"><ele>128.0</ele></trkpt>
      <trkpt lat="49.082813" lon="8.195826"><ele>128.0</ele></trkpt>
      <trkpt lat="49.082787" lon="8.195838"><ele>128.0</ele></trkpt>
      <trkpt lat="49.082784" lon="8.196269"><ele>127.0</ele></trkpt>
      <trkpt lat="49.082795" lon="8.196435"><ele>126.8</ele></trkpt>
      <trkpt lat="49.082830" lon="8.196764"><ele>126.0</ele></trkpt>
      <trkpt lat="49.082911" lon="8.197186"><ele>126.0</ele></trkpt>
      <trkpt lat="49.082964" lon="8.197425"><ele>126.0</ele></trkpt>
      <trkpt lat="49.083005" lon="8.197545"><ele>126.2</ele></trkpt>
      <trkpt lat="49.083184" lon="8.197865"><ele>126.2</ele></trkpt>
      <trkpt lat="49.083254" lon="8.198884"><ele>123.5</ele></trkpt>
      <trkpt lat="49.083036" lon="8.198944"><ele>122.5</ele></trkpt>
      <trkpt lat="49.082968" lon="8.198965"><ele>122.2</ele></trkpt>
      <trkpt lat="49.082859" lon="8.198997"><ele>122.0</ele></trkpt>
      <trkpt lat="49.082794" lon="8.199012"><ele>122.0</ele></trkpt>
      <trkpt lat="49.082717" lon="8.199030"><ele>121.8</ele></trkpt>
      <trkpt lat="49.082688" lon="8.199037"><ele>121.5</ele></trkpt>
      <trkpt lat="49.082394" lon="8.199109"><ele>121.0</ele></trkpt>
      <trkpt lat="49.082028" lon="8.199192"><ele>120.8</ele></trkpt>
      <trkpt lat="49.081169" lon="8.199395"><ele>120.0</ele></trkpt>
      <trkpt lat="49.080354" lon="8.199606"><ele>120.0</ele></trkpt>
      <trkpt lat="49.079856" lon="8.199735"><ele>120.2</ele></trkpt>
      <trkpt lat="49.079706" lon="8.199764"><ele>120.8</ele></trkpt>
      <trkpt lat="49.079547" lon="8.199800"><ele>121.8</ele></trkpt>
      <trkpt lat="49.079504" lon="8.199813"><ele>122.0</ele></trkpt>
      <trkpt lat="49.079445" lon="8.199832"><ele>122.5</ele></trkpt>
      <trkpt lat="49.079361" lon="8.199866"><ele>122.2</ele></trkpt>
      <trkpt lat="49.079309" lon="8.199889"><ele>122.0</ele></trkpt>
      <trkpt lat="49.079266" lon="8.199911"><ele>122.0</ele></trkpt>
      <trkpt lat="49.079187" lon="8.199952"><ele>122.0</ele></trkpt>
      <trkpt lat="49.079111" lon="8.199996"><ele>121.5</ele></trkpt>
      <trkpt lat="49.078357" lon="8.200433"><ele>119.5</ele></trkpt>
      <trkpt lat="49.078289" lon="8.200469"><ele>119.5</ele></trkpt>
      <trkpt lat="49.078100" lon="8.200587"><ele>119.0</ele></trkpt>
      <trkpt lat="49.078069" lon="8.200608"><ele>119.0</ele></trkpt>
      <trkpt lat="49.077653" lon="8.200873"><ele>119.5</ele></trkpt>
      <trkpt lat="49.077583" lon="8.200913"><ele>119.2</ele></trkpt>
      <trkpt lat="49.076870" lon="8.201312"><ele>119.5</ele></trkpt>
      <trkpt lat="49.076574" lon="8.201492"><ele>119.5</ele></trkpt>
      <trkpt lat="49.076467" lon="8.201551"><ele>119.2</ele></trkpt>
      <trkpt lat="49.076151" lon="8.201739"><ele>119.2</ele></trkpt>
      <trkpt lat="49.075666" lon="8.202021"><ele>119.2</ele></trkpt>
      <trkpt lat="49.075535" lon="8.202089"><ele>119.2</ele></trkpt>
      <trkpt lat="49.075151" lon="8.202328"><ele>119.2</ele></trkpt>
      <trkpt lat="49.074769" lon="8.202586"><ele>119.8</ele></trkpt>
      <trkpt lat="49.074862" lon="8.202957"><ele>120.0</ele></trkpt>
      <trkpt lat="49.074802" lon="8.203092"><ele>119.8</ele></trkpt>
      <trkpt lat="49.074796" lon="8.203155"><ele>119.5</ele></trkpt>
      <trkpt lat="49.074783" lon="8.203297"><ele>119.2</ele></trkpt>
      <trkpt lat="49.074790" lon="8.203620"><ele>118.8</ele></trkpt>
      <trkpt lat="49.074807" lon="8.203798"><ele>119.0</ele></trkpt>
      <trkpt lat="49.074828" lon="8.203918"><ele>119.0</ele></trkpt>
      <trkpt lat="49.074900" lon="8.204169"><ele>119.0</ele></trkpt>
      <trkpt lat="49.075530" lon="8.206272"><ele>119.0</ele></trkpt>
      <trkpt lat="49.075584" lon="8.206343"><ele>118.8</ele></trkpt>
      <trkpt lat="49.076328" lon="8.206921"><ele>118.2</ele></trkpt>
      <trkpt lat="49.076476" lon="8.207133"><ele>118.2</ele></trkpt>
      <trkpt lat="49.076525" lon="8.207322"><ele>118.5</ele></trkpt>
      <trkpt lat="49.076493" lon="8.207476"><ele>119.0</ele></trkpt>
      <trkpt lat="49.076276" lon="8.208031"><ele>119.8</ele></trkpt>
      <trkpt lat="49.076234" lon="8.208207"><ele>119.0</ele></trkpt>
      <trkpt lat="49.076220" lon="8.208395"><ele>118.8</ele></trkpt>
      <trkpt lat="49.076240" lon="8.208531"><ele>118.5</ele></trkpt>
      <trkpt lat="49.076344" lon="8.208933"><ele>118.0</ele></trkpt>
      <trkpt lat="49.076352" lon="8.209059"><ele>118.5</ele></trkpt>
      <trkpt lat="49.076343" lon="8.209168"><ele>118.8</ele></trkpt>
      <trkpt lat="49.076330" lon="8.209237"><ele>118.5</ele></trkpt>
      <trkpt lat="49.076295" lon="8.209311"><ele>118.2</ele></trkpt>
      <trkpt lat="49.075891" lon="8.210027"><ele>118.8</ele></trkpt>
      <trkpt lat="49.075819" lon="8.210149"><ele>118.8</ele></trkpt>
      <trkpt lat="49.075470" lon="8.210762"><ele>118.0</ele></trkpt>
      <trkpt lat="49.075314" lon="8.211015"><ele>118.0</ele></trkpt>
      <trkpt lat="49.075245" lon="8.211121"><ele>118.0</ele></trkpt>
      <trkpt lat="49.074383" lon="8.212026"><ele>118.0</ele></trkpt>
      <trkpt lat="49.072737" lon="8.213916"><ele>118.0</ele></trkpt>
      <trkpt lat="49.073182" lon="8.215322"><ele>118.0</ele></trkpt>
      <trkpt lat="49.073244" lon="8.215649"><ele>118.0</ele></trkpt>
      <trkpt lat="49.073179" lon="8.216006"><ele>118.0</ele></trkpt>
      <trkpt lat="49.073059" lon="8.216330"><ele>117.8</ele></trkpt>
      <trkpt lat="49.069831" lon="8.222457"><ele>118.0</ele></trkpt>
      <trkpt lat="49.069631" lon="8.222631"><ele>118.0</ele></trkpt>
      <trkpt lat="49.069281" lon="8.222966"><ele>118.0</ele></trkpt>
      <trkpt lat="49.069183" lon="8.223138"><ele>117.8</ele></trkpt>
      <trkpt lat="49.069040" lon="8.223600"><ele>118.0</ele></trkpt>
      <trkpt lat="49.068900" lon="8.224199"><ele>118.0</ele></trkpt>
      <trkpt lat="49.067412" lon="8.227026"><ele>118.0</ele></trkpt>
      <trkpt lat="49.064674" lon="8.232224"><ele>117.0</ele></trkpt>
      <trkpt lat="49.062349" lon="8.236701"><ele>117.0</ele></trkpt>
      <trkpt lat="49.060219" lon="8.240569"><ele>117.0</ele></trkpt>
      <trkpt lat="49.060101" lon="8.240667"><ele>117.2</ele></trkpt>
      <trkpt lat="49.059940" lon="8.240771"><ele>117.2</ele></trkpt>
      <trkpt lat="49.059519" lon="8.241593"><ele>116.8</ele></trkpt>
      <trkpt lat="49.059483" lon="8.241673"><ele>116.8</ele></trkpt>
      <trkpt lat="49.059439" lon="8.241841"><ele>117.0</ele></trkpt>
      <trkpt lat="49.059321" lon="8.242055"><ele>117.0</ele></trkpt>
      <trkpt lat="49.059207" lon="8.242299"><ele>116.8</ele></trkpt>
      <trkpt lat="49.058833" lon="8.243215"><ele>116.5</ele></trkpt>
      <trkpt lat="49.058714" lon="8.243512"><ele>115.8</ele></trkpt>
      <trkpt lat="49.058639" lon="8.243668"><ele>115.5</ele></trkpt>
      <trkpt lat="49.058430" lon="8.244078"><ele>116.5</ele></trkpt>
      <trkpt lat="49.058209" lon="8.244596"><ele>115.8</ele></trkpt>
      <trkpt lat="49.058116" lon="8.244805"><ele>115.8</ele></trkpt>
      <trkpt lat="49.057711" lon="8.245735"><ele>115.2</ele></trkpt>
      <trkpt lat="49.057525" lon="8.246160"><ele>116.5</ele></trkpt>
      <trkpt lat="49.057156" lon="8.246974"><ele>115.5</ele></trkpt>
      <trkpt lat="49.057037" lon="8.247255"><ele>115.8</ele></trkpt>
      <trkpt lat="49.056744" lon="8.247912"><ele>115.5</ele></trkpt>
      <trkpt lat="49.056556" lon="8.248348"><ele>115.5</ele></trkpt>
      <trkpt lat="49.056273" lon="8.248972"><ele>114.2</ele></trkpt>
      <trkpt lat="49.055757" lon="8.250138"><ele>114.8</ele></trkpt>
      <trkpt lat="49.055417" lon="8.250881"><ele>114.2</ele></trkpt>
      <trkpt lat="49.055250" lon="8.251281"><ele>114.0</ele></trkpt>
      <trkpt lat="49.055134" lon="8.251559"><ele>114.8</ele></trkpt>
      <trkpt lat="49.055062" lon="8.251720"><ele>115.0</ele></trkpt>
      <trkpt lat="49.054980" lon="8.251893"><ele>114.2</ele></trkpt>
      <trkpt lat="49.054780" lon="8.252219"><ele>113.8</ele></trkpt>
      <trkpt lat="49.054742" lon="8.252187"><ele>114.8</ele></trkpt>
      <trkpt lat="49.054735" lon="8.252172"><ele>114.8</ele></trkpt>
      <trkpt lat="49.054412" lon="8.252784"><ele>115.0</ele></trkpt>
      <trkpt lat="49.054349" lon="8.252901"><ele>114.8</ele></trkpt>
      <trkpt lat="49.054341" lon="8.252943"><ele>114.8</ele></trkpt>
      <trkpt lat="49.054322" lon="8.253044"><ele>114.2</ele></trkpt>
      <trkpt lat="49.054296" lon="8.253123"><ele>114.0</ele></trkpt>
      <trkpt lat="49.053874" lon="8.254178"><ele>113.0</ele></trkpt>
      <trkpt lat="49.053843" lon="8.254220"><ele>113.0</ele></trkpt>
      <trkpt lat="49.053802" lon="8.254252"><ele>113.2</ele></trkpt>
      <trkpt lat="49.053732" lon="8.254286"><ele>113.8</ele></trkpt>
      <trkpt lat="49.053669" lon="8.254304"><ele>114.2</ele></trkpt>
      <trkpt lat="49.053614" lon="8.254313"><ele>114.8</ele></trkpt>
      <trkpt lat="49.053492" lon="8.254312"><ele>115.0</ele></trkpt>
      <trkpt lat="49.053390" lon="8.254281"><ele>115.0</ele></trkpt>
      <trkpt lat="49.053373" lon="8.254293"><ele>115.0</ele></trkpt>
      <trkpt lat="49.053110" lon="8.255072"><ele>115.8</ele></trkpt>
      <trkpt lat="49.052726" lon="8.255844"><ele>115.8</ele></trkpt>
      <trkpt lat="49.052329" lon="8.256711"><ele>115.2</ele></trkpt>
      <trkpt lat="49.051978" lon="8.257487"><ele>115.8</ele></trkpt>
      <trkpt lat="49.051702" lon="8.258556"><ele>115.5</ele></trkpt>
      <trkpt lat="49.051239" lon="8.258317"><ele>115.2</ele></trkpt>
      <trkpt lat="49.051175" lon="8.258296"><ele>115.2</ele></trkpt>
      <trkpt lat="49.051109" lon="8.258303"><ele>115.0</ele></trkpt>
      <trkpt lat="49.051033" lon="8.258332"><ele>115.0</ele></trkpt>
      <trkpt lat="49.050950" lon="8.258378"><ele>115.0</ele></trkpt>
      <trkpt lat="49.050873" lon="8.258356"><ele>115.0</ele></trkpt>
      <trkpt lat="49.050716" lon="8.258262"><ele>115.0</ele></trkpt>
      <trkpt lat="49.050689" lon="8.258393"><ele>114.8</ele></trkpt>
      <trkpt lat="49.050647" lon="8.258536"><ele>114.5</ele></trkpt>
      <trkpt lat="49.050557" lon="8.258896"><ele>114.0</ele></trkpt>
      <trkpt lat="49.050475" lon="8.259177"><ele>113.5</ele></trkpt>
      <trkpt lat="49.050258" lon="8.259855"><ele>112.5</ele></trkpt>
      <trkpt lat="49.050162" lon="8.260182"><ele>111.5</ele></trkpt>
      <trkpt lat="49.050128" lon="8.260160"><ele>111.5</ele></trkpt>
      <trkpt lat="49.050099" lon="8.260144"><ele>111.8</ele></trkpt>
      <trkpt lat="49.050052" lon="8.260117"><ele>111.8</ele></trkpt>
      <trkpt lat="49.050025" lon="8.260098"><ele>111.8</ele></trkpt>
      <trkpt lat="49.050012" lon="8.260088"><ele>111.8</ele></trkpt>
      <trkpt lat="49.049962" lon="8.260055"><ele>112.0</ele></trkpt>
      <trkpt lat="49.049931" lon="8.260032"><ele>112.0</ele></trkpt>
      <trkpt lat="49.049893" lon="8.260156"><ele>112.0</ele></trkpt>
      <trkpt lat="49.049874" lon="8.260222"><ele>112.0</ele></trkpt>
      <trkpt lat="49.049853" lon="8.260297"><ele>111.8</ele></trkpt>
      <trkpt lat="49.049753" lon="8.260689"><ele>111.8</ele></trkpt>
      <trkpt lat="49.049717" lon="8.260846"><ele>111.8</ele></trkpt>
      <trkpt lat="49.049663" lon="8.261082"><ele>111.2</ele></trkpt>
      <trkpt lat="49.049652" lon="8.261124"><ele>111.0</ele></trkpt>
      <trkpt lat="49.049597" lon="8.261124"><ele>111.2</ele></trkpt>
      <trkpt lat="49.049457" lon="8.261159"><ele>111.5</ele></trkpt>
      <trkpt lat="49.049391" lon="8.261148"><ele>111.5</ele></trkpt>
      <trkpt lat="49.049188" lon="8.261049"><ele>112.5</ele></trkpt>
      <trkpt lat="49.049021" lon="8.260929"><ele>112.0</ele></trkpt>
      <trkpt lat="49.049188" lon="8.261049"><ele>112.5</ele></trkpt>
      <trkpt lat="49.049391" lon="8.261148"><ele>111.5</ele></trkpt>
      <trkpt lat="49.049457" lon="8.261159"><ele>111.5</ele></trkpt>
      <trkpt lat="49.049597" lon="8.261124"><ele>111.2</ele></trkpt>
      <trkpt lat="49.049652" lon="8.261124"><ele>111.0</ele></trkpt>
      <trkpt lat="49.049631" lon="8.261191"><ele>111.0</ele></trkpt>
      <trkpt lat="49.049605" lon="8.261292"><ele>110.8</ele></trkpt>
      <trkpt lat="49.049584" lon="8.261396"><ele>110.2</ele></trkpt>
      <trkpt lat="49.049575" lon="8.261454"><ele>110.2</ele></trkpt>
      <trkpt lat="49.049431" lon="8.262236"><ele>109.8</ele></trkpt>
      <trkpt lat="49.049423" lon="8.262305"><ele>109.8</ele></trkpt>
      <trkpt lat="49.049410" lon="8.262427"><ele>110.2</ele></trkpt>
      <trkpt lat="49.049213" lon="8.262701"><ele>110.2</ele></trkpt>
      <trkpt lat="49.048990" lon="8.262934"><ele>108.8</ele></trkpt>
      <trkpt lat="49.048739" lon="8.263170"><ele>107.2</ele></trkpt>
      <trkpt lat="49.048628" lon="8.263256"><ele>107.0</ele></trkpt>
      <trkpt lat="49.048490" lon="8.263339"><ele>107.0</ele></trkpt>
      <trkpt lat="49.048371" lon="8.263392"><ele>106.0</ele></trkpt>
      <trkpt lat="49.048163" lon="8.263461"><ele>105.2</ele></trkpt>
      <trkpt lat="49.047827" lon="8.263579"><ele>105.0</ele></trkpt>
      <trkpt lat="49.047503" lon="8.263692"><ele>105.0</ele></trkpt>
      <trkpt lat="49.047010" lon="8.263858"><ele>104.2</ele></trkpt>
      <trkpt lat="49.046844" lon="8.263915"><ele>104.0</ele></trkpt>
      <trkpt lat="49.046716" lon="8.263957"><ele>104.0</ele></trkpt>
      <trkpt lat="49.046638" lon="8.263982"><ele>104.0</ele></trkpt>
      <trkpt lat="49.046252" lon="8.264091"><ele>104.5</ele></trkpt>
      <trkpt lat="49.046196" lon="8.264097"><ele>104.5</ele></trkpt>
      <trkpt lat="49.046072" lon="8.264099"><ele>104.8</ele></trkpt>
      <trkpt lat="49.045942" lon="8.264085"><ele>104.5</ele></trkpt>
      <trkpt lat="49.045795" lon="8.264050"><ele>104.5</ele></trkpt>
      <trkpt lat="49.045466" lon="8.263871"><ele>104.8</ele></trkpt>
      <trkpt lat="49.045126" lon="8.263651"><ele>104.8</ele></trkpt>
      <trkpt lat="49.044827" lon="8.263390"><ele>105.0</ele></trkpt>
      <trkpt lat="49.044679" lon="8.263260"><ele>104.5</ele></trkpt>
      <trkpt lat="49.044535" lon="8.263114"><ele>104.0</ele></trkpt>
      <trkpt lat="49.044504" lon="8.263085"><ele>104.0</ele></trkpt>
      <trkpt lat="49.044480" lon="8.263056"><ele>104.0</ele></trkpt>
      <trkpt lat="49.044342" lon="8.262926"><ele>104.0</ele></trkpt>
      <trkpt lat="49.044301" lon="8.262886"><ele>104.0</ele></trkpt>
      <trkpt lat="49.044112" lon="8.262734"><ele>104.0</ele></trkpt>
      <trkpt lat="49.043887" lon="8.262596"><ele>104.0</ele></trkpt>
      <trkpt lat="49.043680" lon="8.262491"><ele>104.0</ele></trkpt>
      <trkpt lat="49.043522" lon="8.262431"><ele>104.0</ele></trkpt>
      <trkpt lat="49.043365" lon="8.262392"><ele>104.0</ele></trkpt>
      <trkpt lat="49.043178" lon="8.262365"><ele>104.0</ele></trkpt>
      <trkpt lat="49.042946" lon="8.262359"><ele>103.8</ele></trkpt>
      <trkpt lat="49.042693" lon="8.262366"><ele>104.0</ele></trkpt>
      <trkpt lat="49.042244" lon="8.262402"><ele>104.0</ele></trkpt>
      <trkpt lat="49.041900" lon="8.262376"><ele>104.0</ele></trkpt>
      <trkpt lat="49.041527" lon="8.262298"><ele>104.0</ele></trkpt>
      <trkpt lat="49.041189" lon="8.262166"><ele>104.0</ele></trkpt>
      <trkpt lat="49.040830" lon="8.261993"><ele>107.8</ele></trkpt>
      <trkpt lat="49.040587" lon="8.261868"><ele>106.5</ele></trkpt>
      <trkpt lat="49.040020" lon="8.261563"><ele>105.0</ele></trkpt>
      <trkpt lat="49.039699" lon="8.261404"><ele>105.0</ele></trkpt>
      <trkpt lat="49.038851" lon="8.261030"><ele>105.0</ele></trkpt>
      <trkpt lat="49.038327" lon="8.260812"><ele>105.0</ele></trkpt>
      <trkpt lat="49.037905" lon="8.260685"><ele>105.0</ele></trkpt>
      <trkpt lat="49.037697" lon="8.260653"><ele>105.0</ele></trkpt>
      <trkpt lat="49.037375" lon="8.260678"><ele>104.8</ele></trkpt>
      <trkpt lat="49.036680" lon="8.260779"><ele>105.0</ele></trkpt>
      <trkpt lat="49.035766" lon="8.260912"><ele>105.5</ele></trkpt>
      <trkpt lat="49.034964" lon="8.261044"><ele>106.0</ele></trkpt>
      <trkpt lat="49.034805" lon="8.261100"><ele>106.0</ele></trkpt>
      <trkpt lat="49.034652" lon="8.261192"><ele>105.8</ele></trkpt>
      <trkpt lat="49.034436" lon="8.261382"><ele>106.0</ele></trkpt>
      <trkpt lat="49.034311" lon="8.261405"><ele>105.8</ele></trkpt>
      <trkpt lat="49.034237" lon="8.261385"><ele>106.0</ele></trkpt>
      <trkpt lat="49.034222" lon="8.261366"><ele>106.0</ele></trkpt>
      <trkpt lat="49.034187" lon="8.261326"><ele>106.0</ele></trkpt>
      <trkpt lat="49.033715" lon="8.260717"><ele>106.0</ele></trkpt>
      <trkpt lat="49.032947" lon="8.259654"><ele>106.0</ele></trkpt>
      <trkpt lat="49.032891" lon="8.259580"><ele>106.0</ele></trkpt>
      <trkpt lat="49.032565" lon="8.259160"><ele>106.0</ele></trkpt>
      <trkpt lat="49.031690" lon="8.258053"><ele>105.8</ele></trkpt>
      <trkpt lat="49.031491" lon="8.257831"><ele>106.0</ele></trkpt>
      <trkpt lat="49.031285" lon="8.257666"><ele>105.8</ele></trkpt>
      <trkpt lat="49.031045" lon="8.257535"><ele>105.8</ele></trkpt>
      <trkpt lat="49.030797" lon="8.257436"><ele>105.8</ele></trkpt>
      <trkpt lat="49.029377" lon="8.256888"><ele>105.0</ele></trkpt>
      <trkpt lat="49.029294" lon="8.256856"><ele>105.5</ele></trkpt>
      <trkpt lat="49.028879" lon="8.256707"><ele>106.0</ele></trkpt>
      <trkpt lat="49.028803" lon="8.256684"><ele>106.2</ele></trkpt>
      <trkpt lat="49.028800" lon="8.256608"><ele>106.2</ele></trkpt>
      <trkpt lat="49.028782" lon="8.256537"><ele>106.2</ele></trkpt>
      <trkpt lat="49.028750" lon="8.256478"><ele>106.2</ele></trkpt>
      <trkpt lat="49.028707" lon="8.256439"><ele>106.5</ele></trkpt>
      <trkpt lat="49.028659" lon="8.256421"><ele>106.8</ele></trkpt>
      <trkpt lat="49.028609" lon="8.256429"><ele>107.0</ele></trkpt>
      <trkpt lat="49.028563" lon="8.256459"><ele>107.0</ele></trkpt>
      <trkpt lat="49.028530" lon="8.256503"><ele>107.0</ele></trkpt>
      <trkpt lat="49.028507" lon="8.256559"><ele>107.0</ele></trkpt>
      <trkpt lat="49.028494" lon="8.256622"><ele>107.0</ele></trkpt>
      <trkpt lat="49.028493" lon="8.256680"><ele>106.8</ele></trkpt>
      <trkpt lat="49.028501" lon="8.256737"><ele>106.8</ele></trkpt>
      <trkpt lat="49.028358" lon="8.256997"><ele>105.5</ele></trkpt>
      <trkpt lat="49.028040" lon="8.257361"><ele>105.5</ele></trkpt>
      <trkpt lat="49.027941" lon="8.257448"><ele>105.8</ele></trkpt>
      <trkpt lat="49.027732" lon="8.257562"><ele>106.0</ele></trkpt>
      <trkpt lat="49.024964" lon="8.258606"><ele>105.8</ele></trkpt>
      <trkpt lat="49.024090" lon="8.258936"><ele>105.0</ele></trkpt>
      <trkpt lat="49.023228" lon="8.259262"><ele>105.2</ele></trkpt>
      <trkpt lat="49.023022" lon="8.259319"><ele>106.0</ele></trkpt>
      <trkpt lat="49.022790" lon="8.259335"><ele>106.0</ele></trkpt>
      <trkpt lat="49.022552" lon="8.259305"><ele>106.0</ele></trkpt>
      <trkpt lat="49.022347" lon="8.259242"><ele>105.2</ele></trkpt>
      <trkpt lat="49.022140" lon="8.259131"><ele>105.2</ele></trkpt>
      <trkpt lat="49.021958" lon="8.259003"><ele>105.2</ele></trkpt>
      <trkpt lat="49.021780" lon="8.258830"><ele>105.5</ele></trkpt>
      <trkpt lat="49.021551" lon="8.258545"><ele>106.0</ele></trkpt>
      <trkpt lat="49.020675" lon="8.257207"><ele>106.0</ele></trkpt>
      <trkpt lat="49.020142" lon="8.256425"><ele>106.0</ele></trkpt>
      <trkpt lat="49.019874" lon="8.256052"><ele>105.8</ele></trkpt>
      <trkpt lat="49.019367" lon="8.255421"><ele>105.5</ele></trkpt>
      <trkpt lat="49.018884" lon="8.254896"><ele>105.8</ele></trkpt>
      <trkpt lat="49.018682" lon="8.254700"><ele>106.0</ele></trkpt>
      <trkpt lat="49.018398" lon="8.254429"><ele>105.8</ele></trkpt>
      <trkpt lat="49.018276" lon="8.254280"><ele>106.0</ele></trkpt>
      <trkpt lat="49.018189" lon="8.254145"><ele>106.0</ele></trkpt>
      <trkpt lat="49.017984" lon="8.253864"><ele>106.0</ele></trkpt>
      <trkpt lat="49.017857" lon="8.253708"><ele>106.0</ele></trkpt>
      <trkpt lat="49.017763" lon="8.253625"><ele>105.8</ele></trkpt>
      <trkpt lat="49.017751" lon="8.253614"><ele>105.8</ele></trkpt>
      <trkpt lat="49.017602" lon="8.253492"><ele>105.2</ele></trkpt>
      <trkpt lat="49.017491" lon="8.253426"><ele>105.5</ele></trkpt>
      <trkpt lat="49.017397" lon="8.253378"><ele>105.8</ele></trkpt>
      <trkpt lat="49.017400" lon="8.253304"><ele>106.0</ele></trkpt>
      <trkpt lat="49.017386" lon="8.253234"><ele>106.0</ele></trkpt>
      <trkpt lat="49.017357" lon="8.253175"><ele>106.0</ele></trkpt>
      <trkpt lat="49.017302" lon="8.253126"><ele>106.0</ele></trkpt>
      <trkpt lat="49.017275" lon="8.253118"><ele>106.0</ele></trkpt>
      <trkpt lat="49.017232" lon="8.253122"><ele>106.0</ele></trkpt>
      <trkpt lat="49.017192" lon="8.253146"><ele>106.0</ele></trkpt>
      <trkpt lat="49.017159" lon="8.253187"><ele>106.0</ele></trkpt>
      <trkpt lat="49.017134" lon="8.253245"><ele>106.0</ele></trkpt>
      <trkpt lat="49.017123" lon="8.253312"><ele>106.0</ele></trkpt>
      <trkpt lat="49.017127" lon="8.253380"><ele>106.0</ele></trkpt>
      <trkpt lat="49.017036" lon="8.253401"><ele>106.0</ele></trkpt>
      <trkpt lat="49.016913" lon="8.253443"><ele>105.8</ele></trkpt>
      <trkpt lat="49.016810" lon="8.253497"><ele>106.0</ele></trkpt>
      <trkpt lat="49.016531" lon="8.253812"><ele>106.0</ele></trkpt>
      <trkpt lat="49.016364" lon="8.253986"><ele>105.5</ele></trkpt>
      <trkpt lat="49.016322" lon="8.254027"><ele>105.5</ele></trkpt>
      <trkpt lat="49.016047" lon="8.254296"><ele>105.5</ele></trkpt>
      <trkpt lat="49.015778" lon="8.254518"><ele>105.5</ele></trkpt>
      <trkpt lat="49.014712" lon="8.255330"><ele>105.8</ele></trkpt>
      <trkpt lat="49.014414" lon="8.255549"><ele>106.0</ele></trkpt>
      <trkpt lat="49.013997" lon="8.255924"><ele>105.8</ele></trkpt>
      <trkpt lat="49.013951" lon="8.255818"><ele>106.0</ele></trkpt>
      <trkpt lat="49.013784" lon="8.255935"><ele>106.0</ele></trkpt>
      <trkpt lat="49.013134" lon="8.256590"><ele>106.0</ele></trkpt>
      <trkpt lat="49.012126" lon="8.257691"><ele>106.0</ele></trkpt>
      <trkpt lat="49.011865" lon="8.257885"><ele>106.0</ele></trkpt>
      <trkpt lat="49.011833" lon="8.257925"><ele>106.0</ele></trkpt>
      <trkpt lat="49.011788" lon="8.258016"><ele>106.0</ele></trkpt>
      <trkpt lat="49.011721" lon="8.258077"><ele>106.0</ele></trkpt>
      <trkpt lat="49.011673" lon="8.258358"><ele>106.0</ele></trkpt>
      <trkpt lat="49.011579" lon="8.258474"><ele>106.0</ele></trkpt>
      <trkpt lat="49.011223" lon="8.258790"><ele>106.0</ele></trkpt>
      <trkpt lat="49.011030" lon="8.258940"><ele>105.8</ele></trkpt>
      <trkpt lat="49.010625" lon="8.259231"><ele>105.0</ele></trkpt>
      <trkpt lat="49.010482" lon="8.259307"><ele>105.0</ele></trkpt>
      <trkpt lat="49.010368" lon="8.259339"><ele>105.2</ele></trkpt>
      <trkpt lat="49.009999" lon="8.259490"><ele>105.8</ele></trkpt>
      <trkpt lat="49.009594" lon="8.259596"><ele>105.2</ele></trkpt>
      <trkpt lat="49.009345" lon="8.259627"><ele>105.2</ele></trkpt>
      <trkpt lat="49.009222" lon="8.259634"><ele>105.2</ele></trkpt>
      <trkpt lat="49.009083" lon="8.259641"><ele>105.5</ele></trkpt>
      <trkpt lat="49.009016" lon="8.259629"><ele>105.5</ele></trkpt>
      <trkpt lat="49.008957" lon="8.259590"><ele>105.8</ele></trkpt>
      <trkpt lat="49.008850" lon="8.259465"><ele>106.0</ele></trkpt>
      <trkpt lat="49.008771" lon="8.259428"><ele>106.0</ele></trkpt>
      <trkpt lat="49.008692" lon="8.259405"><ele>106.0</ele></trkpt>
      <trkpt lat="49.008641" lon="8.259433"><ele>106.0</ele></trkpt>
      <trkpt lat="49.008408" lon="8.259605"><ele>105.5</ele></trkpt>
      <trkpt lat="49.008329" lon="8.259619"><ele>105.2</ele></trkpt>
      <trkpt lat="49.006988" lon="8.259530"><ele>106.0</ele></trkpt>
      <trkpt lat="49.004299" lon="8.259359"><ele>106.5</ele></trkpt>
      <trkpt lat="49.003997" lon="8.259350"><ele>106.2</ele></trkpt>
      <trkpt lat="49.003214" lon="8.259417"><ele>106.0</ele></trkpt>
      <trkpt lat="49.002263" lon="8.259522"><ele>106.0</ele></trkpt>
      <trkpt lat="49.000456" lon="8.259712"><ele>106.0</ele></trkpt>
      <trkpt lat="48.999573" lon="8.259745"><ele>106.8</ele></trkpt>
      <trkpt lat="48.998453" lon="8.259718"><ele>107.0</ele></trkpt>
      <trkpt lat="48.996781" lon="8.259584"><ele>107.5</ele></trkpt>
      <trkpt lat="48.996281" lon="8.259586"><ele>107.5</ele></trkpt>
      <trkpt lat="48.995767" lon="8.259612"><ele>107.5</ele></trkpt>
      <trkpt lat="48.993933" lon="8.259692"><ele>107.8</ele></trkpt>
      <trkpt lat="48.993542" lon="8.259532"><ele>108.0</ele></trkpt>
      <trkpt lat="48.993383" lon="8.259480"><ele>108.0</ele></trkpt>
      <trkpt lat="48.993226" lon="8.259445"><ele>107.8</ele></trkpt>
      <trkpt lat="48.993138" lon="8.259432"><ele>107.8</ele></trkpt>
      <trkpt lat="48.993033" lon="8.259445"><ele>108.0</ele></trkpt>
      <trkpt lat="48.992934" lon="8.259471"><ele>108.0</ele></trkpt>
      <trkpt lat="48.992820" lon="8.259504"><ele>107.8</ele></trkpt>
      <trkpt lat="48.992553" lon="8.259645"><ele>107.8</ele></trkpt>
      <trkpt lat="48.991769" lon="8.259996"><ele>107.8</ele></trkpt>
      <trkpt lat="48.991361" lon="8.260192"><ele>108.0</ele></trkpt>
      <trkpt lat="48.990988" lon="8.260343"><ele>108.0</ele></trkpt>
      <trkpt lat="48.990716" lon="8.260430"><ele>108.5</ele></trkpt>
      <trkpt lat="48.990356" lon="8.260513"><ele>108.0</ele></trkpt>
      <trkpt lat="48.990013" lon="8.260537"><ele>108.0</ele></trkpt>
      <trkpt lat="48.988168" lon="8.260543"><ele>108.5</ele></trkpt>
      <trkpt lat="48.988044" lon="8.260516"><ele>108.8</ele></trkpt>
      <trkpt lat="48.987932" lon="8.260475"><ele>108.5</ele></trkpt>
      <trkpt lat="48.987714" lon="8.260297"><ele>108.0</ele></trkpt>
      <trkpt lat="48.987627" lon="8.260166"><ele>107.8</ele></trkpt>
      <trkpt lat="48.987548" lon="8.260013"><ele>107.8</ele></trkpt>
      <trkpt lat="48.987503" lon="8.259853"><ele>107.8</ele></trkpt>
      <trkpt lat="48.987481" lon="8.259708"><ele>107.8</ele></trkpt>
      <trkpt lat="48.987472" lon="8.259541"><ele>107.5</ele></trkpt>
      <trkpt lat="48.987481" lon="8.259175"><ele>107.8</ele></trkpt>
      <trkpt lat="48.987494" lon="8.258319"><ele>107.8</ele></trkpt>
      <trkpt lat="48.987451" lon="8.257402"><ele>106.8</ele></trkpt>
      <trkpt lat="48.987436" lon="8.257323"><ele>107.0</ele></trkpt>
      <trkpt lat="48.987375" lon="8.257280"><ele>106.5</ele></trkpt>
      <trkpt lat="48.987366" lon="8.257180"><ele>106.5</ele></trkpt>
      <trkpt lat="48.987079" lon="8.255079"><ele>107.2</ele></trkpt>
      <trkpt lat="48.987044" lon="8.254842"><ele>107.8</ele></trkpt>
      <trkpt lat="48.986985" lon="8.254525"><ele>108.0</ele></trkpt>
      <trkpt lat="48.986934" lon="8.254258"><ele>107.8</ele></trkpt>
      <trkpt lat="48.986877" lon="8.254008"><ele>107.5</ele></trkpt>
      <trkpt lat="48.986687" lon="8.253420"><ele>107.8</ele></trkpt>
      <trkpt lat="48.986588" lon="8.253168"><ele>107.2</ele></trkpt>
      <trkpt lat="48.986527" lon="8.253016"><ele>107.0</ele></trkpt>
      <trkpt lat="48.986456" lon="8.252810"><ele>108.0</ele></trkpt>
      <trkpt lat="48.986431" lon="8.252725"><ele>108.0</ele></trkpt>
      <trkpt lat="48.986418" lon="8.252629"><ele>108.0</ele></trkpt>
      <trkpt lat="48.986425" lon="8.252517"><ele>108.0</ele></trkpt>
      <trkpt lat="48.986497" lon="8.252083"><ele>109.0</ele></trkpt>
      <trkpt lat="48.986499" lon="8.252030"><ele>109.0</ele></trkpt>
      <trkpt lat="48.986493" lon="8.251987"><ele>109.0</ele></trkpt>
      <trkpt lat="48.986447" lon="8.251912"><ele>109.0</ele></trkpt>
      <trkpt lat="48.986174" lon="8.251554"><ele>109.0</ele></trkpt>
      <trkpt lat="48.985599" lon="8.250822"><ele>108.8</ele></trkpt>
      <trkpt lat="48.985504" lon="8.250733"><ele>108.8</ele></trkpt>
      <trkpt lat="48.985397" lon="8.250659"><ele>108.5</ele></trkpt>
      <trkpt lat="48.984729" lon="8.250308"><ele>108.0</ele></trkpt>
      <trkpt lat="48.984295" lon="8.250147"><ele>108.0</ele></trkpt>
      <trkpt lat="48.983942" lon="8.250028"><ele>107.8</ele></trkpt>
      <trkpt lat="48.983073" lon="8.249755"><ele>107.5</ele></trkpt>
      <trkpt lat="48.982579" lon="8.249623"><ele>108.2</ele></trkpt>
      <trkpt lat="48.981965" lon="8.249508"><ele>107.8</ele></trkpt>
      <trkpt lat="48.981601" lon="8.249437"><ele>108.0</ele></trkpt>
      <trkpt lat="48.981329" lon="8.249303"><ele>108.5</ele></trkpt>
      <trkpt lat="48.981044" lon="8.249146"><ele>108.5</ele></trkpt>
      <trkpt lat="48.980989" lon="8.249120"><ele>108.0</ele></trkpt>
      <trkpt lat="48.980728" lon="8.249014"><ele>107.8</ele></trkpt>
      <trkpt lat="48.980693" lon="8.249001"><ele>108.0</ele></trkpt>
      <trkpt lat="48.980630" lon="8.248980"><ele>108.2</ele></trkpt>
      <trkpt lat="48.980436" lon="8.248937"><ele>109.0</ele></trkpt>
      <trkpt lat="48.980286" lon="8.248915"><ele>109.0</ele></trkpt>
      <trkpt lat="48.980285" lon="8.248988"><ele>109.0</ele></trkpt>
      <trkpt lat="48.980259" lon="8.249100"><ele>108.8</ele></trkpt>
      <trkpt lat="48.979749" lon="8.250596"><ele>107.8</ele></trkpt>
      <trkpt lat="48.979570" lon="8.251050"><ele>107.0</ele></trkpt>
      <trkpt lat="48.979400" lon="8.251363"><ele>107.0</ele></trkpt>
      <trkpt lat="48.979160" lon="8.251734"><ele>106.5</ele></trkpt>
      <trkpt lat="48.978954" lon="8.251984"><ele>105.8</ele></trkpt>
      <trkpt lat="48.978504" lon="8.252553"><ele>107.0</ele></trkpt>
      <trkpt lat="48.978369" lon="8.252746"><ele>106.8</ele></trkpt>
      <trkpt lat="48.978292" lon="8.252903"><ele>106.8</ele></trkpt>
      <trkpt lat="48.978258" lon="8.253017"><ele>106.8</ele></trkpt>
      <trkpt lat="48.978248" lon="8.253146"><ele>106.5</ele></trkpt>
      <trkpt lat="48.978254" lon="8.253220"><ele>106.5</ele></trkpt>
      <trkpt lat="48.978288" lon="8.253357"><ele>106.8</ele></trkpt>
      <trkpt lat="48.978345" lon="8.253466"><ele>106.5</ele></trkpt>
      <trkpt lat="48.978597" lon="8.253626"><ele>107.8</ele></trkpt>
      <trkpt lat="48.978687" lon="8.253728"><ele>107.5</ele></trkpt>
      <trkpt lat="48.978727" lon="8.253837"><ele>107.5</ele></trkpt>
      <trkpt lat="48.978761" lon="8.253965"><ele>107.5</ele></trkpt>
      <trkpt lat="48.978779" lon="8.254089"><ele>107.5</ele></trkpt>
      <trkpt lat="48.978832" lon="8.254453"><ele>106.8</ele></trkpt>
      <trkpt lat="48.978880" lon="8.254837"><ele>106.0</ele></trkpt>
      <trkpt lat="48.978893" lon="8.255389"><ele>106.0</ele></trkpt>
      <trkpt lat="48.977604" lon="8.257015"><ele>106.0</ele></trkpt>
      <trkpt lat="48.977341" lon="8.256950"><ele>106.5</ele></trkpt>
      <trkpt lat="48.977103" lon="8.256788"><ele>107.0</ele></trkpt>
      <trkpt lat="48.976942" lon="8.256686"><ele>108.0</ele></trkpt>
      <trkpt lat="48.976840" lon="8.256717"><ele>108.2</ele></trkpt>
      <trkpt lat="48.976784" lon="8.256765"><ele>108.2</ele></trkpt>
      <trkpt lat="48.976710" lon="8.256847"><ele>108.2</ele></trkpt>
      <trkpt lat="48.976676" lon="8.257001"><ele>107.8</ele></trkpt>
      <trkpt lat="48.976703" lon="8.257123"><ele>107.2</ele></trkpt>
      <trkpt lat="48.976756" lon="8.257240"><ele>107.2</ele></trkpt>
      <trkpt lat="48.976814" lon="8.257313"><ele>107.5</ele></trkpt>
      <trkpt lat="48.977105" lon="8.257633"><ele>107.8</ele></trkpt>
      <trkpt lat="48.977182" lon="8.257725"><ele>107.8</ele></trkpt>
      <trkpt lat="48.977307" lon="8.257984"><ele>108.0</ele></trkpt>
      <trkpt lat="48.977363" lon="8.258174"><ele>107.8</ele></trkpt>
      <trkpt lat="48.977395" lon="8.258309"><ele>107.5</ele></trkpt>
      <trkpt lat="48.977429" lon="8.258586"><ele>107.5</ele></trkpt>
      <trkpt lat="48.977422" lon="8.258985"><ele>107.5</ele></trkpt>
      <trkpt lat="48.977343" lon="8.259363"><ele>107.5</ele></trkpt>
      <trkpt lat="48.977183" lon="8.259784"><ele>107.8</ele></trkpt>
      <trkpt lat="48.976956" lon="8.260154"><ele>108.0</ele></trkpt>
      <trkpt lat="48.976651" lon="8.260499"><ele>107.0</ele></trkpt>
      <trkpt lat="48.975647" lon="8.261269"><ele>107.2</ele></trkpt>
      <trkpt lat="48.975632" lon="8.261279"><ele>107.2</ele></trkpt>
      <trkpt lat="48.975564" lon="8.261330"><ele>107.8</ele></trkpt>
      <trkpt lat="48.975434" lon="8.261424"><ele>108.0</ele></trkpt>
      <trkpt lat="48.973889" lon="8.262529"><ele>107.0</ele></trkpt>
      <trkpt lat="48.973602" lon="8.262736"><ele>107.0</ele></trkpt>
      <trkpt lat="48.973307" lon="8.262970"><ele>107.0</ele></trkpt>
      <trkpt lat="48.972976" lon="8.263280"><ele>107.0</ele></trkpt>
      <trkpt lat="48.972882" lon="8.263380"><ele>107.0</ele></trkpt>
      <trkpt lat="48.972847" lon="8.263423"><ele>107.0</ele></trkpt>
      <trkpt lat="48.972777" lon="8.263504"><ele>107.0</ele></trkpt>
      <trkpt lat="48.972497" lon="8.263884"><ele>107.0</ele></trkpt>
      <trkpt lat="48.972271" lon="8.264244"><ele>107.8</ele></trkpt>
      <trkpt lat="48.972148" lon="8.264442"><ele>108.0</ele></trkpt>
      <trkpt lat="48.971721" lon="8.265155"><ele>108.0</ele></trkpt>
      <trkpt lat="48.971027" lon="8.266295"><ele>108.0</ele></trkpt>
      <trkpt lat="48.970976" lon="8.266377"><ele>108.0</ele></trkpt>
      <trkpt lat="48.970911" lon="8.266486"><ele>108.0</ele></trkpt>
      <trkpt lat="48.970446" lon="8.267243"><ele>107.8</ele></trkpt>
      <trkpt lat="48.970282" lon="8.267533"><ele>107.0</ele></trkpt>
      <trkpt lat="48.970182" lon="8.267711"><ele>107.0</ele></trkpt>
      <trkpt lat="48.970021" lon="8.268094"><ele>107.0</ele></trkpt>
      <trkpt lat="48.969952" lon="8.268298"><ele>107.0</ele></trkpt>
      <trkpt lat="48.969866" lon="8.268489"><ele>107.0</ele></trkpt>
      <trkpt lat="48.969743" lon="8.268701"><ele>107.0</ele></trkpt>
      <trkpt lat="48.969574" lon="8.268915"><ele>107.0</ele></trkpt>
      <trkpt lat="48.969359" lon="8.269200"><ele>106.8</ele></trkpt>
      <trkpt lat="48.969220" lon="8.269336"><ele>106.5</ele></trkpt>
      <trkpt lat="48.968998" lon="8.269419"><ele>106.0</ele></trkpt>
      <trkpt lat="48.968907" lon="8.269468"><ele>106.0</ele></trkpt>
      <trkpt lat="48.968779" lon="8.269573"><ele>106.0</ele></trkpt>
      <trkpt lat="48.968724" lon="8.269635"><ele>106.0</ele></trkpt>
      <trkpt lat="48.968631" lon="8.269744"><ele>106.0</ele></trkpt>
      <trkpt lat="48.968417" lon="8.270035"><ele>106.0</ele></trkpt>
      <trkpt lat="48.968372" lon="8.270095"><ele>106.0</ele></trkpt>
      <trkpt lat="48.968093" lon="8.270449"><ele>106.0</ele></trkpt>
      <trkpt lat="48.968035" lon="8.270504"><ele>106.0</ele></trkpt>
      <trkpt lat="48.967908" lon="8.270608"><ele>106.0</ele></trkpt>
      <trkpt lat="48.967634" lon="8.270832"><ele>106.0</ele></trkpt>
      <trkpt lat="48.967363" lon="8.271076"><ele>106.0</ele></trkpt>
      <trkpt lat="48.967178" lon="8.271251"><ele>106.0</ele></trkpt>
      <trkpt lat="48.966871" lon="8.271563"><ele>106.0</ele></trkpt>
      <trkpt lat="48.966654" lon="8.271810"><ele>106.0</ele></trkpt>
      <trkpt lat="48.966390" lon="8.272152"><ele>106.0</ele></trkpt>
      <trkpt lat="48.966164" lon="8.272474"><ele>106.8</ele></trkpt>
      <trkpt lat="48.965964" lon="8.272798"><ele>107.0</ele></trkpt>
      <trkpt lat="48.965737" lon="8.273219"><ele>107.0</ele></trkpt>
      <trkpt lat="48.965492" lon="8.273728"><ele>107.0</ele></trkpt>
      <trkpt lat="48.965347" lon="8.274094"><ele>107.0</ele></trkpt>
      <trkpt lat="48.965246" lon="8.274132"><ele>107.0</ele></trkpt>
      <trkpt lat="48.964993" lon="8.274887"><ele>107.0</ele></trkpt>
      <trkpt lat="48.964882" lon="8.275297"><ele>107.0</ele></trkpt>
      <trkpt lat="48.964779" lon="8.275739"><ele>107.0</ele></trkpt>
      <trkpt lat="48.964707" lon="8.276114"><ele>107.0</ele></trkpt>
      <trkpt lat="48.964641" lon="8.276503"><ele>107.0</ele></trkpt>
      <trkpt lat="48.964546" lon="8.277235"><ele>107.0</ele></trkpt>
      <trkpt lat="48.964470" lon="8.278071"><ele>107.0</ele></trkpt>
      <trkpt lat="48.964414" lon="8.278945"><ele>107.0</ele></trkpt>
      <trkpt lat="48.964383" lon="8.279593"><ele>107.0</ele></trkpt>
      <trkpt lat="48.964344" lon="8.280490"><ele>107.0</ele></trkpt>
      <trkpt lat="48.964296" lon="8.280708"><ele>107.0</ele></trkpt>
      <trkpt lat="48.964276" lon="8.281128"><ele>107.0</ele></trkpt>
      <trkpt lat="48.964292" lon="8.281347"><ele>107.0</ele></trkpt>
      <trkpt lat="48.964287" lon="8.281462"><ele>107.0</ele></trkpt>
      <trkpt lat="48.964272" lon="8.281685"><ele>107.0</ele></trkpt>
      <trkpt lat="48.964250" lon="8.281900"><ele>107.0</ele></trkpt>
      <trkpt lat="48.964233" lon="8.282022"><ele>107.0</ele></trkpt>
      <trkpt lat="48.964229" lon="8.282102"><ele>107.0</ele></trkpt>
      <trkpt lat="48.964235" lon="8.282245"><ele>107.0</ele></trkpt>
      <trkpt lat="48.964144" lon="8.283085"><ele>107.0</ele></trkpt>
      <trkpt lat="48.964054" lon="8.283627"><ele>107.0</ele></trkpt>
      <trkpt lat="48.964039" lon="8.283724"><ele>107.0</ele></trkpt>
      <trkpt lat="48.963992" lon="8.283980"><ele>107.0</ele></trkpt>
      <trkpt lat="48.963757" lon="8.285063"><ele>107.0</ele></trkpt>
      <trkpt lat="48.963602" lon="8.285566"><ele>107.0</ele></trkpt>
      <trkpt lat="48.963708" lon="8.285714"><ele>107.0</ele></trkpt>
      <trkpt lat="48.963378" lon="8.286259"><ele>107.0</ele></trkpt>
      <trkpt lat="48.963324" lon="8.286348"><ele>107.0</ele></trkpt>
      <trkpt lat="48.963179" lon="8.286577"><ele>107.0</ele></trkpt>
      <trkpt lat="48.963228" lon="8.286640"><ele>107.0</ele></trkpt>
      <trkpt lat="48.963868" lon="8.287406"><ele>107.0</ele></trkpt>
      <trkpt lat="48.963931" lon="8.287481"><ele>107.0</ele></trkpt>
      <trkpt lat="48.964512" lon="8.288195"><ele>107.0</ele></trkpt>
      <trkpt lat="48.965459" lon="8.289326"><ele>107.0</ele></trkpt>
      <trkpt lat="48.965508" lon="8.289299"><ele>107.0</ele></trkpt>
      <trkpt lat="48.965605" lon="8.289422"><ele>107.0</ele></trkpt>
      <trkpt lat="48.965658" lon="8.289507"><ele>107.0</ele></trkpt>
      <trkpt lat="48.965687" lon="8.289598"><ele>107.0</ele></trkpt>
      <trkpt lat="48.965761" lon="8.289724"><ele>106.8</ele></trkpt>
      <trkpt lat="48.965820" lon="8.289809"><ele>107.0</ele></trkpt>
      <trkpt lat="48.966154" lon="8.290353"><ele>107.0</ele></trkpt>
      <trkpt lat="48.966331" lon="8.290665"><ele>107.0</ele></trkpt>
      <trkpt lat="48.966497" lon="8.291102"><ele>107.0</ele></trkpt>
      <trkpt lat="48.966638" lon="8.291600"><ele>107.0</ele></trkpt>
      <trkpt lat="48.967009" lon="8.292641"><ele>106.0</ele></trkpt>
      <trkpt lat="48.967121" lon="8.292916"><ele>106.0</ele></trkpt>
      <trkpt lat="48.967146" lon="8.293096"><ele>106.0</ele></trkpt>
      <trkpt lat="48.967174" lon="8.293177"><ele>106.0</ele></trkpt>
      <trkpt lat="48.967247" lon="8.293282"><ele>106.0</ele></trkpt>
      <trkpt lat="48.967305" lon="8.293446"><ele>106.0</ele></trkpt>
      <trkpt lat="48.967307" lon="8.293489"><ele>105.8</ele></trkpt>
      <trkpt lat="48.967321" lon="8.293505"><ele>106.0</ele></trkpt>
      <trkpt lat="48.967770" lon="8.294644"><ele>106.0</ele></trkpt>
      <trkpt lat="48.968152" lon="8.295565"><ele>106.0</ele></trkpt>
      <trkpt lat="48.968184" lon="8.295625"><ele>106.0</ele></trkpt>
      <trkpt lat="48.969549" lon="8.298778"><ele>106.0</ele></trkpt>
      <trkpt lat="48.969785" lon="8.299426"><ele>106.0</ele></trkpt>
      <trkpt lat="48.969882" lon="8.299767"><ele>106.0</ele></trkpt>
      <trkpt lat="48.969919" lon="8.299952"><ele>106.0</ele></trkpt>
      <trkpt lat="48.969997" lon="8.300551"><ele>106.0</ele></trkpt>
      <trkpt lat="48.970007" lon="8.300731"><ele>106.0</ele></trkpt>
      <trkpt lat="48.969993" lon="8.301186"><ele>107.0</ele></trkpt>
      <trkpt lat="48.969986" lon="8.301326"><ele>107.0</ele></trkpt>
      <trkpt lat="48.969971" lon="8.301466"><ele>107.5</ele></trkpt>
      <trkpt lat="48.969951" lon="8.301570"><ele>108.5</ele></trkpt>
      <trkpt lat="48.969921" lon="8.301668"><ele>109.8</ele></trkpt>
      <trkpt lat="48.969856" lon="8.301829"><ele>112.5</ele></trkpt>
      <trkpt lat="48.969890" lon="8.301827"><ele>112.2</ele></trkpt>
      <trkpt lat="48.970154" lon="8.301903"><ele>110.8</ele></trkpt>
      <trkpt lat="48.970226" lon="8.301929"><ele>110.2</ele></trkpt>
      <trkpt lat="48.970418" lon="8.301916"><ele>110.2</ele></trkpt>
      <trkpt lat="48.970528" lon="8.301895"><ele>110.5</ele></trkpt>
      <trkpt lat="48.970582" lon="8.301899"><ele>111.0</ele></trkpt>
      <trkpt lat="48.970616" lon="8.301911"><ele>111.5</ele></trkpt>
      <trkpt lat="48.970662" lon="8.301941"><ele>112.5</ele></trkpt>
      <trkpt lat="48.970693" lon="8.301989"><ele>113.2</ele></trkpt>
      <trkpt lat="48.970714" lon="8.302076"><ele>114.0</ele></trkpt>
      <trkpt lat="48.970731" lon="8.302098"><ele>114.2</ele></trkpt>
      <trkpt lat="48.970787" lon="8.302222"><ele>114.8</ele></trkpt>
      <trkpt lat="48.970868" lon="8.302395"><ele>114.8</ele></trkpt>
      <trkpt lat="48.970929" lon="8.302504"><ele>115.0</ele></trkpt>
      <trkpt lat="48.971171" lon="8.302890"><ele>114.5</ele></trkpt>
      <trkpt lat="48.971482" lon="8.303390"><ele>114.8</ele></trkpt>
      <trkpt lat="48.972021" lon="8.304263"><ele>114.2</ele></trkpt>
      <trkpt lat="48.972040" lon="8.304289"><ele>114.2</ele></trkpt>
      <trkpt lat="48.972064" lon="8.304306"><ele>114.0</ele></trkpt>
      <trkpt lat="48.972107" lon="8.304312"><ele>113.8</ele></trkpt>
      <trkpt lat="48.972132" lon="8.304323"><ele>113.5</ele></trkpt>
      <trkpt lat="48.972156" lon="8.304346"><ele>113.5</ele></trkpt>
      <trkpt lat="48.972289" lon="8.304511"><ele>113.2</ele></trkpt>
      <trkpt lat="48.972311" lon="8.304544"><ele>113.2</ele></trkpt>
      <trkpt lat="48.972322" lon="8.304583"><ele>113.2</ele></trkpt>
      <trkpt lat="48.972322" lon="8.304628"><ele>113.5</ele></trkpt>
      <trkpt lat="48.972309" lon="8.304680"><ele>114.0</ele></trkpt>
      <trkpt lat="48.971893" lon="8.306120"><ele>116.0</ele></trkpt>
      <trkpt lat="48.971609" lon="8.307096"><ele>116.0</ele></trkpt>
      <trkpt lat="48.971389" lon="8.307802"><ele>115.8</ele></trkpt>
      <trkpt lat="48.971144" lon="8.308477"><ele>115.2</ele></trkpt>
      <trkpt lat="48.971110" lon="8.308569"><ele>115.0</ele></trkpt>
      <trkpt lat="48.971093" lon="8.308614"><ele>115.0</ele></trkpt>
      <trkpt lat="48.971871" lon="8.309406"><ele>115.0</ele></trkpt>
      <trkpt lat="48.971913" lon="8.309373"><ele>115.0</ele></trkpt>
      <trkpt lat="48.971961" lon="8.309392"><ele>115.0</ele></trkpt>
      <trkpt lat="48.972002" lon="8.309433"><ele>115.0</ele></trkpt>
      <trkpt lat="48.973091" lon="8.310569"><ele>115.0</ele></trkpt>
      <trkpt lat="48.973701" lon="8.311225"><ele>115.0</ele></trkpt>
      <trkpt lat="48.974458" lon="8.312056"><ele>114.8</ele></trkpt>
      <trkpt lat="48.974489" lon="8.312082"><ele>114.8</ele></trkpt>
      <trkpt lat="48.974655" lon="8.312226"><ele>114.0</ele></trkpt>
      <trkpt lat="48.974809" lon="8.312358"><ele>114.0</ele></trkpt>
      <trkpt lat="48.974987" lon="8.312536"><ele>114.0</ele></trkpt>
      <trkpt lat="48.975022" lon="8.312580"><ele>114.0</ele></trkpt>
      <trkpt lat="48.975093" lon="8.312671"><ele>114.0</ele></trkpt>
      <trkpt lat="48.975205" lon="8.312808"><ele>114.0</ele></trkpt>
      <trkpt lat="48.975272" lon="8.312891"><ele>114.0</ele></trkpt>
      <trkpt lat="48.976529" lon="8.314306"><ele>115.0</ele></trkpt>
      <trkpt lat="48.976636" lon="8.314383"><ele>115.0</ele></trkpt>
      <trkpt lat="48.976691" lon="8.314415"><ele>115.0</ele></trkpt>
      <trkpt lat="48.976776" lon="8.314462"><ele>115.0</ele></trkpt>
      <trkpt lat="48.976808" lon="8.314489"><ele>115.0</ele></trkpt>
      <trkpt lat="48.976925" lon="8.314607"><ele>115.0</ele></trkpt>
      <trkpt lat="48.977171" lon="8.314874"><ele>115.0</ele></trkpt>
      <trkpt lat="48.977689" lon="8.315475"><ele>115.0</ele></trkpt>
      <trkpt lat="48.977763" lon="8.315558"><ele>115.0</ele></trkpt>
      <trkpt lat="48.977879" lon="8.315739"><ele>115.0</ele></trkpt>
      <trkpt lat="48.978014" lon="8.316004"><ele>115.0</ele></trkpt>
      <trkpt lat="48.978182" lon="8.316278"><ele>115.0</ele></trkpt>
      <trkpt lat="48.978223" lon="8.316366"><ele>115.0</ele></trkpt>
      <trkpt lat="48.978570" lon="8.317078"><ele>114.5</ele></trkpt>
      <trkpt lat="48.978607" lon="8.317149"><ele>114.2</ele></trkpt>
      <trkpt lat="48.978670" lon="8.317274"><ele>113.8</ele></trkpt>
      <trkpt lat="48.978747" lon="8.317438"><ele>113.0</ele></trkpt>
      <trkpt lat="48.978831" lon="8.317613"><ele>113.8</ele></trkpt>
      <trkpt lat="48.978893" lon="8.317725"><ele>114.5</ele></trkpt>
      <trkpt lat="48.978978" lon="8.317880"><ele>115.0</ele></trkpt>
      <trkpt lat="48.979073" lon="8.318053"><ele>115.0</ele></trkpt>
      <trkpt lat="48.979398" lon="8.318634"><ele>115.0</ele></trkpt>
      <trkpt lat="48.979782" lon="8.319307"><ele>115.0</ele></trkpt>
      <trkpt lat="48.979837" lon="8.319401"><ele>115.0</ele></trkpt>
      <trkpt lat="48.980001" lon="8.319679"><ele>115.0</ele></trkpt>
      <trkpt lat="48.980237" lon="8.320088"><ele>115.0</ele></trkpt>
      <trkpt lat="48.980466" lon="8.320472"><ele>115.0</ele></trkpt>
      <trkpt lat="48.980703" lon="8.320878"><ele>115.0</ele></trkpt>
      <trkpt lat="48.981129" lon="8.321577"><ele>115.0</ele></trkpt>
      <trkpt lat="48.981587" lon="8.322347"><ele>115.0</ele></trkpt>
      <trkpt lat="48.981653" lon="8.322457"><ele>115.0</ele></trkpt>
      <trkpt lat="48.981852" lon="8.322790"><ele>115.0</ele></trkpt>
      <trkpt lat="48.981873" lon="8.322824"><ele>115.0</ele></trkpt>
      <trkpt lat="48.982471" lon="8.323805"><ele>114.0</ele></trkpt>
      <trkpt lat="48.982525" lon="8.323898"><ele>113.8</ele></trkpt>
      <trkpt lat="48.982589" lon="8.324015"><ele>114.0</ele></trkpt>
      <trkpt lat="48.982620" lon="8.324100"><ele>114.0</ele></trkpt>
      <trkpt lat="48.982641" lon="8.324238"><ele>114.0</ele></trkpt>
      <trkpt lat="48.982642" lon="8.324306"><ele>114.0</ele></trkpt>
      <trkpt lat="48.982672" lon="8.324312"><ele>114.0</ele></trkpt>
      <trkpt lat="48.982691" lon="8.324316"><ele>114.0</ele></trkpt>
      <trkpt lat="48.982742" lon="8.324333"><ele>114.0</ele></trkpt>
      <trkpt lat="48.982790" lon="8.324363"><ele>114.0</ele></trkpt>
      <trkpt lat="48.982836" lon="8.324421"><ele>114.0</ele></trkpt>
      <trkpt lat="48.983069" lon="8.324802"><ele>113.0</ele></trkpt>
      <trkpt lat="48.983096" lon="8.324861"><ele>113.0</ele></trkpt>
      <trkpt lat="48.983327" lon="8.325017"><ele>113.0</ele></trkpt>
      <trkpt lat="48.983344" lon="8.325087"><ele>112.8</ele></trkpt>
      <trkpt lat="48.983377" lon="8.325166"><ele>112.8</ele></trkpt>
      <trkpt lat="48.983413" lon="8.325228"><ele>112.5</ele></trkpt>
      <trkpt lat="48.983569" lon="8.325417"><ele>112.0</ele></trkpt>
      <trkpt lat="48.983802" lon="8.325765"><ele>112.0</ele></trkpt>
      <trkpt lat="48.984264" lon="8.326537"><ele>112.2</ele></trkpt>
      <trkpt lat="48.984670" lon="8.327286"><ele>112.0</ele></trkpt>
      <trkpt lat="48.984900" lon="8.327686"><ele>112.0</ele></trkpt>
      <trkpt lat="48.985142" lon="8.328078"><ele>112.5</ele></trkpt>
      <trkpt lat="48.985414" lon="8.328511"><ele>112.8</ele></trkpt>
      <trkpt lat="48.985719" lon="8.328963"><ele>112.5</ele></trkpt>
      <trkpt lat="48.985875" lon="8.329191"><ele>112.8</ele></trkpt>
      <trkpt lat="48.986137" lon="8.329551"><ele>112.8</ele></trkpt>
      <trkpt lat="48.986392" lon="8.329898"><ele>112.8</ele></trkpt>
      <trkpt lat="48.986569" lon="8.330114"><ele>113.0</ele></trkpt>
      <trkpt lat="48.986745" lon="8.330292"><ele>113.0</ele></trkpt>
      <trkpt lat="48.986966" lon="8.330476"><ele>112.8</ele></trkpt>
      <trkpt lat="48.987338" lon="8.330703"><ele>112.8</ele></trkpt>
      <trkpt lat="48.987437" lon="8.330762"><ele>112.8</ele></trkpt>
      <trkpt lat="48.987708" lon="8.330966"><ele>112.5</ele></trkpt>
      <trkpt lat="48.987869" lon="8.331128"><ele>113.0</ele></trkpt>
      <trkpt lat="48.988252" lon="8.331527"><ele>113.0</ele></trkpt>
      <trkpt lat="48.988647" lon="8.331952"><ele>113.0</ele></trkpt>
      <trkpt lat="48.988732" lon="8.332031"><ele>113.2</ele></trkpt>
      <trkpt lat="48.988597" lon="8.332404"><ele>114.0</ele></trkpt>
      <trkpt lat="48.988553" lon="8.332529"><ele>114.0</ele></trkpt>
      <trkpt lat="48.988540" lon="8.332578"><ele>114.2</ele></trkpt>
      <trkpt lat="48.988537" lon="8.332645"><ele>114.5</ele></trkpt>
      <trkpt lat="48.988556" lon="8.332706"><ele>114.5</ele></trkpt>
      <trkpt lat="48.988586" lon="8.332747"><ele>114.8</ele></trkpt>
      <trkpt lat="48.988758" lon="8.332900"><ele>114.5</ele></trkpt>
      <trkpt lat="48.989208" lon="8.333249"><ele>114.5</ele></trkpt>
      <trkpt lat="48.989636" lon="8.333533"><ele>114.8</ele></trkpt>
      <trkpt lat="48.989681" lon="8.333560"><ele>114.8</ele></trkpt>
      <trkpt lat="48.990135" lon="8.333810"><ele>114.2</ele></trkpt>
      <trkpt lat="48.990601" lon="8.334082"><ele>114.0</ele></trkpt>
      <trkpt lat="48.991047" lon="8.334372"><ele>114.0</ele></trkpt>
      <trkpt lat="48.991166" lon="8.334414"><ele>114.0</ele></trkpt>
      <trkpt lat="48.991290" lon="8.334422"><ele>114.0</ele></trkpt>
      <trkpt lat="48.991374" lon="8.334434"><ele>114.0</ele></trkpt>
      <trkpt lat="48.991531" lon="8.334541"><ele>114.0</ele></trkpt>
      <trkpt lat="48.992648" lon="8.335353"><ele>114.0</ele></trkpt>
      <trkpt lat="48.992815" lon="8.335458"><ele>114.0</ele></trkpt>
      <trkpt lat="48.992985" lon="8.335591"><ele>114.0</ele></trkpt>
      <trkpt lat="48.993027" lon="8.335624"><ele>114.0</ele></trkpt>
      <trkpt lat="48.993166" lon="8.335744"><ele>114.2</ele></trkpt>
      <trkpt lat="48.993701" lon="8.336286"><ele>114.2</ele></trkpt>
      <trkpt lat="48.994077" lon="8.336628"><ele>114.2</ele></trkpt>
      <trkpt lat="48.994095" lon="8.336645"><ele>114.0</ele></trkpt>
      <trkpt lat="48.994118" lon="8.336668"><ele>114.0</ele></trkpt>
      <trkpt lat="48.994161" lon="8.336711"><ele>114.0</ele></trkpt>
      <trkpt lat="48.994189" lon="8.336740"><ele>114.0</ele></trkpt>
      <trkpt lat="48.994691" lon="8.337241"><ele>114.0</ele></trkpt>
      <trkpt lat="48.994886" lon="8.337414"><ele>114.0</ele></trkpt>
      <trkpt lat="48.995019" lon="8.337518"><ele>114.0</ele></trkpt>
      <trkpt lat="48.995347" lon="8.337771"><ele>114.0</ele></trkpt>
      <trkpt lat="48.995613" lon="8.337992"><ele>114.0</ele></trkpt>
      <trkpt lat="48.995780" lon="8.338141"><ele>114.0</ele></trkpt>
      <trkpt lat="48.996068" lon="8.338443"><ele>114.0</ele></trkpt>
      <trkpt lat="48.996265" lon="8.338632"><ele>114.0</ele></trkpt>
      <trkpt lat="48.996749" lon="8.339082"><ele>114.0</ele></trkpt>
      <trkpt lat="48.997140" lon="8.339543"><ele>114.0</ele></trkpt>
      <trkpt lat="48.997220" lon="8.339616"><ele>114.0</ele></trkpt>
      <trkpt lat="48.997295" lon="8.339673"><ele>114.0</ele></trkpt>
      <trkpt lat="48.997382" lon="8.339520"><ele>114.0</ele></trkpt>
      <trkpt lat="48.997400" lon="8.339488"><ele>114.0</ele></trkpt>
      <trkpt lat="48.997453" lon="8.339388"><ele>114.0</ele></trkpt>
      <trkpt lat="48.997694" lon="8.339650"><ele>114.0</ele></trkpt>
      <trkpt lat="48.998059" lon="8.340043"><ele>114.0</ele></trkpt>
      <trkpt lat="48.998156" lon="8.340146"><ele>114.0</ele></trkpt>
      <trkpt lat="48.998423" lon="8.340439"><ele>113.8</ele></trkpt>
      <trkpt lat="48.998446" lon="8.340467"><ele>114.0</ele></trkpt>
      <trkpt lat="48.998594" lon="8.340626"><ele>114.0</ele></trkpt>
      <trkpt lat="48.998716" lon="8.340754"><ele>114.0</ele></trkpt>
      <trkpt lat="48.998889" lon="8.340943"><ele>114.2</ele></trkpt>
      <trkpt lat="48.999016" lon="8.341118"><ele>115.0</ele></trkpt>
      <trkpt lat="48.999123" lon="8.341286"><ele>115.0</ele></trkpt>
      <trkpt lat="48.999199" lon="8.341393"><ele>115.0</ele></trkpt>
      <trkpt lat="48.999232" lon="8.341442"><ele>114.8</ele></trkpt>
      <trkpt lat="48.999263" lon="8.341486"><ele>115.0</ele></trkpt>
      <trkpt lat="48.999642" lon="8.342020"><ele>115.0</ele></trkpt>
      <trkpt lat="48.999788" lon="8.342248"><ele>114.5</ele></trkpt>
      <trkpt lat="49.000272" lon="8.342956"><ele>112.0</ele></trkpt>
      <trkpt lat="49.000306" lon="8.342999"><ele>112.0</ele></trkpt>
      <trkpt lat="49.000358" lon="8.343072"><ele>112.0</ele></trkpt>
      <trkpt lat="49.000338" lon="8.343149"><ele>112.0</ele></trkpt>
      <trkpt lat="49.000326" lon="8.343278"><ele>112.0</ele></trkpt>
      <trkpt lat="49.000327" lon="8.343324"><ele>112.0</ele></trkpt>
      <trkpt lat="49.000364" lon="8.343436"><ele>112.0</ele></trkpt>
      <trkpt lat="49.000439" lon="8.343630"><ele>112.0</ele></trkpt>
      <trkpt lat="49.000472" lon="8.343689"><ele>112.0</ele></trkpt>
      <trkpt lat="49.000537" lon="8.343774"><ele>112.0</ele></trkpt>
      <trkpt lat="49.000593" lon="8.343835"><ele>111.8</ele></trkpt>
      <trkpt lat="49.000837" lon="8.344088"><ele>111.8</ele></trkpt>
      <trkpt lat="49.000996" lon="8.344250"><ele>112.0</ele></trkpt>
      <trkpt lat="49.001102" lon="8.344317"><ele>112.0</ele></trkpt>
      <trkpt lat="49.001196" lon="8.344344"><ele>112.0</ele></trkpt>
      <trkpt lat="49.001204" lon="8.344410"><ele>112.0</ele></trkpt>
      <trkpt lat="49.001209" lon="8.344452"><ele>112.0</ele></trkpt>
      <trkpt lat="49.001164" lon="8.344542"><ele>112.0</ele></trkpt>
      <trkpt lat="49.001114" lon="8.344644"><ele>112.0</ele></trkpt>
      <trkpt lat="49.001100" lon="8.344678"><ele>112.0</ele></trkpt>
      <trkpt lat="49.001054" lon="8.344789"><ele>111.8</ele></trkpt>
      <trkpt lat="49.001023" lon="8.344875"><ele>112.0</ele></trkpt>
      <trkpt lat="49.001084" lon="8.344931"><ele>112.0</ele></trkpt>
      <trkpt lat="49.001199" lon="8.345032"><ele>112.0</ele></trkpt>
      <trkpt lat="49.001272" lon="8.345095"><ele>112.0</ele></trkpt>
      <trkpt lat="49.001285" lon="8.345142"><ele>112.0</ele></trkpt>
      <trkpt lat="49.001295" lon="8.345177"><ele>112.0</ele></trkpt>
      <trkpt lat="49.001303" lon="8.345204"><ele>112.0</ele></trkpt>
      <trkpt lat="49.001385" lon="8.345256"><ele>112.0</ele></trkpt>
      <trkpt lat="49.001471" lon="8.345275"><ele>112.0</ele></trkpt>
      <trkpt lat="49.001615" lon="8.345413"><ele>112.0</ele></trkpt>
      <trkpt lat="49.001806" lon="8.345592"><ele>112.0</ele></trkpt>
      <trkpt lat="49.001848" lon="8.345589"><ele>112.0</ele></trkpt>
      <trkpt lat="49.001875" lon="8.345604"><ele>112.0</ele></trkpt>
      <trkpt lat="49.002117" lon="8.345843"><ele>112.0</ele></trkpt>
      <trkpt lat="49.002486" lon="8.346269"><ele>112.0</ele></trkpt>
      <trkpt lat="49.002959" lon="8.346887"><ele>112.0</ele></trkpt>
      <trkpt lat="49.003026" lon="8.346974"><ele>111.8</ele></trkpt>
      <trkpt lat="49.003368" lon="8.347463"><ele>106.0</ele></trkpt>
      <trkpt lat="49.003526" lon="8.347665"><ele>104.5</ele></trkpt>
      <trkpt lat="49.003708" lon="8.347907"><ele>107.2</ele></trkpt>
      <trkpt lat="49.004045" lon="8.348364"><ele>112.5</ele></trkpt>
      <trkpt lat="49.004710" lon="8.349275"><ele>115.0</ele></trkpt>
      <trkpt lat="49.005306" lon="8.350117"><ele>115.0</ele></trkpt>
      <trkpt lat="49.005396" lon="8.350244"><ele>115.0</ele></trkpt>
      <trkpt lat="49.005458" lon="8.350338"><ele>115.0</ele></trkpt>
      <trkpt lat="49.005550" lon="8.350477"><ele>115.0</ele></trkpt>
      <trkpt lat="49.006314" lon="8.351442"><ele>114.2</ele></trkpt>
      <trkpt lat="49.006407" lon="8.351548"><ele>113.8</ele></trkpt>
      <trkpt lat="49.006471" lon="8.351674"><ele>112.8</ele></trkpt>
      <trkpt lat="49.006782" lon="8.352037"><ele>111.0</ele></trkpt>
      <trkpt lat="49.006858" lon="8.352413"><ele>109.5</ele></trkpt>
      <trkpt lat="49.006891" lon="8.352476"><ele>109.0</ele></trkpt>
      <trkpt lat="49.007060" lon="8.352739"><ele>109.2</ele></trkpt>
      <trkpt lat="49.007121" lon="8.352862"><ele>109.2</ele></trkpt>
      <trkpt lat="49.007207" lon="8.353087"><ele>108.8</ele></trkpt>
      <trkpt lat="49.007250" lon="8.353312"><ele>108.0</ele></trkpt>
      <trkpt lat="49.007295" lon="8.353578"><ele>108.0</ele></trkpt>
      <trkpt lat="49.007323" lon="8.353712"><ele>108.0</ele></trkpt>
      <trkpt lat="49.007380" lon="8.354011"><ele>108.5</ele></trkpt>
      <trkpt lat="49.007391" lon="8.354046"><ele>108.8</ele></trkpt>
      <trkpt lat="49.007471" lon="8.354081"><ele>108.8</ele></trkpt>
      <trkpt lat="49.007630" lon="8.354150"><ele>108.5</ele></trkpt>
      <trkpt lat="49.007724" lon="8.354225"><ele>108.5</ele></trkpt>
      <trkpt lat="49.007988" lon="8.354427"><ele>109.0</ele></trkpt>
      <trkpt lat="49.008088" lon="8.354538"><ele>109.0</ele></trkpt>
      <trkpt lat="49.008250" lon="8.354804"><ele>108.8</ele></trkpt>
      <trkpt lat="49.008373" lon="8.355040"><ele>109.0</ele></trkpt>
      <trkpt lat="49.008492" lon="8.355203"><ele>109.0</ele></trkpt>
      <trkpt lat="49.008641" lon="8.355401"><ele>108.2</ele></trkpt>
      <trkpt lat="49.008794" lon="8.355625"><ele>108.2</ele></trkpt>
      <trkpt lat="49.008872" lon="8.355768"><ele>108.5</ele></trkpt>
      <trkpt lat="49.008991" lon="8.356116"><ele>108.8</ele></trkpt>
      <trkpt lat="49.009031" lon="8.356335"><ele>108.8</ele></trkpt>
      <trkpt lat="49.009051" lon="8.356497"><ele>109.0</ele></trkpt>
      <trkpt lat="49.009064" lon="8.356591"><ele>109.0</ele></trkpt>
      <trkpt lat="49.009113" lon="8.356979"><ele>109.0</ele></trkpt>
      <trkpt lat="49.009130" lon="8.357170"><ele>109.0</ele></trkpt>
      <trkpt lat="49.009147" lon="8.357495"><ele>109.0</ele></trkpt>
      <trkpt lat="49.009151" lon="8.357657"><ele>109.0</ele></trkpt>
      <trkpt lat="49.009141" lon="8.357998"><ele>109.0</ele></trkpt>
      <trkpt lat="49.009102" lon="8.358545"><ele>109.0</ele></trkpt>
      <trkpt lat="49.009092" lon="8.358638"><ele>109.2</ele></trkpt>
      <trkpt lat="49.009121" lon="8.358647"><ele>109.0</ele></trkpt>
      <trkpt lat="49.009242" lon="8.358674"><ele>109.0</ele></trkpt>
      <trkpt lat="49.009309" lon="8.358683"><ele>109.0</ele></trkpt>
      <trkpt lat="49.009449" lon="8.358715"><ele>109.2</ele></trkpt>
      <trkpt lat="49.009570" lon="8.358734"><ele>111.2</ele></trkpt>
      <trkpt lat="49.009658" lon="8.358726"><ele>112.2</ele></trkpt>
      <trkpt lat="49.009761" lon="8.358750"><ele>113.5</ele></trkpt>
      <trkpt lat="49.009812" lon="8.358770"><ele>114.0</ele></trkpt>
      <trkpt lat="49.009866" lon="8.358806"><ele>114.2</ele></trkpt>
      <trkpt lat="49.010056" lon="8.359031"><ele>115.5</ele></trkpt>
      <trkpt lat="49.010082" lon="8.359070"><ele>115.8</ele></trkpt>
      <trkpt lat="49.010093" lon="8.359089"><ele>115.8</ele></trkpt>
      <trkpt lat="49.010096" lon="8.359094"><ele>115.8</ele></trkpt>
      <trkpt lat="49.010117" lon="8.359126"><ele>115.8</ele></trkpt>
      <trkpt lat="49.010134" lon="8.359152"><ele>115.8</ele></trkpt>
      <trkpt lat="49.010171" lon="8.359214"><ele>116.0</ele></trkpt>
      <trkpt lat="49.010222" lon="8.359292"><ele>116.2</ele></trkpt>
      <trkpt lat="49.010266" lon="8.359274"><ele>116.2</ele></trkpt>
      <trkpt lat="49.010279" lon="8.359276"><ele>116.2</ele></trkpt>
      <trkpt lat="49.010300" lon="8.359287"><ele>116.2</ele></trkpt>
      <trkpt lat="49.010444" lon="8.359500"><ele>117.0</ele></trkpt>
      <trkpt lat="49.010529" lon="8.359510"><ele>117.0</ele></trkpt>
      <trkpt lat="49.010596" lon="8.359608"><ele>117.0</ele></trkpt>
      <trkpt lat="49.010740" lon="8.359832"><ele>117.5</ele></trkpt>
      <trkpt lat="49.010891" lon="8.360060"><ele>118.0</ele></trkpt>
      <trkpt lat="49.010914" lon="8.360095"><ele>118.0</ele></trkpt>
      <trkpt lat="49.011003" lon="8.360258"><ele>118.0</ele></trkpt>
      <trkpt lat="49.011023" lon="8.360299"><ele>118.0</ele></trkpt>
      <trkpt lat="49.011083" lon="8.360427"><ele>118.0</ele></trkpt>
      <trkpt lat="49.011134" lon="8.360613"><ele>118.0</ele></trkpt>
      <trkpt lat="49.011172" lon="8.360906"><ele>118.0</ele></trkpt>
      <trkpt lat="49.011281" lon="8.361897"><ele>118.0</ele></trkpt>
      <trkpt lat="49.011329" lon="8.362418"><ele>118.5</ele></trkpt>
      <trkpt lat="49.011342" lon="8.362592"><ele>119.0</ele></trkpt>
      <trkpt lat="49.011355" lon="8.362767"><ele>119.0</ele></trkpt>
      <trkpt lat="49.011374" lon="8.363075"><ele>119.0</ele></trkpt>
      <trkpt lat="49.011380" lon="8.363373"><ele>119.0</ele></trkpt>
      <trkpt lat="49.011376" lon="8.363658"><ele>119.0</ele></trkpt>
      <trkpt lat="49.011326" lon="8.364885"><ele>119.0</ele></trkpt>
      <trkpt lat="49.011323" lon="8.364965"><ele>119.0</ele></trkpt>
      <trkpt lat="49.011315" lon="8.365271"><ele>119.0</ele></trkpt>
      <trkpt lat="49.011245" lon="8.366874"><ele>119.5</ele></trkpt>
      <trkpt lat="49.011200" lon="8.367808"><ele>120.0</ele></trkpt>
      <trkpt lat="49.011167" lon="8.368533"><ele>120.0</ele></trkpt>
      <trkpt lat="49.011156" lon="8.368733"><ele>120.0</ele></trkpt>
      <trkpt lat="49.011144" lon="8.368968"><ele>120.0</ele></trkpt>
      <trkpt lat="49.011135" lon="8.369184"><ele>120.0</ele></trkpt>
      <trkpt lat="49.011060" lon="8.369793"><ele>120.0</ele></trkpt>
      <trkpt lat="49.011048" lon="8.369988"><ele>120.0</ele></trkpt>
      <trkpt lat="49.010995" lon="8.370887"><ele>120.0</ele></trkpt>
      <trkpt lat="49.010935" lon="8.372243"><ele>119.5</ele></trkpt>
      <trkpt lat="49.010913" lon="8.372756"><ele>119.0</ele></trkpt>
      <trkpt lat="49.010901" lon="8.373142"><ele>119.0</ele></trkpt>
      <trkpt lat="49.010898" lon="8.373296"><ele>119.0</ele></trkpt>
      <trkpt lat="49.010938" lon="8.373449"><ele>119.0</ele></trkpt>
      <trkpt lat="49.010920" lon="8.373668"><ele>119.0</ele></trkpt>
      <trkpt lat="49.010888" lon="8.374341"><ele>119.0</ele></trkpt>
      <trkpt lat="49.010886" lon="8.374398"><ele>119.0</ele></trkpt>
      <trkpt lat="49.010882" lon="8.374604"><ele>119.0</ele></trkpt>
      <trkpt lat="49.010873" lon="8.374780"><ele>118.8</ele></trkpt>
      <trkpt lat="49.010866" lon="8.374957"><ele>118.0</ele></trkpt>
      <trkpt lat="49.010849" lon="8.375364"><ele>118.0</ele></trkpt>
      <trkpt lat="49.010832" lon="8.375780"><ele>118.0</ele></trkpt>
      <trkpt lat="49.010788" lon="8.375959"><ele>118.0</ele></trkpt>
      <trkpt lat="49.010768" lon="8.376122"><ele>118.0</ele></trkpt>
      <trkpt lat="49.010728" lon="8.376594"><ele>118.0</ele></trkpt>
      <trkpt lat="49.010725" lon="8.376637"><ele>118.0</ele></trkpt>
      <trkpt lat="49.010722" lon="8.376719"><ele>118.0</ele></trkpt>
      <trkpt lat="49.010700" lon="8.377080"><ele>118.0</ele></trkpt>
      <trkpt lat="49.010679" lon="8.377494"><ele>118.0</ele></trkpt>
      <trkpt lat="49.010648" lon="8.378167"><ele>118.0</ele></trkpt>
      <trkpt lat="49.010610" lon="8.378944"><ele>117.8</ele></trkpt>
      <trkpt lat="49.010620" lon="8.379052"><ele>117.8</ele></trkpt>
      <trkpt lat="49.010680" lon="8.379252"><ele>117.5</ele></trkpt>
      <trkpt lat="49.010673" lon="8.379395"><ele>117.5</ele></trkpt>
      <trkpt lat="49.010670" lon="8.379462"><ele>117.5</ele></trkpt>
      <trkpt lat="49.010665" lon="8.379676"><ele>117.5</ele></trkpt>
      <trkpt lat="49.010662" lon="8.379766"><ele>117.5</ele></trkpt>
      <trkpt lat="49.010660" lon="8.379831"><ele>117.5</ele></trkpt>
      <trkpt lat="49.010659" lon="8.379875"><ele>117.5</ele></trkpt>
      <trkpt lat="49.010656" lon="8.379979"><ele>117.5</ele></trkpt>
      <trkpt lat="49.010627" lon="8.380846"><ele>117.0</ele></trkpt>
      <trkpt lat="49.010587" lon="8.381198"><ele>117.0</ele></trkpt>
      <trkpt lat="49.010577" lon="8.381290"><ele>117.0</ele></trkpt>
      <trkpt lat="49.010566" lon="8.381515"><ele>117.0</ele></trkpt>
      <trkpt lat="49.010564" lon="8.381573"><ele>117.0</ele></trkpt>
      <trkpt lat="49.010548" lon="8.381907"><ele>117.0</ele></trkpt>
      <trkpt lat="49.010473" lon="8.383462"><ele>117.0</ele></trkpt>
      <trkpt lat="49.010464" lon="8.383707"><ele>117.0</ele></trkpt>
      <trkpt lat="49.010458" lon="8.383790"><ele>117.0</ele></trkpt>
      <trkpt lat="49.010443" lon="8.383920"><ele>117.0</ele></trkpt>
      <trkpt lat="49.010439" lon="8.383976"><ele>117.0</ele></trkpt>
      <trkpt lat="49.010430" lon="8.384322"><ele>117.0</ele></trkpt>
      <trkpt lat="49.010415" lon="8.384541"><ele>117.0</ele></trkpt>
      <trkpt lat="49.010427" lon="8.384861"><ele>117.0</ele></trkpt>
      <trkpt lat="49.010429" lon="8.384957"><ele>117.0</ele></trkpt>
      <trkpt lat="49.010404" lon="8.385653"><ele>117.0</ele></trkpt>
      <trkpt lat="49.010364" lon="8.386457"><ele>117.0</ele></trkpt>
      <trkpt lat="49.010334" lon="8.387161"><ele>117.0</ele></trkpt>
      <trkpt lat="49.010329" lon="8.387260"><ele>117.0</ele></trkpt>
      <trkpt lat="49.010327" lon="8.387310"><ele>117.0</ele></trkpt>
      <trkpt lat="49.010325" lon="8.387362"><ele>117.0</ele></trkpt>
      <trkpt lat="49.010308" lon="8.387505"><ele>117.0</ele></trkpt>
      <trkpt lat="49.010274" lon="8.387708"><ele>117.0</ele></trkpt>
      <trkpt lat="49.010198" lon="8.388034"><ele>117.0</ele></trkpt>
      <trkpt lat="49.010143" lon="8.388197"><ele>117.0</ele></trkpt>
      <trkpt lat="49.010095" lon="8.388321"><ele>117.0</ele></trkpt>
      <trkpt lat="49.009991" lon="8.388602"><ele>117.0</ele></trkpt>
      <trkpt lat="49.009966" lon="8.388752"><ele>117.0</ele></trkpt>
      <trkpt lat="49.009956" lon="8.388877"><ele>117.0</ele></trkpt>
      <trkpt lat="49.009955" lon="8.389000"><ele>116.5</ele></trkpt>
      <trkpt lat="49.009966" lon="8.389138"><ele>116.0</ele></trkpt>
      <trkpt lat="49.010000" lon="8.389289"><ele>116.0</ele></trkpt>
      <trkpt lat="49.010032" lon="8.389387"><ele>116.0</ele></trkpt>
      <trkpt lat="49.010074" lon="8.389477"><ele>116.0</ele></trkpt>
      <trkpt lat="49.010147" lon="8.389674"><ele>116.0</ele></trkpt>
      <trkpt lat="49.010183" lon="8.389791"><ele>116.0</ele></trkpt>
      <trkpt lat="49.010209" lon="8.389794"><ele>116.0</ele></trkpt>
      <trkpt lat="49.010276" lon="8.389801"><ele>116.0</ele></trkpt>
      <trkpt lat="49.010303" lon="8.389804"><ele>116.0</ele></trkpt>
      <trkpt lat="49.010843" lon="8.389846"><ele>116.0</ele></trkpt>
      <trkpt lat="49.010936" lon="8.390283"><ele>116.0</ele></trkpt>
      <trkpt lat="49.011101" lon="8.391016"><ele>116.0</ele></trkpt>
      <trkpt lat="49.011140" lon="8.391190"><ele>116.0</ele></trkpt>
      <trkpt lat="49.011285" lon="8.391857"><ele>116.0</ele></trkpt>
      <trkpt lat="49.011414" lon="8.392447"><ele>116.0</ele></trkpt>
      <trkpt lat="49.011494" lon="8.392815"><ele>116.0</ele></trkpt>
      <trkpt lat="49.011505" lon="8.392863"><ele>116.0</ele></trkpt>
      <trkpt lat="49.011665" lon="8.393598"><ele>115.0</ele></trkpt>
      <trkpt lat="49.011721" lon="8.393854"><ele>115.0</ele></trkpt>
      <trkpt lat="49.011805" lon="8.394240"><ele>115.0</ele></trkpt>
      <trkpt lat="49.011913" lon="8.394736"><ele>115.0</ele></trkpt>
      <trkpt lat="49.011937" lon="8.394845"><ele>115.0</ele></trkpt>
      <trkpt lat="49.011979" lon="8.395050"><ele>115.0</ele></trkpt>
      <trkpt lat="49.012084" lon="8.395522"><ele>115.0</ele></trkpt>
      <trkpt lat="49.012115" lon="8.395663"><ele>115.0</ele></trkpt>
      <trkpt lat="49.012164" lon="8.395889"><ele>115.0</ele></trkpt>
      <trkpt lat="49.012591" lon="8.397850"><ele>115.0</ele></trkpt>
      <trkpt lat="49.012720" lon="8.398416"><ele>115.0</ele></trkpt>
      <trkpt lat="49.012731" lon="8.398474"><ele>115.0</ele></trkpt>
      <trkpt lat="49.012733" lon="8.398486"><ele>115.0</ele></trkpt>
      <trkpt lat="49.012758" lon="8.398617"><ele>114.8</ele></trkpt>
      <trkpt lat="49.012655" lon="8.398673"><ele>115.0</ele></trkpt>
      <trkpt lat="49.012472" lon="8.398786"><ele>115.0</ele></trkpt>
      <trkpt lat="49.012314" lon="8.398890"><ele>115.0</ele></trkpt>
      <trkpt lat="49.012118" lon="8.399026"><ele>115.0</ele></trkpt>
      <trkpt lat="49.012017" lon="8.399104"><ele>115.0</ele></trkpt>
      <trkpt lat="49.011848" lon="8.399254"><ele>115.0</ele></trkpt>
      <trkpt lat="49.011725" lon="8.399389"><ele>115.0</ele></trkpt>
      <trkpt lat="49.011616" lon="8.399526"><ele>115.0</ele></trkpt>
      <trkpt lat="49.011557" lon="8.399626"><ele>115.0</ele></trkpt>
      <trkpt lat="49.011521" lon="8.399710"><ele>115.0</ele></trkpt>
      <trkpt lat="49.011445" lon="8.399932"><ele>115.0</ele></trkpt>
      <trkpt lat="49.011428" lon="8.400025"><ele>114.8</ele></trkpt>
      <trkpt lat="49.011357" lon="8.400168"><ele>115.0</ele></trkpt>
      <trkpt lat="49.011094" lon="8.400566"><ele>114.8</ele></trkpt>
      <trkpt lat="49.010947" lon="8.400827"><ele>115.0</ele></trkpt>
      <trkpt lat="49.010897" lon="8.400914"><ele>115.0</ele></trkpt>
      <trkpt lat="49.010750" lon="8.401218"><ele>114.8</ele></trkpt>
      <trkpt lat="49.010639" lon="8.401495"><ele>115.0</ele></trkpt>
      <trkpt lat="49.010550" lon="8.401742"><ele>115.0</ele></trkpt>
      <trkpt lat="49.010522" lon="8.401825"><ele>115.0</ele></trkpt>
      <trkpt lat="49.010390" lon="8.402282"><ele>115.0</ele></trkpt>
      <trkpt lat="49.010296" lon="8.402700"><ele>115.0</ele></trkpt>
      <trkpt lat="49.010262" lon="8.402877"><ele>115.0</ele></trkpt>
      <trkpt lat="49.010209" lon="8.403184"><ele>115.0</ele></trkpt>
      <trkpt lat="49.010180" lon="8.403393"><ele>115.0</ele></trkpt>
      <trkpt lat="49.010158" lon="8.403685"><ele>115.0</ele></trkpt>
      <trkpt lat="49.010147" lon="8.403918"><ele>115.0</ele></trkpt>
      <trkpt lat="49.010143" lon="8.404012"><ele>115.0</ele></trkpt>
      <trkpt lat="49.010140" lon="8.404133"><ele>115.0</ele></trkpt>
      <trkpt lat="49.010137" lon="8.404429"><ele>115.0</ele></trkpt>
      <trkpt lat="49.010137" lon="8.404435"><ele>115.0</ele></trkpt>
      <trkpt lat="49.010139" lon="8.404514"><ele>115.0</ele></trkpt>
      <trkpt lat="49.010144" lon="8.404618"><ele>115.0</ele></trkpt>
      <trkpt lat="49.010159" lon="8.404893"><ele>115.0</ele></trkpt>
      <trkpt lat="49.010182" lon="8.405157"><ele>115.0</ele></trkpt>
      <trkpt lat="49.010238" lon="8.405707"><ele>115.0</ele></trkpt>
      <trkpt lat="49.010275" lon="8.405985"><ele>115.0</ele></trkpt>
      <trkpt lat="49.010324" lon="8.406274"><ele>115.0</ele></trkpt>
      <trkpt lat="49.010435" lon="8.406708"><ele>115.0</ele></trkpt>
      <trkpt lat="49.010543" lon="8.407035"><ele>115.0</ele></trkpt>
      <trkpt lat="49.010650" lon="8.407315"><ele>115.0</ele></trkpt>
      <trkpt lat="49.010739" lon="8.407567"><ele>115.0</ele></trkpt>
      <trkpt lat="49.010887" lon="8.407941"><ele>115.0</ele></trkpt>
      <trkpt lat="49.011015" lon="8.408206"><ele>115.0</ele></trkpt>
      <trkpt lat="49.011082" lon="8.408311"><ele>115.0</ele></trkpt>
      <trkpt lat="49.011139" lon="8.408400"><ele>114.8</ele></trkpt>
      <trkpt lat="49.011160" lon="8.408433"><ele>115.0</ele></trkpt>
      <trkpt lat="49.011185" lon="8.408460"><ele>115.0</ele></trkpt>
      <trkpt lat="49.011264" lon="8.408588"><ele>115.0</ele></trkpt>
      <trkpt lat="49.011307" lon="8.408655"><ele>115.0</ele></trkpt>
      <trkpt lat="49.011491" lon="8.408913"><ele>115.0</ele></trkpt>
      <trkpt lat="49.011545" lon="8.408989"><ele>115.0</ele></trkpt>
      <trkpt lat="49.011603" lon="8.409069"><ele>115.0</ele></trkpt>
      <trkpt lat="49.011629" lon="8.409101"><ele>115.0</ele></trkpt>
      <trkpt lat="49.011726" lon="8.409208"><ele>115.0</ele></trkpt>
      <trkpt lat="49.011781" lon="8.409263"><ele>115.0</ele></trkpt>
      <trkpt lat="49.011927" lon="8.409390"><ele>115.0</ele></trkpt>
      <trkpt lat="49.012074" lon="8.409518"><ele>115.0</ele></trkpt>
      <trkpt lat="49.012220" lon="8.409644"><ele>115.0</ele></trkpt>
      <trkpt lat="49.012264" lon="8.409682"><ele>115.0</ele></trkpt>
      <trkpt lat="49.012349" lon="8.409743"><ele>115.0</ele></trkpt>
      <trkpt lat="49.012496" lon="8.409845"><ele>115.0</ele></trkpt>
      <trkpt lat="49.012707" lon="8.409983"><ele>114.2</ele></trkpt>
      <trkpt lat="49.012849" lon="8.410057"><ele>114.0</ele></trkpt>
      <trkpt lat="49.013057" lon="8.410142"><ele>114.0</ele></trkpt>
      <trkpt lat="49.013315" lon="8.410243"><ele>114.0</ele></trkpt>
      <trkpt lat="49.013667" lon="8.410322"><ele>114.0</ele></trkpt>
      <trkpt lat="49.013786" lon="8.410333"><ele>114.0</ele></trkpt>
      <trkpt lat="49.013832" lon="8.410340"><ele>114.0</ele></trkpt>
      <trkpt lat="49.013947" lon="8.410343"><ele>113.8</ele></trkpt>
      <trkpt lat="49.014339" lon="8.410293"><ele>114.0</ele></trkpt>
      <trkpt lat="49.014450" lon="8.410273"><ele>114.0</ele></trkpt>
      <trkpt lat="49.014861" lon="8.410168"><ele>114.0</ele></trkpt>
      <trkpt lat="49.015210" lon="8.410032"><ele>114.0</ele></trkpt>
      <trkpt lat="49.015408" lon="8.409949"><ele>114.0</ele></trkpt>
      <trkpt lat="49.015578" lon="8.409865"><ele>114.0</ele></trkpt>
      <trkpt lat="49.015933" lon="8.409643"><ele>114.0</ele></trkpt>
      <trkpt lat="49.016147" lon="8.410204"><ele>114.0</ele></trkpt>
      <trkpt lat="49.016661" lon="8.411554"><ele>114.0</ele></trkpt>
      <trkpt lat="49.017031" lon="8.412528"><ele>113.8</ele></trkpt>
      <trkpt lat="49.017220" lon="8.413023"><ele>113.8</ele></trkpt>
      <trkpt lat="49.017277" lon="8.413172"><ele>114.0</ele></trkpt>
      <trkpt lat="49.017413" lon="8.413107"><ele>114.0</ele></trkpt>
      <trkpt lat="49.017858" lon="8.412980"><ele>114.0</ele></trkpt>
      <trkpt lat="49.017890" lon="8.412970"><ele>114.0</ele></trkpt>
      <trkpt lat="49.017943" lon="8.412972"><ele>114.0</ele></trkpt>
      <trkpt lat="49.017967" lon="8.412973"><ele>114.0</ele></trkpt>
      <trkpt lat="49.018056" lon="8.412976"><ele>114.0</ele></trkpt>
      <trkpt lat="49.018134" lon="8.412978"><ele>114.0</ele></trkpt>
      <trkpt lat="49.018311" lon="8.413063"><ele>114.0</ele></trkpt>
      <trkpt lat="49.018456" lon="8.413167"><ele>114.0</ele></trkpt>
      <trkpt lat="49.018574" lon="8.413266"><ele>114.0</ele></trkpt>
      <trkpt lat="49.018651" lon="8.413281"><ele>114.0</ele></trkpt>
      <trkpt lat="49.018829" lon="8.413282"><ele>114.0</ele></trkpt>
      <trkpt lat="49.018890" lon="8.413530"><ele>114.0</ele></trkpt>
      <trkpt lat="49.018968" lon="8.413745"><ele>114.0</ele></trkpt>
      <trkpt lat="49.019037" lon="8.413886"><ele>114.0</ele></trkpt>
      <trkpt lat="49.019059" lon="8.413925"><ele>114.0</ele></trkpt>
      <trkpt lat="49.019249" lon="8.414274"><ele>114.0</ele></trkpt>
      <trkpt lat="49.019312" lon="8.414391"><ele>114.0</ele></trkpt>
      <trkpt lat="49.019376" lon="8.414501"><ele>114.0</ele></trkpt>
      <trkpt lat="49.019437" lon="8.414589"><ele>114.0</ele></trkpt>
      <trkpt lat="49.019501" lon="8.414667"><ele>114.0</ele></trkpt>
      <trkpt lat="49.019588" lon="8.414743"><ele>114.0</ele></trkpt>
      <trkpt lat="49.019683" lon="8.414797"><ele>114.0</ele></trkpt>
      <trkpt lat="49.019817" lon="8.414819"><ele>114.0</ele></trkpt>
      <trkpt lat="49.019934" lon="8.414794"><ele>114.0</ele></trkpt>
      <trkpt lat="49.020005" lon="8.414768"><ele>114.0</ele></trkpt>
      <trkpt lat="49.020084" lon="8.414726"><ele>114.2</ele></trkpt>
      <trkpt lat="49.020180" lon="8.414649"><ele>114.5</ele></trkpt>
      <trkpt lat="49.020367" lon="8.414431"><ele>115.0</ele></trkpt>
      <trkpt lat="49.020547" lon="8.414185"><ele>115.0</ele></trkpt>
      <trkpt lat="49.020669" lon="8.414018"><ele>115.0</ele></trkpt>
      <trkpt lat="49.020886" lon="8.413723"><ele>115.0</ele></trkpt>
      <trkpt lat="49.021049" lon="8.413500"><ele>115.0</ele></trkpt>
      <trkpt lat="49.021096" lon="8.413406"><ele>115.0</ele></trkpt>
      <trkpt lat="49.021138" lon="8.413305"><ele>115.0</ele></trkpt>
      <trkpt lat="49.021175" lon="8.413193"><ele>115.0</ele></trkpt>
      <trkpt lat="49.021204" lon="8.413070"><ele>115.0</ele></trkpt>
      <trkpt lat="49.021227" lon="8.412866"><ele>115.0</ele></trkpt>
      <trkpt lat="49.021279" lon="8.412877"><ele>115.0</ele></trkpt>
      <trkpt lat="49.021565" lon="8.413147"><ele>115.0</ele></trkpt>
      <trkpt lat="49.021593" lon="8.413174"><ele>115.0</ele></trkpt>
      <trkpt lat="49.021604" lon="8.413191"><ele>115.0</ele></trkpt>
      <trkpt lat="49.021654" lon="8.413266"><ele>115.0</ele></trkpt>
      <trkpt lat="49.021711" lon="8.413353"><ele>115.0</ele></trkpt>
      <trkpt lat="49.021753" lon="8.413420"><ele>115.0</ele></trkpt>
      <trkpt lat="49.021779" lon="8.413378"><ele>115.0</ele></trkpt>
      <trkpt lat="49.022124" lon="8.412774"><ele>114.8</ele></trkpt>
      <trkpt lat="49.022405" lon="8.412233"><ele>115.0</ele></trkpt>
      <trkpt lat="49.022535" lon="8.411960"><ele>115.0</ele></trkpt>
      <trkpt lat="49.022719" lon="8.411546"><ele>115.0</ele></trkpt>
      <trkpt lat="49.022890" lon="8.411133"><ele>115.0</ele></trkpt>
      <trkpt lat="49.022918" lon="8.411155"><ele>115.0</ele></trkpt>
      <trkpt lat="49.024666" lon="8.412459"><ele>114.0</ele></trkpt>
      <trkpt lat="49.025617" lon="8.413170"><ele>114.0</ele></trkpt>
      <trkpt lat="49.026001" lon="8.413456"><ele>114.0</ele></trkpt>
      <trkpt lat="49.026041" lon="8.413486"><ele>114.0</ele></trkpt>
      <trkpt lat="49.026106" lon="8.413537"><ele>114.0</ele></trkpt>
      <trkpt lat="49.027970" lon="8.414935"><ele>114.0</ele></trkpt>
      <trkpt lat="49.029392" lon="8.416008"><ele>114.0</ele></trkpt>
      <trkpt lat="49.030751" lon="8.417031"><ele>114.0</ele></trkpt>
      <trkpt lat="49.032290" lon="8.418188"><ele>114.0</ele></trkpt>
      <trkpt lat="49.035028" lon="8.420248"><ele>113.8</ele></trkpt>
      <trkpt lat="49.035338" lon="8.420488"><ele>114.0</ele></trkpt>
      <trkpt lat="49.036867" lon="8.421631"><ele>114.0</ele></trkpt>
      <trkpt lat="49.038134" lon="8.422543"><ele>113.8</ele></trkpt>
      <trkpt lat="49.039262" lon="8.423424"><ele>113.0</ele></trkpt>
      <trkpt lat="49.039976" lon="8.423957"><ele>112.8</ele></trkpt>
      <trkpt lat="49.041582" lon="8.425163"><ele>113.0</ele></trkpt>
      <trkpt lat="49.042059" lon="8.425533"><ele>113.0</ele></trkpt>
      <trkpt lat="49.042387" lon="8.425768"><ele>112.0</ele></trkpt>
      <trkpt lat="49.044820" lon="8.427596"><ele>112.0</ele></trkpt>
      <trkpt lat="49.045367" lon="8.428007"><ele>112.0</ele></trkpt>
      <trkpt lat="49.046929" lon="8.429184"><ele>112.0</ele></trkpt>
      <trkpt lat="49.048612" lon="8.430450"><ele>112.0</ele></trkpt>
      <trkpt lat="49.048917" lon="8.430689"><ele>112.0</ele></trkpt>
      <trkpt lat="49.048987" lon="8.430742"><ele>112.0</ele></trkpt>
      <trkpt lat="49.049135" lon="8.430854"><ele>112.0</ele></trkpt>
      <trkpt lat="49.049945" lon="8.431465"><ele>112.0</ele></trkpt>
      <trkpt lat="49.050093" lon="8.431577"><ele>112.0</ele></trkpt>
      <trkpt lat="49.050189" lon="8.431650"><ele>112.0</ele></trkpt>
      <trkpt lat="49.054137" lon="8.434643"><ele>112.0</ele></trkpt>
      <trkpt lat="49.055718" lon="8.435818"><ele>112.0</ele></trkpt>
      <trkpt lat="49.055754" lon="8.435842"><ele>112.0</ele></trkpt>
      <trkpt lat="49.056964" lon="8.436756"><ele>112.0</ele></trkpt>
      <trkpt lat="49.057061" lon="8.436827"><ele>112.0</ele></trkpt>
      <trkpt lat="49.057087" lon="8.436846"><ele>112.0</ele></trkpt>
      <trkpt lat="49.057506" lon="8.437154"><ele>112.0</ele></trkpt>
      <trkpt lat="49.058749" lon="8.438095"><ele>111.0</ele></trkpt>
      <trkpt lat="49.059027" lon="8.438288"><ele>111.0</ele></trkpt>
      <trkpt lat="49.059127" lon="8.438349"><ele>111.0</ele></trkpt>
      <trkpt lat="49.059234" lon="8.438384"><ele>111.0</ele></trkpt>
      <trkpt lat="49.059332" lon="8.438405"><ele>111.0</ele></trkpt>
      <trkpt lat="49.059590" lon="8.438418"><ele>111.5</ele></trkpt>
      <trkpt lat="49.059674" lon="8.438433"><ele>111.8</ele></trkpt>
      <trkpt lat="49.059729" lon="8.438477"><ele>112.0</ele></trkpt>
      <trkpt lat="49.059784" lon="8.438597"><ele>112.0</ele></trkpt>
      <trkpt lat="49.059882" lon="8.438868"><ele>112.0</ele></trkpt>
      <trkpt lat="49.059907" lon="8.438927"><ele>112.0</ele></trkpt>
      <trkpt lat="49.059938" lon="8.438976"><ele>112.0</ele></trkpt>
      <trkpt lat="49.060031" lon="8.439058"><ele>112.0</ele></trkpt>
      <trkpt lat="49.060679" lon="8.439535"><ele>112.0</ele></trkpt>
      <trkpt lat="49.061918" lon="8.440478"><ele>112.0</ele></trkpt>
      <trkpt lat="49.063616" lon="8.441748"><ele>111.0</ele></trkpt>
      <trkpt lat="49.065669" lon="8.443322"><ele>112.0</ele></trkpt>
      <trkpt lat="49.066746" lon="8.444102"><ele>112.0</ele></trkpt>
      <trkpt lat="49.068445" lon="8.445385"><ele>112.0</ele></trkpt>
      <trkpt lat="49.069540" lon="8.446196"><ele>112.0</ele></trkpt>
      <trkpt lat="49.071070" lon="8.447362"><ele>112.0</ele></trkpt>
      <trkpt lat="49.073752" lon="8.449378"><ele>112.0</ele></trkpt>
      <trkpt lat="49.074215" lon="8.449726"><ele>112.0</ele></trkpt>
      <trkpt lat="49.074724" lon="8.450124"><ele>111.8</ele></trkpt>
      <trkpt lat="49.075144" lon="8.450439"><ele>112.0</ele></trkpt>
      <trkpt lat="49.076019" lon="8.451093"><ele>112.0</ele></trkpt>
      <trkpt lat="49.076900" lon="8.451763"><ele>112.0</ele></trkpt>
      <trkpt lat="49.078684" lon="8.453103"><ele>112.0</ele></trkpt>
      <trkpt lat="49.079780" lon="8.453923"><ele>112.0</ele></trkpt>
      <trkpt lat="49.080854" lon="8.454734"><ele>112.0</ele></trkpt>
      <trkpt lat="49.081101" lon="8.454923"><ele>112.0</ele></trkpt>
      <trkpt lat="49.081696" lon="8.455377"><ele>111.8</ele></trkpt>
      <trkpt lat="49.082956" lon="8.456322"><ele>111.0</ele></trkpt>
      <trkpt lat="49.083707" lon="8.456889"><ele>111.0</ele></trkpt>
      <trkpt lat="49.083776" lon="8.456942"><ele>111.0</ele></trkpt>
      <trkpt lat="49.086818" lon="8.459227"><ele>111.0</ele></trkpt>
      <trkpt lat="49.088189" lon="8.460244"><ele>111.0</ele></trkpt>
      <trkpt lat="49.089565" lon="8.461301"><ele>110.0</ele></trkpt>
      <trkpt lat="49.092225" lon="8.463297"><ele>109.8</ele></trkpt>
      <trkpt lat="49.094362" lon="8.464910"><ele>110.0</ele></trkpt>
      <trkpt lat="49.094681" lon="8.465145"><ele>110.0</ele></trkpt>
      <trkpt lat="49.094942" lon="8.465347"><ele>110.0</ele></trkpt>
      <trkpt lat="49.094966" lon="8.465365"><ele>110.0</ele></trkpt>
      <trkpt lat="49.095091" lon="8.465462"><ele>110.0</ele></trkpt>
      <trkpt lat="49.095298" lon="8.465972"><ele>110.0</ele></trkpt>
      <trkpt lat="49.095485" lon="8.466468"><ele>110.0</ele></trkpt>
      <trkpt lat="49.095532" lon="8.466610"><ele>110.0</ele></trkpt>
      <trkpt lat="49.095607" lon="8.466889"><ele>110.0</ele></trkpt>
      <trkpt lat="49.095663" lon="8.467165"><ele>110.0</ele></trkpt>
      <trkpt lat="49.095795" lon="8.467983"><ele>110.0</ele></trkpt>
      <trkpt lat="49.095909" lon="8.469048"><ele>110.0</ele></trkpt>
      <trkpt lat="49.095951" lon="8.469516"><ele>110.0</ele></trkpt>
      <trkpt lat="49.096056" lon="8.470966"><ele>110.0</ele></trkpt>
      <trkpt lat="49.096227" lon="8.473603"><ele>110.0</ele></trkpt>
      <trkpt lat="49.096278" lon="8.474584"><ele>110.0</ele></trkpt>
      <trkpt lat="49.096359" lon="8.477410"><ele>110.5</ele></trkpt>
      <trkpt lat="49.096417" lon="8.478468"><ele>111.0</ele></trkpt>
      <trkpt lat="49.096489" lon="8.479531"><ele>111.0</ele></trkpt>
      <trkpt lat="49.096507" lon="8.479934"><ele>111.0</ele></trkpt>
      <trkpt lat="49.096509" lon="8.480387"><ele>111.0</ele></trkpt>
      <trkpt lat="49.096460" lon="8.483146"><ele>112.0</ele></trkpt>
      <trkpt lat="49.096445" lon="8.484077"><ele>111.2</ele></trkpt>
      <trkpt lat="49.096458" lon="8.484543"><ele>111.0</ele></trkpt>
      <trkpt lat="49.096447" lon="8.484795"><ele>111.0</ele></trkpt>
      <trkpt lat="49.096438" lon="8.485038"><ele>111.0</ele></trkpt>
      <trkpt lat="49.096428" lon="8.485368"><ele>111.0</ele></trkpt>
      <trkpt lat="49.096426" lon="8.485806"><ele>111.0</ele></trkpt>
      <trkpt lat="49.096433" lon="8.486386"><ele>111.0</ele></trkpt>
      <trkpt lat="49.096454" lon="8.486916"><ele>110.8</ele></trkpt>
      <trkpt lat="49.096472" lon="8.487214"><ele>111.0</ele></trkpt>
      <trkpt lat="49.096543" lon="8.487251"><ele>111.0</ele></trkpt>
      <trkpt lat="49.096586" lon="8.487292"><ele>111.0</ele></trkpt>
      <trkpt lat="49.096642" lon="8.487411"><ele>111.0</ele></trkpt>
      <trkpt lat="49.096813" lon="8.487773"><ele>111.0</ele></trkpt>
      <trkpt lat="49.097014" lon="8.488185"><ele>111.0</ele></trkpt>
      <trkpt lat="49.097102" lon="8.488356"><ele>111.0</ele></trkpt>
      <trkpt lat="49.097161" lon="8.488514"><ele>111.0</ele></trkpt>
      <trkpt lat="49.097205" lon="8.488677"><ele>111.0</ele></trkpt>
      <trkpt lat="49.097282" lon="8.489117"><ele>111.0</ele></trkpt>
      <trkpt lat="49.097406" lon="8.489964"><ele>111.0</ele></trkpt>
      <trkpt lat="49.097457" lon="8.490320"><ele>111.0</ele></trkpt>
      <trkpt lat="49.097491" lon="8.490356"><ele>111.0</ele></trkpt>
      <trkpt lat="49.097684" lon="8.490429"><ele>111.0</ele></trkpt>
      <trkpt lat="49.097769" lon="8.490486"><ele>111.0</ele></trkpt>
      <trkpt lat="49.097853" lon="8.490566"><ele>111.0</ele></trkpt>
      <trkpt lat="49.097935" lon="8.490668"><ele>111.0</ele></trkpt>
      <trkpt lat="49.098017" lon="8.490817"><ele>111.0</ele></trkpt>
      <trkpt lat="49.098069" lon="8.490982"><ele>111.0</ele></trkpt>
      <trkpt lat="49.098131" lon="8.491309"><ele>111.0</ele></trkpt>
      <trkpt lat="49.098169" lon="8.491426"><ele>111.0</ele></trkpt>
      <trkpt lat="49.098275" lon="8.491605"><ele>111.0</ele></trkpt>
      <trkpt lat="49.098347" lon="8.491703"><ele>110.8</ele></trkpt>
      <trkpt lat="49.098433" lon="8.491881"><ele>111.0</ele></trkpt>
      <trkpt lat="49.098470" lon="8.491928"><ele>111.0</ele></trkpt>
      <trkpt lat="49.098523" lon="8.491970"><ele>111.0</ele></trkpt>
      <trkpt lat="49.098584" lon="8.492001"><ele>111.0</ele></trkpt>
      <trkpt lat="49.099103" lon="8.492197"><ele>111.0</ele></trkpt>
      <trkpt lat="49.099433" lon="8.492379"><ele>111.0</ele></trkpt>
      <trkpt lat="49.099886" lon="8.492723"><ele>111.0</ele></trkpt>
      <trkpt lat="49.099942" lon="8.492756"><ele>111.0</ele></trkpt>
      <trkpt lat="49.100602" lon="8.493253"><ele>111.0</ele></trkpt>
      <trkpt lat="49.101040" lon="8.493657"><ele>111.0</ele></trkpt>
      <trkpt lat="49.101662" lon="8.494315"><ele>111.0</ele></trkpt>
      <trkpt lat="49.102236" lon="8.495066"><ele>111.0</ele></trkpt>
      <trkpt lat="49.102680" lon="8.495764"><ele>111.0</ele></trkpt>
      <trkpt lat="49.103125" lon="8.496538"><ele>111.0</ele></trkpt>
      <trkpt lat="49.103517" lon="8.497418"><ele>111.0</ele></trkpt>
      <trkpt lat="49.103585" lon="8.497545"><ele>111.0</ele></trkpt>
      <trkpt lat="49.103529" lon="8.497625"><ele>111.0</ele></trkpt>
      <trkpt lat="49.103471" lon="8.497738"><ele>111.0</ele></trkpt>
      <trkpt lat="49.103589" lon="8.497974"><ele>111.0</ele></trkpt>
      <trkpt lat="49.104052" lon="8.499118"><ele>111.0</ele></trkpt>
      <trkpt lat="49.104614" lon="8.500447"><ele>110.0</ele></trkpt>
      <trkpt lat="49.104795" lon="8.500920"><ele>110.2</ele></trkpt>
      <trkpt lat="49.104994" lon="8.501562"><ele>110.8</ele></trkpt>
      <trkpt lat="49.105067" lon="8.501933"><ele>111.0</ele></trkpt>
      <trkpt lat="49.105148" lon="8.502487"><ele>111.5</ele></trkpt>
      <trkpt lat="49.105167" lon="8.502671"><ele>110.8</ele></trkpt>
      <trkpt lat="49.105203" lon="8.503013"><ele>110.5</ele></trkpt>
      <trkpt lat="49.105225" lon="8.503309"><ele>110.8</ele></trkpt>
      <trkpt lat="49.105230" lon="8.503631"><ele>110.8</ele></trkpt>
      <trkpt lat="49.105192" lon="8.504144"><ele>110.5</ele></trkpt>
      <trkpt lat="49.105143" lon="8.504591"><ele>110.5</ele></trkpt>
      <trkpt lat="49.105077" lon="8.504968"><ele>110.2</ele></trkpt>
      <trkpt lat="49.104950" lon="8.505477"><ele>110.0</ele></trkpt>
      <trkpt lat="49.104850" lon="8.505793"><ele>110.0</ele></trkpt>
      <trkpt lat="49.104799" lon="8.505968"><ele>110.0</ele></trkpt>
      <trkpt lat="49.104742" lon="8.506175"><ele>110.0</ele></trkpt>
      <trkpt lat="49.104624" lon="8.506548"><ele>110.0</ele></trkpt>
      <trkpt lat="49.104520" lon="8.506958"><ele>110.0</ele></trkpt>
      <trkpt lat="49.104232" lon="8.508202"><ele>110.0</ele></trkpt>
      <trkpt lat="49.104024" lon="8.509306"><ele>110.0</ele></trkpt>
      <trkpt lat="49.103899" lon="8.510085"><ele>110.0</ele></trkpt>
      <trkpt lat="49.103785" lon="8.511087"><ele>110.0</ele></trkpt>
      <trkpt lat="49.103709" lon="8.511914"><ele>110.0</ele></trkpt>
      <trkpt lat="49.103659" lon="8.512589"><ele>110.0</ele></trkpt>
      <trkpt lat="49.103639" lon="8.513240"><ele>110.0</ele></trkpt>
      <trkpt lat="49.103649" lon="8.514265"><ele>110.0</ele></trkpt>
      <trkpt lat="49.103709" lon="8.514840"><ele>110.0</ele></trkpt>
      <trkpt lat="49.103723" lon="8.515170"><ele>110.0</ele></trkpt>
      <trkpt lat="49.103744" lon="8.515761"><ele>110.0</ele></trkpt>
      <trkpt lat="49.103805" lon="8.516465"><ele>110.0</ele></trkpt>
      <trkpt lat="49.103884" lon="8.517078"><ele>110.0</ele></trkpt>
      <trkpt lat="49.103930" lon="8.517423"><ele>110.0</ele></trkpt>
      <trkpt lat="49.104067" lon="8.518228"><ele>110.0</ele></trkpt>
      <trkpt lat="49.104234" lon="8.519014"><ele>110.0</ele></trkpt>
      <trkpt lat="49.104296" lon="8.519210"><ele>110.0</ele></trkpt>
      <trkpt lat="49.104340" lon="8.519398"><ele>110.0</ele></trkpt>
      <trkpt lat="49.104353" lon="8.519465"><ele>110.0</ele></trkpt>
      <trkpt lat="49.104463" lon="8.520008"><ele>110.0</ele></trkpt>
      <trkpt lat="49.104991" lon="8.522014"><ele>110.0</ele></trkpt>
      <trkpt lat="49.105332" lon="8.523220"><ele>110.0</ele></trkpt>
      <trkpt lat="49.105539" lon="8.524026"><ele>110.0</ele></trkpt>
      <trkpt lat="49.105755" lon="8.524954"><ele>110.0</ele></trkpt>
      <trkpt lat="49.105981" lon="8.526046"><ele>111.0</ele></trkpt>
      <trkpt lat="49.106139" lon="8.527051"><ele>111.0</ele></trkpt>
      <trkpt lat="49.106227" lon="8.527923"><ele>111.0</ele></trkpt>
      <trkpt lat="49.106268" lon="8.528459"><ele>111.0</ele></trkpt>
      <trkpt lat="49.106279" lon="8.528732"><ele>111.0</ele></trkpt>
      <trkpt lat="49.106277" lon="8.528850"><ele>111.0</ele></trkpt>
      <trkpt lat="49.106257" lon="8.528968"><ele>111.0</ele></trkpt>
      <trkpt lat="49.106234" lon="8.529031"><ele>111.0</ele></trkpt>
      <trkpt lat="49.106206" lon="8.529080"><ele>111.0</ele></trkpt>
      <trkpt lat="49.106166" lon="8.529116"><ele>111.0</ele></trkpt>
      <trkpt lat="49.106118" lon="8.529138"><ele>111.0</ele></trkpt>
      <trkpt lat="49.106053" lon="8.529147"><ele>111.0</ele></trkpt>
      <trkpt lat="49.105949" lon="8.529142"><ele>111.0</ele></trkpt>
      <trkpt lat="49.105915" lon="8.529156"><ele>111.0</ele></trkpt>
      <trkpt lat="49.105893" lon="8.529177"><ele>111.0</ele></trkpt>
      <trkpt lat="49.105874" lon="8.529213"><ele>111.0</ele></trkpt>
      <trkpt lat="49.105857" lon="8.529259"><ele>111.0</ele></trkpt>
      <trkpt lat="49.105852" lon="8.529317"><ele>110.8</ele></trkpt>
      <trkpt lat="49.105876" lon="8.529439"><ele>111.0</ele></trkpt>
      <trkpt lat="49.105901" lon="8.529536"><ele>111.0</ele></trkpt>
      <trkpt lat="49.105925" lon="8.529598"><ele>111.0</ele></trkpt>
      <trkpt lat="49.105949" lon="8.529628"><ele>111.2</ele></trkpt>
      <trkpt lat="49.105973" lon="8.529638"><ele>111.2</ele></trkpt>
      <trkpt lat="49.106000" lon="8.529633"><ele>111.2</ele></trkpt>
      <trkpt lat="49.106121" lon="8.529530"><ele>111.2</ele></trkpt>
      <trkpt lat="49.106166" lon="8.529504"><ele>111.2</ele></trkpt>
      <trkpt lat="49.106201" lon="8.529498"><ele>111.2</ele></trkpt>
      <trkpt lat="49.106235" lon="8.529504"><ele>111.5</ele></trkpt>
      <trkpt lat="49.106267" lon="8.529529"><ele>111.5</ele></trkpt>
      <trkpt lat="49.106295" lon="8.529572"><ele>111.8</ele></trkpt>
      <trkpt lat="49.106312" lon="8.529630"><ele>111.8</ele></trkpt>
      <trkpt lat="49.106323" lon="8.529716"><ele>111.8</ele></trkpt>
      <trkpt lat="49.106329" lon="8.529839"><ele>112.0</ele></trkpt>
      <trkpt lat="49.106343" lon="8.530648"><ele>112.0</ele></trkpt>
      <trkpt lat="49.106338" lon="8.531356"><ele>112.0</ele></trkpt>
      <trkpt lat="49.106303" lon="8.532420"><ele>112.0</ele></trkpt>
      <trkpt lat="49.106248" lon="8.533566"><ele>112.0</ele></trkpt>
      <trkpt lat="49.106230" lon="8.533840"><ele>112.0</ele></trkpt>
      <trkpt lat="49.106124" lon="8.535789"><ele>112.0</ele></trkpt>
      <trkpt lat="49.106035" lon="8.537443"><ele>112.0</ele></trkpt>
      <trkpt lat="49.105994" lon="8.538863"><ele>112.0</ele></trkpt>
      <trkpt lat="49.105993" lon="8.539866"><ele>112.0</ele></trkpt>
      <trkpt lat="49.106006" lon="8.540699"><ele>112.0</ele></trkpt>
      <trkpt lat="49.105997" lon="8.540902"><ele>112.0</ele></trkpt>
      <trkpt lat="49.106014" lon="8.541176"><ele>112.0</ele></trkpt>
      <trkpt lat="49.106151" lon="8.542294"><ele>110.8</ele></trkpt>
      <trkpt lat="49.106276" lon="8.543076"><ele>111.0</ele></trkpt>
      <trkpt lat="49.106374" lon="8.543598"><ele>111.0</ele></trkpt>
      <trkpt lat="49.106613" lon="8.544790"><ele>110.0</ele></trkpt>
      <trkpt lat="49.106715" lon="8.545203"><ele>110.0</ele></trkpt>
      <trkpt lat="49.106825" lon="8.545601"><ele>110.0</ele></trkpt>
      <trkpt lat="49.107330" lon="8.547166"><ele>110.0</ele></trkpt>
      <trkpt lat="49.108706" lon="8.550651"><ele>110.0</ele></trkpt>
      <trkpt lat="49.108928" lon="8.551200"><ele>110.0</ele></trkpt>
      <trkpt lat="49.109729" lon="8.553174"><ele>110.0</ele></trkpt>
      <trkpt lat="49.110517" lon="8.555120"><ele>110.0</ele></trkpt>
      <trkpt lat="49.110538" lon="8.555170"><ele>110.0</ele></trkpt>
      <trkpt lat="49.110580" lon="8.555272"><ele>109.8</ele></trkpt>
      <trkpt lat="49.111032" lon="8.556421"><ele>110.0</ele></trkpt>
      <trkpt lat="49.111733" lon="8.558064"><ele>110.0</ele></trkpt>
      <trkpt lat="49.112034" lon="8.558710"><ele>110.0</ele></trkpt>
      <trkpt lat="49.112047" lon="8.558903"><ele>110.0</ele></trkpt>
      <trkpt lat="49.113088" lon="8.561517"><ele>110.0</ele></trkpt>
      <trkpt lat="49.113543" lon="8.562637"><ele>110.0</ele></trkpt>
      <trkpt lat="49.114255" lon="8.564345"><ele>110.0</ele></trkpt>
      <trkpt lat="49.115431" lon="8.567253"><ele>110.0</ele></trkpt>
      <trkpt lat="49.115840" lon="8.568086"><ele>110.0</ele></trkpt>
      <trkpt lat="49.116277" lon="8.568825"><ele>110.0</ele></trkpt>
      <trkpt lat="49.116338" lon="8.568902"><ele>110.0</ele></trkpt>
      <trkpt lat="49.116646" lon="8.569295"><ele>110.0</ele></trkpt>
      <trkpt lat="49.116863" lon="8.569475"><ele>110.0</ele></trkpt>
      <trkpt lat="49.117269" lon="8.569731"><ele>110.0</ele></trkpt>
      <trkpt lat="49.117377" lon="8.569815"><ele>110.0</ele></trkpt>
      <trkpt lat="49.117495" lon="8.569963"><ele>110.0</ele></trkpt>
      <trkpt lat="49.117656" lon="8.569998"><ele>110.0</ele></trkpt>
      <trkpt lat="49.117695" lon="8.570023"><ele>110.0</ele></trkpt>
      <trkpt lat="49.118088" lon="8.570306"><ele>110.0</ele></trkpt>
      <trkpt lat="49.118230" lon="8.570404"><ele>110.0</ele></trkpt>
      <trkpt lat="49.118485" lon="8.570580"><ele>110.0</ele></trkpt>
      <trkpt lat="49.118561" lon="8.570627"><ele>110.0</ele></trkpt>
      <trkpt lat="49.118824" lon="8.570798"><ele>110.0</ele></trkpt>
      <trkpt lat="49.118847" lon="8.570813"><ele>110.0</ele></trkpt>
      <trkpt lat="49.118903" lon="8.570940"><ele>110.0</ele></trkpt>
      <trkpt lat="49.119030" lon="8.571147"><ele>110.0</ele></trkpt>
      <trkpt lat="49.119095" lon="8.571241"><ele>110.0</ele></trkpt>
      <trkpt lat="49.119042" lon="8.571330"><ele>110.0</ele></trkpt>
      <trkpt lat="49.118607" lon="8.572161"><ele>110.0</ele></trkpt>
      <trkpt lat="49.118151" lon="8.573047"><ele>110.0</ele></trkpt>
      <trkpt lat="49.118045" lon="8.573388"><ele>110.0</ele></trkpt>
      <trkpt lat="49.117975" lon="8.573756"><ele>110.0</ele></trkpt>
      <trkpt lat="49.117958" lon="8.574155"><ele>110.0</ele></trkpt>
      <trkpt lat="49.117973" lon="8.574521"><ele>110.0</ele></trkpt>
      <trkpt lat="49.118023" lon="8.574923"><ele>110.0</ele></trkpt>
      <trkpt lat="49.118071" lon="8.575044"><ele>110.0</ele></trkpt>
      <trkpt lat="49.118148" lon="8.575141"><ele>110.0</ele></trkpt>
      <trkpt lat="49.118128" lon="8.575219"><ele>110.0</ele></trkpt>
      <trkpt lat="49.118135" lon="8.575273"><ele>110.0</ele></trkpt>
      <trkpt lat="49.118157" lon="8.575334"><ele>110.0</ele></trkpt>
      <trkpt lat="49.118173" lon="8.575421"><ele>110.0</ele></trkpt>
      <trkpt lat="49.118138" lon="8.575718"><ele>110.0</ele></trkpt>
      <trkpt lat="49.118131" lon="8.575779"><ele>110.0</ele></trkpt>
      <trkpt lat="49.118324" lon="8.575827"><ele>110.0</ele></trkpt>
      <trkpt lat="49.118428" lon="8.575923"><ele>110.5</ele></trkpt>
      <trkpt lat="49.118753" lon="8.576525"><ele>111.0</ele></trkpt>
      <trkpt lat="49.118783" lon="8.576579"><ele>111.0</ele></trkpt>
      <trkpt lat="49.118872" lon="8.576735"><ele>111.0</ele></trkpt>
      <trkpt lat="49.119084" lon="8.577107"><ele>111.0</ele></trkpt>
      <trkpt lat="49.119326" lon="8.577577"><ele>111.0</ele></trkpt>
      <trkpt lat="49.119540" lon="8.578027"><ele>111.0</ele></trkpt>
      <trkpt lat="49.119597" lon="8.578218"><ele>111.0</ele></trkpt>
      <trkpt lat="49.119830" lon="8.578955"><ele>111.0</ele></trkpt>
      <trkpt lat="49.119861" lon="8.579064"><ele>111.0</ele></trkpt>
      <trkpt lat="49.119820" lon="8.579109"><ele>111.0</ele></trkpt>
      <trkpt lat="49.119792" lon="8.579190"><ele>111.0</ele></trkpt>
      <trkpt lat="49.119792" lon="8.579274"><ele>111.0</ele></trkpt>
      <trkpt lat="49.119809" lon="8.579335"><ele>111.0</ele></trkpt>
      <trkpt lat="49.119837" lon="8.579378"><ele>111.0</ele></trkpt>
      <trkpt lat="49.119884" lon="8.579410"><ele>111.0</ele></trkpt>
      <trkpt lat="49.119925" lon="8.579413"><ele>111.0</ele></trkpt>
      <trkpt lat="49.119962" lon="8.579395"><ele>111.0</ele></trkpt>
      <trkpt lat="49.119988" lon="8.579492"><ele>111.0</ele></trkpt>
      <trkpt lat="49.120003" lon="8.579520"><ele>110.8</ele></trkpt>
      <trkpt lat="49.120080" lon="8.579668"><ele>111.0</ele></trkpt>
      <trkpt lat="49.120217" lon="8.579910"><ele>111.0</ele></trkpt>
      <trkpt lat="49.120392" lon="8.580179"><ele>111.0</ele></trkpt>
      <trkpt lat="49.120604" lon="8.580448"><ele>110.8</ele></trkpt>
      <trkpt lat="49.120686" lon="8.580553"><ele>111.0</ele></trkpt>
      <trkpt lat="49.120980" lon="8.580888"><ele>111.0</ele></trkpt>
      <trkpt lat="49.121183" lon="8.581103"><ele>111.0</ele></trkpt>
      <trkpt lat="49.121372" lon="8.581267"><ele>111.0</ele></trkpt>
      <trkpt lat="49.121438" lon="8.581311"><ele>111.0</ele></trkpt>
      <trkpt lat="49.121717" lon="8.581493"><ele>110.8</ele></trkpt>
      <trkpt lat="49.121753" lon="8.581516"><ele>111.0</ele></trkpt>
      <trkpt lat="49.122073" lon="8.581734"><ele>111.0</ele></trkpt>
      <trkpt lat="49.122168" lon="8.581792"><ele>111.0</ele></trkpt>
      <trkpt lat="49.122243" lon="8.581863"><ele>111.0</ele></trkpt>
      <trkpt lat="49.122178" lon="8.582144"><ele>111.0</ele></trkpt>
      <trkpt lat="49.121762" lon="8.583934"><ele>111.0</ele></trkpt>
      <trkpt lat="49.121553" lon="8.584741"><ele>111.0</ele></trkpt>
      <trkpt lat="49.121555" lon="8.584868"><ele>111.0</ele></trkpt>
      <trkpt lat="49.121523" lon="8.584995"><ele>111.0</ele></trkpt>
      <trkpt lat="49.121466" lon="8.585145"><ele>111.0</ele></trkpt>
      <trkpt lat="49.121439" lon="8.585216"><ele>111.0</ele></trkpt>
      <trkpt lat="49.121447" lon="8.585277"><ele>111.0</ele></trkpt>
      <trkpt lat="49.121453" lon="8.585326"><ele>111.0</ele></trkpt>
      <trkpt lat="49.121354" lon="8.585432"><ele>111.0</ele></trkpt>
      <trkpt lat="49.121180" lon="8.585868"><ele>111.8</ele></trkpt>
      <trkpt lat="49.121100" lon="8.586058"><ele>112.0</ele></trkpt>
      <trkpt lat="49.120667" lon="8.587215"><ele>112.0</ele></trkpt>
      <trkpt lat="49.120573" lon="8.587477"><ele>112.0</ele></trkpt>
      <trkpt lat="49.120549" lon="8.587654"><ele>112.0</ele></trkpt>
      <trkpt lat="49.120401" lon="8.588026"><ele>112.5</ele></trkpt>
      <trkpt lat="49.120329" lon="8.588210"><ele>113.2</ele></trkpt>
      <trkpt lat="49.120078" lon="8.588821"><ele>114.8</ele></trkpt>
      <trkpt lat="49.119851" lon="8.589326"><ele>116.5</ele></trkpt>
      <trkpt lat="49.119835" lon="8.589539"><ele>116.8</ele></trkpt>
      <trkpt lat="49.119917" lon="8.589631"><ele>116.8</ele></trkpt>
      <trkpt lat="49.119996" lon="8.589700"><ele>116.8</ele></trkpt>
      <trkpt lat="49.120008" lon="8.589711"><ele>116.8</ele></trkpt>
      <trkpt lat="49.120188" lon="8.589863"><ele>116.2</ele></trkpt>
      <trkpt lat="49.120210" lon="8.589882"><ele>116.0</ele></trkpt>
      <trkpt lat="49.121273" lon="8.590690"><ele>114.5</ele></trkpt>
      <trkpt lat="49.121380" lon="8.590773"><ele>114.8</ele></trkpt>
      <trkpt lat="49.121491" lon="8.590860"><ele>114.5</ele></trkpt>
      <trkpt lat="49.121710" lon="8.591025"><ele>113.8</ele></trkpt>
      <trkpt lat="49.121886" lon="8.591158"><ele>114.0</ele></trkpt>
      <trkpt lat="49.122324" lon="8.591463"><ele>113.0</ele></trkpt>
      <trkpt lat="49.122979" lon="8.591984"><ele>112.0</ele></trkpt>
      <trkpt lat="49.123152" lon="8.592117"><ele>112.0</ele></trkpt>
      <trkpt lat="49.123273" lon="8.592214"><ele>112.0</ele></trkpt>
      <trkpt lat="49.123367" lon="8.592280"><ele>112.0</ele></trkpt>
      <trkpt lat="49.124175" lon="8.592870"><ele>117.0</ele></trkpt>
      <trkpt lat="49.124233" lon="8.592910"><ele>117.0</ele></trkpt>
      <trkpt lat="49.124271" lon="8.592936"><ele>117.0</ele></trkpt>
      <trkpt lat="49.124303" lon="8.592958"><ele>117.0</ele></trkpt>
      <trkpt lat="49.124331" lon="8.592978"><ele>117.0</ele></trkpt>
      <trkpt lat="49.124832" lon="8.593386"><ele>117.0</ele></trkpt>
      <trkpt lat="49.124789" lon="8.593534"><ele>117.0</ele></trkpt>
      <trkpt lat="49.124642" lon="8.594041"><ele>117.0</ele></trkpt>
      <trkpt lat="49.124570" lon="8.594256"><ele>117.0</ele></trkpt>
      <trkpt lat="49.124494" lon="8.594531"><ele>117.0</ele></trkpt>
      <trkpt lat="49.124484" lon="8.594623"><ele>117.0</ele></trkpt>
      <trkpt lat="49.124503" lon="8.594729"><ele>117.0</ele></trkpt>
      <trkpt lat="49.124674" lon="8.595200"><ele>118.0</ele></trkpt>
      <trkpt lat="49.124694" lon="8.595284"><ele>117.8</ele></trkpt>
      <trkpt lat="49.124692" lon="8.595344"><ele>118.0</ele></trkpt>
      <trkpt lat="49.124680" lon="8.595377"><ele>118.0</ele></trkpt>
      <trkpt lat="49.124513" lon="8.595732"><ele>118.0</ele></trkpt>
      <trkpt lat="49.124489" lon="8.595755"><ele>118.0</ele></trkpt>
      <trkpt lat="49.124469" lon="8.595853"><ele>118.0</ele></trkpt>
      <trkpt lat="49.124216" lon="8.596400"><ele>118.0</ele></trkpt>
      <trkpt lat="49.124171" lon="8.596499"><ele>118.0</ele></trkpt>
      <trkpt lat="49.123855" lon="8.597217"><ele>118.0</ele></trkpt>
      <trkpt lat="49.123578" lon="8.597825"><ele>117.8</ele></trkpt>
      <trkpt lat="49.123580" lon="8.597827"><ele>118.0</ele></trkpt>
      <trkpt lat="49.123578" lon="8.597825"><ele>117.8</ele></trkpt>
      <trkpt lat="49.123855" lon="8.597217"><ele>118.0</ele></trkpt>
      <trkpt lat="49.124171" lon="8.596499"><ele>118.0</ele></trkpt>
      <trkpt lat="49.124216" lon="8.596400"><ele>118.0</ele></trkpt>
      <trkpt lat="49.124255" lon="8.596441"><ele>118.0</ele></trkpt>
      <trkpt lat="49.124443" lon="8.596636"><ele>118.0</ele></trkpt>
      <trkpt lat="49.124633" lon="8.596834"><ele>118.0</ele></trkpt>
      <trkpt lat="49.124793" lon="8.597005"><ele>118.0</ele></trkpt>
      <trkpt lat="49.124940" lon="8.596719"><ele>118.0</ele></trkpt>
      <trkpt lat="49.125111" lon="8.596480"><ele>118.0</ele></trkpt>
      <trkpt lat="49.125322" lon="8.597042"><ele>119.0</ele></trkpt>
      <trkpt lat="49.125440" lon="8.597260"><ele>119.0</ele></trkpt>
      <trkpt lat="49.125475" lon="8.597310"><ele>119.0</ele></trkpt>
      <trkpt lat="49.125764" lon="8.597666"><ele>119.0</ele></trkpt>
      <trkpt lat="49.125987" lon="8.597888"><ele>119.0</ele></trkpt>
      <trkpt lat="49.126039" lon="8.597937"><ele>119.0</ele></trkpt>
      <trkpt lat="49.126617" lon="8.598295"><ele>119.8</ele></trkpt>
      <trkpt lat="49.126666" lon="8.598327"><ele>119.8</ele></trkpt>
      <trkpt lat="49.126711" lon="8.598405"><ele>120.2</ele></trkpt>
      <trkpt lat="49.126736" lon="8.598483"><ele>120.8</ele></trkpt>
      <trkpt lat="49.126750" lon="8.598550"><ele>121.0</ele></trkpt>
      <trkpt lat="49.126759" lon="8.598781"><ele>122.2</ele></trkpt>
      <trkpt lat="49.126736" lon="8.599038"><ele>123.5</ele></trkpt>
      <trkpt lat="49.126738" lon="8.599157"><ele>123.8</ele></trkpt>
      <trkpt lat="49.126780" lon="8.599289"><ele>124.2</ele></trkpt>
      <trkpt lat="49.126868" lon="8.599410"><ele>124.8</ele></trkpt>
      <trkpt lat="49.127108" lon="8.599572"><ele>125.2</ele></trkpt>
      <trkpt lat="49.127674" lon="8.599918"><ele>126.0</ele></trkpt>
      <trkpt lat="49.127872" lon="8.600027"><ele>126.0</ele></trkpt>
      <trkpt lat="49.127957" lon="8.600083"><ele>126.0</ele></trkpt>
      <trkpt lat="49.128013" lon="8.600142"><ele>126.0</ele></trkpt>
      <trkpt lat="49.128114" lon="8.600290"><ele>125.8</ele></trkpt>
      <trkpt lat="49.128180" lon="8.600348"><ele>125.8</ele></trkpt>
      <trkpt lat="49.128522" lon="8.600560"><ele>125.2</ele></trkpt>
      <trkpt lat="49.128787" lon="8.600708"><ele>124.5</ele></trkpt>
      <trkpt lat="49.129157" lon="8.600882"><ele>125.0</ele></trkpt>
      <trkpt lat="49.129192" lon="8.600883"><ele>125.0</ele></trkpt>
      <trkpt lat="49.129298" lon="8.600884"><ele>125.0</ele></trkpt>
      <trkpt lat="49.129438" lon="8.600864"><ele>125.0</ele></trkpt>
      <trkpt lat="49.129590" lon="8.600825"><ele>124.2</ele></trkpt>
      <trkpt lat="49.129703" lon="8.600771"><ele>124.0</ele></trkpt>
      <trkpt lat="49.129837" lon="8.600683"><ele>123.5</ele></trkpt>
      <trkpt lat="49.130003" lon="8.600545"><ele>122.8</ele></trkpt>
      <trkpt lat="49.130029" lon="8.600538"><ele>122.8</ele></trkpt>
      <trkpt lat="49.130118" lon="8.600528"><ele>122.5</ele></trkpt>
      <trkpt lat="49.130316" lon="8.600668"><ele>122.2</ele></trkpt>
      <trkpt lat="49.130886" lon="8.601041"><ele>121.5</ele></trkpt>
      <trkpt lat="49.131583" lon="8.601472"><ele>121.0</ele></trkpt>
      <trkpt lat="49.132045" lon="8.601758"><ele>121.0</ele></trkpt>
      <trkpt lat="49.132212" lon="8.601918"><ele>121.0</ele></trkpt>
      <trkpt lat="49.132316" lon="8.601973"><ele>121.0</ele></trkpt>
      <trkpt lat="49.132356" lon="8.601999"><ele>121.0</ele></trkpt>
      <trkpt lat="49.132421" lon="8.602039"><ele>121.0</ele></trkpt>
      <trkpt lat="49.132844" lon="8.602327"><ele>120.0</ele></trkpt>
      <trkpt lat="49.132934" lon="8.602382"><ele>120.0</ele></trkpt>
      <trkpt lat="49.133069" lon="8.602469"><ele>119.8</ele></trkpt>
      <trkpt lat="49.133121" lon="8.602504"><ele>119.8</ele></trkpt>
      <trkpt lat="49.133173" lon="8.602538"><ele>119.5</ele></trkpt>
      <trkpt lat="49.133302" lon="8.602590"><ele>119.2</ele></trkpt>
      <trkpt lat="49.133407" lon="8.602661"><ele>119.5</ele></trkpt>
      <trkpt lat="49.133511" lon="8.602731"><ele>119.8</ele></trkpt>
      <trkpt lat="49.134202" lon="8.603192"><ele>119.2</ele></trkpt>
      <trkpt lat="49.135045" lon="8.603736"><ele>120.2</ele></trkpt>
      <trkpt lat="49.135579" lon="8.604095"><ele>120.8</ele></trkpt>
      <trkpt lat="49.135841" lon="8.604270"><ele>120.8</ele></trkpt>
      <trkpt lat="49.136305" lon="8.604575"><ele>120.8</ele></trkpt>
      <trkpt lat="49.136610" lon="8.604776"><ele>120.2</ele></trkpt>
      <trkpt lat="49.137809" lon="8.605557"><ele>120.8</ele></trkpt>
      <trkpt lat="49.138615" lon="8.606090"><ele>120.8</ele></trkpt>
      <trkpt lat="49.140270" lon="8.607174"><ele>121.8</ele></trkpt>
      <trkpt lat="49.140394" lon="8.607255"><ele>121.2</ele></trkpt>
      <trkpt lat="49.141300" lon="8.607839"><ele>124.5</ele></trkpt>
      <trkpt lat="49.141488" lon="8.607961"><ele>125.5</ele></trkpt>
      <trkpt lat="49.141943" lon="8.608268"><ele>127.5</ele></trkpt>
      <trkpt lat="49.142364" lon="8.608550"><ele>127.5</ele></trkpt>
      <trkpt lat="49.142424" lon="8.608586"><ele>127.2</ele></trkpt>
      <trkpt lat="49.142463" lon="8.608615"><ele>127.2</ele></trkpt>
      <trkpt lat="49.142578" lon="8.608694"><ele>127.0</ele></trkpt>
      <trkpt lat="49.142736" lon="8.608798"><ele>126.8</ele></trkpt>
      <trkpt lat="49.142793" lon="8.608837"><ele>126.8</ele></trkpt>
      <trkpt lat="49.143451" lon="8.609299"><ele>126.5</ele></trkpt>
      <trkpt lat="49.143476" lon="8.609316"><ele>126.5</ele></trkpt>
      <trkpt lat="49.143737" lon="8.609514"><ele>126.2</ele></trkpt>
      <trkpt lat="49.143985" lon="8.609724"><ele>126.2</ele></trkpt>
      <trkpt lat="49.144107" lon="8.609838"><ele>126.5</ele></trkpt>
      <trkpt lat="49.144244" lon="8.609982"><ele>126.8</ele></trkpt>
      <trkpt lat="49.144372" lon="8.610130"><ele>126.5</ele></trkpt>
      <trkpt lat="49.144524" lon="8.610326"><ele>126.0</ele></trkpt>
      <trkpt lat="49.144677" lon="8.610544"><ele>124.8</ele></trkpt>
      <trkpt lat="49.144815" lon="8.610760"><ele>123.5</ele></trkpt>
      <trkpt lat="49.144920" lon="8.610942"><ele>123.5</ele></trkpt>
      <trkpt lat="49.145107" lon="8.611312"><ele>122.5</ele></trkpt>
      <trkpt lat="49.145280" lon="8.611725"><ele>120.0</ele></trkpt>
      <trkpt lat="49.145354" lon="8.611923"><ele>120.2</ele></trkpt>
      <trkpt lat="49.145430" lon="8.612135"><ele>120.5</ele></trkpt>
      <trkpt lat="49.145658" lon="8.612822"><ele>120.2</ele></trkpt>
      <trkpt lat="49.145833" lon="8.613361"><ele>120.0</ele></trkpt>
      <trkpt lat="49.145948" lon="8.613685"><ele>120.2</ele></trkpt>
      <trkpt lat="49.146072" lon="8.613991"><ele>120.5</ele></trkpt>
      <trkpt lat="49.146333" lon="8.614501"><ele>120.2</ele></trkpt>
      <trkpt lat="49.146540" lon="8.614845"><ele>120.2</ele></trkpt>
      <trkpt lat="49.146755" lon="8.615121"><ele>119.8</ele></trkpt>
      <trkpt lat="49.146976" lon="8.615356"><ele>120.0</ele></trkpt>
      <trkpt lat="49.147467" lon="8.615816"><ele>120.0</ele></trkpt>
      <trkpt lat="49.148665" lon="8.616892"><ele>116.5</ele></trkpt>
      <trkpt lat="49.148971" lon="8.617189"><ele>116.5</ele></trkpt>
      <trkpt lat="49.149139" lon="8.617366"><ele>116.5</ele></trkpt>
      <trkpt lat="49.149304" lon="8.617548"><ele>116.2</ele></trkpt>
      <trkpt lat="49.149460" lon="8.617744"><ele>116.5</ele></trkpt>
      <trkpt lat="49.149610" lon="8.617944"><ele>116.2</ele></trkpt>
      <trkpt lat="49.149803" lon="8.618223"><ele>116.8</ele></trkpt>
      <trkpt lat="49.149984" lon="8.618521"><ele>117.8</ele></trkpt>
      <trkpt lat="49.150240" lon="8.618973"><ele>120.8</ele></trkpt>
      <trkpt lat="49.150728" lon="8.619956"><ele>127.8</ele></trkpt>
      <trkpt lat="49.150890" lon="8.620247"><ele>129.5</ele></trkpt>
      <trkpt lat="49.151097" lon="8.620597"><ele>130.5</ele></trkpt>
      <trkpt lat="49.151324" lon="8.620937"><ele>131.2</ele></trkpt>
      <trkpt lat="49.151537" lon="8.621213"><ele>131.2</ele></trkpt>
      <trkpt lat="49.152145" lon="8.621940"><ele>129.5</ele></trkpt>
      <trkpt lat="49.154666" lon="8.624893"><ele>126.8</ele></trkpt>
      <trkpt lat="49.154860" lon="8.625146"><ele>125.8</ele></trkpt>
      <trkpt lat="49.155027" lon="8.625408"><ele>124.5</ele></trkpt>
      <trkpt lat="49.155374" lon="8.626037"><ele>122.5</ele></trkpt>
      <trkpt lat="49.155864" lon="8.626946"><ele>119.8</ele></trkpt>
      <trkpt lat="49.156243" lon="8.627573"><ele>118.2</ele></trkpt>
      <trkpt lat="49.156291" lon="8.627671"><ele>118.0</ele></trkpt>
      <trkpt lat="49.156338" lon="8.627790"><ele>117.8</ele></trkpt>
      <trkpt lat="49.156353" lon="8.627843"><ele>117.8</ele></trkpt>
      <trkpt lat="49.156371" lon="8.627908"><ele>117.5</ele></trkpt>
      <trkpt lat="49.156325" lon="8.627957"><ele>117.5</ele></trkpt>
      <trkpt lat="49.156300" lon="8.628033"><ele>117.2</ele></trkpt>
      <trkpt lat="49.156298" lon="8.628076"><ele>117.2</ele></trkpt>
      <trkpt lat="49.156302" lon="8.628119"><ele>117.0</ele></trkpt>
      <trkpt lat="49.156330" lon="8.628192"><ele>117.0</ele></trkpt>
      <trkpt lat="49.156353" lon="8.628219"><ele>117.0</ele></trkpt>
      <trkpt lat="49.156385" lon="8.628239"><ele>117.0</ele></trkpt>
      <trkpt lat="49.156426" lon="8.628242"><ele>117.0</ele></trkpt>
      <trkpt lat="49.156470" lon="8.628218"><ele>117.0</ele></trkpt>
      <trkpt lat="49.156505" lon="8.628168"><ele>117.0</ele></trkpt>
      <trkpt lat="49.156523" lon="8.628101"><ele>117.0</ele></trkpt>
      <trkpt lat="49.156570" lon="8.628110"><ele>117.0</ele></trkpt>
      <trkpt lat="49.156612" lon="8.628127"><ele>117.0</ele></trkpt>
      <trkpt lat="49.156744" lon="8.628267"><ele>116.8</ele></trkpt>
      <trkpt lat="49.157030" lon="8.628615"><ele>114.8</ele></trkpt>
      <trkpt lat="49.157280" lon="8.628892"><ele>114.0</ele></trkpt>
      <trkpt lat="49.157311" lon="8.628924"><ele>114.0</ele></trkpt>
      <trkpt lat="49.157430" lon="8.629052"><ele>114.0</ele></trkpt>
      <trkpt lat="49.157553" lon="8.629182"><ele>114.0</ele></trkpt>
      <trkpt lat="49.157603" lon="8.629232"><ele>114.0</ele></trkpt>
      <trkpt lat="49.157750" lon="8.629376"><ele>114.0</ele></trkpt>
      <trkpt lat="49.157845" lon="8.629475"><ele>114.0</ele></trkpt>
      <trkpt lat="49.157885" lon="8.629518"><ele>114.0</ele></trkpt>
      <trkpt lat="49.157927" lon="8.629567"><ele>114.0</ele></trkpt>
      <trkpt lat="49.158038" lon="8.629710"><ele>114.0</ele></trkpt>
      <trkpt lat="49.158142" lon="8.629857"><ele>114.0</ele></trkpt>
      <trkpt lat="49.158273" lon="8.630060"><ele>113.8</ele></trkpt>
      <trkpt lat="49.158410" lon="8.630343"><ele>114.0</ele></trkpt>
      <trkpt lat="49.158473" lon="8.630465"><ele>114.0</ele></trkpt>
      <trkpt lat="49.158707" lon="8.630950"><ele>115.0</ele></trkpt>
      <trkpt lat="49.158776" lon="8.631038"><ele>115.5</ele></trkpt>
      <trkpt lat="49.158850" lon="8.631092"><ele>115.8</ele></trkpt>
      <trkpt lat="49.158929" lon="8.631138"><ele>116.0</ele></trkpt>
      <trkpt lat="49.159192" lon="8.631090"><ele>116.0</ele></trkpt>
      <trkpt lat="49.159259" lon="8.631147"><ele>116.5</ele></trkpt>
      <trkpt lat="49.159312" lon="8.631215"><ele>117.0</ele></trkpt>
      <trkpt lat="49.159368" lon="8.631313"><ele>117.5</ele></trkpt>
      <trkpt lat="49.159529" lon="8.631637"><ele>118.8</ele></trkpt>
      <trkpt lat="49.159572" lon="8.631663"><ele>118.8</ele></trkpt>
      <trkpt lat="49.159628" lon="8.631645"><ele>118.8</ele></trkpt>
      <trkpt lat="49.159723" lon="8.631508"><ele>118.2</ele></trkpt>
      <trkpt lat="49.159803" lon="8.631394"><ele>118.0</ele></trkpt>
      <trkpt lat="49.159996" lon="8.631192"><ele>117.8</ele></trkpt>
      <trkpt lat="49.160194" lon="8.631004"><ele>117.8</ele></trkpt>
      <trkpt lat="49.160419" lon="8.630842"><ele>118.0</ele></trkpt>
      <trkpt lat="49.160592" lon="8.630742"><ele>118.0</ele></trkpt>
      <trkpt lat="49.160647" lon="8.630738"><ele>118.0</ele></trkpt>
      <trkpt lat="49.160709" lon="8.630734"><ele>118.2</ele></trkpt>
      <trkpt lat="49.160756" lon="8.630800"><ele>118.5</ele></trkpt>
      <trkpt lat="49.161031" lon="8.631193"><ele>119.5</ele></trkpt>
      <trkpt lat="49.161270" lon="8.631520"><ele>120.2</ele></trkpt>
      <trkpt lat="49.161612" lon="8.631939"><ele>121.8</ele></trkpt>
      <trkpt lat="49.161792" lon="8.632174"><ele>122.8</ele></trkpt>
      <trkpt lat="49.161968" lon="8.632426"><ele>123.0</ele></trkpt>
      <trkpt lat="49.162009" lon="8.632487"><ele>123.0</ele></trkpt>
      <trkpt lat="49.162052" lon="8.632548"><ele>123.0</ele></trkpt>
      <trkpt lat="49.162380" lon="8.633049"><ele>124.5</ele></trkpt>
      <trkpt lat="49.162577" lon="8.633299"><ele>125.2</ele></trkpt>
      <trkpt lat="49.162860" lon="8.633636"><ele>127.0</ele></trkpt>
      <trkpt lat="49.163178" lon="8.633957"><ele>127.0</ele></trkpt>
      <trkpt lat="49.163379" lon="8.634135"><ele>127.2</ele></trkpt>
      <trkpt lat="49.163615" lon="8.634324"><ele>129.0</ele></trkpt>
      <trkpt lat="49.164098" lon="8.634668"><ele>130.8</ele></trkpt>
      <trkpt lat="49.164209" lon="8.634744"><ele>131.2</ele></trkpt>
      <trkpt lat="49.164459" lon="8.634885"><ele>132.8</ele></trkpt>
      <trkpt lat="49.164727" lon="8.635032"><ele>132.0</ele></trkpt>
      <trkpt lat="49.165159" lon="8.635252"><ele>132.2</ele></trkpt>
      <trkpt lat="49.165386" lon="8.635352"><ele>131.8</ele></trkpt>
      <trkpt lat="49.165768" lon="8.635491"><ele>131.8</ele></trkpt>
      <trkpt lat="49.166092" lon="8.635600"><ele>131.2</ele></trkpt>
      <trkpt lat="49.166566" lon="8.635752"><ele>131.0</ele></trkpt>
      <trkpt lat="49.167270" lon="8.635973"><ele>129.2</ele></trkpt>
      <trkpt lat="49.167826" lon="8.636139"><ele>126.8</ele></trkpt>
      <trkpt lat="49.168751" lon="8.636455"><ele>126.5</ele></trkpt>
      <trkpt lat="49.169194" lon="8.636637"><ele>129.0</ele></trkpt>
      <trkpt lat="49.169669" lon="8.636864"><ele>131.5</ele></trkpt>
      <trkpt lat="49.170095" lon="8.637090"><ele>133.0</ele></trkpt>
      <trkpt lat="49.170473" lon="8.637334"><ele>132.0</ele></trkpt>
      <trkpt lat="49.170910" lon="8.637629"><ele>131.5</ele></trkpt>
      <trkpt lat="49.171433" lon="8.638042"><ele>130.5</ele></trkpt>
      <trkpt lat="49.172166" lon="8.638640"><ele>129.2</ele></trkpt>
      <trkpt lat="49.173720" lon="8.639944"><ele>126.2</ele></trkpt>
      <trkpt lat="49.174552" lon="8.640581"><ele>128.0</ele></trkpt>
      <trkpt lat="49.175889" lon="8.641258"><ele>130.0</ele></trkpt>
      <trkpt lat="49.176285" lon="8.641482"><ele>128.8</ele></trkpt>
      <trkpt lat="49.176785" lon="8.641811"><ele>128.0</ele></trkpt>
      <trkpt lat="49.177332" lon="8.642162"><ele>126.8</ele></trkpt>
      <trkpt lat="49.177407" lon="8.642210"><ele>126.5</ele></trkpt>
      <trkpt lat="49.177483" lon="8.642254"><ele>126.0</ele></trkpt>
      <trkpt lat="49.177522" lon="8.642275"><ele>126.0</ele></trkpt>
      <trkpt lat="49.177839" lon="8.642458"><ele>125.2</ele></trkpt>
      <trkpt lat="49.178018" lon="8.642542"><ele>124.2</ele></trkpt>
      <trkpt lat="49.178222" lon="8.642640"><ele>123.8</ele></trkpt>
      <trkpt lat="49.178299" lon="8.642678"><ele>123.8</ele></trkpt>
      <trkpt lat="49.178356" lon="8.642712"><ele>123.5</ele></trkpt>
      <trkpt lat="49.178377" lon="8.642724"><ele>123.5</ele></trkpt>
      <trkpt lat="49.178666" lon="8.642891"><ele>123.2</ele></trkpt>
      <trkpt lat="49.178787" lon="8.642971"><ele>123.2</ele></trkpt>
      <trkpt lat="49.178959" lon="8.643081"><ele>123.0</ele></trkpt>
      <trkpt lat="49.179028" lon="8.643140"><ele>123.2</ele></trkpt>
      <trkpt lat="49.179341" lon="8.643397"><ele>123.5</ele></trkpt>
      <trkpt lat="49.179375" lon="8.643424"><ele>123.2</ele></trkpt>
      <trkpt lat="49.179817" lon="8.643777"><ele>123.0</ele></trkpt>
      <trkpt lat="49.180702" lon="8.644395"><ele>120.2</ele></trkpt>
      <trkpt lat="49.180814" lon="8.644470"><ele>120.0</ele></trkpt>
      <trkpt lat="49.181485" lon="8.644893"><ele>117.8</ele></trkpt>
      <trkpt lat="49.181677" lon="8.645001"><ele>116.8</ele></trkpt>
      <trkpt lat="49.181904" lon="8.645120"><ele>116.5</ele></trkpt>
      <trkpt lat="49.182231" lon="8.645254"><ele>115.8</ele></trkpt>
      <trkpt lat="49.182323" lon="8.645282"><ele>115.5</ele></trkpt>
      <trkpt lat="49.182318" lon="8.645351"><ele>115.5</ele></trkpt>
      <trkpt lat="49.182327" lon="8.645384"><ele>115.5</ele></trkpt>
      <trkpt lat="49.182343" lon="8.645411"><ele>115.5</ele></trkpt>
      <trkpt lat="49.182364" lon="8.645428"><ele>115.2</ele></trkpt>
      <trkpt lat="49.182387" lon="8.645434"><ele>115.2</ele></trkpt>
      <trkpt lat="49.182410" lon="8.645428"><ele>115.2</ele></trkpt>
      <trkpt lat="49.182430" lon="8.645411"><ele>115.2</ele></trkpt>
      <trkpt lat="49.182446" lon="8.645384"><ele>115.0</ele></trkpt>
      <trkpt lat="49.182455" lon="8.645351"><ele>115.0</ele></trkpt>
      <trkpt lat="49.182541" lon="8.645373"><ele>114.8</ele></trkpt>
      <trkpt lat="49.183059" lon="8.645529"><ele>113.0</ele></trkpt>
      <trkpt lat="49.183148" lon="8.645554"><ele>113.0</ele></trkpt>
      <trkpt lat="49.183234" lon="8.645576"><ele>113.0</ele></trkpt>
      <trkpt lat="49.183497" lon="8.645646"><ele>113.5</ele></trkpt>
      <trkpt lat="49.183852" lon="8.645741"><ele>115.2</ele></trkpt>
      <trkpt lat="49.184192" lon="8.645830"><ele>116.8</ele></trkpt>
      <trkpt lat="49.184330" lon="8.645867"><ele>117.0</ele></trkpt>
      <trkpt lat="49.184576" lon="8.645928"><ele>117.2</ele></trkpt>
      <trkpt lat="49.185381" lon="8.646113"><ele>119.2</ele></trkpt>
      <trkpt lat="49.186045" lon="8.646279"><ele>120.8</ele></trkpt>
      <trkpt lat="49.186350" lon="8.646337"><ele>121.0</ele></trkpt>
      <trkpt lat="49.186454" lon="8.646345"><ele>120.8</ele></trkpt>
      <trkpt lat="49.186525" lon="8.646345"><ele>120.5</ele></trkpt>
      <trkpt lat="49.186716" lon="8.646316"><ele>120.0</ele></trkpt>
      <trkpt lat="49.186780" lon="8.646318"><ele>120.0</ele></trkpt>
      <trkpt lat="49.187053" lon="8.646317"><ele>120.2</ele></trkpt>
      <trkpt lat="49.187252" lon="8.646272"><ele>121.0</ele></trkpt>
      <trkpt lat="49.187535" lon="8.646200"><ele>120.8</ele></trkpt>
      <trkpt lat="49.187770" lon="8.646101"><ele>120.0</ele></trkpt>
      <trkpt lat="49.187995" lon="8.645990"><ele>119.5</ele></trkpt>
      <trkpt lat="49.188303" lon="8.645815"><ele>119.0</ele></trkpt>
      <trkpt lat="49.188635" lon="8.645553"><ele>119.0</ele></trkpt>
      <trkpt lat="49.188690" lon="8.645507"><ele>119.0</ele></trkpt>
      <trkpt lat="49.189582" lon="8.644714"><ele>118.8</ele></trkpt>
      <trkpt lat="49.190103" lon="8.644336"><ele>117.0</ele></trkpt>
      <trkpt lat="49.190504" lon="8.644107"><ele>117.8</ele></trkpt>
      <trkpt lat="49.191112" lon="8.643829"><ele>120.0</ele></trkpt>
      <trkpt lat="49.191475" lon="8.643722"><ele>122.0</ele></trkpt>
      <trkpt lat="49.192067" lon="8.643604"><ele>124.8</ele></trkpt>
      <trkpt lat="49.192417" lon="8.643578"><ele>126.5</ele></trkpt>
      <trkpt lat="49.192775" lon="8.643583"><ele>127.0</ele></trkpt>
      <trkpt lat="49.193106" lon="8.643614"><ele>127.0</ele></trkpt>
      <trkpt lat="49.193443" lon="8.643668"><ele>127.0</ele></trkpt>
      <trkpt lat="49.194158" lon="8.643866"><ele>127.0</ele></trkpt>
      <trkpt lat="49.194873" lon="8.644099"><ele>127.0</ele></trkpt>
      <trkpt lat="49.195586" lon="8.644347"><ele>125.8</ele></trkpt>
      <trkpt lat="49.196084" lon="8.644521"><ele>124.0</ele></trkpt>
      <trkpt lat="49.196618" lon="8.644722"><ele>122.0</ele></trkpt>
      <trkpt lat="49.196613" lon="8.644772"><ele>122.0</ele></trkpt>
      <trkpt lat="49.196617" lon="8.644822"><ele>122.0</ele></trkpt>
      <trkpt lat="49.196629" lon="8.644869"><ele>122.0</ele></trkpt>
      <trkpt lat="49.196648" lon="8.644909"><ele>122.0</ele></trkpt>
      <trkpt lat="49.196677" lon="8.644944"><ele>122.0</ele></trkpt>
      <trkpt lat="49.196711" lon="8.644966"><ele>122.0</ele></trkpt>
      <trkpt lat="49.196748" lon="8.644971"><ele>122.0</ele></trkpt>
      <trkpt lat="49.196781" lon="8.644962"><ele>122.0</ele></trkpt>
      <trkpt lat="49.196812" lon="8.644940"><ele>122.0</ele></trkpt>
      <trkpt lat="49.196838" lon="8.644906"><ele>122.0</ele></trkpt>
      <trkpt lat="49.196857" lon="8.644863"><ele>122.0</ele></trkpt>
      <trkpt lat="49.196868" lon="8.644814"><ele>122.0</ele></trkpt>
      <trkpt lat="49.196952" lon="8.644844"><ele>122.0</ele></trkpt>
      <trkpt lat="49.197110" lon="8.644904"><ele>122.0</ele></trkpt>
      <trkpt lat="49.197700" lon="8.645129"><ele>123.2</ele></trkpt>
      <trkpt lat="49.198241" lon="8.645322"><ele>123.2</ele></trkpt>
      <trkpt lat="49.198751" lon="8.645518"><ele>122.8</ele></trkpt>
      <trkpt lat="49.198996" lon="8.645620"><ele>122.5</ele></trkpt>
      <trkpt lat="49.199094" lon="8.645661"><ele>122.5</ele></trkpt>
      <trkpt lat="49.199369" lon="8.645772"><ele>122.0</ele></trkpt>
      <trkpt lat="49.199450" lon="8.645810"><ele>121.8</ele></trkpt>
      <trkpt lat="49.199733" lon="8.645961"><ele>121.2</ele></trkpt>
      <trkpt lat="49.200083" lon="8.646147"><ele>120.5</ele></trkpt>
      <trkpt lat="49.200396" lon="8.646314"><ele>120.5</ele></trkpt>
      <trkpt lat="49.200652" lon="8.646449"><ele>120.5</ele></trkpt>
      <trkpt lat="49.200818" lon="8.646535"><ele>120.0</ele></trkpt>
      <trkpt lat="49.201039" lon="8.646660"><ele>119.8</ele></trkpt>
      <trkpt lat="49.201140" lon="8.646724"><ele>119.8</ele></trkpt>
      <trkpt lat="49.201209" lon="8.646786"><ele>119.5</ele></trkpt>
      <trkpt lat="49.201300" lon="8.646873"><ele>119.2</ele></trkpt>
      <trkpt lat="49.201329" lon="8.646903"><ele>119.0</ele></trkpt>
      <trkpt lat="49.201540" lon="8.647124"><ele>118.5</ele></trkpt>
      <trkpt lat="49.201591" lon="8.647179"><ele>118.2</ele></trkpt>
      <trkpt lat="49.201754" lon="8.647382"><ele>118.0</ele></trkpt>
      <trkpt lat="49.201955" lon="8.647651"><ele>117.2</ele></trkpt>
      <trkpt lat="49.201993" lon="8.647708"><ele>117.2</ele></trkpt>
      <trkpt lat="49.202163" lon="8.647949"><ele>116.2</ele></trkpt>
      <trkpt lat="49.202247" lon="8.647984"><ele>115.8</ele></trkpt>
      <trkpt lat="49.202284" lon="8.647989"><ele>115.5</ele></trkpt>
      <trkpt lat="49.202329" lon="8.647994"><ele>115.5</ele></trkpt>
      <trkpt lat="49.202418" lon="8.647982"><ele>115.0</ele></trkpt>
      <trkpt lat="49.202493" lon="8.647971"><ele>114.5</ele></trkpt>
      <trkpt lat="49.202530" lon="8.647965"><ele>114.5</ele></trkpt>
      <trkpt lat="49.202889" lon="8.647879"><ele>115.0</ele></trkpt>
      <trkpt lat="49.203171" lon="8.647829"><ele>117.0</ele></trkpt>
      <trkpt lat="49.203269" lon="8.647817"><ele>117.5</ele></trkpt>
      <trkpt lat="49.203389" lon="8.647803"><ele>118.2</ele></trkpt>
      <trkpt lat="49.203516" lon="8.647798"><ele>118.5</ele></trkpt>
      <trkpt lat="49.204065" lon="8.647847"><ele>120.0</ele></trkpt>
      <trkpt lat="49.205013" lon="8.647983"><ele>120.0</ele></trkpt>
      <trkpt lat="49.205114" lon="8.648009"><ele>120.0</ele></trkpt>
      <trkpt lat="49.206165" lon="8.648310"><ele>122.8</ele></trkpt>
      <trkpt lat="49.206362" lon="8.648367"><ele>123.0</ele></trkpt>
      <trkpt lat="49.206390" lon="8.648375"><ele>123.0</ele></trkpt>
      <trkpt lat="49.206795" lon="8.648508"><ele>122.8</ele></trkpt>
      <trkpt lat="49.206962" lon="8.648563"><ele>122.8</ele></trkpt>
      <trkpt lat="49.207007" lon="8.648581"><ele>122.5</ele></trkpt>
      <trkpt lat="49.207304" lon="8.648684"><ele>122.0</ele></trkpt>
      <trkpt lat="49.207643" lon="8.648769"><ele>121.8</ele></trkpt>
      <trkpt lat="49.207919" lon="8.648855"><ele>121.8</ele></trkpt>
      <trkpt lat="49.208118" lon="8.648921"><ele>122.0</ele></trkpt>
      <trkpt lat="49.208183" lon="8.648944"><ele>122.0</ele></trkpt>
      <trkpt lat="49.208600" lon="8.649080"><ele>122.5</ele></trkpt>
      <trkpt lat="49.208984" lon="8.649231"><ele>123.2</ele></trkpt>
      <trkpt lat="49.209232" lon="8.649323"><ele>124.5</ele></trkpt>
      <trkpt lat="49.209427" lon="8.649396"><ele>124.8</ele></trkpt>
      <trkpt lat="49.209500" lon="8.649425"><ele>125.0</ele></trkpt>
      <trkpt lat="49.210236" lon="8.649733"><ele>125.0</ele></trkpt>
      <trkpt lat="49.211094" lon="8.650135"><ele>124.0</ele></trkpt>
      <trkpt lat="49.211655" lon="8.650392"><ele>123.2</ele></trkpt>
      <trkpt lat="49.212233" lon="8.650679"><ele>123.2</ele></trkpt>
      <trkpt lat="49.212669" lon="8.650895"><ele>123.5</ele></trkpt>
      <trkpt lat="49.213256" lon="8.651226"><ele>122.5</ele></trkpt>
      <trkpt lat="49.213938" lon="8.651630"><ele>121.5</ele></trkpt>
      <trkpt lat="49.214492" lon="8.651955"><ele>120.0</ele></trkpt>
      <trkpt lat="49.214647" lon="8.652038"><ele>120.0</ele></trkpt>
      <trkpt lat="49.214730" lon="8.652088"><ele>120.0</ele></trkpt>
      <trkpt lat="49.214725" lon="8.652144"><ele>120.0</ele></trkpt>
      <trkpt lat="49.214731" lon="8.652199"><ele>120.0</ele></trkpt>
      <trkpt lat="49.214747" lon="8.652250"><ele>120.0</ele></trkpt>
      <trkpt lat="49.214772" lon="8.652291"><ele>119.8</ele></trkpt>
      <trkpt lat="49.214804" lon="8.652320"><ele>120.0</ele></trkpt>
      <trkpt lat="49.214845" lon="8.652335"><ele>120.0</ele></trkpt>
      <trkpt lat="49.214888" lon="8.652328"><ele>120.0</ele></trkpt>
      <trkpt lat="49.214926" lon="8.652301"><ele>120.0</ele></trkpt>
      <trkpt lat="49.214957" lon="8.652255"><ele>120.0</ele></trkpt>
      <trkpt lat="49.214976" lon="8.652196"><ele>120.0</ele></trkpt>
      <trkpt lat="49.215070" lon="8.652237"><ele>119.5</ele></trkpt>
      <trkpt lat="49.215408" lon="8.652379"><ele>118.5</ele></trkpt>
      <trkpt lat="49.215674" lon="8.652488"><ele>117.5</ele></trkpt>
      <trkpt lat="49.216404" lon="8.652686"><ele>117.0</ele></trkpt>
      <trkpt lat="49.216736" lon="8.652732"><ele>117.8</ele></trkpt>
      <trkpt lat="49.217045" lon="8.652741"><ele>117.8</ele></trkpt>
      <trkpt lat="49.218171" lon="8.652696"><ele>114.5</ele></trkpt>
      <trkpt lat="49.218396" lon="8.652706"><ele>114.2</ele></trkpt>
      <trkpt lat="49.218617" lon="8.652746"><ele>113.8</ele></trkpt>
      <trkpt lat="49.218809" lon="8.652799"><ele>113.2</ele></trkpt>
      <trkpt lat="49.219024" lon="8.652875"><ele>113.5</ele></trkpt>
      <trkpt lat="49.219062" lon="8.652892"><ele>113.8</ele></trkpt>
      <trkpt lat="49.219179" lon="8.652942"><ele>114.0</ele></trkpt>
      <trkpt lat="49.219272" lon="8.652978"><ele>114.0</ele></trkpt>
      <trkpt lat="49.219341" lon="8.653004"><ele>114.0</ele></trkpt>
      <trkpt lat="49.219368" lon="8.653014"><ele>114.0</ele></trkpt>
      <trkpt lat="49.219810" lon="8.653167"><ele>114.0</ele></trkpt>
      <trkpt lat="49.220074" lon="8.653245"><ele>114.0</ele></trkpt>
      <trkpt lat="49.220485" lon="8.653315"><ele>113.8</ele></trkpt>
      <trkpt lat="49.220581" lon="8.653312"><ele>113.8</ele></trkpt>
      <trkpt lat="49.220683" lon="8.653306"><ele>113.2</ele></trkpt>
      <trkpt lat="49.221165" lon="8.653240"><ele>112.2</ele></trkpt>
      <trkpt lat="49.221565" lon="8.653198"><ele>112.5</ele></trkpt>
      <trkpt lat="49.221837" lon="8.653198"><ele>111.5</ele></trkpt>
      <trkpt lat="49.222120" lon="8.653206"><ele>111.0</ele></trkpt>
      <trkpt lat="49.222368" lon="8.653240"><ele>111.0</ele></trkpt>
      <trkpt lat="49.222477" lon="8.653269"><ele>111.0</ele></trkpt>
      <trkpt lat="49.222508" lon="8.653283"><ele>111.0</ele></trkpt>
      <trkpt lat="49.222707" lon="8.653383"><ele>111.0</ele></trkpt>
      <trkpt lat="49.223067" lon="8.653594"><ele>112.0</ele></trkpt>
      <trkpt lat="49.223418" lon="8.653819"><ele>112.8</ele></trkpt>
      <trkpt lat="49.223617" lon="8.653942"><ele>113.0</ele></trkpt>
      <trkpt lat="49.224046" lon="8.654242"><ele>112.5</ele></trkpt>
      <trkpt lat="49.224271" lon="8.654399"><ele>112.2</ele></trkpt>
      <trkpt lat="49.224533" lon="8.654582"><ele>112.5</ele></trkpt>
      <trkpt lat="49.224607" lon="8.654634"><ele>112.2</ele></trkpt>
      <trkpt lat="49.224591" lon="8.654692"><ele>112.8</ele></trkpt>
      <trkpt lat="49.224588" lon="8.654754"><ele>113.0</ele></trkpt>
      <trkpt lat="49.224596" lon="8.654815"><ele>113.2</ele></trkpt>
      <trkpt lat="49.224616" lon="8.654870"><ele>113.5</ele></trkpt>
      <trkpt lat="49.224646" lon="8.654913"><ele>113.5</ele></trkpt>
      <trkpt lat="49.224683" lon="8.654940"><ele>113.5</ele></trkpt>
      <trkpt lat="49.224720" lon="8.654950"><ele>113.5</ele></trkpt>
      <trkpt lat="49.224758" lon="8.654943"><ele>113.2</ele></trkpt>
      <trkpt lat="49.224794" lon="8.654920"><ele>113.0</ele></trkpt>
      <trkpt lat="49.224823" lon="8.654883"><ele>112.8</ele></trkpt>
      <trkpt lat="49.224845" lon="8.654834"><ele>112.2</ele></trkpt>
      <trkpt lat="49.224927" lon="8.654898"><ele>112.5</ele></trkpt>
      <trkpt lat="49.225186" lon="8.655098"><ele>112.5</ele></trkpt>
      <trkpt lat="49.225472" lon="8.655287"><ele>113.2</ele></trkpt>
      <trkpt lat="49.225670" lon="8.655391"><ele>113.0</ele></trkpt>
      <trkpt lat="49.225824" lon="8.655446"><ele>113.0</ele></trkpt>
      <trkpt lat="49.226103" lon="8.655503"><ele>113.5</ele></trkpt>
      <trkpt lat="49.226434" lon="8.655512"><ele>113.5</ele></trkpt>
      <trkpt lat="49.226638" lon="8.655495"><ele>113.5</ele></trkpt>
      <trkpt lat="49.226909" lon="8.655428"><ele>113.0</ele></trkpt>
      <trkpt lat="49.227366" lon="8.655214"><ele>112.0</ele></trkpt>
      <trkpt lat="49.227677" lon="8.655076"><ele>111.2</ele></trkpt>
      <trkpt lat="49.227757" lon="8.655048"><ele>111.0</ele></trkpt>
      <trkpt lat="49.227805" lon="8.655038"><ele>111.0</ele></trkpt>
      <trkpt lat="49.228026" lon="8.654981"><ele>111.8</ele></trkpt>
      <trkpt lat="49.228387" lon="8.654927"><ele>111.5</ele></trkpt>
      <trkpt lat="49.229639" lon="8.654915"><ele>112.5</ele></trkpt>
      <trkpt lat="49.229981" lon="8.654983"><ele>112.8</ele></trkpt>
      <trkpt lat="49.230378" lon="8.655082"><ele>113.0</ele></trkpt>
      <trkpt lat="49.230644" lon="8.655140"><ele>112.8</ele></trkpt>
      <trkpt lat="49.230738" lon="8.655145"><ele>112.5</ele></trkpt>
      <trkpt lat="49.230824" lon="8.655150"><ele>112.5</ele></trkpt>
      <trkpt lat="49.231112" lon="8.655144"><ele>113.0</ele></trkpt>
      <trkpt lat="49.231955" lon="8.655051"><ele>115.0</ele></trkpt>
      <trkpt lat="49.233363" lon="8.654876"><ele>120.0</ele></trkpt>
      <trkpt lat="49.233569" lon="8.654873"><ele>120.2</ele></trkpt>
      <trkpt lat="49.233774" lon="8.654894"><ele>120.8</ele></trkpt>
      <trkpt lat="49.234541" lon="8.655088"><ele>122.2</ele></trkpt>
      <trkpt lat="49.234791" lon="8.655134"><ele>122.5</ele></trkpt>
      <trkpt lat="49.235149" lon="8.655162"><ele>123.0</ele></trkpt>
      <trkpt lat="49.235204" lon="8.655163"><ele>123.0</ele></trkpt>
      <trkpt lat="49.235809" lon="8.655179"><ele>122.2</ele></trkpt>
      <trkpt lat="49.236194" lon="8.655228"><ele>121.8</ele></trkpt>
      <trkpt lat="49.236475" lon="8.655294"><ele>121.8</ele></trkpt>
      <trkpt lat="49.236813" lon="8.655424"><ele>122.0</ele></trkpt>
      <trkpt lat="49.238064" lon="8.656011"><ele>119.5</ele></trkpt>
      <trkpt lat="49.238189" lon="8.656063"><ele>119.8</ele></trkpt>
      <trkpt lat="49.238955" lon="8.656370"><ele>121.5</ele></trkpt>
      <trkpt lat="49.239155" lon="8.656467"><ele>121.2</ele></trkpt>
      <trkpt lat="49.239462" lon="8.656639"><ele>120.8</ele></trkpt>
      <trkpt lat="49.239947" lon="8.656950"><ele>120.0</ele></trkpt>
      <trkpt lat="49.240358" lon="8.657235"><ele>119.5</ele></trkpt>
      <trkpt lat="49.240987" lon="8.657699"><ele>119.2</ele></trkpt>
      <trkpt lat="49.241072" lon="8.657758"><ele>119.0</ele></trkpt>
      <trkpt lat="49.241225" lon="8.657850"><ele>118.8</ele></trkpt>
      <trkpt lat="49.241378" lon="8.657927"><ele>118.5</ele></trkpt>
      <trkpt lat="49.241701" lon="8.658062"><ele>117.8</ele></trkpt>
      <trkpt lat="49.241934" lon="8.658147"><ele>117.2</ele></trkpt>
      <trkpt lat="49.242096" lon="8.658216"><ele>117.5</ele></trkpt>
      <trkpt lat="49.242266" lon="8.658388"><ele>118.2</ele></trkpt>
      <trkpt lat="49.242799" lon="8.658730"><ele>119.8</ele></trkpt>
      <trkpt lat="49.242841" lon="8.658766"><ele>120.0</ele></trkpt>
      <trkpt lat="49.242961" lon="8.658871"><ele>120.0</ele></trkpt>
      <trkpt lat="49.243035" lon="8.658935"><ele>120.0</ele></trkpt>
      <trkpt lat="49.243227" lon="8.659103"><ele>120.8</ele></trkpt>
      <trkpt lat="49.243487" lon="8.659337"><ele>121.0</ele></trkpt>
      <trkpt lat="49.243905" lon="8.659596"><ele>121.5</ele></trkpt>
      <trkpt lat="49.244133" lon="8.659760"><ele>122.0</ele></trkpt>
      <trkpt lat="49.244299" lon="8.659925"><ele>122.2</ele></trkpt>
      <trkpt lat="49.245081" lon="8.660810"><ele>124.2</ele></trkpt>
      <trkpt lat="49.245327" lon="8.661065"><ele>125.8</ele></trkpt>
      <trkpt lat="49.245774" lon="8.661474"><ele>126.2</ele></trkpt>
      <trkpt lat="49.246395" lon="8.661962"><ele>126.0</ele></trkpt>
      <trkpt lat="49.247061" lon="8.662527"><ele>126.0</ele></trkpt>
      <trkpt lat="49.247168" lon="8.662618"><ele>126.2</ele></trkpt>
      <trkpt lat="49.248717" lon="8.663742"><ele>130.0</ele></trkpt>
      <trkpt lat="49.249312" lon="8.664111"><ele>128.5</ele></trkpt>
      <trkpt lat="49.249508" lon="8.664186"><ele>127.5</ele></trkpt>
      <trkpt lat="49.250243" lon="8.664342"><ele>126.5</ele></trkpt>
      <trkpt lat="49.250601" lon="8.664422"><ele>126.8</ele></trkpt>
      <trkpt lat="49.251406" lon="8.664655"><ele>125.5</ele></trkpt>
      <trkpt lat="49.251696" lon="8.664785"><ele>124.0</ele></trkpt>
      <trkpt lat="49.252360" lon="8.665104"><ele>123.5</ele></trkpt>
      <trkpt lat="49.252975" lon="8.665440"><ele>124.8</ele></trkpt>
      <trkpt lat="49.253371" lon="8.665736"><ele>126.5</ele></trkpt>
      <trkpt lat="49.253570" lon="8.665906"><ele>126.2</ele></trkpt>
      <trkpt lat="49.253796" lon="8.666115"><ele>126.2</ele></trkpt>
      <trkpt lat="49.254460" lon="8.666787"><ele>125.2</ele></trkpt>
      <trkpt lat="49.254880" lon="8.667197"><ele>125.2</ele></trkpt>
      <trkpt lat="49.255263" lon="8.667552"><ele>126.0</ele></trkpt>
      <trkpt lat="49.255564" lon="8.667810"><ele>125.0</ele></trkpt>
      <trkpt lat="49.255749" lon="8.667940"><ele>124.8</ele></trkpt>
      <trkpt lat="49.256163" lon="8.668130"><ele>123.8</ele></trkpt>
      <trkpt lat="49.256412" lon="8.668215"><ele>122.8</ele></trkpt>
      <trkpt lat="49.256686" lon="8.668289"><ele>122.8</ele></trkpt>
      <trkpt lat="49.256974" lon="8.668342"><ele>122.0</ele></trkpt>
      <trkpt lat="49.257430" lon="8.668364"><ele>122.0</ele></trkpt>
      <trkpt lat="49.257765" lon="8.668337"><ele>121.0</ele></trkpt>
      <trkpt lat="49.258018" lon="8.668296"><ele>121.0</ele></trkpt>
      <trkpt lat="49.258289" lon="8.668206"><ele>120.5</ele></trkpt>
      <trkpt lat="49.258558" lon="8.668103"><ele>120.0</ele></trkpt>
      <trkpt lat="49.258778" lon="8.667987"><ele>119.2</ele></trkpt>
      <trkpt lat="49.259369" lon="8.667641"><ele>117.5</ele></trkpt>
      <trkpt lat="49.259623" lon="8.667506"><ele>117.0</ele></trkpt>
      <trkpt lat="49.259881" lon="8.667389"><ele>117.0</ele></trkpt>
      <trkpt lat="49.260060" lon="8.667331"><ele>116.8</ele></trkpt>
      <trkpt lat="49.260203" lon="8.667286"><ele>116.2</ele></trkpt>
      <trkpt lat="49.260302" lon="8.667264"><ele>116.0</ele></trkpt>
      <trkpt lat="49.260360" lon="8.667255"><ele>116.2</ele></trkpt>
      <trkpt lat="49.260507" lon="8.667214"><ele>116.8</ele></trkpt>
      <trkpt lat="49.260722" lon="8.667169"><ele>116.5</ele></trkpt>
      <trkpt lat="49.260939" lon="8.667143"><ele>116.5</ele></trkpt>
      <trkpt lat="49.261077" lon="8.667144"><ele>116.5</ele></trkpt>
      <trkpt lat="49.261317" lon="8.667189"><ele>116.8</ele></trkpt>
      <trkpt lat="49.261811" lon="8.667300"><ele>116.8</ele></trkpt>
      <trkpt lat="49.262441" lon="8.667436"><ele>115.8</ele></trkpt>
      <trkpt lat="49.263721" lon="8.667632"><ele>112.2</ele></trkpt>
      <trkpt lat="49.264271" lon="8.667677"><ele>110.2</ele></trkpt>
      <trkpt lat="49.264676" lon="8.667697"><ele>109.8</ele></trkpt>
      <trkpt lat="49.265303" lon="8.667679"><ele>109.2</ele></trkpt>
      <trkpt lat="49.266179" lon="8.667638"><ele>107.2</ele></trkpt>
      <trkpt lat="49.267370" lon="8.667512"><ele>107.0</ele></trkpt>
      <trkpt lat="49.267784" lon="8.667440"><ele>107.0</ele></trkpt>
      <trkpt lat="49.267941" lon="8.667540"><ele>107.0</ele></trkpt>
      <trkpt lat="49.267960" lon="8.667570"><ele>107.0</ele></trkpt>
      <trkpt lat="49.268033" lon="8.667666"><ele>107.0</ele></trkpt>
      <trkpt lat="49.268133" lon="8.667900"><ele>107.0</ele></trkpt>
      <trkpt lat="49.268196" lon="8.668163"><ele>107.0</ele></trkpt>
      <trkpt lat="49.268307" lon="8.668524"><ele>107.0</ele></trkpt>
      <trkpt lat="49.268418" lon="8.668790"><ele>108.0</ele></trkpt>
      <trkpt lat="49.268547" lon="8.669027"><ele>110.5</ele></trkpt>
      <trkpt lat="49.268751" lon="8.669345"><ele>113.0</ele></trkpt>
      <trkpt lat="49.268937" lon="8.669578"><ele>114.0</ele></trkpt>
      <trkpt lat="49.269252" lon="8.669852"><ele>112.8</ele></trkpt>
      <trkpt lat="49.269589" lon="8.670021"><ele>111.5</ele></trkpt>
      <trkpt lat="49.270130" lon="8.670239"><ele>111.8</ele></trkpt>
      <trkpt lat="49.271206" lon="8.670672"><ele>112.2</ele></trkpt>
      <trkpt lat="49.271927" lon="8.671049"><ele>110.8</ele></trkpt>
      <trkpt lat="49.272134" lon="8.671188"><ele>110.2</ele></trkpt>
      <trkpt lat="49.272766" lon="8.671645"><ele>110.0</ele></trkpt>
      <trkpt lat="49.273115" lon="8.671942"><ele>110.0</ele></trkpt>
      <trkpt lat="49.273437" lon="8.672266"><ele>111.2</ele></trkpt>
      <trkpt lat="49.273685" lon="8.672563"><ele>112.2</ele></trkpt>
      <trkpt lat="49.274134" lon="8.673073"><ele>113.8</ele></trkpt>
      <trkpt lat="49.274245" lon="8.673213"><ele>114.0</ele></trkpt>
      <trkpt lat="49.274257" lon="8.673229"><ele>114.0</ele></trkpt>
      <trkpt lat="49.274591" lon="8.673651"><ele>115.0</ele></trkpt>
      <trkpt lat="49.274943" lon="8.674125"><ele>116.0</ele></trkpt>
      <trkpt lat="49.276160" lon="8.675726"><ele>117.5</ele></trkpt>
      <trkpt lat="49.276509" lon="8.676212"><ele>119.0</ele></trkpt>
      <trkpt lat="49.276888" lon="8.676727"><ele>120.0</ele></trkpt>
      <trkpt lat="49.277555" lon="8.677606"><ele>121.2</ele></trkpt>
      <trkpt lat="49.279389" lon="8.680052"><ele>124.0</ele></trkpt>
      <trkpt lat="49.279691" lon="8.680444"><ele>124.0</ele></trkpt>
      <trkpt lat="49.281704" lon="8.683131"><ele>124.8</ele></trkpt>
      <trkpt lat="49.281967" lon="8.683491"><ele>124.8</ele></trkpt>
      <trkpt lat="49.282183" lon="8.683787"><ele>124.8</ele></trkpt>
      <trkpt lat="49.282361" lon="8.684028"><ele>124.8</ele></trkpt>
      <trkpt lat="49.282513" lon="8.684291"><ele>124.8</ele></trkpt>
      <trkpt lat="49.282602" lon="8.684462"><ele>124.5</ele></trkpt>
      <trkpt lat="49.282761" lon="8.684770"><ele>125.0</ele></trkpt>
      <trkpt lat="49.282864" lon="8.685000"><ele>124.5</ele></trkpt>
      <trkpt lat="49.282949" lon="8.685220"><ele>124.2</ele></trkpt>
      <trkpt lat="49.283026" lon="8.685444"><ele>124.5</ele></trkpt>
      <trkpt lat="49.283242" lon="8.686071"><ele>124.2</ele></trkpt>
      <trkpt lat="49.283475" lon="8.686757"><ele>123.8</ele></trkpt>
      <trkpt lat="49.283856" lon="8.687905"><ele>123.0</ele></trkpt>
      <trkpt lat="49.284112" lon="8.688676"><ele>121.0</ele></trkpt>
      <trkpt lat="49.284295" lon="8.689208"><ele>120.8</ele></trkpt>
      <trkpt lat="49.284428" lon="8.689614"><ele>120.0</ele></trkpt>
      <trkpt lat="49.284769" lon="8.690668"><ele>119.8</ele></trkpt>
      <trkpt lat="49.284823" lon="8.690854"><ele>119.5</ele></trkpt>
      <trkpt lat="49.284946" lon="8.691347"><ele>119.0</ele></trkpt>
      <trkpt lat="49.285143" lon="8.692229"><ele>119.0</ele></trkpt>
      <trkpt lat="49.285329" lon="8.693172"><ele>119.0</ele></trkpt>
      <trkpt lat="49.285425" lon="8.693669"><ele>120.0</ele></trkpt>
      <trkpt lat="49.285519" lon="8.693694"><ele>120.2</ele></trkpt>
      <trkpt lat="49.285648" lon="8.693687"><ele>120.5</ele></trkpt>
      <trkpt lat="49.285826" lon="8.693602"><ele>120.8</ele></trkpt>
      <trkpt lat="49.286136" lon="8.693595"><ele>121.0</ele></trkpt>
      <trkpt lat="49.286287" lon="8.693607"><ele>121.5</ele></trkpt>
      <trkpt lat="49.286570" lon="8.693680"><ele>123.5</ele></trkpt>
      <trkpt lat="49.286777" lon="8.693761"><ele>124.5</ele></trkpt>
      <trkpt lat="49.286974" lon="8.693864"><ele>125.0</ele></trkpt>
      <trkpt lat="49.287098" lon="8.693947"><ele>125.0</ele></trkpt>
      <trkpt lat="49.287201" lon="8.694018"><ele>125.0</ele></trkpt>
      <trkpt lat="49.287715" lon="8.694410"><ele>125.8</ele></trkpt>
      <trkpt lat="49.287945" lon="8.694602"><ele>125.2</ele></trkpt>
      <trkpt lat="49.288226" lon="8.694853"><ele>125.0</ele></trkpt>
      <trkpt lat="49.288666" lon="8.695289"><ele>125.0</ele></trkpt>
      <trkpt lat="49.288980" lon="8.695604"><ele>126.0</ele></trkpt>
      <trkpt lat="49.289046" lon="8.695674"><ele>126.0</ele></trkpt>
      <trkpt lat="49.289118" lon="8.695734"><ele>126.5</ele></trkpt>
      <trkpt lat="49.289094" lon="8.695797"><ele>126.5</ele></trkpt>
      <trkpt lat="49.289089" lon="8.695833"><ele>126.5</ele></trkpt>
      <trkpt lat="49.289097" lon="8.695905"><ele>126.5</ele></trkpt>
      <trkpt lat="49.289110" lon="8.695937"><ele>126.8</ele></trkpt>
      <trkpt lat="49.289145" lon="8.695983"><ele>126.8</ele></trkpt>
      <trkpt lat="49.289191" lon="8.696000"><ele>127.0</ele></trkpt>
      <trkpt lat="49.289237" lon="8.695984"><ele>127.0</ele></trkpt>
      <trkpt lat="49.289273" lon="8.695938"><ele>127.0</ele></trkpt>
      <trkpt lat="49.289285" lon="8.695907"><ele>127.0</ele></trkpt>
      <trkpt lat="49.289353" lon="8.695974"><ele>127.2</ele></trkpt>
      <trkpt lat="49.289437" lon="8.696050"><ele>127.8</ele></trkpt>
      <trkpt lat="49.289520" lon="8.696135"><ele>128.0</ele></trkpt>
      <trkpt lat="49.289710" lon="8.696324"><ele>128.0</ele></trkpt>
      <trkpt lat="49.290245" lon="8.696955"><ele>129.0</ele></trkpt>
      <trkpt lat="49.290301" lon="8.697017"><ele>128.8</ele></trkpt>
      <trkpt lat="49.290493" lon="8.697231"><ele>128.0</ele></trkpt>
      <trkpt lat="49.290596" lon="8.697319"><ele>127.8</ele></trkpt>
      <trkpt lat="49.290697" lon="8.697370"><ele>127.2</ele></trkpt>
      <trkpt lat="49.290783" lon="8.697399"><ele>127.0</ele></trkpt>
      <trkpt lat="49.290974" lon="8.697404"><ele>126.2</ele></trkpt>
      <trkpt lat="49.291008" lon="8.697402"><ele>126.2</ele></trkpt>
      <trkpt lat="49.291094" lon="8.697391"><ele>126.0</ele></trkpt>
      <trkpt lat="49.291106" lon="8.697439"><ele>126.0</ele></trkpt>
      <trkpt lat="49.291126" lon="8.697480"><ele>125.8</ele></trkpt>
      <trkpt lat="49.291153" lon="8.697509"><ele>125.8</ele></trkpt>
      <trkpt lat="49.291184" lon="8.697525"><ele>125.5</ele></trkpt>
      <trkpt lat="49.291219" lon="8.697525"><ele>125.5</ele></trkpt>
      <trkpt lat="49.291252" lon="8.697508"><ele>125.2</ele></trkpt>
      <trkpt lat="49.291280" lon="8.697477"><ele>125.2</ele></trkpt>
      <trkpt lat="49.291300" lon="8.697433"><ele>125.2</ele></trkpt>
      <trkpt lat="49.291310" lon="8.697383"><ele>125.2</ele></trkpt>
      <trkpt lat="49.291381" lon="8.697406"><ele>125.0</ele></trkpt>
      <trkpt lat="49.291397" lon="8.697409"><ele>124.8</ele></trkpt>
      <trkpt lat="49.291526" lon="8.697433"><ele>124.5</ele></trkpt>
      <trkpt lat="49.291773" lon="8.697434"><ele>123.5</ele></trkpt>
      <trkpt lat="49.292148" lon="8.697426"><ele>122.2</ele></trkpt>
      <trkpt lat="49.292272" lon="8.697425"><ele>122.0</ele></trkpt>
      <trkpt lat="49.292779" lon="8.697425"><ele>120.8</ele></trkpt>
      <trkpt lat="49.292938" lon="8.697439"><ele>120.8</ele></trkpt>
      <trkpt lat="49.293027" lon="8.697449"><ele>120.8</ele></trkpt>
      <trkpt lat="49.293306" lon="8.697450"><ele>120.8</ele></trkpt>
      <trkpt lat="49.293434" lon="8.697437"><ele>122.0</ele></trkpt>
      <trkpt lat="49.293447" lon="8.697436"><ele>122.0</ele></trkpt>
      <trkpt lat="49.293467" lon="8.697435"><ele>122.2</ele></trkpt>
      <trkpt lat="49.293698" lon="8.697411"><ele>124.0</ele></trkpt>
      <trkpt lat="49.293686" lon="8.697734"><ele>124.2</ele></trkpt>
      <trkpt lat="49.293699" lon="8.697959"><ele>124.5</ele></trkpt>
      <trkpt lat="49.293752" lon="8.698353"><ele>126.0</ele></trkpt>
      <trkpt lat="49.293749" lon="8.698465"><ele>126.0</ele></trkpt>
      <trkpt lat="49.293737" lon="8.698911"><ele>125.8</ele></trkpt>
      <trkpt lat="49.293740" lon="8.698910"><ele>126.2</ele></trkpt>
      <trkpt lat="49.293737" lon="8.698911"><ele>125.8</ele></trkpt>
      <trkpt lat="49.293732" lon="8.699092"><ele>125.8</ele></trkpt>
      <trkpt lat="49.293729" lon="8.699210"><ele>125.8</ele></trkpt>
      <trkpt lat="49.293743" lon="8.699263"><ele>125.8</ele></trkpt>
      <trkpt lat="49.293603" lon="8.699268"><ele>124.5</ele></trkpt>
      <trkpt lat="49.293543" lon="8.699271"><ele>123.8</ele></trkpt>
      <trkpt lat="49.293412" lon="8.699294"><ele>122.5</ele></trkpt>
      <trkpt lat="49.293370" lon="8.699298"><ele>122.2</ele></trkpt>
      <trkpt lat="49.293237" lon="8.699310"><ele>121.8</ele></trkpt>
      <trkpt lat="49.293114" lon="8.699325"><ele>121.5</ele></trkpt>
      <trkpt lat="49.293208" lon="8.699888"><ele>122.0</ele></trkpt>
      <trkpt lat="49.293211" lon="8.699902"><ele>122.0</ele></trkpt>
      <trkpt lat="49.293290" lon="8.700367"><ele>122.2</ele></trkpt>
      <trkpt lat="49.293312" lon="8.700497"><ele>122.8</ele></trkpt>
      <trkpt lat="49.293396" lon="8.700967"><ele>123.0</ele></trkpt>
      <trkpt lat="49.293363" lon="8.701190"><ele>123.2</ele></trkpt>
      <trkpt lat="49.293353" lon="8.701236"><ele>123.2</ele></trkpt>
      <trkpt lat="49.293333" lon="8.701351"><ele>123.8</ele></trkpt>
      <trkpt lat="49.293347" lon="8.701492"><ele>123.8</ele></trkpt>
      <trkpt lat="49.293379" lon="8.701501"><ele>123.8</ele></trkpt>
      <trkpt lat="49.293716" lon="8.701690"><ele>123.0</ele></trkpt>
      <trkpt lat="49.293874" lon="8.701796"><ele>123.0</ele></trkpt>
      <trkpt lat="49.294195" lon="8.702054"><ele>123.0</ele></trkpt>
      <trkpt lat="49.294273" lon="8.702120"><ele>123.0</ele></trkpt>
      <trkpt lat="49.294312" lon="8.702152"><ele>123.0</ele></trkpt>
      <trkpt lat="49.294385" lon="8.702209"><ele>123.0</ele></trkpt>
      <trkpt lat="49.294439" lon="8.702222"><ele>123.0</ele></trkpt>
      <trkpt lat="49.294481" lon="8.702218"><ele>123.2</ele></trkpt>
      <trkpt lat="49.294545" lon="8.702194"><ele>123.8</ele></trkpt>
      <trkpt lat="49.294668" lon="8.702114"><ele>124.8</ele></trkpt>
      <trkpt lat="49.294825" lon="8.701969"><ele>126.2</ele></trkpt>
      <trkpt lat="49.294895" lon="8.701915"><ele>126.5</ele></trkpt>
      <trkpt lat="49.295229" lon="8.701653"><ele>128.8</ele></trkpt>
      <trkpt lat="49.295301" lon="8.701597"><ele>129.2</ele></trkpt>
      <trkpt lat="49.295438" lon="8.701534"><ele>130.0</ele></trkpt>
      <trkpt lat="49.295508" lon="8.701523"><ele>130.2</ele></trkpt>
      <trkpt lat="49.295603" lon="8.701494"><ele>130.8</ele></trkpt>
      <trkpt lat="49.295716" lon="8.701451"><ele>131.2</ele></trkpt>
      <trkpt lat="49.295797" lon="8.701411"><ele>131.8</ele></trkpt>
      <trkpt lat="49.295895" lon="8.701346"><ele>132.2</ele></trkpt>
      <trkpt lat="49.295983" lon="8.701274"><ele>132.8</ele></trkpt>
      <trkpt lat="49.296096" lon="8.701138"><ele>133.8</ele></trkpt>
      <trkpt lat="49.296212" lon="8.700976"><ele>134.2</ele></trkpt>
      <trkpt lat="49.296248" lon="8.700920"><ele>134.2</ele></trkpt>
      <trkpt lat="49.296309" lon="8.700826"><ele>134.5</ele></trkpt>
      <trkpt lat="49.296405" lon="8.700669"><ele>135.0</ele></trkpt>
      <trkpt lat="49.296509" lon="8.700503"><ele>135.8</ele></trkpt>
      <trkpt lat="49.296582" lon="8.700393"><ele>136.2</ele></trkpt>
      <trkpt lat="49.296832" lon="8.699986"><ele>137.5</ele></trkpt>
      <trkpt lat="49.296942" lon="8.699880"><ele>137.8</ele></trkpt>
      <trkpt lat="49.297023" lon="8.699820"><ele>138.2</ele></trkpt>
      <trkpt lat="49.297119" lon="8.699787"><ele>138.8</ele></trkpt>
      <trkpt lat="49.297325" lon="8.699773"><ele>140.0</ele></trkpt>
      <trkpt lat="49.297519" lon="8.699779"><ele>142.0</ele></trkpt>
      <trkpt lat="49.297747" lon="8.699787"><ele>143.8</ele></trkpt>
      <trkpt lat="49.297856" lon="8.699787"><ele>144.5</ele></trkpt>
      <trkpt lat="49.299329" lon="8.699791"><ele>152.5</ele></trkpt>
      <trkpt lat="49.299386" lon="8.699791"><ele>152.8</ele></trkpt>
      <trkpt lat="49.299495" lon="8.699780"><ele>153.2</ele></trkpt>
      <trkpt lat="49.299618" lon="8.699731"><ele>153.5</ele></trkpt>
      <trkpt lat="49.299743" lon="8.699655"><ele>153.8</ele></trkpt>
      <trkpt lat="49.299869" lon="8.699570"><ele>153.8</ele></trkpt>
      <trkpt lat="49.300092" lon="8.699406"><ele>154.5</ele></trkpt>
      <trkpt lat="49.300624" lon="8.699057"><ele>155.5</ele></trkpt>
      <trkpt lat="49.301578" lon="8.698423"><ele>156.0</ele></trkpt>
      <trkpt lat="49.301925" lon="8.698184"><ele>156.2</ele></trkpt>
      <trkpt lat="49.302561" lon="8.697748"><ele>156.2</ele></trkpt>
      <trkpt lat="49.302752" lon="8.697616"><ele>156.5</ele></trkpt>
      <trkpt lat="49.302990" lon="8.697449"><ele>155.8</ele></trkpt>
      <trkpt lat="49.303726" lon="8.696964"><ele>153.0</ele></trkpt>
      <trkpt lat="49.304107" lon="8.696721"><ele>151.5</ele></trkpt>
      <trkpt lat="49.304132" lon="8.696819"><ele>152.5</ele></trkpt>
      <trkpt lat="49.304152" lon="8.696901"><ele>153.2</ele></trkpt>
      <trkpt lat="49.304200" lon="8.697037"><ele>154.5</ele></trkpt>
      <trkpt lat="49.304249" lon="8.697108"><ele>155.0</ele></trkpt>
      <trkpt lat="49.304334" lon="8.697182"><ele>155.5</ele></trkpt>
      <trkpt lat="49.304482" lon="8.697253"><ele>156.0</ele></trkpt>
      <trkpt lat="49.305337" lon="8.697600"><ele>156.0</ele></trkpt>
      <trkpt lat="49.306267" lon="8.697972"><ele>158.5</ele></trkpt>
      <trkpt lat="49.306603" lon="8.698113"><ele>160.2</ele></trkpt>
      <trkpt lat="49.307073" lon="8.698425"><ele>161.0</ele></trkpt>
      <trkpt lat="49.307457" lon="8.698705"><ele>160.8</ele></trkpt>
      <trkpt lat="49.307574" lon="8.698765"><ele>160.8</ele></trkpt>
      <trkpt lat="49.307715" lon="8.698820"><ele>160.5</ele></trkpt>
      <trkpt lat="49.308634" lon="8.699081"><ele>162.2</ele></trkpt>
      <trkpt lat="49.309178" lon="8.699297"><ele>164.8</ele></trkpt>
      <trkpt lat="49.309655" lon="8.699537"><ele>165.8</ele></trkpt>
      <trkpt lat="49.310270" lon="8.699787"><ele>166.0</ele></trkpt>
      <trkpt lat="49.310540" lon="8.699862"><ele>166.0</ele></trkpt>
      <trkpt lat="49.310887" lon="8.699817"><ele>165.8</ele></trkpt>
      <trkpt lat="49.311134" lon="8.699738"><ele>166.0</ele></trkpt>
      <trkpt lat="49.312272" lon="8.699295"><ele>163.8</ele></trkpt>
      <trkpt lat="49.312372" lon="8.699244"><ele>163.5</ele></trkpt>
      <trkpt lat="49.313299" lon="8.698761"><ele>160.2</ele></trkpt>
      <trkpt lat="49.313647" lon="8.698564"><ele>159.8</ele></trkpt>
      <trkpt lat="49.313853" lon="8.698458"><ele>160.0</ele></trkpt>
      <trkpt lat="49.314429" lon="8.698171"><ele>159.8</ele></trkpt>
      <trkpt lat="49.314649" lon="8.698106"><ele>159.2</ele></trkpt>
      <trkpt lat="49.315691" lon="8.697972"><ele>158.8</ele></trkpt>
      <trkpt lat="49.315871" lon="8.697948"><ele>158.5</ele></trkpt>
      <trkpt lat="49.316205" lon="8.697918"><ele>159.5</ele></trkpt>
      <trkpt lat="49.316369" lon="8.697875"><ele>159.2</ele></trkpt>
      <trkpt lat="49.316484" lon="8.697840"><ele>158.5</ele></trkpt>
      <trkpt lat="49.316819" lon="8.697631"><ele>155.8</ele></trkpt>
      <trkpt lat="49.317226" lon="8.697378"><ele>156.5</ele></trkpt>
      <trkpt lat="49.317622" lon="8.697136"><ele>154.2</ele></trkpt>
      <trkpt lat="49.317879" lon="8.696982"><ele>152.8</ele></trkpt>
      <trkpt lat="49.318276" lon="8.696764"><ele>150.2</ele></trkpt>
      <trkpt lat="49.319000" lon="8.696564"><ele>148.5</ele></trkpt>
      <trkpt lat="49.319127" lon="8.696531"><ele>148.5</ele></trkpt>
      <trkpt lat="49.319844" lon="8.696360"><ele>147.8</ele></trkpt>
      <trkpt lat="49.319864" lon="8.696354"><ele>147.8</ele></trkpt>
      <trkpt lat="49.320351" lon="8.696221"><ele>147.5</ele></trkpt>
      <trkpt lat="49.320599" lon="8.696153"><ele>148.0</ele></trkpt>
      <trkpt lat="49.320655" lon="8.696141"><ele>148.0</ele></trkpt>
      <trkpt lat="49.321225" lon="8.695993"><ele>147.5</ele></trkpt>
      <trkpt lat="49.321256" lon="8.695984"><ele>147.5</ele></trkpt>
      <trkpt lat="49.321377" lon="8.695954"><ele>147.2</ele></trkpt>
      <trkpt lat="49.321758" lon="8.695850"><ele>147.0</ele></trkpt>
      <trkpt lat="49.321880" lon="8.695785"><ele>146.8</ele></trkpt>
      <trkpt lat="49.321900" lon="8.695768"><ele>146.8</ele></trkpt>
      <trkpt lat="49.321955" lon="8.695725"><ele>147.0</ele></trkpt>
      <trkpt lat="49.321972" lon="8.695770"><ele>147.0</ele></trkpt>
      <trkpt lat="49.321997" lon="8.695805"><ele>147.0</ele></trkpt>
      <trkpt lat="49.322028" lon="8.695826"><ele>147.2</ele></trkpt>
      <trkpt lat="49.322062" lon="8.695830"><ele>147.2</ele></trkpt>
      <trkpt lat="49.322094" lon="8.695819"><ele>147.5</ele></trkpt>
      <trkpt lat="49.322123" lon="8.695793"><ele>147.5</ele></trkpt>
      <trkpt lat="49.322145" lon="8.695755"><ele>147.5</ele></trkpt>
      <trkpt lat="49.322158" lon="8.695709"><ele>147.2</ele></trkpt>
      <trkpt lat="49.322214" lon="8.695701"><ele>147.5</ele></trkpt>
      <trkpt lat="49.322237" lon="8.695698"><ele>147.5</ele></trkpt>
      <trkpt lat="49.322331" lon="8.695687"><ele>147.5</ele></trkpt>
      <trkpt lat="49.322417" lon="8.695679"><ele>147.8</ele></trkpt>
      <trkpt lat="49.322513" lon="8.695686"><ele>148.0</ele></trkpt>
      <trkpt lat="49.322742" lon="8.695760"><ele>148.5</ele></trkpt>
      <trkpt lat="49.322911" lon="8.695783"><ele>148.8</ele></trkpt>
      <trkpt lat="49.323006" lon="8.695776"><ele>148.8</ele></trkpt>
      <trkpt lat="49.323084" lon="8.695749"><ele>148.5</ele></trkpt>
      <trkpt lat="49.323092" lon="8.695742"><ele>148.5</ele></trkpt>
      <trkpt lat="49.323376" lon="8.695526"><ele>146.8</ele></trkpt>
      <trkpt lat="49.323397" lon="8.695510"><ele>146.8</ele></trkpt>
      <trkpt lat="49.323493" lon="8.695447"><ele>146.8</ele></trkpt>
      <trkpt lat="49.323545" lon="8.695425"><ele>146.5</ele></trkpt>
      <trkpt lat="49.323626" lon="8.695394"><ele>146.2</ele></trkpt>
      <trkpt lat="49.324115" lon="8.695304"><ele>145.2</ele></trkpt>
      <trkpt lat="49.324213" lon="8.695291"><ele>145.0</ele></trkpt>
      <trkpt lat="49.325509" lon="8.695115"><ele>142.2</ele></trkpt>
      <trkpt lat="49.326020" lon="8.695126"><ele>141.8</ele></trkpt>
      <trkpt lat="49.326284" lon="8.695137"><ele>140.8</ele></trkpt>
      <trkpt lat="49.326346" lon="8.695104"><ele>140.5</ele></trkpt>
      <trkpt lat="49.326553" lon="8.694994"><ele>139.2</ele></trkpt>
      <trkpt lat="49.326697" lon="8.694903"><ele>138.5</ele></trkpt>
      <trkpt lat="49.326749" lon="8.694866"><ele>138.0</ele></trkpt>
      <trkpt lat="49.326845" lon="8.694812"><ele>137.5</ele></trkpt>
      <trkpt lat="49.327659" lon="8.694339"><ele>133.5</ele></trkpt>
      <trkpt lat="49.328279" lon="8.693962"><ele>132.2</ele></trkpt>
      <trkpt lat="49.328313" lon="8.693941"><ele>132.0</ele></trkpt>
      <trkpt lat="49.328829" lon="8.693637"><ele>130.0</ele></trkpt>
      <trkpt lat="49.329077" lon="8.693505"><ele>128.8</ele></trkpt>
      <trkpt lat="49.329331" lon="8.693398"><ele>127.5</ele></trkpt>
      <trkpt lat="49.329635" lon="8.693357"><ele>126.2</ele></trkpt>
      <trkpt lat="49.329858" lon="8.693337"><ele>125.5</ele></trkpt>
      <trkpt lat="49.329909" lon="8.693337"><ele>125.2</ele></trkpt>
      <trkpt lat="49.330076" lon="8.693338"><ele>124.5</ele></trkpt>
      <trkpt lat="49.330312" lon="8.693384"><ele>124.0</ele></trkpt>
      <trkpt lat="49.330452" lon="8.693415"><ele>124.2</ele></trkpt>
      <trkpt lat="49.330580" lon="8.693455"><ele>124.2</ele></trkpt>
      <trkpt lat="49.330628" lon="8.693471"><ele>124.2</ele></trkpt>
      <trkpt lat="49.330676" lon="8.693488"><ele>124.5</ele></trkpt>
      <trkpt lat="49.330674" lon="8.693527"><ele>124.5</ele></trkpt>
      <trkpt lat="49.330689" lon="8.693602"><ele>124.8</ele></trkpt>
      <trkpt lat="49.330723" lon="8.693658"><ele>125.0</ele></trkpt>
      <trkpt lat="49.330746" lon="8.693676"><ele>125.0</ele></trkpt>
      <trkpt lat="49.330775" lon="8.693686"><ele>125.2</ele></trkpt>
      <trkpt lat="49.330805" lon="8.693683"><ele>125.2</ele></trkpt>
      <trkpt lat="49.330833" lon="8.693668"><ele>125.0</ele></trkpt>
      <trkpt lat="49.330858" lon="8.693642"><ele>125.0</ele></trkpt>
      <trkpt lat="49.330877" lon="8.693607"><ele>124.8</ele></trkpt>
      <trkpt lat="49.330889" lon="8.693565"><ele>124.8</ele></trkpt>
      <trkpt lat="49.330957" lon="8.693590"><ele>124.8</ele></trkpt>
      <trkpt lat="49.330980" lon="8.693599"><ele>124.8</ele></trkpt>
      <trkpt lat="49.331624" lon="8.693849"><ele>124.8</ele></trkpt>
      <trkpt lat="49.331694" lon="8.693880"><ele>124.8</ele></trkpt>
      <trkpt lat="49.332413" lon="8.694166"><ele>125.8</ele></trkpt>
      <trkpt lat="49.332679" lon="8.694284"><ele>125.2</ele></trkpt>
      <trkpt lat="49.333465" lon="8.694659"><ele>121.0</ele></trkpt>
      <trkpt lat="49.333781" lon="8.694774"><ele>120.5</ele></trkpt>
      <trkpt lat="49.333978" lon="8.694806"><ele>120.0</ele></trkpt>
      <trkpt lat="49.334093" lon="8.694815"><ele>119.5</ele></trkpt>
      <trkpt lat="49.334432" lon="8.694816"><ele>117.5</ele></trkpt>
      <trkpt lat="49.336092" lon="8.694815"><ele>110.5</ele></trkpt>
      <trkpt lat="49.336576" lon="8.694820"><ele>109.2</ele></trkpt>
      <trkpt lat="49.336910" lon="8.694805"><ele>109.5</ele></trkpt>
      <trkpt lat="49.337001" lon="8.694799"><ele>109.5</ele></trkpt>
      <trkpt lat="49.337231" lon="8.694770"><ele>110.0</ele></trkpt>
      <trkpt lat="49.337447" lon="8.694732"><ele>110.8</ele></trkpt>
      <trkpt lat="49.337910" lon="8.694657"><ele>111.0</ele></trkpt>
      <trkpt lat="49.339077" lon="8.694446"><ele>108.2</ele></trkpt>
      <trkpt lat="49.339882" lon="8.694282"><ele>107.8</ele></trkpt>
      <trkpt lat="49.340881" lon="8.694093"><ele>107.0</ele></trkpt>
      <trkpt lat="49.341615" lon="8.693935"><ele>107.0</ele></trkpt>
      <trkpt lat="49.341843" lon="8.693880"><ele>107.0</ele></trkpt>
      <trkpt lat="49.342070" lon="8.693815"><ele>107.0</ele></trkpt>
      <trkpt lat="49.342310" lon="8.693730"><ele>107.0</ele></trkpt>
      <trkpt lat="49.342713" lon="8.693563"><ele>107.0</ele></trkpt>
      <trkpt lat="49.342732" lon="8.693553"><ele>107.0</ele></trkpt>
      <trkpt lat="49.343007" lon="8.693418"><ele>107.0</ele></trkpt>
      <trkpt lat="49.343103" lon="8.693368"><ele>107.0</ele></trkpt>
      <trkpt lat="49.343132" lon="8.693353"><ele>107.0</ele></trkpt>
      <trkpt lat="49.343495" lon="8.693138"><ele>107.0</ele></trkpt>
      <trkpt lat="49.343953" lon="8.692819"><ele>107.0</ele></trkpt>
      <trkpt lat="49.344203" lon="8.692625"><ele>107.0</ele></trkpt>
      <trkpt lat="49.344386" lon="8.692475"><ele>107.0</ele></trkpt>
      <trkpt lat="49.344455" lon="8.692420"><ele>107.0</ele></trkpt>
      <trkpt lat="49.344902" lon="8.691971"><ele>107.0</ele></trkpt>
      <trkpt lat="49.345436" lon="8.691352"><ele>107.2</ele></trkpt>
      <trkpt lat="49.345709" lon="8.690991"><ele>107.5</ele></trkpt>
      <trkpt lat="49.346445" lon="8.689916"><ele>107.8</ele></trkpt>
      <trkpt lat="49.346665" lon="8.689634"><ele>107.8</ele></trkpt>
      <trkpt lat="49.346941" lon="8.689357"><ele>107.8</ele></trkpt>
      <trkpt lat="49.347274" lon="8.689097"><ele>108.8</ele></trkpt>
      <trkpt lat="49.347307" lon="8.689079"><ele>108.8</ele></trkpt>
      <trkpt lat="49.347762" lon="8.688849"><ele>109.8</ele></trkpt>
      <trkpt lat="49.348048" lon="8.688757"><ele>109.8</ele></trkpt>
      <trkpt lat="49.348135" lon="8.688741"><ele>110.0</ele></trkpt>
      <trkpt lat="49.348462" lon="8.688729"><ele>110.8</ele></trkpt>
      <trkpt lat="49.348577" lon="8.688738"><ele>111.2</ele></trkpt>
      <trkpt lat="49.348763" lon="8.688754"><ele>111.5</ele></trkpt>
      <trkpt lat="49.348852" lon="8.688761"><ele>111.5</ele></trkpt>
      <trkpt lat="49.349011" lon="8.688779"><ele>112.0</ele></trkpt>
      <trkpt lat="49.349179" lon="8.688806"><ele>112.5</ele></trkpt>
      <trkpt lat="49.349411" lon="8.688839"><ele>113.5</ele></trkpt>
      <trkpt lat="49.349544" lon="8.688859"><ele>113.8</ele></trkpt>
      <trkpt lat="49.349689" lon="8.688884"><ele>113.8</ele></trkpt>
      <trkpt lat="49.349881" lon="8.688935"><ele>114.0</ele></trkpt>
      <trkpt lat="49.350100" lon="8.688997"><ele>114.2</ele></trkpt>
      <trkpt lat="49.350134" lon="8.689007"><ele>114.2</ele></trkpt>
      <trkpt lat="49.350280" lon="8.689048"><ele>114.5</ele></trkpt>
      <trkpt lat="49.350312" lon="8.688944"><ele>114.0</ele></trkpt>
      <trkpt lat="49.350370" lon="8.688815"><ele>114.0</ele></trkpt>
      <trkpt lat="49.350726" lon="8.688257"><ele>112.8</ele></trkpt>
      <trkpt lat="49.350958" lon="8.687848"><ele>112.2</ele></trkpt>
      <trkpt lat="49.351174" lon="8.687371"><ele>111.5</ele></trkpt>
      <trkpt lat="49.351431" lon="8.686486"><ele>110.2</ele></trkpt>
      <trkpt lat="49.351625" lon="8.685750"><ele>109.5</ele></trkpt>
      <trkpt lat="49.351840" lon="8.684962"><ele>109.0</ele></trkpt>
      <trkpt lat="49.352228" lon="8.683535"><ele>108.0</ele></trkpt>
      <trkpt lat="49.352340" lon="8.683228"><ele>107.5</ele></trkpt>
      <trkpt lat="49.352452" lon="8.682951"><ele>107.0</ele></trkpt>
      <trkpt lat="49.352522" lon="8.682790"><ele>107.0</ele></trkpt>
      <trkpt lat="49.352697" lon="8.682418"><ele>107.0</ele></trkpt>
      <trkpt lat="49.352858" lon="8.682113"><ele>107.0</ele></trkpt>
      <trkpt lat="49.353033" lon="8.681791"><ele>106.8</ele></trkpt>
      <trkpt lat="49.353274" lon="8.681423"><ele>107.0</ele></trkpt>
      <trkpt lat="49.353545" lon="8.681058"><ele>106.8</ele></trkpt>
      <trkpt lat="49.354224" lon="8.680229"><ele>107.0</ele></trkpt>
      <trkpt lat="49.354287" lon="8.680154"><ele>107.0</ele></trkpt>
      <trkpt lat="49.354322" lon="8.680204"><ele>107.0</ele></trkpt>
      <trkpt lat="49.354372" lon="8.680236"><ele>107.0</ele></trkpt>
      <trkpt lat="49.354426" lon="8.680235"><ele>107.0</ele></trkpt>
      <trkpt lat="49.354460" lon="8.680218"><ele>107.0</ele></trkpt>
      <trkpt lat="49.354497" lon="8.680176"><ele>107.0</ele></trkpt>
      <trkpt lat="49.354515" lon="8.680144"><ele>107.0</ele></trkpt>
      <trkpt lat="49.354535" lon="8.680067"><ele>107.0</ele></trkpt>
      <trkpt lat="49.354535" lon="8.679984"><ele>107.0</ele></trkpt>
      <trkpt lat="49.354514" lon="8.679908"><ele>106.8</ele></trkpt>
      <trkpt lat="49.354576" lon="8.679825"><ele>107.0</ele></trkpt>
      <trkpt lat="49.355256" lon="8.678969"><ele>107.0</ele></trkpt>
      <trkpt lat="49.355721" lon="8.678337"><ele>107.0</ele></trkpt>
      <trkpt lat="49.356503" lon="8.677188"><ele>107.0</ele></trkpt>
      <trkpt lat="49.356782" lon="8.676763"><ele>107.0</ele></trkpt>
      <trkpt lat="49.356991" lon="8.676454"><ele>107.0</ele></trkpt>
      <trkpt lat="49.357134" lon="8.676207"><ele>107.0</ele></trkpt>
      <trkpt lat="49.357532" lon="8.675573"><ele>107.0</ele></trkpt>
      <trkpt lat="49.358472" lon="8.673967"><ele>106.0</ele></trkpt>
      <trkpt lat="49.359449" lon="8.672179"><ele>105.8</ele></trkpt>
      <trkpt lat="49.359754" lon="8.671576"><ele>105.0</ele></trkpt>
      <trkpt lat="49.359909" lon="8.671248"><ele>105.0</ele></trkpt>
      <trkpt lat="49.360038" lon="8.670967"><ele>105.2</ele></trkpt>
      <trkpt lat="49.360142" lon="8.670709"><ele>105.2</ele></trkpt>
      <trkpt lat="49.360164" lon="8.670652"><ele>105.5</ele></trkpt>
      <trkpt lat="49.360331" lon="8.670209"><ele>106.0</ele></trkpt>
      <trkpt lat="49.360445" lon="8.669853"><ele>106.5</ele></trkpt>
      <trkpt lat="49.360553" lon="8.669456"><ele>106.0</ele></trkpt>
      <trkpt lat="49.360643" lon="8.669083"><ele>106.0</ele></trkpt>
      <trkpt lat="49.360751" lon="8.668533"><ele>105.2</ele></trkpt>
      <trkpt lat="49.360809" lon="8.668149"><ele>104.8</ele></trkpt>
      <trkpt lat="49.360891" lon="8.667520"><ele>105.0</ele></trkpt>
      <trkpt lat="49.360934" lon="8.666857"><ele>105.0</ele></trkpt>
      <trkpt lat="49.360948" lon="8.666094"><ele>105.0</ele></trkpt>
      <trkpt lat="49.360915" lon="8.665301"><ele>105.0</ele></trkpt>
      <trkpt lat="49.360884" lon="8.664811"><ele>105.0</ele></trkpt>
      <trkpt lat="49.360757" lon="8.663455"><ele>104.5</ele></trkpt>
      <trkpt lat="49.360736" lon="8.663154"><ele>104.5</ele></trkpt>
      <trkpt lat="49.360740" lon="8.662754"><ele>104.5</ele></trkpt>
      <trkpt lat="49.360744" lon="8.662232"><ele>104.5</ele></trkpt>
      <trkpt lat="49.360711" lon="8.662107"><ele>104.2</ele></trkpt>
      <trkpt lat="49.360599" lon="8.661756"><ele>103.8</ele></trkpt>
      <trkpt lat="49.360500" lon="8.661230"><ele>104.0</ele></trkpt>
      <trkpt lat="49.360468" lon="8.660940"><ele>104.0</ele></trkpt>
      <trkpt lat="49.360351" lon="8.659930"><ele>104.0</ele></trkpt>
      <trkpt lat="49.360243" lon="8.658995"><ele>104.0</ele></trkpt>
      <trkpt lat="49.360153" lon="8.658105"><ele>104.0</ele></trkpt>
      <trkpt lat="49.360146" lon="8.657757"><ele>104.0</ele></trkpt>
      <trkpt lat="49.360152" lon="8.657511"><ele>104.0</ele></trkpt>
      <trkpt lat="49.360188" lon="8.656861"><ele>104.0</ele></trkpt>
      <trkpt lat="49.360203" lon="8.656520"><ele>104.0</ele></trkpt>
      <trkpt lat="49.360201" lon="8.656215"><ele>104.0</ele></trkpt>
      <trkpt lat="49.360163" lon="8.655672"><ele>104.0</ele></trkpt>
      <trkpt lat="49.359670" lon="8.650520"><ele>104.0</ele></trkpt>
      <trkpt lat="49.359610" lon="8.649162"><ele>103.5</ele></trkpt>
      <trkpt lat="49.359562" lon="8.646050"><ele>103.2</ele></trkpt>
      <trkpt lat="49.359559" lon="8.645762"><ele>103.2</ele></trkpt>
      <trkpt lat="49.359545" lon="8.644775"><ele>103.2</ele></trkpt>
      <trkpt lat="49.359546" lon="8.644734"><ele>103.2</ele></trkpt>
      <trkpt lat="49.359544" lon="8.644361"><ele>103.2</ele></trkpt>
      <trkpt lat="49.359550" lon="8.644032"><ele>103.0</ele></trkpt>
      <trkpt lat="49.359569" lon="8.643544"><ele>103.0</ele></trkpt>
      <trkpt lat="49.359603" lon="8.642997"><ele>103.0</ele></trkpt>
      <trkpt lat="49.359627" lon="8.642822"><ele>103.0</ele></trkpt>
      <trkpt lat="49.359646" lon="8.642728"><ele>103.0</ele></trkpt>
      <trkpt lat="49.359713" lon="8.642405"><ele>103.0</ele></trkpt>
      <trkpt lat="49.359828" lon="8.642011"><ele>103.0</ele></trkpt>
      <trkpt lat="49.359893" lon="8.641853"><ele>103.0</ele></trkpt>
      <trkpt lat="49.360016" lon="8.641571"><ele>103.0</ele></trkpt>
      <trkpt lat="49.360130" lon="8.641365"><ele>103.0</ele></trkpt>
      <trkpt lat="49.360249" lon="8.641194"><ele>103.0</ele></trkpt>
      <trkpt lat="49.360442" lon="8.640964"><ele>103.0</ele></trkpt>
      <trkpt lat="49.360687" lon="8.640717"><ele>103.0</ele></trkpt>
      <trkpt lat="49.361357" lon="8.640124"><ele>103.0</ele></trkpt>
      <trkpt lat="49.361483" lon="8.640008"><ele>103.0</ele></trkpt>
      <trkpt lat="49.361679" lon="8.639781"><ele>103.0</ele></trkpt>
      <trkpt lat="49.361893" lon="8.639464"><ele>103.0</ele></trkpt>
      <trkpt lat="49.362026" lon="8.639199"><ele>103.0</ele></trkpt>
      <trkpt lat="49.362452" lon="8.638160"><ele>103.0</ele></trkpt>
      <trkpt lat="49.362830" lon="8.637245"><ele>103.0</ele></trkpt>
      <trkpt lat="49.363166" lon="8.636408"><ele>103.0</ele></trkpt>
      <trkpt lat="49.363847" lon="8.634759"><ele>103.0</ele></trkpt>
      <trkpt lat="49.364805" lon="8.632379"><ele>103.0</ele></trkpt>
      <trkpt lat="49.365102" lon="8.631653"><ele>103.0</ele></trkpt>
      <trkpt lat="49.366525" lon="8.628180"><ele>103.5</ele></trkpt>
      <trkpt lat="49.366794" lon="8.627550"><ele>103.0</ele></trkpt>
      <trkpt lat="49.367115" lon="8.626869"><ele>103.0</ele></trkpt>
      <trkpt lat="49.367350" lon="8.626430"><ele>103.0</ele></trkpt>
      <trkpt lat="49.367317" lon="8.626394"><ele>103.0</ele></trkpt>
      <trkpt lat="49.367283" lon="8.626357"><ele>103.0</ele></trkpt>
      <trkpt lat="49.368554" lon="8.624311"><ele>102.0</ele></trkpt>
      <trkpt lat="49.368778" lon="8.623955"><ele>102.0</ele></trkpt>
      <trkpt lat="49.369023" lon="8.623588"><ele>102.0</ele></trkpt>
      <trkpt lat="49.369088" lon="8.623522"><ele>102.0</ele></trkpt>
      <trkpt lat="49.369143" lon="8.623503"><ele>102.0</ele></trkpt>
      <trkpt lat="49.369200" lon="8.623434"><ele>102.0</ele></trkpt>
      <trkpt lat="49.369593" lon="8.622834"><ele>102.0</ele></trkpt>
      <trkpt lat="49.369753" lon="8.622621"><ele>102.0</ele></trkpt>
      <trkpt lat="49.369856" lon="8.622507"><ele>102.0</ele></trkpt>
      <trkpt lat="49.370334" lon="8.622102"><ele>102.0</ele></trkpt>
      <trkpt lat="49.370435" lon="8.621975"><ele>102.0</ele></trkpt>
      <trkpt lat="49.370502" lon="8.621808"><ele>102.0</ele></trkpt>
      <trkpt lat="49.370675" lon="8.620844"><ele>102.0</ele></trkpt>
      <trkpt lat="49.370794" lon="8.620431"><ele>102.0</ele></trkpt>
      <trkpt lat="49.371032" lon="8.619755"><ele>102.0</ele></trkpt>
      <trkpt lat="49.371909" lon="8.616814"><ele>102.0</ele></trkpt>
      <trkpt lat="49.372156" lon="8.615974"><ele>102.0</ele></trkpt>
      <trkpt lat="49.372250" lon="8.615597"><ele>102.0</ele></trkpt>
      <trkpt lat="49.372421" lon="8.614995"><ele>102.0</ele></trkpt>
      <trkpt lat="49.372454" lon="8.614858"><ele>102.0</ele></trkpt>
      <trkpt lat="49.372458" lon="8.614779"><ele>102.0</ele></trkpt>
      <trkpt lat="49.372442" lon="8.614720"><ele>102.0</ele></trkpt>
      <trkpt lat="49.372401" lon="8.614681"><ele>102.0</ele></trkpt>
      <trkpt lat="49.372181" lon="8.614549"><ele>102.0</ele></trkpt>
      <trkpt lat="49.371880" lon="8.614392"><ele>102.0</ele></trkpt>
      <trkpt lat="49.371686" lon="8.614407"><ele>102.0</ele></trkpt>
      <trkpt lat="49.371633" lon="8.614370"><ele>102.0</ele></trkpt>
      <trkpt lat="49.371612" lon="8.614277"><ele>102.0</ele></trkpt>
      <trkpt lat="49.371625" lon="8.614175"><ele>102.0</ele></trkpt>
      <trkpt lat="49.371663" lon="8.613969"><ele>102.0</ele></trkpt>
      <trkpt lat="49.371684" lon="8.613922"><ele>102.0</ele></trkpt>
      <trkpt lat="49.371738" lon="8.613862"><ele>102.0</ele></trkpt>
      <trkpt lat="49.371778" lon="8.613849"><ele>102.0</ele></trkpt>
      <trkpt lat="49.371829" lon="8.613851"><ele>102.0</ele></trkpt>
      <trkpt lat="49.372440" lon="8.614098"><ele>102.0</ele></trkpt>
      <trkpt lat="49.372603" lon="8.614085"><ele>102.0</ele></trkpt>
      <trkpt lat="49.372668" lon="8.614054"><ele>102.0</ele></trkpt>
      <trkpt lat="49.372704" lon="8.614024"><ele>102.0</ele></trkpt>
      <trkpt lat="49.372739" lon="8.613987"><ele>102.0</ele></trkpt>
      <trkpt lat="49.372767" lon="8.613929"><ele>102.0</ele></trkpt>
      <trkpt lat="49.373302" lon="8.612148"><ele>102.0</ele></trkpt>
      <trkpt lat="49.374064" lon="8.609665"><ele>102.0</ele></trkpt>
      <trkpt lat="49.374748" lon="8.607360"><ele>101.8</ele></trkpt>
      <trkpt lat="49.374785" lon="8.607278"><ele>102.0</ele></trkpt>
      <trkpt lat="49.374819" lon="8.607201"><ele>102.0</ele></trkpt>
      <trkpt lat="49.375030" lon="8.606490"><ele>102.0</ele></trkpt>
      <trkpt lat="49.375576" lon="8.604563"><ele>102.0</ele></trkpt>
      <trkpt lat="49.375759" lon="8.604031"><ele>102.0</ele></trkpt>
      <trkpt lat="49.375969" lon="8.603483"><ele>102.0</ele></trkpt>
      <trkpt lat="49.376099" lon="8.603180"><ele>102.5</ele></trkpt>
      <trkpt lat="49.376127" lon="8.603085"><ele>102.8</ele></trkpt>
      <trkpt lat="49.376135" lon="8.603012"><ele>103.0</ele></trkpt>
      <trkpt lat="49.376129" lon="8.602788"><ele>103.0</ele></trkpt>
      <trkpt lat="49.376138" lon="8.602711"><ele>102.8</ele></trkpt>
      <trkpt lat="49.377502" lon="8.598538"><ele>101.0</ele></trkpt>
      <trkpt lat="49.378256" lon="8.596183"><ele>101.0</ele></trkpt>
      <trkpt lat="49.378305" lon="8.596018"><ele>101.0</ele></trkpt>
      <trkpt lat="49.379030" lon="8.593976"><ele>101.2</ele></trkpt>
      <trkpt lat="49.379222" lon="8.593481"><ele>102.0</ele></trkpt>
      <trkpt lat="49.379383" lon="8.593118"><ele>102.0</ele></trkpt>
      <trkpt lat="49.379477" lon="8.592919"><ele>102.0</ele></trkpt>
      <trkpt lat="49.379513" lon="8.592842"><ele>102.0</ele></trkpt>
      <trkpt lat="49.379575" lon="8.592709"><ele>102.0</ele></trkpt>
      <trkpt lat="49.379603" lon="8.592652"><ele>102.0</ele></trkpt>
      <trkpt lat="49.379622" lon="8.592615"><ele>102.0</ele></trkpt>
      <trkpt lat="49.379618" lon="8.592598"><ele>102.0</ele></trkpt>
      <trkpt lat="49.379608" lon="8.592558"><ele>102.0</ele></trkpt>
      <trkpt lat="49.379598" lon="8.592519"><ele>102.0</ele></trkpt>
      <trkpt lat="49.379607" lon="8.592475"><ele>102.0</ele></trkpt>
      <trkpt lat="49.379671" lon="8.592425"><ele>102.0</ele></trkpt>
      <trkpt lat="49.379732" lon="8.592346"><ele>102.0</ele></trkpt>
      <trkpt lat="49.379971" lon="8.591840"><ele>102.0</ele></trkpt>
      <trkpt lat="49.380419" lon="8.591091"><ele>102.0</ele></trkpt>
      <trkpt lat="49.381452" lon="8.589121"><ele>102.0</ele></trkpt>
      <trkpt lat="49.381542" lon="8.588925"><ele>102.0</ele></trkpt>
      <trkpt lat="49.381554" lon="8.588867"><ele>102.0</ele></trkpt>
      <trkpt lat="49.381554" lon="8.588811"><ele>102.0</ele></trkpt>
      <trkpt lat="49.381557" lon="8.588805"><ele>102.0</ele></trkpt>
      <trkpt lat="49.381581" lon="8.588759"><ele>102.0</ele></trkpt>
      <trkpt lat="49.381618" lon="8.588679"><ele>102.0</ele></trkpt>
      <trkpt lat="49.381654" lon="8.588600"><ele>102.0</ele></trkpt>
      <trkpt lat="49.381660" lon="8.588587"><ele>102.0</ele></trkpt>
      <trkpt lat="49.381688" lon="8.588580"><ele>102.0</ele></trkpt>
      <trkpt lat="49.381710" lon="8.588553"><ele>102.0</ele></trkpt>
      <trkpt lat="49.381817" lon="8.588355"><ele>102.0</ele></trkpt>
      <trkpt lat="49.382215" lon="8.587590"><ele>102.0</ele></trkpt>
      <trkpt lat="49.382268" lon="8.587508"><ele>102.0</ele></trkpt>
      <trkpt lat="49.382374" lon="8.587314"><ele>102.0</ele></trkpt>
      <trkpt lat="49.383447" lon="8.585231"><ele>102.5</ele></trkpt>
      <trkpt lat="49.383537" lon="8.585057"><ele>102.8</ele></trkpt>
      <trkpt lat="49.383922" lon="8.584316"><ele>103.0</ele></trkpt>
      <trkpt lat="49.384676" lon="8.582869"><ele>103.0</ele></trkpt>
      <trkpt lat="49.384925" lon="8.582384"><ele>103.0</ele></trkpt>
      <trkpt lat="49.385073" lon="8.582099"><ele>103.0</ele></trkpt>
      <trkpt lat="49.385318" lon="8.581632"><ele>102.5</ele></trkpt>
      <trkpt lat="49.385321" lon="8.581627"><ele>102.5</ele></trkpt>
      <trkpt lat="49.385396" lon="8.581483"><ele>102.0</ele></trkpt>
      <trkpt lat="49.385391" lon="8.581362"><ele>102.0</ele></trkpt>
      <trkpt lat="49.385434" lon="8.581305"><ele>102.0</ele></trkpt>
      <trkpt lat="49.385489" lon="8.581227"><ele>102.0</ele></trkpt>
      <trkpt lat="49.385545" lon="8.581188"><ele>102.0</ele></trkpt>
      <trkpt lat="49.386634" lon="8.579076"><ele>102.0</ele></trkpt>
      <trkpt lat="49.386692" lon="8.578938"><ele>102.0</ele></trkpt>
      <trkpt lat="49.386724" lon="8.578724"><ele>101.8</ele></trkpt>
      <trkpt lat="49.386730" lon="8.578601"><ele>101.8</ele></trkpt>
      <trkpt lat="49.386727" lon="8.578461"><ele>101.5</ele></trkpt>
      <trkpt lat="49.386714" lon="8.578360"><ele>101.2</ele></trkpt>
      <trkpt lat="49.386677" lon="8.578241"><ele>101.0</ele></trkpt>
      <trkpt lat="49.386358" lon="8.577241"><ele>101.0</ele></trkpt>
      <trkpt lat="49.386268" lon="8.576995"><ele>101.0</ele></trkpt>
      <trkpt lat="49.386113" lon="8.576740"><ele>101.0</ele></trkpt>
      <trkpt lat="49.386040" lon="8.576665"><ele>101.0</ele></trkpt>
      <trkpt lat="49.385983" lon="8.576613"><ele>101.0</ele></trkpt>
      <trkpt lat="49.386010" lon="8.576539"><ele>101.0</ele></trkpt>
      <trkpt lat="49.386045" lon="8.576542"><ele>101.0</ele></trkpt>
      <trkpt lat="49.386079" lon="8.576527"><ele>101.0</ele></trkpt>
      <trkpt lat="49.386117" lon="8.576483"><ele>101.0</ele></trkpt>
      <trkpt lat="49.386140" lon="8.576417"><ele>101.0</ele></trkpt>
      <trkpt lat="49.386144" lon="8.576365"><ele>101.0</ele></trkpt>
      <trkpt lat="49.386137" lon="8.576314"><ele>101.0</ele></trkpt>
      <trkpt lat="49.386121" lon="8.576269"><ele>101.0</ele></trkpt>
      <trkpt lat="49.386097" lon="8.576233"><ele>101.0</ele></trkpt>
      <trkpt lat="49.386067" lon="8.576209"><ele>101.0</ele></trkpt>
      <trkpt lat="49.386033" lon="8.576201"><ele>101.0</ele></trkpt>
      <trkpt lat="49.386002" lon="8.576208"><ele>101.0</ele></trkpt>
      <trkpt lat="49.385972" lon="8.576228"><ele>101.0</ele></trkpt>
      <trkpt lat="49.385948" lon="8.576261"><ele>101.0</ele></trkpt>
      <trkpt lat="49.385846" lon="8.576244"><ele>100.8</ele></trkpt>
      <trkpt lat="49.385718" lon="8.576191"><ele>101.0</ele></trkpt>
      <trkpt lat="49.385496" lon="8.576096"><ele>101.0</ele></trkpt>
      <trkpt lat="49.385386" lon="8.576026"><ele>101.0</ele></trkpt>
      <trkpt lat="49.385284" lon="8.575957"><ele>100.8</ele></trkpt>
      <trkpt lat="49.384782" lon="8.575655"><ele>101.0</ele></trkpt>
      <trkpt lat="49.384770" lon="8.575523"><ele>101.0</ele></trkpt>
      <trkpt lat="49.384764" lon="8.575485"><ele>101.0</ele></trkpt>
      <trkpt lat="49.384649" lon="8.574581"><ele>100.0</ele></trkpt>
      <trkpt lat="49.384629" lon="8.574443"><ele>100.0</ele></trkpt>
      <trkpt lat="49.384608" lon="8.574284"><ele>100.0</ele></trkpt>
      <trkpt lat="49.384529" lon="8.573669"><ele>100.0</ele></trkpt>
      <trkpt lat="49.384530" lon="8.573548"><ele>99.8</ele></trkpt>
      <trkpt lat="49.384462" lon="8.572986"><ele>100.0</ele></trkpt>
      <trkpt lat="49.384361" lon="8.572146"><ele>100.0</ele></trkpt>
      <trkpt lat="49.384342" lon="8.572101"><ele>100.0</ele></trkpt>
      <trkpt lat="49.384403" lon="8.572015"><ele>100.0</ele></trkpt>
      <trkpt lat="49.384408" lon="8.572008"><ele>100.0</ele></trkpt>
      <trkpt lat="49.384483" lon="8.571937"><ele>100.0</ele></trkpt>
      <trkpt lat="49.384586" lon="8.571873"><ele>100.0</ele></trkpt>
      <trkpt lat="49.384696" lon="8.571816"><ele>100.0</ele></trkpt>
      <trkpt lat="49.384750" lon="8.571786"><ele>100.0</ele></trkpt>
      <trkpt lat="49.384862" lon="8.571737"><ele>100.0</ele></trkpt>
      <trkpt lat="49.385118" lon="8.571648"><ele>100.0</ele></trkpt>
      <trkpt lat="49.385222" lon="8.571586"><ele>100.0</ele></trkpt>
      <trkpt lat="49.385266" lon="8.571528"><ele>100.0</ele></trkpt>
      <trkpt lat="49.385293" lon="8.571472"><ele>100.0</ele></trkpt>
      <trkpt lat="49.385337" lon="8.571373"><ele>100.0</ele></trkpt>
      <trkpt lat="49.385391" lon="8.571209"><ele>100.0</ele></trkpt>
      <trkpt lat="49.385481" lon="8.570986"><ele>100.0</ele></trkpt>
      <trkpt lat="49.385577" lon="8.570800"><ele>100.0</ele></trkpt>
      <trkpt lat="49.385747" lon="8.570553"><ele>100.0</ele></trkpt>
      <trkpt lat="49.385797" lon="8.570485"><ele>100.0</ele></trkpt>
      <trkpt lat="49.385815" lon="8.570461"><ele>100.0</ele></trkpt>
      <trkpt lat="49.386023" lon="8.570172"><ele>100.0</ele></trkpt>
      <trkpt lat="49.386110" lon="8.570052"><ele>100.0</ele></trkpt>
      <trkpt lat="49.386192" lon="8.569932"><ele>100.0</ele></trkpt>
      <trkpt lat="49.386218" lon="8.569874"><ele>100.0</ele></trkpt>
      <trkpt lat="49.386240" lon="8.569797"><ele>100.0</ele></trkpt>
      <trkpt lat="49.386251" lon="8.569685"><ele>100.0</ele></trkpt>
      <trkpt lat="49.386240" lon="8.569580"><ele>100.0</ele></trkpt>
      <trkpt lat="49.386228" lon="8.569525"><ele>100.0</ele></trkpt>
      <trkpt lat="49.386104" lon="8.569201"><ele>100.0</ele></trkpt>
      <trkpt lat="49.386084" lon="8.569125"><ele>100.0</ele></trkpt>
      <trkpt lat="49.386074" lon="8.569015"><ele>100.0</ele></trkpt>
      <trkpt lat="49.386078" lon="8.568968"><ele>100.0</ele></trkpt>
      <trkpt lat="49.386093" lon="8.568904"><ele>100.0</ele></trkpt>
      <trkpt lat="49.386114" lon="8.568849"><ele>100.0</ele></trkpt>
      <trkpt lat="49.386179" lon="8.568739"><ele>100.0</ele></trkpt>
      <trkpt lat="49.386391" lon="8.568382"><ele>100.0</ele></trkpt>
      <trkpt lat="49.386564" lon="8.568087"><ele>100.0</ele></trkpt>
      <trkpt lat="49.386925" lon="8.567484"><ele>100.0</ele></trkpt>
      <trkpt lat="49.386992" lon="8.567372"><ele>100.0</ele></trkpt>
      <trkpt lat="49.387065" lon="8.567251"><ele>100.0</ele></trkpt>
      <trkpt lat="49.387072" lon="8.567240"><ele>100.0</ele></trkpt>
      <trkpt lat="49.387224" lon="8.566980"><ele>99.0</ele></trkpt>
      <trkpt lat="49.387289" lon="8.566966"><ele>99.2</ele></trkpt>
      <trkpt lat="49.387440" lon="8.566893"><ele>99.8</ele></trkpt>
      <trkpt lat="49.387708" lon="8.566810"><ele>100.0</ele></trkpt>
      <trkpt lat="49.388099" lon="8.566687"><ele>100.0</ele></trkpt>
      <trkpt lat="49.388691" lon="8.566513"><ele>100.0</ele></trkpt>
      <trkpt lat="49.389205" lon="8.566357"><ele>100.0</ele></trkpt>
      <trkpt lat="49.389571" lon="8.566246"><ele>100.0</ele></trkpt>
      <trkpt lat="49.390171" lon="8.566060"><ele>100.0</ele></trkpt>
      <trkpt lat="49.390563" lon="8.565939"><ele>100.0</ele></trkpt>
      <trkpt lat="49.390625" lon="8.565919"><ele>100.2</ele></trkpt>
      <trkpt lat="49.390808" lon="8.565864"><ele>100.8</ele></trkpt>
      <trkpt lat="49.390961" lon="8.565812"><ele>101.0</ele></trkpt>
      <trkpt lat="49.391090" lon="8.565783"><ele>101.0</ele></trkpt>
      <trkpt lat="49.391139" lon="8.565782"><ele>101.0</ele></trkpt>
      <trkpt lat="49.391182" lon="8.565792"><ele>101.0</ele></trkpt>
      <trkpt lat="49.391226" lon="8.565825"><ele>101.0</ele></trkpt>
      <trkpt lat="49.391253" lon="8.565849"><ele>101.0</ele></trkpt>
      <trkpt lat="49.391306" lon="8.565924"><ele>101.0</ele></trkpt>
      <trkpt lat="49.391349" lon="8.565997"><ele>101.0</ele></trkpt>
      <trkpt lat="49.391441" lon="8.566115"><ele>101.0</ele></trkpt>
      <trkpt lat="49.391498" lon="8.566164"><ele>101.0</ele></trkpt>
      <trkpt lat="49.391546" lon="8.566181"><ele>101.0</ele></trkpt>
      <trkpt lat="49.391590" lon="8.566179"><ele>101.0</ele></trkpt>
      <trkpt lat="49.391677" lon="8.566138"><ele>101.0</ele></trkpt>
      <trkpt lat="49.391720" lon="8.566090"><ele>101.0</ele></trkpt>
      <trkpt lat="49.391768" lon="8.566019"><ele>101.0</ele></trkpt>
      <trkpt lat="49.391800" lon="8.565950"><ele>101.0</ele></trkpt>
      <trkpt lat="49.391827" lon="8.565876"><ele>101.0</ele></trkpt>
      <trkpt lat="49.391915" lon="8.565608"><ele>101.0</ele></trkpt>
      <trkpt lat="49.391993" lon="8.565399"><ele>101.0</ele></trkpt>
      <trkpt lat="49.392078" lon="8.565190"><ele>101.0</ele></trkpt>
      <trkpt lat="49.392196" lon="8.564941"><ele>101.0</ele></trkpt>
      <trkpt lat="49.392294" lon="8.564758"><ele>101.0</ele></trkpt>
      <trkpt lat="49.392485" lon="8.564462"><ele>101.0</ele></trkpt>
      <trkpt lat="49.392535" lon="8.564387"><ele>101.0</ele></trkpt>
      <trkpt lat="49.392623" lon="8.564250"><ele>101.0</ele></trkpt>
      <trkpt lat="49.392752" lon="8.564051"><ele>101.0</ele></trkpt>
      <trkpt lat="49.392887" lon="8.563839"><ele>101.0</ele></trkpt>
      <trkpt lat="49.392959" lon="8.563736"><ele>101.0</ele></trkpt>
      <trkpt lat="49.393021" lon="8.563652"><ele>101.0</ele></trkpt>
      <trkpt lat="49.393053" lon="8.563601"><ele>101.0</ele></trkpt>
      <trkpt lat="49.393118" lon="8.563495"><ele>101.0</ele></trkpt>
      <trkpt lat="49.393220" lon="8.563317"><ele>101.0</ele></trkpt>
      <trkpt lat="49.393499" lon="8.562913"><ele>101.0</ele></trkpt>
      <trkpt lat="49.393828" lon="8.562466"><ele>101.0</ele></trkpt>
      <trkpt lat="49.393978" lon="8.562257"><ele>101.0</ele></trkpt>
      <trkpt lat="49.394069" lon="8.562117"><ele>101.0</ele></trkpt>
      <trkpt lat="49.394605" lon="8.561442"><ele>101.0</ele></trkpt>
      <trkpt lat="49.395592" lon="8.560267"><ele>102.0</ele></trkpt>
      <trkpt lat="49.395918" lon="8.559874"><ele>102.0</ele></trkpt>
      <trkpt lat="49.396253" lon="8.559454"><ele>102.0</ele></trkpt>
      <trkpt lat="49.396387" lon="8.559304"><ele>102.0</ele></trkpt>
      <trkpt lat="49.396588" lon="8.559079"><ele>102.0</ele></trkpt>
      <trkpt lat="49.396842" lon="8.558856"><ele>102.0</ele></trkpt>
      <trkpt lat="49.397102" lon="8.558627"><ele>102.0</ele></trkpt>
      <trkpt lat="49.397141" lon="8.558597"><ele>102.0</ele></trkpt>
      <trkpt lat="49.397305" lon="8.558470"><ele>102.0</ele></trkpt>
      <trkpt lat="49.397618" lon="8.558318"><ele>102.0</ele></trkpt>
      <trkpt lat="49.397875" lon="8.558220"><ele>101.8</ele></trkpt>
      <trkpt lat="49.398018" lon="8.558188"><ele>102.0</ele></trkpt>
      <trkpt lat="49.398154" lon="8.558167"><ele>101.8</ele></trkpt>
      <trkpt lat="49.398410" lon="8.558142"><ele>102.0</ele></trkpt>
      <trkpt lat="49.398667" lon="8.558150"><ele>102.0</ele></trkpt>
      <trkpt lat="49.398922" lon="8.558192"><ele>102.0</ele></trkpt>
      <trkpt lat="49.399174" lon="8.558266"><ele>102.0</ele></trkpt>
      <trkpt lat="49.399251" lon="8.558297"><ele>102.0</ele></trkpt>
      <trkpt lat="49.399488" lon="8.558405"><ele>102.0</ele></trkpt>
      <trkpt lat="49.399817" lon="8.558612"><ele>102.0</ele></trkpt>
      <trkpt lat="49.400115" lon="8.558860"><ele>102.0</ele></trkpt>
      <trkpt lat="49.400386" lon="8.559134"><ele>102.0</ele></trkpt>
      <trkpt lat="49.400847" lon="8.559619"><ele>101.8</ele></trkpt>
      <trkpt lat="49.401070" lon="8.559850"><ele>102.0</ele></trkpt>
      <trkpt lat="49.401141" lon="8.559923"><ele>102.0</ele></trkpt>
      <trkpt lat="49.401409" lon="8.560196"><ele>102.0</ele></trkpt>
      <trkpt lat="49.401516" lon="8.560304"><ele>102.0</ele></trkpt>
      <trkpt lat="49.401733" lon="8.560531"><ele>102.0</ele></trkpt>
      <trkpt lat="49.401824" lon="8.560623"><ele>102.0</ele></trkpt>
      <trkpt lat="49.401956" lon="8.560385"><ele>102.0</ele></trkpt>
      <trkpt lat="49.402063" lon="8.560188"><ele>102.0</ele></trkpt>
      <trkpt lat="49.402132" lon="8.560091"><ele>102.0</ele></trkpt>
      <trkpt lat="49.402190" lon="8.560023"><ele>102.0</ele></trkpt>
      <trkpt lat="49.402243" lon="8.559929"><ele>102.0</ele></trkpt>
      <trkpt lat="49.402361" lon="8.559835"><ele>102.0</ele></trkpt>
      <trkpt lat="49.402628" lon="8.559664"><ele>102.0</ele></trkpt>
      <trkpt lat="49.402915" lon="8.559459"><ele>102.0</ele></trkpt>
      <trkpt lat="49.403008" lon="8.559368"><ele>101.8</ele></trkpt>
      <trkpt lat="49.403120" lon="8.559238"><ele>102.0</ele></trkpt>
      <trkpt lat="49.403201" lon="8.559140"><ele>102.0</ele></trkpt>
      <trkpt lat="49.403373" lon="8.558867"><ele>102.0</ele></trkpt>
      <trkpt lat="49.403414" lon="8.558805"><ele>102.0</ele></trkpt>
      <trkpt lat="49.403738" lon="8.558287"><ele>102.0</ele></trkpt>
      <trkpt lat="49.403765" lon="8.558246"><ele>102.0</ele></trkpt>
      <trkpt lat="49.403787" lon="8.558212"><ele>102.0</ele></trkpt>
      <trkpt lat="49.404190" lon="8.557566"><ele>102.0</ele></trkpt>
      <trkpt lat="49.404485" lon="8.557093"><ele>102.0</ele></trkpt>
      <trkpt lat="49.404764" lon="8.556673"><ele>101.0</ele></trkpt>
      <trkpt lat="49.404826" lon="8.556580"><ele>101.2</ele></trkpt>
      <trkpt lat="49.405237" lon="8.555960"><ele>102.0</ele></trkpt>
      <trkpt lat="49.405440" lon="8.555654"><ele>102.0</ele></trkpt>
      <trkpt lat="49.405485" lon="8.555586"><ele>102.0</ele></trkpt>
      <trkpt lat="49.405603" lon="8.555416"><ele>101.8</ele></trkpt>
      <trkpt lat="49.405615" lon="8.555384"><ele>101.8</ele></trkpt>
      <trkpt lat="49.405638" lon="8.555365"><ele>101.5</ele></trkpt>
      <trkpt lat="49.405754" lon="8.555199"><ele>101.2</ele></trkpt>
      <trkpt lat="49.406135" lon="8.554661"><ele>100.8</ele></trkpt>
      <trkpt lat="49.406406" lon="8.554278"><ele>101.0</ele></trkpt>
      <trkpt lat="49.406585" lon="8.554025"><ele>101.5</ele></trkpt>
      <trkpt lat="49.406542" lon="8.553954"><ele>101.5</ele></trkpt>
      <trkpt lat="49.406340" lon="8.553619"><ele>101.0</ele></trkpt>
      <trkpt lat="49.406424" lon="8.553499"><ele>101.0</ele></trkpt>
      <trkpt lat="49.406823" lon="8.552905"><ele>101.2</ele></trkpt>
      <trkpt lat="49.407044" lon="8.552613"><ele>101.0</ele></trkpt>
      <trkpt lat="49.407269" lon="8.552329"><ele>101.0</ele></trkpt>
      <trkpt lat="49.407451" lon="8.552130"><ele>101.0</ele></trkpt>
      <trkpt lat="49.407728" lon="8.551826"><ele>101.0</ele></trkpt>
      <trkpt lat="49.408046" lon="8.551504"><ele>101.0</ele></trkpt>
      <trkpt lat="49.408061" lon="8.551489"><ele>101.0</ele></trkpt>
      <trkpt lat="49.408558" lon="8.551044"><ele>101.0</ele></trkpt>
      <trkpt lat="49.408585" lon="8.551018"><ele>101.0</ele></trkpt>
      <trkpt lat="49.408766" lon="8.550859"><ele>101.0</ele></trkpt>
      <trkpt lat="49.408920" lon="8.550738"><ele>101.0</ele></trkpt>
      <trkpt lat="49.409605" lon="8.550200"><ele>101.0</ele></trkpt>
      <trkpt lat="49.410373" lon="8.549688"><ele>100.8</ele></trkpt>
      <trkpt lat="49.410870" lon="8.549401"><ele>101.0</ele></trkpt>
      <trkpt lat="49.411536" lon="8.549023"><ele>101.2</ele></trkpt>
      <trkpt lat="49.411652" lon="8.548931"><ele>101.0</ele></trkpt>
      <trkpt lat="49.411854" lon="8.548707"><ele>101.5</ele></trkpt>
      <trkpt lat="49.411868" lon="8.548594"><ele>101.5</ele></trkpt>
      <trkpt lat="49.412013" lon="8.548501"><ele>101.5</ele></trkpt>
      <trkpt lat="49.412554" lon="8.547866"><ele>101.0</ele></trkpt>
      <trkpt lat="49.412618" lon="8.547790"><ele>101.0</ele></trkpt>
      <trkpt lat="49.412678" lon="8.547693"><ele>101.0</ele></trkpt>
      <trkpt lat="49.412752" lon="8.547514"><ele>101.0</ele></trkpt>
      <trkpt lat="49.412801" lon="8.547320"><ele>101.0</ele></trkpt>
      <trkpt lat="49.412819" lon="8.547144"><ele>101.0</ele></trkpt>
      <trkpt lat="49.412823" lon="8.547111"><ele>101.0</ele></trkpt>
      <trkpt lat="49.412818" lon="8.546909"><ele>101.0</ele></trkpt>
      <trkpt lat="49.412876" lon="8.546913"><ele>101.0</ele></trkpt>
      <trkpt lat="49.412929" lon="8.546886"><ele>101.0</ele></trkpt>
      <trkpt lat="49.413010" lon="8.546832"><ele>101.0</ele></trkpt>
      <trkpt lat="49.413141" lon="8.546704"><ele>101.0</ele></trkpt>
      <trkpt lat="49.413208" lon="8.546601"><ele>101.0</ele></trkpt>
      <trkpt lat="49.413253" lon="8.546455"><ele>101.0</ele></trkpt>
      <trkpt lat="49.413273" lon="8.546287"><ele>101.0</ele></trkpt>
      <trkpt lat="49.413266" lon="8.546136"><ele>101.0</ele></trkpt>
      <trkpt lat="49.413222" lon="8.545885"><ele>101.0</ele></trkpt>
      <trkpt lat="49.413156" lon="8.545458"><ele>101.0</ele></trkpt>
      <trkpt lat="49.413125" lon="8.545238"><ele>100.8</ele></trkpt>
      <trkpt lat="49.413120" lon="8.545071"><ele>100.2</ele></trkpt>
      <trkpt lat="49.413144" lon="8.544917"><ele>100.0</ele></trkpt>
      <trkpt lat="49.413199" lon="8.544796"><ele>100.0</ele></trkpt>
      <trkpt lat="49.413186" lon="8.544716"><ele>100.0</ele></trkpt>
      <trkpt lat="49.413190" lon="8.544648"><ele>100.0</ele></trkpt>
      <trkpt lat="49.413199" lon="8.544499"><ele>100.0</ele></trkpt>
      <trkpt lat="49.413211" lon="8.543699"><ele>100.0</ele></trkpt>
      <trkpt lat="49.413224" lon="8.543531"><ele>100.0</ele></trkpt>
      <trkpt lat="49.413257" lon="8.543396"><ele>100.0</ele></trkpt>
      <trkpt lat="49.413322" lon="8.543274"><ele>100.0</ele></trkpt>
      <trkpt lat="49.413399" lon="8.543194"><ele>100.0</ele></trkpt>
      <trkpt lat="49.414119" lon="8.542667"><ele>100.0</ele></trkpt>
      <trkpt lat="49.415354" lon="8.541726"><ele>100.0</ele></trkpt>
      <trkpt lat="49.415955" lon="8.541258"><ele>100.0</ele></trkpt>
      <trkpt lat="49.416121" lon="8.541130"><ele>100.0</ele></trkpt>
      <trkpt lat="49.416768" lon="8.540597"><ele>100.0</ele></trkpt>
      <trkpt lat="49.417096" lon="8.540260"><ele>100.0</ele></trkpt>
      <trkpt lat="49.417371" lon="8.539920"><ele>100.0</ele></trkpt>
      <trkpt lat="49.417583" lon="8.539622"><ele>100.0</ele></trkpt>
      <trkpt lat="49.417770" lon="8.539438"><ele>100.0</ele></trkpt>
      <trkpt lat="49.417980" lon="8.539290"><ele>100.0</ele></trkpt>
      <trkpt lat="49.418228" lon="8.539138"><ele>100.0</ele></trkpt>
      <trkpt lat="49.418375" lon="8.539089"><ele>100.0</ele></trkpt>
      <trkpt lat="49.418484" lon="8.539047"><ele>100.0</ele></trkpt>
      <trkpt lat="49.418657" lon="8.538992"><ele>100.0</ele></trkpt>
      <trkpt lat="49.418843" lon="8.538971"><ele>100.0</ele></trkpt>
      <trkpt lat="49.419071" lon="8.538959"><ele>100.0</ele></trkpt>
      <trkpt lat="49.419240" lon="8.538997"><ele>100.0</ele></trkpt>
      <trkpt lat="49.419560" lon="8.539035"><ele>100.0</ele></trkpt>
      <trkpt lat="49.419731" lon="8.539019"><ele>100.0</ele></trkpt>
      <trkpt lat="49.419901" lon="8.538965"><ele>100.0</ele></trkpt>
      <trkpt lat="49.420105" lon="8.538870"><ele>100.0</ele></trkpt>
      <trkpt lat="49.420385" lon="8.538682"><ele>100.0</ele></trkpt>
      <trkpt lat="49.420752" lon="8.538327"><ele>100.0</ele></trkpt>
      <trkpt lat="49.421029" lon="8.537988"><ele>100.0</ele></trkpt>
      <trkpt lat="49.421280" lon="8.537620"><ele>100.0</ele></trkpt>
      <trkpt lat="49.421384" lon="8.537431"><ele>100.0</ele></trkpt>
      <trkpt lat="49.421509" lon="8.537186"><ele>100.0</ele></trkpt>
      <trkpt lat="49.421596" lon="8.536934"><ele>100.0</ele></trkpt>
      <trkpt lat="49.421686" lon="8.536566"><ele>100.0</ele></trkpt>
      <trkpt lat="49.421753" lon="8.536436"><ele>99.8</ele></trkpt>
      <trkpt lat="49.421869" lon="8.536341"><ele>100.0</ele></trkpt>
      <trkpt lat="49.422200" lon="8.536096"><ele>100.0</ele></trkpt>
      <trkpt lat="49.422459" lon="8.535883"><ele>100.0</ele></trkpt>
      <trkpt lat="49.422510" lon="8.535842"><ele>99.8</ele></trkpt>
      <trkpt lat="49.423313" lon="8.535188"><ele>100.0</ele></trkpt>
      <trkpt lat="49.423530" lon="8.535019"><ele>100.0</ele></trkpt>
      <trkpt lat="49.423543" lon="8.535002"><ele>100.0</ele></trkpt>
      <trkpt lat="49.423586" lon="8.534886"><ele>100.0</ele></trkpt>
      <trkpt lat="49.423634" lon="8.534848"><ele>100.0</ele></trkpt>
      <trkpt lat="49.423821" lon="8.534701"><ele>100.0</ele></trkpt>
      <trkpt lat="49.423936" lon="8.534606"><ele>100.0</ele></trkpt>
      <trkpt lat="49.424079" lon="8.534491"><ele>100.0</ele></trkpt>
      <trkpt lat="49.424163" lon="8.534424"><ele>100.0</ele></trkpt>
      <trkpt lat="49.424369" lon="8.534258"><ele>100.0</ele></trkpt>
      <trkpt lat="49.424598" lon="8.534057"><ele>100.0</ele></trkpt>
      <trkpt lat="49.424700" lon="8.533951"><ele>100.0</ele></trkpt>
      <trkpt lat="49.424851" lon="8.533782"><ele>100.0</ele></trkpt>
      <trkpt lat="49.425152" lon="8.533411"><ele>100.0</ele></trkpt>
      <trkpt lat="49.425968" lon="8.532403"><ele>100.0</ele></trkpt>
      <trkpt lat="49.426109" lon="8.532235"><ele>100.0</ele></trkpt>
      <trkpt lat="49.426314" lon="8.531960"><ele>100.0</ele></trkpt>
      <trkpt lat="49.426793" lon="8.531346"><ele>100.0</ele></trkpt>
      <trkpt lat="49.426908" lon="8.531202"><ele>100.5</ele></trkpt>
      <trkpt lat="49.427247" lon="8.530810"><ele>101.0</ele></trkpt>
      <trkpt lat="49.427561" lon="8.530435"><ele>101.0</ele></trkpt>
      <trkpt lat="49.431075" lon="8.526090"><ele>99.0</ele></trkpt>
      <trkpt lat="49.431703" lon="8.525314"><ele>98.0</ele></trkpt>
      <trkpt lat="49.433672" lon="8.522880"><ele>97.8</ele></trkpt>
      <trkpt lat="49.433795" lon="8.522718"><ele>97.2</ele></trkpt>
      <trkpt lat="49.434005" lon="8.522411"><ele>97.2</ele></trkpt>
      <trkpt lat="49.434080" lon="8.522314"><ele>97.2</ele></trkpt>
      <trkpt lat="49.434243" lon="8.522106"><ele>97.0</ele></trkpt>
      <trkpt lat="49.434486" lon="8.521802"><ele>96.8</ele></trkpt>
      <trkpt lat="49.434533" lon="8.521747"><ele>96.2</ele></trkpt>
      <trkpt lat="49.434555" lon="8.521719"><ele>96.2</ele></trkpt>
      <trkpt lat="49.434828" lon="8.521383"><ele>97.0</ele></trkpt>
      <trkpt lat="49.434928" lon="8.521255"><ele>97.0</ele></trkpt>
      <trkpt lat="49.435048" lon="8.521109"><ele>97.0</ele></trkpt>
      <trkpt lat="49.435205" lon="8.520951"><ele>97.0</ele></trkpt>
      <trkpt lat="49.435957" lon="8.520011"><ele>96.0</ele></trkpt>
      <trkpt lat="49.436135" lon="8.519818"><ele>95.8</ele></trkpt>
      <trkpt lat="49.436276" lon="8.519645"><ele>96.0</ele></trkpt>
      <trkpt lat="49.436446" lon="8.519436"><ele>95.8</ele></trkpt>
      <trkpt lat="49.436749" lon="8.519061"><ele>95.5</ele></trkpt>
      <trkpt lat="49.436834" lon="8.518958"><ele>95.2</ele></trkpt>
      <trkpt lat="49.436999" lon="8.518759"><ele>95.2</ele></trkpt>
      <trkpt lat="49.437364" lon="8.518309"><ele>95.0</ele></trkpt>
      <trkpt lat="49.437641" lon="8.517964"><ele>95.0</ele></trkpt>
      <trkpt lat="49.437937" lon="8.517598"><ele>95.0</ele></trkpt>
      <trkpt lat="49.438455" lon="8.516910"><ele>95.0</ele></trkpt>
      <trkpt lat="49.438641" lon="8.516663"><ele>95.0</ele></trkpt>
      <trkpt lat="49.439279" lon="8.515767"><ele>94.8</ele></trkpt>
      <trkpt lat="49.439915" lon="8.514809"><ele>94.2</ele></trkpt>
      <trkpt lat="49.439941" lon="8.514766"><ele>94.2</ele></trkpt>
      <trkpt lat="49.440012" lon="8.514658"><ele>93.8</ele></trkpt>
      <trkpt lat="49.440174" lon="8.514394"><ele>94.0</ele></trkpt>
      <trkpt lat="49.440613" lon="8.513682"><ele>94.0</ele></trkpt>
      <trkpt lat="49.441004" lon="8.513011"><ele>94.0</ele></trkpt>
      <trkpt lat="49.443072" lon="8.509413"><ele>93.2</ele></trkpt>
      <trkpt lat="49.443432" lon="8.508783"><ele>93.2</ele></trkpt>
      <trkpt lat="49.444030" lon="8.507746"><ele>93.8</ele></trkpt>
      <trkpt lat="49.444595" lon="8.506764"><ele>93.5</ele></trkpt>
      <trkpt lat="49.444944" lon="8.506155"><ele>93.0</ele></trkpt>
      <trkpt lat="49.445166" lon="8.505767"><ele>93.0</ele></trkpt>
      <trkpt lat="49.445197" lon="8.505714"><ele>93.0</ele></trkpt>
      <trkpt lat="49.445365" lon="8.505395"><ele>93.5</ele></trkpt>
      <trkpt lat="49.445591" lon="8.504971"><ele>93.8</ele></trkpt>
      <trkpt lat="49.445636" lon="8.504885"><ele>93.5</ele></trkpt>
      <trkpt lat="49.446002" lon="8.504262"><ele>93.8</ele></trkpt>
      <trkpt lat="49.446065" lon="8.504156"><ele>94.0</ele></trkpt>
      <trkpt lat="49.446100" lon="8.504097"><ele>94.0</ele></trkpt>
      <trkpt lat="49.446506" lon="8.503405"><ele>93.0</ele></trkpt>
      <trkpt lat="49.446975" lon="8.502617"><ele>93.0</ele></trkpt>
      <trkpt lat="49.447852" lon="8.501088"><ele>93.0</ele></trkpt>
      <trkpt lat="49.448060" lon="8.500766"><ele>93.0</ele></trkpt>
      <trkpt lat="49.448240" lon="8.500472"><ele>93.0</ele></trkpt>
      <trkpt lat="49.448444" lon="8.500271"><ele>93.0</ele></trkpt>
      <trkpt lat="49.448864" lon="8.499855"><ele>93.0</ele></trkpt>
      <trkpt lat="49.449166" lon="8.499574"><ele>93.0</ele></trkpt>
      <trkpt lat="49.450123" lon="8.498660"><ele>93.0</ele></trkpt>
      <trkpt lat="49.450531" lon="8.498276"><ele>94.2</ele></trkpt>
      <trkpt lat="49.450598" lon="8.498212"><ele>94.2</ele></trkpt>
      <trkpt lat="49.450698" lon="8.498125"><ele>94.2</ele></trkpt>
      <trkpt lat="49.450746" lon="8.498076"><ele>94.2</ele></trkpt>
      <trkpt lat="49.451782" lon="8.497072"><ele>94.5</ele></trkpt>
      <trkpt lat="49.452264" lon="8.496612"><ele>93.8</ele></trkpt>
      <trkpt lat="49.452307" lon="8.496611"><ele>93.8</ele></trkpt>
      <trkpt lat="49.452615" lon="8.496342"><ele>93.5</ele></trkpt>
      <trkpt lat="49.452843" lon="8.496125"><ele>93.8</ele></trkpt>
      <trkpt lat="49.453186" lon="8.495781"><ele>93.0</ele></trkpt>
      <trkpt lat="49.453234" lon="8.495742"><ele>92.8</ele></trkpt>
      <trkpt lat="49.453288" lon="8.495697"><ele>92.5</ele></trkpt>
      <trkpt lat="49.453413" lon="8.495609"><ele>93.0</ele></trkpt>
      <trkpt lat="49.453655" lon="8.495395"><ele>93.8</ele></trkpt>
      <trkpt lat="49.453724" lon="8.495326"><ele>93.5</ele></trkpt>
      <trkpt lat="49.453841" lon="8.495246"><ele>93.0</ele></trkpt>
      <trkpt lat="49.453892" lon="8.495185"><ele>92.5</ele></trkpt>
      <trkpt lat="49.453941" lon="8.495127"><ele>92.5</ele></trkpt>
      <trkpt lat="49.454038" lon="8.495052"><ele>92.5</ele></trkpt>
      <trkpt lat="49.454330" lon="8.494885"><ele>92.0</ele></trkpt>
      <trkpt lat="49.454470" lon="8.494819"><ele>92.0</ele></trkpt>
      <trkpt lat="49.455043" lon="8.494586"><ele>92.0</ele></trkpt>
      <trkpt lat="49.455101" lon="8.494586"><ele>92.0</ele></trkpt>
      <trkpt lat="49.455223" lon="8.494539"><ele>92.0</ele></trkpt>
      <trkpt lat="49.455441" lon="8.494451"><ele>92.0</ele></trkpt>
      <trkpt lat="49.455486" lon="8.494411"><ele>92.0</ele></trkpt>
      <trkpt lat="49.455642" lon="8.494353"><ele>92.0</ele></trkpt>
      <trkpt lat="49.455774" lon="8.494300"><ele>92.0</ele></trkpt>
      <trkpt lat="49.456073" lon="8.494207"><ele>92.0</ele></trkpt>
      <trkpt lat="49.457299" lon="8.493727"><ele>92.0</ele></trkpt>
      <trkpt lat="49.457561" lon="8.493567"><ele>92.0</ele></trkpt>
      <trkpt lat="49.457593" lon="8.493518"><ele>92.0</ele></trkpt>
      <trkpt lat="49.457883" lon="8.493301"><ele>92.0</ele></trkpt>
      <trkpt lat="49.457996" lon="8.493209"><ele>92.2</ele></trkpt>
      <trkpt lat="49.458388" lon="8.492758"><ele>93.0</ele></trkpt>
      <trkpt lat="49.459067" lon="8.492198"><ele>93.0</ele></trkpt>
      <trkpt lat="49.459094" lon="8.492176"><ele>93.0</ele></trkpt>
      <trkpt lat="49.459497" lon="8.491861"><ele>93.0</ele></trkpt>
      <trkpt lat="49.459681" lon="8.491705"><ele>93.0</ele></trkpt>
      <trkpt lat="49.460030" lon="8.491412"><ele>93.0</ele></trkpt>
      <trkpt lat="49.460147" lon="8.491312"><ele>93.0</ele></trkpt>
      <trkpt lat="49.460797" lon="8.490751"><ele>93.0</ele></trkpt>
      <trkpt lat="49.461071" lon="8.490525"><ele>93.0</ele></trkpt>
      <trkpt lat="49.461453" lon="8.490206"><ele>93.0</ele></trkpt>
      <trkpt lat="49.461700" lon="8.489999"><ele>93.0</ele></trkpt>
      <trkpt lat="49.462139" lon="8.489627"><ele>93.0</ele></trkpt>
      <trkpt lat="49.462811" lon="8.489085"><ele>93.0</ele></trkpt>
      <trkpt lat="49.462880" lon="8.489028"><ele>93.0</ele></trkpt>
      <trkpt lat="49.463135" lon="8.488821"><ele>93.0</ele></trkpt>
      <trkpt lat="49.463174" lon="8.488788"><ele>93.0</ele></trkpt>
      <trkpt lat="49.463584" lon="8.488454"><ele>93.0</ele></trkpt>
      <trkpt lat="49.463707" lon="8.488355"><ele>93.0</ele></trkpt>
      <trkpt lat="49.464168" lon="8.487960"><ele>93.0</ele></trkpt>
      <trkpt lat="49.464586" lon="8.487629"><ele>93.0</ele></trkpt>
      <trkpt lat="49.464847" lon="8.487400"><ele>93.0</ele></trkpt>
      <trkpt lat="49.464923" lon="8.487336"><ele>93.0</ele></trkpt>
      <trkpt lat="49.465477" lon="8.486882"><ele>93.0</ele></trkpt>
      <trkpt lat="49.465538" lon="8.486831"><ele>93.0</ele></trkpt>
      <trkpt lat="49.465759" lon="8.486653"><ele>93.5</ele></trkpt>
      <trkpt lat="49.466038" lon="8.486427"><ele>94.0</ele></trkpt>
      <trkpt lat="49.466150" lon="8.486366"><ele>94.0</ele></trkpt>
      <trkpt lat="49.466421" lon="8.486124"><ele>94.0</ele></trkpt>
      <trkpt lat="49.466505" lon="8.486019"><ele>94.0</ele></trkpt>
      <trkpt lat="49.466630" lon="8.485877"><ele>94.0</ele></trkpt>
      <trkpt lat="49.467049" lon="8.485505"><ele>94.0</ele></trkpt>
      <trkpt lat="49.467192" lon="8.485344"><ele>94.0</ele></trkpt>
      <trkpt lat="49.467422" lon="8.485162"><ele>94.0</ele></trkpt>
      <trkpt lat="49.467441" lon="8.485129"><ele>94.0</ele></trkpt>
      <trkpt lat="49.467562" lon="8.485027"><ele>94.0</ele></trkpt>
      <trkpt lat="49.467954" lon="8.484745"><ele>94.0</ele></trkpt>
      <trkpt lat="49.468062" lon="8.484671"><ele>94.0</ele></trkpt>
      <trkpt lat="49.468574" lon="8.484283"><ele>94.0</ele></trkpt>
      <trkpt lat="49.468719" lon="8.484211"><ele>94.0</ele></trkpt>
      <trkpt lat="49.468813" lon="8.484170"><ele>94.0</ele></trkpt>
      <trkpt lat="49.468970" lon="8.484125"><ele>94.0</ele></trkpt>
      <trkpt lat="49.469327" lon="8.484115"><ele>94.0</ele></trkpt>
      <trkpt lat="49.469332" lon="8.484034"><ele>94.0</ele></trkpt>
      <trkpt lat="49.469337" lon="8.483964"><ele>94.0</ele></trkpt>
      <trkpt lat="49.469298" lon="8.483957"><ele>94.0</ele></trkpt>
      <trkpt lat="49.469316" lon="8.483916"><ele>94.0</ele></trkpt>
      <trkpt lat="49.469327" lon="8.483892"><ele>94.0</ele></trkpt>
      <trkpt lat="49.469339" lon="8.483865"><ele>94.0</ele></trkpt>
      <trkpt lat="49.469355" lon="8.483826"><ele>94.0</ele></trkpt>
      <trkpt lat="49.469308" lon="8.483818"><ele>94.0</ele></trkpt>
      <trkpt lat="49.469307" lon="8.483721"><ele>94.0</ele></trkpt>
      <trkpt lat="49.469306" lon="8.483618"><ele>94.0</ele></trkpt>
      <trkpt lat="49.469704" lon="8.483638"><ele>94.0</ele></trkpt>
      <trkpt lat="49.469867" lon="8.483723"><ele>94.0</ele></trkpt>
      <trkpt lat="49.469861" lon="8.483673"><ele>94.0</ele></trkpt>
      <trkpt lat="49.469812" lon="8.483224"><ele>94.0</ele></trkpt>
      <trkpt lat="49.469812" lon="8.483083"><ele>94.0</ele></trkpt>
      <trkpt lat="49.469853" lon="8.482995"><ele>94.0</ele></trkpt>
      <trkpt lat="49.469954" lon="8.482866"><ele>94.0</ele></trkpt>
      <trkpt lat="49.470511" lon="8.482098"><ele>94.0</ele></trkpt>
      <trkpt lat="49.470584" lon="8.481984"><ele>93.8</ele></trkpt>
      <trkpt lat="49.470637" lon="8.481902"><ele>93.5</ele></trkpt>
      <trkpt lat="49.470992" lon="8.481330"><ele>93.0</ele></trkpt>
      <trkpt lat="49.471063" lon="8.481198"><ele>93.0</ele></trkpt>
      <trkpt lat="49.471397" lon="8.480575"><ele>93.0</ele></trkpt>
      <trkpt lat="49.471405" lon="8.480561"><ele>92.8</ele></trkpt>
      <trkpt lat="49.471435" lon="8.480490"><ele>93.0</ele></trkpt>
      <trkpt lat="49.471479" lon="8.480386"><ele>93.0</ele></trkpt>
      <trkpt lat="49.471586" lon="8.480113"><ele>93.0</ele></trkpt>
      <trkpt lat="49.471600" lon="8.480075"><ele>93.0</ele></trkpt>
      <trkpt lat="49.471968" lon="8.479104"><ele>93.0</ele></trkpt>
      <trkpt lat="49.472202" lon="8.478484"><ele>93.0</ele></trkpt>
      <trkpt lat="49.472442" lon="8.477872"><ele>93.0</ele></trkpt>
      <trkpt lat="49.472730" lon="8.477147"><ele>93.0</ele></trkpt>
      <trkpt lat="49.472784" lon="8.477024"><ele>93.0</ele></trkpt>
      <trkpt lat="49.472795" lon="8.476999"><ele>93.0</ele></trkpt>
      <trkpt lat="49.472803" lon="8.476982"><ele>93.0</ele></trkpt>
      <trkpt lat="49.472853" lon="8.476859"><ele>93.0</ele></trkpt>
      <trkpt lat="49.472858" lon="8.476848"><ele>93.0</ele></trkpt>
      <trkpt lat="49.472903" lon="8.476831"><ele>93.0</ele></trkpt>
      <trkpt lat="49.472994" lon="8.476651"><ele>93.0</ele></trkpt>
      <trkpt lat="49.473029" lon="8.476596"><ele>93.0</ele></trkpt>
      <trkpt lat="49.473084" lon="8.476530"><ele>93.0</ele></trkpt>
      <trkpt lat="49.473277" lon="8.476307"><ele>93.0</ele></trkpt>
      <trkpt lat="49.473360" lon="8.476215"><ele>93.0</ele></trkpt>
      <trkpt lat="49.473472" lon="8.476086"><ele>93.0</ele></trkpt>
      <trkpt lat="49.473558" lon="8.475983"><ele>93.0</ele></trkpt>
      <trkpt lat="49.473645" lon="8.475874"><ele>93.0</ele></trkpt>
      <trkpt lat="49.473696" lon="8.475818"><ele>93.0</ele></trkpt>
      <trkpt lat="49.473775" lon="8.475729"><ele>93.2</ele></trkpt>
      <trkpt lat="49.474032" lon="8.475435"><ele>94.0</ele></trkpt>
      <trkpt lat="49.474144" lon="8.475268"><ele>94.0</ele></trkpt>
      <trkpt lat="49.474333" lon="8.474887"><ele>94.5</ele></trkpt>
      <trkpt lat="49.474378" lon="8.474795"><ele>94.8</ele></trkpt>
      <trkpt lat="49.474407" lon="8.474728"><ele>94.8</ele></trkpt>
      <trkpt lat="49.474836" lon="8.473839"><ele>95.0</ele></trkpt>
      <trkpt lat="49.474869" lon="8.473770"><ele>95.0</ele></trkpt>
      <trkpt lat="49.474974" lon="8.473552"><ele>94.8</ele></trkpt>
      <trkpt lat="49.474998" lon="8.473500"><ele>94.8</ele></trkpt>
      <trkpt lat="49.475061" lon="8.473320"><ele>95.0</ele></trkpt>
      <trkpt lat="49.475768" lon="8.471894"><ele>95.0</ele></trkpt>
      <trkpt lat="49.475809" lon="8.471813"><ele>95.0</ele></trkpt>
      <trkpt lat="49.475958" lon="8.471512"><ele>95.0</ele></trkpt>
      <trkpt lat="49.476003" lon="8.471439"><ele>95.0</ele></trkpt>
      <trkpt lat="49.476111" lon="8.471323"><ele>94.8</ele></trkpt>
      <trkpt lat="49.476163" lon="8.471217"><ele>94.0</ele></trkpt>
      <trkpt lat="49.476280" lon="8.470985"><ele>93.0</ele></trkpt>
      <trkpt lat="49.476316" lon="8.470910"><ele>93.0</ele></trkpt>
      <trkpt lat="49.476379" lon="8.470801"><ele>93.0</ele></trkpt>
      <trkpt lat="49.476467" lon="8.470666"><ele>93.0</ele></trkpt>
      <trkpt lat="49.476566" lon="8.470500"><ele>93.0</ele></trkpt>
      <trkpt lat="49.476928" lon="8.469822"><ele>94.0</ele></trkpt>
      <trkpt lat="49.476976" lon="8.469728"><ele>94.0</ele></trkpt>
      <trkpt lat="49.477013" lon="8.469660"><ele>94.0</ele></trkpt>
      <trkpt lat="49.477054" lon="8.469587"><ele>94.0</ele></trkpt>
      <trkpt lat="49.477245" lon="8.469230"><ele>95.0</ele></trkpt>
      <trkpt lat="49.477284" lon="8.469153"><ele>95.0</ele></trkpt>
      <trkpt lat="49.477319" lon="8.469084"><ele>95.0</ele></trkpt>
      <trkpt lat="49.477465" lon="8.468798"><ele>95.0</ele></trkpt>
      <trkpt lat="49.477636" lon="8.468439"><ele>95.0</ele></trkpt>
      <trkpt lat="49.477782" lon="8.468113"><ele>95.0</ele></trkpt>
      <trkpt lat="49.477823" lon="8.468015"><ele>95.0</ele></trkpt>
      <trkpt lat="49.477872" lon="8.467896"><ele>95.0</ele></trkpt>
      <trkpt lat="49.478038" lon="8.467509"><ele>95.0</ele></trkpt>
      <trkpt lat="49.478139" lon="8.467262"><ele>95.0</ele></trkpt>
      <trkpt lat="49.478245" lon="8.467020"><ele>95.0</ele></trkpt>
      <trkpt lat="49.478301" lon="8.466890"><ele>95.0</ele></trkpt>
      <trkpt lat="49.478303" lon="8.466940"><ele>95.0</ele></trkpt>
      <trkpt lat="49.478322" lon="8.467195"><ele>95.0</ele></trkpt>
      <trkpt lat="49.478368" lon="8.467921"><ele>95.0</ele></trkpt>
      <trkpt lat="49.478385" lon="8.467945"><ele>95.0</ele></trkpt>
      <trkpt lat="49.478402" lon="8.468204"><ele>95.0</ele></trkpt>
      <trkpt lat="49.478185" lon="8.468683"><ele>95.0</ele></trkpt>
      <trkpt lat="49.478228" lon="8.468733"><ele>95.0</ele></trkpt>
      <trkpt lat="49.478360" lon="8.468481"><ele>95.0</ele></trkpt>
      <trkpt lat="49.478381" lon="8.468475"><ele>95.0</ele></trkpt>
      <trkpt lat="49.478392" lon="8.468488"><ele>95.0</ele></trkpt>
      <trkpt lat="49.478397" lon="8.468520"><ele>95.0</ele></trkpt>
      <trkpt lat="49.478390" lon="8.468538"><ele>95.0</ele></trkpt>
      <trkpt lat="49.478151" lon="8.469002"><ele>95.0</ele></trkpt>
      <trkpt lat="49.478151" lon="8.469029"><ele>94.8</ele></trkpt>
      <trkpt lat="49.478260" lon="8.469152"><ele>94.8</ele></trkpt>
      <trkpt lat="49.478304" lon="8.469201"><ele>94.8</ele></trkpt>
      <trkpt lat="49.478556" lon="8.469484"><ele>94.5</ele></trkpt>
      <trkpt lat="49.478562" lon="8.469491"><ele>94.5</ele></trkpt>
      <trkpt lat="49.478566" lon="8.469496"><ele>94.5</ele></trkpt>
      <trkpt lat="49.478672" lon="8.469619"><ele>94.2</ele></trkpt>
      <trkpt lat="49.478679" lon="8.469626"><ele>94.2</ele></trkpt>
      <trkpt lat="49.478683" lon="8.469631"><ele>94.2</ele></trkpt>
      <trkpt lat="49.478791" lon="8.469749"><ele>94.2</ele></trkpt>
      <trkpt lat="49.478796" lon="8.469755"><ele>94.2</ele></trkpt>
      <trkpt lat="49.478801" lon="8.469761"><ele>94.2</ele></trkpt>
      <trkpt lat="49.478947" lon="8.469925"><ele>94.0</ele></trkpt>
      <trkpt lat="49.478960" lon="8.469940"><ele>94.0</ele></trkpt>
      <trkpt lat="49.478973" lon="8.469955"><ele>94.0</ele></trkpt>
      <trkpt lat="49.479086" lon="8.470082"><ele>93.8</ele></trkpt>
      <trkpt lat="49.479099" lon="8.470097"><ele>93.8</ele></trkpt>
      <trkpt lat="49.479112" lon="8.470111"><ele>93.8</ele></trkpt>
      <trkpt lat="49.479241" lon="8.470256"><ele>93.8</ele></trkpt>
      <trkpt lat="49.479274" lon="8.470266"><ele>93.5</ele></trkpt>
      <trkpt lat="49.479286" lon="8.470308"><ele>93.5</ele></trkpt>
      <trkpt lat="49.479336" lon="8.470366"><ele>93.5</ele></trkpt>
      <trkpt lat="49.479350" lon="8.470335"><ele>93.5</ele></trkpt>
      <trkpt lat="49.479431" lon="8.470173"><ele>93.5</ele></trkpt>
      <trkpt lat="49.479593" lon="8.469846"><ele>93.2</ele></trkpt>
      <trkpt lat="49.479559" lon="8.469806"><ele>93.2</ele></trkpt>
      <trkpt lat="49.479549" lon="8.469795"><ele>93.2</ele></trkpt>
      <trkpt lat="49.479560" lon="8.469806"><ele>93.2</ele></trkpt>
      <trkpt lat="49.479567" lon="8.469816"><ele>93.2</ele></trkpt>
      <trkpt lat="49.479579" lon="8.469791"><ele>93.2</ele></trkpt>
      <trkpt lat="49.479535" lon="8.469738"><ele>93.5</ele></trkpt>
      <trkpt lat="49.479538" lon="8.469662"><ele>93.8</ele></trkpt>
      <trkpt lat="49.479781" lon="8.469205"><ele>94.5</ele></trkpt>
      <trkpt lat="49.479757" lon="8.469178"><ele>94.8</ele></trkpt>
      <trkpt lat="49.479769" lon="8.469153"><ele>94.8</ele></trkpt>
      <trkpt lat="49.479815" lon="8.469058"><ele>94.8</ele></trkpt>
      <trkpt lat="49.479833" lon="8.469020"><ele>94.8</ele></trkpt>
      <trkpt lat="49.479808" lon="8.468992"><ele>94.8</ele></trkpt>
      <trkpt lat="49.479710" lon="8.468880"><ele>94.8</ele></trkpt>
      <trkpt lat="49.479570" lon="8.468721"><ele>94.8</ele></trkpt>
      <trkpt lat="49.479551" lon="8.468763"><ele>95.0</ele></trkpt>
      <trkpt lat="49.479507" lon="8.468852"><ele>95.0</ele></trkpt>
      <trkpt lat="49.479503" lon="8.468860"><ele>95.0</ele></trkpt>
      <trkpt lat="49.479479" lon="8.468832"><ele>95.0</ele></trkpt>
    </trkseg>
  </trk>
</gpx>
