<?xml version="1.0" encoding="UTF-8"?>
<gpx version="1.1" creator="Gravel Kompass" xmlns="http://www.topografix.com/GPX/1/1">
  <metadata><name>Seenplatten-Runde: Müritz, Mecklenburgische Schweiz &amp; Heide</name></metadata>
  <trk>
    <name>Seenplatten-Runde: Müritz, Mecklenburgische Schweiz &amp; Heide (komplett)</name>
    <trkseg>
      <trkpt lat="53.362334" lon="13.063557"><ele>72.0</ele></trkpt>
      <trkpt lat="53.362753" lon="13.062856"><ele>72.0</ele></trkpt>
      <trkpt lat="53.362785" lon="13.062803"><ele>72.0</ele></trkpt>
      <trkpt lat="53.362880" lon="13.062642"><ele>72.0</ele></trkpt>
      <trkpt lat="53.362929" lon="13.062711"><ele>72.0</ele></trkpt>
      <trkpt lat="53.362985" lon="13.062763"><ele>72.0</ele></trkpt>
      <trkpt lat="53.363046" lon="13.062798"><ele>71.8</ele></trkpt>
      <trkpt lat="53.363109" lon="13.062813"><ele>72.0</ele></trkpt>
      <trkpt lat="53.363173" lon="13.062809"><ele>72.0</ele></trkpt>
      <trkpt lat="53.363232" lon="13.062788"><ele>72.0</ele></trkpt>
      <trkpt lat="53.363288" lon="13.062750"><ele>72.0</ele></trkpt>
      <trkpt lat="53.363339" lon="13.062696"><ele>72.0</ele></trkpt>
      <trkpt lat="53.363384" lon="13.062629"><ele>72.0</ele></trkpt>
      <trkpt lat="53.363417" lon="13.062561"><ele>72.0</ele></trkpt>
      <trkpt lat="53.363443" lon="13.062485"><ele>71.8</ele></trkpt>
      <trkpt lat="53.363463" lon="13.062403"><ele>71.8</ele></trkpt>
      <trkpt lat="53.363475" lon="13.062317"><ele>71.5</ele></trkpt>
      <trkpt lat="53.363479" lon="13.062229"><ele>71.2</ele></trkpt>
      <trkpt lat="53.363475" lon="13.062135"><ele>71.0</ele></trkpt>
      <trkpt lat="53.363461" lon="13.062042"><ele>70.8</ele></trkpt>
      <trkpt lat="53.363439" lon="13.061955"><ele>70.5</ele></trkpt>
      <trkpt lat="53.363409" lon="13.061874"><ele>70.2</ele></trkpt>
      <trkpt lat="53.363371" lon="13.061803"><ele>69.8</ele></trkpt>
      <trkpt lat="53.363503" lon="13.061580"><ele>69.0</ele></trkpt>
      <trkpt lat="53.363517" lon="13.061555"><ele>69.0</ele></trkpt>
      <trkpt lat="53.363664" lon="13.061303"><ele>68.5</ele></trkpt>
      <trkpt lat="53.364130" lon="13.060540"><ele>65.0</ele></trkpt>
      <trkpt lat="53.364188" lon="13.060442"><ele>64.8</ele></trkpt>
      <trkpt lat="53.364811" lon="13.059405"><ele>61.8</ele></trkpt>
      <trkpt lat="53.364954" lon="13.059168"><ele>61.0</ele></trkpt>
      <trkpt lat="53.364977" lon="13.059129"><ele>61.0</ele></trkpt>
      <trkpt lat="53.365416" lon="13.058487"><ele>61.0</ele></trkpt>
      <trkpt lat="53.365482" lon="13.058304"><ele>61.0</ele></trkpt>
      <trkpt lat="53.365583" lon="13.058192"><ele>61.0</ele></trkpt>
      <trkpt lat="53.365667" lon="13.058139"><ele>61.0</ele></trkpt>
      <trkpt lat="53.365723" lon="13.058107"><ele>61.0</ele></trkpt>
      <trkpt lat="53.366357" lon="13.057723"><ele>59.8</ele></trkpt>
      <trkpt lat="53.366648" lon="13.057545"><ele>60.0</ele></trkpt>
      <trkpt lat="53.366745" lon="13.057487"><ele>60.0</ele></trkpt>
      <trkpt lat="53.366866" lon="13.057414"><ele>60.0</ele></trkpt>
      <trkpt lat="53.366909" lon="13.057387"><ele>60.0</ele></trkpt>
      <trkpt lat="53.366974" lon="13.057349"><ele>60.0</ele></trkpt>
      <trkpt lat="53.367970" lon="13.056742"><ele>60.0</ele></trkpt>
      <trkpt lat="53.368777" lon="13.056253"><ele>60.5</ele></trkpt>
      <trkpt lat="53.369257" lon="13.055961"><ele>60.5</ele></trkpt>
      <trkpt lat="53.369410" lon="13.055872"><ele>60.8</ele></trkpt>
      <trkpt lat="53.369845" lon="13.055623"><ele>61.0</ele></trkpt>
      <trkpt lat="53.370268" lon="13.055412"><ele>60.8</ele></trkpt>
      <trkpt lat="53.370435" lon="13.055334"><ele>61.0</ele></trkpt>
      <trkpt lat="53.371041" lon="13.055045"><ele>61.0</ele></trkpt>
      <trkpt lat="53.371048" lon="13.055042"><ele>61.0</ele></trkpt>
      <trkpt lat="53.371313" lon="13.054916"><ele>61.0</ele></trkpt>
      <trkpt lat="53.371555" lon="13.054801"><ele>61.2</ele></trkpt>
      <trkpt lat="53.373025" lon="13.054102"><ele>62.0</ele></trkpt>
      <trkpt lat="53.373339" lon="13.053954"><ele>61.8</ele></trkpt>
      <trkpt lat="53.373488" lon="13.053883"><ele>62.0</ele></trkpt>
      <trkpt lat="53.374126" lon="13.053583"><ele>62.0</ele></trkpt>
      <trkpt lat="53.374162" lon="13.053567"><ele>62.0</ele></trkpt>
      <trkpt lat="53.374336" lon="13.053485"><ele>62.5</ele></trkpt>
      <trkpt lat="53.374380" lon="13.053463"><ele>62.8</ele></trkpt>
      <trkpt lat="53.374583" lon="13.053362"><ele>63.0</ele></trkpt>
      <trkpt lat="53.374718" lon="13.053355"><ele>63.0</ele></trkpt>
      <trkpt lat="53.374753" lon="13.053481"><ele>63.0</ele></trkpt>
      <trkpt lat="53.374841" lon="13.053581"><ele>63.0</ele></trkpt>
      <trkpt lat="53.374933" lon="13.053597"><ele>63.0</ele></trkpt>
      <trkpt lat="53.374975" lon="13.053571"><ele>63.0</ele></trkpt>
      <trkpt lat="53.375036" lon="13.053514"><ele>63.0</ele></trkpt>
      <trkpt lat="53.375092" lon="13.053445"><ele>63.0</ele></trkpt>
      <trkpt lat="53.375152" lon="13.053238"><ele>63.0</ele></trkpt>
      <trkpt lat="53.375178" lon="13.053204"><ele>63.0</ele></trkpt>
      <trkpt lat="53.375207" lon="13.053189"><ele>63.0</ele></trkpt>
      <trkpt lat="53.375267" lon="13.053190"><ele>63.0</ele></trkpt>
      <trkpt lat="53.375314" lon="13.053173"><ele>63.0</ele></trkpt>
      <trkpt lat="53.376766" lon="13.052485"><ele>65.0</ele></trkpt>
      <trkpt lat="53.378628" lon="13.051602"><ele>65.0</ele></trkpt>
      <trkpt lat="53.378687" lon="13.051561"><ele>65.0</ele></trkpt>
      <trkpt lat="53.378792" lon="13.051513"><ele>65.0</ele></trkpt>
      <trkpt lat="53.380292" lon="13.050804"><ele>68.0</ele></trkpt>
      <trkpt lat="53.380359" lon="13.050772"><ele>68.2</ele></trkpt>
      <trkpt lat="53.380580" lon="13.050669"><ele>69.0</ele></trkpt>
      <trkpt lat="53.380650" lon="13.050612"><ele>69.2</ele></trkpt>
      <trkpt lat="53.380718" lon="13.050531"><ele>69.5</ele></trkpt>
      <trkpt lat="53.380801" lon="13.050488"><ele>69.8</ele></trkpt>
      <trkpt lat="53.380892" lon="13.050441"><ele>70.0</ele></trkpt>
      <trkpt lat="53.380978" lon="13.050450"><ele>70.5</ele></trkpt>
      <trkpt lat="53.381061" lon="13.050439"><ele>70.8</ele></trkpt>
      <trkpt lat="53.381637" lon="13.050184"><ele>72.8</ele></trkpt>
      <trkpt lat="53.381780" lon="13.050107"><ele>73.2</ele></trkpt>
      <trkpt lat="53.381794" lon="13.050084"><ele>73.2</ele></trkpt>
      <trkpt lat="53.381796" lon="13.050057"><ele>73.2</ele></trkpt>
      <trkpt lat="53.381780" lon="13.049944"><ele>73.2</ele></trkpt>
      <trkpt lat="53.381763" lon="13.049838"><ele>73.2</ele></trkpt>
      <trkpt lat="53.382094" lon="13.049682"><ele>74.5</ele></trkpt>
      <trkpt lat="53.382256" lon="13.049627"><ele>75.0</ele></trkpt>
      <trkpt lat="53.383004" lon="13.049276"><ele>77.8</ele></trkpt>
      <trkpt lat="53.383058" lon="13.049236"><ele>78.0</ele></trkpt>
      <trkpt lat="53.383100" lon="13.049217"><ele>78.0</ele></trkpt>
      <trkpt lat="53.383168" lon="13.049216"><ele>78.2</ele></trkpt>
      <trkpt lat="53.383221" lon="13.049248"><ele>78.5</ele></trkpt>
      <trkpt lat="53.383659" lon="13.049044"><ele>81.2</ele></trkpt>
      <trkpt lat="53.383827" lon="13.048966"><ele>83.0</ele></trkpt>
      <trkpt lat="53.383905" lon="13.048929"><ele>83.8</ele></trkpt>
      <trkpt lat="53.384405" lon="13.048698"><ele>85.0</ele></trkpt>
      <trkpt lat="53.384620" lon="13.048598"><ele>85.0</ele></trkpt>
      <trkpt lat="53.384806" lon="13.048459"><ele>85.0</ele></trkpt>
      <trkpt lat="53.385128" lon="13.048320"><ele>85.0</ele></trkpt>
      <trkpt lat="53.386410" lon="13.047728"><ele>83.0</ele></trkpt>
      <trkpt lat="53.387195" lon="13.047316"><ele>86.0</ele></trkpt>
      <trkpt lat="53.388234" lon="13.046794"><ele>87.2</ele></trkpt>
      <trkpt lat="53.389046" lon="13.046396"><ele>87.0</ele></trkpt>
      <trkpt lat="53.389620" lon="13.046147"><ele>86.0</ele></trkpt>
      <trkpt lat="53.391889" lon="13.044988"><ele>83.0</ele></trkpt>
      <trkpt lat="53.393200" lon="13.044428"><ele>80.8</ele></trkpt>
      <trkpt lat="53.393275" lon="13.044376"><ele>80.5</ele></trkpt>
      <trkpt lat="53.393428" lon="13.044222"><ele>80.5</ele></trkpt>
      <trkpt lat="53.393530" lon="13.044131"><ele>80.2</ele></trkpt>
      <trkpt lat="53.394400" lon="13.043738"><ele>80.0</ele></trkpt>
      <trkpt lat="53.394544" lon="13.043706"><ele>80.0</ele></trkpt>
      <trkpt lat="53.395249" lon="13.043614"><ele>79.0</ele></trkpt>
      <trkpt lat="53.395781" lon="13.043530"><ele>74.0</ele></trkpt>
      <trkpt lat="53.396333" lon="13.043457"><ele>71.8</ele></trkpt>
      <trkpt lat="53.396661" lon="13.043424"><ele>72.5</ele></trkpt>
      <trkpt lat="53.396763" lon="13.043444"><ele>73.2</ele></trkpt>
      <trkpt lat="53.396902" lon="13.043526"><ele>75.0</ele></trkpt>
      <trkpt lat="53.396987" lon="13.043556"><ele>75.8</ele></trkpt>
      <trkpt lat="53.398171" lon="13.043419"><ele>80.5</ele></trkpt>
      <trkpt lat="53.398329" lon="13.043386"><ele>81.8</ele></trkpt>
      <trkpt lat="53.398361" lon="13.043363"><ele>81.8</ele></trkpt>
      <trkpt lat="53.398434" lon="13.043279"><ele>82.0</ele></trkpt>
      <trkpt lat="53.398520" lon="13.043180"><ele>82.0</ele></trkpt>
      <trkpt lat="53.398571" lon="13.043156"><ele>82.0</ele></trkpt>
      <trkpt lat="53.400284" lon="13.042953"><ele>82.0</ele></trkpt>
      <trkpt lat="53.402452" lon="13.042652"><ele>82.0</ele></trkpt>
      <trkpt lat="53.403197" lon="13.042563"><ele>84.0</ele></trkpt>
      <trkpt lat="53.403543" lon="13.042608"><ele>81.5</ele></trkpt>
      <trkpt lat="53.404280" lon="13.042511"><ele>80.0</ele></trkpt>
      <trkpt lat="53.405459" lon="13.042330"><ele>80.2</ele></trkpt>
      <trkpt lat="53.405932" lon="13.042261"><ele>80.0</ele></trkpt>
      <trkpt lat="53.407971" lon="13.041991"><ele>81.0</ele></trkpt>
      <trkpt lat="53.408060" lon="13.042033"><ele>81.0</ele></trkpt>
      <trkpt lat="53.408117" lon="13.042108"><ele>81.0</ele></trkpt>
      <trkpt lat="53.408155" lon="13.042121"><ele>81.0</ele></trkpt>
      <trkpt lat="53.410855" lon="13.041786"><ele>78.2</ele></trkpt>
      <trkpt lat="53.411307" lon="13.041724"><ele>78.8</ele></trkpt>
      <trkpt lat="53.411475" lon="13.041715"><ele>79.0</ele></trkpt>
      <trkpt lat="53.412032" lon="13.041619"><ele>80.0</ele></trkpt>
      <trkpt lat="53.412909" lon="13.041500"><ele>79.5</ele></trkpt>
      <trkpt lat="53.413284" lon="13.041463"><ele>79.8</ele></trkpt>
      <trkpt lat="53.414244" lon="13.041314"><ele>80.0</ele></trkpt>
      <trkpt lat="53.416027" lon="13.041035"><ele>80.0</ele></trkpt>
      <trkpt lat="53.417414" lon="13.040976"><ele>80.2</ele></trkpt>
      <trkpt lat="53.417580" lon="13.041014"><ele>79.8</ele></trkpt>
      <trkpt lat="53.417871" lon="13.041046"><ele>80.5</ele></trkpt>
      <trkpt lat="53.418140" lon="13.041142"><ele>81.2</ele></trkpt>
      <trkpt lat="53.419712" lon="13.041721"><ele>78.0</ele></trkpt>
      <trkpt lat="53.420400" lon="13.041992"><ele>79.0</ele></trkpt>
      <trkpt lat="53.421085" lon="13.042251"><ele>79.8</ele></trkpt>
      <trkpt lat="53.421987" lon="13.042599"><ele>78.2</ele></trkpt>
      <trkpt lat="53.423100" lon="13.043007"><ele>81.0</ele></trkpt>
      <trkpt lat="53.423253" lon="13.043032"><ele>81.5</ele></trkpt>
      <trkpt lat="53.424714" lon="13.043596"><ele>79.0</ele></trkpt>
      <trkpt lat="53.424897" lon="13.043694"><ele>76.8</ele></trkpt>
      <trkpt lat="53.425364" lon="13.043882"><ele>81.2</ele></trkpt>
      <trkpt lat="53.426805" lon="13.044600"><ele>81.0</ele></trkpt>
      <trkpt lat="53.427086" lon="13.044755"><ele>79.0</ele></trkpt>
      <trkpt lat="53.427811" lon="13.045206"><ele>76.2</ele></trkpt>
      <trkpt lat="53.427817" lon="13.045166"><ele>76.5</ele></trkpt>
      <trkpt lat="53.427823" lon="13.045138"><ele>76.8</ele></trkpt>
      <trkpt lat="53.427816" lon="13.045023"><ele>77.0</ele></trkpt>
      <trkpt lat="53.427795" lon="13.044897"><ele>77.2</ele></trkpt>
      <trkpt lat="53.427739" lon="13.044648"><ele>77.8</ele></trkpt>
      <trkpt lat="53.427582" lon="13.044008"><ele>77.8</ele></trkpt>
      <trkpt lat="53.427243" lon="13.042766"><ele>81.8</ele></trkpt>
      <trkpt lat="53.427099" lon="13.042211"><ele>84.2</ele></trkpt>
      <trkpt lat="53.427016" lon="13.041625"><ele>84.0</ele></trkpt>
      <trkpt lat="53.426983" lon="13.041014"><ele>84.0</ele></trkpt>
      <trkpt lat="53.426969" lon="13.040863"><ele>84.0</ele></trkpt>
      <trkpt lat="53.426960" lon="13.040753"><ele>84.2</ele></trkpt>
      <trkpt lat="53.426895" lon="13.040014"><ele>85.0</ele></trkpt>
      <trkpt lat="53.426864" lon="13.039355"><ele>86.0</ele></trkpt>
      <trkpt lat="53.426857" lon="13.038926"><ele>86.8</ele></trkpt>
      <trkpt lat="53.426926" lon="13.037399"><ele>85.8</ele></trkpt>
      <trkpt lat="53.426957" lon="13.035977"><ele>83.5</ele></trkpt>
      <trkpt lat="53.427020" lon="13.034564"><ele>83.5</ele></trkpt>
      <trkpt lat="53.427125" lon="13.033234"><ele>83.2</ele></trkpt>
      <trkpt lat="53.427011" lon="13.031812"><ele>85.0</ele></trkpt>
      <trkpt lat="53.426823" lon="13.028955"><ele>85.0</ele></trkpt>
      <trkpt lat="53.426661" lon="13.026189"><ele>93.0</ele></trkpt>
      <trkpt lat="53.426728" lon="13.024811"><ele>91.0</ele></trkpt>
      <trkpt lat="53.426906" lon="13.022363"><ele>90.8</ele></trkpt>
      <trkpt lat="53.426918" lon="13.022083"><ele>91.0</ele></trkpt>
      <trkpt lat="53.426918" lon="13.021965"><ele>91.0</ele></trkpt>
      <trkpt lat="53.426912" lon="13.021813"><ele>91.2</ele></trkpt>
      <trkpt lat="53.426896" lon="13.021618"><ele>91.8</ele></trkpt>
      <trkpt lat="53.426825" lon="13.021142"><ele>92.0</ele></trkpt>
      <trkpt lat="53.426758" lon="13.020742"><ele>92.0</ele></trkpt>
      <trkpt lat="53.426690" lon="13.020247"><ele>92.0</ele></trkpt>
      <trkpt lat="53.426574" lon="13.019504"><ele>90.0</ele></trkpt>
      <trkpt lat="53.426423" lon="13.018702"><ele>90.0</ele></trkpt>
      <trkpt lat="53.426209" lon="13.017672"><ele>90.0</ele></trkpt>
      <trkpt lat="53.426040" lon="13.016897"><ele>90.0</ele></trkpt>
      <trkpt lat="53.425501" lon="13.014638"><ele>90.0</ele></trkpt>
      <trkpt lat="53.425450" lon="13.014486"><ele>90.0</ele></trkpt>
      <trkpt lat="53.425072" lon="13.013807"><ele>92.2</ele></trkpt>
      <trkpt lat="53.424951" lon="13.013449"><ele>92.8</ele></trkpt>
      <trkpt lat="53.424911" lon="13.013315"><ele>93.0</ele></trkpt>
      <trkpt lat="53.424897" lon="13.013238"><ele>93.0</ele></trkpt>
      <trkpt lat="53.424877" lon="13.013133"><ele>93.2</ele></trkpt>
      <trkpt lat="53.424864" lon="13.012966"><ele>93.5</ele></trkpt>
      <trkpt lat="53.424862" lon="13.012796"><ele>93.8</ele></trkpt>
      <trkpt lat="53.424902" lon="13.011016"><ele>95.0</ele></trkpt>
      <trkpt lat="53.424904" lon="13.010970"><ele>95.0</ele></trkpt>
      <trkpt lat="53.424926" lon="13.010261"><ele>95.0</ele></trkpt>
      <trkpt lat="53.424963" lon="13.008953"><ele>93.2</ele></trkpt>
      <trkpt lat="53.425092" lon="13.004239"><ele>87.8</ele></trkpt>
      <trkpt lat="53.425110" lon="13.003379"><ele>87.5</ele></trkpt>
      <trkpt lat="53.425117" lon="13.003030"><ele>87.5</ele></trkpt>
      <trkpt lat="53.425124" lon="13.002665"><ele>87.5</ele></trkpt>
      <trkpt lat="53.424973" lon="13.001106"><ele>86.8</ele></trkpt>
      <trkpt lat="53.424591" lon="12.998401"><ele>81.5</ele></trkpt>
      <trkpt lat="53.424268" lon="12.995958"><ele>76.8</ele></trkpt>
      <trkpt lat="53.424204" lon="12.995383"><ele>75.0</ele></trkpt>
      <trkpt lat="53.424189" lon="12.995194"><ele>74.5</ele></trkpt>
      <trkpt lat="53.424183" lon="12.995031"><ele>73.2</ele></trkpt>
      <trkpt lat="53.424181" lon="12.994905"><ele>72.2</ele></trkpt>
      <trkpt lat="53.424180" lon="12.994869"><ele>72.0</ele></trkpt>
      <trkpt lat="53.424132" lon="12.991920"><ele>77.2</ele></trkpt>
      <trkpt lat="53.424052" lon="12.990893"><ele>80.2</ele></trkpt>
      <trkpt lat="53.423991" lon="12.990534"><ele>80.5</ele></trkpt>
      <trkpt lat="53.423896" lon="12.989971"><ele>80.0</ele></trkpt>
      <trkpt lat="53.423351" lon="12.987232"><ele>80.8</ele></trkpt>
      <trkpt lat="53.423329" lon="12.987090"><ele>81.0</ele></trkpt>
      <trkpt lat="53.423281" lon="12.986452"><ele>83.8</ele></trkpt>
      <trkpt lat="53.423278" lon="12.985578"><ele>87.0</ele></trkpt>
      <trkpt lat="53.423351" lon="12.980862"><ele>89.0</ele></trkpt>
      <trkpt lat="53.423380" lon="12.978361"><ele>86.0</ele></trkpt>
      <trkpt lat="53.423415" lon="12.975435"><ele>83.5</ele></trkpt>
      <trkpt lat="53.423499" lon="12.969880"><ele>83.0</ele></trkpt>
      <trkpt lat="53.423502" lon="12.969722"><ele>83.2</ele></trkpt>
      <trkpt lat="53.423573" lon="12.965677"><ele>87.2</ele></trkpt>
      <trkpt lat="53.423622" lon="12.965164"><ele>86.8</ele></trkpt>
      <trkpt lat="53.423681" lon="12.964809"><ele>86.5</ele></trkpt>
      <trkpt lat="53.423776" lon="12.964383"><ele>84.0</ele></trkpt>
      <trkpt lat="53.423871" lon="12.964076"><ele>83.8</ele></trkpt>
      <trkpt lat="53.424017" lon="12.963689"><ele>83.8</ele></trkpt>
      <trkpt lat="53.424215" lon="12.963253"><ele>86.2</ele></trkpt>
      <trkpt lat="53.424572" lon="12.962497"><ele>89.2</ele></trkpt>
      <trkpt lat="53.424826" lon="12.961958"><ele>90.0</ele></trkpt>
      <trkpt lat="53.425397" lon="12.960753"><ele>91.2</ele></trkpt>
      <trkpt lat="53.426154" lon="12.959130"><ele>92.0</ele></trkpt>
      <trkpt lat="53.426404" lon="12.958516"><ele>91.0</ele></trkpt>
      <trkpt lat="53.426738" lon="12.957596"><ele>89.2</ele></trkpt>
      <trkpt lat="53.428058" lon="12.953674"><ele>79.0</ele></trkpt>
      <trkpt lat="53.429148" lon="12.950434"><ele>68.8</ele></trkpt>
      <trkpt lat="53.429289" lon="12.949978"><ele>68.0</ele></trkpt>
      <trkpt lat="53.429323" lon="12.949876"><ele>68.0</ele></trkpt>
      <trkpt lat="53.429365" lon="12.949744"><ele>68.0</ele></trkpt>
      <trkpt lat="53.429423" lon="12.949573"><ele>68.0</ele></trkpt>
      <trkpt lat="53.429539" lon="12.949213"><ele>66.2</ele></trkpt>
      <trkpt lat="53.429568" lon="12.949085"><ele>66.0</ele></trkpt>
      <trkpt lat="53.429583" lon="12.948977"><ele>66.0</ele></trkpt>
      <trkpt lat="53.429629" lon="12.948249"><ele>65.2</ele></trkpt>
      <trkpt lat="53.429629" lon="12.948083"><ele>65.2</ele></trkpt>
      <trkpt lat="53.429614" lon="12.947802"><ele>65.0</ele></trkpt>
      <trkpt lat="53.429575" lon="12.947515"><ele>65.0</ele></trkpt>
      <trkpt lat="53.429570" lon="12.947482"><ele>65.0</ele></trkpt>
      <trkpt lat="53.429517" lon="12.947179"><ele>65.0</ele></trkpt>
      <trkpt lat="53.429448" lon="12.946804"><ele>65.0</ele></trkpt>
      <trkpt lat="53.429434" lon="12.946686"><ele>65.0</ele></trkpt>
      <trkpt lat="53.429423" lon="12.946458"><ele>65.0</ele></trkpt>
      <trkpt lat="53.429423" lon="12.946362"><ele>65.0</ele></trkpt>
      <trkpt lat="53.429423" lon="12.946089"><ele>66.0</ele></trkpt>
      <trkpt lat="53.429423" lon="12.945801"><ele>67.0</ele></trkpt>
      <trkpt lat="53.429412" lon="12.945582"><ele>67.0</ele></trkpt>
      <trkpt lat="53.429400" lon="12.945482"><ele>67.0</ele></trkpt>
      <trkpt lat="53.429292" lon="12.945007"><ele>67.0</ele></trkpt>
      <trkpt lat="53.429247" lon="12.944797"><ele>67.0</ele></trkpt>
      <trkpt lat="53.429220" lon="12.944609"><ele>67.0</ele></trkpt>
      <trkpt lat="53.429202" lon="12.944411"><ele>67.0</ele></trkpt>
      <trkpt lat="53.429197" lon="12.944281"><ele>67.0</ele></trkpt>
      <trkpt lat="53.429192" lon="12.944162"><ele>67.0</ele></trkpt>
      <trkpt lat="53.429186" lon="12.944022"><ele>67.0</ele></trkpt>
      <trkpt lat="53.429180" lon="12.943853"><ele>66.8</ele></trkpt>
      <trkpt lat="53.429165" lon="12.943462"><ele>65.8</ele></trkpt>
      <trkpt lat="53.429148" lon="12.943015"><ele>65.8</ele></trkpt>
      <trkpt lat="53.429132" lon="12.942433"><ele>64.5</ele></trkpt>
      <trkpt lat="53.429111" lon="12.942140"><ele>63.5</ele></trkpt>
      <trkpt lat="53.429091" lon="12.941982"><ele>63.0</ele></trkpt>
      <trkpt lat="53.429066" lon="12.941841"><ele>63.0</ele></trkpt>
      <trkpt lat="53.429022" lon="12.941660"><ele>63.0</ele></trkpt>
      <trkpt lat="53.428803" lon="12.940900"><ele>65.5</ele></trkpt>
      <trkpt lat="53.428673" lon="12.940372"><ele>65.0</ele></trkpt>
      <trkpt lat="53.428582" lon="12.939974"><ele>65.0</ele></trkpt>
      <trkpt lat="53.428655" lon="12.939926"><ele>65.0</ele></trkpt>
      <trkpt lat="53.428704" lon="12.939905"><ele>65.0</ele></trkpt>
      <trkpt lat="53.428978" lon="12.939816"><ele>65.2</ele></trkpt>
      <trkpt lat="53.429027" lon="12.939801"><ele>65.2</ele></trkpt>
      <trkpt lat="53.429156" lon="12.939773"><ele>65.0</ele></trkpt>
      <trkpt lat="53.429657" lon="12.939735"><ele>66.0</ele></trkpt>
      <trkpt lat="53.429702" lon="12.939716"><ele>65.8</ele></trkpt>
      <trkpt lat="53.429642" lon="12.939421"><ele>64.8</ele></trkpt>
      <trkpt lat="53.429565" lon="12.938964"><ele>64.5</ele></trkpt>
      <trkpt lat="53.429486" lon="12.938280"><ele>66.2</ele></trkpt>
      <trkpt lat="53.429451" lon="12.938112"><ele>67.5</ele></trkpt>
      <trkpt lat="53.429431" lon="12.938061"><ele>67.8</ele></trkpt>
      <trkpt lat="53.429377" lon="12.937986"><ele>67.8</ele></trkpt>
      <trkpt lat="53.429193" lon="12.937990"><ele>67.0</ele></trkpt>
      <trkpt lat="53.429132" lon="12.937910"><ele>67.0</ele></trkpt>
      <trkpt lat="53.429110" lon="12.937855"><ele>67.0</ele></trkpt>
      <trkpt lat="53.429074" lon="12.937723"><ele>66.8</ele></trkpt>
      <trkpt lat="53.429045" lon="12.937536"><ele>66.5</ele></trkpt>
      <trkpt lat="53.429105" lon="12.937512"><ele>66.8</ele></trkpt>
      <trkpt lat="53.429130" lon="12.937490"><ele>66.8</ele></trkpt>
      <trkpt lat="53.429488" lon="12.936896"><ele>66.0</ele></trkpt>
      <trkpt lat="53.429556" lon="12.936785"><ele>66.2</ele></trkpt>
      <trkpt lat="53.429786" lon="12.936425"><ele>67.0</ele></trkpt>
      <trkpt lat="53.430657" lon="12.935110"><ele>66.5</ele></trkpt>
      <trkpt lat="53.430966" lon="12.934687"><ele>65.2</ele></trkpt>
      <trkpt lat="53.431127" lon="12.934507"><ele>65.2</ele></trkpt>
      <trkpt lat="53.431249" lon="12.934304"><ele>65.5</ele></trkpt>
      <trkpt lat="53.431469" lon="12.933894"><ele>66.2</ele></trkpt>
      <trkpt lat="53.433249" lon="12.930476"><ele>70.0</ele></trkpt>
      <trkpt lat="53.435791" lon="12.925444"><ele>72.2</ele></trkpt>
      <trkpt lat="53.438541" lon="12.920091"><ele>75.0</ele></trkpt>
      <trkpt lat="53.438632" lon="12.919911"><ele>75.0</ele></trkpt>
      <trkpt lat="53.440207" lon="12.916812"><ele>80.0</ele></trkpt>
      <trkpt lat="53.441889" lon="12.914563"><ele>82.0</ele></trkpt>
      <trkpt lat="53.442804" lon="12.913413"><ele>85.0</ele></trkpt>
      <trkpt lat="53.445447" lon="12.911456"><ele>84.0</ele></trkpt>
      <trkpt lat="53.449699" lon="12.908585"><ele>84.8</ele></trkpt>
      <trkpt lat="53.452179" lon="12.907113"><ele>86.8</ele></trkpt>
      <trkpt lat="53.455568" lon="12.905122"><ele>85.0</ele></trkpt>
      <trkpt lat="53.458936" lon="12.902873"><ele>85.0</ele></trkpt>
      <trkpt lat="53.463117" lon="12.899304"><ele>87.0</ele></trkpt>
      <trkpt lat="53.463291" lon="12.899180"><ele>86.8</ele></trkpt>
      <trkpt lat="53.463714" lon="12.898752"><ele>87.0</ele></trkpt>
      <trkpt lat="53.464424" lon="12.897803"><ele>86.0</ele></trkpt>
      <trkpt lat="53.465676" lon="12.893569"><ele>89.5</ele></trkpt>
      <trkpt lat="53.466534" lon="12.888874"><ele>89.2</ele></trkpt>
      <trkpt lat="53.468321" lon="12.883585"><ele>87.8</ele></trkpt>
      <trkpt lat="53.469273" lon="12.881417"><ele>87.2</ele></trkpt>
      <trkpt lat="53.469950" lon="12.879988"><ele>89.0</ele></trkpt>
      <trkpt lat="53.471904" lon="12.877561"><ele>89.0</ele></trkpt>
      <trkpt lat="53.473282" lon="12.876236"><ele>90.0</ele></trkpt>
      <trkpt lat="53.474111" lon="12.875257"><ele>88.0</ele></trkpt>
      <trkpt lat="53.474936" lon="12.874166"><ele>84.8</ele></trkpt>
      <trkpt lat="53.475073" lon="12.873986"><ele>84.2</ele></trkpt>
      <trkpt lat="53.475272" lon="12.873756"><ele>83.8</ele></trkpt>
      <trkpt lat="53.475378" lon="12.873703"><ele>84.2</ele></trkpt>
      <trkpt lat="53.475478" lon="12.873694"><ele>84.5</ele></trkpt>
      <trkpt lat="53.475535" lon="12.873659"><ele>84.8</ele></trkpt>
      <trkpt lat="53.475705" lon="12.872110"><ele>84.2</ele></trkpt>
      <trkpt lat="53.475803" lon="12.871796"><ele>84.0</ele></trkpt>
      <trkpt lat="53.475886" lon="12.870902"><ele>84.8</ele></trkpt>
      <trkpt lat="53.475888" lon="12.870877"><ele>84.8</ele></trkpt>
      <trkpt lat="53.476147" lon="12.867881"><ele>90.0</ele></trkpt>
      <trkpt lat="53.476238" lon="12.866676"><ele>89.0</ele></trkpt>
      <trkpt lat="53.476931" lon="12.860515"><ele>85.8</ele></trkpt>
      <trkpt lat="53.477567" lon="12.856717"><ele>84.8</ele></trkpt>
      <trkpt lat="53.478220" lon="12.853182"><ele>83.5</ele></trkpt>
      <trkpt lat="53.478587" lon="12.850811"><ele>82.0</ele></trkpt>
      <trkpt lat="53.479330" lon="12.845562"><ele>84.5</ele></trkpt>
      <trkpt lat="53.480399" lon="12.837510"><ele>84.0</ele></trkpt>
      <trkpt lat="53.481489" lon="12.829207"><ele>82.8</ele></trkpt>
      <trkpt lat="53.481972" lon="12.825599"><ele>83.0</ele></trkpt>
      <trkpt lat="53.482524" lon="12.822546"><ele>88.0</ele></trkpt>
      <trkpt lat="53.486553" lon="12.821850"><ele>93.2</ele></trkpt>
      <trkpt lat="53.486761" lon="12.821872"><ele>93.8</ele></trkpt>
      <trkpt lat="53.488143" lon="12.821659"><ele>93.0</ele></trkpt>
      <trkpt lat="53.491182" lon="12.821264"><ele>87.0</ele></trkpt>
      <trkpt lat="53.491652" lon="12.821059"><ele>86.0</ele></trkpt>
      <trkpt lat="53.492673" lon="12.820839"><ele>87.0</ele></trkpt>
      <trkpt lat="53.493329" lon="12.820766"><ele>84.8</ele></trkpt>
      <trkpt lat="53.494292" lon="12.820797"><ele>82.5</ele></trkpt>
      <trkpt lat="53.497665" lon="12.820221"><ele>78.5</ele></trkpt>
      <trkpt lat="53.498930" lon="12.820083"><ele>81.0</ele></trkpt>
      <trkpt lat="53.499181" lon="12.820131"><ele>81.2</ele></trkpt>
      <trkpt lat="53.499468" lon="12.820286"><ele>82.0</ele></trkpt>
      <trkpt lat="53.499563" lon="12.820275"><ele>81.8</ele></trkpt>
      <trkpt lat="53.499871" lon="12.820222"><ele>82.0</ele></trkpt>
      <trkpt lat="53.500239" lon="12.820104"><ele>82.5</ele></trkpt>
      <trkpt lat="53.500793" lon="12.819799"><ele>83.0</ele></trkpt>
      <trkpt lat="53.501213" lon="12.819504"><ele>84.2</ele></trkpt>
      <trkpt lat="53.501359" lon="12.819521"><ele>84.5</ele></trkpt>
      <trkpt lat="53.501432" lon="12.819616"><ele>84.2</ele></trkpt>
      <trkpt lat="53.501067" lon="12.812898"><ele>83.0</ele></trkpt>
      <trkpt lat="53.500952" lon="12.810873"><ele>82.5</ele></trkpt>
      <trkpt lat="53.500859" lon="12.808763"><ele>80.5</ele></trkpt>
      <trkpt lat="53.500868" lon="12.808368"><ele>79.8</ele></trkpt>
      <trkpt lat="53.500922" lon="12.807715"><ele>77.5</ele></trkpt>
      <trkpt lat="53.500950" lon="12.806705"><ele>76.5</ele></trkpt>
      <trkpt lat="53.500949" lon="12.805950"><ele>75.5</ele></trkpt>
      <trkpt lat="53.500978" lon="12.804468"><ele>71.5</ele></trkpt>
      <trkpt lat="53.501124" lon="12.802818"><ele>70.8</ele></trkpt>
      <trkpt lat="53.501132" lon="12.802629"><ele>71.5</ele></trkpt>
      <trkpt lat="53.501571" lon="12.800391"><ele>79.5</ele></trkpt>
      <trkpt lat="53.501981" lon="12.798971"><ele>83.0</ele></trkpt>
      <trkpt lat="53.502650" lon="12.797894"><ele>87.0</ele></trkpt>
      <trkpt lat="53.503094" lon="12.796380"><ele>80.0</ele></trkpt>
      <trkpt lat="53.504141" lon="12.794764"><ele>82.8</ele></trkpt>
      <trkpt lat="53.506365" lon="12.791871"><ele>78.0</ele></trkpt>
      <trkpt lat="53.507262" lon="12.790665"><ele>77.0</ele></trkpt>
      <trkpt lat="53.507265" lon="12.790347"><ele>77.0</ele></trkpt>
      <trkpt lat="53.504020" lon="12.782510"><ele>70.0</ele></trkpt>
      <trkpt lat="53.503662" lon="12.781970"><ele>70.0</ele></trkpt>
      <trkpt lat="53.503203" lon="12.781599"><ele>70.2</ele></trkpt>
      <trkpt lat="53.503016" lon="12.781310"><ele>70.0</ele></trkpt>
      <trkpt lat="53.502986" lon="12.781167"><ele>70.0</ele></trkpt>
      <trkpt lat="53.503073" lon="12.780967"><ele>70.0</ele></trkpt>
      <trkpt lat="53.503154" lon="12.781203"><ele>70.0</ele></trkpt>
      <trkpt lat="53.503248" lon="12.781412"><ele>70.0</ele></trkpt>
      <trkpt lat="53.503402" lon="12.781603"><ele>70.0</ele></trkpt>
      <trkpt lat="53.503548" lon="12.781714"><ele>70.0</ele></trkpt>
      <trkpt lat="53.503660" lon="12.781781"><ele>70.0</ele></trkpt>
      <trkpt lat="53.503796" lon="12.781837"><ele>70.0</ele></trkpt>
      <trkpt lat="53.504038" lon="12.781916"><ele>70.0</ele></trkpt>
      <trkpt lat="53.504524" lon="12.782098"><ele>70.0</ele></trkpt>
      <trkpt lat="53.505634" lon="12.782466"><ele>70.0</ele></trkpt>
      <trkpt lat="53.506125" lon="12.782816"><ele>68.8</ele></trkpt>
      <trkpt lat="53.506931" lon="12.783651"><ele>69.0</ele></trkpt>
      <trkpt lat="53.508093" lon="12.784881"><ele>71.0</ele></trkpt>
      <trkpt lat="53.510016" lon="12.786846"><ele>79.0</ele></trkpt>
      <trkpt lat="53.510619" lon="12.784376"><ele>82.0</ele></trkpt>
      <trkpt lat="53.510753" lon="12.783760"><ele>82.0</ele></trkpt>
      <trkpt lat="53.511049" lon="12.782420"><ele>82.0</ele></trkpt>
      <trkpt lat="53.511107" lon="12.782155"><ele>82.0</ele></trkpt>
      <trkpt lat="53.511147" lon="12.781975"><ele>82.0</ele></trkpt>
      <trkpt lat="53.510535" lon="12.781564"><ele>82.0</ele></trkpt>
      <trkpt lat="53.509593" lon="12.780959"><ele>82.0</ele></trkpt>
      <trkpt lat="53.509445" lon="12.780910"><ele>82.0</ele></trkpt>
      <trkpt lat="53.508031" lon="12.779935"><ele>78.8</ele></trkpt>
      <trkpt lat="53.507891" lon="12.779906"><ele>77.8</ele></trkpt>
      <trkpt lat="53.507808" lon="12.779837"><ele>77.0</ele></trkpt>
      <trkpt lat="53.507337" lon="12.779500"><ele>74.5</ele></trkpt>
      <trkpt lat="53.506818" lon="12.779181"><ele>73.2</ele></trkpt>
      <trkpt lat="53.503756" lon="12.777234"><ele>68.0</ele></trkpt>
      <trkpt lat="53.503654" lon="12.777099"><ele>67.5</ele></trkpt>
      <trkpt lat="53.503713" lon="12.776890"><ele>67.0</ele></trkpt>
      <trkpt lat="53.503886" lon="12.775928"><ele>67.0</ele></trkpt>
      <trkpt lat="53.503978" lon="12.775175"><ele>68.5</ele></trkpt>
      <trkpt lat="53.504040" lon="12.774807"><ele>69.0</ele></trkpt>
      <trkpt lat="53.504166" lon="12.774324"><ele>69.5</ele></trkpt>
      <trkpt lat="53.504425" lon="12.773543"><ele>69.5</ele></trkpt>
      <trkpt lat="53.504550" lon="12.773291"><ele>69.0</ele></trkpt>
      <trkpt lat="53.504831" lon="12.772976"><ele>69.0</ele></trkpt>
      <trkpt lat="53.504932" lon="12.772805"><ele>69.0</ele></trkpt>
      <trkpt lat="53.504982" lon="12.772660"><ele>68.8</ele></trkpt>
      <trkpt lat="53.505019" lon="12.772464"><ele>69.0</ele></trkpt>
      <trkpt lat="53.505037" lon="12.772265"><ele>69.2</ele></trkpt>
      <trkpt lat="53.504852" lon="12.771743"><ele>68.2</ele></trkpt>
      <trkpt lat="53.504080" lon="12.770642"><ele>66.0</ele></trkpt>
      <trkpt lat="53.505109" lon="12.768148"><ele>72.2</ele></trkpt>
      <trkpt lat="53.505962" lon="12.763880"><ele>69.8</ele></trkpt>
      <trkpt lat="53.506071" lon="12.762635"><ele>68.5</ele></trkpt>
      <trkpt lat="53.506208" lon="12.761891"><ele>69.2</ele></trkpt>
      <trkpt lat="53.506286" lon="12.761388"><ele>70.2</ele></trkpt>
      <trkpt lat="53.506310" lon="12.761205"><ele>70.5</ele></trkpt>
      <trkpt lat="53.506316" lon="12.760990"><ele>71.0</ele></trkpt>
      <trkpt lat="53.506955" lon="12.761106"><ele>73.0</ele></trkpt>
      <trkpt lat="53.507451" lon="12.761359"><ele>73.8</ele></trkpt>
      <trkpt lat="53.507484" lon="12.761367"><ele>73.8</ele></trkpt>
      <trkpt lat="53.507520" lon="12.761335"><ele>74.0</ele></trkpt>
      <trkpt lat="53.507831" lon="12.760734"><ele>73.5</ele></trkpt>
      <trkpt lat="53.508048" lon="12.760230"><ele>73.8</ele></trkpt>
      <trkpt lat="53.508588" lon="12.759104"><ele>70.5</ele></trkpt>
      <trkpt lat="53.508661" lon="12.758974"><ele>70.2</ele></trkpt>
      <trkpt lat="53.508948" lon="12.758422"><ele>69.5</ele></trkpt>
      <trkpt lat="53.510399" lon="12.753724"><ele>74.8</ele></trkpt>
      <trkpt lat="53.511241" lon="12.751154"><ele>74.0</ele></trkpt>
      <trkpt lat="53.512016" lon="12.748597"><ele>69.8</ele></trkpt>
      <trkpt lat="53.512004" lon="12.746188"><ele>68.5</ele></trkpt>
      <trkpt lat="53.511825" lon="12.740865"><ele>67.5</ele></trkpt>
      <trkpt lat="53.511788" lon="12.739766"><ele>66.8</ele></trkpt>
      <trkpt lat="53.511771" lon="12.736493"><ele>67.0</ele></trkpt>
      <trkpt lat="53.511865" lon="12.735014"><ele>69.0</ele></trkpt>
      <trkpt lat="53.511905" lon="12.734494"><ele>68.5</ele></trkpt>
      <trkpt lat="53.511981" lon="12.733885"><ele>67.2</ele></trkpt>
      <trkpt lat="53.512028" lon="12.733384"><ele>68.0</ele></trkpt>
      <trkpt lat="53.512069" lon="12.732742"><ele>70.0</ele></trkpt>
      <trkpt lat="53.512127" lon="12.732008"><ele>71.5</ele></trkpt>
      <trkpt lat="53.512172" lon="12.731275"><ele>73.5</ele></trkpt>
      <trkpt lat="53.512421" lon="12.728513"><ele>71.5</ele></trkpt>
      <trkpt lat="53.512517" lon="12.727248"><ele>72.0</ele></trkpt>
      <trkpt lat="53.512625" lon="12.726016"><ele>71.8</ele></trkpt>
      <trkpt lat="53.512676" lon="12.725565"><ele>70.8</ele></trkpt>
      <trkpt lat="53.512768" lon="12.724884"><ele>69.0</ele></trkpt>
      <trkpt lat="53.512790" lon="12.724646"><ele>69.0</ele></trkpt>
      <trkpt lat="53.512796" lon="12.724318"><ele>69.8</ele></trkpt>
      <trkpt lat="53.512807" lon="12.724138"><ele>69.5</ele></trkpt>
      <trkpt lat="53.512853" lon="12.723833"><ele>69.0</ele></trkpt>
      <trkpt lat="53.512893" lon="12.723306"><ele>68.8</ele></trkpt>
      <trkpt lat="53.512900" lon="12.723000"><ele>68.5</ele></trkpt>
      <trkpt lat="53.512880" lon="12.722221"><ele>67.8</ele></trkpt>
      <trkpt lat="53.512680" lon="12.716958"><ele>66.2</ele></trkpt>
      <trkpt lat="53.512718" lon="12.715387"><ele>66.2</ele></trkpt>
      <trkpt lat="53.512624" lon="12.714244"><ele>65.2</ele></trkpt>
      <trkpt lat="53.512268" lon="12.712806"><ele>64.0</ele></trkpt>
      <trkpt lat="53.512370" lon="12.712581"><ele>64.8</ele></trkpt>
      <trkpt lat="53.512152" lon="12.712187"><ele>64.8</ele></trkpt>
      <trkpt lat="53.512039" lon="12.712059"><ele>65.5</ele></trkpt>
      <trkpt lat="53.511883" lon="12.711957"><ele>66.8</ele></trkpt>
      <trkpt lat="53.511430" lon="12.711789"><ele>67.2</ele></trkpt>
      <trkpt lat="53.510712" lon="12.711549"><ele>67.5</ele></trkpt>
      <trkpt lat="53.510606" lon="12.711495"><ele>68.0</ele></trkpt>
      <trkpt lat="53.510533" lon="12.711445"><ele>68.5</ele></trkpt>
      <trkpt lat="53.510460" lon="12.711381"><ele>69.2</ele></trkpt>
      <trkpt lat="53.510349" lon="12.711258"><ele>69.8</ele></trkpt>
      <trkpt lat="53.510259" lon="12.711128"><ele>70.0</ele></trkpt>
      <trkpt lat="53.510142" lon="12.710911"><ele>71.2</ele></trkpt>
      <trkpt lat="53.510068" lon="12.710732"><ele>71.8</ele></trkpt>
      <trkpt lat="53.510042" lon="12.710652"><ele>71.8</ele></trkpt>
      <trkpt lat="53.509984" lon="12.710474"><ele>72.2</ele></trkpt>
      <trkpt lat="53.509930" lon="12.710249"><ele>73.2</ele></trkpt>
      <trkpt lat="53.509887" lon="12.710002"><ele>73.8</ele></trkpt>
      <trkpt lat="53.509859" lon="12.709747"><ele>74.2</ele></trkpt>
      <trkpt lat="53.509846" lon="12.709504"><ele>75.8</ele></trkpt>
      <trkpt lat="53.509846" lon="12.709248"><ele>77.0</ele></trkpt>
      <trkpt lat="53.509864" lon="12.708892"><ele>78.8</ele></trkpt>
      <trkpt lat="53.509899" lon="12.708477"><ele>80.5</ele></trkpt>
      <trkpt lat="53.509932" lon="12.707970"><ele>82.0</ele></trkpt>
      <trkpt lat="53.509942" lon="12.707674"><ele>82.0</ele></trkpt>
      <trkpt lat="53.509940" lon="12.707503"><ele>82.0</ele></trkpt>
      <trkpt lat="53.509918" lon="12.707127"><ele>82.0</ele></trkpt>
      <trkpt lat="53.509900" lon="12.706893"><ele>81.8</ele></trkpt>
      <trkpt lat="53.509870" lon="12.706634"><ele>81.5</ele></trkpt>
      <trkpt lat="53.509738" lon="12.705743"><ele>80.0</ele></trkpt>
      <trkpt lat="53.509700" lon="12.705417"><ele>80.0</ele></trkpt>
      <trkpt lat="53.509669" lon="12.704953"><ele>80.0</ele></trkpt>
      <trkpt lat="53.509663" lon="12.704705"><ele>80.0</ele></trkpt>
      <trkpt lat="53.509665" lon="12.704359"><ele>80.0</ele></trkpt>
      <trkpt lat="53.509666" lon="12.704184"><ele>80.0</ele></trkpt>
      <trkpt lat="53.509667" lon="12.703980"><ele>80.0</ele></trkpt>
      <trkpt lat="53.509671" lon="12.703077"><ele>80.0</ele></trkpt>
      <trkpt lat="53.509671" lon="12.702482"><ele>80.0</ele></trkpt>
      <trkpt lat="53.509669" lon="12.702355"><ele>80.0</ele></trkpt>
      <trkpt lat="53.509722" lon="12.702328"><ele>80.0</ele></trkpt>
      <trkpt lat="53.509759" lon="12.702274"><ele>80.0</ele></trkpt>
      <trkpt lat="53.509780" lon="12.702196"><ele>80.0</ele></trkpt>
      <trkpt lat="53.509782" lon="12.702148"><ele>80.0</ele></trkpt>
      <trkpt lat="53.509776" lon="12.702086"><ele>80.0</ele></trkpt>
      <trkpt lat="53.509758" lon="12.702031"><ele>80.0</ele></trkpt>
      <trkpt lat="53.509731" lon="12.701987"><ele>80.0</ele></trkpt>
      <trkpt lat="53.509697" lon="12.701959"><ele>80.0</ele></trkpt>
      <trkpt lat="53.509660" lon="12.701951"><ele>80.0</ele></trkpt>
      <trkpt lat="53.509659" lon="12.701810"><ele>80.0</ele></trkpt>
      <trkpt lat="53.509653" lon="12.700914"><ele>80.0</ele></trkpt>
      <trkpt lat="53.509671" lon="12.699588"><ele>80.0</ele></trkpt>
      <trkpt lat="53.509679" lon="12.698938"><ele>80.0</ele></trkpt>
      <trkpt lat="53.509670" lon="12.698535"><ele>79.8</ele></trkpt>
      <trkpt lat="53.509641" lon="12.698144"><ele>78.0</ele></trkpt>
      <trkpt lat="53.509609" lon="12.697924"><ele>77.0</ele></trkpt>
      <trkpt lat="53.509572" lon="12.697725"><ele>76.2</ele></trkpt>
      <trkpt lat="53.509503" lon="12.697432"><ele>75.0</ele></trkpt>
      <trkpt lat="53.509389" lon="12.697064"><ele>74.2</ele></trkpt>
      <trkpt lat="53.508837" lon="12.695365"><ele>71.8</ele></trkpt>
      <trkpt lat="53.508798" lon="12.695206"><ele>70.8</ele></trkpt>
      <trkpt lat="53.508766" lon="12.694975"><ele>69.5</ele></trkpt>
      <trkpt lat="53.508757" lon="12.694828"><ele>68.8</ele></trkpt>
      <trkpt lat="53.508761" lon="12.694676"><ele>68.2</ele></trkpt>
      <trkpt lat="53.508789" lon="12.694466"><ele>68.2</ele></trkpt>
      <trkpt lat="53.508851" lon="12.694063"><ele>67.8</ele></trkpt>
      <trkpt lat="53.509042" lon="12.694158"><ele>68.5</ele></trkpt>
      <trkpt lat="53.509914" lon="12.694638"><ele>68.5</ele></trkpt>
      <trkpt lat="53.509934" lon="12.694565"><ele>68.2</ele></trkpt>
      <trkpt lat="53.510122" lon="12.693884"><ele>67.2</ele></trkpt>
      <trkpt lat="53.510276" lon="12.693337"><ele>66.0</ele></trkpt>
      <trkpt lat="53.510402" lon="12.692914"><ele>65.2</ele></trkpt>
      <trkpt lat="53.510533" lon="12.692462"><ele>64.0</ele></trkpt>
      <trkpt lat="53.510625" lon="12.692149"><ele>64.0</ele></trkpt>
      <trkpt lat="53.510720" lon="12.691824"><ele>64.0</ele></trkpt>
      <trkpt lat="53.510732" lon="12.691752"><ele>64.0</ele></trkpt>
      <trkpt lat="53.510818" lon="12.691718"><ele>64.0</ele></trkpt>
      <trkpt lat="53.510947" lon="12.691630"><ele>63.2</ele></trkpt>
      <trkpt lat="53.511227" lon="12.691452"><ele>62.5</ele></trkpt>
      <trkpt lat="53.511211" lon="12.691377"><ele>62.2</ele></trkpt>
      <trkpt lat="53.511226" lon="12.691320"><ele>62.2</ele></trkpt>
      <trkpt lat="53.511231" lon="12.691122"><ele>62.0</ele></trkpt>
      <trkpt lat="53.511238" lon="12.691081"><ele>62.0</ele></trkpt>
      <trkpt lat="53.511780" lon="12.690664"><ele>62.0</ele></trkpt>
      <trkpt lat="53.512108" lon="12.690417"><ele>62.0</ele></trkpt>
      <trkpt lat="53.512309" lon="12.690263"><ele>62.0</ele></trkpt>
      <trkpt lat="53.512391" lon="12.690200"><ele>62.0</ele></trkpt>
      <trkpt lat="53.512431" lon="12.690152"><ele>62.0</ele></trkpt>
      <trkpt lat="53.512438" lon="12.689942"><ele>62.0</ele></trkpt>
      <trkpt lat="53.512412" lon="12.689791"><ele>62.0</ele></trkpt>
      <trkpt lat="53.512358" lon="12.689553"><ele>62.0</ele></trkpt>
      <trkpt lat="53.512303" lon="12.689317"><ele>62.0</ele></trkpt>
      <trkpt lat="53.512253" lon="12.689109"><ele>62.0</ele></trkpt>
      <trkpt lat="53.512205" lon="12.688917"><ele>62.0</ele></trkpt>
      <trkpt lat="53.512149" lon="12.688726"><ele>62.0</ele></trkpt>
      <trkpt lat="53.512102" lon="12.688565"><ele>62.0</ele></trkpt>
      <trkpt lat="53.512033" lon="12.688332"><ele>62.0</ele></trkpt>
      <trkpt lat="53.512030" lon="12.688231"><ele>62.0</ele></trkpt>
      <trkpt lat="53.512039" lon="12.688147"><ele>62.0</ele></trkpt>
      <trkpt lat="53.512069" lon="12.688013"><ele>62.2</ele></trkpt>
      <trkpt lat="53.512085" lon="12.687955"><ele>62.5</ele></trkpt>
      <trkpt lat="53.512116" lon="12.687840"><ele>62.5</ele></trkpt>
      <trkpt lat="53.512134" lon="12.687790"><ele>62.5</ele></trkpt>
      <trkpt lat="53.512171" lon="12.687577"><ele>62.8</ele></trkpt>
      <trkpt lat="53.512173" lon="12.687144"><ele>63.8</ele></trkpt>
      <trkpt lat="53.512180" lon="12.686988"><ele>63.8</ele></trkpt>
      <trkpt lat="53.512203" lon="12.686733"><ele>63.8</ele></trkpt>
      <trkpt lat="53.512245" lon="12.686407"><ele>64.0</ele></trkpt>
      <trkpt lat="53.512312" lon="12.686031"><ele>64.2</ele></trkpt>
      <trkpt lat="53.512361" lon="12.685820"><ele>63.8</ele></trkpt>
      <trkpt lat="53.512449" lon="12.685497"><ele>63.5</ele></trkpt>
      <trkpt lat="53.512495" lon="12.685354"><ele>63.2</ele></trkpt>
      <trkpt lat="53.512653" lon="12.684955"><ele>64.2</ele></trkpt>
      <trkpt lat="53.512855" lon="12.684615"><ele>64.5</ele></trkpt>
      <trkpt lat="53.513033" lon="12.684386"><ele>64.2</ele></trkpt>
      <trkpt lat="53.513178" lon="12.684239"><ele>64.0</ele></trkpt>
      <trkpt lat="53.513257" lon="12.684191"><ele>63.8</ele></trkpt>
      <trkpt lat="53.513322" lon="12.684130"><ele>63.8</ele></trkpt>
      <trkpt lat="53.513379" lon="12.684074"><ele>63.5</ele></trkpt>
      <trkpt lat="53.513598" lon="12.683813"><ele>62.5</ele></trkpt>
      <trkpt lat="53.513843" lon="12.683605"><ele>62.8</ele></trkpt>
      <trkpt lat="53.513876" lon="12.683573"><ele>62.8</ele></trkpt>
      <trkpt lat="53.513934" lon="12.683518"><ele>62.5</ele></trkpt>
      <trkpt lat="53.514119" lon="12.683045"><ele>61.8</ele></trkpt>
      <trkpt lat="53.514161" lon="12.682969"><ele>62.0</ele></trkpt>
      <trkpt lat="53.514197" lon="12.682929"><ele>62.0</ele></trkpt>
      <trkpt lat="53.514299" lon="12.682860"><ele>62.0</ele></trkpt>
      <trkpt lat="53.514335" lon="12.682813"><ele>62.0</ele></trkpt>
      <trkpt lat="53.514362" lon="12.682754"><ele>62.0</ele></trkpt>
      <trkpt lat="53.514376" lon="12.682692"><ele>62.0</ele></trkpt>
      <trkpt lat="53.514378" lon="12.682627"><ele>62.0</ele></trkpt>
      <trkpt lat="53.514348" lon="12.681994"><ele>62.0</ele></trkpt>
      <trkpt lat="53.514327" lon="12.681665"><ele>62.0</ele></trkpt>
      <trkpt lat="53.514370" lon="12.681644"><ele>62.0</ele></trkpt>
      <trkpt lat="53.514436" lon="12.681613"><ele>62.0</ele></trkpt>
      <trkpt lat="53.514660" lon="12.681520"><ele>62.0</ele></trkpt>
      <trkpt lat="53.514785" lon="12.681469"><ele>62.0</ele></trkpt>
      <trkpt lat="53.515062" lon="12.681357"><ele>62.0</ele></trkpt>
      <trkpt lat="53.515108" lon="12.681341"><ele>62.0</ele></trkpt>
      <trkpt lat="53.515149" lon="12.681323"><ele>62.0</ele></trkpt>
      <trkpt lat="53.515308" lon="12.681253"><ele>62.0</ele></trkpt>
      <trkpt lat="53.515440" lon="12.681195"><ele>62.0</ele></trkpt>
      <trkpt lat="53.515729" lon="12.681073"><ele>62.0</ele></trkpt>
      <trkpt lat="53.515912" lon="12.680996"><ele>62.0</ele></trkpt>
      <trkpt lat="53.515931" lon="12.680988"><ele>62.0</ele></trkpt>
      <trkpt lat="53.515970" lon="12.680972"><ele>62.0</ele></trkpt>
      <trkpt lat="53.516044" lon="12.680942"><ele>62.0</ele></trkpt>
      <trkpt lat="53.516307" lon="12.680844"><ele>62.0</ele></trkpt>
      <trkpt lat="53.516446" lon="12.680788"><ele>62.0</ele></trkpt>
      <trkpt lat="53.516526" lon="12.680749"><ele>62.0</ele></trkpt>
      <trkpt lat="53.516622" lon="12.680673"><ele>62.0</ele></trkpt>
      <trkpt lat="53.516678" lon="12.680643"><ele>62.0</ele></trkpt>
      <trkpt lat="53.516665" lon="12.680523"><ele>62.0</ele></trkpt>
      <trkpt lat="53.516627" lon="12.680218"><ele>62.0</ele></trkpt>
      <trkpt lat="53.516654" lon="12.680206"><ele>62.0</ele></trkpt>
      <trkpt lat="53.516689" lon="12.680191"><ele>62.0</ele></trkpt>
      <trkpt lat="53.516789" lon="12.680147"><ele>62.0</ele></trkpt>
      <trkpt lat="53.516689" lon="12.680191"><ele>62.0</ele></trkpt>
      <trkpt lat="53.516654" lon="12.680206"><ele>62.0</ele></trkpt>
      <trkpt lat="53.516627" lon="12.680218"><ele>62.0</ele></trkpt>
      <trkpt lat="53.516665" lon="12.680523"><ele>62.0</ele></trkpt>
      <trkpt lat="53.516678" lon="12.680643"><ele>62.0</ele></trkpt>
      <trkpt lat="53.517267" lon="12.680438"><ele>62.0</ele></trkpt>
      <trkpt lat="53.517352" lon="12.680412"><ele>62.0</ele></trkpt>
      <trkpt lat="53.517480" lon="12.680360"><ele>62.0</ele></trkpt>
      <trkpt lat="53.517531" lon="12.680336"><ele>62.0</ele></trkpt>
      <trkpt lat="53.517578" lon="12.680301"><ele>62.0</ele></trkpt>
      <trkpt lat="53.517644" lon="12.680238"><ele>62.0</ele></trkpt>
      <trkpt lat="53.517825" lon="12.680036"><ele>62.0</ele></trkpt>
      <trkpt lat="53.517898" lon="12.679977"><ele>62.2</ele></trkpt>
      <trkpt lat="53.517969" lon="12.679944"><ele>62.8</ele></trkpt>
      <trkpt lat="53.518030" lon="12.679942"><ele>62.8</ele></trkpt>
      <trkpt lat="53.518177" lon="12.679966"><ele>63.2</ele></trkpt>
      <trkpt lat="53.518834" lon="12.680167"><ele>65.0</ele></trkpt>
      <trkpt lat="53.518928" lon="12.680193"><ele>65.0</ele></trkpt>
      <trkpt lat="53.518958" lon="12.679937"><ele>65.0</ele></trkpt>
      <trkpt lat="53.518980" lon="12.679720"><ele>65.0</ele></trkpt>
      <trkpt lat="53.519008" lon="12.679560"><ele>65.0</ele></trkpt>
      <trkpt lat="53.519055" lon="12.679370"><ele>65.0</ele></trkpt>
      <trkpt lat="53.519140" lon="12.679155"><ele>65.0</ele></trkpt>
      <trkpt lat="53.519205" lon="12.679017"><ele>65.0</ele></trkpt>
      <trkpt lat="53.519487" lon="12.678611"><ele>65.2</ele></trkpt>
      <trkpt lat="53.519528" lon="12.678552"><ele>65.8</ele></trkpt>
      <trkpt lat="53.519391" lon="12.678290"><ele>65.8</ele></trkpt>
      <trkpt lat="53.519313" lon="12.678140"><ele>65.8</ele></trkpt>
      <trkpt lat="53.519209" lon="12.677931"><ele>65.2</ele></trkpt>
      <trkpt lat="53.519059" lon="12.677631"><ele>65.2</ele></trkpt>
      <trkpt lat="53.519084" lon="12.677550"><ele>65.5</ele></trkpt>
      <trkpt lat="53.519126" lon="12.677409"><ele>65.8</ele></trkpt>
      <trkpt lat="53.519191" lon="12.676914"><ele>66.0</ele></trkpt>
      <trkpt lat="53.519216" lon="12.676725"><ele>66.2</ele></trkpt>
      <trkpt lat="53.519257" lon="12.676354"><ele>67.2</ele></trkpt>
      <trkpt lat="53.519325" lon="12.675810"><ele>67.5</ele></trkpt>
      <trkpt lat="53.520245" lon="12.676089"><ele>69.8</ele></trkpt>
      <trkpt lat="53.520294" lon="12.675524"><ele>70.0</ele></trkpt>
      <trkpt lat="53.520567" lon="12.675577"><ele>71.0</ele></trkpt>
      <trkpt lat="53.521303" lon="12.675756"><ele>70.5</ele></trkpt>
      <trkpt lat="53.522346" lon="12.676387"><ele>70.0</ele></trkpt>
      <trkpt lat="53.522389" lon="12.676440"><ele>70.0</ele></trkpt>
      <trkpt lat="53.522478" lon="12.676619"><ele>70.0</ele></trkpt>
      <trkpt lat="53.522686" lon="12.676981"><ele>69.2</ele></trkpt>
      <trkpt lat="53.522846" lon="12.677296"><ele>69.0</ele></trkpt>
      <trkpt lat="53.523203" lon="12.676814"><ele>68.2</ele></trkpt>
      <trkpt lat="53.523395" lon="12.676615"><ele>68.0</ele></trkpt>
      <trkpt lat="53.523446" lon="12.676562"><ele>68.0</ele></trkpt>
      <trkpt lat="53.523567" lon="12.676449"><ele>68.0</ele></trkpt>
      <trkpt lat="53.523866" lon="12.676169"><ele>68.0</ele></trkpt>
      <trkpt lat="53.523903" lon="12.676134"><ele>67.8</ele></trkpt>
      <trkpt lat="53.523971" lon="12.676122"><ele>67.8</ele></trkpt>
      <trkpt lat="53.524023" lon="12.676086"><ele>68.0</ele></trkpt>
      <trkpt lat="53.523997" lon="12.676003"><ele>68.0</ele></trkpt>
      <trkpt lat="53.523981" lon="12.675953"><ele>68.0</ele></trkpt>
      <trkpt lat="53.524001" lon="12.675912"><ele>68.0</ele></trkpt>
      <trkpt lat="53.524027" lon="12.675786"><ele>68.0</ele></trkpt>
      <trkpt lat="53.524028" lon="12.675713"><ele>68.0</ele></trkpt>
      <trkpt lat="53.524053" lon="12.675688"><ele>68.0</ele></trkpt>
      <trkpt lat="53.524104" lon="12.675638"><ele>68.0</ele></trkpt>
      <trkpt lat="53.524139" lon="12.675603"><ele>68.0</ele></trkpt>
      <trkpt lat="53.524174" lon="12.675637"><ele>67.8</ele></trkpt>
      <trkpt lat="53.524249" lon="12.675679"><ele>67.5</ele></trkpt>
      <trkpt lat="53.524278" lon="12.675672"><ele>67.5</ele></trkpt>
      <trkpt lat="53.524332" lon="12.675622"><ele>67.2</ele></trkpt>
      <trkpt lat="53.524438" lon="12.675546"><ele>67.0</ele></trkpt>
      <trkpt lat="53.525172" lon="12.674883"><ele>67.0</ele></trkpt>
      <trkpt lat="53.525373" lon="12.674710"><ele>67.0</ele></trkpt>
      <trkpt lat="53.525525" lon="12.674571"><ele>67.0</ele></trkpt>
      <trkpt lat="53.525605" lon="12.674517"><ele>67.0</ele></trkpt>
      <trkpt lat="53.525662" lon="12.674509"><ele>67.0</ele></trkpt>
      <trkpt lat="53.525835" lon="12.674407"><ele>67.0</ele></trkpt>
      <trkpt lat="53.526307" lon="12.674185"><ele>67.0</ele></trkpt>
      <trkpt lat="53.526758" lon="12.673947"><ele>66.8</ele></trkpt>
      <trkpt lat="53.527706" lon="12.673376"><ele>66.8</ele></trkpt>
      <trkpt lat="53.527824" lon="12.673238"><ele>67.2</ele></trkpt>
      <trkpt lat="53.527929" lon="12.673091"><ele>67.8</ele></trkpt>
      <trkpt lat="53.528105" lon="12.672815"><ele>68.0</ele></trkpt>
      <trkpt lat="53.528389" lon="12.672286"><ele>69.8</ele></trkpt>
      <trkpt lat="53.528499" lon="12.672117"><ele>70.0</ele></trkpt>
      <trkpt lat="53.528629" lon="12.671926"><ele>70.0</ele></trkpt>
      <trkpt lat="53.528792" lon="12.671698"><ele>70.5</ele></trkpt>
      <trkpt lat="53.528956" lon="12.671469"><ele>71.0</ele></trkpt>
      <trkpt lat="53.529045" lon="12.671372"><ele>71.5</ele></trkpt>
      <trkpt lat="53.529480" lon="12.670970"><ele>72.0</ele></trkpt>
      <trkpt lat="53.529939" lon="12.670549"><ele>72.8</ele></trkpt>
      <trkpt lat="53.530539" lon="12.669995"><ele>74.0</ele></trkpt>
      <trkpt lat="53.530886" lon="12.669680"><ele>75.0</ele></trkpt>
      <trkpt lat="53.531331" lon="12.669275"><ele>76.8</ele></trkpt>
      <trkpt lat="53.531560" lon="12.669059"><ele>77.0</ele></trkpt>
      <trkpt lat="53.532017" lon="12.668610"><ele>77.0</ele></trkpt>
      <trkpt lat="53.532080" lon="12.668548"><ele>77.0</ele></trkpt>
      <trkpt lat="53.532190" lon="12.668410"><ele>77.0</ele></trkpt>
      <trkpt lat="53.532208" lon="12.668390"><ele>77.0</ele></trkpt>
      <trkpt lat="53.532447" lon="12.668145"><ele>77.0</ele></trkpt>
      <trkpt lat="53.532482" lon="12.668081"><ele>77.0</ele></trkpt>
      <trkpt lat="53.532570" lon="12.667990"><ele>77.0</ele></trkpt>
      <trkpt lat="53.532644" lon="12.667914"><ele>77.0</ele></trkpt>
      <trkpt lat="53.532734" lon="12.667826"><ele>77.0</ele></trkpt>
      <trkpt lat="53.532863" lon="12.667677"><ele>77.0</ele></trkpt>
      <trkpt lat="53.532904" lon="12.667574"><ele>77.0</ele></trkpt>
      <trkpt lat="53.533104" lon="12.667337"><ele>77.0</ele></trkpt>
      <trkpt lat="53.534227" lon="12.666212"><ele>76.2</ele></trkpt>
      <trkpt lat="53.534818" lon="12.665595"><ele>75.0</ele></trkpt>
      <trkpt lat="53.535964" lon="12.664399"><ele>75.0</ele></trkpt>
      <trkpt lat="53.537519" lon="12.662782"><ele>74.8</ele></trkpt>
      <trkpt lat="53.538585" lon="12.661709"><ele>74.0</ele></trkpt>
      <trkpt lat="53.538704" lon="12.661663"><ele>74.0</ele></trkpt>
      <trkpt lat="53.538913" lon="12.661446"><ele>73.8</ele></trkpt>
      <trkpt lat="53.538979" lon="12.661301"><ele>74.2</ele></trkpt>
      <trkpt lat="53.539073" lon="12.661178"><ele>74.8</ele></trkpt>
      <trkpt lat="53.539973" lon="12.660207"><ele>77.5</ele></trkpt>
      <trkpt lat="53.540074" lon="12.660201"><ele>78.5</ele></trkpt>
      <trkpt lat="53.540174" lon="12.660148"><ele>79.2</ele></trkpt>
      <trkpt lat="53.540676" lon="12.659681"><ele>82.8</ele></trkpt>
      <trkpt lat="53.541113" lon="12.659362"><ele>85.2</ele></trkpt>
      <trkpt lat="53.541172" lon="12.659268"><ele>85.8</ele></trkpt>
      <trkpt lat="53.541224" lon="12.659225"><ele>86.0</ele></trkpt>
      <trkpt lat="53.541284" lon="12.659187"><ele>86.5</ele></trkpt>
      <trkpt lat="53.541342" lon="12.659152"><ele>86.8</ele></trkpt>
      <trkpt lat="53.541418" lon="12.659152"><ele>86.8</ele></trkpt>
      <trkpt lat="53.542519" lon="12.658576"><ele>84.8</ele></trkpt>
      <trkpt lat="53.544124" lon="12.657780"><ele>80.0</ele></trkpt>
      <trkpt lat="53.544232" lon="12.657651"><ele>80.0</ele></trkpt>
      <trkpt lat="53.544926" lon="12.657278"><ele>80.0</ele></trkpt>
      <trkpt lat="53.545345" lon="12.657073"><ele>80.0</ele></trkpt>
      <trkpt lat="53.545402" lon="12.657083"><ele>80.0</ele></trkpt>
      <trkpt lat="53.545420" lon="12.657188"><ele>80.0</ele></trkpt>
      <trkpt lat="53.545866" lon="12.656963"><ele>80.0</ele></trkpt>
      <trkpt lat="53.546556" lon="12.656618"><ele>79.8</ele></trkpt>
      <trkpt lat="53.547331" lon="12.656232"><ele>77.0</ele></trkpt>
      <trkpt lat="53.547637" lon="12.656080"><ele>76.8</ele></trkpt>
      <trkpt lat="53.547623" lon="12.656010"><ele>76.8</ele></trkpt>
      <trkpt lat="53.547687" lon="12.655914"><ele>76.5</ele></trkpt>
      <trkpt lat="53.547772" lon="12.655849"><ele>76.0</ele></trkpt>
      <trkpt lat="53.547920" lon="12.655765"><ele>75.8</ele></trkpt>
      <trkpt lat="53.550778" lon="12.654298"><ele>72.2</ele></trkpt>
      <trkpt lat="53.551592" lon="12.653868"><ele>71.8</ele></trkpt>
      <trkpt lat="53.552121" lon="12.653451"><ele>72.0</ele></trkpt>
      <trkpt lat="53.553143" lon="12.652362"><ele>72.2</ele></trkpt>
      <trkpt lat="53.555156" lon="12.650217"><ele>77.0</ele></trkpt>
      <trkpt lat="53.555343" lon="12.650126"><ele>77.2</ele></trkpt>
      <trkpt lat="53.555481" lon="12.649991"><ele>78.2</ele></trkpt>
      <trkpt lat="53.555557" lon="12.649911"><ele>78.5</ele></trkpt>
      <trkpt lat="53.555638" lon="12.649825"><ele>78.5</ele></trkpt>
      <trkpt lat="53.555710" lon="12.649901"><ele>79.0</ele></trkpt>
      <trkpt lat="53.555788" lon="12.649988"><ele>79.8</ele></trkpt>
      <trkpt lat="53.555944" lon="12.649803"><ele>79.0</ele></trkpt>
      <trkpt lat="53.556134" lon="12.649662"><ele>78.8</ele></trkpt>
      <trkpt lat="53.557293" lon="12.648408"><ele>75.0</ele></trkpt>
      <trkpt lat="53.557373" lon="12.648207"><ele>74.8</ele></trkpt>
      <trkpt lat="53.557464" lon="12.648104"><ele>74.2</ele></trkpt>
      <trkpt lat="53.557581" lon="12.648009"><ele>74.0</ele></trkpt>
      <trkpt lat="53.557667" lon="12.648020"><ele>74.0</ele></trkpt>
      <trkpt lat="53.559340" lon="12.646255"><ele>75.0</ele></trkpt>
      <trkpt lat="53.559537" lon="12.646116"><ele>75.0</ele></trkpt>
      <trkpt lat="53.561500" lon="12.644040"><ele>74.2</ele></trkpt>
      <trkpt lat="53.561688" lon="12.643782"><ele>75.0</ele></trkpt>
      <trkpt lat="53.563236" lon="12.642157"><ele>75.5</ele></trkpt>
      <trkpt lat="53.563280" lon="12.642066"><ele>75.8</ele></trkpt>
      <trkpt lat="53.563317" lon="12.641968"><ele>75.8</ele></trkpt>
      <trkpt lat="53.563493" lon="12.641787"><ele>76.0</ele></trkpt>
      <trkpt lat="53.563555" lon="12.641953"><ele>76.0</ele></trkpt>
      <trkpt lat="53.563609" lon="12.642058"><ele>76.0</ele></trkpt>
      <trkpt lat="53.563647" lon="12.642086"><ele>76.0</ele></trkpt>
      <trkpt lat="53.563705" lon="12.642086"><ele>76.0</ele></trkpt>
      <trkpt lat="53.563922" lon="12.641991"><ele>76.0</ele></trkpt>
      <trkpt lat="53.563987" lon="12.641996"><ele>76.0</ele></trkpt>
      <trkpt lat="53.564034" lon="12.642024"><ele>76.0</ele></trkpt>
      <trkpt lat="53.564085" lon="12.642089"><ele>76.0</ele></trkpt>
      <trkpt lat="53.564913" lon="12.643635"><ele>77.0</ele></trkpt>
      <trkpt lat="53.565743" lon="12.645264"><ele>78.8</ele></trkpt>
      <trkpt lat="53.565864" lon="12.645478"><ele>78.8</ele></trkpt>
      <trkpt lat="53.567956" lon="12.649571"><ele>82.0</ele></trkpt>
      <trkpt lat="53.569989" lon="12.653481"><ele>84.0</ele></trkpt>
      <trkpt lat="53.570810" lon="12.655142"><ele>85.0</ele></trkpt>
      <trkpt lat="53.571596" lon="12.656470"><ele>86.8</ele></trkpt>
      <trkpt lat="53.571654" lon="12.656620"><ele>86.8</ele></trkpt>
      <trkpt lat="53.571754" lon="12.656584"><ele>87.0</ele></trkpt>
      <trkpt lat="53.571990" lon="12.656559"><ele>87.0</ele></trkpt>
      <trkpt lat="53.572177" lon="12.656563"><ele>87.0</ele></trkpt>
      <trkpt lat="53.572257" lon="12.656595"><ele>87.0</ele></trkpt>
      <trkpt lat="53.579694" lon="12.662391"><ele>96.8</ele></trkpt>
      <trkpt lat="53.580123" lon="12.662823"><ele>97.0</ele></trkpt>
      <trkpt lat="53.580337" lon="12.663017"><ele>97.0</ele></trkpt>
      <trkpt lat="53.580928" lon="12.663283"><ele>95.5</ele></trkpt>
      <trkpt lat="53.581165" lon="12.663466"><ele>94.2</ele></trkpt>
      <trkpt lat="53.581401" lon="12.663693"><ele>93.5</ele></trkpt>
      <trkpt lat="53.581541" lon="12.663821"><ele>93.5</ele></trkpt>
      <trkpt lat="53.582360" lon="12.664564"><ele>95.0</ele></trkpt>
      <trkpt lat="53.583274" lon="12.665317"><ele>95.0</ele></trkpt>
      <trkpt lat="53.584060" lon="12.665964"><ele>90.5</ele></trkpt>
      <trkpt lat="53.584710" lon="12.666561"><ele>90.5</ele></trkpt>
      <trkpt lat="53.584991" lon="12.666997"><ele>94.0</ele></trkpt>
      <trkpt lat="53.585254" lon="12.667436"><ele>94.8</ele></trkpt>
      <trkpt lat="53.585375" lon="12.667553"><ele>95.2</ele></trkpt>
      <trkpt lat="53.585384" lon="12.667561"><ele>95.2</ele></trkpt>
      <trkpt lat="53.585544" lon="12.667651"><ele>96.2</ele></trkpt>
      <trkpt lat="53.586256" lon="12.668001"><ele>101.0</ele></trkpt>
      <trkpt lat="53.586724" lon="12.667977"><ele>100.2</ele></trkpt>
      <trkpt lat="53.587952" lon="12.667849"><ele>97.0</ele></trkpt>
      <trkpt lat="53.588534" lon="12.667841"><ele>97.8</ele></trkpt>
      <trkpt lat="53.589363" lon="12.667962"><ele>102.2</ele></trkpt>
      <trkpt lat="53.589755" lon="12.668008"><ele>102.0</ele></trkpt>
      <trkpt lat="53.590004" lon="12.668046"><ele>102.0</ele></trkpt>
      <trkpt lat="53.590612" lon="12.668200"><ele>98.2</ele></trkpt>
      <trkpt lat="53.590818" lon="12.668379"><ele>95.0</ele></trkpt>
      <trkpt lat="53.591125" lon="12.668944"><ele>94.8</ele></trkpt>
      <trkpt lat="53.591269" lon="12.669875"><ele>95.5</ele></trkpt>
      <trkpt lat="53.591500" lon="12.671061"><ele>96.5</ele></trkpt>
      <trkpt lat="53.591630" lon="12.671302"><ele>98.5</ele></trkpt>
      <trkpt lat="53.591897" lon="12.671550"><ele>100.5</ele></trkpt>
      <trkpt lat="53.592030" lon="12.671630"><ele>101.5</ele></trkpt>
      <trkpt lat="53.592375" lon="12.671612"><ele>103.8</ele></trkpt>
      <trkpt lat="53.593247" lon="12.671475"><ele>103.5</ele></trkpt>
      <trkpt lat="53.593966" lon="12.671402"><ele>101.8</ele></trkpt>
      <trkpt lat="53.594088" lon="12.671435"><ele>101.2</ele></trkpt>
      <trkpt lat="53.594317" lon="12.671583"><ele>100.8</ele></trkpt>
      <trkpt lat="53.594772" lon="12.672086"><ele>100.0</ele></trkpt>
      <trkpt lat="53.595364" lon="12.672769"><ele>98.0</ele></trkpt>
      <trkpt lat="53.595883" lon="12.673282"><ele>98.0</ele></trkpt>
      <trkpt lat="53.596074" lon="12.673443"><ele>99.8</ele></trkpt>
      <trkpt lat="53.596329" lon="12.673561"><ele>101.5</ele></trkpt>
      <trkpt lat="53.596332" lon="12.673898"><ele>99.2</ele></trkpt>
      <trkpt lat="53.596396" lon="12.674198"><ele>98.8</ele></trkpt>
      <trkpt lat="53.597063" lon="12.675915"><ele>99.5</ele></trkpt>
      <trkpt lat="53.597530" lon="12.677329"><ele>100.0</ele></trkpt>
      <trkpt lat="53.598011" lon="12.678089"><ele>99.0</ele></trkpt>
      <trkpt lat="53.598306" lon="12.678594"><ele>99.8</ele></trkpt>
      <trkpt lat="53.598389" lon="12.678907"><ele>98.5</ele></trkpt>
      <trkpt lat="53.598414" lon="12.678998"><ele>98.2</ele></trkpt>
      <trkpt lat="53.598474" lon="12.679108"><ele>97.5</ele></trkpt>
      <trkpt lat="53.598658" lon="12.679281"><ele>96.8</ele></trkpt>
      <trkpt lat="53.598978" lon="12.679654"><ele>95.0</ele></trkpt>
      <trkpt lat="53.599099" lon="12.679844"><ele>94.0</ele></trkpt>
      <trkpt lat="53.599187" lon="12.679917"><ele>93.5</ele></trkpt>
      <trkpt lat="53.599293" lon="12.679957"><ele>94.0</ele></trkpt>
      <trkpt lat="53.599413" lon="12.680068"><ele>94.2</ele></trkpt>
      <trkpt lat="53.599547" lon="12.680267"><ele>94.0</ele></trkpt>
      <trkpt lat="53.599787" lon="12.680718"><ele>92.2</ele></trkpt>
      <trkpt lat="53.599957" lon="12.680992"><ele>92.0</ele></trkpt>
      <trkpt lat="53.600154" lon="12.681293"><ele>91.5</ele></trkpt>
      <trkpt lat="53.600302" lon="12.681500"><ele>92.2</ele></trkpt>
      <trkpt lat="53.600566" lon="12.681939"><ele>94.0</ele></trkpt>
      <trkpt lat="53.601013" lon="12.682656"><ele>96.0</ele></trkpt>
      <trkpt lat="53.601137" lon="12.682785"><ele>96.0</ele></trkpt>
      <trkpt lat="53.601372" lon="12.683053"><ele>95.8</ele></trkpt>
      <trkpt lat="53.601472" lon="12.683159"><ele>95.8</ele></trkpt>
      <trkpt lat="53.601565" lon="12.683258"><ele>95.8</ele></trkpt>
      <trkpt lat="53.602622" lon="12.684364"><ele>95.0</ele></trkpt>
      <trkpt lat="53.602812" lon="12.684626"><ele>94.8</ele></trkpt>
      <trkpt lat="53.602945" lon="12.684849"><ele>94.8</ele></trkpt>
      <trkpt lat="53.603018" lon="12.685012"><ele>94.8</ele></trkpt>
      <trkpt lat="53.603172" lon="12.685233"><ele>94.8</ele></trkpt>
      <trkpt lat="53.603456" lon="12.685701"><ele>95.0</ele></trkpt>
      <trkpt lat="53.603738" lon="12.686193"><ele>94.5</ele></trkpt>
      <trkpt lat="53.603843" lon="12.686417"><ele>94.0</ele></trkpt>
      <trkpt lat="53.604296" lon="12.687611"><ele>89.5</ele></trkpt>
      <trkpt lat="53.604436" lon="12.687999"><ele>89.8</ele></trkpt>
      <trkpt lat="53.604520" lon="12.688270"><ele>89.5</ele></trkpt>
      <trkpt lat="53.604581" lon="12.688544"><ele>89.8</ele></trkpt>
      <trkpt lat="53.604617" lon="12.688800"><ele>90.0</ele></trkpt>
      <trkpt lat="53.604722" lon="12.690033"><ele>86.8</ele></trkpt>
      <trkpt lat="53.604826" lon="12.690568"><ele>83.2</ele></trkpt>
      <trkpt lat="53.604995" lon="12.690952"><ele>82.0</ele></trkpt>
      <trkpt lat="53.605215" lon="12.691326"><ele>81.0</ele></trkpt>
      <trkpt lat="53.605252" lon="12.691389"><ele>81.0</ele></trkpt>
      <trkpt lat="53.605769" lon="12.691868"><ele>81.0</ele></trkpt>
      <trkpt lat="53.606864" lon="12.692806"><ele>80.2</ele></trkpt>
      <trkpt lat="53.607000" lon="12.692909"><ele>80.0</ele></trkpt>
      <trkpt lat="53.607320" lon="12.693025"><ele>80.0</ele></trkpt>
      <trkpt lat="53.607417" lon="12.693081"><ele>79.8</ele></trkpt>
      <trkpt lat="53.607913" lon="12.693697"><ele>77.0</ele></trkpt>
      <trkpt lat="53.608229" lon="12.694051"><ele>75.0</ele></trkpt>
      <trkpt lat="53.608505" lon="12.694259"><ele>74.2</ele></trkpt>
      <trkpt lat="53.608638" lon="12.694430"><ele>73.5</ele></trkpt>
      <trkpt lat="53.608736" lon="12.694636"><ele>71.8</ele></trkpt>
      <trkpt lat="53.608814" lon="12.694888"><ele>70.8</ele></trkpt>
      <trkpt lat="53.609103" lon="12.696176"><ele>75.2</ele></trkpt>
      <trkpt lat="53.609163" lon="12.696387"><ele>75.8</ele></trkpt>
      <trkpt lat="53.609239" lon="12.696576"><ele>75.8</ele></trkpt>
      <trkpt lat="53.609344" lon="12.696792"><ele>76.8</ele></trkpt>
      <trkpt lat="53.609529" lon="12.697017"><ele>78.0</ele></trkpt>
      <trkpt lat="53.610263" lon="12.697586"><ele>79.2</ele></trkpt>
      <trkpt lat="53.610680" lon="12.697882"><ele>79.2</ele></trkpt>
      <trkpt lat="53.610855" lon="12.698013"><ele>79.8</ele></trkpt>
      <trkpt lat="53.611191" lon="12.698264"><ele>80.5</ele></trkpt>
      <trkpt lat="53.611444" lon="12.698488"><ele>82.5</ele></trkpt>
      <trkpt lat="53.611551" lon="12.698567"><ele>83.5</ele></trkpt>
      <trkpt lat="53.611776" lon="12.698841"><ele>85.0</ele></trkpt>
      <trkpt lat="53.611937" lon="12.699066"><ele>85.0</ele></trkpt>
      <trkpt lat="53.612080" lon="12.699331"><ele>84.5</ele></trkpt>
      <trkpt lat="53.612169" lon="12.699529"><ele>84.0</ele></trkpt>
      <trkpt lat="53.612559" lon="12.699551"><ele>83.0</ele></trkpt>
      <trkpt lat="53.613140" lon="12.699650"><ele>85.0</ele></trkpt>
      <trkpt lat="53.613782" lon="12.699817"><ele>85.0</ele></trkpt>
      <trkpt lat="53.614686" lon="12.700076"><ele>84.0</ele></trkpt>
      <trkpt lat="53.614972" lon="12.700148"><ele>83.5</ele></trkpt>
      <trkpt lat="53.615394" lon="12.700232"><ele>84.8</ele></trkpt>
      <trkpt lat="53.615651" lon="12.700302"><ele>86.2</ele></trkpt>
      <trkpt lat="53.615880" lon="12.700424"><ele>87.0</ele></trkpt>
      <trkpt lat="53.616854" lon="12.701029"><ele>85.2</ele></trkpt>
      <trkpt lat="53.617966" lon="12.701747"><ele>77.5</ele></trkpt>
      <trkpt lat="53.618118" lon="12.701831"><ele>77.5</ele></trkpt>
      <trkpt lat="53.618257" lon="12.701894"><ele>77.8</ele></trkpt>
      <trkpt lat="53.618415" lon="12.701893"><ele>78.0</ele></trkpt>
      <trkpt lat="53.618561" lon="12.701845"><ele>78.5</ele></trkpt>
      <trkpt lat="53.619071" lon="12.701588"><ele>79.5</ele></trkpt>
      <trkpt lat="53.619557" lon="12.701367"><ele>78.5</ele></trkpt>
      <trkpt lat="53.620641" lon="12.700905"><ele>75.0</ele></trkpt>
      <trkpt lat="53.620870" lon="12.700814"><ele>75.0</ele></trkpt>
      <trkpt lat="53.620992" lon="12.700715"><ele>75.0</ele></trkpt>
      <trkpt lat="53.621176" lon="12.700529"><ele>75.8</ele></trkpt>
      <trkpt lat="53.621401" lon="12.700247"><ele>76.0</ele></trkpt>
      <trkpt lat="53.621686" lon="12.699909"><ele>77.0</ele></trkpt>
      <trkpt lat="53.622431" lon="12.699025"><ele>75.8</ele></trkpt>
      <trkpt lat="53.623777" lon="12.697284"><ele>73.8</ele></trkpt>
      <trkpt lat="53.623862" lon="12.697175"><ele>73.2</ele></trkpt>
      <trkpt lat="53.624191" lon="12.696913"><ele>72.0</ele></trkpt>
      <trkpt lat="53.624518" lon="12.696795"><ele>72.0</ele></trkpt>
      <trkpt lat="53.625262" lon="12.696763"><ele>70.2</ele></trkpt>
      <trkpt lat="53.625375" lon="12.696747"><ele>70.0</ele></trkpt>
      <trkpt lat="53.626045" lon="12.696655"><ele>70.0</ele></trkpt>
      <trkpt lat="53.626586" lon="12.696323"><ele>70.0</ele></trkpt>
      <trkpt lat="53.627095" lon="12.695915"><ele>68.8</ele></trkpt>
      <trkpt lat="53.627820" lon="12.695615"><ele>66.0</ele></trkpt>
      <trkpt lat="53.630224" lon="12.694745"><ele>67.0</ele></trkpt>
      <trkpt lat="53.630988" lon="12.694531"><ele>67.0</ele></trkpt>
      <trkpt lat="53.632643" lon="12.694134"><ele>69.2</ele></trkpt>
      <trkpt lat="53.634949" lon="12.693633"><ele>67.0</ele></trkpt>
      <trkpt lat="53.635868" lon="12.693376"><ele>66.8</ele></trkpt>
      <trkpt lat="53.636043" lon="12.693338"><ele>66.0</ele></trkpt>
      <trkpt lat="53.636928" lon="12.692102"><ele>64.2</ele></trkpt>
      <trkpt lat="53.640098" lon="12.687572"><ele>63.0</ele></trkpt>
      <trkpt lat="53.640290" lon="12.687303"><ele>63.0</ele></trkpt>
      <trkpt lat="53.640330" lon="12.687249"><ele>63.0</ele></trkpt>
      <trkpt lat="53.640666" lon="12.686776"><ele>62.5</ele></trkpt>
      <trkpt lat="53.640796" lon="12.686547"><ele>62.0</ele></trkpt>
      <trkpt lat="53.641023" lon="12.686042"><ele>61.8</ele></trkpt>
      <trkpt lat="53.640981" lon="12.685524"><ele>62.0</ele></trkpt>
      <trkpt lat="53.640758" lon="12.681440"><ele>60.2</ele></trkpt>
      <trkpt lat="53.640774" lon="12.681334"><ele>60.0</ele></trkpt>
      <trkpt lat="53.640818" lon="12.681198"><ele>60.0</ele></trkpt>
      <trkpt lat="53.640784" lon="12.681035"><ele>60.0</ele></trkpt>
      <trkpt lat="53.640770" lon="12.680895"><ele>60.0</ele></trkpt>
      <trkpt lat="53.640777" lon="12.680682"><ele>60.0</ele></trkpt>
      <trkpt lat="53.640788" lon="12.680551"><ele>60.0</ele></trkpt>
      <trkpt lat="53.640816" lon="12.680205"><ele>60.0</ele></trkpt>
      <trkpt lat="53.640825" lon="12.680087"><ele>60.0</ele></trkpt>
      <trkpt lat="53.640904" lon="12.680141"><ele>60.0</ele></trkpt>
      <trkpt lat="53.641031" lon="12.680141"><ele>60.0</ele></trkpt>
      <trkpt lat="53.642455" lon="12.679682"><ele>59.2</ele></trkpt>
      <trkpt lat="53.642767" lon="12.679626"><ele>58.0</ele></trkpt>
      <trkpt lat="53.643193" lon="12.679591"><ele>57.0</ele></trkpt>
      <trkpt lat="53.643428" lon="12.679601"><ele>57.0</ele></trkpt>
      <trkpt lat="53.643785" lon="12.679637"><ele>57.0</ele></trkpt>
      <trkpt lat="53.644174" lon="12.679727"><ele>58.0</ele></trkpt>
      <trkpt lat="53.644538" lon="12.679846"><ele>58.8</ele></trkpt>
      <trkpt lat="53.644853" lon="12.679984"><ele>59.8</ele></trkpt>
      <trkpt lat="53.645229" lon="12.680200"><ele>60.5</ele></trkpt>
      <trkpt lat="53.645569" lon="12.680444"><ele>60.8</ele></trkpt>
      <trkpt lat="53.645931" lon="12.680756"><ele>61.0</ele></trkpt>
      <trkpt lat="53.646870" lon="12.681793"><ele>59.2</ele></trkpt>
      <trkpt lat="53.647707" lon="12.682765"><ele>58.8</ele></trkpt>
      <trkpt lat="53.650393" lon="12.685845"><ele>57.0</ele></trkpt>
      <trkpt lat="53.653452" lon="12.689336"><ele>50.5</ele></trkpt>
      <trkpt lat="53.653881" lon="12.689845"><ele>49.0</ele></trkpt>
      <trkpt lat="53.656658" lon="12.693004"><ele>50.2</ele></trkpt>
      <trkpt lat="53.657651" lon="12.694158"><ele>51.0</ele></trkpt>
      <trkpt lat="53.658135" lon="12.694680"><ele>51.0</ele></trkpt>
      <trkpt lat="53.658630" lon="12.695108"><ele>50.5</ele></trkpt>
      <trkpt lat="53.659018" lon="12.695368"><ele>49.5</ele></trkpt>
      <trkpt lat="53.659335" lon="12.695543"><ele>50.0</ele></trkpt>
      <trkpt lat="53.659747" lon="12.695716"><ele>51.5</ele></trkpt>
      <trkpt lat="53.660757" lon="12.696054"><ele>54.0</ele></trkpt>
      <trkpt lat="53.661004" lon="12.696155"><ele>54.0</ele></trkpt>
      <trkpt lat="53.661346" lon="12.696326"><ele>54.0</ele></trkpt>
      <trkpt lat="53.661669" lon="12.696509"><ele>52.8</ele></trkpt>
      <trkpt lat="53.662028" lon="12.696784"><ele>50.5</ele></trkpt>
      <trkpt lat="53.662280" lon="12.697017"><ele>48.8</ele></trkpt>
      <trkpt lat="53.662450" lon="12.697190"><ele>48.0</ele></trkpt>
      <trkpt lat="53.662763" lon="12.697541"><ele>45.8</ele></trkpt>
      <trkpt lat="53.663180" lon="12.698064"><ele>45.2</ele></trkpt>
      <trkpt lat="53.664493" lon="12.699671"><ele>45.2</ele></trkpt>
      <trkpt lat="53.666234" lon="12.701934"><ele>45.0</ele></trkpt>
      <trkpt lat="53.666277" lon="12.701989"><ele>45.0</ele></trkpt>
      <trkpt lat="53.666255" lon="12.702086"><ele>45.0</ele></trkpt>
      <trkpt lat="53.666220" lon="12.702170"><ele>45.0</ele></trkpt>
      <trkpt lat="53.666458" lon="12.702498"><ele>45.0</ele></trkpt>
      <trkpt lat="53.666520" lon="12.702752"><ele>45.0</ele></trkpt>
      <trkpt lat="53.666565" lon="12.703083"><ele>45.0</ele></trkpt>
      <trkpt lat="53.666568" lon="12.703345"><ele>45.0</ele></trkpt>
      <trkpt lat="53.666563" lon="12.703667"><ele>45.0</ele></trkpt>
      <trkpt lat="53.666519" lon="12.705198"><ele>45.0</ele></trkpt>
      <trkpt lat="53.666455" lon="12.705782"><ele>45.0</ele></trkpt>
      <trkpt lat="53.666426" lon="12.706459"><ele>46.0</ele></trkpt>
      <trkpt lat="53.666409" lon="12.707412"><ele>47.5</ele></trkpt>
      <trkpt lat="53.666406" lon="12.707556"><ele>48.0</ele></trkpt>
      <trkpt lat="53.666328" lon="12.708742"><ele>50.5</ele></trkpt>
      <trkpt lat="53.666295" lon="12.709401"><ele>52.0</ele></trkpt>
      <trkpt lat="53.666307" lon="12.709813"><ele>52.0</ele></trkpt>
      <trkpt lat="53.666348" lon="12.710263"><ele>52.0</ele></trkpt>
      <trkpt lat="53.666626" lon="12.712134"><ele>52.0</ele></trkpt>
      <trkpt lat="53.667152" lon="12.715665"><ele>55.0</ele></trkpt>
      <trkpt lat="53.667537" lon="12.718316"><ele>55.0</ele></trkpt>
      <trkpt lat="53.667795" lon="12.720093"><ele>56.0</ele></trkpt>
      <trkpt lat="53.667978" lon="12.721464"><ele>56.5</ele></trkpt>
      <trkpt lat="53.668524" lon="12.725558"><ele>60.0</ele></trkpt>
      <trkpt lat="53.668734" lon="12.727174"><ele>60.0</ele></trkpt>
      <trkpt lat="53.668935" lon="12.728717"><ele>59.8</ele></trkpt>
      <trkpt lat="53.669062" lon="12.729689"><ele>60.2</ele></trkpt>
      <trkpt lat="53.669112" lon="12.730076"><ele>61.5</ele></trkpt>
      <trkpt lat="53.669270" lon="12.731106"><ele>64.8</ele></trkpt>
      <trkpt lat="53.669392" lon="12.732087"><ele>64.0</ele></trkpt>
      <trkpt lat="53.669557" lon="12.733241"><ele>62.0</ele></trkpt>
      <trkpt lat="53.669638" lon="12.733812"><ele>61.0</ele></trkpt>
      <trkpt lat="53.669664" lon="12.733723"><ele>61.0</ele></trkpt>
      <trkpt lat="53.669693" lon="12.733674"><ele>61.0</ele></trkpt>
      <trkpt lat="53.669856" lon="12.733559"><ele>60.5</ele></trkpt>
      <trkpt lat="53.670107" lon="12.733495"><ele>59.8</ele></trkpt>
      <trkpt lat="53.670838" lon="12.733360"><ele>57.0</ele></trkpt>
      <trkpt lat="53.672022" lon="12.733105"><ele>60.2</ele></trkpt>
      <trkpt lat="53.674106" lon="12.732596"><ele>65.0</ele></trkpt>
      <trkpt lat="53.676141" lon="12.732068"><ele>54.2</ele></trkpt>
      <trkpt lat="53.678541" lon="12.731398"><ele>51.0</ele></trkpt>
      <trkpt lat="53.679731" lon="12.731109"><ele>49.0</ele></trkpt>
      <trkpt lat="53.680841" lon="12.730852"><ele>51.0</ele></trkpt>
      <trkpt lat="53.681025" lon="12.730839"><ele>51.0</ele></trkpt>
      <trkpt lat="53.681264" lon="12.730897"><ele>51.0</ele></trkpt>
      <trkpt lat="53.682410" lon="12.731505"><ele>44.5</ele></trkpt>
      <trkpt lat="53.682689" lon="12.731580"><ele>43.5</ele></trkpt>
      <trkpt lat="53.682870" lon="12.731571"><ele>42.2</ele></trkpt>
      <trkpt lat="53.682999" lon="12.731514"><ele>41.0</ele></trkpt>
      <trkpt lat="53.683853" lon="12.730586"><ele>39.0</ele></trkpt>
      <trkpt lat="53.684405" lon="12.730140"><ele>37.0</ele></trkpt>
      <trkpt lat="53.685139" lon="12.729369"><ele>35.0</ele></trkpt>
      <trkpt lat="53.685166" lon="12.729316"><ele>35.0</ele></trkpt>
      <trkpt lat="53.685638" lon="12.729851"><ele>35.2</ele></trkpt>
      <trkpt lat="53.685759" lon="12.729822"><ele>35.0</ele></trkpt>
      <trkpt lat="53.686084" lon="12.729611"><ele>34.0</ele></trkpt>
      <trkpt lat="53.686108" lon="12.729596"><ele>34.0</ele></trkpt>
      <trkpt lat="53.686137" lon="12.729610"><ele>33.8</ele></trkpt>
      <trkpt lat="53.687299" lon="12.731364"><ele>31.2</ele></trkpt>
      <trkpt lat="53.687796" lon="12.732088"><ele>31.0</ele></trkpt>
      <trkpt lat="53.687911" lon="12.732201"><ele>31.5</ele></trkpt>
      <trkpt lat="53.688219" lon="12.732370"><ele>32.0</ele></trkpt>
      <trkpt lat="53.688550" lon="12.732671"><ele>32.0</ele></trkpt>
      <trkpt lat="53.689018" lon="12.733029"><ele>32.0</ele></trkpt>
      <trkpt lat="53.689143" lon="12.733094"><ele>31.8</ele></trkpt>
      <trkpt lat="53.689872" lon="12.733502"><ele>29.8</ele></trkpt>
      <trkpt lat="53.690069" lon="12.733697"><ele>28.5</ele></trkpt>
      <trkpt lat="53.690948" lon="12.735025"><ele>24.8</ele></trkpt>
      <trkpt lat="53.691314" lon="12.735544"><ele>24.8</ele></trkpt>
      <trkpt lat="53.692432" lon="12.737338"><ele>23.2</ele></trkpt>
      <trkpt lat="53.693202" lon="12.738446"><ele>23.5</ele></trkpt>
      <trkpt lat="53.693391" lon="12.738722"><ele>23.0</ele></trkpt>
      <trkpt lat="53.694006" lon="12.739612"><ele>22.5</ele></trkpt>
      <trkpt lat="53.694487" lon="12.740206"><ele>22.2</ele></trkpt>
      <trkpt lat="53.695051" lon="12.740531"><ele>23.2</ele></trkpt>
      <trkpt lat="53.696061" lon="12.740685"><ele>24.2</ele></trkpt>
      <trkpt lat="53.696189" lon="12.740737"><ele>24.5</ele></trkpt>
      <trkpt lat="53.696652" lon="12.741037"><ele>24.0</ele></trkpt>
      <trkpt lat="53.697310" lon="12.741420"><ele>22.8</ele></trkpt>
      <trkpt lat="53.697426" lon="12.741491"><ele>22.8</ele></trkpt>
      <trkpt lat="53.697457" lon="12.741511"><ele>22.8</ele></trkpt>
      <trkpt lat="53.697632" lon="12.741624"><ele>23.0</ele></trkpt>
      <trkpt lat="53.697741" lon="12.741757"><ele>22.5</ele></trkpt>
      <trkpt lat="53.697795" lon="12.741850"><ele>22.2</ele></trkpt>
      <trkpt lat="53.697837" lon="12.741956"><ele>22.0</ele></trkpt>
      <trkpt lat="53.697942" lon="12.741896"><ele>22.5</ele></trkpt>
      <trkpt lat="53.697998" lon="12.741882"><ele>22.8</ele></trkpt>
      <trkpt lat="53.698059" lon="12.741901"><ele>23.0</ele></trkpt>
      <trkpt lat="53.699495" lon="12.742658"><ele>19.2</ele></trkpt>
      <trkpt lat="53.699605" lon="12.742713"><ele>19.0</ele></trkpt>
      <trkpt lat="53.699638" lon="12.742731"><ele>19.0</ele></trkpt>
      <trkpt lat="53.699658" lon="12.742772"><ele>19.0</ele></trkpt>
      <trkpt lat="53.699715" lon="12.742859"><ele>19.0</ele></trkpt>
      <trkpt lat="53.699793" lon="12.742904"><ele>18.8</ele></trkpt>
      <trkpt lat="53.699931" lon="12.742894"><ele>18.5</ele></trkpt>
      <trkpt lat="53.701138" lon="12.743001"><ele>18.0</ele></trkpt>
      <trkpt lat="53.701430" lon="12.743083"><ele>18.0</ele></trkpt>
      <trkpt lat="53.701805" lon="12.743281"><ele>18.0</ele></trkpt>
      <trkpt lat="53.702598" lon="12.743877"><ele>20.2</ele></trkpt>
      <trkpt lat="53.703313" lon="12.744468"><ele>20.8</ele></trkpt>
      <trkpt lat="53.703754" lon="12.744878"><ele>22.0</ele></trkpt>
      <trkpt lat="53.704193" lon="12.745259"><ele>21.8</ele></trkpt>
      <trkpt lat="53.704610" lon="12.745623"><ele>20.0</ele></trkpt>
      <trkpt lat="53.705026" lon="12.746000"><ele>18.8</ele></trkpt>
      <trkpt lat="53.707251" lon="12.748056"><ele>27.8</ele></trkpt>
      <trkpt lat="53.710016" lon="12.750566"><ele>39.8</ele></trkpt>
      <trkpt lat="53.710113" lon="12.750681"><ele>38.5</ele></trkpt>
      <trkpt lat="53.711423" lon="12.753712"><ele>28.2</ele></trkpt>
      <trkpt lat="53.711944" lon="12.754785"><ele>27.0</ele></trkpt>
      <trkpt lat="53.712630" lon="12.755676"><ele>29.5</ele></trkpt>
      <trkpt lat="53.713252" lon="12.755944"><ele>31.5</ele></trkpt>
      <trkpt lat="53.713302" lon="12.760753"><ele>17.0</ele></trkpt>
      <trkpt lat="53.713313" lon="12.760854"><ele>16.5</ele></trkpt>
      <trkpt lat="53.713351" lon="12.760957"><ele>16.0</ele></trkpt>
      <trkpt lat="53.713550" lon="12.761276"><ele>14.5</ele></trkpt>
      <trkpt lat="53.713815" lon="12.761490"><ele>12.0</ele></trkpt>
      <trkpt lat="53.713885" lon="12.761576"><ele>10.8</ele></trkpt>
      <trkpt lat="53.714063" lon="12.761313"><ele>12.0</ele></trkpt>
      <trkpt lat="53.714249" lon="12.761153"><ele>12.5</ele></trkpt>
      <trkpt lat="53.714959" lon="12.760716"><ele>12.0</ele></trkpt>
      <trkpt lat="53.715418" lon="12.760479"><ele>10.2</ele></trkpt>
      <trkpt lat="53.715798" lon="12.760206"><ele>8.5</ele></trkpt>
      <trkpt lat="53.716201" lon="12.759933"><ele>6.8</ele></trkpt>
      <trkpt lat="53.716848" lon="12.759548"><ele>5.0</ele></trkpt>
      <trkpt lat="53.718118" lon="12.758989"><ele>5.8</ele></trkpt>
      <trkpt lat="53.719005" lon="12.758325"><ele>6.0</ele></trkpt>
      <trkpt lat="53.719164" lon="12.758170"><ele>5.5</ele></trkpt>
      <trkpt lat="53.719397" lon="12.758009"><ele>5.5</ele></trkpt>
      <trkpt lat="53.720195" lon="12.757650"><ele>5.2</ele></trkpt>
      <trkpt lat="53.720307" lon="12.757577"><ele>4.8</ele></trkpt>
      <trkpt lat="53.720498" lon="12.757487"><ele>5.0</ele></trkpt>
      <trkpt lat="53.721000" lon="12.757316"><ele>4.0</ele></trkpt>
      <trkpt lat="53.721522" lon="12.757268"><ele>4.0</ele></trkpt>
      <trkpt lat="53.721911" lon="12.757289"><ele>4.0</ele></trkpt>
      <trkpt lat="53.722960" lon="12.757466"><ele>3.0</ele></trkpt>
      <trkpt lat="53.723938" lon="12.757666"><ele>3.0</ele></trkpt>
      <trkpt lat="53.724121" lon="12.757685"><ele>3.0</ele></trkpt>
      <trkpt lat="53.724150" lon="12.757709"><ele>3.0</ele></trkpt>
      <trkpt lat="53.724181" lon="12.757774"><ele>3.0</ele></trkpt>
      <trkpt lat="53.724191" lon="12.757864"><ele>3.0</ele></trkpt>
      <trkpt lat="53.725431" lon="12.758065"><ele>6.5</ele></trkpt>
      <trkpt lat="53.725585" lon="12.758115"><ele>6.8</ele></trkpt>
      <trkpt lat="53.725742" lon="12.758179"><ele>7.5</ele></trkpt>
      <trkpt lat="53.726929" lon="12.758866"><ele>10.8</ele></trkpt>
      <trkpt lat="53.727163" lon="12.759028"><ele>11.2</ele></trkpt>
      <trkpt lat="53.727547" lon="12.759341"><ele>11.8</ele></trkpt>
      <trkpt lat="53.727957" lon="12.759701"><ele>10.2</ele></trkpt>
      <trkpt lat="53.728148" lon="12.759881"><ele>9.8</ele></trkpt>
      <trkpt lat="53.728305" lon="12.760014"><ele>9.0</ele></trkpt>
      <trkpt lat="53.728869" lon="12.760367"><ele>8.0</ele></trkpt>
      <trkpt lat="53.729184" lon="12.760530"><ele>7.0</ele></trkpt>
      <trkpt lat="53.729394" lon="12.760626"><ele>7.0</ele></trkpt>
      <trkpt lat="53.729496" lon="12.760663"><ele>6.8</ele></trkpt>
      <trkpt lat="53.729915" lon="12.760783"><ele>6.0</ele></trkpt>
      <trkpt lat="53.730278" lon="12.760876"><ele>5.0</ele></trkpt>
      <trkpt lat="53.730930" lon="12.760985"><ele>5.0</ele></trkpt>
      <trkpt lat="53.731168" lon="12.761042"><ele>5.0</ele></trkpt>
      <trkpt lat="53.731963" lon="12.761551"><ele>5.2</ele></trkpt>
      <trkpt lat="53.732317" lon="12.761739"><ele>5.8</ele></trkpt>
      <trkpt lat="53.732622" lon="12.761850"><ele>6.0</ele></trkpt>
      <trkpt lat="53.732872" lon="12.761896"><ele>6.0</ele></trkpt>
      <trkpt lat="53.732983" lon="12.761900"><ele>6.0</ele></trkpt>
      <trkpt lat="53.733187" lon="12.761875"><ele>6.0</ele></trkpt>
      <trkpt lat="53.733434" lon="12.761803"><ele>6.0</ele></trkpt>
      <trkpt lat="53.733639" lon="12.761771"><ele>6.0</ele></trkpt>
      <trkpt lat="53.733772" lon="12.761723"><ele>6.0</ele></trkpt>
      <trkpt lat="53.733915" lon="12.761704"><ele>6.0</ele></trkpt>
      <trkpt lat="53.734096" lon="12.761720"><ele>6.5</ele></trkpt>
      <trkpt lat="53.734355" lon="12.761768"><ele>6.5</ele></trkpt>
      <trkpt lat="53.734747" lon="12.761874"><ele>7.0</ele></trkpt>
      <trkpt lat="53.734808" lon="12.761878"><ele>7.0</ele></trkpt>
      <trkpt lat="53.734802" lon="12.761946"><ele>6.8</ele></trkpt>
      <trkpt lat="53.734959" lon="12.761986"><ele>6.8</ele></trkpt>
      <trkpt lat="53.735098" lon="12.762030"><ele>6.8</ele></trkpt>
      <trkpt lat="53.735485" lon="12.762232"><ele>6.8</ele></trkpt>
      <trkpt lat="53.735928" lon="12.762449"><ele>7.5</ele></trkpt>
      <trkpt lat="53.736118" lon="12.762544"><ele>7.8</ele></trkpt>
      <trkpt lat="53.736483" lon="12.762732"><ele>8.0</ele></trkpt>
      <trkpt lat="53.736501" lon="12.762586"><ele>8.2</ele></trkpt>
      <trkpt lat="53.736545" lon="12.762008"><ele>9.8</ele></trkpt>
      <trkpt lat="53.736643" lon="12.761004"><ele>11.2</ele></trkpt>
      <trkpt lat="53.736679" lon="12.760681"><ele>11.8</ele></trkpt>
      <trkpt lat="53.736728" lon="12.760323"><ele>12.8</ele></trkpt>
      <trkpt lat="53.736772" lon="12.760126"><ele>13.0</ele></trkpt>
      <trkpt lat="53.736827" lon="12.759942"><ele>13.0</ele></trkpt>
      <trkpt lat="53.736987" lon="12.759563"><ele>13.5</ele></trkpt>
      <trkpt lat="53.737148" lon="12.759261"><ele>14.0</ele></trkpt>
      <trkpt lat="53.737211" lon="12.759166"><ele>14.0</ele></trkpt>
      <trkpt lat="53.737573" lon="12.758732"><ele>14.5</ele></trkpt>
      <trkpt lat="53.738015" lon="12.758277"><ele>14.2</ele></trkpt>
      <trkpt lat="53.738468" lon="12.757782"><ele>13.5</ele></trkpt>
      <trkpt lat="53.738388" lon="12.757641"><ele>13.8</ele></trkpt>
      <trkpt lat="53.738335" lon="12.757548"><ele>13.8</ele></trkpt>
      <trkpt lat="53.738034" lon="12.757012"><ele>15.0</ele></trkpt>
      <trkpt lat="53.737297" lon="12.755715"><ele>17.8</ele></trkpt>
      <trkpt lat="53.737242" lon="12.755629"><ele>17.8</ele></trkpt>
      <trkpt lat="53.736846" lon="12.754931"><ele>20.0</ele></trkpt>
      <trkpt lat="53.736831" lon="12.754902"><ele>20.0</ele></trkpt>
      <trkpt lat="53.736624" lon="12.754535"><ele>20.0</ele></trkpt>
      <trkpt lat="53.736564" lon="12.754431"><ele>20.0</ele></trkpt>
      <trkpt lat="53.736422" lon="12.754187"><ele>20.0</ele></trkpt>
      <trkpt lat="53.736318" lon="12.754011"><ele>20.0</ele></trkpt>
      <trkpt lat="53.735977" lon="12.753433"><ele>20.0</ele></trkpt>
      <trkpt lat="53.735807" lon="12.753128"><ele>20.0</ele></trkpt>
      <trkpt lat="53.735788" lon="12.753093"><ele>20.0</ele></trkpt>
      <trkpt lat="53.735636" lon="12.752802"><ele>20.0</ele></trkpt>
      <trkpt lat="53.735373" lon="12.752260"><ele>20.0</ele></trkpt>
      <trkpt lat="53.735017" lon="12.751460"><ele>20.0</ele></trkpt>
      <trkpt lat="53.734927" lon="12.751258"><ele>20.0</ele></trkpt>
      <trkpt lat="53.734979" lon="12.751190"><ele>20.0</ele></trkpt>
      <trkpt lat="53.734333" lon="12.749701"><ele>18.0</ele></trkpt>
      <trkpt lat="53.734001" lon="12.748804"><ele>17.0</ele></trkpt>
      <trkpt lat="53.734017" lon="12.748717"><ele>17.0</ele></trkpt>
      <trkpt lat="53.734010" lon="12.748565"><ele>16.8</ele></trkpt>
      <trkpt lat="53.733980" lon="12.748406"><ele>16.8</ele></trkpt>
      <trkpt lat="53.733662" lon="12.747601"><ele>15.2</ele></trkpt>
      <trkpt lat="53.733588" lon="12.747542"><ele>15.0</ele></trkpt>
      <trkpt lat="53.733490" lon="12.747553"><ele>15.0</ele></trkpt>
      <trkpt lat="53.733182" lon="12.746903"><ele>13.8</ele></trkpt>
      <trkpt lat="53.732523" lon="12.745300"><ele>11.0</ele></trkpt>
      <trkpt lat="53.732401" lon="12.744924"><ele>10.8</ele></trkpt>
      <trkpt lat="53.732330" lon="12.744666"><ele>10.2</ele></trkpt>
      <trkpt lat="53.732307" lon="12.744574"><ele>10.0</ele></trkpt>
      <trkpt lat="53.731988" lon="12.742125"><ele>8.0</ele></trkpt>
      <trkpt lat="53.731895" lon="12.741657"><ele>8.0</ele></trkpt>
      <trkpt lat="53.731790" lon="12.741225"><ele>8.0</ele></trkpt>
      <trkpt lat="53.731712" lon="12.741025"><ele>8.0</ele></trkpt>
      <trkpt lat="53.730408" lon="12.736873"><ele>10.5</ele></trkpt>
      <trkpt lat="53.729249" lon="12.733303"><ele>14.5</ele></trkpt>
      <trkpt lat="53.729086" lon="12.732780"><ele>15.0</ele></trkpt>
      <trkpt lat="53.728998" lon="12.732610"><ele>15.0</ele></trkpt>
      <trkpt lat="53.728884" lon="12.732272"><ele>15.0</ele></trkpt>
      <trkpt lat="53.728854" lon="12.732077"><ele>15.0</ele></trkpt>
      <trkpt lat="53.728358" lon="12.730589"><ele>15.8</ele></trkpt>
      <trkpt lat="53.727488" lon="12.727826"><ele>19.0</ele></trkpt>
      <trkpt lat="53.726907" lon="12.725424"><ele>20.0</ele></trkpt>
      <trkpt lat="53.726447" lon="12.723390"><ele>21.0</ele></trkpt>
      <trkpt lat="53.726265" lon="12.722767"><ele>21.2</ele></trkpt>
      <trkpt lat="53.725452" lon="12.720778"><ele>22.0</ele></trkpt>
      <trkpt lat="53.725216" lon="12.720064"><ele>22.0</ele></trkpt>
      <trkpt lat="53.724822" lon="12.718632"><ele>22.0</ele></trkpt>
      <trkpt lat="53.724718" lon="12.718428"><ele>22.0</ele></trkpt>
      <trkpt lat="53.724636" lon="12.717882"><ele>22.0</ele></trkpt>
      <trkpt lat="53.724458" lon="12.717276"><ele>22.0</ele></trkpt>
      <trkpt lat="53.723801" lon="12.714817"><ele>24.2</ele></trkpt>
      <trkpt lat="53.723199" lon="12.712650"><ele>24.8</ele></trkpt>
      <trkpt lat="53.722775" lon="12.711341"><ele>25.0</ele></trkpt>
      <trkpt lat="53.722527" lon="12.710473"><ele>25.0</ele></trkpt>
      <trkpt lat="53.722390" lon="12.709945"><ele>23.5</ele></trkpt>
      <trkpt lat="53.722296" lon="12.709468"><ele>23.2</ele></trkpt>
      <trkpt lat="53.722026" lon="12.707479"><ele>19.0</ele></trkpt>
      <trkpt lat="53.721866" lon="12.706085"><ele>17.5</ele></trkpt>
      <trkpt lat="53.721710" lon="12.704731"><ele>16.0</ele></trkpt>
      <trkpt lat="53.721541" lon="12.703786"><ele>15.2</ele></trkpt>
      <trkpt lat="53.720502" lon="12.699127"><ele>17.0</ele></trkpt>
      <trkpt lat="53.720246" lon="12.698337"><ele>17.0</ele></trkpt>
      <trkpt lat="53.720086" lon="12.698021"><ele>17.5</ele></trkpt>
      <trkpt lat="53.719933" lon="12.697744"><ele>17.0</ele></trkpt>
      <trkpt lat="53.718629" lon="12.696413"><ele>19.8</ele></trkpt>
      <trkpt lat="53.716993" lon="12.694714"><ele>22.0</ele></trkpt>
      <trkpt lat="53.715976" lon="12.693704"><ele>23.0</ele></trkpt>
      <trkpt lat="53.715145" lon="12.692831"><ele>24.0</ele></trkpt>
      <trkpt lat="53.714919" lon="12.692482"><ele>24.2</ele></trkpt>
      <trkpt lat="53.714528" lon="12.691760"><ele>24.8</ele></trkpt>
      <trkpt lat="53.714543" lon="12.691739"><ele>24.5</ele></trkpt>
      <trkpt lat="53.717970" lon="12.687129"><ele>19.0</ele></trkpt>
      <trkpt lat="53.718780" lon="12.686090"><ele>17.0</ele></trkpt>
      <trkpt lat="53.719563" lon="12.685223"><ele>14.8</ele></trkpt>
      <trkpt lat="53.719987" lon="12.684860"><ele>14.0</ele></trkpt>
      <trkpt lat="53.720444" lon="12.684441"><ele>10.8</ele></trkpt>
      <trkpt lat="53.721129" lon="12.683785"><ele>4.5</ele></trkpt>
      <trkpt lat="53.721737" lon="12.683075"><ele>3.0</ele></trkpt>
      <trkpt lat="53.722699" lon="12.681900"><ele>2.0</ele></trkpt>
      <trkpt lat="53.723673" lon="12.680443"><ele>1.0</ele></trkpt>
      <trkpt lat="53.723741" lon="12.680340"><ele>1.0</ele></trkpt>
      <trkpt lat="53.724590" lon="12.678957"><ele>1.0</ele></trkpt>
      <trkpt lat="53.725153" lon="12.677850"><ele>1.0</ele></trkpt>
      <trkpt lat="53.725664" lon="12.676820"><ele>1.0</ele></trkpt>
      <trkpt lat="53.726582" lon="12.675095"><ele>1.0</ele></trkpt>
      <trkpt lat="53.726853" lon="12.674417"><ele>2.0</ele></trkpt>
      <trkpt lat="53.727057" lon="12.673823"><ele>2.0</ele></trkpt>
      <trkpt lat="53.727469" lon="12.672288"><ele>2.0</ele></trkpt>
      <trkpt lat="53.728075" lon="12.670751"><ele>2.0</ele></trkpt>
      <trkpt lat="53.728794" lon="12.668851"><ele>2.5</ele></trkpt>
      <trkpt lat="53.728899" lon="12.668658"><ele>3.0</ele></trkpt>
      <trkpt lat="53.729022" lon="12.668502"><ele>3.5</ele></trkpt>
      <trkpt lat="53.729041" lon="12.668473"><ele>3.8</ele></trkpt>
      <trkpt lat="53.729160" lon="12.668674"><ele>3.8</ele></trkpt>
      <trkpt lat="53.729289" lon="12.668860"><ele>4.0</ele></trkpt>
      <trkpt lat="53.729693" lon="12.669343"><ele>4.0</ele></trkpt>
      <trkpt lat="53.731298" lon="12.671159"><ele>3.8</ele></trkpt>
      <trkpt lat="53.733035" lon="12.673074"><ele>4.0</ele></trkpt>
      <trkpt lat="53.733703" lon="12.673857"><ele>4.0</ele></trkpt>
      <trkpt lat="53.734965" lon="12.675606"><ele>4.0</ele></trkpt>
      <trkpt lat="53.735837" lon="12.676794"><ele>3.0</ele></trkpt>
      <trkpt lat="53.736181" lon="12.677335"><ele>3.2</ele></trkpt>
      <trkpt lat="53.736514" lon="12.677908"><ele>3.2</ele></trkpt>
      <trkpt lat="53.736604" lon="12.678089"><ele>3.8</ele></trkpt>
      <trkpt lat="53.736859" lon="12.678604"><ele>3.5</ele></trkpt>
      <trkpt lat="53.737225" lon="12.679455"><ele>2.0</ele></trkpt>
      <trkpt lat="53.738183" lon="12.682182"><ele>2.8</ele></trkpt>
      <trkpt lat="53.738326" lon="12.682533"><ele>2.8</ele></trkpt>
      <trkpt lat="53.738486" lon="12.682834"><ele>2.2</ele></trkpt>
      <trkpt lat="53.738666" lon="12.683094"><ele>2.2</ele></trkpt>
      <trkpt lat="53.739042" lon="12.683484"><ele>3.0</ele></trkpt>
      <trkpt lat="53.739735" lon="12.684120"><ele>2.2</ele></trkpt>
      <trkpt lat="53.740227" lon="12.684453"><ele>1.8</ele></trkpt>
      <trkpt lat="53.740573" lon="12.684655"><ele>1.5</ele></trkpt>
      <trkpt lat="53.741292" lon="12.684913"><ele>1.8</ele></trkpt>
      <trkpt lat="53.742743" lon="12.685172"><ele>1.8</ele></trkpt>
      <trkpt lat="53.744428" lon="12.685473"><ele>4.0</ele></trkpt>
      <trkpt lat="53.745256" lon="12.685732"><ele>4.8</ele></trkpt>
      <trkpt lat="53.745579" lon="12.685760"><ele>5.0</ele></trkpt>
      <trkpt lat="53.746393" lon="12.685506"><ele>5.0</ele></trkpt>
      <trkpt lat="53.746451" lon="12.685487"><ele>5.0</ele></trkpt>
      <trkpt lat="53.746523" lon="12.685463"><ele>5.0</ele></trkpt>
      <trkpt lat="53.746688" lon="12.685528"><ele>5.0</ele></trkpt>
      <trkpt lat="53.746853" lon="12.685636"><ele>5.0</ele></trkpt>
      <trkpt lat="53.747849" lon="12.686470"><ele>5.0</ele></trkpt>
      <trkpt lat="53.747955" lon="12.686560"><ele>5.0</ele></trkpt>
      <trkpt lat="53.748047" lon="12.686669"><ele>5.0</ele></trkpt>
      <trkpt lat="53.748702" lon="12.687654"><ele>5.0</ele></trkpt>
      <trkpt lat="53.749204" lon="12.688416"><ele>5.0</ele></trkpt>
      <trkpt lat="53.749376" lon="12.688673"><ele>5.0</ele></trkpt>
      <trkpt lat="53.749949" lon="12.689569"><ele>5.0</ele></trkpt>
      <trkpt lat="53.750806" lon="12.690886"><ele>4.8</ele></trkpt>
      <trkpt lat="53.750783" lon="12.691108"><ele>4.8</ele></trkpt>
      <trkpt lat="53.750878" lon="12.691587"><ele>4.2</ele></trkpt>
      <trkpt lat="53.751734" lon="12.695420"><ele>5.0</ele></trkpt>
      <trkpt lat="53.752027" lon="12.695196"><ele>5.2</ele></trkpt>
      <trkpt lat="53.752513" lon="12.694823"><ele>6.0</ele></trkpt>
      <trkpt lat="53.752606" lon="12.694752"><ele>6.2</ele></trkpt>
      <trkpt lat="53.753017" lon="12.694478"><ele>7.0</ele></trkpt>
      <trkpt lat="53.753125" lon="12.694941"><ele>7.2</ele></trkpt>
      <trkpt lat="53.753475" lon="12.696444"><ele>8.0</ele></trkpt>
      <trkpt lat="53.754219" lon="12.696014"><ele>9.0</ele></trkpt>
      <trkpt lat="53.754448" lon="12.695869"><ele>9.0</ele></trkpt>
      <trkpt lat="53.754962" lon="12.695543"><ele>11.5</ele></trkpt>
      <trkpt lat="53.755386" lon="12.695207"><ele>13.2</ele></trkpt>
      <trkpt lat="53.756193" lon="12.694126"><ele>17.2</ele></trkpt>
      <trkpt lat="53.756569" lon="12.693542"><ele>19.5</ele></trkpt>
      <trkpt lat="53.756671" lon="12.693399"><ele>19.5</ele></trkpt>
      <trkpt lat="53.756802" lon="12.693044"><ele>19.8</ele></trkpt>
      <trkpt lat="53.756883" lon="12.692538"><ele>19.8</ele></trkpt>
      <trkpt lat="53.756965" lon="12.692375"><ele>20.5</ele></trkpt>
      <trkpt lat="53.757005" lon="12.692322"><ele>21.0</ele></trkpt>
      <trkpt lat="53.757065" lon="12.692301"><ele>21.5</ele></trkpt>
      <trkpt lat="53.757168" lon="12.692288"><ele>22.2</ele></trkpt>
      <trkpt lat="53.757373" lon="12.692346"><ele>23.2</ele></trkpt>
      <trkpt lat="53.758502" lon="12.690684"><ele>27.0</ele></trkpt>
      <trkpt lat="53.759091" lon="12.689834"><ele>27.0</ele></trkpt>
      <trkpt lat="53.759289" lon="12.689568"><ele>27.8</ele></trkpt>
      <trkpt lat="53.759811" lon="12.688805"><ele>31.2</ele></trkpt>
      <trkpt lat="53.760192" lon="12.688367"><ele>34.5</ele></trkpt>
      <trkpt lat="53.760608" lon="12.688161"><ele>37.8</ele></trkpt>
      <trkpt lat="53.760958" lon="12.688084"><ele>38.8</ele></trkpt>
      <trkpt lat="53.761344" lon="12.687895"><ele>38.2</ele></trkpt>
      <trkpt lat="53.761572" lon="12.687637"><ele>36.0</ele></trkpt>
      <trkpt lat="53.761846" lon="12.686865"><ele>36.2</ele></trkpt>
      <trkpt lat="53.762181" lon="12.686024"><ele>38.2</ele></trkpt>
      <trkpt lat="53.762541" lon="12.685371"><ele>39.8</ele></trkpt>
      <trkpt lat="53.762927" lon="12.685260"><ele>42.5</ele></trkpt>
      <trkpt lat="53.763353" lon="12.685388"><ele>46.8</ele></trkpt>
      <trkpt lat="53.763870" lon="12.685406"><ele>42.2</ele></trkpt>
      <trkpt lat="53.764311" lon="12.685339"><ele>44.8</ele></trkpt>
      <trkpt lat="53.764951" lon="12.685011"><ele>45.5</ele></trkpt>
      <trkpt lat="53.766053" lon="12.684505"><ele>46.2</ele></trkpt>
      <trkpt lat="53.766832" lon="12.684058"><ele>42.0</ele></trkpt>
      <trkpt lat="53.767559" lon="12.683273"><ele>40.0</ele></trkpt>
      <trkpt lat="53.768015" lon="12.682640"><ele>41.2</ele></trkpt>
      <trkpt lat="53.768560" lon="12.681791"><ele>40.8</ele></trkpt>
      <trkpt lat="53.769286" lon="12.680804"><ele>38.5</ele></trkpt>
      <trkpt lat="53.769596" lon="12.680421"><ele>38.5</ele></trkpt>
      <trkpt lat="53.769947" lon="12.680035"><ele>39.8</ele></trkpt>
      <trkpt lat="53.770749" lon="12.679217"><ele>46.2</ele></trkpt>
      <trkpt lat="53.771201" lon="12.679024"><ele>49.5</ele></trkpt>
      <trkpt lat="53.772006" lon="12.679043"><ele>49.2</ele></trkpt>
      <trkpt lat="53.772138" lon="12.679014"><ele>48.0</ele></trkpt>
      <trkpt lat="53.772256" lon="12.678958"><ele>47.2</ele></trkpt>
      <trkpt lat="53.772586" lon="12.678703"><ele>49.0</ele></trkpt>
      <trkpt lat="53.772766" lon="12.678609"><ele>49.0</ele></trkpt>
      <trkpt lat="53.773038" lon="12.678570"><ele>48.8</ele></trkpt>
      <trkpt lat="53.773321" lon="12.678617"><ele>48.0</ele></trkpt>
      <trkpt lat="53.773712" lon="12.678687"><ele>47.5</ele></trkpt>
      <trkpt lat="53.775076" lon="12.678829"><ele>49.2</ele></trkpt>
      <trkpt lat="53.775720" lon="12.678934"><ele>50.0</ele></trkpt>
      <trkpt lat="53.776158" lon="12.678971"><ele>50.2</ele></trkpt>
      <trkpt lat="53.776491" lon="12.678968"><ele>51.0</ele></trkpt>
      <trkpt lat="53.777394" lon="12.679097"><ele>52.2</ele></trkpt>
      <trkpt lat="53.779224" lon="12.679277"><ele>57.5</ele></trkpt>
      <trkpt lat="53.779777" lon="12.679367"><ele>58.0</ele></trkpt>
      <trkpt lat="53.780368" lon="12.679392"><ele>58.0</ele></trkpt>
      <trkpt lat="53.780586" lon="12.679313"><ele>58.0</ele></trkpt>
      <trkpt lat="53.781065" lon="12.677689"><ele>55.5</ele></trkpt>
      <trkpt lat="53.781279" lon="12.677187"><ele>55.2</ele></trkpt>
      <trkpt lat="53.781420" lon="12.676900"><ele>55.0</ele></trkpt>
      <trkpt lat="53.781549" lon="12.676712"><ele>55.0</ele></trkpt>
      <trkpt lat="53.782133" lon="12.676012"><ele>52.5</ele></trkpt>
      <trkpt lat="53.782342" lon="12.675709"><ele>51.8</ele></trkpt>
      <trkpt lat="53.782570" lon="12.675277"><ele>52.5</ele></trkpt>
      <trkpt lat="53.782614" lon="12.674960"><ele>51.8</ele></trkpt>
      <trkpt lat="53.783235" lon="12.673731"><ele>51.5</ele></trkpt>
      <trkpt lat="53.783328" lon="12.673552"><ele>51.0</ele></trkpt>
      <trkpt lat="53.783576" lon="12.673080"><ele>49.2</ele></trkpt>
      <trkpt lat="53.783892" lon="12.672542"><ele>48.0</ele></trkpt>
      <trkpt lat="53.783864" lon="12.672498"><ele>48.0</ele></trkpt>
      <trkpt lat="53.784144" lon="12.671930"><ele>47.0</ele></trkpt>
      <trkpt lat="53.784504" lon="12.671278"><ele>47.0</ele></trkpt>
      <trkpt lat="53.784787" lon="12.670548"><ele>49.0</ele></trkpt>
      <trkpt lat="53.785414" lon="12.670169"><ele>50.0</ele></trkpt>
      <trkpt lat="53.785266" lon="12.670009"><ele>50.0</ele></trkpt>
      <trkpt lat="53.785373" lon="12.669644"><ele>50.0</ele></trkpt>
      <trkpt lat="53.785488" lon="12.669129"><ele>50.0</ele></trkpt>
      <trkpt lat="53.785893" lon="12.667519"><ele>47.8</ele></trkpt>
      <trkpt lat="53.786443" lon="12.663686"><ele>42.0</ele></trkpt>
      <trkpt lat="53.786446" lon="12.663480"><ele>41.5</ele></trkpt>
      <trkpt lat="53.786169" lon="12.661313"><ele>36.8</ele></trkpt>
      <trkpt lat="53.786185" lon="12.659269"><ele>34.2</ele></trkpt>
      <trkpt lat="53.786252" lon="12.654823"><ele>31.5</ele></trkpt>
      <trkpt lat="53.786191" lon="12.653808"><ele>31.0</ele></trkpt>
      <trkpt lat="53.786223" lon="12.650064"><ele>29.2</ele></trkpt>
      <trkpt lat="53.786270" lon="12.648020"><ele>29.5</ele></trkpt>
      <trkpt lat="53.786351" lon="12.647513"><ele>29.5</ele></trkpt>
      <trkpt lat="53.786408" lon="12.644834"><ele>26.2</ele></trkpt>
      <trkpt lat="53.786408" lon="12.643828"><ele>28.2</ele></trkpt>
      <trkpt lat="53.786396" lon="12.642417"><ele>30.2</ele></trkpt>
      <trkpt lat="53.786407" lon="12.641684"><ele>31.0</ele></trkpt>
      <trkpt lat="53.786459" lon="12.640834"><ele>32.0</ele></trkpt>
      <trkpt lat="53.786499" lon="12.640495"><ele>32.0</ele></trkpt>
      <trkpt lat="53.786616" lon="12.639898"><ele>31.0</ele></trkpt>
      <trkpt lat="53.786945" lon="12.638940"><ele>28.0</ele></trkpt>
      <trkpt lat="53.787215" lon="12.638284"><ele>24.8</ele></trkpt>
      <trkpt lat="53.787327" lon="12.637927"><ele>22.5</ele></trkpt>
      <trkpt lat="53.787361" lon="12.637575"><ele>20.2</ele></trkpt>
      <trkpt lat="53.787316" lon="12.637098"><ele>17.8</ele></trkpt>
      <trkpt lat="53.787148" lon="12.636054"><ele>14.5</ele></trkpt>
      <trkpt lat="53.787094" lon="12.634703"><ele>11.0</ele></trkpt>
      <trkpt lat="53.787102" lon="12.634426"><ele>11.0</ele></trkpt>
      <trkpt lat="53.787222" lon="12.633574"><ele>10.0</ele></trkpt>
      <trkpt lat="53.787323" lon="12.633155"><ele>9.0</ele></trkpt>
      <trkpt lat="53.787354" lon="12.632970"><ele>9.0</ele></trkpt>
      <trkpt lat="53.787354" lon="12.632918"><ele>9.0</ele></trkpt>
      <trkpt lat="53.787269" lon="12.632457"><ele>8.8</ele></trkpt>
      <trkpt lat="53.787188" lon="12.631847"><ele>9.0</ele></trkpt>
      <trkpt lat="53.787069" lon="12.631111"><ele>8.5</ele></trkpt>
      <trkpt lat="53.786749" lon="12.628740"><ele>7.5</ele></trkpt>
      <trkpt lat="53.786624" lon="12.627901"><ele>7.0</ele></trkpt>
      <trkpt lat="53.786604" lon="12.627769"><ele>7.0</ele></trkpt>
      <trkpt lat="53.786570" lon="12.627552"><ele>7.0</ele></trkpt>
      <trkpt lat="53.786516" lon="12.627102"><ele>7.0</ele></trkpt>
      <trkpt lat="53.786471" lon="12.626811"><ele>6.5</ele></trkpt>
      <trkpt lat="53.785906" lon="12.627055"><ele>6.2</ele></trkpt>
      <trkpt lat="53.785634" lon="12.627161"><ele>5.2</ele></trkpt>
      <trkpt lat="53.785458" lon="12.627216"><ele>5.0</ele></trkpt>
      <trkpt lat="53.785390" lon="12.627189"><ele>5.0</ele></trkpt>
      <trkpt lat="53.785336" lon="12.627032"><ele>5.0</ele></trkpt>
      <trkpt lat="53.785301" lon="12.626694"><ele>5.0</ele></trkpt>
      <trkpt lat="53.785266" lon="12.625892"><ele>5.0</ele></trkpt>
      <trkpt lat="53.785318" lon="12.625413"><ele>5.0</ele></trkpt>
      <trkpt lat="53.785322" lon="12.625255"><ele>4.8</ele></trkpt>
      <trkpt lat="53.785272" lon="12.625103"><ele>4.2</ele></trkpt>
      <trkpt lat="53.785200" lon="12.624990"><ele>4.0</ele></trkpt>
      <trkpt lat="53.785003" lon="12.624697"><ele>4.0</ele></trkpt>
      <trkpt lat="53.784783" lon="12.624300"><ele>4.0</ele></trkpt>
      <trkpt lat="53.784976" lon="12.624008"><ele>4.0</ele></trkpt>
      <trkpt lat="53.785260" lon="12.623744"><ele>4.0</ele></trkpt>
      <trkpt lat="53.785506" lon="12.623599"><ele>4.0</ele></trkpt>
      <trkpt lat="53.785657" lon="12.623437"><ele>4.0</ele></trkpt>
      <trkpt lat="53.785555" lon="12.622624"><ele>4.0</ele></trkpt>
      <trkpt lat="53.785413" lon="12.621937"><ele>3.5</ele></trkpt>
      <trkpt lat="53.785347" lon="12.621165"><ele>4.2</ele></trkpt>
      <trkpt lat="53.785291" lon="12.619998"><ele>3.0</ele></trkpt>
      <trkpt lat="53.785230" lon="12.618470"><ele>3.0</ele></trkpt>
      <trkpt lat="53.785170" lon="12.617440"><ele>4.2</ele></trkpt>
      <trkpt lat="53.785023" lon="12.616530"><ele>4.0</ele></trkpt>
      <trkpt lat="53.784520" lon="12.613758"><ele>4.5</ele></trkpt>
      <trkpt lat="53.784424" lon="12.613423"><ele>4.2</ele></trkpt>
      <trkpt lat="53.784221" lon="12.613020"><ele>3.5</ele></trkpt>
      <trkpt lat="53.784024" lon="12.612539"><ele>3.5</ele></trkpt>
      <trkpt lat="53.783892" lon="12.612075"><ele>4.0</ele></trkpt>
      <trkpt lat="53.783871" lon="12.611586"><ele>3.8</ele></trkpt>
      <trkpt lat="53.783953" lon="12.610676"><ele>5.2</ele></trkpt>
      <trkpt lat="53.783958" lon="12.610333"><ele>6.2</ele></trkpt>
      <trkpt lat="53.783871" lon="12.610041"><ele>6.5</ele></trkpt>
      <trkpt lat="53.783729" lon="12.609835"><ele>5.5</ele></trkpt>
      <trkpt lat="53.783329" lon="12.609535"><ele>3.0</ele></trkpt>
      <trkpt lat="53.782877" lon="12.609252"><ele>3.0</ele></trkpt>
      <trkpt lat="53.782010" lon="12.608908"><ele>2.0</ele></trkpt>
      <trkpt lat="53.781833" lon="12.608762"><ele>2.0</ele></trkpt>
      <trkpt lat="53.781676" lon="12.608359"><ele>2.0</ele></trkpt>
      <trkpt lat="53.781381" lon="12.607483"><ele>2.0</ele></trkpt>
      <trkpt lat="53.781270" lon="12.607329"><ele>2.0</ele></trkpt>
      <trkpt lat="53.781087" lon="12.607432"><ele>2.0</ele></trkpt>
      <trkpt lat="53.780600" lon="12.607741"><ele>2.0</ele></trkpt>
      <trkpt lat="53.780049" lon="12.608043"><ele>2.0</ele></trkpt>
      <trkpt lat="53.778040" lon="12.609354"><ele>3.0</ele></trkpt>
      <trkpt lat="53.777393" lon="12.609808"><ele>4.0</ele></trkpt>
      <trkpt lat="53.776928" lon="12.610041"><ele>4.0</ele></trkpt>
      <trkpt lat="53.776303" lon="12.610183"><ele>4.0</ele></trkpt>
      <trkpt lat="53.775612" lon="12.610443"><ele>5.0</ele></trkpt>
      <trkpt lat="53.775580" lon="12.610241"><ele>4.8</ele></trkpt>
      <trkpt lat="53.775491" lon="12.610100"><ele>5.0</ele></trkpt>
      <trkpt lat="53.775457" lon="12.609965"><ele>5.2</ele></trkpt>
      <trkpt lat="53.775393" lon="12.609613"><ele>5.8</ele></trkpt>
      <trkpt lat="53.775136" lon="12.607829"><ele>8.2</ele></trkpt>
      <trkpt lat="53.774766" lon="12.605334"><ele>10.0</ele></trkpt>
      <trkpt lat="53.774677" lon="12.604839"><ele>10.0</ele></trkpt>
      <trkpt lat="53.774524" lon="12.604309"><ele>9.8</ele></trkpt>
      <trkpt lat="53.774344" lon="12.603848"><ele>9.8</ele></trkpt>
      <trkpt lat="53.773915" lon="12.602946"><ele>10.8</ele></trkpt>
      <trkpt lat="53.773640" lon="12.602276"><ele>12.0</ele></trkpt>
      <trkpt lat="53.773378" lon="12.601287"><ele>13.0</ele></trkpt>
      <trkpt lat="53.773333" lon="12.601036"><ele>13.0</ele></trkpt>
      <trkpt lat="53.773137" lon="12.599660"><ele>12.8</ele></trkpt>
      <trkpt lat="53.773204" lon="12.599466"><ele>11.8</ele></trkpt>
      <trkpt lat="53.773252" lon="12.599446"><ele>11.5</ele></trkpt>
      <trkpt lat="53.773252" lon="12.599355"><ele>11.5</ele></trkpt>
      <trkpt lat="53.773350" lon="12.597890"><ele>9.8</ele></trkpt>
      <trkpt lat="53.773515" lon="12.595172"><ele>8.0</ele></trkpt>
      <trkpt lat="53.773585" lon="12.594120"><ele>7.0</ele></trkpt>
      <trkpt lat="53.773745" lon="12.592386"><ele>7.2</ele></trkpt>
      <trkpt lat="53.773815" lon="12.591736"><ele>7.0</ele></trkpt>
      <trkpt lat="53.773867" lon="12.591385"><ele>7.0</ele></trkpt>
      <trkpt lat="53.774000" lon="12.590812"><ele>6.5</ele></trkpt>
      <trkpt lat="53.774463" lon="12.589082"><ele>5.8</ele></trkpt>
      <trkpt lat="53.775415" lon="12.585470"><ele>11.5</ele></trkpt>
      <trkpt lat="53.775827" lon="12.583770"><ele>7.5</ele></trkpt>
      <trkpt lat="53.775846" lon="12.583605"><ele>6.8</ele></trkpt>
      <trkpt lat="53.775855" lon="12.583435"><ele>6.0</ele></trkpt>
      <trkpt lat="53.775850" lon="12.583291"><ele>5.5</ele></trkpt>
      <trkpt lat="53.775832" lon="12.583150"><ele>5.2</ele></trkpt>
      <trkpt lat="53.775800" lon="12.583002"><ele>4.8</ele></trkpt>
      <trkpt lat="53.775753" lon="12.582880"><ele>4.5</ele></trkpt>
      <trkpt lat="53.775428" lon="12.582208"><ele>4.2</ele></trkpt>
      <trkpt lat="53.775363" lon="12.582058"><ele>4.0</ele></trkpt>
      <trkpt lat="53.775315" lon="12.581991"><ele>4.0</ele></trkpt>
      <trkpt lat="53.775250" lon="12.581924"><ele>4.0</ele></trkpt>
      <trkpt lat="53.775048" lon="12.581813"><ele>5.0</ele></trkpt>
      <trkpt lat="53.774516" lon="12.581579"><ele>7.2</ele></trkpt>
      <trkpt lat="53.774319" lon="12.581504"><ele>7.5</ele></trkpt>
      <trkpt lat="53.774335" lon="12.581318"><ele>7.0</ele></trkpt>
      <trkpt lat="53.774325" lon="12.581246"><ele>6.8</ele></trkpt>
      <trkpt lat="53.773914" lon="12.580035"><ele>5.8</ele></trkpt>
      <trkpt lat="53.773874" lon="12.579906"><ele>5.5</ele></trkpt>
      <trkpt lat="53.773867" lon="12.579837"><ele>5.5</ele></trkpt>
      <trkpt lat="53.773872" lon="12.579783"><ele>5.2</ele></trkpt>
      <trkpt lat="53.773889" lon="12.579723"><ele>5.0</ele></trkpt>
      <trkpt lat="53.773838" lon="12.579683"><ele>5.2</ele></trkpt>
      <trkpt lat="53.773791" lon="12.579611"><ele>5.5</ele></trkpt>
      <trkpt lat="53.773775" lon="12.579562"><ele>5.5</ele></trkpt>
      <trkpt lat="53.773766" lon="12.579512"><ele>5.5</ele></trkpt>
      <trkpt lat="53.773805" lon="12.578507"><ele>5.5</ele></trkpt>
      <trkpt lat="53.773796" lon="12.578111"><ele>6.2</ele></trkpt>
      <trkpt lat="53.774116" lon="12.577845"><ele>5.8</ele></trkpt>
      <trkpt lat="53.774290" lon="12.577671"><ele>6.0</ele></trkpt>
      <trkpt lat="53.774639" lon="12.577316"><ele>6.0</ele></trkpt>
      <trkpt lat="53.774777" lon="12.577085"><ele>6.0</ele></trkpt>
      <trkpt lat="53.774916" lon="12.576828"><ele>6.0</ele></trkpt>
      <trkpt lat="53.775001" lon="12.576584"><ele>6.0</ele></trkpt>
      <trkpt lat="53.775038" lon="12.576329"><ele>6.0</ele></trkpt>
      <trkpt lat="53.775053" lon="12.576134"><ele>6.0</ele></trkpt>
      <trkpt lat="53.775115" lon="12.575853"><ele>6.0</ele></trkpt>
      <trkpt lat="53.775150" lon="12.575586"><ele>6.2</ele></trkpt>
      <trkpt lat="53.775124" lon="12.574983"><ele>7.0</ele></trkpt>
      <trkpt lat="53.775122" lon="12.574935"><ele>7.0</ele></trkpt>
      <trkpt lat="53.775094" lon="12.574707"><ele>7.0</ele></trkpt>
      <trkpt lat="53.775049" lon="12.574468"><ele>7.0</ele></trkpt>
      <trkpt lat="53.774958" lon="12.574155"><ele>7.0</ele></trkpt>
      <trkpt lat="53.774998" lon="12.574130"><ele>7.0</ele></trkpt>
      <trkpt lat="53.775052" lon="12.574095"><ele>7.2</ele></trkpt>
      <trkpt lat="53.775281" lon="12.573947"><ele>7.8</ele></trkpt>
      <trkpt lat="53.775417" lon="12.573909"><ele>7.2</ele></trkpt>
      <trkpt lat="53.775505" lon="12.573959"><ele>7.0</ele></trkpt>
      <trkpt lat="53.775593" lon="12.573975"><ele>7.0</ele></trkpt>
      <trkpt lat="53.775665" lon="12.573960"><ele>7.0</ele></trkpt>
      <trkpt lat="53.775762" lon="12.573951"><ele>6.8</ele></trkpt>
      <trkpt lat="53.776386" lon="12.573770"><ele>7.8</ele></trkpt>
      <trkpt lat="53.776527" lon="12.573727"><ele>8.0</ele></trkpt>
      <trkpt lat="53.776603" lon="12.573706"><ele>8.0</ele></trkpt>
      <trkpt lat="53.776940" lon="12.573607"><ele>8.0</ele></trkpt>
      <trkpt lat="53.777194" lon="12.573533"><ele>8.0</ele></trkpt>
      <trkpt lat="53.777522" lon="12.573402"><ele>8.0</ele></trkpt>
      <trkpt lat="53.777299" lon="12.572847"><ele>9.0</ele></trkpt>
      <trkpt lat="53.776886" lon="12.572380"><ele>9.0</ele></trkpt>
      <trkpt lat="53.776581" lon="12.572046"><ele>9.0</ele></trkpt>
      <trkpt lat="53.776117" lon="12.571426"><ele>9.8</ele></trkpt>
      <trkpt lat="53.775999" lon="12.571258"><ele>10.2</ele></trkpt>
      <trkpt lat="53.775497" lon="12.570651"><ele>11.5</ele></trkpt>
      <trkpt lat="53.775312" lon="12.570277"><ele>12.0</ele></trkpt>
      <trkpt lat="53.775258" lon="12.570102"><ele>11.8</ele></trkpt>
      <trkpt lat="53.775026" lon="12.569406"><ele>12.0</ele></trkpt>
      <trkpt lat="53.774967" lon="12.569274"><ele>12.5</ele></trkpt>
      <trkpt lat="53.774911" lon="12.569146"><ele>12.5</ele></trkpt>
      <trkpt lat="53.774794" lon="12.568917"><ele>12.2</ele></trkpt>
      <trkpt lat="53.774742" lon="12.568823"><ele>12.2</ele></trkpt>
      <trkpt lat="53.774663" lon="12.568694"><ele>12.2</ele></trkpt>
      <trkpt lat="53.774562" lon="12.568541"><ele>12.5</ele></trkpt>
      <trkpt lat="53.774422" lon="12.568300"><ele>11.8</ele></trkpt>
      <trkpt lat="53.774358" lon="12.568183"><ele>11.8</ele></trkpt>
      <trkpt lat="53.774281" lon="12.568038"><ele>11.8</ele></trkpt>
      <trkpt lat="53.774118" lon="12.567778"><ele>11.5</ele></trkpt>
      <trkpt lat="53.773500" lon="12.566728"><ele>13.2</ele></trkpt>
      <trkpt lat="53.773089" lon="12.566032"><ele>14.2</ele></trkpt>
      <trkpt lat="53.772854" lon="12.565650"><ele>14.0</ele></trkpt>
      <trkpt lat="53.772547" lon="12.564941"><ele>14.5</ele></trkpt>
      <trkpt lat="53.772206" lon="12.564323"><ele>13.2</ele></trkpt>
      <trkpt lat="53.772167" lon="12.564253"><ele>13.2</ele></trkpt>
      <trkpt lat="53.771787" lon="12.563555"><ele>12.8</ele></trkpt>
      <trkpt lat="53.771637" lon="12.563327"><ele>12.8</ele></trkpt>
      <trkpt lat="53.771371" lon="12.563002"><ele>13.2</ele></trkpt>
      <trkpt lat="53.770655" lon="12.562113"><ele>14.2</ele></trkpt>
      <trkpt lat="53.770483" lon="12.561893"><ele>13.8</ele></trkpt>
      <trkpt lat="53.770033" lon="12.561262"><ele>12.5</ele></trkpt>
      <trkpt lat="53.769749" lon="12.560846"><ele>11.0</ele></trkpt>
      <trkpt lat="53.769650" lon="12.560714"><ele>10.5</ele></trkpt>
      <trkpt lat="53.769568" lon="12.560550"><ele>10.2</ele></trkpt>
      <trkpt lat="53.769556" lon="12.560507"><ele>10.2</ele></trkpt>
      <trkpt lat="53.769475" lon="12.560176"><ele>10.0</ele></trkpt>
      <trkpt lat="53.769217" lon="12.558922"><ele>12.0</ele></trkpt>
      <trkpt lat="53.768965" lon="12.558089"><ele>12.2</ele></trkpt>
      <trkpt lat="53.768522" lon="12.556869"><ele>10.8</ele></trkpt>
      <trkpt lat="53.768296" lon="12.556251"><ele>10.2</ele></trkpt>
      <trkpt lat="53.768279" lon="12.556204"><ele>10.5</ele></trkpt>
      <trkpt lat="53.768262" lon="12.556175"><ele>10.5</ele></trkpt>
      <trkpt lat="53.767635" lon="12.555118"><ele>10.2</ele></trkpt>
      <trkpt lat="53.767543" lon="12.554946"><ele>10.2</ele></trkpt>
      <trkpt lat="53.767197" lon="12.554304"><ele>11.2</ele></trkpt>
      <trkpt lat="53.766512" lon="12.553031"><ele>12.5</ele></trkpt>
      <trkpt lat="53.766272" lon="12.552251"><ele>13.0</ele></trkpt>
      <trkpt lat="53.766578" lon="12.549949"><ele>19.8</ele></trkpt>
      <trkpt lat="53.766616" lon="12.548983"><ele>25.5</ele></trkpt>
      <trkpt lat="53.766319" lon="12.547061"><ele>36.2</ele></trkpt>
      <trkpt lat="53.766265" lon="12.545797"><ele>44.5</ele></trkpt>
      <trkpt lat="53.765326" lon="12.543341"><ele>50.0</ele></trkpt>
      <trkpt lat="53.764527" lon="12.541633"><ele>51.2</ele></trkpt>
      <trkpt lat="53.763131" lon="12.539176"><ele>52.8</ele></trkpt>
      <trkpt lat="53.762316" lon="12.537965"><ele>54.2</ele></trkpt>
      <trkpt lat="53.762166" lon="12.537687"><ele>54.2</ele></trkpt>
      <trkpt lat="53.762075" lon="12.537327"><ele>55.5</ele></trkpt>
      <trkpt lat="53.761871" lon="12.537218"><ele>55.5</ele></trkpt>
      <trkpt lat="53.761652" lon="12.537272"><ele>55.0</ele></trkpt>
      <trkpt lat="53.761777" lon="12.537071"><ele>55.5</ele></trkpt>
      <trkpt lat="53.762032" lon="12.536469"><ele>57.0</ele></trkpt>
      <trkpt lat="53.762062" lon="12.536198"><ele>57.8</ele></trkpt>
      <trkpt lat="53.762341" lon="12.535511"><ele>58.5</ele></trkpt>
      <trkpt lat="53.762618" lon="12.534933"><ele>57.5</ele></trkpt>
      <trkpt lat="53.762721" lon="12.534717"><ele>57.0</ele></trkpt>
      <trkpt lat="53.762781" lon="12.534360"><ele>57.0</ele></trkpt>
      <trkpt lat="53.762886" lon="12.533730"><ele>57.0</ele></trkpt>
      <trkpt lat="53.762931" lon="12.532550"><ele>57.5</ele></trkpt>
      <trkpt lat="53.762937" lon="12.532379"><ele>57.2</ele></trkpt>
      <trkpt lat="53.762797" lon="12.529782"><ele>57.0</ele></trkpt>
      <trkpt lat="53.762774" lon="12.528410"><ele>58.0</ele></trkpt>
      <trkpt lat="53.762772" lon="12.528280"><ele>57.8</ele></trkpt>
      <trkpt lat="53.762950" lon="12.527272"><ele>55.0</ele></trkpt>
      <trkpt lat="53.763292" lon="12.526156"><ele>55.0</ele></trkpt>
      <trkpt lat="53.764028" lon="12.524804"><ele>53.0</ele></trkpt>
      <trkpt lat="53.764383" lon="12.524375"><ele>54.0</ele></trkpt>
      <trkpt lat="53.764538" lon="12.523632"><ele>53.2</ele></trkpt>
      <trkpt lat="53.764675" lon="12.522980"><ele>52.0</ele></trkpt>
      <trkpt lat="53.765245" lon="12.522293"><ele>50.0</ele></trkpt>
      <trkpt lat="53.765575" lon="12.520791"><ele>47.5</ele></trkpt>
      <trkpt lat="53.764827" lon="12.519869"><ele>51.0</ele></trkpt>
      <trkpt lat="53.764040" lon="12.518710"><ele>51.0</ele></trkpt>
      <trkpt lat="53.763127" lon="12.517530"><ele>47.2</ele></trkpt>
      <trkpt lat="53.762024" lon="12.516006"><ele>41.2</ele></trkpt>
      <trkpt lat="53.762303" lon="12.515341"><ele>40.8</ele></trkpt>
      <trkpt lat="53.762518" lon="12.515084"><ele>40.5</ele></trkpt>
      <trkpt lat="53.762374" lon="12.514779"><ele>40.0</ele></trkpt>
      <trkpt lat="53.762191" lon="12.514394"><ele>40.0</ele></trkpt>
      <trkpt lat="53.761188" lon="12.511968"><ele>48.0</ele></trkpt>
      <trkpt lat="53.760617" lon="12.510649"><ele>49.8</ele></trkpt>
      <trkpt lat="53.760554" lon="12.510434"><ele>49.8</ele></trkpt>
      <trkpt lat="53.760624" lon="12.510402"><ele>49.8</ele></trkpt>
      <trkpt lat="53.761514" lon="12.508179"><ele>49.5</ele></trkpt>
      <trkpt lat="53.762083" lon="12.506722"><ele>49.8</ele></trkpt>
      <trkpt lat="53.761543" lon="12.505359"><ele>48.0</ele></trkpt>
      <trkpt lat="53.761169" lon="12.504533"><ele>47.0</ele></trkpt>
      <trkpt lat="53.760976" lon="12.503943"><ele>47.0</ele></trkpt>
      <trkpt lat="53.760319" lon="12.501937"><ele>47.0</ele></trkpt>
      <trkpt lat="53.760275" lon="12.501583"><ele>47.0</ele></trkpt>
      <trkpt lat="53.760283" lon="12.500477"><ele>47.0</ele></trkpt>
      <trkpt lat="53.760256" lon="12.500469"><ele>47.0</ele></trkpt>
      <trkpt lat="53.760246" lon="12.500450"><ele>47.0</ele></trkpt>
      <trkpt lat="53.760240" lon="12.500291"><ele>47.0</ele></trkpt>
      <trkpt lat="53.760225" lon="12.500258"><ele>47.0</ele></trkpt>
      <trkpt lat="53.760211" lon="12.500238"><ele>47.0</ele></trkpt>
      <trkpt lat="53.760109" lon="12.500209"><ele>47.0</ele></trkpt>
      <trkpt lat="53.759728" lon="12.500197"><ele>47.0</ele></trkpt>
      <trkpt lat="53.759114" lon="12.500185"><ele>47.0</ele></trkpt>
      <trkpt lat="53.758981" lon="12.500175"><ele>47.0</ele></trkpt>
      <trkpt lat="53.758840" lon="12.500115"><ele>47.0</ele></trkpt>
      <trkpt lat="53.758669" lon="12.500005"><ele>47.0</ele></trkpt>
      <trkpt lat="53.758435" lon="12.499662"><ele>47.8</ele></trkpt>
      <trkpt lat="53.758236" lon="12.499437"><ele>47.0</ele></trkpt>
      <trkpt lat="53.758043" lon="12.499262"><ele>47.0</ele></trkpt>
      <trkpt lat="53.757628" lon="12.498948"><ele>47.0</ele></trkpt>
      <trkpt lat="53.757450" lon="12.498803"><ele>47.0</ele></trkpt>
      <trkpt lat="53.757395" lon="12.498788"><ele>47.2</ele></trkpt>
      <trkpt lat="53.757318" lon="12.498766"><ele>47.5</ele></trkpt>
      <trkpt lat="53.755760" lon="12.497564"><ele>51.5</ele></trkpt>
      <trkpt lat="53.755704" lon="12.497494"><ele>51.5</ele></trkpt>
      <trkpt lat="53.755544" lon="12.497250"><ele>50.8</ele></trkpt>
      <trkpt lat="53.755554" lon="12.497224"><ele>50.8</ele></trkpt>
      <trkpt lat="53.755485" lon="12.497138"><ele>50.5</ele></trkpt>
      <trkpt lat="53.755451" lon="12.497081"><ele>50.5</ele></trkpt>
      <trkpt lat="53.754723" lon="12.496227"><ele>50.0</ele></trkpt>
      <trkpt lat="53.754643" lon="12.496107"><ele>50.0</ele></trkpt>
      <trkpt lat="53.753913" lon="12.494989"><ele>51.0</ele></trkpt>
      <trkpt lat="53.753860" lon="12.494908"><ele>51.2</ele></trkpt>
      <trkpt lat="53.753556" lon="12.494422"><ele>51.0</ele></trkpt>
      <trkpt lat="53.753258" lon="12.493948"><ele>51.0</ele></trkpt>
      <trkpt lat="53.752758" lon="12.493192"><ele>49.0</ele></trkpt>
      <trkpt lat="53.752782" lon="12.493122"><ele>49.0</ele></trkpt>
      <trkpt lat="53.753073" lon="12.492291"><ele>48.2</ele></trkpt>
      <trkpt lat="53.753154" lon="12.492014"><ele>48.0</ele></trkpt>
      <trkpt lat="53.753197" lon="12.491861"><ele>48.0</ele></trkpt>
      <trkpt lat="53.753234" lon="12.491641"><ele>47.8</ele></trkpt>
      <trkpt lat="53.753233" lon="12.491509"><ele>47.2</ele></trkpt>
      <trkpt lat="53.753224" lon="12.491378"><ele>47.0</ele></trkpt>
      <trkpt lat="53.753075" lon="12.489693"><ele>46.0</ele></trkpt>
      <trkpt lat="53.753060" lon="12.489522"><ele>46.0</ele></trkpt>
      <trkpt lat="53.752919" lon="12.488010"><ele>45.0</ele></trkpt>
      <trkpt lat="53.752907" lon="12.487621"><ele>44.5</ele></trkpt>
      <trkpt lat="53.752926" lon="12.487246"><ele>44.5</ele></trkpt>
      <trkpt lat="53.753014" lon="12.486386"><ele>43.8</ele></trkpt>
      <trkpt lat="53.753252" lon="12.484220"><ele>44.2</ele></trkpt>
      <trkpt lat="53.753544" lon="12.482651"><ele>39.5</ele></trkpt>
      <trkpt lat="53.753608" lon="12.482388"><ele>39.0</ele></trkpt>
      <trkpt lat="53.753731" lon="12.482073"><ele>39.0</ele></trkpt>
      <trkpt lat="53.755120" lon="12.478894"><ele>34.0</ele></trkpt>
      <trkpt lat="53.755590" lon="12.477741"><ele>35.0</ele></trkpt>
      <trkpt lat="53.755672" lon="12.477511"><ele>35.0</ele></trkpt>
      <trkpt lat="53.755707" lon="12.477384"><ele>35.0</ele></trkpt>
      <trkpt lat="53.755807" lon="12.477030"><ele>34.2</ele></trkpt>
      <trkpt lat="53.755826" lon="12.476909"><ele>34.0</ele></trkpt>
      <trkpt lat="53.755879" lon="12.476917"><ele>34.0</ele></trkpt>
      <trkpt lat="53.755955" lon="12.476991"><ele>34.5</ele></trkpt>
      <trkpt lat="53.756141" lon="12.477173"><ele>35.0</ele></trkpt>
      <trkpt lat="53.756295" lon="12.477324"><ele>35.8</ele></trkpt>
      <trkpt lat="53.756408" lon="12.477421"><ele>36.0</ele></trkpt>
      <trkpt lat="53.756438" lon="12.477427"><ele>36.0</ele></trkpt>
      <trkpt lat="53.756468" lon="12.477434"><ele>36.0</ele></trkpt>
      <trkpt lat="53.756644" lon="12.477408"><ele>36.5</ele></trkpt>
      <trkpt lat="53.756683" lon="12.477403"><ele>36.5</ele></trkpt>
      <trkpt lat="53.756867" lon="12.477378"><ele>36.5</ele></trkpt>
      <trkpt lat="53.757168" lon="12.477337"><ele>36.2</ele></trkpt>
      <trkpt lat="53.757357" lon="12.477323"><ele>36.0</ele></trkpt>
      <trkpt lat="53.757883" lon="12.477387"><ele>35.5</ele></trkpt>
      <trkpt lat="53.757957" lon="12.477338"><ele>35.2</ele></trkpt>
      <trkpt lat="53.758032" lon="12.477203"><ele>35.0</ele></trkpt>
      <trkpt lat="53.758453" lon="12.476162"><ele>35.0</ele></trkpt>
      <trkpt lat="53.758528" lon="12.476021"><ele>34.8</ele></trkpt>
      <trkpt lat="53.758571" lon="12.475969"><ele>34.8</ele></trkpt>
      <trkpt lat="53.758618" lon="12.475933"><ele>35.0</ele></trkpt>
      <trkpt lat="53.758712" lon="12.475908"><ele>35.0</ele></trkpt>
      <trkpt lat="53.758818" lon="12.475900"><ele>35.0</ele></trkpt>
      <trkpt lat="53.758986" lon="12.475856"><ele>35.2</ele></trkpt>
      <trkpt lat="53.759118" lon="12.475826"><ele>35.8</ele></trkpt>
      <trkpt lat="53.759172" lon="12.475835"><ele>36.0</ele></trkpt>
      <trkpt lat="53.759397" lon="12.475648"><ele>35.2</ele></trkpt>
      <trkpt lat="53.760065" lon="12.474978"><ele>35.0</ele></trkpt>
      <trkpt lat="53.762235" lon="12.472841"><ele>34.5</ele></trkpt>
      <trkpt lat="53.762812" lon="12.472090"><ele>31.2</ele></trkpt>
      <trkpt lat="53.762960" lon="12.471911"><ele>30.5</ele></trkpt>
      <trkpt lat="53.762071" lon="12.469190"><ele>34.5</ele></trkpt>
      <trkpt lat="53.761873" lon="12.468517"><ele>34.8</ele></trkpt>
      <trkpt lat="53.761826" lon="12.468287"><ele>35.2</ele></trkpt>
      <trkpt lat="53.761795" lon="12.468023"><ele>35.5</ele></trkpt>
      <trkpt lat="53.761775" lon="12.467763"><ele>35.0</ele></trkpt>
      <trkpt lat="53.761685" lon="12.465969"><ele>33.2</ele></trkpt>
      <trkpt lat="53.761659" lon="12.464714"><ele>32.0</ele></trkpt>
      <trkpt lat="53.761583" lon="12.463304"><ele>31.2</ele></trkpt>
      <trkpt lat="53.761502" lon="12.461697"><ele>29.5</ele></trkpt>
      <trkpt lat="53.761506" lon="12.461654"><ele>29.5</ele></trkpt>
      <trkpt lat="53.761533" lon="12.461585"><ele>29.2</ele></trkpt>
      <trkpt lat="53.761537" lon="12.461537"><ele>29.0</ele></trkpt>
      <trkpt lat="53.761499" lon="12.459894"><ele>30.0</ele></trkpt>
      <trkpt lat="53.761457" lon="12.459152"><ele>29.0</ele></trkpt>
      <trkpt lat="53.761270" lon="12.458112"><ele>29.2</ele></trkpt>
      <trkpt lat="53.761208" lon="12.456638"><ele>29.0</ele></trkpt>
      <trkpt lat="53.761235" lon="12.456427"><ele>29.0</ele></trkpt>
      <trkpt lat="53.761256" lon="12.456133"><ele>29.0</ele></trkpt>
      <trkpt lat="53.761242" lon="12.455312"><ele>29.2</ele></trkpt>
      <trkpt lat="53.761188" lon="12.454094"><ele>33.8</ele></trkpt>
      <trkpt lat="53.760335" lon="12.436684"><ele>27.8</ele></trkpt>
      <trkpt lat="53.760240" lon="12.435028"><ele>30.0</ele></trkpt>
      <trkpt lat="53.760211" lon="12.434442"><ele>31.0</ele></trkpt>
      <trkpt lat="53.760207" lon="12.434006"><ele>31.0</ele></trkpt>
      <trkpt lat="53.760197" lon="12.433644"><ele>31.2</ele></trkpt>
      <trkpt lat="53.760199" lon="12.433102"><ele>31.2</ele></trkpt>
      <trkpt lat="53.760186" lon="12.432974"><ele>31.2</ele></trkpt>
      <trkpt lat="53.760178" lon="12.432881"><ele>31.2</ele></trkpt>
      <trkpt lat="53.760250" lon="12.431487"><ele>31.0</ele></trkpt>
      <trkpt lat="53.760306" lon="12.430447"><ele>29.8</ele></trkpt>
      <trkpt lat="53.760331" lon="12.430323"><ele>29.8</ele></trkpt>
      <trkpt lat="53.760357" lon="12.429844"><ele>28.8</ele></trkpt>
      <trkpt lat="53.760921" lon="12.419359"><ele>35.0</ele></trkpt>
      <trkpt lat="53.761080" lon="12.416503"><ele>33.0</ele></trkpt>
      <trkpt lat="53.761109" lon="12.415985"><ele>32.0</ele></trkpt>
      <trkpt lat="53.761188" lon="12.414520"><ele>32.0</ele></trkpt>
      <trkpt lat="53.761239" lon="12.413391"><ele>33.0</ele></trkpt>
      <trkpt lat="53.761230" lon="12.413261"><ele>33.0</ele></trkpt>
      <trkpt lat="53.761248" lon="12.412960"><ele>33.0</ele></trkpt>
      <trkpt lat="53.761268" lon="12.412848"><ele>33.0</ele></trkpt>
      <trkpt lat="53.761327" lon="12.411692"><ele>34.0</ele></trkpt>
      <trkpt lat="53.761294" lon="12.411291"><ele>33.8</ele></trkpt>
      <trkpt lat="53.761317" lon="12.410777"><ele>33.0</ele></trkpt>
      <trkpt lat="53.761382" lon="12.410704"><ele>33.0</ele></trkpt>
      <trkpt lat="53.761423" lon="12.409831"><ele>32.2</ele></trkpt>
      <trkpt lat="53.761430" lon="12.409688"><ele>32.0</ele></trkpt>
      <trkpt lat="53.761387" lon="12.409412"><ele>32.0</ele></trkpt>
      <trkpt lat="53.761534" lon="12.406739"><ele>30.0</ele></trkpt>
      <trkpt lat="53.761570" lon="12.405824"><ele>30.0</ele></trkpt>
      <trkpt lat="53.761599" lon="12.405701"><ele>30.0</ele></trkpt>
      <trkpt lat="53.761609" lon="12.405553"><ele>30.0</ele></trkpt>
      <trkpt lat="53.761590" lon="12.405308"><ele>30.0</ele></trkpt>
      <trkpt lat="53.760844" lon="12.398138"><ele>32.0</ele></trkpt>
      <trkpt lat="53.760839" lon="12.397991"><ele>32.2</ele></trkpt>
      <trkpt lat="53.760835" lon="12.397874"><ele>32.5</ele></trkpt>
      <trkpt lat="53.760881" lon="12.397793"><ele>33.0</ele></trkpt>
      <trkpt lat="53.760830" lon="12.397262"><ele>32.8</ele></trkpt>
      <trkpt lat="53.760826" lon="12.397226"><ele>32.8</ele></trkpt>
      <trkpt lat="53.760769" lon="12.397211"><ele>32.8</ele></trkpt>
      <trkpt lat="53.760742" lon="12.397067"><ele>32.5</ele></trkpt>
      <trkpt lat="53.760733" lon="12.397022"><ele>32.5</ele></trkpt>
      <trkpt lat="53.760656" lon="12.396321"><ele>33.0</ele></trkpt>
      <trkpt lat="53.760622" lon="12.396141"><ele>32.8</ele></trkpt>
      <trkpt lat="53.760554" lon="12.395541"><ele>33.8</ele></trkpt>
      <trkpt lat="53.760540" lon="12.395241"><ele>33.8</ele></trkpt>
      <trkpt lat="53.760162" lon="12.391622"><ele>40.5</ele></trkpt>
      <trkpt lat="53.760146" lon="12.391505"><ele>40.5</ele></trkpt>
      <trkpt lat="53.760108" lon="12.391307"><ele>40.2</ele></trkpt>
      <trkpt lat="53.760057" lon="12.391165"><ele>40.0</ele></trkpt>
      <trkpt lat="53.759972" lon="12.390349"><ele>40.0</ele></trkpt>
      <trkpt lat="53.759895" lon="12.389708"><ele>40.0</ele></trkpt>
      <trkpt lat="53.759848" lon="12.389314"><ele>39.8</ele></trkpt>
      <trkpt lat="53.759614" lon="12.387040"><ele>35.8</ele></trkpt>
      <trkpt lat="53.759616" lon="12.386968"><ele>35.5</ele></trkpt>
      <trkpt lat="53.759606" lon="12.386883"><ele>35.5</ele></trkpt>
      <trkpt lat="53.759593" lon="12.386770"><ele>35.5</ele></trkpt>
      <trkpt lat="53.759630" lon="12.386685"><ele>35.5</ele></trkpt>
      <trkpt lat="53.759633" lon="12.386631"><ele>35.5</ele></trkpt>
      <trkpt lat="53.759552" lon="12.385637"><ele>33.8</ele></trkpt>
      <trkpt lat="53.759428" lon="12.384446"><ele>32.8</ele></trkpt>
      <trkpt lat="53.759006" lon="12.380601"><ele>29.5</ele></trkpt>
      <trkpt lat="53.758980" lon="12.380154"><ele>29.5</ele></trkpt>
      <trkpt lat="53.758993" lon="12.379750"><ele>29.8</ele></trkpt>
      <trkpt lat="53.759099" lon="12.379070"><ele>30.0</ele></trkpt>
      <trkpt lat="53.759259" lon="12.378212"><ele>30.0</ele></trkpt>
      <trkpt lat="53.759271" lon="12.378108"><ele>30.0</ele></trkpt>
      <trkpt lat="53.759266" lon="12.378005"><ele>30.0</ele></trkpt>
      <trkpt lat="53.759233" lon="12.377919"><ele>30.0</ele></trkpt>
      <trkpt lat="53.759252" lon="12.377840"><ele>30.0</ele></trkpt>
      <trkpt lat="53.759270" lon="12.377736"><ele>30.0</ele></trkpt>
      <trkpt lat="53.759338" lon="12.377551"><ele>30.0</ele></trkpt>
      <trkpt lat="53.759468" lon="12.377000"><ele>29.8</ele></trkpt>
      <trkpt lat="53.759691" lon="12.376126"><ele>30.0</ele></trkpt>
      <trkpt lat="53.760871" lon="12.369929"><ele>27.0</ele></trkpt>
      <trkpt lat="53.761350" lon="12.367444"><ele>27.0</ele></trkpt>
      <trkpt lat="53.762861" lon="12.359420"><ele>33.0</ele></trkpt>
      <trkpt lat="53.763154" lon="12.357895"><ele>34.0</ele></trkpt>
      <trkpt lat="53.763366" lon="12.356908"><ele>35.0</ele></trkpt>
      <trkpt lat="53.763698" lon="12.355044"><ele>37.0</ele></trkpt>
      <trkpt lat="53.763948" lon="12.353718"><ele>36.0</ele></trkpt>
      <trkpt lat="53.764218" lon="12.352373"><ele>37.2</ele></trkpt>
      <trkpt lat="53.764283" lon="12.352034"><ele>37.8</ele></trkpt>
      <trkpt lat="53.764345" lon="12.352066"><ele>37.5</ele></trkpt>
      <trkpt lat="53.764361" lon="12.351986"><ele>37.8</ele></trkpt>
      <trkpt lat="53.764386" lon="12.351854"><ele>38.2</ele></trkpt>
      <trkpt lat="53.764431" lon="12.351613"><ele>39.0</ele></trkpt>
      <trkpt lat="53.764553" lon="12.350974"><ele>40.0</ele></trkpt>
      <trkpt lat="53.764567" lon="12.350898"><ele>40.0</ele></trkpt>
      <trkpt lat="53.764525" lon="12.350872"><ele>40.0</ele></trkpt>
      <trkpt lat="53.764640" lon="12.350246"><ele>40.5</ele></trkpt>
      <trkpt lat="53.764798" lon="12.349454"><ele>41.2</ele></trkpt>
      <trkpt lat="53.764991" lon="12.348562"><ele>39.8</ele></trkpt>
      <trkpt lat="53.764993" lon="12.348453"><ele>39.2</ele></trkpt>
      <trkpt lat="53.765096" lon="12.347808"><ele>36.2</ele></trkpt>
      <trkpt lat="53.765264" lon="12.347101"><ele>34.0</ele></trkpt>
      <trkpt lat="53.765306" lon="12.346857"><ele>34.0</ele></trkpt>
      <trkpt lat="53.765528" lon="12.345575"><ele>33.0</ele></trkpt>
      <trkpt lat="53.765642" lon="12.344971"><ele>33.0</ele></trkpt>
      <trkpt lat="53.765915" lon="12.344057"><ele>33.0</ele></trkpt>
      <trkpt lat="53.765936" lon="12.343978"><ele>33.0</ele></trkpt>
      <trkpt lat="53.766248" lon="12.342544"><ele>34.0</ele></trkpt>
      <trkpt lat="53.766265" lon="12.342484"><ele>34.0</ele></trkpt>
      <trkpt lat="53.766354" lon="12.342269"><ele>34.0</ele></trkpt>
      <trkpt lat="53.766879" lon="12.341305"><ele>33.0</ele></trkpt>
      <trkpt lat="53.767313" lon="12.340748"><ele>33.0</ele></trkpt>
      <trkpt lat="53.767339" lon="12.340746"><ele>33.0</ele></trkpt>
      <trkpt lat="53.767363" lon="12.340757"><ele>33.0</ele></trkpt>
      <trkpt lat="53.767410" lon="12.340827"><ele>33.0</ele></trkpt>
      <trkpt lat="53.767430" lon="12.340843"><ele>32.8</ele></trkpt>
      <trkpt lat="53.767460" lon="12.340834"><ele>32.8</ele></trkpt>
      <trkpt lat="53.767561" lon="12.340718"><ele>33.0</ele></trkpt>
      <trkpt lat="53.768399" lon="12.339811"><ele>34.5</ele></trkpt>
      <trkpt lat="53.768509" lon="12.339710"><ele>34.2</ele></trkpt>
      <trkpt lat="53.769478" lon="12.338671"><ele>40.8</ele></trkpt>
      <trkpt lat="53.769705" lon="12.338422"><ele>42.5</ele></trkpt>
      <trkpt lat="53.769781" lon="12.338263"><ele>43.5</ele></trkpt>
      <trkpt lat="53.769852" lon="12.338254"><ele>43.8</ele></trkpt>
      <trkpt lat="53.769944" lon="12.337879"><ele>44.5</ele></trkpt>
      <trkpt lat="53.770021" lon="12.337494"><ele>43.8</ele></trkpt>
      <trkpt lat="53.769954" lon="12.337392"><ele>44.0</ele></trkpt>
      <trkpt lat="53.770396" lon="12.334759"><ele>42.2</ele></trkpt>
      <trkpt lat="53.770667" lon="12.333149"><ele>38.8</ele></trkpt>
      <trkpt lat="53.770662" lon="12.333091"><ele>38.5</ele></trkpt>
      <trkpt lat="53.770638" lon="12.333010"><ele>38.5</ele></trkpt>
      <trkpt lat="53.770638" lon="12.332966"><ele>38.2</ele></trkpt>
      <trkpt lat="53.770652" lon="12.332905"><ele>38.2</ele></trkpt>
      <trkpt lat="53.770790" lon="12.332920"><ele>38.0</ele></trkpt>
      <trkpt lat="53.770876" lon="12.332917"><ele>37.8</ele></trkpt>
      <trkpt lat="53.770937" lon="12.332911"><ele>37.5</ele></trkpt>
      <trkpt lat="53.771016" lon="12.332883"><ele>37.2</ele></trkpt>
      <trkpt lat="53.772700" lon="12.332102"><ele>33.5</ele></trkpt>
      <trkpt lat="53.773085" lon="12.331931"><ele>33.0</ele></trkpt>
      <trkpt lat="53.778161" lon="12.329766"><ele>30.8</ele></trkpt>
      <trkpt lat="53.779566" lon="12.329251"><ele>30.8</ele></trkpt>
      <trkpt lat="53.780248" lon="12.328877"><ele>31.0</ele></trkpt>
      <trkpt lat="53.780555" lon="12.328710"><ele>30.0</ele></trkpt>
      <trkpt lat="53.781315" lon="12.328133"><ele>27.8</ele></trkpt>
      <trkpt lat="53.781658" lon="12.327684"><ele>26.0</ele></trkpt>
      <trkpt lat="53.781709" lon="12.326918"><ele>25.0</ele></trkpt>
      <trkpt lat="53.781786" lon="12.326015"><ele>25.0</ele></trkpt>
      <trkpt lat="53.781771" lon="12.325525"><ele>24.0</ele></trkpt>
      <trkpt lat="53.781780" lon="12.325286"><ele>24.0</ele></trkpt>
      <trkpt lat="53.781844" lon="12.325170"><ele>23.5</ele></trkpt>
      <trkpt lat="53.782271" lon="12.324849"><ele>21.2</ele></trkpt>
      <trkpt lat="53.782456" lon="12.324657"><ele>20.8</ele></trkpt>
      <trkpt lat="53.782689" lon="12.324332"><ele>20.0</ele></trkpt>
      <trkpt lat="53.782738" lon="12.324251"><ele>20.0</ele></trkpt>
      <trkpt lat="53.783438" lon="12.323161"><ele>22.8</ele></trkpt>
      <trkpt lat="53.783651" lon="12.322829"><ele>23.8</ele></trkpt>
      <trkpt lat="53.784281" lon="12.322034"><ele>27.0</ele></trkpt>
      <trkpt lat="53.786376" lon="12.319422"><ele>27.0</ele></trkpt>
      <trkpt lat="53.786601" lon="12.319146"><ele>27.0</ele></trkpt>
      <trkpt lat="53.787058" lon="12.318584"><ele>28.0</ele></trkpt>
      <trkpt lat="53.787112" lon="12.318410"><ele>28.0</ele></trkpt>
      <trkpt lat="53.787110" lon="12.318261"><ele>28.0</ele></trkpt>
      <trkpt lat="53.787474" lon="12.318463"><ele>29.8</ele></trkpt>
      <trkpt lat="53.787648" lon="12.318520"><ele>30.5</ele></trkpt>
      <trkpt lat="53.788086" lon="12.318666"><ele>31.8</ele></trkpt>
      <trkpt lat="53.788745" lon="12.318623"><ele>32.0</ele></trkpt>
      <trkpt lat="53.789546" lon="12.318365"><ele>31.2</ele></trkpt>
      <trkpt lat="53.789726" lon="12.318291"><ele>30.0</ele></trkpt>
      <trkpt lat="53.790058" lon="12.318151"><ele>30.0</ele></trkpt>
      <trkpt lat="53.790517" lon="12.319436"><ele>30.0</ele></trkpt>
      <trkpt lat="53.790697" lon="12.319910"><ele>30.2</ele></trkpt>
      <trkpt lat="53.790683" lon="12.319984"><ele>30.5</ele></trkpt>
      <trkpt lat="53.791052" lon="12.319997"><ele>30.8</ele></trkpt>
      <trkpt lat="53.791453" lon="12.319903"><ele>31.8</ele></trkpt>
      <trkpt lat="53.791781" lon="12.319796"><ele>30.0</ele></trkpt>
      <trkpt lat="53.791986" lon="12.319672"><ele>29.0</ele></trkpt>
      <trkpt lat="53.792199" lon="12.319457"><ele>29.0</ele></trkpt>
      <trkpt lat="53.792459" lon="12.319385"><ele>28.0</ele></trkpt>
      <trkpt lat="53.792883" lon="12.319483"><ele>27.0</ele></trkpt>
      <trkpt lat="53.793301" lon="12.319761"><ele>27.0</ele></trkpt>
      <trkpt lat="53.794144" lon="12.320180"><ele>26.2</ele></trkpt>
      <trkpt lat="53.794484" lon="12.320297"><ele>25.0</ele></trkpt>
      <trkpt lat="53.794634" lon="12.320311"><ele>25.0</ele></trkpt>
      <trkpt lat="53.795572" lon="12.320528"><ele>28.8</ele></trkpt>
      <trkpt lat="53.796395" lon="12.320715"><ele>31.5</ele></trkpt>
      <trkpt lat="53.797132" lon="12.320719"><ele>34.0</ele></trkpt>
      <trkpt lat="53.797821" lon="12.320703"><ele>35.0</ele></trkpt>
      <trkpt lat="53.798205" lon="12.320670"><ele>35.2</ele></trkpt>
      <trkpt lat="53.798544" lon="12.320629"><ele>35.0</ele></trkpt>
      <trkpt lat="53.799385" lon="12.320168"><ele>36.8</ele></trkpt>
      <trkpt lat="53.799673" lon="12.320050"><ele>37.0</ele></trkpt>
      <trkpt lat="53.800412" lon="12.320084"><ele>37.0</ele></trkpt>
      <trkpt lat="53.802041" lon="12.320419"><ele>37.2</ele></trkpt>
      <trkpt lat="53.802394" lon="12.320479"><ele>36.2</ele></trkpt>
      <trkpt lat="53.802609" lon="12.320358"><ele>36.0</ele></trkpt>
      <trkpt lat="53.802952" lon="12.320083"><ele>36.5</ele></trkpt>
      <trkpt lat="53.804017" lon="12.318405"><ele>38.0</ele></trkpt>
      <trkpt lat="53.804701" lon="12.317877"><ele>39.8</ele></trkpt>
      <trkpt lat="53.806705" lon="12.316799"><ele>37.0</ele></trkpt>
      <trkpt lat="53.807274" lon="12.316401"><ele>38.0</ele></trkpt>
      <trkpt lat="53.807839" lon="12.315886"><ele>38.5</ele></trkpt>
      <trkpt lat="53.807911" lon="12.315352"><ele>38.0</ele></trkpt>
      <trkpt lat="53.808003" lon="12.314349"><ele>39.0</ele></trkpt>
      <trkpt lat="53.808120" lon="12.313548"><ele>39.8</ele></trkpt>
      <trkpt lat="53.808085" lon="12.312807"><ele>38.8</ele></trkpt>
      <trkpt lat="53.808100" lon="12.312200"><ele>36.5</ele></trkpt>
      <trkpt lat="53.808175" lon="12.311636"><ele>34.0</ele></trkpt>
      <trkpt lat="53.808329" lon="12.311278"><ele>31.5</ele></trkpt>
      <trkpt lat="53.808752" lon="12.310544"><ele>27.8</ele></trkpt>
      <trkpt lat="53.808966" lon="12.310073"><ele>27.0</ele></trkpt>
      <trkpt lat="53.809269" lon="12.309108"><ele>27.0</ele></trkpt>
      <trkpt lat="53.809381" lon="12.308291"><ele>27.2</ele></trkpt>
      <trkpt lat="53.809564" lon="12.307700"><ele>27.5</ele></trkpt>
      <trkpt lat="53.809618" lon="12.307549"><ele>27.8</ele></trkpt>
      <trkpt lat="53.809948" lon="12.306999"><ele>30.5</ele></trkpt>
      <trkpt lat="53.810485" lon="12.306286"><ele>32.2</ele></trkpt>
      <trkpt lat="53.810689" lon="12.306124"><ele>33.2</ele></trkpt>
      <trkpt lat="53.811485" lon="12.305870"><ele>37.5</ele></trkpt>
      <trkpt lat="53.813152" lon="12.305445"><ele>36.2</ele></trkpt>
      <trkpt lat="53.813720" lon="12.305330"><ele>35.0</ele></trkpt>
      <trkpt lat="53.813985" lon="12.305391"><ele>35.0</ele></trkpt>
      <trkpt lat="53.814301" lon="12.305608"><ele>34.2</ele></trkpt>
      <trkpt lat="53.815234" lon="12.306391"><ele>27.0</ele></trkpt>
      <trkpt lat="53.815358" lon="12.306505"><ele>26.8</ele></trkpt>
      <trkpt lat="53.815590" lon="12.306619"><ele>27.0</ele></trkpt>
      <trkpt lat="53.815759" lon="12.306632"><ele>27.0</ele></trkpt>
      <trkpt lat="53.815939" lon="12.306517"><ele>27.0</ele></trkpt>
      <trkpt lat="53.816099" lon="12.306280"><ele>26.5</ele></trkpt>
      <trkpt lat="53.816187" lon="12.306010"><ele>26.2</ele></trkpt>
      <trkpt lat="53.816608" lon="12.303871"><ele>23.8</ele></trkpt>
      <trkpt lat="53.816820" lon="12.303144"><ele>23.2</ele></trkpt>
      <trkpt lat="53.816971" lon="12.302803"><ele>23.0</ele></trkpt>
      <trkpt lat="53.817169" lon="12.302427"><ele>22.0</ele></trkpt>
      <trkpt lat="53.817789" lon="12.301559"><ele>21.0</ele></trkpt>
      <trkpt lat="53.818084" lon="12.301191"><ele>21.8</ele></trkpt>
      <trkpt lat="53.818193" lon="12.300989"><ele>22.8</ele></trkpt>
      <trkpt lat="53.818297" lon="12.300702"><ele>23.5</ele></trkpt>
      <trkpt lat="53.818311" lon="12.300420"><ele>23.8</ele></trkpt>
      <trkpt lat="53.818302" lon="12.300221"><ele>23.5</ele></trkpt>
      <trkpt lat="53.818281" lon="12.299971"><ele>23.2</ele></trkpt>
      <trkpt lat="53.817576" lon="12.296775"><ele>19.2</ele></trkpt>
      <trkpt lat="53.817465" lon="12.296465"><ele>18.8</ele></trkpt>
      <trkpt lat="53.817048" lon="12.295691"><ele>18.0</ele></trkpt>
      <trkpt lat="53.817048" lon="12.295386"><ele>18.0</ele></trkpt>
      <trkpt lat="53.817109" lon="12.295227"><ele>18.0</ele></trkpt>
      <trkpt lat="53.816996" lon="12.295271"><ele>18.0</ele></trkpt>
      <trkpt lat="53.816989" lon="12.295274"><ele>18.0</ele></trkpt>
      <trkpt lat="53.816845" lon="12.295356"><ele>17.5</ele></trkpt>
      <trkpt lat="53.816504" lon="12.295886"><ele>17.0</ele></trkpt>
      <trkpt lat="53.816355" lon="12.296159"><ele>18.0</ele></trkpt>
      <trkpt lat="53.815842" lon="12.297056"><ele>19.0</ele></trkpt>
      <trkpt lat="53.815621" lon="12.297402"><ele>19.0</ele></trkpt>
      <trkpt lat="53.815191" lon="12.298113"><ele>19.0</ele></trkpt>
      <trkpt lat="53.815055" lon="12.298319"><ele>19.8</ele></trkpt>
      <trkpt lat="53.814994" lon="12.298385"><ele>20.0</ele></trkpt>
      <trkpt lat="53.814934" lon="12.298401"><ele>20.0</ele></trkpt>
      <trkpt lat="53.814516" lon="12.298337"><ele>20.0</ele></trkpt>
      <trkpt lat="53.814118" lon="12.298245"><ele>21.8</ele></trkpt>
      <trkpt lat="53.814033" lon="12.298235"><ele>22.2</ele></trkpt>
      <trkpt lat="53.813706" lon="12.298096"><ele>23.5</ele></trkpt>
      <trkpt lat="53.813552" lon="12.298041"><ele>24.0</ele></trkpt>
      <trkpt lat="53.813178" lon="12.297985"><ele>23.2</ele></trkpt>
      <trkpt lat="53.812947" lon="12.297937"><ele>21.5</ele></trkpt>
      <trkpt lat="53.812688" lon="12.297867"><ele>20.2</ele></trkpt>
      <trkpt lat="53.811972" lon="12.297730"><ele>22.0</ele></trkpt>
      <trkpt lat="53.811500" lon="12.297679"><ele>20.5</ele></trkpt>
      <trkpt lat="53.811387" lon="12.297649"><ele>19.8</ele></trkpt>
      <trkpt lat="53.811219" lon="12.297582"><ele>19.2</ele></trkpt>
      <trkpt lat="53.810856" lon="12.297594"><ele>19.0</ele></trkpt>
      <trkpt lat="53.810520" lon="12.297565"><ele>19.2</ele></trkpt>
      <trkpt lat="53.810202" lon="12.297509"><ele>21.2</ele></trkpt>
      <trkpt lat="53.809880" lon="12.297482"><ele>21.5</ele></trkpt>
      <trkpt lat="53.809755" lon="12.297492"><ele>21.0</ele></trkpt>
      <trkpt lat="53.809622" lon="12.297470"><ele>20.8</ele></trkpt>
      <trkpt lat="53.809375" lon="12.297486"><ele>20.5</ele></trkpt>
      <trkpt lat="53.808747" lon="12.297449"><ele>19.8</ele></trkpt>
      <trkpt lat="53.808035" lon="12.297290"><ele>22.8</ele></trkpt>
      <trkpt lat="53.807096" lon="12.297352"><ele>22.2</ele></trkpt>
      <trkpt lat="53.806667" lon="12.297456"><ele>22.0</ele></trkpt>
      <trkpt lat="53.806000" lon="12.297487"><ele>18.8</ele></trkpt>
      <trkpt lat="53.805964" lon="12.296359"><ele>17.2</ele></trkpt>
      <trkpt lat="53.805858" lon="12.295574"><ele>17.0</ele></trkpt>
      <trkpt lat="53.805596" lon="12.294366"><ele>17.0</ele></trkpt>
      <trkpt lat="53.805287" lon="12.293677"><ele>16.8</ele></trkpt>
      <trkpt lat="53.805230" lon="12.293323"><ele>16.8</ele></trkpt>
      <trkpt lat="53.805308" lon="12.292690"><ele>15.8</ele></trkpt>
      <trkpt lat="53.805335" lon="12.292094"><ele>15.2</ele></trkpt>
      <trkpt lat="53.805313" lon="12.290716"><ele>15.0</ele></trkpt>
      <trkpt lat="53.805070" lon="12.289259"><ele>15.0</ele></trkpt>
      <trkpt lat="53.805075" lon="12.288664"><ele>15.0</ele></trkpt>
      <trkpt lat="53.805037" lon="12.288412"><ele>15.0</ele></trkpt>
      <trkpt lat="53.804749" lon="12.287148"><ele>17.0</ele></trkpt>
      <trkpt lat="53.804340" lon="12.284732"><ele>15.5</ele></trkpt>
      <trkpt lat="53.804121" lon="12.283670"><ele>13.8</ele></trkpt>
      <trkpt lat="53.804109" lon="12.283305"><ele>13.5</ele></trkpt>
      <trkpt lat="53.804084" lon="12.282956"><ele>13.2</ele></trkpt>
      <trkpt lat="53.803942" lon="12.282436"><ele>12.2</ele></trkpt>
      <trkpt lat="53.803745" lon="12.282050"><ele>12.0</ele></trkpt>
      <trkpt lat="53.803395" lon="12.281529"><ele>12.0</ele></trkpt>
      <trkpt lat="53.803255" lon="12.281169"><ele>12.0</ele></trkpt>
      <trkpt lat="53.803046" lon="12.281298"><ele>12.0</ele></trkpt>
      <trkpt lat="53.802854" lon="12.280797"><ele>12.0</ele></trkpt>
      <trkpt lat="53.801530" lon="12.277436"><ele>11.0</ele></trkpt>
      <trkpt lat="53.801052" lon="12.276219"><ele>12.0</ele></trkpt>
      <trkpt lat="53.800961" lon="12.275962"><ele>12.0</ele></trkpt>
      <trkpt lat="53.800858" lon="12.275676"><ele>12.0</ele></trkpt>
      <trkpt lat="53.800241" lon="12.274163"><ele>12.0</ele></trkpt>
      <trkpt lat="53.800133" lon="12.273799"><ele>12.0</ele></trkpt>
      <trkpt lat="53.800056" lon="12.273420"><ele>12.0</ele></trkpt>
      <trkpt lat="53.799898" lon="12.272277"><ele>12.0</ele></trkpt>
      <trkpt lat="53.799586" lon="12.271020"><ele>12.0</ele></trkpt>
      <trkpt lat="53.798598" lon="12.267651"><ele>12.0</ele></trkpt>
      <trkpt lat="53.798458" lon="12.266407"><ele>12.0</ele></trkpt>
      <trkpt lat="53.798476" lon="12.264611"><ele>11.5</ele></trkpt>
      <trkpt lat="53.798509" lon="12.263295"><ele>10.8</ele></trkpt>
      <trkpt lat="53.798522" lon="12.261879"><ele>10.0</ele></trkpt>
      <trkpt lat="53.798724" lon="12.261273"><ele>10.0</ele></trkpt>
      <trkpt lat="53.798813" lon="12.261029"><ele>10.0</ele></trkpt>
      <trkpt lat="53.799003" lon="12.260506"><ele>10.0</ele></trkpt>
      <trkpt lat="53.799662" lon="12.258896"><ele>11.0</ele></trkpt>
      <trkpt lat="53.800435" lon="12.257330"><ele>12.0</ele></trkpt>
      <trkpt lat="53.800631" lon="12.256906"><ele>12.0</ele></trkpt>
      <trkpt lat="53.800684" lon="12.256801"><ele>12.0</ele></trkpt>
      <trkpt lat="53.800890" lon="12.256523"><ele>12.0</ele></trkpt>
      <trkpt lat="53.801343" lon="12.256083"><ele>12.0</ele></trkpt>
      <trkpt lat="53.802275" lon="12.255282"><ele>11.8</ele></trkpt>
      <trkpt lat="53.801932" lon="12.252452"><ele>11.0</ele></trkpt>
      <trkpt lat="53.801751" lon="12.251130"><ele>12.0</ele></trkpt>
      <trkpt lat="53.801551" lon="12.249742"><ele>12.0</ele></trkpt>
      <trkpt lat="53.800993" lon="12.245624"><ele>11.0</ele></trkpt>
      <trkpt lat="53.800955" lon="12.245376"><ele>11.0</ele></trkpt>
      <trkpt lat="53.800842" lon="12.245415"><ele>11.0</ele></trkpt>
      <trkpt lat="53.800838" lon="12.245352"><ele>11.0</ele></trkpt>
      <trkpt lat="53.800796" lon="12.245241"><ele>11.0</ele></trkpt>
      <trkpt lat="53.800772" lon="12.245118"><ele>11.0</ele></trkpt>
      <trkpt lat="53.800774" lon="12.244925"><ele>10.5</ele></trkpt>
      <trkpt lat="53.800732" lon="12.244324"><ele>10.0</ele></trkpt>
      <trkpt lat="53.800616" lon="12.243494"><ele>11.0</ele></trkpt>
      <trkpt lat="53.800553" lon="12.243268"><ele>11.0</ele></trkpt>
      <trkpt lat="53.800514" lon="12.242994"><ele>11.0</ele></trkpt>
      <trkpt lat="53.800477" lon="12.242519"><ele>11.0</ele></trkpt>
      <trkpt lat="53.800371" lon="12.241721"><ele>11.0</ele></trkpt>
      <trkpt lat="53.799998" lon="12.239223"><ele>11.0</ele></trkpt>
      <trkpt lat="53.799720" lon="12.237218"><ele>10.8</ele></trkpt>
      <trkpt lat="53.799698" lon="12.236939"><ele>11.0</ele></trkpt>
      <trkpt lat="53.798528" lon="12.228686"><ele>11.5</ele></trkpt>
      <trkpt lat="53.798381" lon="12.227534"><ele>11.8</ele></trkpt>
      <trkpt lat="53.798368" lon="12.227482"><ele>12.0</ele></trkpt>
      <trkpt lat="53.798344" lon="12.227431"><ele>12.0</ele></trkpt>
      <trkpt lat="53.798290" lon="12.227399"><ele>12.0</ele></trkpt>
      <trkpt lat="53.798272" lon="12.227291"><ele>12.0</ele></trkpt>
      <trkpt lat="53.798315" lon="12.226929"><ele>12.0</ele></trkpt>
      <trkpt lat="53.798360" lon="12.226036"><ele>12.0</ele></trkpt>
      <trkpt lat="53.798384" lon="12.225551"><ele>12.0</ele></trkpt>
      <trkpt lat="53.798377" lon="12.225480"><ele>12.0</ele></trkpt>
      <trkpt lat="53.798378" lon="12.225256"><ele>12.0</ele></trkpt>
      <trkpt lat="53.798666" lon="12.222038"><ele>12.0</ele></trkpt>
      <trkpt lat="53.798737" lon="12.221242"><ele>12.0</ele></trkpt>
      <trkpt lat="53.798822" lon="12.220179"><ele>12.0</ele></trkpt>
      <trkpt lat="53.798913" lon="12.219267"><ele>12.0</ele></trkpt>
      <trkpt lat="53.799000" lon="12.218262"><ele>12.0</ele></trkpt>
      <trkpt lat="53.799174" lon="12.216299"><ele>12.0</ele></trkpt>
      <trkpt lat="53.799376" lon="12.214079"><ele>12.0</ele></trkpt>
      <trkpt lat="53.799754" lon="12.209865"><ele>12.2</ele></trkpt>
      <trkpt lat="53.800075" lon="12.206305"><ele>13.0</ele></trkpt>
      <trkpt lat="53.800302" lon="12.203605"><ele>13.0</ele></trkpt>
      <trkpt lat="53.800482" lon="12.201874"><ele>12.8</ele></trkpt>
      <trkpt lat="53.800475" lon="12.201807"><ele>12.5</ele></trkpt>
      <trkpt lat="53.800455" lon="12.201743"><ele>12.5</ele></trkpt>
      <trkpt lat="53.800429" lon="12.201702"><ele>12.5</ele></trkpt>
      <trkpt lat="53.799805" lon="12.201832"><ele>12.2</ele></trkpt>
      <trkpt lat="53.799215" lon="12.201908"><ele>12.0</ele></trkpt>
      <trkpt lat="53.798889" lon="12.201975"><ele>12.0</ele></trkpt>
      <trkpt lat="53.796837" lon="12.202385"><ele>10.0</ele></trkpt>
      <trkpt lat="53.796435" lon="12.202443"><ele>10.0</ele></trkpt>
      <trkpt lat="53.796375" lon="12.202454"><ele>9.8</ele></trkpt>
      <trkpt lat="53.796276" lon="12.202469"><ele>9.8</ele></trkpt>
      <trkpt lat="53.796231" lon="12.202481"><ele>9.8</ele></trkpt>
      <trkpt lat="53.796187" lon="12.202495"><ele>9.8</ele></trkpt>
      <trkpt lat="53.796134" lon="12.202526"><ele>9.8</ele></trkpt>
      <trkpt lat="53.796083" lon="12.202564"><ele>9.8</ele></trkpt>
      <trkpt lat="53.796044" lon="12.202613"><ele>9.8</ele></trkpt>
      <trkpt lat="53.796048" lon="12.202489"><ele>9.5</ele></trkpt>
      <trkpt lat="53.796082" lon="12.202466"><ele>9.8</ele></trkpt>
      <trkpt lat="53.796082" lon="12.202308"><ele>9.2</ele></trkpt>
      <trkpt lat="53.796132" lon="12.202068"><ele>9.0</ele></trkpt>
      <trkpt lat="53.796152" lon="12.201588"><ele>9.0</ele></trkpt>
      <trkpt lat="53.796214" lon="12.199378"><ele>8.0</ele></trkpt>
      <trkpt lat="53.796293" lon="12.197738"><ele>8.0</ele></trkpt>
      <trkpt lat="53.796325" lon="12.194648"><ele>6.8</ele></trkpt>
      <trkpt lat="53.796324" lon="12.192333"><ele>7.0</ele></trkpt>
      <trkpt lat="53.796137" lon="12.191947"><ele>7.0</ele></trkpt>
      <trkpt lat="53.796013" lon="12.191747"><ele>7.0</ele></trkpt>
      <trkpt lat="53.795833" lon="12.191476"><ele>7.0</ele></trkpt>
      <trkpt lat="53.795802" lon="12.191402"><ele>7.0</ele></trkpt>
      <trkpt lat="53.795744" lon="12.191242"><ele>7.0</ele></trkpt>
      <trkpt lat="53.795709" lon="12.191115"><ele>7.0</ele></trkpt>
      <trkpt lat="53.795671" lon="12.190969"><ele>7.0</ele></trkpt>
      <trkpt lat="53.795770" lon="12.190853"><ele>7.0</ele></trkpt>
      <trkpt lat="53.795850" lon="12.190690"><ele>7.0</ele></trkpt>
      <trkpt lat="53.795965" lon="12.190216"><ele>7.0</ele></trkpt>
      <trkpt lat="53.796034" lon="12.189626"><ele>7.0</ele></trkpt>
      <trkpt lat="53.796084" lon="12.188937"><ele>7.0</ele></trkpt>
      <trkpt lat="53.796146" lon="12.187944"><ele>6.8</ele></trkpt>
      <trkpt lat="53.796187" lon="12.187031"><ele>7.0</ele></trkpt>
      <trkpt lat="53.796204" lon="12.186046"><ele>6.8</ele></trkpt>
      <trkpt lat="53.796203" lon="12.185316"><ele>6.8</ele></trkpt>
      <trkpt lat="53.796168" lon="12.185070"><ele>7.0</ele></trkpt>
      <trkpt lat="53.796133" lon="12.184874"><ele>7.0</ele></trkpt>
      <trkpt lat="53.796108" lon="12.184465"><ele>7.0</ele></trkpt>
      <trkpt lat="53.796147" lon="12.184415"><ele>7.0</ele></trkpt>
      <trkpt lat="53.796179" lon="12.184349"><ele>7.0</ele></trkpt>
      <trkpt lat="53.796196" lon="12.184240"><ele>7.0</ele></trkpt>
      <trkpt lat="53.796226" lon="12.182532"><ele>7.0</ele></trkpt>
      <trkpt lat="53.796226" lon="12.182143"><ele>7.0</ele></trkpt>
      <trkpt lat="53.796211" lon="12.181785"><ele>7.0</ele></trkpt>
      <trkpt lat="53.796114" lon="12.181817"><ele>7.0</ele></trkpt>
      <trkpt lat="53.796068" lon="12.181829"><ele>7.0</ele></trkpt>
      <trkpt lat="53.795785" lon="12.181865"><ele>7.0</ele></trkpt>
      <trkpt lat="53.795628" lon="12.181886"><ele>7.0</ele></trkpt>
      <trkpt lat="53.795626" lon="12.181576"><ele>7.0</ele></trkpt>
      <trkpt lat="53.794687" lon="12.182266"><ele>7.0</ele></trkpt>
      <trkpt lat="53.794599" lon="12.181597"><ele>7.2</ele></trkpt>
      <trkpt lat="53.794588" lon="12.181523"><ele>7.5</ele></trkpt>
      <trkpt lat="53.794570" lon="12.181435"><ele>7.8</ele></trkpt>
      <trkpt lat="53.794380" lon="12.181468"><ele>7.8</ele></trkpt>
      <trkpt lat="53.794020" lon="12.181479"><ele>8.0</ele></trkpt>
      <trkpt lat="53.793886" lon="12.181502"><ele>8.0</ele></trkpt>
      <trkpt lat="53.793807" lon="12.181534"><ele>8.0</ele></trkpt>
      <trkpt lat="53.793757" lon="12.181566"><ele>8.0</ele></trkpt>
      <trkpt lat="53.793663" lon="12.181626"><ele>8.0</ele></trkpt>
      <trkpt lat="53.793593" lon="12.181690"><ele>8.0</ele></trkpt>
      <trkpt lat="53.793484" lon="12.181974"><ele>8.0</ele></trkpt>
      <trkpt lat="53.793431" lon="12.182066"><ele>7.8</ele></trkpt>
      <trkpt lat="53.793372" lon="12.182106"><ele>8.0</ele></trkpt>
      <trkpt lat="53.793148" lon="12.182104"><ele>8.0</ele></trkpt>
      <trkpt lat="53.792716" lon="12.182100"><ele>8.0</ele></trkpt>
      <trkpt lat="53.792703" lon="12.182092"><ele>8.0</ele></trkpt>
      <trkpt lat="53.792648" lon="12.182061"><ele>8.0</ele></trkpt>
      <trkpt lat="53.792498" lon="12.181865"><ele>8.0</ele></trkpt>
      <trkpt lat="53.792427" lon="12.181796"><ele>8.0</ele></trkpt>
      <trkpt lat="53.792330" lon="12.181726"><ele>8.0</ele></trkpt>
      <trkpt lat="53.792068" lon="12.181584"><ele>8.0</ele></trkpt>
      <trkpt lat="53.791891" lon="12.181368"><ele>7.8</ele></trkpt>
      <trkpt lat="53.791658" lon="12.181066"><ele>7.8</ele></trkpt>
      <trkpt lat="53.791254" lon="12.180097"><ele>7.8</ele></trkpt>
      <trkpt lat="53.791228" lon="12.180030"><ele>7.8</ele></trkpt>
      <trkpt lat="53.791191" lon="12.180019"><ele>7.8</ele></trkpt>
      <trkpt lat="53.791137" lon="12.179985"><ele>8.0</ele></trkpt>
      <trkpt lat="53.791075" lon="12.179806"><ele>8.0</ele></trkpt>
      <trkpt lat="53.791017" lon="12.179580"><ele>8.0</ele></trkpt>
      <trkpt lat="53.790962" lon="12.179327"><ele>7.8</ele></trkpt>
      <trkpt lat="53.790951" lon="12.179286"><ele>7.5</ele></trkpt>
      <trkpt lat="53.791093" lon="12.179198"><ele>7.8</ele></trkpt>
      <trkpt lat="53.791343" lon="12.179041"><ele>8.8</ele></trkpt>
      <trkpt lat="53.791417" lon="12.178986"><ele>9.0</ele></trkpt>
      <trkpt lat="53.791726" lon="12.178752"><ele>9.0</ele></trkpt>
      <trkpt lat="53.791890" lon="12.178515"><ele>9.8</ele></trkpt>
      <trkpt lat="53.792043" lon="12.178300"><ele>10.2</ele></trkpt>
      <trkpt lat="53.792409" lon="12.177836"><ele>11.0</ele></trkpt>
      <trkpt lat="53.792153" lon="12.177144"><ele>11.2</ele></trkpt>
      <trkpt lat="53.792081" lon="12.176886"><ele>12.0</ele></trkpt>
      <trkpt lat="53.792059" lon="12.176752"><ele>12.0</ele></trkpt>
      <trkpt lat="53.791789" lon="12.176739"><ele>12.0</ele></trkpt>
      <trkpt lat="53.791788" lon="12.176739"><ele>12.0</ele></trkpt>
      <trkpt lat="53.791524" lon="12.176706"><ele>12.2</ele></trkpt>
      <trkpt lat="53.791431" lon="12.176662"><ele>12.8</ele></trkpt>
      <trkpt lat="53.791360" lon="12.176577"><ele>13.0</ele></trkpt>
      <trkpt lat="53.791280" lon="12.176351"><ele>13.0</ele></trkpt>
      <trkpt lat="53.791209" lon="12.175557"><ele>13.5</ele></trkpt>
      <trkpt lat="53.791180" lon="12.175437"><ele>13.2</ele></trkpt>
      <trkpt lat="53.791141" lon="12.175356"><ele>13.2</ele></trkpt>
      <trkpt lat="53.791077" lon="12.175556"><ele>14.0</ele></trkpt>
      <trkpt lat="53.791001" lon="12.175796"><ele>14.0</ele></trkpt>
      <trkpt lat="53.790714" lon="12.176045"><ele>13.5</ele></trkpt>
      <trkpt lat="53.790578" lon="12.176163"><ele>12.8</ele></trkpt>
      <trkpt lat="53.790530" lon="12.176206"><ele>12.2</ele></trkpt>
      <trkpt lat="53.790066" lon="12.176627"><ele>7.8</ele></trkpt>
      <trkpt lat="53.789735" lon="12.176927"><ele>7.0</ele></trkpt>
      <trkpt lat="53.789633" lon="12.177028"><ele>7.0</ele></trkpt>
      <trkpt lat="53.788975" lon="12.177676"><ele>7.0</ele></trkpt>
      <trkpt lat="53.788828" lon="12.177830"><ele>7.0</ele></trkpt>
      <trkpt lat="53.789815" lon="12.180184"><ele>7.5</ele></trkpt>
      <trkpt lat="53.789757" lon="12.180240"><ele>7.8</ele></trkpt>
      <trkpt lat="53.789480" lon="12.180532"><ele>8.8</ele></trkpt>
      <trkpt lat="53.789265" lon="12.180758"><ele>9.5</ele></trkpt>
      <trkpt lat="53.788731" lon="12.181313"><ele>10.0</ele></trkpt>
      <trkpt lat="53.788646" lon="12.181406"><ele>10.0</ele></trkpt>
      <trkpt lat="53.788291" lon="12.181790"><ele>11.0</ele></trkpt>
      <trkpt lat="53.788072" lon="12.182042"><ele>11.8</ele></trkpt>
      <trkpt lat="53.787569" lon="12.182752"><ele>12.8</ele></trkpt>
      <trkpt lat="53.787523" lon="12.182817"><ele>12.8</ele></trkpt>
      <trkpt lat="53.787460" lon="12.182909"><ele>13.0</ele></trkpt>
      <trkpt lat="53.787401" lon="12.182997"><ele>13.0</ele></trkpt>
      <trkpt lat="53.787279" lon="12.183177"><ele>13.0</ele></trkpt>
      <trkpt lat="53.787003" lon="12.183586"><ele>13.8</ele></trkpt>
      <trkpt lat="53.787033" lon="12.183663"><ele>13.5</ele></trkpt>
      <trkpt lat="53.787531" lon="12.184647"><ele>13.0</ele></trkpt>
      <trkpt lat="53.787970" lon="12.185515"><ele>12.0</ele></trkpt>
      <trkpt lat="53.787996" lon="12.185567"><ele>12.0</ele></trkpt>
      <trkpt lat="53.788098" lon="12.185766"><ele>12.0</ele></trkpt>
      <trkpt lat="53.788159" lon="12.185888"><ele>11.8</ele></trkpt>
      <trkpt lat="53.787479" lon="12.186980"><ele>12.0</ele></trkpt>
      <trkpt lat="53.786864" lon="12.187682"><ele>12.0</ele></trkpt>
      <trkpt lat="53.786588" lon="12.187741"><ele>12.0</ele></trkpt>
      <trkpt lat="53.786458" lon="12.187740"><ele>12.0</ele></trkpt>
      <trkpt lat="53.786164" lon="12.187693"><ele>12.0</ele></trkpt>
      <trkpt lat="53.785712" lon="12.187618"><ele>12.0</ele></trkpt>
      <trkpt lat="53.785096" lon="12.187631"><ele>12.5</ele></trkpt>
      <trkpt lat="53.785018" lon="12.187623"><ele>12.5</ele></trkpt>
      <trkpt lat="53.784914" lon="12.187598"><ele>12.5</ele></trkpt>
      <trkpt lat="53.784624" lon="12.187482"><ele>13.0</ele></trkpt>
      <trkpt lat="53.784561" lon="12.187458"><ele>13.0</ele></trkpt>
      <trkpt lat="53.784505" lon="12.187435"><ele>13.0</ele></trkpt>
      <trkpt lat="53.784439" lon="12.187500"><ele>12.8</ele></trkpt>
      <trkpt lat="53.784406" lon="12.187602"><ele>12.2</ele></trkpt>
      <trkpt lat="53.784372" lon="12.188004"><ele>11.5</ele></trkpt>
      <trkpt lat="53.784386" lon="12.188235"><ele>11.8</ele></trkpt>
      <trkpt lat="53.784407" lon="12.188322"><ele>11.8</ele></trkpt>
      <trkpt lat="53.784423" lon="12.188387"><ele>11.5</ele></trkpt>
      <trkpt lat="53.784501" lon="12.190953"><ele>11.5</ele></trkpt>
      <trkpt lat="53.784521" lon="12.191599"><ele>11.2</ele></trkpt>
      <trkpt lat="53.784529" lon="12.191875"><ele>11.2</ele></trkpt>
      <trkpt lat="53.784549" lon="12.192524"><ele>11.0</ele></trkpt>
      <trkpt lat="53.784574" lon="12.193367"><ele>11.0</ele></trkpt>
      <trkpt lat="53.784575" lon="12.193391"><ele>11.0</ele></trkpt>
      <trkpt lat="53.784597" lon="12.194112"><ele>11.8</ele></trkpt>
      <trkpt lat="53.784610" lon="12.194537"><ele>12.0</ele></trkpt>
      <trkpt lat="53.784663" lon="12.196285"><ele>14.0</ele></trkpt>
      <trkpt lat="53.784683" lon="12.196942"><ele>15.0</ele></trkpt>
      <trkpt lat="53.784693" lon="12.197258"><ele>15.0</ele></trkpt>
      <trkpt lat="53.784728" lon="12.198408"><ele>17.0</ele></trkpt>
      <trkpt lat="53.784747" lon="12.199045"><ele>18.0</ele></trkpt>
      <trkpt lat="53.784782" lon="12.200205"><ele>19.0</ele></trkpt>
      <trkpt lat="53.784885" lon="12.203580"><ele>20.5</ele></trkpt>
      <trkpt lat="53.784957" lon="12.205950"><ele>18.8</ele></trkpt>
      <trkpt lat="53.785073" lon="12.209789"><ele>16.0</ele></trkpt>
      <trkpt lat="53.785127" lon="12.210656"><ele>15.8</ele></trkpt>
      <trkpt lat="53.785296" lon="12.211872"><ele>15.0</ele></trkpt>
      <trkpt lat="53.785367" lon="12.212205"><ele>14.2</ele></trkpt>
      <trkpt lat="53.785445" lon="12.212534"><ele>14.5</ele></trkpt>
      <trkpt lat="53.785513" lon="12.212819"><ele>14.8</ele></trkpt>
      <trkpt lat="53.785305" lon="12.212919"><ele>14.0</ele></trkpt>
      <trkpt lat="53.785183" lon="12.212980"><ele>14.0</ele></trkpt>
      <trkpt lat="53.785030" lon="12.213003"><ele>14.0</ele></trkpt>
      <trkpt lat="53.784587" lon="12.212760"><ele>13.2</ele></trkpt>
      <trkpt lat="53.784388" lon="12.213589"><ele>14.0</ele></trkpt>
      <trkpt lat="53.783823" lon="12.213328"><ele>13.0</ele></trkpt>
      <trkpt lat="53.783667" lon="12.213292"><ele>13.5</ele></trkpt>
      <trkpt lat="53.783502" lon="12.213282"><ele>13.8</ele></trkpt>
      <trkpt lat="53.783212" lon="12.213301"><ele>13.8</ele></trkpt>
      <trkpt lat="53.782559" lon="12.213375"><ele>13.5</ele></trkpt>
      <trkpt lat="53.782524" lon="12.213439"><ele>14.0</ele></trkpt>
      <trkpt lat="53.782448" lon="12.213471"><ele>14.2</ele></trkpt>
      <trkpt lat="53.782350" lon="12.213494"><ele>14.2</ele></trkpt>
      <trkpt lat="53.781911" lon="12.213533"><ele>14.2</ele></trkpt>
      <trkpt lat="53.781779" lon="12.213599"><ele>14.8</ele></trkpt>
      <trkpt lat="53.781612" lon="12.213580"><ele>14.8</ele></trkpt>
      <trkpt lat="53.781340" lon="12.213432"><ele>14.0</ele></trkpt>
      <trkpt lat="53.780783" lon="12.213316"><ele>12.8</ele></trkpt>
      <trkpt lat="53.780663" lon="12.213018"><ele>12.0</ele></trkpt>
      <trkpt lat="53.780577" lon="12.213152"><ele>12.2</ele></trkpt>
      <trkpt lat="53.780130" lon="12.213208"><ele>12.5</ele></trkpt>
      <trkpt lat="53.779916" lon="12.213194"><ele>12.5</ele></trkpt>
      <trkpt lat="53.779254" lon="12.212776"><ele>12.5</ele></trkpt>
      <trkpt lat="53.779159" lon="12.212594"><ele>12.2</ele></trkpt>
      <trkpt lat="53.778801" lon="12.211524"><ele>11.8</ele></trkpt>
      <trkpt lat="53.778734" lon="12.211405"><ele>11.5</ele></trkpt>
      <trkpt lat="53.778450" lon="12.211321"><ele>12.2</ele></trkpt>
      <trkpt lat="53.778391" lon="12.211258"><ele>12.2</ele></trkpt>
      <trkpt lat="53.778362" lon="12.211178"><ele>12.0</ele></trkpt>
      <trkpt lat="53.778281" lon="12.211114"><ele>12.0</ele></trkpt>
      <trkpt lat="53.778101" lon="12.211021"><ele>11.5</ele></trkpt>
      <trkpt lat="53.777636" lon="12.210997"><ele>11.5</ele></trkpt>
      <trkpt lat="53.777392" lon="12.210933"><ele>11.2</ele></trkpt>
      <trkpt lat="53.777289" lon="12.210896"><ele>11.0</ele></trkpt>
      <trkpt lat="53.777174" lon="12.210888"><ele>11.2</ele></trkpt>
      <trkpt lat="53.777019" lon="12.210913"><ele>11.8</ele></trkpt>
      <trkpt lat="53.776943" lon="12.210913"><ele>12.0</ele></trkpt>
      <trkpt lat="53.776788" lon="12.210863"><ele>12.0</ele></trkpt>
      <trkpt lat="53.776410" lon="12.210592"><ele>11.8</ele></trkpt>
      <trkpt lat="53.776324" lon="12.210564"><ele>12.0</ele></trkpt>
      <trkpt lat="53.776301" lon="12.210578"><ele>12.0</ele></trkpt>
      <trkpt lat="53.776262" lon="12.210625"><ele>12.0</ele></trkpt>
      <trkpt lat="53.776172" lon="12.210551"><ele>11.8</ele></trkpt>
      <trkpt lat="53.775302" lon="12.210281"><ele>12.0</ele></trkpt>
      <trkpt lat="53.774269" lon="12.209602"><ele>12.2</ele></trkpt>
      <trkpt lat="53.773920" lon="12.209448"><ele>12.8</ele></trkpt>
      <trkpt lat="53.773370" lon="12.209657"><ele>13.8</ele></trkpt>
      <trkpt lat="53.772764" lon="12.210116"><ele>15.2</ele></trkpt>
      <trkpt lat="53.772944" lon="12.211318"><ele>18.5</ele></trkpt>
      <trkpt lat="53.772772" lon="12.211368"><ele>18.8</ele></trkpt>
      <trkpt lat="53.772307" lon="12.211604"><ele>21.8</ele></trkpt>
      <trkpt lat="53.772088" lon="12.211778"><ele>22.5</ele></trkpt>
      <trkpt lat="53.770748" lon="12.213112"><ele>18.5</ele></trkpt>
      <trkpt lat="53.770137" lon="12.213729"><ele>17.0</ele></trkpt>
      <trkpt lat="53.769905" lon="12.213901"><ele>16.5</ele></trkpt>
      <trkpt lat="53.769644" lon="12.214021"><ele>16.2</ele></trkpt>
      <trkpt lat="53.769251" lon="12.214157"><ele>16.8</ele></trkpt>
      <trkpt lat="53.769228" lon="12.213925"><ele>16.8</ele></trkpt>
      <trkpt lat="53.769221" lon="12.213617"><ele>15.8</ele></trkpt>
      <trkpt lat="53.769192" lon="12.213394"><ele>14.2</ele></trkpt>
      <trkpt lat="53.769164" lon="12.213327"><ele>14.0</ele></trkpt>
      <trkpt lat="53.769085" lon="12.213271"><ele>14.5</ele></trkpt>
      <trkpt lat="53.768921" lon="12.213197"><ele>15.8</ele></trkpt>
      <trkpt lat="53.768887" lon="12.213161"><ele>16.0</ele></trkpt>
      <trkpt lat="53.768860" lon="12.213066"><ele>16.0</ele></trkpt>
      <trkpt lat="53.768831" lon="12.212323"><ele>14.5</ele></trkpt>
      <trkpt lat="53.768812" lon="12.212154"><ele>14.2</ele></trkpt>
      <trkpt lat="53.768782" lon="12.212013"><ele>14.2</ele></trkpt>
      <trkpt lat="53.768724" lon="12.211937"><ele>14.5</ele></trkpt>
      <trkpt lat="53.768650" lon="12.211915"><ele>14.8</ele></trkpt>
      <trkpt lat="53.768380" lon="12.211893"><ele>15.5</ele></trkpt>
      <trkpt lat="53.768229" lon="12.211917"><ele>16.2</ele></trkpt>
      <trkpt lat="53.767774" lon="12.212173"><ele>17.8</ele></trkpt>
      <trkpt lat="53.767418" lon="12.212292"><ele>16.2</ele></trkpt>
      <trkpt lat="53.767375" lon="12.212293"><ele>16.0</ele></trkpt>
      <trkpt lat="53.767323" lon="12.212259"><ele>15.8</ele></trkpt>
      <trkpt lat="53.767236" lon="12.212287"><ele>15.2</ele></trkpt>
      <trkpt lat="53.766804" lon="12.212509"><ele>15.5</ele></trkpt>
      <trkpt lat="53.766289" lon="12.212788"><ele>15.5</ele></trkpt>
      <trkpt lat="53.766180" lon="12.212873"><ele>15.2</ele></trkpt>
      <trkpt lat="53.766122" lon="12.212930"><ele>15.0</ele></trkpt>
      <trkpt lat="53.766041" lon="12.212966"><ele>15.0</ele></trkpt>
      <trkpt lat="53.765922" lon="12.212982"><ele>15.5</ele></trkpt>
      <trkpt lat="53.765773" lon="12.212975"><ele>15.8</ele></trkpt>
      <trkpt lat="53.765434" lon="12.213016"><ele>16.0</ele></trkpt>
      <trkpt lat="53.765132" lon="12.213087"><ele>16.0</ele></trkpt>
      <trkpt lat="53.764982" lon="12.213104"><ele>15.8</ele></trkpt>
      <trkpt lat="53.764411" lon="12.213293"><ele>14.0</ele></trkpt>
      <trkpt lat="53.763822" lon="12.213622"><ele>14.2</ele></trkpt>
      <trkpt lat="53.763773" lon="12.213620"><ele>14.2</ele></trkpt>
      <trkpt lat="53.763742" lon="12.213614"><ele>14.5</ele></trkpt>
      <trkpt lat="53.763682" lon="12.213582"><ele>14.8</ele></trkpt>
      <trkpt lat="53.763641" lon="12.213547"><ele>14.8</ele></trkpt>
      <trkpt lat="53.763419" lon="12.213258"><ele>15.0</ele></trkpt>
      <trkpt lat="53.763346" lon="12.213268"><ele>15.0</ele></trkpt>
      <trkpt lat="53.763297" lon="12.213093"><ele>15.0</ele></trkpt>
      <trkpt lat="53.763267" lon="12.213127"><ele>15.0</ele></trkpt>
      <trkpt lat="53.763212" lon="12.213160"><ele>15.0</ele></trkpt>
      <trkpt lat="53.763195" lon="12.213171"><ele>15.0</ele></trkpt>
      <trkpt lat="53.763067" lon="12.213173"><ele>15.0</ele></trkpt>
      <trkpt lat="53.762467" lon="12.213644"><ele>16.0</ele></trkpt>
      <trkpt lat="53.762667" lon="12.214392"><ele>16.0</ele></trkpt>
      <trkpt lat="53.762861" lon="12.215119"><ele>16.2</ele></trkpt>
      <trkpt lat="53.762967" lon="12.215514"><ele>16.8</ele></trkpt>
      <trkpt lat="53.762979" lon="12.215594"><ele>17.0</ele></trkpt>
      <trkpt lat="53.762996" lon="12.215697"><ele>17.0</ele></trkpt>
      <trkpt lat="53.763160" lon="12.216299"><ele>17.5</ele></trkpt>
      <trkpt lat="53.763171" lon="12.216340"><ele>17.8</ele></trkpt>
      <trkpt lat="53.763196" lon="12.216433"><ele>18.0</ele></trkpt>
      <trkpt lat="53.762057" lon="12.216773"><ele>18.0</ele></trkpt>
      <trkpt lat="53.761297" lon="12.217041"><ele>17.2</ele></trkpt>
      <trkpt lat="53.761228" lon="12.217086"><ele>17.5</ele></trkpt>
      <trkpt lat="53.761190" lon="12.217126"><ele>17.5</ele></trkpt>
      <trkpt lat="53.761164" lon="12.217141"><ele>17.8</ele></trkpt>
      <trkpt lat="53.761142" lon="12.217112"><ele>17.8</ele></trkpt>
      <trkpt lat="53.761122" lon="12.217103"><ele>17.8</ele></trkpt>
      <trkpt lat="53.761083" lon="12.217119"><ele>18.0</ele></trkpt>
      <trkpt lat="53.761068" lon="12.217142"><ele>18.2</ele></trkpt>
      <trkpt lat="53.761036" lon="12.217101"><ele>18.5</ele></trkpt>
      <trkpt lat="53.760943" lon="12.216998"><ele>19.0</ele></trkpt>
      <trkpt lat="53.760764" lon="12.216846"><ele>19.8</ele></trkpt>
      <trkpt lat="53.760585" lon="12.216732"><ele>20.8</ele></trkpt>
      <trkpt lat="53.760433" lon="12.216643"><ele>21.2</ele></trkpt>
      <trkpt lat="53.760029" lon="12.216508"><ele>22.2</ele></trkpt>
      <trkpt lat="53.759720" lon="12.216495"><ele>22.8</ele></trkpt>
      <trkpt lat="53.759098" lon="12.216564"><ele>23.5</ele></trkpt>
      <trkpt lat="53.758512" lon="12.216697"><ele>25.0</ele></trkpt>
      <trkpt lat="53.758188" lon="12.216795"><ele>28.0</ele></trkpt>
      <trkpt lat="53.757900" lon="12.216922"><ele>30.2</ele></trkpt>
      <trkpt lat="53.757512" lon="12.217148"><ele>32.2</ele></trkpt>
      <trkpt lat="53.757035" lon="12.217491"><ele>33.2</ele></trkpt>
      <trkpt lat="53.756032" lon="12.218184"><ele>37.2</ele></trkpt>
      <trkpt lat="53.755345" lon="12.218740"><ele>35.2</ele></trkpt>
      <trkpt lat="53.753743" lon="12.219936"><ele>30.8</ele></trkpt>
      <trkpt lat="53.751653" lon="12.221529"><ele>32.8</ele></trkpt>
      <trkpt lat="53.750777" lon="12.222263"><ele>26.5</ele></trkpt>
      <trkpt lat="53.749388" lon="12.223304"><ele>25.0</ele></trkpt>
      <trkpt lat="53.748898" lon="12.223636"><ele>25.0</ele></trkpt>
      <trkpt lat="53.746928" lon="12.224850"><ele>26.5</ele></trkpt>
      <trkpt lat="53.746316" lon="12.225111"><ele>24.2</ele></trkpt>
      <trkpt lat="53.745828" lon="12.225182"><ele>23.2</ele></trkpt>
      <trkpt lat="53.745357" lon="12.225138"><ele>22.8</ele></trkpt>
      <trkpt lat="53.744882" lon="12.224857"><ele>23.0</ele></trkpt>
      <trkpt lat="53.744404" lon="12.223918"><ele>24.8</ele></trkpt>
      <trkpt lat="53.743653" lon="12.222854"><ele>27.8</ele></trkpt>
      <trkpt lat="53.742675" lon="12.222012"><ele>27.0</ele></trkpt>
      <trkpt lat="53.741328" lon="12.220656"><ele>25.0</ele></trkpt>
      <trkpt lat="53.740354" lon="12.220049"><ele>28.5</ele></trkpt>
      <trkpt lat="53.739766" lon="12.219905"><ele>29.5</ele></trkpt>
      <trkpt lat="53.739423" lon="12.219962"><ele>29.2</ele></trkpt>
      <trkpt lat="53.738853" lon="12.220092"><ele>29.8</ele></trkpt>
      <trkpt lat="53.737978" lon="12.219938"><ele>32.0</ele></trkpt>
      <trkpt lat="53.736687" lon="12.219000"><ele>32.5</ele></trkpt>
      <trkpt lat="53.735411" lon="12.217977"><ele>33.5</ele></trkpt>
      <trkpt lat="53.734796" lon="12.217466"><ele>32.2</ele></trkpt>
      <trkpt lat="53.733635" lon="12.216397"><ele>31.0</ele></trkpt>
      <trkpt lat="53.733373" lon="12.215997"><ele>31.2</ele></trkpt>
      <trkpt lat="53.733208" lon="12.215583"><ele>30.5</ele></trkpt>
      <trkpt lat="53.732873" lon="12.214454"><ele>26.5</ele></trkpt>
      <trkpt lat="53.732525" lon="12.213364"><ele>23.0</ele></trkpt>
      <trkpt lat="53.731883" lon="12.212156"><ele>20.0</ele></trkpt>
      <trkpt lat="53.731251" lon="12.211112"><ele>23.8</ele></trkpt>
      <trkpt lat="53.730987" lon="12.210519"><ele>25.0</ele></trkpt>
      <trkpt lat="53.730475" lon="12.209691"><ele>26.5</ele></trkpt>
      <trkpt lat="53.729828" lon="12.208335"><ele>30.2</ele></trkpt>
      <trkpt lat="53.729269" lon="12.207656"><ele>25.2</ele></trkpt>
      <trkpt lat="53.728747" lon="12.207142"><ele>21.8</ele></trkpt>
      <trkpt lat="53.728298" lon="12.206933"><ele>20.0</ele></trkpt>
      <trkpt lat="53.727151" lon="12.206879"><ele>20.2</ele></trkpt>
      <trkpt lat="53.726044" lon="12.206546"><ele>22.2</ele></trkpt>
      <trkpt lat="53.725274" lon="12.206089"><ele>24.0</ele></trkpt>
      <trkpt lat="53.724886" lon="12.205918"><ele>26.5</ele></trkpt>
      <trkpt lat="53.724027" lon="12.205752"><ele>29.2</ele></trkpt>
      <trkpt lat="53.723829" lon="12.205684"><ele>29.8</ele></trkpt>
      <trkpt lat="53.723064" lon="12.205010"><ele>35.8</ele></trkpt>
      <trkpt lat="53.722440" lon="12.204223"><ele>38.8</ele></trkpt>
      <trkpt lat="53.722195" lon="12.203925"><ele>38.5</ele></trkpt>
      <trkpt lat="53.721969" lon="12.203597"><ele>39.2</ele></trkpt>
      <trkpt lat="53.721105" lon="12.203224"><ele>34.0</ele></trkpt>
      <trkpt lat="53.720669" lon="12.203109"><ele>31.2</ele></trkpt>
      <trkpt lat="53.720178" lon="12.203078"><ele>30.5</ele></trkpt>
      <trkpt lat="53.719922" lon="12.202957"><ele>30.8</ele></trkpt>
      <trkpt lat="53.719728" lon="12.202654"><ele>30.8</ele></trkpt>
      <trkpt lat="53.719681" lon="12.201962"><ele>30.5</ele></trkpt>
      <trkpt lat="53.719581" lon="12.201444"><ele>27.2</ele></trkpt>
      <trkpt lat="53.719242" lon="12.200482"><ele>25.5</ele></trkpt>
      <trkpt lat="53.718846" lon="12.199435"><ele>23.8</ele></trkpt>
      <trkpt lat="53.718480" lon="12.198817"><ele>23.8</ele></trkpt>
      <trkpt lat="53.717891" lon="12.198491"><ele>23.0</ele></trkpt>
      <trkpt lat="53.717448" lon="12.198472"><ele>22.8</ele></trkpt>
      <trkpt lat="53.716835" lon="12.198538"><ele>22.2</ele></trkpt>
      <trkpt lat="53.716377" lon="12.198753"><ele>22.5</ele></trkpt>
      <trkpt lat="53.716069" lon="12.198727"><ele>22.8</ele></trkpt>
      <trkpt lat="53.715801" lon="12.198503"><ele>22.5</ele></trkpt>
      <trkpt lat="53.715654" lon="12.198259"><ele>22.5</ele></trkpt>
      <trkpt lat="53.715462" lon="12.198097"><ele>22.5</ele></trkpt>
      <trkpt lat="53.715300" lon="12.198061"><ele>22.8</ele></trkpt>
      <trkpt lat="53.714945" lon="12.198061"><ele>24.0</ele></trkpt>
      <trkpt lat="53.714503" lon="12.198233"><ele>25.0</ele></trkpt>
      <trkpt lat="53.713588" lon="12.198765"><ele>23.2</ele></trkpt>
      <trkpt lat="53.713045" lon="12.198800"><ele>22.0</ele></trkpt>
      <trkpt lat="53.712713" lon="12.198919"><ele>23.5</ele></trkpt>
      <trkpt lat="53.712500" lon="12.199227"><ele>26.0</ele></trkpt>
      <trkpt lat="53.712352" lon="12.199513"><ele>28.0</ele></trkpt>
      <trkpt lat="53.712205" lon="12.200002"><ele>30.0</ele></trkpt>
      <trkpt lat="53.712095" lon="12.200302"><ele>31.5</ele></trkpt>
      <trkpt lat="53.711859" lon="12.200828"><ele>34.5</ele></trkpt>
      <trkpt lat="53.711701" lon="12.200662"><ele>35.5</ele></trkpt>
      <trkpt lat="53.710882" lon="12.200062"><ele>41.5</ele></trkpt>
      <trkpt lat="53.710765" lon="12.200156"><ele>43.0</ele></trkpt>
      <trkpt lat="53.710204" lon="12.200008"><ele>47.0</ele></trkpt>
      <trkpt lat="53.710019" lon="12.199934"><ele>48.8</ele></trkpt>
      <trkpt lat="53.709550" lon="12.199717"><ele>53.5</ele></trkpt>
      <trkpt lat="53.709221" lon="12.199583"><ele>53.2</ele></trkpt>
      <trkpt lat="53.708983" lon="12.199527"><ele>53.0</ele></trkpt>
      <trkpt lat="53.708774" lon="12.199607"><ele>55.2</ele></trkpt>
      <trkpt lat="53.708631" lon="12.199759"><ele>57.2</ele></trkpt>
      <trkpt lat="53.708456" lon="12.199976"><ele>59.8</ele></trkpt>
      <trkpt lat="53.708347" lon="12.200305"><ele>61.0</ele></trkpt>
      <trkpt lat="53.708307" lon="12.200504"><ele>60.8</ele></trkpt>
      <trkpt lat="53.708245" lon="12.200640"><ele>61.0</ele></trkpt>
      <trkpt lat="53.708149" lon="12.200727"><ele>61.0</ele></trkpt>
      <trkpt lat="53.708039" lon="12.200751"><ele>60.8</ele></trkpt>
      <trkpt lat="53.707166" lon="12.200512"><ele>59.0</ele></trkpt>
      <trkpt lat="53.702263" lon="12.198779"><ele>63.8</ele></trkpt>
      <trkpt lat="53.699968" lon="12.198007"><ele>56.8</ele></trkpt>
      <trkpt lat="53.697934" lon="12.197297"><ele>56.8</ele></trkpt>
      <trkpt lat="53.694501" lon="12.196025"><ele>73.2</ele></trkpt>
      <trkpt lat="53.691880" lon="12.194871"><ele>71.2</ele></trkpt>
      <trkpt lat="53.690077" lon="12.193902"><ele>64.8</ele></trkpt>
      <trkpt lat="53.689922" lon="12.193891"><ele>65.2</ele></trkpt>
      <trkpt lat="53.689433" lon="12.193816"><ele>67.0</ele></trkpt>
      <trkpt lat="53.687819" lon="12.193676"><ele>69.2</ele></trkpt>
      <trkpt lat="53.684166" lon="12.193322"><ele>72.0</ele></trkpt>
      <trkpt lat="53.681783" lon="12.193073"><ele>65.5</ele></trkpt>
      <trkpt lat="53.680838" lon="12.193041"><ele>65.8</ele></trkpt>
      <trkpt lat="53.680723" lon="12.193153"><ele>66.5</ele></trkpt>
      <trkpt lat="53.680385" lon="12.193514"><ele>69.2</ele></trkpt>
      <trkpt lat="53.680109" lon="12.193775"><ele>70.5</ele></trkpt>
      <trkpt lat="53.679540" lon="12.193258"><ele>68.5</ele></trkpt>
      <trkpt lat="53.678802" lon="12.192614"><ele>67.2</ele></trkpt>
      <trkpt lat="53.677392" lon="12.191906"><ele>66.5</ele></trkpt>
      <trkpt lat="53.676667" lon="12.191863"><ele>64.5</ele></trkpt>
      <trkpt lat="53.676083" lon="12.191606"><ele>62.8</ele></trkpt>
      <trkpt lat="53.675002" lon="12.191069"><ele>62.5</ele></trkpt>
      <trkpt lat="53.674303" lon="12.190940"><ele>64.8</ele></trkpt>
      <trkpt lat="53.672977" lon="12.190548"><ele>65.5</ele></trkpt>
      <trkpt lat="53.672887" lon="12.190782"><ele>67.0</ele></trkpt>
      <trkpt lat="53.672037" lon="12.193383"><ele>73.8</ele></trkpt>
      <trkpt lat="53.671197" lon="12.194923"><ele>72.5</ele></trkpt>
      <trkpt lat="53.669845" lon="12.196891"><ele>74.5</ele></trkpt>
      <trkpt lat="53.669615" lon="12.197316"><ele>74.5</ele></trkpt>
      <trkpt lat="53.669006" lon="12.198542"><ele>71.0</ele></trkpt>
      <trkpt lat="53.668253" lon="12.199965"><ele>66.8</ele></trkpt>
      <trkpt lat="53.667390" lon="12.201197"><ele>66.8</ele></trkpt>
      <trkpt lat="53.666585" lon="12.201977"><ele>64.8</ele></trkpt>
      <trkpt lat="53.666278" lon="12.202564"><ele>68.2</ele></trkpt>
      <trkpt lat="53.665931" lon="12.204186"><ele>70.2</ele></trkpt>
      <trkpt lat="53.665561" lon="12.205163"><ele>68.2</ele></trkpt>
      <trkpt lat="53.665295" lon="12.205641"><ele>69.8</ele></trkpt>
      <trkpt lat="53.664865" lon="12.206088"><ele>71.8</ele></trkpt>
      <trkpt lat="53.664582" lon="12.206339"><ele>72.0</ele></trkpt>
      <trkpt lat="53.664449" lon="12.206749"><ele>72.0</ele></trkpt>
      <trkpt lat="53.664369" lon="12.207264"><ele>72.0</ele></trkpt>
      <trkpt lat="53.664322" lon="12.207830"><ele>72.0</ele></trkpt>
      <trkpt lat="53.664217" lon="12.208166"><ele>72.0</ele></trkpt>
      <trkpt lat="53.663103" lon="12.210229"><ele>71.0</ele></trkpt>
      <trkpt lat="53.662510" lon="12.211268"><ele>69.0</ele></trkpt>
      <trkpt lat="53.662174" lon="12.211616"><ele>68.0</ele></trkpt>
      <trkpt lat="53.661553" lon="12.212275"><ele>66.2</ele></trkpt>
      <trkpt lat="53.659369" lon="12.214710"><ele>66.5</ele></trkpt>
      <trkpt lat="53.658233" lon="12.215993"><ele>63.2</ele></trkpt>
      <trkpt lat="53.657362" lon="12.216986"><ele>59.8</ele></trkpt>
      <trkpt lat="53.656303" lon="12.218070"><ele>57.0</ele></trkpt>
      <trkpt lat="53.654463" lon="12.220071"><ele>60.2</ele></trkpt>
      <trkpt lat="53.653577" lon="12.221062"><ele>63.5</ele></trkpt>
      <trkpt lat="53.651724" lon="12.223295"><ele>63.0</ele></trkpt>
      <trkpt lat="53.651210" lon="12.224108"><ele>62.0</ele></trkpt>
      <trkpt lat="53.650464" lon="12.225455"><ele>62.2</ele></trkpt>
      <trkpt lat="53.650081" lon="12.226138"><ele>63.2</ele></trkpt>
      <trkpt lat="53.649392" lon="12.227259"><ele>62.0</ele></trkpt>
      <trkpt lat="53.647405" lon="12.230491"><ele>56.5</ele></trkpt>
      <trkpt lat="53.647166" lon="12.230907"><ele>56.8</ele></trkpt>
      <trkpt lat="53.647067" lon="12.231166"><ele>56.5</ele></trkpt>
      <trkpt lat="53.647342" lon="12.231504"><ele>56.0</ele></trkpt>
      <trkpt lat="53.647509" lon="12.231811"><ele>55.8</ele></trkpt>
      <trkpt lat="53.647639" lon="12.232307"><ele>55.2</ele></trkpt>
      <trkpt lat="53.647733" lon="12.233128"><ele>55.8</ele></trkpt>
      <trkpt lat="53.647766" lon="12.234075"><ele>55.8</ele></trkpt>
      <trkpt lat="53.647845" lon="12.235532"><ele>57.0</ele></trkpt>
      <trkpt lat="53.647851" lon="12.236307"><ele>57.8</ele></trkpt>
      <trkpt lat="53.647852" lon="12.236445"><ele>58.0</ele></trkpt>
      <trkpt lat="53.647840" lon="12.236888"><ele>58.5</ele></trkpt>
      <trkpt lat="53.647864" lon="12.237470"><ele>59.5</ele></trkpt>
      <trkpt lat="53.647935" lon="12.238083"><ele>61.0</ele></trkpt>
      <trkpt lat="53.648038" lon="12.238523"><ele>61.0</ele></trkpt>
      <trkpt lat="53.648116" lon="12.238856"><ele>61.8</ele></trkpt>
      <trkpt lat="53.648193" lon="12.239249"><ele>63.0</ele></trkpt>
      <trkpt lat="53.648331" lon="12.239961"><ele>65.8</ele></trkpt>
      <trkpt lat="53.648391" lon="12.240720"><ele>68.0</ele></trkpt>
      <trkpt lat="53.648388" lon="12.242547"><ele>72.5</ele></trkpt>
      <trkpt lat="53.648367" lon="12.243218"><ele>73.8</ele></trkpt>
      <trkpt lat="53.648337" lon="12.243838"><ele>74.8</ele></trkpt>
      <trkpt lat="53.648328" lon="12.244412"><ele>75.0</ele></trkpt>
      <trkpt lat="53.648354" lon="12.244834"><ele>75.8</ele></trkpt>
      <trkpt lat="53.648370" lon="12.245107"><ele>75.2</ele></trkpt>
      <trkpt lat="53.648434" lon="12.245822"><ele>74.5</ele></trkpt>
      <trkpt lat="53.648593" lon="12.246512"><ele>74.2</ele></trkpt>
      <trkpt lat="53.648855" lon="12.247245"><ele>74.5</ele></trkpt>
      <trkpt lat="53.649247" lon="12.248007"><ele>74.8</ele></trkpt>
      <trkpt lat="53.649903" lon="12.249293"><ele>70.0</ele></trkpt>
      <trkpt lat="53.650228" lon="12.249967"><ele>70.0</ele></trkpt>
      <trkpt lat="53.650372" lon="12.250441"><ele>68.5</ele></trkpt>
      <trkpt lat="53.650397" lon="12.250540"><ele>68.5</ele></trkpt>
      <trkpt lat="53.650451" lon="12.250848"><ele>68.5</ele></trkpt>
      <trkpt lat="53.650467" lon="12.251362"><ele>67.0</ele></trkpt>
      <trkpt lat="53.650429" lon="12.252120"><ele>63.2</ele></trkpt>
      <trkpt lat="53.650226" lon="12.254498"><ele>58.0</ele></trkpt>
      <trkpt lat="53.650173" lon="12.255103"><ele>56.8</ele></trkpt>
      <trkpt lat="53.650162" lon="12.255228"><ele>56.5</ele></trkpt>
      <trkpt lat="53.650142" lon="12.255632"><ele>56.2</ele></trkpt>
      <trkpt lat="53.650143" lon="12.256047"><ele>55.5</ele></trkpt>
      <trkpt lat="53.650162" lon="12.256332"><ele>55.5</ele></trkpt>
      <trkpt lat="53.650204" lon="12.256690"><ele>55.2</ele></trkpt>
      <trkpt lat="53.650261" lon="12.257033"><ele>54.8</ele></trkpt>
      <trkpt lat="53.650394" lon="12.257650"><ele>54.0</ele></trkpt>
      <trkpt lat="53.650547" lon="12.258281"><ele>54.8</ele></trkpt>
      <trkpt lat="53.650676" lon="12.258800"><ele>55.8</ele></trkpt>
      <trkpt lat="53.650985" lon="12.260110"><ele>59.0</ele></trkpt>
      <trkpt lat="53.651197" lon="12.261197"><ele>60.2</ele></trkpt>
      <trkpt lat="53.651245" lon="12.261398"><ele>59.8</ele></trkpt>
      <trkpt lat="53.651467" lon="12.262032"><ele>59.2</ele></trkpt>
      <trkpt lat="53.651551" lon="12.262278"><ele>58.8</ele></trkpt>
      <trkpt lat="53.651761" lon="12.262877"><ele>57.0</ele></trkpt>
      <trkpt lat="53.651786" lon="12.262933"><ele>56.5</ele></trkpt>
      <trkpt lat="53.651829" lon="12.263031"><ele>56.0</ele></trkpt>
      <trkpt lat="53.651903" lon="12.263125"><ele>55.5</ele></trkpt>
      <trkpt lat="53.652093" lon="12.263332"><ele>55.0</ele></trkpt>
      <trkpt lat="53.652311" lon="12.263535"><ele>53.2</ele></trkpt>
      <trkpt lat="53.652471" lon="12.263638"><ele>52.8</ele></trkpt>
      <trkpt lat="53.652654" lon="12.263732"><ele>52.2</ele></trkpt>
      <trkpt lat="53.652780" lon="12.263796"><ele>52.0</ele></trkpt>
      <trkpt lat="53.652815" lon="12.263818"><ele>52.0</ele></trkpt>
      <trkpt lat="53.653350" lon="12.264142"><ele>53.0</ele></trkpt>
      <trkpt lat="53.653442" lon="12.264197"><ele>53.2</ele></trkpt>
      <trkpt lat="53.654700" lon="12.264959"><ele>54.0</ele></trkpt>
      <trkpt lat="53.654616" lon="12.265273"><ele>53.5</ele></trkpt>
      <trkpt lat="53.654435" lon="12.265842"><ele>52.8</ele></trkpt>
      <trkpt lat="53.654223" lon="12.266448"><ele>51.8</ele></trkpt>
      <trkpt lat="53.654210" lon="12.266483"><ele>51.8</ele></trkpt>
      <trkpt lat="53.654027" lon="12.267009"><ele>51.5</ele></trkpt>
      <trkpt lat="53.653935" lon="12.267345"><ele>51.8</ele></trkpt>
      <trkpt lat="53.653836" lon="12.267773"><ele>51.5</ele></trkpt>
      <trkpt lat="53.653819" lon="12.267847"><ele>51.2</ele></trkpt>
      <trkpt lat="53.653767" lon="12.267831"><ele>51.0</ele></trkpt>
      <trkpt lat="53.653684" lon="12.267805"><ele>50.5</ele></trkpt>
      <trkpt lat="53.653318" lon="12.267711"><ele>50.0</ele></trkpt>
      <trkpt lat="53.653206" lon="12.267670"><ele>50.0</ele></trkpt>
      <trkpt lat="53.653135" lon="12.267697"><ele>50.0</ele></trkpt>
      <trkpt lat="53.652764" lon="12.267601"><ele>50.0</ele></trkpt>
      <trkpt lat="53.652686" lon="12.267550"><ele>50.0</ele></trkpt>
      <trkpt lat="53.652465" lon="12.267325"><ele>50.0</ele></trkpt>
      <trkpt lat="53.652426" lon="12.267322"><ele>50.0</ele></trkpt>
      <trkpt lat="53.652405" lon="12.267653"><ele>50.0</ele></trkpt>
      <trkpt lat="53.652398" lon="12.267754"><ele>50.0</ele></trkpt>
      <trkpt lat="53.652397" lon="12.267778"><ele>50.0</ele></trkpt>
      <trkpt lat="53.652390" lon="12.267881"><ele>50.0</ele></trkpt>
      <trkpt lat="53.652389" lon="12.267962"><ele>50.0</ele></trkpt>
      <trkpt lat="53.652401" lon="12.268292"><ele>50.0</ele></trkpt>
      <trkpt lat="53.652350" lon="12.268390"><ele>50.0</ele></trkpt>
      <trkpt lat="53.652364" lon="12.268497"><ele>50.0</ele></trkpt>
      <trkpt lat="53.652427" lon="12.268516"><ele>50.0</ele></trkpt>
      <trkpt lat="53.652456" lon="12.268936"><ele>51.0</ele></trkpt>
      <trkpt lat="53.652471" lon="12.269060"><ele>51.0</ele></trkpt>
      <trkpt lat="53.652488" lon="12.269196"><ele>51.0</ele></trkpt>
      <trkpt lat="53.652524" lon="12.269459"><ele>50.8</ele></trkpt>
      <trkpt lat="53.652641" lon="12.269413"><ele>51.0</ele></trkpt>
      <trkpt lat="53.652698" lon="12.269823"><ele>50.0</ele></trkpt>
      <trkpt lat="53.652772" lon="12.270352"><ele>50.0</ele></trkpt>
      <trkpt lat="53.653040" lon="12.270153"><ele>50.0</ele></trkpt>
      <trkpt lat="53.653718" lon="12.269653"><ele>50.0</ele></trkpt>
      <trkpt lat="53.653742" lon="12.268994"><ele>51.0</ele></trkpt>
      <trkpt lat="53.653767" lon="12.268445"><ele>51.0</ele></trkpt>
      <trkpt lat="53.653779" lon="12.268175"><ele>51.0</ele></trkpt>
      <trkpt lat="53.653781" lon="12.268138"><ele>51.0</ele></trkpt>
      <trkpt lat="53.653793" lon="12.268001"><ele>51.0</ele></trkpt>
      <trkpt lat="53.653819" lon="12.267847"><ele>51.2</ele></trkpt>
      <trkpt lat="53.653836" lon="12.267773"><ele>51.5</ele></trkpt>
      <trkpt lat="53.653935" lon="12.267345"><ele>51.8</ele></trkpt>
      <trkpt lat="53.654027" lon="12.267009"><ele>51.5</ele></trkpt>
      <trkpt lat="53.654210" lon="12.266483"><ele>51.8</ele></trkpt>
      <trkpt lat="53.654223" lon="12.266448"><ele>51.8</ele></trkpt>
      <trkpt lat="53.654435" lon="12.265842"><ele>52.8</ele></trkpt>
      <trkpt lat="53.654616" lon="12.265273"><ele>53.5</ele></trkpt>
      <trkpt lat="53.654700" lon="12.264959"><ele>54.0</ele></trkpt>
      <trkpt lat="53.653442" lon="12.264197"><ele>53.2</ele></trkpt>
      <trkpt lat="53.653350" lon="12.264142"><ele>53.0</ele></trkpt>
      <trkpt lat="53.652815" lon="12.263818"><ele>52.0</ele></trkpt>
      <trkpt lat="53.652780" lon="12.263796"><ele>52.0</ele></trkpt>
      <trkpt lat="53.652654" lon="12.263732"><ele>52.2</ele></trkpt>
      <trkpt lat="53.652471" lon="12.263638"><ele>52.8</ele></trkpt>
      <trkpt lat="53.652311" lon="12.263535"><ele>53.2</ele></trkpt>
      <trkpt lat="53.652093" lon="12.263332"><ele>55.0</ele></trkpt>
      <trkpt lat="53.651903" lon="12.263125"><ele>55.5</ele></trkpt>
      <trkpt lat="53.651829" lon="12.263031"><ele>56.0</ele></trkpt>
      <trkpt lat="53.651786" lon="12.262933"><ele>56.5</ele></trkpt>
      <trkpt lat="53.651761" lon="12.262877"><ele>57.0</ele></trkpt>
      <trkpt lat="53.651551" lon="12.262278"><ele>58.8</ele></trkpt>
      <trkpt lat="53.651467" lon="12.262032"><ele>59.2</ele></trkpt>
      <trkpt lat="53.651245" lon="12.261398"><ele>59.8</ele></trkpt>
      <trkpt lat="53.651197" lon="12.261197"><ele>60.2</ele></trkpt>
      <trkpt lat="53.650985" lon="12.260110"><ele>59.0</ele></trkpt>
      <trkpt lat="53.650676" lon="12.258800"><ele>55.8</ele></trkpt>
      <trkpt lat="53.650547" lon="12.258281"><ele>54.8</ele></trkpt>
      <trkpt lat="53.650394" lon="12.257650"><ele>54.0</ele></trkpt>
      <trkpt lat="53.650261" lon="12.257033"><ele>54.8</ele></trkpt>
      <trkpt lat="53.650204" lon="12.256690"><ele>55.2</ele></trkpt>
      <trkpt lat="53.650162" lon="12.256332"><ele>55.5</ele></trkpt>
      <trkpt lat="53.650143" lon="12.256047"><ele>55.5</ele></trkpt>
      <trkpt lat="53.650142" lon="12.255632"><ele>56.2</ele></trkpt>
      <trkpt lat="53.650162" lon="12.255228"><ele>56.5</ele></trkpt>
      <trkpt lat="53.650173" lon="12.255103"><ele>56.8</ele></trkpt>
      <trkpt lat="53.650226" lon="12.254498"><ele>58.0</ele></trkpt>
      <trkpt lat="53.650429" lon="12.252120"><ele>63.2</ele></trkpt>
      <trkpt lat="53.650467" lon="12.251362"><ele>67.0</ele></trkpt>
      <trkpt lat="53.650451" lon="12.250848"><ele>68.5</ele></trkpt>
      <trkpt lat="53.650397" lon="12.250540"><ele>68.5</ele></trkpt>
      <trkpt lat="53.650372" lon="12.250441"><ele>68.5</ele></trkpt>
      <trkpt lat="53.650228" lon="12.249967"><ele>70.0</ele></trkpt>
      <trkpt lat="53.649903" lon="12.249293"><ele>70.0</ele></trkpt>
      <trkpt lat="53.649247" lon="12.248007"><ele>74.8</ele></trkpt>
      <trkpt lat="53.648855" lon="12.247245"><ele>74.5</ele></trkpt>
      <trkpt lat="53.648593" lon="12.246512"><ele>74.2</ele></trkpt>
      <trkpt lat="53.648434" lon="12.245822"><ele>74.5</ele></trkpt>
      <trkpt lat="53.648370" lon="12.245107"><ele>75.2</ele></trkpt>
      <trkpt lat="53.648354" lon="12.244834"><ele>75.8</ele></trkpt>
      <trkpt lat="53.648328" lon="12.244412"><ele>75.0</ele></trkpt>
      <trkpt lat="53.648337" lon="12.243838"><ele>74.8</ele></trkpt>
      <trkpt lat="53.648367" lon="12.243218"><ele>73.8</ele></trkpt>
      <trkpt lat="53.648388" lon="12.242547"><ele>72.5</ele></trkpt>
      <trkpt lat="53.648391" lon="12.240720"><ele>68.0</ele></trkpt>
      <trkpt lat="53.648331" lon="12.239961"><ele>65.8</ele></trkpt>
      <trkpt lat="53.648193" lon="12.239249"><ele>63.0</ele></trkpt>
      <trkpt lat="53.648116" lon="12.238856"><ele>61.8</ele></trkpt>
      <trkpt lat="53.648038" lon="12.238523"><ele>61.0</ele></trkpt>
      <trkpt lat="53.647935" lon="12.238083"><ele>61.0</ele></trkpt>
      <trkpt lat="53.647864" lon="12.237470"><ele>59.5</ele></trkpt>
      <trkpt lat="53.647840" lon="12.236888"><ele>58.5</ele></trkpt>
      <trkpt lat="53.647852" lon="12.236445"><ele>58.0</ele></trkpt>
      <trkpt lat="53.647851" lon="12.236307"><ele>57.8</ele></trkpt>
      <trkpt lat="53.647845" lon="12.235532"><ele>57.0</ele></trkpt>
      <trkpt lat="53.647766" lon="12.234075"><ele>55.8</ele></trkpt>
      <trkpt lat="53.647733" lon="12.233128"><ele>55.8</ele></trkpt>
      <trkpt lat="53.647639" lon="12.232307"><ele>55.2</ele></trkpt>
      <trkpt lat="53.647509" lon="12.231811"><ele>55.8</ele></trkpt>
      <trkpt lat="53.647342" lon="12.231504"><ele>56.0</ele></trkpt>
      <trkpt lat="53.647067" lon="12.231166"><ele>56.5</ele></trkpt>
      <trkpt lat="53.646629" lon="12.230636"><ele>59.0</ele></trkpt>
      <trkpt lat="53.646051" lon="12.229956"><ele>60.8</ele></trkpt>
      <trkpt lat="53.645359" lon="12.229369"><ele>58.8</ele></trkpt>
      <trkpt lat="53.644839" lon="12.229068"><ele>58.0</ele></trkpt>
      <trkpt lat="53.644134" lon="12.228699"><ele>57.0</ele></trkpt>
      <trkpt lat="53.643853" lon="12.228570"><ele>56.0</ele></trkpt>
      <trkpt lat="53.643687" lon="12.228388"><ele>56.0</ele></trkpt>
      <trkpt lat="53.643669" lon="12.228355"><ele>56.0</ele></trkpt>
      <trkpt lat="53.643560" lon="12.228157"><ele>56.2</ele></trkpt>
      <trkpt lat="53.643401" lon="12.227782"><ele>56.8</ele></trkpt>
      <trkpt lat="53.643265" lon="12.227331"><ele>58.8</ele></trkpt>
      <trkpt lat="53.643169" lon="12.227016"><ele>60.2</ele></trkpt>
      <trkpt lat="53.642030" lon="12.227240"><ele>59.5</ele></trkpt>
      <trkpt lat="53.640424" lon="12.227212"><ele>52.0</ele></trkpt>
      <trkpt lat="53.639182" lon="12.226999"><ele>55.8</ele></trkpt>
      <trkpt lat="53.636677" lon="12.226663"><ele>66.0</ele></trkpt>
      <trkpt lat="53.633607" lon="12.226245"><ele>65.0</ele></trkpt>
      <trkpt lat="53.632226" lon="12.225869"><ele>66.0</ele></trkpt>
      <trkpt lat="53.629271" lon="12.225183"><ele>62.0</ele></trkpt>
      <trkpt lat="53.626512" lon="12.224542"><ele>50.8</ele></trkpt>
      <trkpt lat="53.626326" lon="12.224338"><ele>51.2</ele></trkpt>
      <trkpt lat="53.626186" lon="12.224208"><ele>52.2</ele></trkpt>
      <trkpt lat="53.626049" lon="12.224138"><ele>53.0</ele></trkpt>
      <trkpt lat="53.625908" lon="12.224123"><ele>53.0</ele></trkpt>
      <trkpt lat="53.625711" lon="12.224178"><ele>52.2</ele></trkpt>
      <trkpt lat="53.625303" lon="12.224416"><ele>52.0</ele></trkpt>
      <trkpt lat="53.624454" lon="12.224824"><ele>51.5</ele></trkpt>
      <trkpt lat="53.623781" lon="12.225162"><ele>51.0</ele></trkpt>
      <trkpt lat="53.623744" lon="12.225753"><ele>50.0</ele></trkpt>
      <trkpt lat="53.623667" lon="12.226564"><ele>50.0</ele></trkpt>
      <trkpt lat="53.623429" lon="12.227121"><ele>50.0</ele></trkpt>
      <trkpt lat="53.623347" lon="12.227328"><ele>50.0</ele></trkpt>
      <trkpt lat="53.623278" lon="12.227583"><ele>50.0</ele></trkpt>
      <trkpt lat="53.623169" lon="12.227940"><ele>50.0</ele></trkpt>
      <trkpt lat="53.623034" lon="12.228240"><ele>50.0</ele></trkpt>
      <trkpt lat="53.622934" lon="12.228495"><ele>50.5</ele></trkpt>
      <trkpt lat="53.622645" lon="12.228964"><ele>51.2</ele></trkpt>
      <trkpt lat="53.622044" lon="12.229911"><ele>53.5</ele></trkpt>
      <trkpt lat="53.620398" lon="12.232579"><ele>56.2</ele></trkpt>
      <trkpt lat="53.619841" lon="12.233613"><ele>52.0</ele></trkpt>
      <trkpt lat="53.619637" lon="12.234163"><ele>53.2</ele></trkpt>
      <trkpt lat="53.619144" lon="12.235493"><ele>60.0</ele></trkpt>
      <trkpt lat="53.618597" lon="12.237673"><ele>62.0</ele></trkpt>
      <trkpt lat="53.617905" lon="12.240550"><ele>60.2</ele></trkpt>
      <trkpt lat="53.617242" lon="12.243230"><ele>57.0</ele></trkpt>
      <trkpt lat="53.616507" lon="12.242703"><ele>58.8</ele></trkpt>
      <trkpt lat="53.616232" lon="12.242541"><ele>59.5</ele></trkpt>
      <trkpt lat="53.614885" lon="12.241560"><ele>59.0</ele></trkpt>
      <trkpt lat="53.614613" lon="12.241343"><ele>59.2</ele></trkpt>
      <trkpt lat="53.613254" lon="12.240258"><ele>58.8</ele></trkpt>
      <trkpt lat="53.612418" lon="12.239608"><ele>58.0</ele></trkpt>
      <trkpt lat="53.611827" lon="12.239243"><ele>57.0</ele></trkpt>
      <trkpt lat="53.610624" lon="12.238739"><ele>55.0</ele></trkpt>
      <trkpt lat="53.609487" lon="12.238359"><ele>55.0</ele></trkpt>
      <trkpt lat="53.608643" lon="12.238121"><ele>55.0</ele></trkpt>
      <trkpt lat="53.608089" lon="12.237966"><ele>53.2</ele></trkpt>
      <trkpt lat="53.607951" lon="12.237846"><ele>53.2</ele></trkpt>
      <trkpt lat="53.607645" lon="12.237264"><ele>52.8</ele></trkpt>
      <trkpt lat="53.607393" lon="12.236824"><ele>53.0</ele></trkpt>
      <trkpt lat="53.606024" lon="12.234128"><ele>55.5</ele></trkpt>
      <trkpt lat="53.605224" lon="12.232635"><ele>56.5</ele></trkpt>
      <trkpt lat="53.604971" lon="12.232330"><ele>55.2</ele></trkpt>
      <trkpt lat="53.604337" lon="12.231741"><ele>54.2</ele></trkpt>
      <trkpt lat="53.603519" lon="12.231080"><ele>57.0</ele></trkpt>
      <trkpt lat="53.602962" lon="12.230585"><ele>58.2</ele></trkpt>
      <trkpt lat="53.601249" lon="12.229094"><ele>61.5</ele></trkpt>
      <trkpt lat="53.601068" lon="12.228911"><ele>61.0</ele></trkpt>
      <trkpt lat="53.600710" lon="12.228725"><ele>61.2</ele></trkpt>
      <trkpt lat="53.600401" lon="12.228641"><ele>61.0</ele></trkpt>
      <trkpt lat="53.598071" lon="12.228528"><ele>57.0</ele></trkpt>
      <trkpt lat="53.597345" lon="12.228504"><ele>60.0</ele></trkpt>
      <trkpt lat="53.597275" lon="12.228478"><ele>60.5</ele></trkpt>
      <trkpt lat="53.597230" lon="12.228433"><ele>60.8</ele></trkpt>
      <trkpt lat="53.597198" lon="12.228383"><ele>61.0</ele></trkpt>
      <trkpt lat="53.596099" lon="12.226543"><ele>58.8</ele></trkpt>
      <trkpt lat="53.595825" lon="12.226852"><ele>58.0</ele></trkpt>
      <trkpt lat="53.594246" lon="12.228721"><ele>61.0</ele></trkpt>
      <trkpt lat="53.594043" lon="12.228973"><ele>61.0</ele></trkpt>
      <trkpt lat="53.593098" lon="12.229998"><ele>59.0</ele></trkpt>
      <trkpt lat="53.593046" lon="12.230064"><ele>58.8</ele></trkpt>
      <trkpt lat="53.591928" lon="12.231465"><ele>57.0</ele></trkpt>
      <trkpt lat="53.589741" lon="12.233886"><ele>58.0</ele></trkpt>
      <trkpt lat="53.589315" lon="12.234357"><ele>59.0</ele></trkpt>
      <trkpt lat="53.587185" lon="12.236890"><ele>62.8</ele></trkpt>
      <trkpt lat="53.586082" lon="12.238128"><ele>62.0</ele></trkpt>
      <trkpt lat="53.585053" lon="12.239316"><ele>65.0</ele></trkpt>
      <trkpt lat="53.583970" lon="12.240561"><ele>67.0</ele></trkpt>
      <trkpt lat="53.583195" lon="12.241452"><ele>67.0</ele></trkpt>
      <trkpt lat="53.581300" lon="12.243629"><ele>67.0</ele></trkpt>
      <trkpt lat="53.579818" lon="12.245362"><ele>67.5</ele></trkpt>
      <trkpt lat="53.578166" lon="12.247292"><ele>69.0</ele></trkpt>
      <trkpt lat="53.574092" lon="12.245913"><ele>61.0</ele></trkpt>
      <trkpt lat="53.573642" lon="12.245814"><ele>60.0</ele></trkpt>
      <trkpt lat="53.573294" lon="12.245757"><ele>58.8</ele></trkpt>
      <trkpt lat="53.572895" lon="12.245563"><ele>57.2</ele></trkpt>
      <trkpt lat="53.572517" lon="12.245542"><ele>53.0</ele></trkpt>
      <trkpt lat="53.572147" lon="12.245522"><ele>50.5</ele></trkpt>
      <trkpt lat="53.571089" lon="12.245280"><ele>51.0</ele></trkpt>
      <trkpt lat="53.570394" lon="12.245277"><ele>52.0</ele></trkpt>
      <trkpt lat="53.570331" lon="12.245476"><ele>52.0</ele></trkpt>
      <trkpt lat="53.570260" lon="12.245518"><ele>52.0</ele></trkpt>
      <trkpt lat="53.570192" lon="12.245532"><ele>52.0</ele></trkpt>
      <trkpt lat="53.570134" lon="12.245495"><ele>52.0</ele></trkpt>
      <trkpt lat="53.569807" lon="12.245347"><ele>52.0</ele></trkpt>
      <trkpt lat="53.569588" lon="12.245192"><ele>52.0</ele></trkpt>
      <trkpt lat="53.569393" lon="12.245136"><ele>52.0</ele></trkpt>
      <trkpt lat="53.569011" lon="12.245117"><ele>52.0</ele></trkpt>
      <trkpt lat="53.568796" lon="12.245093"><ele>52.0</ele></trkpt>
      <trkpt lat="53.567592" lon="12.244865"><ele>50.0</ele></trkpt>
      <trkpt lat="53.567262" lon="12.244693"><ele>49.0</ele></trkpt>
      <trkpt lat="53.567107" lon="12.244559"><ele>49.2</ele></trkpt>
      <trkpt lat="53.566967" lon="12.244447"><ele>49.8</ele></trkpt>
      <trkpt lat="53.566491" lon="12.244197"><ele>50.0</ele></trkpt>
      <trkpt lat="53.565618" lon="12.242087"><ele>53.0</ele></trkpt>
      <trkpt lat="53.565242" lon="12.241180"><ele>53.0</ele></trkpt>
      <trkpt lat="53.564143" lon="12.238385"><ele>52.0</ele></trkpt>
      <trkpt lat="53.563679" lon="12.237290"><ele>52.0</ele></trkpt>
      <trkpt lat="53.563439" lon="12.236724"><ele>52.0</ele></trkpt>
      <trkpt lat="53.560432" lon="12.230227"><ele>55.0</ele></trkpt>
      <trkpt lat="53.560198" lon="12.229681"><ele>56.0</ele></trkpt>
      <trkpt lat="53.560038" lon="12.229209"><ele>56.0</ele></trkpt>
      <trkpt lat="53.559575" lon="12.228986"><ele>55.2</ele></trkpt>
      <trkpt lat="53.558734" lon="12.228554"><ele>55.0</ele></trkpt>
      <trkpt lat="53.557299" lon="12.227858"><ele>54.2</ele></trkpt>
      <trkpt lat="53.556112" lon="12.227245"><ele>53.0</ele></trkpt>
      <trkpt lat="53.555915" lon="12.227156"><ele>53.0</ele></trkpt>
      <trkpt lat="53.555811" lon="12.227173"><ele>53.0</ele></trkpt>
      <trkpt lat="53.555665" lon="12.227268"><ele>53.0</ele></trkpt>
      <trkpt lat="53.555510" lon="12.227732"><ele>53.0</ele></trkpt>
      <trkpt lat="53.555419" lon="12.227716"><ele>53.0</ele></trkpt>
      <trkpt lat="53.554968" lon="12.227488"><ele>53.0</ele></trkpt>
      <trkpt lat="53.554453" lon="12.227263"><ele>53.0</ele></trkpt>
      <trkpt lat="53.552391" lon="12.226287"><ele>53.0</ele></trkpt>
      <trkpt lat="53.552106" lon="12.226282"><ele>53.0</ele></trkpt>
      <trkpt lat="53.551257" lon="12.226496"><ele>53.0</ele></trkpt>
      <trkpt lat="53.550440" lon="12.226674"><ele>54.0</ele></trkpt>
      <trkpt lat="53.550109" lon="12.226639"><ele>54.5</ele></trkpt>
      <trkpt lat="53.549766" lon="12.226352"><ele>55.0</ele></trkpt>
      <trkpt lat="53.549294" lon="12.225836"><ele>55.8</ele></trkpt>
      <trkpt lat="53.549154" lon="12.225639"><ele>56.0</ele></trkpt>
      <trkpt lat="53.549315" lon="12.224843"><ele>56.0</ele></trkpt>
      <trkpt lat="53.549260" lon="12.224686"><ele>56.0</ele></trkpt>
      <trkpt lat="53.549232" lon="12.224693"><ele>56.0</ele></trkpt>
      <trkpt lat="53.549047" lon="12.224692"><ele>56.0</ele></trkpt>
      <trkpt lat="53.548704" lon="12.224650"><ele>56.5</ele></trkpt>
      <trkpt lat="53.548471" lon="12.224608"><ele>57.0</ele></trkpt>
      <trkpt lat="53.548065" lon="12.224488"><ele>57.0</ele></trkpt>
      <trkpt lat="53.547421" lon="12.224566"><ele>57.0</ele></trkpt>
      <trkpt lat="53.547392" lon="12.225734"><ele>57.5</ele></trkpt>
      <trkpt lat="53.547503" lon="12.229950"><ele>52.0</ele></trkpt>
      <trkpt lat="53.547483" lon="12.230237"><ele>52.0</ele></trkpt>
      <trkpt lat="53.547421" lon="12.230535"><ele>52.0</ele></trkpt>
      <trkpt lat="53.547411" lon="12.230685"><ele>52.0</ele></trkpt>
      <trkpt lat="53.547414" lon="12.231043"><ele>52.0</ele></trkpt>
      <trkpt lat="53.547455" lon="12.231259"><ele>52.0</ele></trkpt>
      <trkpt lat="53.547464" lon="12.231495"><ele>52.0</ele></trkpt>
      <trkpt lat="53.547375" lon="12.232589"><ele>52.5</ele></trkpt>
      <trkpt lat="53.547044" lon="12.233941"><ele>53.5</ele></trkpt>
      <trkpt lat="53.546699" lon="12.234885"><ele>54.8</ele></trkpt>
      <trkpt lat="53.546472" lon="12.235731"><ele>55.0</ele></trkpt>
      <trkpt lat="53.546017" lon="12.236397"><ele>56.0</ele></trkpt>
      <trkpt lat="53.544526" lon="12.238515"><ele>63.2</ele></trkpt>
      <trkpt lat="53.543030" lon="12.240593"><ele>74.0</ele></trkpt>
      <trkpt lat="53.542482" lon="12.241537"><ele>75.0</ele></trkpt>
      <trkpt lat="53.542010" lon="12.242750"><ele>73.0</ele></trkpt>
      <trkpt lat="53.541057" lon="12.245410"><ele>66.8</ele></trkpt>
      <trkpt lat="53.540856" lon="12.246043"><ele>66.8</ele></trkpt>
      <trkpt lat="53.540792" lon="12.246279"><ele>67.0</ele></trkpt>
      <trkpt lat="53.540601" lon="12.247181"><ele>67.0</ele></trkpt>
      <trkpt lat="53.540299" lon="12.249749"><ele>68.8</ele></trkpt>
      <trkpt lat="53.540219" lon="12.250315"><ele>69.0</ele></trkpt>
      <trkpt lat="53.540126" lon="12.250858"><ele>68.2</ele></trkpt>
      <trkpt lat="53.539933" lon="12.251637"><ele>67.2</ele></trkpt>
      <trkpt lat="53.539756" lon="12.252238"><ele>67.0</ele></trkpt>
      <trkpt lat="53.539546" lon="12.252819"><ele>67.5</ele></trkpt>
      <trkpt lat="53.539445" lon="12.253072"><ele>67.8</ele></trkpt>
      <trkpt lat="53.538922" lon="12.254277"><ele>69.0</ele></trkpt>
      <trkpt lat="53.537919" lon="12.256470"><ele>70.0</ele></trkpt>
      <trkpt lat="53.537731" lon="12.256935"><ele>70.0</ele></trkpt>
      <trkpt lat="53.537432" lon="12.257609"><ele>70.0</ele></trkpt>
      <trkpt lat="53.537675" lon="12.258523"><ele>70.0</ele></trkpt>
      <trkpt lat="53.537725" lon="12.258825"><ele>70.0</ele></trkpt>
      <trkpt lat="53.537737" lon="12.258927"><ele>70.0</ele></trkpt>
      <trkpt lat="53.537830" lon="12.259808"><ele>70.2</ele></trkpt>
      <trkpt lat="53.537926" lon="12.260708"><ele>71.0</ele></trkpt>
      <trkpt lat="53.537962" lon="12.260983"><ele>71.0</ele></trkpt>
      <trkpt lat="53.538009" lon="12.261215"><ele>71.2</ele></trkpt>
      <trkpt lat="53.538050" lon="12.261360"><ele>71.8</ele></trkpt>
      <trkpt lat="53.538259" lon="12.261923"><ele>71.8</ele></trkpt>
      <trkpt lat="53.538298" lon="12.262027"><ele>72.0</ele></trkpt>
      <trkpt lat="53.538514" lon="12.262597"><ele>72.0</ele></trkpt>
      <trkpt lat="53.538687" lon="12.263055"><ele>73.2</ele></trkpt>
      <trkpt lat="53.538776" lon="12.262964"><ele>73.2</ele></trkpt>
      <trkpt lat="53.538885" lon="12.262852"><ele>73.8</ele></trkpt>
      <trkpt lat="53.538911" lon="12.262790"><ele>73.8</ele></trkpt>
      <trkpt lat="53.538914" lon="12.262751"><ele>73.8</ele></trkpt>
      <trkpt lat="53.538911" lon="12.262790"><ele>73.8</ele></trkpt>
      <trkpt lat="53.538885" lon="12.262852"><ele>73.8</ele></trkpt>
      <trkpt lat="53.538776" lon="12.262964"><ele>73.2</ele></trkpt>
      <trkpt lat="53.538687" lon="12.263055"><ele>73.2</ele></trkpt>
      <trkpt lat="53.539291" lon="12.264651"><ele>73.8</ele></trkpt>
      <trkpt lat="53.540556" lon="12.268006"><ele>73.0</ele></trkpt>
      <trkpt lat="53.540694" lon="12.268377"><ele>73.0</ele></trkpt>
      <trkpt lat="53.540824" lon="12.268729"><ele>73.2</ele></trkpt>
      <trkpt lat="53.541080" lon="12.269418"><ele>74.0</ele></trkpt>
      <trkpt lat="53.541308" lon="12.270030"><ele>74.2</ele></trkpt>
      <trkpt lat="53.541600" lon="12.270815"><ele>73.2</ele></trkpt>
      <trkpt lat="53.541646" lon="12.270956"><ele>73.0</ele></trkpt>
      <trkpt lat="53.541656" lon="12.270986"><ele>73.0</ele></trkpt>
      <trkpt lat="53.541666" lon="12.271014"><ele>73.0</ele></trkpt>
      <trkpt lat="53.541686" lon="12.271075"><ele>73.0</ele></trkpt>
      <trkpt lat="53.541694" lon="12.271101"><ele>73.0</ele></trkpt>
      <trkpt lat="53.541706" lon="12.271135"><ele>73.0</ele></trkpt>
      <trkpt lat="53.541726" lon="12.271187"><ele>73.0</ele></trkpt>
      <trkpt lat="53.541875" lon="12.271570"><ele>73.8</ele></trkpt>
      <trkpt lat="53.541968" lon="12.271818"><ele>73.5</ele></trkpt>
      <trkpt lat="53.541988" lon="12.271882"><ele>73.2</ele></trkpt>
      <trkpt lat="53.541787" lon="12.272040"><ele>73.0</ele></trkpt>
      <trkpt lat="53.541063" lon="12.272610"><ele>74.0</ele></trkpt>
      <trkpt lat="53.540946" lon="12.272680"><ele>74.0</ele></trkpt>
      <trkpt lat="53.540693" lon="12.272867"><ele>73.2</ele></trkpt>
      <trkpt lat="53.540611" lon="12.272978"><ele>73.0</ele></trkpt>
      <trkpt lat="53.540477" lon="12.273085"><ele>73.0</ele></trkpt>
      <trkpt lat="53.539940" lon="12.273515"><ele>72.2</ele></trkpt>
      <trkpt lat="53.538999" lon="12.274269"><ele>72.8</ele></trkpt>
      <trkpt lat="53.537927" lon="12.275064"><ele>72.8</ele></trkpt>
      <trkpt lat="53.537375" lon="12.275429"><ele>72.0</ele></trkpt>
      <trkpt lat="53.536381" lon="12.276056"><ele>70.8</ele></trkpt>
      <trkpt lat="53.535730" lon="12.276445"><ele>71.0</ele></trkpt>
      <trkpt lat="53.535050" lon="12.276826"><ele>71.0</ele></trkpt>
      <trkpt lat="53.534467" lon="12.277138"><ele>71.5</ele></trkpt>
      <trkpt lat="53.533670" lon="12.277534"><ele>72.0</ele></trkpt>
      <trkpt lat="53.532919" lon="12.277867"><ele>71.5</ele></trkpt>
      <trkpt lat="53.532355" lon="12.278097"><ele>68.5</ele></trkpt>
      <trkpt lat="53.532141" lon="12.278177"><ele>68.2</ele></trkpt>
      <trkpt lat="53.531474" lon="12.278435"><ele>67.0</ele></trkpt>
      <trkpt lat="53.530943" lon="12.278628"><ele>66.2</ele></trkpt>
      <trkpt lat="53.530493" lon="12.278761"><ele>66.5</ele></trkpt>
      <trkpt lat="53.530257" lon="12.278808"><ele>67.0</ele></trkpt>
      <trkpt lat="53.530185" lon="12.278793"><ele>67.0</ele></trkpt>
      <trkpt lat="53.530143" lon="12.278724"><ele>67.0</ele></trkpt>
      <trkpt lat="53.530121" lon="12.278638"><ele>67.0</ele></trkpt>
      <trkpt lat="53.530047" lon="12.278635"><ele>67.0</ele></trkpt>
      <trkpt lat="53.529957" lon="12.278641"><ele>67.0</ele></trkpt>
      <trkpt lat="53.529933" lon="12.278746"><ele>67.0</ele></trkpt>
      <trkpt lat="53.529889" lon="12.278840"><ele>67.0</ele></trkpt>
      <trkpt lat="53.529799" lon="12.278891"><ele>67.0</ele></trkpt>
      <trkpt lat="53.529798" lon="12.278989"><ele>67.0</ele></trkpt>
      <trkpt lat="53.529802" lon="12.279088"><ele>67.0</ele></trkpt>
      <trkpt lat="53.529291" lon="12.279151"><ele>65.2</ele></trkpt>
      <trkpt lat="53.529047" lon="12.279237"><ele>65.0</ele></trkpt>
      <trkpt lat="53.528809" lon="12.279264"><ele>65.0</ele></trkpt>
      <trkpt lat="53.528238" lon="12.279200"><ele>65.0</ele></trkpt>
      <trkpt lat="53.527868" lon="12.279108"><ele>65.0</ele></trkpt>
      <trkpt lat="53.527513" lon="12.278974"><ele>65.0</ele></trkpt>
      <trkpt lat="53.527209" lon="12.278826"><ele>65.0</ele></trkpt>
      <trkpt lat="53.526568" lon="12.278621"><ele>65.0</ele></trkpt>
      <trkpt lat="53.526236" lon="12.278632"><ele>65.0</ele></trkpt>
      <trkpt lat="53.525547" lon="12.278416"><ele>65.0</ele></trkpt>
      <trkpt lat="53.520834" lon="12.277002"><ele>66.0</ele></trkpt>
      <trkpt lat="53.520476" lon="12.276876"><ele>66.2</ele></trkpt>
      <trkpt lat="53.520200" lon="12.276684"><ele>67.0</ele></trkpt>
      <trkpt lat="53.519752" lon="12.276394"><ele>67.0</ele></trkpt>
      <trkpt lat="53.519529" lon="12.276157"><ele>66.2</ele></trkpt>
      <trkpt lat="53.517959" lon="12.274919"><ele>66.0</ele></trkpt>
      <trkpt lat="53.517746" lon="12.274907"><ele>66.2</ele></trkpt>
      <trkpt lat="53.515975" lon="12.273514"><ele>65.2</ele></trkpt>
      <trkpt lat="53.515438" lon="12.273166"><ele>65.2</ele></trkpt>
      <trkpt lat="53.515136" lon="12.272806"><ele>66.0</ele></trkpt>
      <trkpt lat="53.513628" lon="12.271674"><ele>66.8</ele></trkpt>
      <trkpt lat="53.513417" lon="12.271380"><ele>67.0</ele></trkpt>
      <trkpt lat="53.513161" lon="12.271196"><ele>67.0</ele></trkpt>
      <trkpt lat="53.512841" lon="12.270984"><ele>67.8</ele></trkpt>
      <trkpt lat="53.512508" lon="12.270782"><ele>68.0</ele></trkpt>
      <trkpt lat="53.512113" lon="12.270498"><ele>68.2</ele></trkpt>
      <trkpt lat="53.512010" lon="12.270523"><ele>68.8</ele></trkpt>
      <trkpt lat="53.511872" lon="12.270475"><ele>69.0</ele></trkpt>
      <trkpt lat="53.510429" lon="12.269625"><ele>69.0</ele></trkpt>
      <trkpt lat="53.510240" lon="12.269447"><ele>69.0</ele></trkpt>
      <trkpt lat="53.508973" lon="12.268516"><ele>67.8</ele></trkpt>
      <trkpt lat="53.508025" lon="12.267712"><ele>63.0</ele></trkpt>
      <trkpt lat="53.507406" lon="12.267204"><ele>62.0</ele></trkpt>
      <trkpt lat="53.507154" lon="12.267044"><ele>62.0</ele></trkpt>
      <trkpt lat="53.507016" lon="12.266980"><ele>62.5</ele></trkpt>
      <trkpt lat="53.506873" lon="12.266936"><ele>62.8</ele></trkpt>
      <trkpt lat="53.506428" lon="12.266845"><ele>62.2</ele></trkpt>
      <trkpt lat="53.505716" lon="12.266752"><ele>64.0</ele></trkpt>
      <trkpt lat="53.505537" lon="12.266867"><ele>65.0</ele></trkpt>
      <trkpt lat="53.505359" lon="12.266901"><ele>65.0</ele></trkpt>
      <trkpt lat="53.505138" lon="12.266800"><ele>65.2</ele></trkpt>
      <trkpt lat="53.504317" lon="12.266689"><ele>66.2</ele></trkpt>
      <trkpt lat="53.504173" lon="12.266596"><ele>66.8</ele></trkpt>
      <trkpt lat="53.503940" lon="12.266538"><ele>67.2</ele></trkpt>
      <trkpt lat="53.503482" lon="12.266612"><ele>69.2</ele></trkpt>
      <trkpt lat="53.503042" lon="12.266496"><ele>69.0</ele></trkpt>
      <trkpt lat="53.502602" lon="12.266417"><ele>68.8</ele></trkpt>
      <trkpt lat="53.499847" lon="12.266189"><ele>71.8</ele></trkpt>
      <trkpt lat="53.499282" lon="12.266050"><ele>71.2</ele></trkpt>
      <trkpt lat="53.499043" lon="12.266017"><ele>71.0</ele></trkpt>
      <trkpt lat="53.498854" lon="12.266121"><ele>71.0</ele></trkpt>
      <trkpt lat="53.497883" lon="12.266007"><ele>72.0</ele></trkpt>
      <trkpt lat="53.496954" lon="12.265835"><ele>72.0</ele></trkpt>
      <trkpt lat="53.496869" lon="12.265782"><ele>72.0</ele></trkpt>
      <trkpt lat="53.495475" lon="12.265611"><ele>72.0</ele></trkpt>
      <trkpt lat="53.493574" lon="12.265425"><ele>72.0</ele></trkpt>
      <trkpt lat="53.493415" lon="12.265408"><ele>72.0</ele></trkpt>
      <trkpt lat="53.493214" lon="12.265383"><ele>72.0</ele></trkpt>
      <trkpt lat="53.492980" lon="12.265441"><ele>72.0</ele></trkpt>
      <trkpt lat="53.492695" lon="12.265400"><ele>72.0</ele></trkpt>
      <trkpt lat="53.490927" lon="12.265236"><ele>75.5</ele></trkpt>
      <trkpt lat="53.490660" lon="12.265173"><ele>75.8</ele></trkpt>
      <trkpt lat="53.490397" lon="12.265148"><ele>76.2</ele></trkpt>
      <trkpt lat="53.489983" lon="12.265191"><ele>75.8</ele></trkpt>
      <trkpt lat="53.489230" lon="12.265087"><ele>73.0</ele></trkpt>
      <trkpt lat="53.487460" lon="12.264943"><ele>74.0</ele></trkpt>
      <trkpt lat="53.487247" lon="12.264862"><ele>74.0</ele></trkpt>
      <trkpt lat="53.485966" lon="12.264679"><ele>73.0</ele></trkpt>
      <trkpt lat="53.485783" lon="12.264619"><ele>73.0</ele></trkpt>
      <trkpt lat="53.484798" lon="12.264523"><ele>72.2</ele></trkpt>
      <trkpt lat="53.483015" lon="12.264298"><ele>72.0</ele></trkpt>
      <trkpt lat="53.482273" lon="12.264230"><ele>72.0</ele></trkpt>
      <trkpt lat="53.479895" lon="12.263971"><ele>71.5</ele></trkpt>
      <trkpt lat="53.479590" lon="12.263958"><ele>71.0</ele></trkpt>
      <trkpt lat="53.479282" lon="12.263854"><ele>70.8</ele></trkpt>
      <trkpt lat="53.476945" lon="12.263829"><ele>69.8</ele></trkpt>
      <trkpt lat="53.476403" lon="12.263868"><ele>70.0</ele></trkpt>
      <trkpt lat="53.476010" lon="12.263850"><ele>70.0</ele></trkpt>
      <trkpt lat="53.471981" lon="12.263843"><ele>70.0</ele></trkpt>
      <trkpt lat="53.471839" lon="12.263813"><ele>70.0</ele></trkpt>
      <trkpt lat="53.471683" lon="12.263811"><ele>70.0</ele></trkpt>
      <trkpt lat="53.471268" lon="12.263849"><ele>70.0</ele></trkpt>
      <trkpt lat="53.470670" lon="12.263854"><ele>70.0</ele></trkpt>
      <trkpt lat="53.470140" lon="12.263848"><ele>70.0</ele></trkpt>
      <trkpt lat="53.469422" lon="12.263908"><ele>68.8</ele></trkpt>
      <trkpt lat="53.469249" lon="12.264120"><ele>68.2</ele></trkpt>
      <trkpt lat="53.469182" lon="12.264156"><ele>68.0</ele></trkpt>
      <trkpt lat="53.469130" lon="12.264169"><ele>68.0</ele></trkpt>
      <trkpt lat="53.469036" lon="12.264131"><ele>68.0</ele></trkpt>
      <trkpt lat="53.468971" lon="12.264062"><ele>68.0</ele></trkpt>
      <trkpt lat="53.468908" lon="12.263965"><ele>68.0</ele></trkpt>
      <trkpt lat="53.468847" lon="12.263921"><ele>67.8</ele></trkpt>
      <trkpt lat="53.468685" lon="12.263892"><ele>67.2</ele></trkpt>
      <trkpt lat="53.468524" lon="12.263876"><ele>67.0</ele></trkpt>
      <trkpt lat="53.467603" lon="12.263873"><ele>68.0</ele></trkpt>
      <trkpt lat="53.467191" lon="12.263864"><ele>69.0</ele></trkpt>
      <trkpt lat="53.467059" lon="12.263873"><ele>69.0</ele></trkpt>
      <trkpt lat="53.466705" lon="12.263873"><ele>69.0</ele></trkpt>
      <trkpt lat="53.466641" lon="12.263813"><ele>68.8</ele></trkpt>
      <trkpt lat="53.466350" lon="12.263813"><ele>68.0</ele></trkpt>
      <trkpt lat="53.466015" lon="12.263880"><ele>68.2</ele></trkpt>
      <trkpt lat="53.465744" lon="12.263955"><ele>69.0</ele></trkpt>
      <trkpt lat="53.465256" lon="12.264206"><ele>70.0</ele></trkpt>
      <trkpt lat="53.464788" lon="12.264512"><ele>70.0</ele></trkpt>
      <trkpt lat="53.464128" lon="12.265009"><ele>69.8</ele></trkpt>
      <trkpt lat="53.464092" lon="12.265066"><ele>69.5</ele></trkpt>
      <trkpt lat="53.464081" lon="12.265136"><ele>69.5</ele></trkpt>
      <trkpt lat="53.464110" lon="12.265171"><ele>69.8</ele></trkpt>
      <trkpt lat="53.464136" lon="12.265240"><ele>69.8</ele></trkpt>
      <trkpt lat="53.464145" lon="12.265440"><ele>69.2</ele></trkpt>
      <trkpt lat="53.464117" lon="12.265785"><ele>68.5</ele></trkpt>
      <trkpt lat="53.464066" lon="12.266067"><ele>67.5</ele></trkpt>
      <trkpt lat="53.463895" lon="12.266801"><ele>66.0</ele></trkpt>
      <trkpt lat="53.463872" lon="12.267016"><ele>65.8</ele></trkpt>
      <trkpt lat="53.463836" lon="12.267036"><ele>65.8</ele></trkpt>
      <trkpt lat="53.463718" lon="12.267013"><ele>65.8</ele></trkpt>
      <trkpt lat="53.463507" lon="12.266754"><ele>65.8</ele></trkpt>
      <trkpt lat="53.463272" lon="12.266440"><ele>65.8</ele></trkpt>
      <trkpt lat="53.463071" lon="12.266101"><ele>66.0</ele></trkpt>
      <trkpt lat="53.462941" lon="12.266110"><ele>65.5</ele></trkpt>
      <trkpt lat="53.462867" lon="12.266157"><ele>65.2</ele></trkpt>
      <trkpt lat="53.462551" lon="12.266328"><ele>65.0</ele></trkpt>
      <trkpt lat="53.462228" lon="12.266545"><ele>65.0</ele></trkpt>
      <trkpt lat="53.460972" lon="12.267562"><ele>62.2</ele></trkpt>
      <trkpt lat="53.460600" lon="12.267771"><ele>62.0</ele></trkpt>
      <trkpt lat="53.460170" lon="12.268078"><ele>62.0</ele></trkpt>
      <trkpt lat="53.459576" lon="12.268338"><ele>62.0</ele></trkpt>
      <trkpt lat="53.459218" lon="12.268410"><ele>62.0</ele></trkpt>
      <trkpt lat="53.458885" lon="12.268462"><ele>62.0</ele></trkpt>
      <trkpt lat="53.458568" lon="12.268480"><ele>62.0</ele></trkpt>
      <trkpt lat="53.457922" lon="12.268403"><ele>62.0</ele></trkpt>
      <trkpt lat="53.457728" lon="12.268340"><ele>62.0</ele></trkpt>
      <trkpt lat="53.457579" lon="12.268319"><ele>62.0</ele></trkpt>
      <trkpt lat="53.457395" lon="12.268326"><ele>62.0</ele></trkpt>
      <trkpt lat="53.457306" lon="12.268329"><ele>62.0</ele></trkpt>
      <trkpt lat="53.457028" lon="12.268363"><ele>62.0</ele></trkpt>
      <trkpt lat="53.456875" lon="12.268394"><ele>62.0</ele></trkpt>
      <trkpt lat="53.456715" lon="12.268440"><ele>62.0</ele></trkpt>
      <trkpt lat="53.456629" lon="12.268464"><ele>62.0</ele></trkpt>
      <trkpt lat="53.456313" lon="12.268616"><ele>62.8</ele></trkpt>
      <trkpt lat="53.456061" lon="12.268797"><ele>63.0</ele></trkpt>
      <trkpt lat="53.455830" lon="12.269016"><ele>63.5</ele></trkpt>
      <trkpt lat="53.455124" lon="12.269740"><ele>64.5</ele></trkpt>
      <trkpt lat="53.454504" lon="12.270449"><ele>63.2</ele></trkpt>
      <trkpt lat="53.453987" lon="12.270985"><ele>63.2</ele></trkpt>
      <trkpt lat="53.453566" lon="12.271365"><ele>63.0</ele></trkpt>
      <trkpt lat="53.453266" lon="12.271590"><ele>63.2</ele></trkpt>
      <trkpt lat="53.452833" lon="12.271853"><ele>63.0</ele></trkpt>
      <trkpt lat="53.452275" lon="12.272063"><ele>62.5</ele></trkpt>
      <trkpt lat="53.452192" lon="12.272063"><ele>62.5</ele></trkpt>
      <trkpt lat="53.452132" lon="12.272064"><ele>62.5</ele></trkpt>
      <trkpt lat="53.451659" lon="12.272067"><ele>62.5</ele></trkpt>
      <trkpt lat="53.451660" lon="12.271923"><ele>62.8</ele></trkpt>
      <trkpt lat="53.451668" lon="12.271741"><ele>63.0</ele></trkpt>
      <trkpt lat="53.451650" lon="12.271705"><ele>62.8</ele></trkpt>
      <trkpt lat="53.451638" lon="12.271656"><ele>62.8</ele></trkpt>
      <trkpt lat="53.451562" lon="12.271622"><ele>62.5</ele></trkpt>
      <trkpt lat="53.451504" lon="12.271595"><ele>62.2</ele></trkpt>
      <trkpt lat="53.451431" lon="12.271658"><ele>62.0</ele></trkpt>
      <trkpt lat="53.451344" lon="12.271706"><ele>62.0</ele></trkpt>
      <trkpt lat="53.451076" lon="12.271712"><ele>62.0</ele></trkpt>
      <trkpt lat="53.449295" lon="12.271123"><ele>62.0</ele></trkpt>
      <trkpt lat="53.448924" lon="12.270941"><ele>62.0</ele></trkpt>
      <trkpt lat="53.447694" lon="12.270511"><ele>63.0</ele></trkpt>
      <trkpt lat="53.445150" lon="12.269579"><ele>63.5</ele></trkpt>
      <trkpt lat="53.443212" lon="12.268817"><ele>64.0</ele></trkpt>
      <trkpt lat="53.441150" lon="12.268073"><ele>65.0</ele></trkpt>
      <trkpt lat="53.440177" lon="12.267779"><ele>66.2</ele></trkpt>
      <trkpt lat="53.439809" lon="12.267736"><ele>67.0</ele></trkpt>
      <trkpt lat="53.439109" lon="12.267815"><ele>66.8</ele></trkpt>
      <trkpt lat="53.438975" lon="12.267834"><ele>66.2</ele></trkpt>
      <trkpt lat="53.436371" lon="12.268209"><ele>70.5</ele></trkpt>
      <trkpt lat="53.434572" lon="12.268459"><ele>71.2</ele></trkpt>
      <trkpt lat="53.433502" lon="12.268628"><ele>72.8</ele></trkpt>
      <trkpt lat="53.432936" lon="12.268698"><ele>72.0</ele></trkpt>
      <trkpt lat="53.432423" lon="12.268739"><ele>70.5</ele></trkpt>
      <trkpt lat="53.432107" lon="12.268687"><ele>69.5</ele></trkpt>
      <trkpt lat="53.431678" lon="12.268616"><ele>68.0</ele></trkpt>
      <trkpt lat="53.429428" lon="12.268140"><ele>67.0</ele></trkpt>
      <trkpt lat="53.426951" lon="12.267608"><ele>68.0</ele></trkpt>
      <trkpt lat="53.426775" lon="12.267549"><ele>68.0</ele></trkpt>
      <trkpt lat="53.426706" lon="12.267475"><ele>68.0</ele></trkpt>
      <trkpt lat="53.426611" lon="12.267282"><ele>67.8</ele></trkpt>
      <trkpt lat="53.426566" lon="12.267284"><ele>67.5</ele></trkpt>
      <trkpt lat="53.426498" lon="12.267381"><ele>67.5</ele></trkpt>
      <trkpt lat="53.426447" lon="12.267426"><ele>67.8</ele></trkpt>
      <trkpt lat="53.426337" lon="12.267354"><ele>67.2</ele></trkpt>
      <trkpt lat="53.425839" lon="12.267023"><ele>67.2</ele></trkpt>
      <trkpt lat="53.425386" lon="12.266689"><ele>67.8</ele></trkpt>
      <trkpt lat="53.424778" lon="12.266239"><ele>69.2</ele></trkpt>
      <trkpt lat="53.424624" lon="12.266048"><ele>70.8</ele></trkpt>
      <trkpt lat="53.424136" lon="12.265382"><ele>77.0</ele></trkpt>
      <trkpt lat="53.423086" lon="12.263889"><ele>79.8</ele></trkpt>
      <trkpt lat="53.422976" lon="12.263645"><ele>81.0</ele></trkpt>
      <trkpt lat="53.422819" lon="12.263425"><ele>81.8</ele></trkpt>
      <trkpt lat="53.422664" lon="12.263309"><ele>82.0</ele></trkpt>
      <trkpt lat="53.422618" lon="12.263247"><ele>82.0</ele></trkpt>
      <trkpt lat="53.422577" lon="12.263347"><ele>82.0</ele></trkpt>
      <trkpt lat="53.422544" lon="12.263429"><ele>82.0</ele></trkpt>
      <trkpt lat="53.421436" lon="12.261911"><ele>83.0</ele></trkpt>
      <trkpt lat="53.421124" lon="12.261468"><ele>83.8</ele></trkpt>
      <trkpt lat="53.421103" lon="12.261512"><ele>84.0</ele></trkpt>
      <trkpt lat="53.421009" lon="12.262081"><ele>83.5</ele></trkpt>
      <trkpt lat="53.420889" lon="12.262876"><ele>82.2</ele></trkpt>
      <trkpt lat="53.420244" lon="12.263325"><ele>80.8</ele></trkpt>
      <trkpt lat="53.419736" lon="12.263807"><ele>78.2</ele></trkpt>
      <trkpt lat="53.417933" lon="12.265639"><ele>82.2</ele></trkpt>
      <trkpt lat="53.417717" lon="12.265881"><ele>82.8</ele></trkpt>
      <trkpt lat="53.416340" lon="12.267258"><ele>83.0</ele></trkpt>
      <trkpt lat="53.414403" lon="12.269416"><ele>83.0</ele></trkpt>
      <trkpt lat="53.413264" lon="12.271040"><ele>87.0</ele></trkpt>
      <trkpt lat="53.413784" lon="12.273004"><ele>84.5</ele></trkpt>
      <trkpt lat="53.412632" lon="12.274140"><ele>85.0</ele></trkpt>
      <trkpt lat="53.410486" lon="12.276780"><ele>79.5</ele></trkpt>
      <trkpt lat="53.409690" lon="12.278137"><ele>76.0</ele></trkpt>
      <trkpt lat="53.409690" lon="12.277782"><ele>78.2</ele></trkpt>
      <trkpt lat="53.409546" lon="12.277377"><ele>81.0</ele></trkpt>
      <trkpt lat="53.408991" lon="12.276696"><ele>84.0</ele></trkpt>
      <trkpt lat="53.408698" lon="12.276235"><ele>84.5</ele></trkpt>
      <trkpt lat="53.407514" lon="12.274238"><ele>87.0</ele></trkpt>
      <trkpt lat="53.408314" lon="12.273127"><ele>87.0</ele></trkpt>
      <trkpt lat="53.407815" lon="12.272162"><ele>87.0</ele></trkpt>
      <trkpt lat="53.407564" lon="12.271696"><ele>87.0</ele></trkpt>
      <trkpt lat="53.407469" lon="12.271615"><ele>87.0</ele></trkpt>
      <trkpt lat="53.404075" lon="12.272721"><ele>88.0</ele></trkpt>
      <trkpt lat="53.403211" lon="12.272990"><ele>89.2</ele></trkpt>
      <trkpt lat="53.402950" lon="12.273110"><ele>90.0</ele></trkpt>
      <trkpt lat="53.402865" lon="12.273174"><ele>90.0</ele></trkpt>
      <trkpt lat="53.402127" lon="12.274299"><ele>88.0</ele></trkpt>
      <trkpt lat="53.401619" lon="12.275279"><ele>85.0</ele></trkpt>
      <trkpt lat="53.400487" lon="12.276742"><ele>77.5</ele></trkpt>
      <trkpt lat="53.400172" lon="12.277078"><ele>76.8</ele></trkpt>
      <trkpt lat="53.400792" lon="12.278491"><ele>75.8</ele></trkpt>
      <trkpt lat="53.400459" lon="12.279097"><ele>74.2</ele></trkpt>
      <trkpt lat="53.400357" lon="12.279427"><ele>73.2</ele></trkpt>
      <trkpt lat="53.400349" lon="12.279529"><ele>72.8</ele></trkpt>
      <trkpt lat="53.400862" lon="12.280258"><ele>72.2</ele></trkpt>
      <trkpt lat="53.400957" lon="12.280458"><ele>72.0</ele></trkpt>
      <trkpt lat="53.400639" lon="12.280218"><ele>71.5</ele></trkpt>
      <trkpt lat="53.400585" lon="12.280064"><ele>71.8</ele></trkpt>
      <trkpt lat="53.399864" lon="12.279432"><ele>71.5</ele></trkpt>
      <trkpt lat="53.399825" lon="12.279580"><ele>70.5</ele></trkpt>
      <trkpt lat="53.399808" lon="12.279663"><ele>70.2</ele></trkpt>
      <trkpt lat="53.399726" lon="12.279983"><ele>70.0</ele></trkpt>
      <trkpt lat="53.399605" lon="12.280280"><ele>70.2</ele></trkpt>
      <trkpt lat="53.399562" lon="12.280505"><ele>71.0</ele></trkpt>
      <trkpt lat="53.399549" lon="12.280733"><ele>71.8</ele></trkpt>
      <trkpt lat="53.399625" lon="12.281058"><ele>73.0</ele></trkpt>
      <trkpt lat="53.399799" lon="12.281602"><ele>73.2</ele></trkpt>
      <trkpt lat="53.399533" lon="12.281597"><ele>75.0</ele></trkpt>
      <trkpt lat="53.399368" lon="12.281479"><ele>75.5</ele></trkpt>
      <trkpt lat="53.399005" lon="12.281134"><ele>76.2</ele></trkpt>
      <trkpt lat="53.398650" lon="12.280621"><ele>77.0</ele></trkpt>
      <trkpt lat="53.398292" lon="12.279844"><ele>77.5</ele></trkpt>
      <trkpt lat="53.397842" lon="12.278663"><ele>77.8</ele></trkpt>
      <trkpt lat="53.397201" lon="12.277021"><ele>78.2</ele></trkpt>
      <trkpt lat="53.396839" lon="12.276020"><ele>79.2</ele></trkpt>
      <trkpt lat="53.396377" lon="12.274602"><ele>79.8</ele></trkpt>
      <trkpt lat="53.395938" lon="12.273288"><ele>79.0</ele></trkpt>
      <trkpt lat="53.395751" lon="12.272703"><ele>78.5</ele></trkpt>
      <trkpt lat="53.395644" lon="12.272438"><ele>78.5</ele></trkpt>
      <trkpt lat="53.395387" lon="12.272101"><ele>78.5</ele></trkpt>
      <trkpt lat="53.393580" lon="12.269948"><ele>80.0</ele></trkpt>
      <trkpt lat="53.392905" lon="12.269609"><ele>80.0</ele></trkpt>
      <trkpt lat="53.392278" lon="12.269129"><ele>80.8</ele></trkpt>
      <trkpt lat="53.391762" lon="12.267680"><ele>82.5</ele></trkpt>
      <trkpt lat="53.391571" lon="12.267273"><ele>82.8</ele></trkpt>
      <trkpt lat="53.391384" lon="12.266496"><ele>82.2</ele></trkpt>
      <trkpt lat="53.390612" lon="12.262831"><ele>84.0</ele></trkpt>
      <trkpt lat="53.389938" lon="12.259580"><ele>81.0</ele></trkpt>
      <trkpt lat="53.389707" lon="12.258923"><ele>81.0</ele></trkpt>
      <trkpt lat="53.389229" lon="12.258131"><ele>80.8</ele></trkpt>
      <trkpt lat="53.388772" lon="12.257594"><ele>80.8</ele></trkpt>
      <trkpt lat="53.388212" lon="12.256823"><ele>80.0</ele></trkpt>
      <trkpt lat="53.387827" lon="12.256187"><ele>80.0</ele></trkpt>
      <trkpt lat="53.387638" lon="12.255918"><ele>80.0</ele></trkpt>
      <trkpt lat="53.387534" lon="12.255775"><ele>80.0</ele></trkpt>
      <trkpt lat="53.387391" lon="12.255597"><ele>80.0</ele></trkpt>
      <trkpt lat="53.386488" lon="12.254380"><ele>81.8</ele></trkpt>
      <trkpt lat="53.385721" lon="12.253319"><ele>85.0</ele></trkpt>
      <trkpt lat="53.385117" lon="12.252445"><ele>84.2</ele></trkpt>
      <trkpt lat="53.384802" lon="12.252859"><ele>85.0</ele></trkpt>
      <trkpt lat="53.384660" lon="12.253366"><ele>85.0</ele></trkpt>
      <trkpt lat="53.384355" lon="12.254093"><ele>85.2</ele></trkpt>
      <trkpt lat="53.384087" lon="12.254597"><ele>86.0</ele></trkpt>
      <trkpt lat="53.384127" lon="12.254750"><ele>85.8</ele></trkpt>
      <trkpt lat="53.384196" lon="12.255008"><ele>85.8</ele></trkpt>
      <trkpt lat="53.384136" lon="12.255054"><ele>86.0</ele></trkpt>
      <trkpt lat="53.383501" lon="12.255890"><ele>87.0</ele></trkpt>
      <trkpt lat="53.384031" lon="12.257486"><ele>85.8</ele></trkpt>
      <trkpt lat="53.384004" lon="12.257670"><ele>86.2</ele></trkpt>
      <trkpt lat="53.383940" lon="12.258120"><ele>86.8</ele></trkpt>
      <trkpt lat="53.384152" lon="12.260668"><ele>86.0</ele></trkpt>
      <trkpt lat="53.384369" lon="12.262222"><ele>86.2</ele></trkpt>
      <trkpt lat="53.384278" lon="12.262278"><ele>86.5</ele></trkpt>
      <trkpt lat="53.383870" lon="12.262528"><ele>88.0</ele></trkpt>
      <trkpt lat="53.383708" lon="12.262639"><ele>88.5</ele></trkpt>
      <trkpt lat="53.383575" lon="12.262729"><ele>89.0</ele></trkpt>
      <trkpt lat="53.383394" lon="12.262842"><ele>89.0</ele></trkpt>
      <trkpt lat="53.383115" lon="12.263037"><ele>89.5</ele></trkpt>
      <trkpt lat="53.383068" lon="12.263039"><ele>89.8</ele></trkpt>
      <trkpt lat="53.383034" lon="12.263012"><ele>89.8</ele></trkpt>
      <trkpt lat="53.383016" lon="12.262955"><ele>89.5</ele></trkpt>
      <trkpt lat="53.382929" lon="12.262347"><ele>88.5</ele></trkpt>
      <trkpt lat="53.382886" lon="12.262062"><ele>88.2</ele></trkpt>
      <trkpt lat="53.382427" lon="12.259471"><ele>88.0</ele></trkpt>
      <trkpt lat="53.382375" lon="12.259345"><ele>88.0</ele></trkpt>
      <trkpt lat="53.382338" lon="12.259291"><ele>88.0</ele></trkpt>
      <trkpt lat="53.382263" lon="12.259233"><ele>88.0</ele></trkpt>
      <trkpt lat="53.382158" lon="12.259217"><ele>88.0</ele></trkpt>
      <trkpt lat="53.382075" lon="12.259246"><ele>88.0</ele></trkpt>
      <trkpt lat="53.381757" lon="12.259473"><ele>88.0</ele></trkpt>
      <trkpt lat="53.381550" lon="12.259703"><ele>88.2</ele></trkpt>
      <trkpt lat="53.380776" lon="12.260926"><ele>89.0</ele></trkpt>
      <trkpt lat="53.379594" lon="12.262912"><ele>92.0</ele></trkpt>
      <trkpt lat="53.378904" lon="12.263953"><ele>92.0</ele></trkpt>
      <trkpt lat="53.378178" lon="12.265099"><ele>92.0</ele></trkpt>
      <trkpt lat="53.377952" lon="12.265524"><ele>92.0</ele></trkpt>
      <trkpt lat="53.377920" lon="12.265622"><ele>92.0</ele></trkpt>
      <trkpt lat="53.377877" lon="12.265755"><ele>92.0</ele></trkpt>
      <trkpt lat="53.377743" lon="12.266382"><ele>92.0</ele></trkpt>
      <trkpt lat="53.377688" lon="12.266534"><ele>92.0</ele></trkpt>
      <trkpt lat="53.377657" lon="12.266590"><ele>92.0</ele></trkpt>
      <trkpt lat="53.378367" lon="12.269617"><ele>93.0</ele></trkpt>
      <trkpt lat="53.379602" lon="12.274817"><ele>94.0</ele></trkpt>
      <trkpt lat="53.380341" lon="12.277771"><ele>93.8</ele></trkpt>
      <trkpt lat="53.380499" lon="12.278461"><ele>93.8</ele></trkpt>
      <trkpt lat="53.380670" lon="12.279253"><ele>93.5</ele></trkpt>
      <trkpt lat="53.380765" lon="12.279922"><ele>93.2</ele></trkpt>
      <trkpt lat="53.380832" lon="12.280622"><ele>93.0</ele></trkpt>
      <trkpt lat="53.380873" lon="12.281315"><ele>93.8</ele></trkpt>
      <trkpt lat="53.380882" lon="12.281918"><ele>94.5</ele></trkpt>
      <trkpt lat="53.380874" lon="12.282582"><ele>94.8</ele></trkpt>
      <trkpt lat="53.380326" lon="12.297800"><ele>96.0</ele></trkpt>
      <trkpt lat="53.380214" lon="12.302046"><ele>98.0</ele></trkpt>
      <trkpt lat="53.380777" lon="12.301779"><ele>97.0</ele></trkpt>
      <trkpt lat="53.381402" lon="12.302493"><ele>97.0</ele></trkpt>
      <trkpt lat="53.384947" lon="12.308749"><ele>93.0</ele></trkpt>
      <trkpt lat="53.385087" lon="12.308951"><ele>92.8</ele></trkpt>
      <trkpt lat="53.385150" lon="12.309012"><ele>92.8</ele></trkpt>
      <trkpt lat="53.385283" lon="12.308630"><ele>92.8</ele></trkpt>
      <trkpt lat="53.385779" lon="12.307339"><ele>93.0</ele></trkpt>
      <trkpt lat="53.386359" lon="12.305842"><ele>93.8</ele></trkpt>
      <trkpt lat="53.386992" lon="12.304204"><ele>93.8</ele></trkpt>
      <trkpt lat="53.387246" lon="12.303554"><ele>92.8</ele></trkpt>
      <trkpt lat="53.387453" lon="12.303025"><ele>92.0</ele></trkpt>
      <trkpt lat="53.387498" lon="12.303077"><ele>92.0</ele></trkpt>
      <trkpt lat="53.387524" lon="12.303139"><ele>91.8</ele></trkpt>
      <trkpt lat="53.387575" lon="12.303307"><ele>91.2</ele></trkpt>
      <trkpt lat="53.387706" lon="12.303959"><ele>89.8</ele></trkpt>
      <trkpt lat="53.387878" lon="12.304935"><ele>87.5</ele></trkpt>
      <trkpt lat="53.387723" lon="12.308811"><ele>75.2</ele></trkpt>
      <trkpt lat="53.387716" lon="12.308916"><ele>75.0</ele></trkpt>
      <trkpt lat="53.387700" lon="12.309163"><ele>75.0</ele></trkpt>
      <trkpt lat="53.387729" lon="12.309864"><ele>77.0</ele></trkpt>
      <trkpt lat="53.387733" lon="12.309962"><ele>77.2</ele></trkpt>
      <trkpt lat="53.387780" lon="12.310336"><ele>75.8</ele></trkpt>
      <trkpt lat="53.387922" lon="12.311786"><ele>68.5</ele></trkpt>
      <trkpt lat="53.387953" lon="12.312088"><ele>67.2</ele></trkpt>
      <trkpt lat="53.388015" lon="12.312652"><ele>67.0</ele></trkpt>
      <trkpt lat="53.388105" lon="12.313656"><ele>66.8</ele></trkpt>
      <trkpt lat="53.388117" lon="12.313748"><ele>67.0</ele></trkpt>
      <trkpt lat="53.388159" lon="12.313886"><ele>67.5</ele></trkpt>
      <trkpt lat="53.388207" lon="12.313970"><ele>68.2</ele></trkpt>
      <trkpt lat="53.388280" lon="12.314088"><ele>69.2</ele></trkpt>
      <trkpt lat="53.388377" lon="12.314184"><ele>69.8</ele></trkpt>
      <trkpt lat="53.388599" lon="12.314237"><ele>69.0</ele></trkpt>
      <trkpt lat="53.388692" lon="12.314278"><ele>68.8</ele></trkpt>
      <trkpt lat="53.388767" lon="12.314334"><ele>68.8</ele></trkpt>
      <trkpt lat="53.388917" lon="12.314538"><ele>69.2</ele></trkpt>
      <trkpt lat="53.389027" lon="12.314763"><ele>69.5</ele></trkpt>
      <trkpt lat="53.389126" lon="12.315023"><ele>69.5</ele></trkpt>
      <trkpt lat="53.389193" lon="12.315291"><ele>69.8</ele></trkpt>
      <trkpt lat="53.389242" lon="12.315532"><ele>70.0</ele></trkpt>
      <trkpt lat="53.389271" lon="12.315773"><ele>70.5</ele></trkpt>
      <trkpt lat="53.389319" lon="12.316010"><ele>70.8</ele></trkpt>
      <trkpt lat="53.389399" lon="12.316319"><ele>71.0</ele></trkpt>
      <trkpt lat="53.389432" lon="12.316451"><ele>71.2</ele></trkpt>
      <trkpt lat="53.389531" lon="12.316653"><ele>71.2</ele></trkpt>
      <trkpt lat="53.389638" lon="12.316850"><ele>71.2</ele></trkpt>
      <trkpt lat="53.390022" lon="12.317475"><ele>70.5</ele></trkpt>
      <trkpt lat="53.390055" lon="12.317527"><ele>70.5</ele></trkpt>
      <trkpt lat="53.390131" lon="12.317650"><ele>70.2</ele></trkpt>
      <trkpt lat="53.390271" lon="12.317878"><ele>69.8</ele></trkpt>
      <trkpt lat="53.390547" lon="12.318400"><ele>72.5</ele></trkpt>
      <trkpt lat="53.390644" lon="12.318498"><ele>73.5</ele></trkpt>
      <trkpt lat="53.390757" lon="12.318531"><ele>72.8</ele></trkpt>
      <trkpt lat="53.391287" lon="12.318320"><ele>71.0</ele></trkpt>
      <trkpt lat="53.391384" lon="12.318305"><ele>71.5</ele></trkpt>
      <trkpt lat="53.391499" lon="12.318328"><ele>73.8</ele></trkpt>
      <trkpt lat="53.391595" lon="12.318409"><ele>76.5</ele></trkpt>
      <trkpt lat="53.391796" lon="12.318558"><ele>81.2</ele></trkpt>
      <trkpt lat="53.391957" lon="12.318862"><ele>85.0</ele></trkpt>
      <trkpt lat="53.392399" lon="12.320085"><ele>94.5</ele></trkpt>
      <trkpt lat="53.392523" lon="12.320449"><ele>97.8</ele></trkpt>
      <trkpt lat="53.392543" lon="12.320545"><ele>98.2</ele></trkpt>
      <trkpt lat="53.392550" lon="12.320634"><ele>98.2</ele></trkpt>
      <trkpt lat="53.392537" lon="12.320750"><ele>98.2</ele></trkpt>
      <trkpt lat="53.392509" lon="12.320872"><ele>98.0</ele></trkpt>
      <trkpt lat="53.392450" lon="12.321036"><ele>98.8</ele></trkpt>
      <trkpt lat="53.392454" lon="12.321090"><ele>99.0</ele></trkpt>
      <trkpt lat="53.392707" lon="12.320918"><ele>99.5</ele></trkpt>
      <trkpt lat="53.393072" lon="12.320770"><ele>100.2</ele></trkpt>
      <trkpt lat="53.393425" lon="12.320671"><ele>101.5</ele></trkpt>
      <trkpt lat="53.394090" lon="12.320553"><ele>102.0</ele></trkpt>
      <trkpt lat="53.395497" lon="12.320322"><ele>102.0</ele></trkpt>
      <trkpt lat="53.396234" lon="12.320167"><ele>99.5</ele></trkpt>
      <trkpt lat="53.396672" lon="12.320177"><ele>98.0</ele></trkpt>
      <trkpt lat="53.397445" lon="12.320286"><ele>97.5</ele></trkpt>
      <trkpt lat="53.397690" lon="12.320356"><ele>98.2</ele></trkpt>
      <trkpt lat="53.397889" lon="12.320437"><ele>99.2</ele></trkpt>
      <trkpt lat="53.398933" lon="12.320783"><ele>99.8</ele></trkpt>
      <trkpt lat="53.400205" lon="12.321229"><ele>97.5</ele></trkpt>
      <trkpt lat="53.400969" lon="12.321515"><ele>100.0</ele></trkpt>
      <trkpt lat="53.401313" lon="12.321660"><ele>100.0</ele></trkpt>
      <trkpt lat="53.401612" lon="12.321815"><ele>100.0</ele></trkpt>
      <trkpt lat="53.402359" lon="12.322248"><ele>96.2</ele></trkpt>
      <trkpt lat="53.404084" lon="12.323262"><ele>95.0</ele></trkpt>
      <trkpt lat="53.404362" lon="12.323389"><ele>95.0</ele></trkpt>
      <trkpt lat="53.404586" lon="12.323461"><ele>95.0</ele></trkpt>
      <trkpt lat="53.404867" lon="12.323516"><ele>93.8</ele></trkpt>
      <trkpt lat="53.405177" lon="12.323543"><ele>91.2</ele></trkpt>
      <trkpt lat="53.405347" lon="12.323516"><ele>90.2</ele></trkpt>
      <trkpt lat="53.405628" lon="12.323432"><ele>88.5</ele></trkpt>
      <trkpt lat="53.406371" lon="12.323158"><ele>85.2</ele></trkpt>
      <trkpt lat="53.406604" lon="12.323086"><ele>82.8</ele></trkpt>
      <trkpt lat="53.406908" lon="12.323007"><ele>80.8</ele></trkpt>
      <trkpt lat="53.407231" lon="12.322946"><ele>79.5</ele></trkpt>
      <trkpt lat="53.407277" lon="12.322921"><ele>79.2</ele></trkpt>
      <trkpt lat="53.407320" lon="12.322869"><ele>78.8</ele></trkpt>
      <trkpt lat="53.407357" lon="12.322790"><ele>78.5</ele></trkpt>
      <trkpt lat="53.407374" lon="12.322740"><ele>78.2</ele></trkpt>
      <trkpt lat="53.407415" lon="12.322660"><ele>77.8</ele></trkpt>
      <trkpt lat="53.407451" lon="12.322630"><ele>77.5</ele></trkpt>
      <trkpt lat="53.407498" lon="12.322616"><ele>77.2</ele></trkpt>
      <trkpt lat="53.407558" lon="12.322627"><ele>77.2</ele></trkpt>
      <trkpt lat="53.407671" lon="12.322670"><ele>77.0</ele></trkpt>
      <trkpt lat="53.407724" lon="12.322714"><ele>77.0</ele></trkpt>
      <trkpt lat="53.407774" lon="12.322773"><ele>77.0</ele></trkpt>
      <trkpt lat="53.407849" lon="12.322892"><ele>77.2</ele></trkpt>
      <trkpt lat="53.407873" lon="12.322919"><ele>77.5</ele></trkpt>
      <trkpt lat="53.407914" lon="12.322929"><ele>77.5</ele></trkpt>
      <trkpt lat="53.407946" lon="12.322922"><ele>77.5</ele></trkpt>
      <trkpt lat="53.407990" lon="12.322894"><ele>77.2</ele></trkpt>
      <trkpt lat="53.408148" lon="12.322760"><ele>77.2</ele></trkpt>
      <trkpt lat="53.408199" lon="12.322747"><ele>77.5</ele></trkpt>
      <trkpt lat="53.408383" lon="12.322767"><ele>78.0</ele></trkpt>
      <trkpt lat="53.408551" lon="12.322786"><ele>78.8</ele></trkpt>
      <trkpt lat="53.409062" lon="12.322876"><ele>80.8</ele></trkpt>
      <trkpt lat="53.409881" lon="12.322913"><ele>82.0</ele></trkpt>
      <trkpt lat="53.409923" lon="12.322939"><ele>82.0</ele></trkpt>
      <trkpt lat="53.409945" lon="12.322987"><ele>82.0</ele></trkpt>
      <trkpt lat="53.410492" lon="12.322696"><ele>82.0</ele></trkpt>
      <trkpt lat="53.410618" lon="12.322658"><ele>81.8</ele></trkpt>
      <trkpt lat="53.410810" lon="12.322631"><ele>81.5</ele></trkpt>
      <trkpt lat="53.411010" lon="12.322655"><ele>81.5</ele></trkpt>
      <trkpt lat="53.411041" lon="12.322477"><ele>81.0</ele></trkpt>
      <trkpt lat="53.411070" lon="12.322367"><ele>81.0</ele></trkpt>
      <trkpt lat="53.411102" lon="12.322348"><ele>81.0</ele></trkpt>
      <trkpt lat="53.411286" lon="12.322240"><ele>81.0</ele></trkpt>
      <trkpt lat="53.411668" lon="12.322073"><ele>80.2</ele></trkpt>
      <trkpt lat="53.411899" lon="12.321818"><ele>80.2</ele></trkpt>
      <trkpt lat="53.412105" lon="12.321685"><ele>80.0</ele></trkpt>
      <trkpt lat="53.412203" lon="12.321461"><ele>80.0</ele></trkpt>
      <trkpt lat="53.412477" lon="12.321413"><ele>80.8</ele></trkpt>
      <trkpt lat="53.412613" lon="12.321370"><ele>81.2</ele></trkpt>
      <trkpt lat="53.412913" lon="12.321249"><ele>82.5</ele></trkpt>
      <trkpt lat="53.413053" lon="12.321175"><ele>83.0</ele></trkpt>
      <trkpt lat="53.413083" lon="12.321141"><ele>83.2</ele></trkpt>
      <trkpt lat="53.413197" lon="12.321350"><ele>84.8</ele></trkpt>
      <trkpt lat="53.413293" lon="12.321503"><ele>86.0</ele></trkpt>
      <trkpt lat="53.413740" lon="12.321626"><ele>90.5</ele></trkpt>
      <trkpt lat="53.413949" lon="12.321817"><ele>93.0</ele></trkpt>
      <trkpt lat="53.414349" lon="12.321969"><ele>95.5</ele></trkpt>
      <trkpt lat="53.414758" lon="12.321998"><ele>98.0</ele></trkpt>
      <trkpt lat="53.415729" lon="12.322188"><ele>101.5</ele></trkpt>
      <trkpt lat="53.415929" lon="12.322283"><ele>101.5</ele></trkpt>
      <trkpt lat="53.416547" lon="12.322397"><ele>100.5</ele></trkpt>
      <trkpt lat="53.417242" lon="12.322569"><ele>99.8</ele></trkpt>
      <trkpt lat="53.417699" lon="12.322759"><ele>95.5</ele></trkpt>
      <trkpt lat="53.418441" lon="12.322883"><ele>95.2</ele></trkpt>
      <trkpt lat="53.419250" lon="12.323054"><ele>99.5</ele></trkpt>
      <trkpt lat="53.420363" lon="12.323273"><ele>93.5</ele></trkpt>
      <trkpt lat="53.420554" lon="12.323368"><ele>93.0</ele></trkpt>
      <trkpt lat="53.420792" lon="12.323435"><ele>92.0</ele></trkpt>
      <trkpt lat="53.420915" lon="12.323432"><ele>92.0</ele></trkpt>
      <trkpt lat="53.421660" lon="12.324430"><ele>90.8</ele></trkpt>
      <trkpt lat="53.422172" lon="12.324080"><ele>90.0</ele></trkpt>
      <trkpt lat="53.422374" lon="12.324374"><ele>89.0</ele></trkpt>
      <trkpt lat="53.422658" lon="12.324707"><ele>87.2</ele></trkpt>
      <trkpt lat="53.423199" lon="12.325364"><ele>87.0</ele></trkpt>
      <trkpt lat="53.424151" lon="12.326419"><ele>87.0</ele></trkpt>
      <trkpt lat="53.425335" lon="12.327792"><ele>82.8</ele></trkpt>
      <trkpt lat="53.425798" lon="12.328306"><ele>82.8</ele></trkpt>
      <trkpt lat="53.426205" lon="12.328787"><ele>80.2</ele></trkpt>
      <trkpt lat="53.426029" lon="12.329046"><ele>80.2</ele></trkpt>
      <trkpt lat="53.425683" lon="12.329416"><ele>80.0</ele></trkpt>
      <trkpt lat="53.425504" lon="12.329952"><ele>81.2</ele></trkpt>
      <trkpt lat="53.425370" lon="12.330966"><ele>86.2</ele></trkpt>
      <trkpt lat="53.425065" lon="12.333605"><ele>97.0</ele></trkpt>
      <trkpt lat="53.424775" lon="12.336003"><ele>95.8</ele></trkpt>
      <trkpt lat="53.424558" lon="12.338085"><ele>96.5</ele></trkpt>
      <trkpt lat="53.424436" lon="12.338627"><ele>97.0</ele></trkpt>
      <trkpt lat="53.424302" lon="12.339222"><ele>97.0</ele></trkpt>
      <trkpt lat="53.423740" lon="12.341196"><ele>98.0</ele></trkpt>
      <trkpt lat="53.423336" lon="12.342681"><ele>97.0</ele></trkpt>
      <trkpt lat="53.423130" lon="12.348929"><ele>102.0</ele></trkpt>
      <trkpt lat="53.423071" lon="12.350900"><ele>101.8</ele></trkpt>
      <trkpt lat="53.423816" lon="12.350702"><ele>102.0</ele></trkpt>
      <trkpt lat="53.424865" lon="12.350358"><ele>98.8</ele></trkpt>
      <trkpt lat="53.425900" lon="12.350101"><ele>92.2</ele></trkpt>
      <trkpt lat="53.426220" lon="12.351324"><ele>91.5</ele></trkpt>
      <trkpt lat="53.426578" lon="12.352955"><ele>92.2</ele></trkpt>
      <trkpt lat="53.426957" lon="12.354639"><ele>92.8</ele></trkpt>
      <trkpt lat="53.427153" lon="12.354604"><ele>92.0</ele></trkpt>
      <trkpt lat="53.427767" lon="12.354381"><ele>90.8</ele></trkpt>
      <trkpt lat="53.429008" lon="12.354019"><ele>95.0</ele></trkpt>
      <trkpt lat="53.428837" lon="12.351301"><ele>95.0</ele></trkpt>
      <trkpt lat="53.428676" lon="12.348897"><ele>95.0</ele></trkpt>
      <trkpt lat="53.428584" lon="12.347798"><ele>94.0</ele></trkpt>
      <trkpt lat="53.428356" lon="12.344214"><ele>95.5</ele></trkpt>
      <trkpt lat="53.428367" lon="12.344006"><ele>95.8</ele></trkpt>
      <trkpt lat="53.428653" lon="12.341587"><ele>92.0</ele></trkpt>
      <trkpt lat="53.431384" lon="12.341097"><ele>97.0</ele></trkpt>
      <trkpt lat="53.431878" lon="12.340993"><ele>97.0</ele></trkpt>
      <trkpt lat="53.433781" lon="12.340527"><ele>97.0</ele></trkpt>
      <trkpt lat="53.435389" lon="12.340067"><ele>95.0</ele></trkpt>
      <trkpt lat="53.435754" lon="12.342549"><ele>98.0</ele></trkpt>
      <trkpt lat="53.435842" lon="12.342298"><ele>97.2</ele></trkpt>
      <trkpt lat="53.438178" lon="12.340892"><ele>97.0</ele></trkpt>
      <trkpt lat="53.438622" lon="12.340648"><ele>97.0</ele></trkpt>
      <trkpt lat="53.438644" lon="12.340627"><ele>97.0</ele></trkpt>
      <trkpt lat="53.438675" lon="12.340598"><ele>97.0</ele></trkpt>
      <trkpt lat="53.438693" lon="12.340650"><ele>97.0</ele></trkpt>
      <trkpt lat="53.438724" lon="12.340620"><ele>97.0</ele></trkpt>
      <trkpt lat="53.438944" lon="12.340539"><ele>97.0</ele></trkpt>
      <trkpt lat="53.439491" lon="12.340222"><ele>97.0</ele></trkpt>
      <trkpt lat="53.442442" lon="12.338546"><ele>96.8</ele></trkpt>
      <trkpt lat="53.442661" lon="12.338489"><ele>97.0</ele></trkpt>
      <trkpt lat="53.442783" lon="12.338547"><ele>97.0</ele></trkpt>
      <trkpt lat="53.443229" lon="12.338759"><ele>97.0</ele></trkpt>
      <trkpt lat="53.444484" lon="12.339574"><ele>97.0</ele></trkpt>
      <trkpt lat="53.446097" lon="12.340492"><ele>97.0</ele></trkpt>
      <trkpt lat="53.448728" lon="12.342418"><ele>102.0</ele></trkpt>
      <trkpt lat="53.450527" lon="12.343566"><ele>97.0</ele></trkpt>
      <trkpt lat="53.451443" lon="12.343983"><ele>97.0</ele></trkpt>
      <trkpt lat="53.451399" lon="12.344271"><ele>96.8</ele></trkpt>
      <trkpt lat="53.451597" lon="12.345295"><ele>96.0</ele></trkpt>
      <trkpt lat="53.451742" lon="12.346589"><ele>93.8</ele></trkpt>
      <trkpt lat="53.452844" lon="12.354009"><ele>84.8</ele></trkpt>
      <trkpt lat="53.454309" lon="12.354198"><ele>79.5</ele></trkpt>
      <trkpt lat="53.454363" lon="12.354494"><ele>77.0</ele></trkpt>
      <trkpt lat="53.454834" lon="12.354162"><ele>74.0</ele></trkpt>
      <trkpt lat="53.456197" lon="12.354563"><ele>71.5</ele></trkpt>
      <trkpt lat="53.456797" lon="12.355887"><ele>71.2</ele></trkpt>
      <trkpt lat="53.457866" lon="12.357027"><ele>72.0</ele></trkpt>
      <trkpt lat="53.458562" lon="12.356596"><ele>69.0</ele></trkpt>
      <trkpt lat="53.458768" lon="12.356698"><ele>67.8</ele></trkpt>
      <trkpt lat="53.458658" lon="12.356856"><ele>68.5</ele></trkpt>
      <trkpt lat="53.458629" lon="12.357330"><ele>69.8</ele></trkpt>
      <trkpt lat="53.458620" lon="12.359093"><ele>72.0</ele></trkpt>
      <trkpt lat="53.458616" lon="12.359946"><ele>69.2</ele></trkpt>
      <trkpt lat="53.458524" lon="12.360827"><ele>67.0</ele></trkpt>
      <trkpt lat="53.458497" lon="12.361217"><ele>67.8</ele></trkpt>
      <trkpt lat="53.458440" lon="12.361686"><ele>69.0</ele></trkpt>
      <trkpt lat="53.458410" lon="12.362450"><ele>69.5</ele></trkpt>
      <trkpt lat="53.458492" lon="12.362840"><ele>70.0</ele></trkpt>
      <trkpt lat="53.458604" lon="12.363376"><ele>73.0</ele></trkpt>
      <trkpt lat="53.458579" lon="12.364791"><ele>77.0</ele></trkpt>
      <trkpt lat="53.458529" lon="12.367172"><ele>79.2</ele></trkpt>
      <trkpt lat="53.458512" lon="12.367843"><ele>79.0</ele></trkpt>
      <trkpt lat="53.458456" lon="12.369642"><ele>78.5</ele></trkpt>
      <trkpt lat="53.458440" lon="12.370157"><ele>78.0</ele></trkpt>
      <trkpt lat="53.458437" lon="12.370286"><ele>78.0</ele></trkpt>
      <trkpt lat="53.458417" lon="12.371619"><ele>77.5</ele></trkpt>
      <trkpt lat="53.458416" lon="12.372100"><ele>78.5</ele></trkpt>
      <trkpt lat="53.458414" lon="12.372560"><ele>78.2</ele></trkpt>
      <trkpt lat="53.458413" lon="12.372820"><ele>78.8</ele></trkpt>
      <trkpt lat="53.458413" lon="12.373039"><ele>79.2</ele></trkpt>
      <trkpt lat="53.458415" lon="12.373794"><ele>79.5</ele></trkpt>
      <trkpt lat="53.458415" lon="12.374065"><ele>79.8</ele></trkpt>
      <trkpt lat="53.458430" lon="12.374652"><ele>79.5</ele></trkpt>
      <trkpt lat="53.458431" lon="12.374703"><ele>79.5</ele></trkpt>
      <trkpt lat="53.458439" lon="12.374932"><ele>79.5</ele></trkpt>
      <trkpt lat="53.458429" lon="12.375468"><ele>79.2</ele></trkpt>
      <trkpt lat="53.458416" lon="12.375921"><ele>78.8</ele></trkpt>
      <trkpt lat="53.458391" lon="12.376205"><ele>78.2</ele></trkpt>
      <trkpt lat="53.458371" lon="12.376330"><ele>78.5</ele></trkpt>
      <trkpt lat="53.458331" lon="12.376579"><ele>78.2</ele></trkpt>
      <trkpt lat="53.458274" lon="12.376971"><ele>79.2</ele></trkpt>
      <trkpt lat="53.458281" lon="12.377225"><ele>79.5</ele></trkpt>
      <trkpt lat="53.458311" lon="12.377421"><ele>79.8</ele></trkpt>
      <trkpt lat="53.458389" lon="12.378070"><ele>83.2</ele></trkpt>
      <trkpt lat="53.458429" lon="12.378567"><ele>83.5</ele></trkpt>
      <trkpt lat="53.458439" lon="12.378807"><ele>84.0</ele></trkpt>
      <trkpt lat="53.458435" lon="12.379027"><ele>83.8</ele></trkpt>
      <trkpt lat="53.458380" lon="12.379283"><ele>83.5</ele></trkpt>
      <trkpt lat="53.458294" lon="12.379482"><ele>84.0</ele></trkpt>
      <trkpt lat="53.458086" lon="12.379825"><ele>84.0</ele></trkpt>
      <trkpt lat="53.457724" lon="12.380243"><ele>82.8</ele></trkpt>
      <trkpt lat="53.457655" lon="12.380356"><ele>82.5</ele></trkpt>
      <trkpt lat="53.457598" lon="12.380572"><ele>81.0</ele></trkpt>
      <trkpt lat="53.457572" lon="12.380772"><ele>79.0</ele></trkpt>
      <trkpt lat="53.457572" lon="12.380983"><ele>77.0</ele></trkpt>
      <trkpt lat="53.457618" lon="12.381234"><ele>74.5</ele></trkpt>
      <trkpt lat="53.457817" lon="12.382254"><ele>70.0</ele></trkpt>
      <trkpt lat="53.457821" lon="12.382377"><ele>70.0</ele></trkpt>
      <trkpt lat="53.457791" lon="12.382474"><ele>70.0</ele></trkpt>
      <trkpt lat="53.457738" lon="12.382527"><ele>70.0</ele></trkpt>
      <trkpt lat="53.456559" lon="12.383265"><ele>72.2</ele></trkpt>
      <trkpt lat="53.456376" lon="12.383392"><ele>73.8</ele></trkpt>
      <trkpt lat="53.456413" lon="12.383541"><ele>75.0</ele></trkpt>
      <trkpt lat="53.456409" lon="12.383653"><ele>76.0</ele></trkpt>
      <trkpt lat="53.456413" lon="12.383704"><ele>76.2</ele></trkpt>
      <trkpt lat="53.456451" lon="12.383842"><ele>76.8</ele></trkpt>
      <trkpt lat="53.456623" lon="12.384591"><ele>79.0</ele></trkpt>
      <trkpt lat="53.456745" lon="12.385087"><ele>80.0</ele></trkpt>
      <trkpt lat="53.456992" lon="12.386017"><ele>80.5</ele></trkpt>
      <trkpt lat="53.457048" lon="12.386203"><ele>80.2</ele></trkpt>
      <trkpt lat="53.457180" lon="12.386695"><ele>80.2</ele></trkpt>
      <trkpt lat="53.457412" lon="12.387444"><ele>78.0</ele></trkpt>
      <trkpt lat="53.457497" lon="12.387620"><ele>77.0</ele></trkpt>
      <trkpt lat="53.457539" lon="12.387782"><ele>76.5</ele></trkpt>
      <trkpt lat="53.457588" lon="12.387978"><ele>76.0</ele></trkpt>
      <trkpt lat="53.457588" lon="12.388081"><ele>76.0</ele></trkpt>
      <trkpt lat="53.457605" lon="12.388199"><ele>75.8</ele></trkpt>
      <trkpt lat="53.457682" lon="12.388572"><ele>74.5</ele></trkpt>
      <trkpt lat="53.457931" lon="12.389588"><ele>73.2</ele></trkpt>
      <trkpt lat="53.458005" lon="12.389915"><ele>73.0</ele></trkpt>
      <trkpt lat="53.458082" lon="12.390316"><ele>72.0</ele></trkpt>
      <trkpt lat="53.458166" lon="12.390836"><ele>72.0</ele></trkpt>
      <trkpt lat="53.458188" lon="12.390934"><ele>72.0</ele></trkpt>
      <trkpt lat="53.458250" lon="12.391103"><ele>71.5</ele></trkpt>
      <trkpt lat="53.458264" lon="12.391166"><ele>71.2</ele></trkpt>
      <trkpt lat="53.458317" lon="12.391586"><ele>71.0</ele></trkpt>
      <trkpt lat="53.458591" lon="12.393795"><ele>69.0</ele></trkpt>
      <trkpt lat="53.458793" lon="12.395528"><ele>66.5</ele></trkpt>
      <trkpt lat="53.458917" lon="12.396237"><ele>66.2</ele></trkpt>
      <trkpt lat="53.459049" lon="12.396838"><ele>65.8</ele></trkpt>
      <trkpt lat="53.459451" lon="12.398428"><ele>66.2</ele></trkpt>
      <trkpt lat="53.459627" lon="12.399299"><ele>66.2</ele></trkpt>
      <trkpt lat="53.459745" lon="12.399978"><ele>66.8</ele></trkpt>
      <trkpt lat="53.459807" lon="12.400451"><ele>66.5</ele></trkpt>
      <trkpt lat="53.459908" lon="12.401587"><ele>67.0</ele></trkpt>
      <trkpt lat="53.459969" lon="12.403708"><ele>67.0</ele></trkpt>
      <trkpt lat="53.459995" lon="12.404520"><ele>68.0</ele></trkpt>
      <trkpt lat="53.460038" lon="12.405109"><ele>67.8</ele></trkpt>
      <trkpt lat="53.460131" lon="12.405812"><ele>67.5</ele></trkpt>
      <trkpt lat="53.460441" lon="12.408042"><ele>67.0</ele></trkpt>
      <trkpt lat="53.460490" lon="12.408633"><ele>67.2</ele></trkpt>
      <trkpt lat="53.460528" lon="12.409392"><ele>67.0</ele></trkpt>
      <trkpt lat="53.460552" lon="12.410758"><ele>66.0</ele></trkpt>
      <trkpt lat="53.460571" lon="12.413700"><ele>65.8</ele></trkpt>
      <trkpt lat="53.460570" lon="12.414492"><ele>65.8</ele></trkpt>
      <trkpt lat="53.460568" lon="12.415405"><ele>65.8</ele></trkpt>
      <trkpt lat="53.460593" lon="12.416046"><ele>65.8</ele></trkpt>
      <trkpt lat="53.460624" lon="12.416476"><ele>65.8</ele></trkpt>
      <trkpt lat="53.460675" lon="12.416902"><ele>66.0</ele></trkpt>
      <trkpt lat="53.460765" lon="12.417429"><ele>66.0</ele></trkpt>
      <trkpt lat="53.460865" lon="12.417875"><ele>65.8</ele></trkpt>
      <trkpt lat="53.460975" lon="12.418267"><ele>65.2</ele></trkpt>
      <trkpt lat="53.461094" lon="12.418652"><ele>66.0</ele></trkpt>
      <trkpt lat="53.461188" lon="12.418947"><ele>65.8</ele></trkpt>
      <trkpt lat="53.461286" lon="12.419226"><ele>66.0</ele></trkpt>
      <trkpt lat="53.461423" lon="12.419554"><ele>66.0</ele></trkpt>
      <trkpt lat="53.461842" lon="12.420418"><ele>66.0</ele></trkpt>
      <trkpt lat="53.461897" lon="12.420497"><ele>66.0</ele></trkpt>
      <trkpt lat="53.461952" lon="12.420531"><ele>66.0</ele></trkpt>
      <trkpt lat="53.461987" lon="12.420577"><ele>66.0</ele></trkpt>
      <trkpt lat="53.462067" lon="12.420845"><ele>66.0</ele></trkpt>
      <trkpt lat="53.462371" lon="12.421453"><ele>66.0</ele></trkpt>
      <trkpt lat="53.463356" lon="12.423758"><ele>66.8</ele></trkpt>
      <trkpt lat="53.463387" lon="12.423827"><ele>66.8</ele></trkpt>
      <trkpt lat="53.463391" lon="12.423853"><ele>66.8</ele></trkpt>
      <trkpt lat="53.463387" lon="12.423947"><ele>66.8</ele></trkpt>
      <trkpt lat="53.463396" lon="12.423990"><ele>66.8</ele></trkpt>
      <trkpt lat="53.463428" lon="12.424074"><ele>66.8</ele></trkpt>
      <trkpt lat="53.464495" lon="12.426347"><ele>62.0</ele></trkpt>
      <trkpt lat="53.464610" lon="12.426375"><ele>62.5</ele></trkpt>
      <trkpt lat="53.464657" lon="12.426417"><ele>62.8</ele></trkpt>
      <trkpt lat="53.464702" lon="12.426483"><ele>62.8</ele></trkpt>
      <trkpt lat="53.464743" lon="12.426587"><ele>63.0</ele></trkpt>
      <trkpt lat="53.464815" lon="12.426894"><ele>63.8</ele></trkpt>
      <trkpt lat="53.464866" lon="12.427046"><ele>64.0</ele></trkpt>
      <trkpt lat="53.464977" lon="12.427295"><ele>64.2</ele></trkpt>
      <trkpt lat="53.465085" lon="12.427486"><ele>64.8</ele></trkpt>
      <trkpt lat="53.465430" lon="12.428088"><ele>67.5</ele></trkpt>
      <trkpt lat="53.465871" lon="12.428826"><ele>71.8</ele></trkpt>
      <trkpt lat="53.466397" lon="12.429451"><ele>74.0</ele></trkpt>
      <trkpt lat="53.466702" lon="12.429645"><ele>75.0</ele></trkpt>
      <trkpt lat="53.466757" lon="12.429668"><ele>75.2</ele></trkpt>
      <trkpt lat="53.466932" lon="12.429743"><ele>76.0</ele></trkpt>
      <trkpt lat="53.467274" lon="12.429891"><ele>78.0</ele></trkpt>
      <trkpt lat="53.467493" lon="12.429993"><ele>78.0</ele></trkpt>
      <trkpt lat="53.467672" lon="12.430069"><ele>78.0</ele></trkpt>
      <trkpt lat="53.467769" lon="12.430110"><ele>78.0</ele></trkpt>
      <trkpt lat="53.468394" lon="12.430364"><ele>75.8</ele></trkpt>
      <trkpt lat="53.468641" lon="12.430463"><ele>77.2</ele></trkpt>
      <trkpt lat="53.468565" lon="12.430529"><ele>77.5</ele></trkpt>
      <trkpt lat="53.468539" lon="12.430579"><ele>78.0</ele></trkpt>
      <trkpt lat="53.468488" lon="12.430681"><ele>78.0</ele></trkpt>
      <trkpt lat="53.468163" lon="12.431372"><ele>79.8</ele></trkpt>
      <trkpt lat="53.468082" lon="12.431644"><ele>80.0</ele></trkpt>
      <trkpt lat="53.467993" lon="12.431812"><ele>80.0</ele></trkpt>
      <trkpt lat="53.467950" lon="12.431846"><ele>80.0</ele></trkpt>
      <trkpt lat="53.467918" lon="12.431871"><ele>80.0</ele></trkpt>
      <trkpt lat="53.467857" lon="12.431919"><ele>80.0</ele></trkpt>
      <trkpt lat="53.467826" lon="12.431961"><ele>80.0</ele></trkpt>
      <trkpt lat="53.467758" lon="12.432135"><ele>80.0</ele></trkpt>
      <trkpt lat="53.467713" lon="12.432289"><ele>80.0</ele></trkpt>
      <trkpt lat="53.467700" lon="12.432333"><ele>80.2</ele></trkpt>
      <trkpt lat="53.467660" lon="12.432472"><ele>80.5</ele></trkpt>
      <trkpt lat="53.467582" lon="12.432741"><ele>80.8</ele></trkpt>
      <trkpt lat="53.467551" lon="12.432824"><ele>81.0</ele></trkpt>
      <trkpt lat="53.467516" lon="12.432914"><ele>81.0</ele></trkpt>
      <trkpt lat="53.467485" lon="12.433022"><ele>80.8</ele></trkpt>
      <trkpt lat="53.467459" lon="12.433110"><ele>80.8</ele></trkpt>
      <trkpt lat="53.467420" lon="12.433173"><ele>80.5</ele></trkpt>
      <trkpt lat="53.467379" lon="12.433240"><ele>80.5</ele></trkpt>
      <trkpt lat="53.467064" lon="12.432728"><ele>79.8</ele></trkpt>
      <trkpt lat="53.466887" lon="12.432502"><ele>78.8</ele></trkpt>
      <trkpt lat="53.466721" lon="12.432520"><ele>78.2</ele></trkpt>
      <trkpt lat="53.466541" lon="12.432700"><ele>78.8</ele></trkpt>
      <trkpt lat="53.466319" lon="12.432997"><ele>79.0</ele></trkpt>
      <trkpt lat="53.465974" lon="12.433302"><ele>77.5</ele></trkpt>
      <trkpt lat="53.465468" lon="12.433880"><ele>77.0</ele></trkpt>
      <trkpt lat="53.464973" lon="12.434395"><ele>77.0</ele></trkpt>
      <trkpt lat="53.464924" lon="12.434401"><ele>77.0</ele></trkpt>
      <trkpt lat="53.464459" lon="12.434735"><ele>77.0</ele></trkpt>
      <trkpt lat="53.464009" lon="12.435306"><ele>77.2</ele></trkpt>
      <trkpt lat="53.463770" lon="12.435750"><ele>77.0</ele></trkpt>
      <trkpt lat="53.463492" lon="12.436165"><ele>77.2</ele></trkpt>
      <trkpt lat="53.463381" lon="12.436244"><ele>77.2</ele></trkpt>
      <trkpt lat="53.462637" lon="12.436779"><ele>79.5</ele></trkpt>
      <trkpt lat="53.462407" lon="12.437105"><ele>80.0</ele></trkpt>
      <trkpt lat="53.462100" lon="12.437572"><ele>80.0</ele></trkpt>
      <trkpt lat="53.461662" lon="12.438145"><ele>81.0</ele></trkpt>
      <trkpt lat="53.462290" lon="12.439597"><ele>82.2</ele></trkpt>
      <trkpt lat="53.462338" lon="12.439709"><ele>82.8</ele></trkpt>
      <trkpt lat="53.462699" lon="12.440444"><ele>84.8</ele></trkpt>
      <trkpt lat="53.462914" lon="12.440934"><ele>85.2</ele></trkpt>
      <trkpt lat="53.462964" lon="12.441101"><ele>85.5</ele></trkpt>
      <trkpt lat="53.461338" lon="12.443398"><ele>85.8</ele></trkpt>
      <trkpt lat="53.459763" lon="12.445815"><ele>84.0</ele></trkpt>
      <trkpt lat="53.460676" lon="12.448266"><ele>85.0</ele></trkpt>
      <trkpt lat="53.460313" lon="12.448592"><ele>85.0</ele></trkpt>
      <trkpt lat="53.459771" lon="12.449052"><ele>85.0</ele></trkpt>
      <trkpt lat="53.456066" lon="12.452086"><ele>76.5</ele></trkpt>
      <trkpt lat="53.454377" lon="12.454243"><ele>70.8</ele></trkpt>
      <trkpt lat="53.453619" lon="12.455170"><ele>69.8</ele></trkpt>
      <trkpt lat="53.452925" lon="12.456269"><ele>68.5</ele></trkpt>
      <trkpt lat="53.452733" lon="12.456959"><ele>68.8</ele></trkpt>
      <trkpt lat="53.452450" lon="12.457539"><ele>68.0</ele></trkpt>
      <trkpt lat="53.449710" lon="12.461178"><ele>73.5</ele></trkpt>
      <trkpt lat="53.448776" lon="12.463193"><ele>75.5</ele></trkpt>
      <trkpt lat="53.448726" lon="12.463302"><ele>75.2</ele></trkpt>
      <trkpt lat="53.448617" lon="12.463614"><ele>75.0</ele></trkpt>
      <trkpt lat="53.448607" lon="12.463648"><ele>74.8</ele></trkpt>
      <trkpt lat="53.448592" lon="12.463704"><ele>74.8</ele></trkpt>
      <trkpt lat="53.448428" lon="12.464028"><ele>73.5</ele></trkpt>
      <trkpt lat="53.448306" lon="12.464184"><ele>72.8</ele></trkpt>
      <trkpt lat="53.448147" lon="12.464423"><ele>72.2</ele></trkpt>
      <trkpt lat="53.447415" lon="12.465522"><ele>72.2</ele></trkpt>
      <trkpt lat="53.447383" lon="12.465571"><ele>72.2</ele></trkpt>
      <trkpt lat="53.446891" lon="12.466310"><ele>73.0</ele></trkpt>
      <trkpt lat="53.446744" lon="12.466421"><ele>73.5</ele></trkpt>
      <trkpt lat="53.446329" lon="12.466750"><ele>75.2</ele></trkpt>
      <trkpt lat="53.446057" lon="12.466985"><ele>77.0</ele></trkpt>
      <trkpt lat="53.444635" lon="12.467819"><ele>80.0</ele></trkpt>
      <trkpt lat="53.442966" lon="12.469536"><ele>78.0</ele></trkpt>
      <trkpt lat="53.442299" lon="12.473476"><ele>80.0</ele></trkpt>
      <trkpt lat="53.442235" lon="12.473905"><ele>80.0</ele></trkpt>
      <trkpt lat="53.441971" lon="12.475002"><ele>80.0</ele></trkpt>
      <trkpt lat="53.440979" lon="12.478186"><ele>76.0</ele></trkpt>
      <trkpt lat="53.440683" lon="12.479086"><ele>76.2</ele></trkpt>
      <trkpt lat="53.440510" lon="12.479548"><ele>75.8</ele></trkpt>
      <trkpt lat="53.439699" lon="12.481729"><ele>76.2</ele></trkpt>
      <trkpt lat="53.438616" lon="12.484678"><ele>78.0</ele></trkpt>
      <trkpt lat="53.436415" lon="12.490662"><ele>83.2</ele></trkpt>
      <trkpt lat="53.434975" lon="12.496671"><ele>83.0</ele></trkpt>
      <trkpt lat="53.434774" lon="12.497535"><ele>83.2</ele></trkpt>
      <trkpt lat="53.434694" lon="12.497879"><ele>84.0</ele></trkpt>
      <trkpt lat="53.434613" lon="12.498226"><ele>84.0</ele></trkpt>
      <trkpt lat="53.434561" lon="12.498447"><ele>84.0</ele></trkpt>
      <trkpt lat="53.434499" lon="12.498712"><ele>84.2</ele></trkpt>
      <trkpt lat="53.434174" lon="12.500136"><ele>85.0</ele></trkpt>
      <trkpt lat="53.434173" lon="12.500191"><ele>85.0</ele></trkpt>
      <trkpt lat="53.434238" lon="12.500253"><ele>85.0</ele></trkpt>
      <trkpt lat="53.434417" lon="12.500549"><ele>85.8</ele></trkpt>
      <trkpt lat="53.434038" lon="12.500989"><ele>85.5</ele></trkpt>
      <trkpt lat="53.433991" lon="12.501044"><ele>85.2</ele></trkpt>
      <trkpt lat="53.433768" lon="12.501342"><ele>85.2</ele></trkpt>
      <trkpt lat="53.433766" lon="12.501576"><ele>86.0</ele></trkpt>
      <trkpt lat="53.433731" lon="12.501778"><ele>86.5</ele></trkpt>
      <trkpt lat="53.433718" lon="12.501853"><ele>86.8</ele></trkpt>
      <trkpt lat="53.433607" lon="12.502500"><ele>87.0</ele></trkpt>
      <trkpt lat="53.433539" lon="12.502892"><ele>87.0</ele></trkpt>
      <trkpt lat="53.433459" lon="12.503337"><ele>87.0</ele></trkpt>
      <trkpt lat="53.433414" lon="12.503517"><ele>87.2</ele></trkpt>
      <trkpt lat="53.433287" lon="12.503760"><ele>88.0</ele></trkpt>
      <trkpt lat="53.433177" lon="12.503940"><ele>88.0</ele></trkpt>
      <trkpt lat="53.432963" lon="12.504254"><ele>88.0</ele></trkpt>
      <trkpt lat="53.431963" lon="12.505759"><ele>88.0</ele></trkpt>
      <trkpt lat="53.431557" lon="12.506233"><ele>87.2</ele></trkpt>
      <trkpt lat="53.431152" lon="12.508026"><ele>88.0</ele></trkpt>
      <trkpt lat="53.430246" lon="12.512550"><ele>89.5</ele></trkpt>
      <trkpt lat="53.430010" lon="12.513679"><ele>87.0</ele></trkpt>
      <trkpt lat="53.429700" lon="12.514968"><ele>85.0</ele></trkpt>
      <trkpt lat="53.428969" lon="12.517235"><ele>83.2</ele></trkpt>
      <trkpt lat="53.428799" lon="12.517790"><ele>84.2</ele></trkpt>
      <trkpt lat="53.428812" lon="12.518512"><ele>84.5</ele></trkpt>
      <trkpt lat="53.428880" lon="12.519062"><ele>84.2</ele></trkpt>
      <trkpt lat="53.429061" lon="12.519892"><ele>82.8</ele></trkpt>
      <trkpt lat="53.429237" lon="12.520885"><ele>83.0</ele></trkpt>
      <trkpt lat="53.429455" lon="12.522258"><ele>82.0</ele></trkpt>
      <trkpt lat="53.429515" lon="12.522908"><ele>81.2</ele></trkpt>
      <trkpt lat="53.429541" lon="12.523937"><ele>77.8</ele></trkpt>
      <trkpt lat="53.429639" lon="12.524521"><ele>75.5</ele></trkpt>
      <trkpt lat="53.429717" lon="12.525174"><ele>75.5</ele></trkpt>
      <trkpt lat="53.429955" lon="12.525772"><ele>78.5</ele></trkpt>
      <trkpt lat="53.429976" lon="12.526131"><ele>80.0</ele></trkpt>
      <trkpt lat="53.429711" lon="12.529076"><ele>83.5</ele></trkpt>
      <trkpt lat="53.429519" lon="12.532407"><ele>85.0</ele></trkpt>
      <trkpt lat="53.429433" lon="12.533518"><ele>88.5</ele></trkpt>
      <trkpt lat="53.429299" lon="12.535249"><ele>88.0</ele></trkpt>
      <trkpt lat="53.429281" lon="12.535677"><ele>88.0</ele></trkpt>
      <trkpt lat="53.429078" lon="12.535911"><ele>87.8</ele></trkpt>
      <trkpt lat="53.425448" lon="12.540400"><ele>88.0</ele></trkpt>
      <trkpt lat="53.424860" lon="12.540932"><ele>86.2</ele></trkpt>
      <trkpt lat="53.424553" lon="12.540932"><ele>85.2</ele></trkpt>
      <trkpt lat="53.421357" lon="12.539456"><ele>87.0</ele></trkpt>
      <trkpt lat="53.421009" lon="12.539370"><ele>86.5</ele></trkpt>
      <trkpt lat="53.420743" lon="12.539345"><ele>85.5</ele></trkpt>
      <trkpt lat="53.420538" lon="12.539388"><ele>84.8</ele></trkpt>
      <trkpt lat="53.419658" lon="12.539945"><ele>84.8</ele></trkpt>
      <trkpt lat="53.417561" lon="12.541319"><ele>82.0</ele></trkpt>
      <trkpt lat="53.415055" lon="12.542486"><ele>81.0</ele></trkpt>
      <trkpt lat="53.412123" lon="12.543576"><ele>82.0</ele></trkpt>
      <trkpt lat="53.408798" lon="12.544864"><ele>80.0</ele></trkpt>
      <trkpt lat="53.407951" lon="12.545160"><ele>80.0</ele></trkpt>
      <trkpt lat="53.407780" lon="12.545258"><ele>79.8</ele></trkpt>
      <trkpt lat="53.407726" lon="12.545302"><ele>80.0</ele></trkpt>
      <trkpt lat="53.407650" lon="12.545396"><ele>80.0</ele></trkpt>
      <trkpt lat="53.407035" lon="12.546297"><ele>78.0</ele></trkpt>
      <trkpt lat="53.406970" lon="12.546186"><ele>78.0</ele></trkpt>
      <trkpt lat="53.406711" lon="12.545662"><ele>78.0</ele></trkpt>
      <trkpt lat="53.406360" lon="12.545024"><ele>77.8</ele></trkpt>
      <trkpt lat="53.405872" lon="12.544066"><ele>78.2</ele></trkpt>
      <trkpt lat="53.405786" lon="12.543909"><ele>78.8</ele></trkpt>
      <trkpt lat="53.405654" lon="12.543690"><ele>79.0</ele></trkpt>
      <trkpt lat="53.405603" lon="12.543622"><ele>79.0</ele></trkpt>
      <trkpt lat="53.405406" lon="12.543367"><ele>79.8</ele></trkpt>
      <trkpt lat="53.404568" lon="12.542274"><ele>80.0</ele></trkpt>
      <trkpt lat="53.404311" lon="12.541929"><ele>80.0</ele></trkpt>
      <trkpt lat="53.404016" lon="12.541553"><ele>80.0</ele></trkpt>
      <trkpt lat="53.403156" lon="12.540432"><ele>80.0</ele></trkpt>
      <trkpt lat="53.403095" lon="12.540357"><ele>80.0</ele></trkpt>
      <trkpt lat="53.401759" lon="12.538608"><ele>80.0</ele></trkpt>
      <trkpt lat="53.398839" lon="12.534811"><ele>80.8</ele></trkpt>
      <trkpt lat="53.398118" lon="12.533903"><ele>80.0</ele></trkpt>
      <trkpt lat="53.397971" lon="12.534197"><ele>79.2</ele></trkpt>
      <trkpt lat="53.397868" lon="12.534581"><ele>77.8</ele></trkpt>
      <trkpt lat="53.397736" lon="12.534926"><ele>75.8</ele></trkpt>
      <trkpt lat="53.396485" lon="12.537198"><ele>77.0</ele></trkpt>
      <trkpt lat="53.395068" lon="12.539834"><ele>73.5</ele></trkpt>
      <trkpt lat="53.394963" lon="12.540074"><ele>72.5</ele></trkpt>
      <trkpt lat="53.394877" lon="12.540368"><ele>71.2</ele></trkpt>
      <trkpt lat="53.394838" lon="12.540601"><ele>69.2</ele></trkpt>
      <trkpt lat="53.394818" lon="12.540827"><ele>67.2</ele></trkpt>
      <trkpt lat="53.394761" lon="12.541173"><ele>66.2</ele></trkpt>
      <trkpt lat="53.394692" lon="12.541417"><ele>68.2</ele></trkpt>
      <trkpt lat="53.394557" lon="12.541662"><ele>70.5</ele></trkpt>
      <trkpt lat="53.394393" lon="12.541808"><ele>71.5</ele></trkpt>
      <trkpt lat="53.393885" lon="12.542269"><ele>73.0</ele></trkpt>
      <trkpt lat="53.393460" lon="12.542580"><ele>74.2</ele></trkpt>
      <trkpt lat="53.392890" lon="12.542871"><ele>75.0</ele></trkpt>
      <trkpt lat="53.392082" lon="12.543167"><ele>73.5</ele></trkpt>
      <trkpt lat="53.391308" lon="12.543497"><ele>73.0</ele></trkpt>
      <trkpt lat="53.390500" lon="12.543781"><ele>71.2</ele></trkpt>
      <trkpt lat="53.390121" lon="12.543943"><ele>70.8</ele></trkpt>
      <trkpt lat="53.389970" lon="12.544717"><ele>70.0</ele></trkpt>
      <trkpt lat="53.389933" lon="12.544866"><ele>70.0</ele></trkpt>
      <trkpt lat="53.389755" lon="12.545586"><ele>70.0</ele></trkpt>
      <trkpt lat="53.389669" lon="12.545930"><ele>71.2</ele></trkpt>
      <trkpt lat="53.389671" lon="12.546308"><ele>72.2</ele></trkpt>
      <trkpt lat="53.389850" lon="12.547759"><ele>74.5</ele></trkpt>
      <trkpt lat="53.389868" lon="12.548583"><ele>75.8</ele></trkpt>
      <trkpt lat="53.389822" lon="12.549693"><ele>78.8</ele></trkpt>
      <trkpt lat="53.389781" lon="12.550571"><ele>81.8</ele></trkpt>
      <trkpt lat="53.389707" lon="12.551624"><ele>84.8</ele></trkpt>
      <trkpt lat="53.389568" lon="12.552369"><ele>86.2</ele></trkpt>
      <trkpt lat="53.388127" lon="12.558227"><ele>87.0</ele></trkpt>
      <trkpt lat="53.386995" lon="12.560992"><ele>84.5</ele></trkpt>
      <trkpt lat="53.385509" lon="12.564294"><ele>82.0</ele></trkpt>
      <trkpt lat="53.381451" lon="12.570554"><ele>80.8</ele></trkpt>
      <trkpt lat="53.376847" lon="12.575338"><ele>78.5</ele></trkpt>
      <trkpt lat="53.376481" lon="12.575753"><ele>78.0</ele></trkpt>
      <trkpt lat="53.376342" lon="12.575942"><ele>77.5</ele></trkpt>
      <trkpt lat="53.376189" lon="12.576186"><ele>77.0</ele></trkpt>
      <trkpt lat="53.376065" lon="12.576414"><ele>77.0</ele></trkpt>
      <trkpt lat="53.375762" lon="12.577062"><ele>77.0</ele></trkpt>
      <trkpt lat="53.374780" lon="12.579273"><ele>75.8</ele></trkpt>
      <trkpt lat="53.374577" lon="12.579709"><ele>75.0</ele></trkpt>
      <trkpt lat="53.374383" lon="12.580084"><ele>74.5</ele></trkpt>
      <trkpt lat="53.374257" lon="12.580289"><ele>74.0</ele></trkpt>
      <trkpt lat="53.374018" lon="12.580617"><ele>74.2</ele></trkpt>
      <trkpt lat="53.373805" lon="12.580865"><ele>74.2</ele></trkpt>
      <trkpt lat="53.373415" lon="12.581243"><ele>74.2</ele></trkpt>
      <trkpt lat="53.372923" lon="12.581658"><ele>75.0</ele></trkpt>
      <trkpt lat="53.372260" lon="12.582232"><ele>74.8</ele></trkpt>
      <trkpt lat="53.372206" lon="12.582282"><ele>75.0</ele></trkpt>
      <trkpt lat="53.372044" lon="12.582426"><ele>75.0</ele></trkpt>
      <trkpt lat="53.371626" lon="12.582780"><ele>74.8</ele></trkpt>
      <trkpt lat="53.371523" lon="12.582876"><ele>74.5</ele></trkpt>
      <trkpt lat="53.371575" lon="12.583047"><ele>74.0</ele></trkpt>
      <trkpt lat="53.372040" lon="12.584551"><ele>70.5</ele></trkpt>
      <trkpt lat="53.372195" lon="12.585071"><ele>69.8</ele></trkpt>
      <trkpt lat="53.372314" lon="12.585450"><ele>69.2</ele></trkpt>
      <trkpt lat="53.372429" lon="12.585775"><ele>68.8</ele></trkpt>
      <trkpt lat="53.372526" lon="12.586001"><ele>68.2</ele></trkpt>
      <trkpt lat="53.372684" lon="12.586297"><ele>67.8</ele></trkpt>
      <trkpt lat="53.372762" lon="12.586470"><ele>67.5</ele></trkpt>
      <trkpt lat="53.372813" lon="12.586637"><ele>67.0</ele></trkpt>
      <trkpt lat="53.372840" lon="12.586789"><ele>67.0</ele></trkpt>
      <trkpt lat="53.372844" lon="12.586877"><ele>67.0</ele></trkpt>
      <trkpt lat="53.372822" lon="12.587061"><ele>67.0</ele></trkpt>
      <trkpt lat="53.372798" lon="12.587214"><ele>67.0</ele></trkpt>
      <trkpt lat="53.372791" lon="12.587327"><ele>66.5</ele></trkpt>
      <trkpt lat="53.372787" lon="12.587414"><ele>66.2</ele></trkpt>
      <trkpt lat="53.372794" lon="12.587566"><ele>66.0</ele></trkpt>
      <trkpt lat="53.372761" lon="12.587595"><ele>65.8</ele></trkpt>
      <trkpt lat="53.372715" lon="12.587687"><ele>65.8</ele></trkpt>
      <trkpt lat="53.372813" lon="12.587956"><ele>65.2</ele></trkpt>
      <trkpt lat="53.372896" lon="12.588107"><ele>65.2</ele></trkpt>
      <trkpt lat="53.373052" lon="12.588558"><ele>65.8</ele></trkpt>
      <trkpt lat="53.373296" lon="12.589246"><ele>67.0</ele></trkpt>
      <trkpt lat="53.373324" lon="12.589381"><ele>67.0</ele></trkpt>
      <trkpt lat="53.373352" lon="12.589511"><ele>67.0</ele></trkpt>
      <trkpt lat="53.373482" lon="12.589893"><ele>67.0</ele></trkpt>
      <trkpt lat="53.373511" lon="12.590007"><ele>67.0</ele></trkpt>
      <trkpt lat="53.373950" lon="12.591259"><ele>65.5</ele></trkpt>
      <trkpt lat="53.374027" lon="12.591475"><ele>65.2</ele></trkpt>
      <trkpt lat="53.374108" lon="12.591655"><ele>65.8</ele></trkpt>
      <trkpt lat="53.374150" lon="12.591723"><ele>65.5</ele></trkpt>
      <trkpt lat="53.374311" lon="12.592175"><ele>65.5</ele></trkpt>
      <trkpt lat="53.374354" lon="12.592177"><ele>65.5</ele></trkpt>
      <trkpt lat="53.374476" lon="12.592511"><ele>65.0</ele></trkpt>
      <trkpt lat="53.374547" lon="12.592743"><ele>65.2</ele></trkpt>
      <trkpt lat="53.374637" lon="12.593103"><ele>65.0</ele></trkpt>
      <trkpt lat="53.374680" lon="12.593326"><ele>65.0</ele></trkpt>
      <trkpt lat="53.374710" lon="12.593568"><ele>65.0</ele></trkpt>
      <trkpt lat="53.374765" lon="12.594281"><ele>65.0</ele></trkpt>
      <trkpt lat="53.374795" lon="12.594720"><ele>65.0</ele></trkpt>
      <trkpt lat="53.374818" lon="12.595049"><ele>64.8</ele></trkpt>
      <trkpt lat="53.374822" lon="12.595215"><ele>65.0</ele></trkpt>
      <trkpt lat="53.374824" lon="12.595303"><ele>65.0</ele></trkpt>
      <trkpt lat="53.374814" lon="12.595469"><ele>65.0</ele></trkpt>
      <trkpt lat="53.374810" lon="12.595534"><ele>65.0</ele></trkpt>
      <trkpt lat="53.374768" lon="12.595792"><ele>65.0</ele></trkpt>
      <trkpt lat="53.374704" lon="12.596072"><ele>65.0</ele></trkpt>
      <trkpt lat="53.374958" lon="12.597600"><ele>65.5</ele></trkpt>
      <trkpt lat="53.375080" lon="12.598292"><ele>65.5</ele></trkpt>
      <trkpt lat="53.375122" lon="12.598551"><ele>66.0</ele></trkpt>
      <trkpt lat="53.375157" lon="12.599888"><ele>69.2</ele></trkpt>
      <trkpt lat="53.375155" lon="12.600006"><ele>67.8</ele></trkpt>
      <trkpt lat="53.375149" lon="12.600466"><ele>67.8</ele></trkpt>
      <trkpt lat="53.375097" lon="12.600728"><ele>66.5</ele></trkpt>
      <trkpt lat="53.374802" lon="12.601401"><ele>65.0</ele></trkpt>
      <trkpt lat="53.375019" lon="12.601708"><ele>64.8</ele></trkpt>
      <trkpt lat="53.375129" lon="12.601897"><ele>65.0</ele></trkpt>
      <trkpt lat="53.375223" lon="12.602038"><ele>65.0</ele></trkpt>
      <trkpt lat="53.375345" lon="12.602141"><ele>65.0</ele></trkpt>
      <trkpt lat="53.375644" lon="12.602332"><ele>65.0</ele></trkpt>
      <trkpt lat="53.375943" lon="12.602506"><ele>65.0</ele></trkpt>
      <trkpt lat="53.376713" lon="12.602923"><ele>63.8</ele></trkpt>
      <trkpt lat="53.376842" lon="12.603044"><ele>63.2</ele></trkpt>
      <trkpt lat="53.376861" lon="12.603137"><ele>63.5</ele></trkpt>
      <trkpt lat="53.376860" lon="12.603231"><ele>63.5</ele></trkpt>
      <trkpt lat="53.376840" lon="12.603339"><ele>64.0</ele></trkpt>
      <trkpt lat="53.376668" lon="12.603821"><ele>64.0</ele></trkpt>
      <trkpt lat="53.376618" lon="12.603953"><ele>64.2</ele></trkpt>
      <trkpt lat="53.376484" lon="12.604314"><ele>65.2</ele></trkpt>
      <trkpt lat="53.376351" lon="12.604665"><ele>66.0</ele></trkpt>
      <trkpt lat="53.375989" lon="12.605621"><ele>67.8</ele></trkpt>
      <trkpt lat="53.375968" lon="12.605739"><ele>67.5</ele></trkpt>
      <trkpt lat="53.375935" lon="12.605933"><ele>67.5</ele></trkpt>
      <trkpt lat="53.376201" lon="12.606076"><ele>67.0</ele></trkpt>
      <trkpt lat="53.376012" lon="12.607314"><ele>67.0</ele></trkpt>
      <trkpt lat="53.375986" lon="12.607459"><ele>67.0</ele></trkpt>
      <trkpt lat="53.375827" lon="12.608274"><ele>67.0</ele></trkpt>
      <trkpt lat="53.375733" lon="12.608627"><ele>67.8</ele></trkpt>
      <trkpt lat="53.375509" lon="12.609126"><ele>67.0</ele></trkpt>
      <trkpt lat="53.375454" lon="12.609249"><ele>66.8</ele></trkpt>
      <trkpt lat="53.375338" lon="12.609513"><ele>66.5</ele></trkpt>
      <trkpt lat="53.375304" lon="12.609599"><ele>66.2</ele></trkpt>
      <trkpt lat="53.375240" lon="12.609731"><ele>66.0</ele></trkpt>
      <trkpt lat="53.375187" lon="12.609800"><ele>66.0</ele></trkpt>
      <trkpt lat="53.374887" lon="12.610128"><ele>66.0</ele></trkpt>
      <trkpt lat="53.374810" lon="12.610213"><ele>66.0</ele></trkpt>
      <trkpt lat="53.374580" lon="12.610477"><ele>66.5</ele></trkpt>
      <trkpt lat="53.374475" lon="12.610598"><ele>66.8</ele></trkpt>
      <trkpt lat="53.374374" lon="12.610710"><ele>67.0</ele></trkpt>
      <trkpt lat="53.374061" lon="12.611052"><ele>67.0</ele></trkpt>
      <trkpt lat="53.373972" lon="12.611150"><ele>67.0</ele></trkpt>
      <trkpt lat="53.373700" lon="12.611467"><ele>67.8</ele></trkpt>
      <trkpt lat="53.373551" lon="12.611640"><ele>68.0</ele></trkpt>
      <trkpt lat="53.373532" lon="12.611661"><ele>68.0</ele></trkpt>
      <trkpt lat="53.373491" lon="12.611707"><ele>68.0</ele></trkpt>
      <trkpt lat="53.373163" lon="12.612075"><ele>69.5</ele></trkpt>
      <trkpt lat="53.372946" lon="12.612329"><ele>70.0</ele></trkpt>
      <trkpt lat="53.372567" lon="12.612764"><ele>70.0</ele></trkpt>
      <trkpt lat="53.372407" lon="12.612938"><ele>70.2</ele></trkpt>
      <trkpt lat="53.371872" lon="12.613397"><ele>71.0</ele></trkpt>
      <trkpt lat="53.371826" lon="12.613436"><ele>71.0</ele></trkpt>
      <trkpt lat="53.371812" lon="12.613570"><ele>71.0</ele></trkpt>
      <trkpt lat="53.371752" lon="12.614132"><ele>71.0</ele></trkpt>
      <trkpt lat="53.371732" lon="12.614322"><ele>71.0</ele></trkpt>
      <trkpt lat="53.371556" lon="12.615179"><ele>71.2</ele></trkpt>
      <trkpt lat="53.371519" lon="12.615332"><ele>71.2</ele></trkpt>
      <trkpt lat="53.371336" lon="12.616079"><ele>71.8</ele></trkpt>
      <trkpt lat="53.369806" lon="12.615891"><ele>70.2</ele></trkpt>
      <trkpt lat="53.369824" lon="12.615772"><ele>70.0</ele></trkpt>
      <trkpt lat="53.369787" lon="12.615622"><ele>69.5</ele></trkpt>
      <trkpt lat="53.369746" lon="12.615544"><ele>69.0</ele></trkpt>
      <trkpt lat="53.369591" lon="12.615763"><ele>69.2</ele></trkpt>
      <trkpt lat="53.369367" lon="12.616047"><ele>69.2</ele></trkpt>
      <trkpt lat="53.369130" lon="12.616349"><ele>68.5</ele></trkpt>
      <trkpt lat="53.369101" lon="12.616387"><ele>68.8</ele></trkpt>
      <trkpt lat="53.368921" lon="12.616613"><ele>68.0</ele></trkpt>
      <trkpt lat="53.368413" lon="12.617262"><ele>68.0</ele></trkpt>
      <trkpt lat="53.367669" lon="12.618189"><ele>68.2</ele></trkpt>
      <trkpt lat="53.367440" lon="12.618426"><ele>69.0</ele></trkpt>
      <trkpt lat="53.367205" lon="12.618613"><ele>69.0</ele></trkpt>
      <trkpt lat="53.366843" lon="12.618824"><ele>69.0</ele></trkpt>
      <trkpt lat="53.365246" lon="12.619518"><ele>71.0</ele></trkpt>
      <trkpt lat="53.364931" lon="12.619644"><ele>71.0</ele></trkpt>
      <trkpt lat="53.364634" lon="12.619763"><ele>71.2</ele></trkpt>
      <trkpt lat="53.363885" lon="12.619997"><ele>72.0</ele></trkpt>
      <trkpt lat="53.363507" lon="12.620116"><ele>72.0</ele></trkpt>
      <trkpt lat="53.361386" lon="12.620724"><ele>72.0</ele></trkpt>
      <trkpt lat="53.361176" lon="12.625898"><ele>72.0</ele></trkpt>
      <trkpt lat="53.361161" lon="12.626428"><ele>72.0</ele></trkpt>
      <trkpt lat="53.361107" lon="12.627219"><ele>72.0</ele></trkpt>
      <trkpt lat="53.360841" lon="12.632316"><ele>72.0</ele></trkpt>
      <trkpt lat="53.360640" lon="12.635935"><ele>71.0</ele></trkpt>
      <trkpt lat="53.360649" lon="12.636100"><ele>71.0</ele></trkpt>
      <trkpt lat="53.360688" lon="12.636221"><ele>71.0</ele></trkpt>
      <trkpt lat="53.360529" lon="12.636370"><ele>71.0</ele></trkpt>
      <trkpt lat="53.360178" lon="12.636580"><ele>71.0</ele></trkpt>
      <trkpt lat="53.358660" lon="12.637189"><ele>70.2</ele></trkpt>
      <trkpt lat="53.358418" lon="12.637208"><ele>70.0</ele></trkpt>
      <trkpt lat="53.358242" lon="12.637259"><ele>70.0</ele></trkpt>
      <trkpt lat="53.357856" lon="12.637519"><ele>70.0</ele></trkpt>
      <trkpt lat="53.356935" lon="12.638083"><ele>71.0</ele></trkpt>
      <trkpt lat="53.356560" lon="12.638351"><ele>71.0</ele></trkpt>
      <trkpt lat="53.355951" lon="12.639418"><ele>72.0</ele></trkpt>
      <trkpt lat="53.355350" lon="12.640525"><ele>72.0</ele></trkpt>
      <trkpt lat="53.354549" lon="12.641970"><ele>73.5</ele></trkpt>
      <trkpt lat="53.354144" lon="12.642828"><ele>74.8</ele></trkpt>
      <trkpt lat="53.354082" lon="12.643042"><ele>74.5</ele></trkpt>
      <trkpt lat="53.353878" lon="12.643518"><ele>74.0</ele></trkpt>
      <trkpt lat="53.353089" lon="12.645737"><ele>72.0</ele></trkpt>
      <trkpt lat="53.352172" lon="12.648497"><ele>70.5</ele></trkpt>
      <trkpt lat="53.350346" lon="12.654035"><ele>77.0</ele></trkpt>
      <trkpt lat="53.350229" lon="12.654335"><ele>77.0</ele></trkpt>
      <trkpt lat="53.348262" lon="12.660280"><ele>73.8</ele></trkpt>
      <trkpt lat="53.347886" lon="12.661458"><ele>70.0</ele></trkpt>
      <trkpt lat="53.347735" lon="12.661928"><ele>70.0</ele></trkpt>
      <trkpt lat="53.344877" lon="12.670521"><ele>65.5</ele></trkpt>
      <trkpt lat="53.344796" lon="12.670767"><ele>65.2</ele></trkpt>
      <trkpt lat="53.344659" lon="12.671182"><ele>64.8</ele></trkpt>
      <trkpt lat="53.344568" lon="12.671410"><ele>64.2</ele></trkpt>
      <trkpt lat="53.344455" lon="12.671599"><ele>64.0</ele></trkpt>
      <trkpt lat="53.344383" lon="12.671695"><ele>64.0</ele></trkpt>
      <trkpt lat="53.344243" lon="12.671811"><ele>64.0</ele></trkpt>
      <trkpt lat="53.343917" lon="12.671952"><ele>63.0</ele></trkpt>
      <trkpt lat="53.343822" lon="12.671966"><ele>63.0</ele></trkpt>
      <trkpt lat="53.343696" lon="12.671944"><ele>63.0</ele></trkpt>
      <trkpt lat="53.343574" lon="12.671867"><ele>63.0</ele></trkpt>
      <trkpt lat="53.343237" lon="12.671576"><ele>62.2</ele></trkpt>
      <trkpt lat="53.343057" lon="12.671487"><ele>62.0</ele></trkpt>
      <trkpt lat="53.342929" lon="12.671462"><ele>62.8</ele></trkpt>
      <trkpt lat="53.342852" lon="12.671474"><ele>63.2</ele></trkpt>
      <trkpt lat="53.342812" lon="12.671493"><ele>63.8</ele></trkpt>
      <trkpt lat="53.342741" lon="12.671559"><ele>64.0</ele></trkpt>
      <trkpt lat="53.342692" lon="12.671644"><ele>64.2</ele></trkpt>
      <trkpt lat="53.342653" lon="12.671733"><ele>64.2</ele></trkpt>
      <trkpt lat="53.342385" lon="12.672689"><ele>65.2</ele></trkpt>
      <trkpt lat="53.342316" lon="12.672939"><ele>65.5</ele></trkpt>
      <trkpt lat="53.342129" lon="12.673622"><ele>65.2</ele></trkpt>
      <trkpt lat="53.340718" lon="12.679210"><ele>64.5</ele></trkpt>
      <trkpt lat="53.340415" lon="12.680408"><ele>63.2</ele></trkpt>
      <trkpt lat="53.340314" lon="12.680734"><ele>63.0</ele></trkpt>
      <trkpt lat="53.340212" lon="12.680989"><ele>62.2</ele></trkpt>
      <trkpt lat="53.340114" lon="12.681199"><ele>62.0</ele></trkpt>
      <trkpt lat="53.339839" lon="12.681742"><ele>62.0</ele></trkpt>
      <trkpt lat="53.339743" lon="12.681917"><ele>62.0</ele></trkpt>
      <trkpt lat="53.339669" lon="12.682030"><ele>62.0</ele></trkpt>
      <trkpt lat="53.339584" lon="12.682141"><ele>62.0</ele></trkpt>
      <trkpt lat="53.339475" lon="12.682263"><ele>62.0</ele></trkpt>
      <trkpt lat="53.339352" lon="12.682383"><ele>62.0</ele></trkpt>
      <trkpt lat="53.339097" lon="12.682592"><ele>62.0</ele></trkpt>
      <trkpt lat="53.338922" lon="12.682703"><ele>62.0</ele></trkpt>
      <trkpt lat="53.338833" lon="12.682745"><ele>62.0</ele></trkpt>
      <trkpt lat="53.338655" lon="12.682803"><ele>62.0</ele></trkpt>
      <trkpt lat="53.337710" lon="12.683059"><ele>63.2</ele></trkpt>
      <trkpt lat="53.337406" lon="12.683124"><ele>64.0</ele></trkpt>
      <trkpt lat="53.337137" lon="12.683152"><ele>64.0</ele></trkpt>
      <trkpt lat="53.336667" lon="12.683160"><ele>64.0</ele></trkpt>
      <trkpt lat="53.336574" lon="12.683189"><ele>64.0</ele></trkpt>
      <trkpt lat="53.336433" lon="12.683233"><ele>64.0</ele></trkpt>
      <trkpt lat="53.336051" lon="12.683371"><ele>64.0</ele></trkpt>
      <trkpt lat="53.335724" lon="12.683520"><ele>64.8</ele></trkpt>
      <trkpt lat="53.335554" lon="12.683630"><ele>65.0</ele></trkpt>
      <trkpt lat="53.335438" lon="12.683718"><ele>65.0</ele></trkpt>
      <trkpt lat="53.335447" lon="12.683787"><ele>65.0</ele></trkpt>
      <trkpt lat="53.334981" lon="12.684274"><ele>65.0</ele></trkpt>
      <trkpt lat="53.334724" lon="12.684502"><ele>65.0</ele></trkpt>
      <trkpt lat="53.334221" lon="12.684974"><ele>65.0</ele></trkpt>
      <trkpt lat="53.333900" lon="12.685280"><ele>65.0</ele></trkpt>
      <trkpt lat="53.333619" lon="12.685565"><ele>65.0</ele></trkpt>
      <trkpt lat="53.332860" lon="12.686421"><ele>64.8</ele></trkpt>
      <trkpt lat="53.332777" lon="12.686492"><ele>65.0</ele></trkpt>
      <trkpt lat="53.332235" lon="12.687120"><ele>65.0</ele></trkpt>
      <trkpt lat="53.332198" lon="12.687084"><ele>65.0</ele></trkpt>
      <trkpt lat="53.331990" lon="12.687340"><ele>65.0</ele></trkpt>
      <trkpt lat="53.331869" lon="12.687559"><ele>65.0</ele></trkpt>
      <trkpt lat="53.331466" lon="12.688083"><ele>65.0</ele></trkpt>
      <trkpt lat="53.331367" lon="12.688212"><ele>65.0</ele></trkpt>
      <trkpt lat="53.331311" lon="12.688284"><ele>65.0</ele></trkpt>
      <trkpt lat="53.331135" lon="12.688521"><ele>65.0</ele></trkpt>
      <trkpt lat="53.330886" lon="12.688807"><ele>65.0</ele></trkpt>
      <trkpt lat="53.330779" lon="12.688934"><ele>65.0</ele></trkpt>
      <trkpt lat="53.330697" lon="12.688974"><ele>65.0</ele></trkpt>
      <trkpt lat="53.330608" lon="12.688987"><ele>65.0</ele></trkpt>
      <trkpt lat="53.330560" lon="12.688977"><ele>64.8</ele></trkpt>
      <trkpt lat="53.330483" lon="12.688949"><ele>65.0</ele></trkpt>
      <trkpt lat="53.330042" lon="12.688731"><ele>65.0</ele></trkpt>
      <trkpt lat="53.329938" lon="12.688688"><ele>65.0</ele></trkpt>
      <trkpt lat="53.329870" lon="12.688682"><ele>65.0</ele></trkpt>
      <trkpt lat="53.329814" lon="12.688689"><ele>65.0</ele></trkpt>
      <trkpt lat="53.329753" lon="12.688711"><ele>65.0</ele></trkpt>
      <trkpt lat="53.329669" lon="12.688753"><ele>65.0</ele></trkpt>
      <trkpt lat="53.329433" lon="12.688969"><ele>65.0</ele></trkpt>
      <trkpt lat="53.329348" lon="12.689049"><ele>65.0</ele></trkpt>
      <trkpt lat="53.329003" lon="12.689321"><ele>65.0</ele></trkpt>
      <trkpt lat="53.328887" lon="12.689370"><ele>65.0</ele></trkpt>
      <trkpt lat="53.328762" lon="12.689405"><ele>65.0</ele></trkpt>
      <trkpt lat="53.328637" lon="12.689428"><ele>65.0</ele></trkpt>
      <trkpt lat="53.328526" lon="12.689430"><ele>65.0</ele></trkpt>
      <trkpt lat="53.328417" lon="12.689425"><ele>65.0</ele></trkpt>
      <trkpt lat="53.328206" lon="12.689372"><ele>65.0</ele></trkpt>
      <trkpt lat="53.327754" lon="12.689208"><ele>65.0</ele></trkpt>
      <trkpt lat="53.327684" lon="12.689164"><ele>65.0</ele></trkpt>
      <trkpt lat="53.327600" lon="12.689111"><ele>65.0</ele></trkpt>
      <trkpt lat="53.327105" lon="12.688798"><ele>65.0</ele></trkpt>
      <trkpt lat="53.327008" lon="12.688746"><ele>65.0</ele></trkpt>
      <trkpt lat="53.326816" lon="12.688679"><ele>65.0</ele></trkpt>
      <trkpt lat="53.326631" lon="12.688655"><ele>65.0</ele></trkpt>
      <trkpt lat="53.326400" lon="12.688625"><ele>65.0</ele></trkpt>
      <trkpt lat="53.326343" lon="12.688789"><ele>65.0</ele></trkpt>
      <trkpt lat="53.326256" lon="12.689036"><ele>65.0</ele></trkpt>
      <trkpt lat="53.326198" lon="12.689202"><ele>65.0</ele></trkpt>
      <trkpt lat="53.325907" lon="12.690031"><ele>65.0</ele></trkpt>
      <trkpt lat="53.325660" lon="12.690735"><ele>65.0</ele></trkpt>
      <trkpt lat="53.325193" lon="12.692062"><ele>64.2</ele></trkpt>
      <trkpt lat="53.325092" lon="12.692349"><ele>64.0</ele></trkpt>
      <trkpt lat="53.324890" lon="12.692923"><ele>62.8</ele></trkpt>
      <trkpt lat="53.324668" lon="12.693555"><ele>62.0</ele></trkpt>
      <trkpt lat="53.324619" lon="12.693511"><ele>62.0</ele></trkpt>
      <trkpt lat="53.324325" lon="12.694334"><ele>62.0</ele></trkpt>
      <trkpt lat="53.324184" lon="12.694729"><ele>61.8</ele></trkpt>
      <trkpt lat="53.323261" lon="12.697307"><ele>62.0</ele></trkpt>
      <trkpt lat="53.323209" lon="12.697383"><ele>62.0</ele></trkpt>
      <trkpt lat="53.323162" lon="12.697473"><ele>62.0</ele></trkpt>
      <trkpt lat="53.323134" lon="12.697558"><ele>62.0</ele></trkpt>
      <trkpt lat="53.323117" lon="12.697648"><ele>62.0</ele></trkpt>
      <trkpt lat="53.322782" lon="12.698567"><ele>62.0</ele></trkpt>
      <trkpt lat="53.322699" lon="12.698737"><ele>62.0</ele></trkpt>
      <trkpt lat="53.322674" lon="12.698796"><ele>62.0</ele></trkpt>
      <trkpt lat="53.322652" lon="12.698864"><ele>62.0</ele></trkpt>
      <trkpt lat="53.322638" lon="12.698941"><ele>62.0</ele></trkpt>
      <trkpt lat="53.322582" lon="12.699107"><ele>62.0</ele></trkpt>
      <trkpt lat="53.321064" lon="12.697900"><ele>62.5</ele></trkpt>
      <trkpt lat="53.320117" lon="12.697470"><ele>62.8</ele></trkpt>
      <trkpt lat="53.319767" lon="12.697343"><ele>63.2</ele></trkpt>
      <trkpt lat="53.319502" lon="12.697229"><ele>63.8</ele></trkpt>
      <trkpt lat="53.319228" lon="12.697153"><ele>64.8</ele></trkpt>
      <trkpt lat="53.319141" lon="12.697142"><ele>65.0</ele></trkpt>
      <trkpt lat="53.318848" lon="12.697200"><ele>65.0</ele></trkpt>
      <trkpt lat="53.318142" lon="12.697383"><ele>65.0</ele></trkpt>
      <trkpt lat="53.317465" lon="12.697662"><ele>65.0</ele></trkpt>
      <trkpt lat="53.311333" lon="12.700195"><ele>65.0</ele></trkpt>
      <trkpt lat="53.311118" lon="12.700333"><ele>65.0</ele></trkpt>
      <trkpt lat="53.310911" lon="12.700509"><ele>65.0</ele></trkpt>
      <trkpt lat="53.310708" lon="12.700739"><ele>65.0</ele></trkpt>
      <trkpt lat="53.309667" lon="12.702063"><ele>65.0</ele></trkpt>
      <trkpt lat="53.308798" lon="12.703371"><ele>65.0</ele></trkpt>
      <trkpt lat="53.308734" lon="12.703451"><ele>65.0</ele></trkpt>
      <trkpt lat="53.306862" lon="12.705302"><ele>65.0</ele></trkpt>
      <trkpt lat="53.306730" lon="12.705398"><ele>65.0</ele></trkpt>
      <trkpt lat="53.304758" lon="12.705545"><ele>65.0</ele></trkpt>
      <trkpt lat="53.302721" lon="12.705709"><ele>66.0</ele></trkpt>
      <trkpt lat="53.301763" lon="12.705777"><ele>66.0</ele></trkpt>
      <trkpt lat="53.300158" lon="12.705857"><ele>66.0</ele></trkpt>
      <trkpt lat="53.300466" lon="12.708142"><ele>66.0</ele></trkpt>
      <trkpt lat="53.300650" lon="12.709494"><ele>66.0</ele></trkpt>
      <trkpt lat="53.300657" lon="12.709883"><ele>65.5</ele></trkpt>
      <trkpt lat="53.300659" lon="12.709983"><ele>65.2</ele></trkpt>
      <trkpt lat="53.300660" lon="12.710043"><ele>65.2</ele></trkpt>
      <trkpt lat="53.300663" lon="12.710210"><ele>65.2</ele></trkpt>
      <trkpt lat="53.300792" lon="12.716600"><ele>64.8</ele></trkpt>
      <trkpt lat="53.300899" lon="12.721571"><ele>65.0</ele></trkpt>
      <trkpt lat="53.300891" lon="12.721776"><ele>64.5</ele></trkpt>
      <trkpt lat="53.300877" lon="12.721953"><ele>64.0</ele></trkpt>
      <trkpt lat="53.300847" lon="12.722175"><ele>64.0</ele></trkpt>
      <trkpt lat="53.300636" lon="12.723142"><ele>62.5</ele></trkpt>
      <trkpt lat="53.300347" lon="12.724598"><ele>62.8</ele></trkpt>
      <trkpt lat="53.300273" lon="12.724870"><ele>63.0</ele></trkpt>
      <trkpt lat="53.300186" lon="12.725097"><ele>63.5</ele></trkpt>
      <trkpt lat="53.299935" lon="12.725625"><ele>64.2</ele></trkpt>
      <trkpt lat="53.299648" lon="12.726173"><ele>65.0</ele></trkpt>
      <trkpt lat="53.299496" lon="12.726413"><ele>65.0</ele></trkpt>
      <trkpt lat="53.299207" lon="12.726824"><ele>65.0</ele></trkpt>
      <trkpt lat="53.297345" lon="12.729358"><ele>65.0</ele></trkpt>
      <trkpt lat="53.297267" lon="12.729472"><ele>65.0</ele></trkpt>
      <trkpt lat="53.297188" lon="12.729607"><ele>65.0</ele></trkpt>
      <trkpt lat="53.297123" lon="12.729749"><ele>65.0</ele></trkpt>
      <trkpt lat="53.297064" lon="12.729904"><ele>65.0</ele></trkpt>
      <trkpt lat="53.296859" lon="12.730586"><ele>65.0</ele></trkpt>
      <trkpt lat="53.296330" lon="12.732626"><ele>65.0</ele></trkpt>
      <trkpt lat="53.295322" lon="12.736595"><ele>65.0</ele></trkpt>
      <trkpt lat="53.295156" lon="12.737186"><ele>65.0</ele></trkpt>
      <trkpt lat="53.295032" lon="12.737244"><ele>65.0</ele></trkpt>
      <trkpt lat="53.294147" lon="12.737714"><ele>65.0</ele></trkpt>
      <trkpt lat="53.293702" lon="12.737997"><ele>65.0</ele></trkpt>
      <trkpt lat="53.293504" lon="12.738148"><ele>65.2</ele></trkpt>
      <trkpt lat="53.293357" lon="12.738275"><ele>65.8</ele></trkpt>
      <trkpt lat="53.293156" lon="12.738450"><ele>66.0</ele></trkpt>
      <trkpt lat="53.292376" lon="12.736030"><ele>65.8</ele></trkpt>
      <trkpt lat="53.291622" lon="12.733726"><ele>66.0</ele></trkpt>
      <trkpt lat="53.290100" lon="12.729144"><ele>66.0</ele></trkpt>
      <trkpt lat="53.290051" lon="12.729033"><ele>66.0</ele></trkpt>
      <trkpt lat="53.289990" lon="12.728933"><ele>66.0</ele></trkpt>
      <trkpt lat="53.289543" lon="12.728434"><ele>66.0</ele></trkpt>
      <trkpt lat="53.288895" lon="12.727744"><ele>65.8</ele></trkpt>
      <trkpt lat="53.286999" lon="12.725851"><ele>66.0</ele></trkpt>
      <trkpt lat="53.281282" lon="12.720378"><ele>66.0</ele></trkpt>
      <trkpt lat="53.279741" lon="12.732026"><ele>70.0</ele></trkpt>
      <trkpt lat="53.279572" lon="12.733710"><ele>69.5</ele></trkpt>
      <trkpt lat="53.279424" lon="12.733617"><ele>69.8</ele></trkpt>
      <trkpt lat="53.278767" lon="12.733629"><ele>68.5</ele></trkpt>
      <trkpt lat="53.275158" lon="12.733965"><ele>68.5</ele></trkpt>
      <trkpt lat="53.271327" lon="12.733685"><ele>68.0</ele></trkpt>
      <trkpt lat="53.270477" lon="12.733594"><ele>68.0</ele></trkpt>
      <trkpt lat="53.270384" lon="12.733536"><ele>68.0</ele></trkpt>
      <trkpt lat="53.270333" lon="12.733543"><ele>68.0</ele></trkpt>
      <trkpt lat="53.270283" lon="12.733582"><ele>68.0</ele></trkpt>
      <trkpt lat="53.270182" lon="12.733596"><ele>68.0</ele></trkpt>
      <trkpt lat="53.269357" lon="12.733506"><ele>69.0</ele></trkpt>
      <trkpt lat="53.268079" lon="12.732829"><ele>68.8</ele></trkpt>
      <trkpt lat="53.267794" lon="12.732787"><ele>69.0</ele></trkpt>
      <trkpt lat="53.267197" lon="12.732504"><ele>69.0</ele></trkpt>
      <trkpt lat="53.265809" lon="12.731728"><ele>69.0</ele></trkpt>
      <trkpt lat="53.265767" lon="12.731593"><ele>69.0</ele></trkpt>
      <trkpt lat="53.265720" lon="12.731719"><ele>69.0</ele></trkpt>
      <trkpt lat="53.265629" lon="12.731631"><ele>69.0</ele></trkpt>
      <trkpt lat="53.265452" lon="12.731358"><ele>69.0</ele></trkpt>
      <trkpt lat="53.264803" lon="12.730353"><ele>69.0</ele></trkpt>
      <trkpt lat="53.264018" lon="12.728838"><ele>67.8</ele></trkpt>
      <trkpt lat="53.262593" lon="12.728645"><ele>69.0</ele></trkpt>
      <trkpt lat="53.262135" lon="12.728583"><ele>69.0</ele></trkpt>
      <trkpt lat="53.261461" lon="12.728492"><ele>69.8</ele></trkpt>
      <trkpt lat="53.260814" lon="12.728455"><ele>69.2</ele></trkpt>
      <trkpt lat="53.257809" lon="12.728281"><ele>69.0</ele></trkpt>
      <trkpt lat="53.252207" lon="12.740407"><ele>72.0</ele></trkpt>
      <trkpt lat="53.251321" lon="12.742609"><ele>75.0</ele></trkpt>
      <trkpt lat="53.250114" lon="12.744687"><ele>75.5</ele></trkpt>
      <trkpt lat="53.249762" lon="12.745249"><ele>77.5</ele></trkpt>
      <trkpt lat="53.249113" lon="12.746057"><ele>75.0</ele></trkpt>
      <trkpt lat="53.248623" lon="12.746552"><ele>75.2</ele></trkpt>
      <trkpt lat="53.248331" lon="12.747108"><ele>75.0</ele></trkpt>
      <trkpt lat="53.248054" lon="12.747593"><ele>75.0</ele></trkpt>
      <trkpt lat="53.247758" lon="12.748040"><ele>75.0</ele></trkpt>
      <trkpt lat="53.246664" lon="12.749773"><ele>76.8</ele></trkpt>
      <trkpt lat="53.245567" lon="12.751437"><ele>76.0</ele></trkpt>
      <trkpt lat="53.244910" lon="12.752430"><ele>80.0</ele></trkpt>
      <trkpt lat="53.243723" lon="12.754297"><ele>82.0</ele></trkpt>
      <trkpt lat="53.242912" lon="12.755464"><ele>82.0</ele></trkpt>
      <trkpt lat="53.241924" lon="12.757021"><ele>82.0</ele></trkpt>
      <trkpt lat="53.240495" lon="12.759152"><ele>82.0</ele></trkpt>
      <trkpt lat="53.239357" lon="12.760197"><ele>82.0</ele></trkpt>
      <trkpt lat="53.237828" lon="12.761565"><ele>83.8</ele></trkpt>
      <trkpt lat="53.236367" lon="12.762840"><ele>88.0</ele></trkpt>
      <trkpt lat="53.232698" lon="12.766169"><ele>94.8</ele></trkpt>
      <trkpt lat="53.231583" lon="12.767388"><ele>90.2</ele></trkpt>
      <trkpt lat="53.231444" lon="12.768251"><ele>88.2</ele></trkpt>
      <trkpt lat="53.230399" lon="12.775218"><ele>87.0</ele></trkpt>
      <trkpt lat="53.230202" lon="12.776515"><ele>87.0</ele></trkpt>
      <trkpt lat="53.229687" lon="12.779850"><ele>81.2</ele></trkpt>
      <trkpt lat="53.229659" lon="12.780073"><ele>80.5</ele></trkpt>
      <trkpt lat="53.229570" lon="12.780628"><ele>79.2</ele></trkpt>
      <trkpt lat="53.229530" lon="12.780877"><ele>78.8</ele></trkpt>
      <trkpt lat="53.229491" lon="12.781245"><ele>78.0</ele></trkpt>
      <trkpt lat="53.229521" lon="12.781402"><ele>78.0</ele></trkpt>
      <trkpt lat="53.229557" lon="12.781545"><ele>78.0</ele></trkpt>
      <trkpt lat="53.229624" lon="12.781704"><ele>77.8</ele></trkpt>
      <trkpt lat="53.229705" lon="12.781828"><ele>77.8</ele></trkpt>
      <trkpt lat="53.229782" lon="12.781895"><ele>78.0</ele></trkpt>
      <trkpt lat="53.229868" lon="12.781934"><ele>78.0</ele></trkpt>
      <trkpt lat="53.230399" lon="12.781661"><ele>79.0</ele></trkpt>
      <trkpt lat="53.230562" lon="12.782495"><ele>77.0</ele></trkpt>
      <trkpt lat="53.230573" lon="12.782654"><ele>76.2</ele></trkpt>
      <trkpt lat="53.230564" lon="12.782844"><ele>75.8</ele></trkpt>
      <trkpt lat="53.230567" lon="12.782909"><ele>75.5</ele></trkpt>
      <trkpt lat="53.230576" lon="12.782963"><ele>75.2</ele></trkpt>
      <trkpt lat="53.230612" lon="12.783075"><ele>74.8</ele></trkpt>
      <trkpt lat="53.230916" lon="12.783635"><ele>72.8</ele></trkpt>
      <trkpt lat="53.231253" lon="12.784153"><ele>70.5</ele></trkpt>
      <trkpt lat="53.231524" lon="12.784398"><ele>69.5</ele></trkpt>
      <trkpt lat="53.231822" lon="12.784580"><ele>67.5</ele></trkpt>
      <trkpt lat="53.232162" lon="12.784620"><ele>65.0</ele></trkpt>
      <trkpt lat="53.232278" lon="12.784712"><ele>63.8</ele></trkpt>
      <trkpt lat="53.232939" lon="12.784650"><ele>62.2</ele></trkpt>
      <trkpt lat="53.233143" lon="12.784681"><ele>62.0</ele></trkpt>
      <trkpt lat="53.234100" lon="12.784805"><ele>63.5</ele></trkpt>
      <trkpt lat="53.234639" lon="12.784843"><ele>63.0</ele></trkpt>
      <trkpt lat="53.234837" lon="12.784895"><ele>63.2</ele></trkpt>
      <trkpt lat="53.235429" lon="12.785884"><ele>63.0</ele></trkpt>
      <trkpt lat="53.235546" lon="12.786142"><ele>62.8</ele></trkpt>
      <trkpt lat="53.235810" lon="12.786584"><ele>62.0</ele></trkpt>
      <trkpt lat="53.236079" lon="12.787052"><ele>61.2</ele></trkpt>
      <trkpt lat="53.236393" lon="12.787259"><ele>60.8</ele></trkpt>
      <trkpt lat="53.236642" lon="12.787155"><ele>60.2</ele></trkpt>
      <trkpt lat="53.236963" lon="12.787302"><ele>60.0</ele></trkpt>
      <trkpt lat="53.237116" lon="12.787555"><ele>60.0</ele></trkpt>
      <trkpt lat="53.237225" lon="12.787898"><ele>60.0</ele></trkpt>
      <trkpt lat="53.237234" lon="12.788257"><ele>59.2</ele></trkpt>
      <trkpt lat="53.237305" lon="12.788616"><ele>59.0</ele></trkpt>
      <trkpt lat="53.237368" lon="12.788826"><ele>59.0</ele></trkpt>
      <trkpt lat="53.238075" lon="12.791001"><ele>61.2</ele></trkpt>
      <trkpt lat="53.238650" lon="12.792018"><ele>60.0</ele></trkpt>
      <trkpt lat="53.239040" lon="12.792674"><ele>59.8</ele></trkpt>
      <trkpt lat="53.239464" lon="12.793460"><ele>61.2</ele></trkpt>
      <trkpt lat="53.239839" lon="12.793896"><ele>60.0</ele></trkpt>
      <trkpt lat="53.240382" lon="12.794795"><ele>62.8</ele></trkpt>
      <trkpt lat="53.240650" lon="12.795056"><ele>63.0</ele></trkpt>
      <trkpt lat="53.241143" lon="12.795142"><ele>63.2</ele></trkpt>
      <trkpt lat="53.242152" lon="12.795056"><ele>60.0</ele></trkpt>
      <trkpt lat="53.242581" lon="12.795271"><ele>60.8</ele></trkpt>
      <trkpt lat="53.242753" lon="12.795292"><ele>61.0</ele></trkpt>
      <trkpt lat="53.243246" lon="12.795292"><ele>61.8</ele></trkpt>
      <trkpt lat="53.244598" lon="12.795121"><ele>62.2</ele></trkpt>
      <trkpt lat="53.244748" lon="12.795163"><ele>62.5</ele></trkpt>
      <trkpt lat="53.244856" lon="12.795550"><ele>63.0</ele></trkpt>
      <trkpt lat="53.245092" lon="12.797009"><ele>64.8</ele></trkpt>
      <trkpt lat="53.245285" lon="12.797717"><ele>65.0</ele></trkpt>
      <trkpt lat="53.245392" lon="12.798318"><ele>65.0</ele></trkpt>
      <trkpt lat="53.245585" lon="12.798919"><ele>66.0</ele></trkpt>
      <trkpt lat="53.245671" lon="12.799369"><ele>66.0</ele></trkpt>
      <trkpt lat="53.245942" lon="12.800254"><ele>66.0</ele></trkpt>
      <trkpt lat="53.246154" lon="12.800394"><ele>66.0</ele></trkpt>
      <trkpt lat="53.246375" lon="12.800459"><ele>66.0</ele></trkpt>
      <trkpt lat="53.247205" lon="12.800702"><ele>65.0</ele></trkpt>
      <trkpt lat="53.248111" lon="12.801118"><ele>64.8</ele></trkpt>
      <trkpt lat="53.248699" lon="12.801299"><ele>62.5</ele></trkpt>
      <trkpt lat="53.248809" lon="12.801332"><ele>62.8</ele></trkpt>
      <trkpt lat="53.250093" lon="12.801963"><ele>64.8</ele></trkpt>
      <trkpt lat="53.250775" lon="12.802365"><ele>63.0</ele></trkpt>
      <trkpt lat="53.251280" lon="12.802579"><ele>62.2</ele></trkpt>
      <trkpt lat="53.251396" lon="12.802640"><ele>62.5</ele></trkpt>
      <trkpt lat="53.251866" lon="12.802888"><ele>62.2</ele></trkpt>
      <trkpt lat="53.252580" lon="12.803169"><ele>62.0</ele></trkpt>
      <trkpt lat="53.253270" lon="12.803545"><ele>62.0</ele></trkpt>
      <trkpt lat="53.254032" lon="12.803934"><ele>60.8</ele></trkpt>
      <trkpt lat="53.254866" lon="12.804148"><ele>60.5</ele></trkpt>
      <trkpt lat="53.255640" lon="12.804395"><ele>61.2</ele></trkpt>
      <trkpt lat="53.255967" lon="12.804599"><ele>62.0</ele></trkpt>
      <trkpt lat="53.256411" lon="12.805027"><ele>62.0</ele></trkpt>
      <trkpt lat="53.256745" lon="12.803664"><ele>62.5</ele></trkpt>
      <trkpt lat="53.257095" lon="12.802409"><ele>63.0</ele></trkpt>
      <trkpt lat="53.259002" lon="12.798042"><ele>61.5</ele></trkpt>
      <trkpt lat="53.259012" lon="12.797829"><ele>61.8</ele></trkpt>
      <trkpt lat="53.259084" lon="12.798106"><ele>61.2</ele></trkpt>
      <trkpt lat="53.259149" lon="12.798266"><ele>61.8</ele></trkpt>
      <trkpt lat="53.259190" lon="12.798453"><ele>61.8</ele></trkpt>
      <trkpt lat="53.259228" lon="12.798736"><ele>61.5</ele></trkpt>
      <trkpt lat="53.259253" lon="12.799171"><ele>61.5</ele></trkpt>
      <trkpt lat="53.259358" lon="12.799748"><ele>62.0</ele></trkpt>
      <trkpt lat="53.259472" lon="12.800144"><ele>62.2</ele></trkpt>
      <trkpt lat="53.259600" lon="12.800763"><ele>63.2</ele></trkpt>
      <trkpt lat="53.259984" lon="12.802406"><ele>63.0</ele></trkpt>
      <trkpt lat="53.260155" lon="12.803301"><ele>62.5</ele></trkpt>
      <trkpt lat="53.260276" lon="12.804004"><ele>62.0</ele></trkpt>
      <trkpt lat="53.260582" lon="12.805517"><ele>62.0</ele></trkpt>
      <trkpt lat="53.260650" lon="12.806120"><ele>62.0</ele></trkpt>
      <trkpt lat="53.260685" lon="12.806500"><ele>62.0</ele></trkpt>
      <trkpt lat="53.260715" lon="12.806734"><ele>62.0</ele></trkpt>
      <trkpt lat="53.260740" lon="12.807121"><ele>62.0</ele></trkpt>
      <trkpt lat="53.260783" lon="12.807609"><ele>62.0</ele></trkpt>
      <trkpt lat="53.260797" lon="12.807947"><ele>62.0</ele></trkpt>
      <trkpt lat="53.260791" lon="12.808347"><ele>60.8</ele></trkpt>
      <trkpt lat="53.260979" lon="12.809326"><ele>60.0</ele></trkpt>
      <trkpt lat="53.261139" lon="12.809749"><ele>59.8</ele></trkpt>
      <trkpt lat="53.261114" lon="12.810511"><ele>59.0</ele></trkpt>
      <trkpt lat="53.261056" lon="12.811182"><ele>59.0</ele></trkpt>
      <trkpt lat="53.260960" lon="12.811707"><ele>58.8</ele></trkpt>
      <trkpt lat="53.260872" lon="12.812135"><ele>58.5</ele></trkpt>
      <trkpt lat="53.260860" lon="12.812260"><ele>58.8</ele></trkpt>
      <trkpt lat="53.260867" lon="12.812409"><ele>58.8</ele></trkpt>
      <trkpt lat="53.260917" lon="12.812590"><ele>59.2</ele></trkpt>
      <trkpt lat="53.261017" lon="12.812838"><ele>60.0</ele></trkpt>
      <trkpt lat="53.261090" lon="12.812945"><ele>60.0</ele></trkpt>
      <trkpt lat="53.261149" lon="12.813002"><ele>60.0</ele></trkpt>
      <trkpt lat="53.261595" lon="12.813260"><ele>61.5</ele></trkpt>
      <trkpt lat="53.261888" lon="12.813526"><ele>63.0</ele></trkpt>
      <trkpt lat="53.262791" lon="12.814684"><ele>64.8</ele></trkpt>
      <trkpt lat="53.263076" lon="12.814919"><ele>65.2</ele></trkpt>
      <trkpt lat="53.263376" lon="12.815200"><ele>66.5</ele></trkpt>
      <trkpt lat="53.263551" lon="12.815322"><ele>67.0</ele></trkpt>
      <trkpt lat="53.264494" lon="12.815819"><ele>69.8</ele></trkpt>
      <trkpt lat="53.264670" lon="12.815924"><ele>70.0</ele></trkpt>
      <trkpt lat="53.264975" lon="12.816234"><ele>70.0</ele></trkpt>
      <trkpt lat="53.265072" lon="12.816362"><ele>70.0</ele></trkpt>
      <trkpt lat="53.265131" lon="12.816446"><ele>70.5</ele></trkpt>
      <trkpt lat="53.265315" lon="12.816650"><ele>71.0</ele></trkpt>
      <trkpt lat="53.265383" lon="12.816710"><ele>71.0</ele></trkpt>
      <trkpt lat="53.265456" lon="12.816731"><ele>71.0</ele></trkpt>
      <trkpt lat="53.265693" lon="12.816862"><ele>70.5</ele></trkpt>
      <trkpt lat="53.265968" lon="12.817099"><ele>70.0</ele></trkpt>
      <trkpt lat="53.266307" lon="12.817499"><ele>70.2</ele></trkpt>
      <trkpt lat="53.266536" lon="12.818048"><ele>71.2</ele></trkpt>
      <trkpt lat="53.266574" lon="12.818195"><ele>71.2</ele></trkpt>
      <trkpt lat="53.266628" lon="12.818302"><ele>71.0</ele></trkpt>
      <trkpt lat="53.266720" lon="12.818541"><ele>71.5</ele></trkpt>
      <trkpt lat="53.266896" lon="12.819065"><ele>72.0</ele></trkpt>
      <trkpt lat="53.267046" lon="12.819506"><ele>72.0</ele></trkpt>
      <trkpt lat="53.267149" lon="12.819810"><ele>72.0</ele></trkpt>
      <trkpt lat="53.267326" lon="12.820354"><ele>71.8</ele></trkpt>
      <trkpt lat="53.267364" lon="12.820485"><ele>71.5</ele></trkpt>
      <trkpt lat="53.267616" lon="12.821454"><ele>70.0</ele></trkpt>
      <trkpt lat="53.267657" lon="12.821546"><ele>70.0</ele></trkpt>
      <trkpt lat="53.267696" lon="12.821678"><ele>70.0</ele></trkpt>
      <trkpt lat="53.269204" lon="12.819900"><ele>68.5</ele></trkpt>
      <trkpt lat="53.269367" lon="12.819712"><ele>68.0</ele></trkpt>
      <trkpt lat="53.269609" lon="12.819202"><ele>67.0</ele></trkpt>
      <trkpt lat="53.269809" lon="12.818864"><ele>66.8</ele></trkpt>
      <trkpt lat="53.269867" lon="12.818776"><ele>66.8</ele></trkpt>
      <trkpt lat="53.269979" lon="12.818620"><ele>66.8</ele></trkpt>
      <trkpt lat="53.270007" lon="12.818589"><ele>66.8</ele></trkpt>
      <trkpt lat="53.270082" lon="12.818503"><ele>66.5</ele></trkpt>
      <trkpt lat="53.270291" lon="12.819431"><ele>68.0</ele></trkpt>
      <trkpt lat="53.270379" lon="12.819387"><ele>68.0</ele></trkpt>
      <trkpt lat="53.271829" lon="12.818669"><ele>67.2</ele></trkpt>
      <trkpt lat="53.271850" lon="12.818638"><ele>67.2</ele></trkpt>
      <trkpt lat="53.271889" lon="12.818694"><ele>67.0</ele></trkpt>
      <trkpt lat="53.271905" lon="12.818754"><ele>67.0</ele></trkpt>
      <trkpt lat="53.272083" lon="12.820162"><ele>68.0</ele></trkpt>
      <trkpt lat="53.272050" lon="12.820173"><ele>68.0</ele></trkpt>
      <trkpt lat="53.271307" lon="12.820426"><ele>68.0</ele></trkpt>
      <trkpt lat="53.270787" lon="12.820590"><ele>68.8</ele></trkpt>
      <trkpt lat="53.270743" lon="12.820589"><ele>68.8</ele></trkpt>
      <trkpt lat="53.270702" lon="12.820574"><ele>68.8</ele></trkpt>
      <trkpt lat="53.270683" lon="12.820648"><ele>68.5</ele></trkpt>
      <trkpt lat="53.270680" lon="12.820720"><ele>68.2</ele></trkpt>
      <trkpt lat="53.270729" lon="12.821070"><ele>68.0</ele></trkpt>
      <trkpt lat="53.270761" lon="12.821524"><ele>68.0</ele></trkpt>
      <trkpt lat="53.270780" lon="12.821782"><ele>68.0</ele></trkpt>
      <trkpt lat="53.270856" lon="12.822275"><ele>68.0</ele></trkpt>
      <trkpt lat="53.270949" lon="12.823081"><ele>67.8</ele></trkpt>
      <trkpt lat="53.271004" lon="12.823482"><ele>67.2</ele></trkpt>
      <trkpt lat="53.271056" lon="12.823786"><ele>67.0</ele></trkpt>
      <trkpt lat="53.271188" lon="12.824444"><ele>67.0</ele></trkpt>
      <trkpt lat="53.271226" lon="12.824587"><ele>67.0</ele></trkpt>
      <trkpt lat="53.271255" lon="12.824648"><ele>67.0</ele></trkpt>
      <trkpt lat="53.271330" lon="12.824709"><ele>67.0</ele></trkpt>
      <trkpt lat="53.271385" lon="12.824785"><ele>67.0</ele></trkpt>
      <trkpt lat="53.271435" lon="12.824915"><ele>67.0</ele></trkpt>
      <trkpt lat="53.271462" lon="12.825053"><ele>67.0</ele></trkpt>
      <trkpt lat="53.271483" lon="12.825297"><ele>67.0</ele></trkpt>
      <trkpt lat="53.271476" lon="12.825418"><ele>67.0</ele></trkpt>
      <trkpt lat="53.271449" lon="12.825541"><ele>67.0</ele></trkpt>
      <trkpt lat="53.271439" lon="12.825647"><ele>67.0</ele></trkpt>
      <trkpt lat="53.271447" lon="12.825785"><ele>67.0</ele></trkpt>
      <trkpt lat="53.271751" lon="12.827351"><ele>67.0</ele></trkpt>
      <trkpt lat="53.271776" lon="12.827411"><ele>67.0</ele></trkpt>
      <trkpt lat="53.271806" lon="12.827449"><ele>67.0</ele></trkpt>
      <trkpt lat="53.271866" lon="12.827476"><ele>67.0</ele></trkpt>
      <trkpt lat="53.272090" lon="12.827502"><ele>67.0</ele></trkpt>
      <trkpt lat="53.272207" lon="12.827525"><ele>67.0</ele></trkpt>
      <trkpt lat="53.272557" lon="12.827611"><ele>67.0</ele></trkpt>
      <trkpt lat="53.272577" lon="12.827616"><ele>67.0</ele></trkpt>
      <trkpt lat="53.272639" lon="12.827628"><ele>67.0</ele></trkpt>
      <trkpt lat="53.272676" lon="12.827634"><ele>67.0</ele></trkpt>
      <trkpt lat="53.272715" lon="12.827640"><ele>67.0</ele></trkpt>
      <trkpt lat="53.272650" lon="12.829200"><ele>67.0</ele></trkpt>
      <trkpt lat="53.272620" lon="12.831503"><ele>67.0</ele></trkpt>
      <trkpt lat="53.272616" lon="12.831922"><ele>67.0</ele></trkpt>
      <trkpt lat="53.272677" lon="12.832274"><ele>67.0</ele></trkpt>
      <trkpt lat="53.272656" lon="12.832339"><ele>67.0</ele></trkpt>
      <trkpt lat="53.272609" lon="12.832364"><ele>67.0</ele></trkpt>
      <trkpt lat="53.272582" lon="12.832381"><ele>67.0</ele></trkpt>
      <trkpt lat="53.272571" lon="12.832410"><ele>67.0</ele></trkpt>
      <trkpt lat="53.272584" lon="12.832855"><ele>67.0</ele></trkpt>
      <trkpt lat="53.272566" lon="12.833810"><ele>67.0</ele></trkpt>
      <trkpt lat="53.272577" lon="12.834279"><ele>67.0</ele></trkpt>
      <trkpt lat="53.272434" lon="12.841219"><ele>67.0</ele></trkpt>
      <trkpt lat="53.272427" lon="12.841414"><ele>67.0</ele></trkpt>
      <trkpt lat="53.272412" lon="12.841540"><ele>67.0</ele></trkpt>
      <trkpt lat="53.272362" lon="12.841766"><ele>67.0</ele></trkpt>
      <trkpt lat="53.272354" lon="12.841838"><ele>67.0</ele></trkpt>
      <trkpt lat="53.272346" lon="12.842563"><ele>67.0</ele></trkpt>
      <trkpt lat="53.272351" lon="12.842623"><ele>67.0</ele></trkpt>
      <trkpt lat="53.272382" lon="12.842764"><ele>67.0</ele></trkpt>
      <trkpt lat="53.272391" lon="12.842889"><ele>67.0</ele></trkpt>
      <trkpt lat="53.272355" lon="12.844022"><ele>67.0</ele></trkpt>
      <trkpt lat="53.272337" lon="12.844150"><ele>67.0</ele></trkpt>
      <trkpt lat="53.272282" lon="12.844372"><ele>67.0</ele></trkpt>
      <trkpt lat="53.272272" lon="12.844449"><ele>67.0</ele></trkpt>
      <trkpt lat="53.272216" lon="12.845731"><ele>67.0</ele></trkpt>
      <trkpt lat="53.271889" lon="12.852954"><ele>67.0</ele></trkpt>
      <trkpt lat="53.271826" lon="12.854429"><ele>67.0</ele></trkpt>
      <trkpt lat="53.271306" lon="12.867101"><ele>67.0</ele></trkpt>
      <trkpt lat="53.270975" lon="12.875485"><ele>67.0</ele></trkpt>
      <trkpt lat="53.270662" lon="12.883532"><ele>68.0</ele></trkpt>
      <trkpt lat="53.270625" lon="12.884234"><ele>67.8</ele></trkpt>
      <trkpt lat="53.270559" lon="12.884905"><ele>67.0</ele></trkpt>
      <trkpt lat="53.270450" lon="12.885785"><ele>65.5</ele></trkpt>
      <trkpt lat="53.270453" lon="12.885833"><ele>65.5</ele></trkpt>
      <trkpt lat="53.270469" lon="12.885876"><ele>65.5</ele></trkpt>
      <trkpt lat="53.270452" lon="12.885990"><ele>65.2</ele></trkpt>
      <trkpt lat="53.270424" lon="12.886189"><ele>65.0</ele></trkpt>
      <trkpt lat="53.270390" lon="12.886275"><ele>64.8</ele></trkpt>
      <trkpt lat="53.270373" lon="12.886341"><ele>64.5</ele></trkpt>
      <trkpt lat="53.269906" lon="12.889676"><ele>62.5</ele></trkpt>
      <trkpt lat="53.269902" lon="12.889788"><ele>62.5</ele></trkpt>
      <trkpt lat="53.270010" lon="12.890222"><ele>63.0</ele></trkpt>
      <trkpt lat="53.270019" lon="12.890365"><ele>63.2</ele></trkpt>
      <trkpt lat="53.269970" lon="12.890857"><ele>63.8</ele></trkpt>
      <trkpt lat="53.269932" lon="12.890998"><ele>63.8</ele></trkpt>
      <trkpt lat="53.269846" lon="12.891156"><ele>63.2</ele></trkpt>
      <trkpt lat="53.269708" lon="12.891301"><ele>62.8</ele></trkpt>
      <trkpt lat="53.269675" lon="12.891372"><ele>62.8</ele></trkpt>
      <trkpt lat="53.269653" lon="12.891509"><ele>62.8</ele></trkpt>
      <trkpt lat="53.269483" lon="12.894245"><ele>61.5</ele></trkpt>
      <trkpt lat="53.269453" lon="12.894800"><ele>61.8</ele></trkpt>
      <trkpt lat="53.269447" lon="12.895406"><ele>62.2</ele></trkpt>
      <trkpt lat="53.269481" lon="12.896104"><ele>62.8</ele></trkpt>
      <trkpt lat="53.269547" lon="12.896662"><ele>63.0</ele></trkpt>
      <trkpt lat="53.269733" lon="12.897521"><ele>63.8</ele></trkpt>
      <trkpt lat="53.269814" lon="12.897815"><ele>63.5</ele></trkpt>
      <trkpt lat="53.269914" lon="12.898122"><ele>63.2</ele></trkpt>
      <trkpt lat="53.270120" lon="12.898687"><ele>63.0</ele></trkpt>
      <trkpt lat="53.270243" lon="12.898972"><ele>63.0</ele></trkpt>
      <trkpt lat="53.271097" lon="12.900776"><ele>64.0</ele></trkpt>
      <trkpt lat="53.271265" lon="12.901169"><ele>63.8</ele></trkpt>
      <trkpt lat="53.271421" lon="12.901576"><ele>63.0</ele></trkpt>
      <trkpt lat="53.271592" lon="12.902057"><ele>63.0</ele></trkpt>
      <trkpt lat="53.271708" lon="12.902425"><ele>63.0</ele></trkpt>
      <trkpt lat="53.271885" lon="12.903039"><ele>62.0</ele></trkpt>
      <trkpt lat="53.272371" lon="12.904837"><ele>62.0</ele></trkpt>
      <trkpt lat="53.272390" lon="12.904889"><ele>62.0</ele></trkpt>
      <trkpt lat="53.272455" lon="12.904974"><ele>62.0</ele></trkpt>
      <trkpt lat="53.272475" lon="12.905009"><ele>62.0</ele></trkpt>
      <trkpt lat="53.273080" lon="12.907249"><ele>62.0</ele></trkpt>
      <trkpt lat="53.273110" lon="12.907384"><ele>62.0</ele></trkpt>
      <trkpt lat="53.273124" lon="12.907542"><ele>62.2</ele></trkpt>
      <trkpt lat="53.273168" lon="12.907751"><ele>62.8</ele></trkpt>
      <trkpt lat="53.273203" lon="12.907865"><ele>62.8</ele></trkpt>
      <trkpt lat="53.273262" lon="12.907988"><ele>62.8</ele></trkpt>
      <trkpt lat="53.273310" lon="12.908108"><ele>62.8</ele></trkpt>
      <trkpt lat="53.273388" lon="12.908383"><ele>63.0</ele></trkpt>
      <trkpt lat="53.274687" lon="12.913206"><ele>64.0</ele></trkpt>
      <trkpt lat="53.275244" lon="12.915296"><ele>65.0</ele></trkpt>
      <trkpt lat="53.275258" lon="12.915389"><ele>65.0</ele></trkpt>
      <trkpt lat="53.275285" lon="12.915681"><ele>65.0</ele></trkpt>
      <trkpt lat="53.275304" lon="12.915750"><ele>65.0</ele></trkpt>
      <trkpt lat="53.275427" lon="12.916057"><ele>65.0</ele></trkpt>
      <trkpt lat="53.275454" lon="12.916179"><ele>65.0</ele></trkpt>
      <trkpt lat="53.275676" lon="12.917401"><ele>65.0</ele></trkpt>
      <trkpt lat="53.275684" lon="12.917475"><ele>65.0</ele></trkpt>
      <trkpt lat="53.275683" lon="12.917675"><ele>65.0</ele></trkpt>
      <trkpt lat="53.275729" lon="12.917964"><ele>65.0</ele></trkpt>
      <trkpt lat="53.275772" lon="12.918403"><ele>65.0</ele></trkpt>
      <trkpt lat="53.275842" lon="12.918897"><ele>65.0</ele></trkpt>
      <trkpt lat="53.275920" lon="12.919403"><ele>65.0</ele></trkpt>
      <trkpt lat="53.275958" lon="12.919566"><ele>65.0</ele></trkpt>
      <trkpt lat="53.275993" lon="12.919815"><ele>65.0</ele></trkpt>
      <trkpt lat="53.276085" lon="12.920521"><ele>65.8</ele></trkpt>
      <trkpt lat="53.276370" lon="12.922372"><ele>67.0</ele></trkpt>
      <trkpt lat="53.276427" lon="12.922686"><ele>67.0</ele></trkpt>
      <trkpt lat="53.276890" lon="12.925715"><ele>68.0</ele></trkpt>
      <trkpt lat="53.277183" lon="12.927582"><ele>69.0</ele></trkpt>
      <trkpt lat="53.278027" lon="12.932698"><ele>68.0</ele></trkpt>
      <trkpt lat="53.278092" lon="12.933159"><ele>67.0</ele></trkpt>
      <trkpt lat="53.278352" lon="12.934994"><ele>69.0</ele></trkpt>
      <trkpt lat="53.278681" lon="12.937242"><ele>69.2</ele></trkpt>
      <trkpt lat="53.279026" lon="12.939705"><ele>70.0</ele></trkpt>
      <trkpt lat="53.279254" lon="12.942046"><ele>73.0</ele></trkpt>
      <trkpt lat="53.279482" lon="12.944546"><ele>70.0</ele></trkpt>
      <trkpt lat="53.280183" lon="12.952520"><ele>62.0</ele></trkpt>
      <trkpt lat="53.280419" lon="12.954924"><ele>62.0</ele></trkpt>
      <trkpt lat="53.280474" lon="12.955608"><ele>62.0</ele></trkpt>
      <trkpt lat="53.280507" lon="12.955909"><ele>62.0</ele></trkpt>
      <trkpt lat="53.280701" lon="12.958113"><ele>60.2</ele></trkpt>
      <trkpt lat="53.280726" lon="12.958395"><ele>60.2</ele></trkpt>
      <trkpt lat="53.280850" lon="12.959762"><ele>60.0</ele></trkpt>
      <trkpt lat="53.280873" lon="12.960072"><ele>60.8</ele></trkpt>
      <trkpt lat="53.280881" lon="12.960172"><ele>60.8</ele></trkpt>
      <trkpt lat="53.280925" lon="12.960799"><ele>60.5</ele></trkpt>
      <trkpt lat="53.280940" lon="12.961156"><ele>61.0</ele></trkpt>
      <trkpt lat="53.280944" lon="12.961539"><ele>61.2</ele></trkpt>
      <trkpt lat="53.280939" lon="12.961933"><ele>61.5</ele></trkpt>
      <trkpt lat="53.280919" lon="12.962600"><ele>62.0</ele></trkpt>
      <trkpt lat="53.280919" lon="12.962746"><ele>62.0</ele></trkpt>
      <trkpt lat="53.280926" lon="12.962837"><ele>62.0</ele></trkpt>
      <trkpt lat="53.280931" lon="12.962881"><ele>62.0</ele></trkpt>
      <trkpt lat="53.280931" lon="12.963038"><ele>62.0</ele></trkpt>
      <trkpt lat="53.280931" lon="12.963193"><ele>61.5</ele></trkpt>
      <trkpt lat="53.280896" lon="12.963241"><ele>61.2</ele></trkpt>
      <trkpt lat="53.280867" lon="12.963302"><ele>61.0</ele></trkpt>
      <trkpt lat="53.280849" lon="12.963385"><ele>61.0</ele></trkpt>
      <trkpt lat="53.280738" lon="12.964080"><ele>60.2</ele></trkpt>
      <trkpt lat="53.280656" lon="12.964445"><ele>60.2</ele></trkpt>
      <trkpt lat="53.280554" lon="12.964895"><ele>60.2</ele></trkpt>
      <trkpt lat="53.280403" lon="12.965445"><ele>60.0</ele></trkpt>
      <trkpt lat="53.280393" lon="12.965594"><ele>60.0</ele></trkpt>
      <trkpt lat="53.280370" lon="12.965683"><ele>60.0</ele></trkpt>
      <trkpt lat="53.280289" lon="12.965929"><ele>60.0</ele></trkpt>
      <trkpt lat="53.280037" lon="12.966519"><ele>60.0</ele></trkpt>
      <trkpt lat="53.279864" lon="12.966954"><ele>59.5</ele></trkpt>
      <trkpt lat="53.279677" lon="12.967332"><ele>59.0</ele></trkpt>
      <trkpt lat="53.279636" lon="12.967451"><ele>59.0</ele></trkpt>
      <trkpt lat="53.279400" lon="12.968038"><ele>59.0</ele></trkpt>
      <trkpt lat="53.279137" lon="12.968752"><ele>59.0</ele></trkpt>
      <trkpt lat="53.278951" lon="12.969334"><ele>58.8</ele></trkpt>
      <trkpt lat="53.278845" lon="12.969799"><ele>59.0</ele></trkpt>
      <trkpt lat="53.278823" lon="12.970043"><ele>59.0</ele></trkpt>
      <trkpt lat="53.278651" lon="12.970908"><ele>58.8</ele></trkpt>
      <trkpt lat="53.278623" lon="12.971122"><ele>58.8</ele></trkpt>
      <trkpt lat="53.278549" lon="12.972017"><ele>59.0</ele></trkpt>
      <trkpt lat="53.278518" lon="12.972617"><ele>58.5</ele></trkpt>
      <trkpt lat="53.278583" lon="12.972608"><ele>58.5</ele></trkpt>
      <trkpt lat="53.278677" lon="12.972596"><ele>58.2</ele></trkpt>
      <trkpt lat="53.279056" lon="12.972549"><ele>57.2</ele></trkpt>
      <trkpt lat="53.279149" lon="12.972564"><ele>57.0</ele></trkpt>
      <trkpt lat="53.279210" lon="12.972588"><ele>57.0</ele></trkpt>
      <trkpt lat="53.279359" lon="12.972676"><ele>57.0</ele></trkpt>
      <trkpt lat="53.279543" lon="12.972819"><ele>57.0</ele></trkpt>
      <trkpt lat="53.279825" lon="12.973056"><ele>57.2</ele></trkpt>
      <trkpt lat="53.279908" lon="12.973112"><ele>57.5</ele></trkpt>
      <trkpt lat="53.279975" lon="12.973142"><ele>57.8</ele></trkpt>
      <trkpt lat="53.280029" lon="12.973150"><ele>58.0</ele></trkpt>
      <trkpt lat="53.280055" lon="12.972752"><ele>58.0</ele></trkpt>
      <trkpt lat="53.280069" lon="12.972628"><ele>58.0</ele></trkpt>
      <trkpt lat="53.280116" lon="12.972356"><ele>58.2</ele></trkpt>
      <trkpt lat="53.280261" lon="12.971771"><ele>58.8</ele></trkpt>
      <trkpt lat="53.280320" lon="12.971550"><ele>59.2</ele></trkpt>
      <trkpt lat="53.280261" lon="12.971771"><ele>58.8</ele></trkpt>
      <trkpt lat="53.280116" lon="12.972356"><ele>58.2</ele></trkpt>
      <trkpt lat="53.280069" lon="12.972628"><ele>58.0</ele></trkpt>
      <trkpt lat="53.280055" lon="12.972752"><ele>58.0</ele></trkpt>
      <trkpt lat="53.280029" lon="12.973150"><ele>58.0</ele></trkpt>
      <trkpt lat="53.280001" lon="12.973487"><ele>57.8</ele></trkpt>
      <trkpt lat="53.279970" lon="12.973675"><ele>57.8</ele></trkpt>
      <trkpt lat="53.279926" lon="12.973873"><ele>57.5</ele></trkpt>
      <trkpt lat="53.279800" lon="12.974306"><ele>57.0</ele></trkpt>
      <trkpt lat="53.279389" lon="12.975785"><ele>57.0</ele></trkpt>
      <trkpt lat="53.279210" lon="12.976209"><ele>57.0</ele></trkpt>
      <trkpt lat="53.279184" lon="12.976248"><ele>57.0</ele></trkpt>
      <trkpt lat="53.279086" lon="12.976305"><ele>57.0</ele></trkpt>
      <trkpt lat="53.279074" lon="12.976315"><ele>57.0</ele></trkpt>
      <trkpt lat="53.279112" lon="12.976422"><ele>56.8</ele></trkpt>
      <trkpt lat="53.279147" lon="12.976523"><ele>57.0</ele></trkpt>
      <trkpt lat="53.279230" lon="12.976756"><ele>56.8</ele></trkpt>
      <trkpt lat="53.279365" lon="12.977077"><ele>57.0</ele></trkpt>
      <trkpt lat="53.279472" lon="12.977344"><ele>57.0</ele></trkpt>
      <trkpt lat="53.279680" lon="12.977877"><ele>57.0</ele></trkpt>
      <trkpt lat="53.279916" lon="12.978441"><ele>57.0</ele></trkpt>
      <trkpt lat="53.280019" lon="12.978772"><ele>57.0</ele></trkpt>
      <trkpt lat="53.280084" lon="12.979083"><ele>57.0</ele></trkpt>
      <trkpt lat="53.280118" lon="12.979431"><ele>57.0</ele></trkpt>
      <trkpt lat="53.280137" lon="12.979865"><ele>57.0</ele></trkpt>
      <trkpt lat="53.280141" lon="12.980484"><ele>57.0</ele></trkpt>
      <trkpt lat="53.280149" lon="12.981133"><ele>58.0</ele></trkpt>
      <trkpt lat="53.280169" lon="12.982169"><ele>58.2</ele></trkpt>
      <trkpt lat="53.280218" lon="12.983622"><ele>57.0</ele></trkpt>
      <trkpt lat="53.280237" lon="12.983944"><ele>57.0</ele></trkpt>
      <trkpt lat="53.280263" lon="12.984400"><ele>57.0</ele></trkpt>
      <trkpt lat="53.280327" lon="12.985245"><ele>57.0</ele></trkpt>
      <trkpt lat="53.280336" lon="12.985323"><ele>57.0</ele></trkpt>
      <trkpt lat="53.280386" lon="12.985795"><ele>57.8</ele></trkpt>
      <trkpt lat="53.280490" lon="12.986603"><ele>58.8</ele></trkpt>
      <trkpt lat="53.280546" lon="12.986981"><ele>58.8</ele></trkpt>
      <trkpt lat="53.280587" lon="12.987135"><ele>59.0</ele></trkpt>
      <trkpt lat="53.280634" lon="12.987437"><ele>59.5</ele></trkpt>
      <trkpt lat="53.280658" lon="12.987547"><ele>59.5</ele></trkpt>
      <trkpt lat="53.280685" lon="12.987561"><ele>59.5</ele></trkpt>
      <trkpt lat="53.280689" lon="12.987632"><ele>59.5</ele></trkpt>
      <trkpt lat="53.280730" lon="12.987922"><ele>60.0</ele></trkpt>
      <trkpt lat="53.280817" lon="12.988405"><ele>60.2</ele></trkpt>
      <trkpt lat="53.280949" lon="12.989365"><ele>61.0</ele></trkpt>
      <trkpt lat="53.280999" lon="12.989887"><ele>62.0</ele></trkpt>
      <trkpt lat="53.281018" lon="12.990339"><ele>62.8</ele></trkpt>
      <trkpt lat="53.281018" lon="12.990798"><ele>64.5</ele></trkpt>
      <trkpt lat="53.280940" lon="12.992737"><ele>67.2</ele></trkpt>
      <trkpt lat="53.280936" lon="12.992995"><ele>67.2</ele></trkpt>
      <trkpt lat="53.280948" lon="12.993291"><ele>67.2</ele></trkpt>
      <trkpt lat="53.280995" lon="12.993899"><ele>66.0</ele></trkpt>
      <trkpt lat="53.281039" lon="12.994333"><ele>66.2</ele></trkpt>
      <trkpt lat="53.281094" lon="12.994618"><ele>66.2</ele></trkpt>
      <trkpt lat="53.281529" lon="12.996342"><ele>66.8</ele></trkpt>
      <trkpt lat="53.282111" lon="12.998303"><ele>65.0</ele></trkpt>
      <trkpt lat="53.284439" lon="13.005789"><ele>77.0</ele></trkpt>
      <trkpt lat="53.287862" lon="13.015909"><ele>68.8</ele></trkpt>
      <trkpt lat="53.288645" lon="13.018438"><ele>67.0</ele></trkpt>
      <trkpt lat="53.289473" lon="13.019896"><ele>67.0</ele></trkpt>
      <trkpt lat="53.290366" lon="13.021343"><ele>67.0</ele></trkpt>
      <trkpt lat="53.291277" lon="13.022960"><ele>67.8</ele></trkpt>
      <trkpt lat="53.292533" lon="13.027031"><ele>57.0</ele></trkpt>
      <trkpt lat="53.294293" lon="13.032767"><ele>58.5</ele></trkpt>
      <trkpt lat="53.294883" lon="13.034269"><ele>58.0</ele></trkpt>
      <trkpt lat="53.296024" lon="13.036501"><ele>58.5</ele></trkpt>
      <trkpt lat="53.298570" lon="13.040955"><ele>60.0</ele></trkpt>
      <trkpt lat="53.299375" lon="13.042435"><ele>60.0</ele></trkpt>
      <trkpt lat="53.301052" lon="13.045486"><ele>62.0</ele></trkpt>
      <trkpt lat="53.302410" lon="13.048096"><ele>60.0</ele></trkpt>
      <trkpt lat="53.302664" lon="13.048663"><ele>60.0</ele></trkpt>
      <trkpt lat="53.302805" lon="13.049221"><ele>60.0</ele></trkpt>
      <trkpt lat="53.302904" lon="13.049804"><ele>61.8</ele></trkpt>
      <trkpt lat="53.302936" lon="13.049919"><ele>62.0</ele></trkpt>
      <trkpt lat="53.302962" lon="13.049974"><ele>62.0</ele></trkpt>
      <trkpt lat="53.303045" lon="13.049991"><ele>62.0</ele></trkpt>
      <trkpt lat="53.303495" lon="13.050002"><ele>60.2</ele></trkpt>
      <trkpt lat="53.303729" lon="13.050100"><ele>60.0</ele></trkpt>
      <trkpt lat="53.304303" lon="13.050425"><ele>60.0</ele></trkpt>
      <trkpt lat="53.304401" lon="13.050410"><ele>60.0</ele></trkpt>
      <trkpt lat="53.305144" lon="13.050776"><ele>60.0</ele></trkpt>
      <trkpt lat="53.305406" lon="13.050870"><ele>60.0</ele></trkpt>
      <trkpt lat="53.305898" lon="13.050966"><ele>60.0</ele></trkpt>
      <trkpt lat="53.305984" lon="13.050972"><ele>60.0</ele></trkpt>
      <trkpt lat="53.306113" lon="13.050981"><ele>60.0</ele></trkpt>
      <trkpt lat="53.307472" lon="13.050991"><ele>60.0</ele></trkpt>
      <trkpt lat="53.307582" lon="13.050950"><ele>60.0</ele></trkpt>
      <trkpt lat="53.307777" lon="13.050746"><ele>60.0</ele></trkpt>
      <trkpt lat="53.307918" lon="13.050694"><ele>60.0</ele></trkpt>
      <trkpt lat="53.308078" lon="13.050673"><ele>60.0</ele></trkpt>
      <trkpt lat="53.308210" lon="13.050679"><ele>60.0</ele></trkpt>
      <trkpt lat="53.308315" lon="13.050727"><ele>60.0</ele></trkpt>
      <trkpt lat="53.308621" lon="13.050918"><ele>60.0</ele></trkpt>
      <trkpt lat="53.308745" lon="13.050956"><ele>60.0</ele></trkpt>
      <trkpt lat="53.308998" lon="13.050954"><ele>60.0</ele></trkpt>
      <trkpt lat="53.309256" lon="13.050953"><ele>60.0</ele></trkpt>
      <trkpt lat="53.309373" lon="13.050901"><ele>59.8</ele></trkpt>
      <trkpt lat="53.309498" lon="13.050886"><ele>59.8</ele></trkpt>
      <trkpt lat="53.309763" lon="13.051005"><ele>60.0</ele></trkpt>
      <trkpt lat="53.309909" lon="13.051003"><ele>60.5</ele></trkpt>
      <trkpt lat="53.310033" lon="13.050976"><ele>61.0</ele></trkpt>
      <trkpt lat="53.310291" lon="13.050900"><ele>61.2</ele></trkpt>
      <trkpt lat="53.310492" lon="13.050805"><ele>61.8</ele></trkpt>
      <trkpt lat="53.310734" lon="13.050750"><ele>62.0</ele></trkpt>
      <trkpt lat="53.310961" lon="13.050623"><ele>62.0</ele></trkpt>
      <trkpt lat="53.311676" lon="13.050174"><ele>60.8</ele></trkpt>
      <trkpt lat="53.311716" lon="13.050147"><ele>60.8</ele></trkpt>
      <trkpt lat="53.312764" lon="13.049461"><ele>59.8</ele></trkpt>
      <trkpt lat="53.313028" lon="13.049290"><ele>61.2</ele></trkpt>
      <trkpt lat="53.313168" lon="13.049140"><ele>61.8</ele></trkpt>
      <trkpt lat="53.313277" lon="13.049082"><ele>61.8</ele></trkpt>
      <trkpt lat="53.313328" lon="13.049055"><ele>61.8</ele></trkpt>
      <trkpt lat="53.313407" lon="13.049046"><ele>62.0</ele></trkpt>
      <trkpt lat="53.313516" lon="13.048977"><ele>62.0</ele></trkpt>
      <trkpt lat="53.313736" lon="13.048807"><ele>62.2</ele></trkpt>
      <trkpt lat="53.314954" lon="13.047880"><ele>61.5</ele></trkpt>
      <trkpt lat="53.315371" lon="13.047617"><ele>61.2</ele></trkpt>
      <trkpt lat="53.315424" lon="13.047537"><ele>61.2</ele></trkpt>
      <trkpt lat="53.315491" lon="13.047375"><ele>61.5</ele></trkpt>
      <trkpt lat="53.315621" lon="13.047284"><ele>61.8</ele></trkpt>
      <trkpt lat="53.316673" lon="13.046961"><ele>61.8</ele></trkpt>
      <trkpt lat="53.317115" lon="13.047061"><ele>62.0</ele></trkpt>
      <trkpt lat="53.317600" lon="13.047263"><ele>62.2</ele></trkpt>
      <trkpt lat="53.318070" lon="13.047711"><ele>64.2</ele></trkpt>
      <trkpt lat="53.318124" lon="13.047796"><ele>64.0</ele></trkpt>
      <trkpt lat="53.318306" lon="13.048017"><ele>64.8</ele></trkpt>
      <trkpt lat="53.318602" lon="13.048186"><ele>63.0</ele></trkpt>
      <trkpt lat="53.318744" lon="13.048317"><ele>62.5</ele></trkpt>
      <trkpt lat="53.318885" lon="13.048430"><ele>62.0</ele></trkpt>
      <trkpt lat="53.319075" lon="13.048466"><ele>62.0</ele></trkpt>
      <trkpt lat="53.319211" lon="13.048589"><ele>62.0</ele></trkpt>
      <trkpt lat="53.319656" lon="13.049070"><ele>62.2</ele></trkpt>
      <trkpt lat="53.320025" lon="13.049617"><ele>63.0</ele></trkpt>
      <trkpt lat="53.320276" lon="13.049915"><ele>62.2</ele></trkpt>
      <trkpt lat="53.320402" lon="13.050025"><ele>62.0</ele></trkpt>
      <trkpt lat="53.320860" lon="13.050600"><ele>62.0</ele></trkpt>
      <trkpt lat="53.321205" lon="13.051201"><ele>60.2</ele></trkpt>
      <trkpt lat="53.321283" lon="13.051401"><ele>60.0</ele></trkpt>
      <trkpt lat="53.321457" lon="13.051607"><ele>60.0</ele></trkpt>
      <trkpt lat="53.321579" lon="13.051781"><ele>60.0</ele></trkpt>
      <trkpt lat="53.321764" lon="13.051815"><ele>60.2</ele></trkpt>
      <trkpt lat="53.322003" lon="13.051890"><ele>61.0</ele></trkpt>
      <trkpt lat="53.322996" lon="13.052599"><ele>60.0</ele></trkpt>
      <trkpt lat="53.323379" lon="13.052908"><ele>60.0</ele></trkpt>
      <trkpt lat="53.323517" lon="13.053042"><ele>60.0</ele></trkpt>
      <trkpt lat="53.323822" lon="13.053227"><ele>60.8</ele></trkpt>
      <trkpt lat="53.324031" lon="13.053287"><ele>61.0</ele></trkpt>
      <trkpt lat="53.324073" lon="13.053198"><ele>61.0</ele></trkpt>
      <trkpt lat="53.324134" lon="13.053098"><ele>61.0</ele></trkpt>
      <trkpt lat="53.324529" lon="13.053343"><ele>61.2</ele></trkpt>
      <trkpt lat="53.324744" lon="13.053466"><ele>62.0</ele></trkpt>
      <trkpt lat="53.324769" lon="13.053495"><ele>62.0</ele></trkpt>
      <trkpt lat="53.324777" lon="13.053529"><ele>62.0</ele></trkpt>
      <trkpt lat="53.324794" lon="13.053821"><ele>61.2</ele></trkpt>
      <trkpt lat="53.324814" lon="13.053921"><ele>61.2</ele></trkpt>
      <trkpt lat="53.324850" lon="13.054063"><ele>61.0</ele></trkpt>
      <trkpt lat="53.324913" lon="13.054165"><ele>61.0</ele></trkpt>
      <trkpt lat="53.324952" lon="13.054208"><ele>60.8</ele></trkpt>
      <trkpt lat="53.325254" lon="13.054416"><ele>61.0</ele></trkpt>
      <trkpt lat="53.325575" lon="13.054737"><ele>60.8</ele></trkpt>
      <trkpt lat="53.326041" lon="13.055189"><ele>60.0</ele></trkpt>
      <trkpt lat="53.326642" lon="13.055998"><ele>60.0</ele></trkpt>
      <trkpt lat="53.326992" lon="13.056554"><ele>60.8</ele></trkpt>
      <trkpt lat="53.327193" lon="13.056828"><ele>60.5</ele></trkpt>
      <trkpt lat="53.327270" lon="13.056881"><ele>60.5</ele></trkpt>
      <trkpt lat="53.327570" lon="13.057228"><ele>60.0</ele></trkpt>
      <trkpt lat="53.328231" lon="13.057874"><ele>60.0</ele></trkpt>
      <trkpt lat="53.328817" lon="13.058404"><ele>60.5</ele></trkpt>
      <trkpt lat="53.328954" lon="13.058519"><ele>61.0</ele></trkpt>
      <trkpt lat="53.329029" lon="13.058569"><ele>61.0</ele></trkpt>
      <trkpt lat="53.329243" lon="13.058663"><ele>61.0</ele></trkpt>
      <trkpt lat="53.329280" lon="13.058694"><ele>61.0</ele></trkpt>
      <trkpt lat="53.329311" lon="13.058732"><ele>61.0</ele></trkpt>
      <trkpt lat="53.329435" lon="13.058947"><ele>60.8</ele></trkpt>
      <trkpt lat="53.329492" lon="13.059024"><ele>61.0</ele></trkpt>
      <trkpt lat="53.329550" lon="13.059092"><ele>61.0</ele></trkpt>
      <trkpt lat="53.329846" lon="13.059364"><ele>61.2</ele></trkpt>
      <trkpt lat="53.333447" lon="13.062857"><ele>62.0</ele></trkpt>
      <trkpt lat="53.333862" lon="13.063174"><ele>62.0</ele></trkpt>
      <trkpt lat="53.333978" lon="13.063338"><ele>62.2</ele></trkpt>
      <trkpt lat="53.335102" lon="13.064425"><ele>63.2</ele></trkpt>
      <trkpt lat="53.335138" lon="13.064484"><ele>63.2</ele></trkpt>
      <trkpt lat="53.335266" lon="13.064608"><ele>63.2</ele></trkpt>
      <trkpt lat="53.335383" lon="13.064725"><ele>63.2</ele></trkpt>
      <trkpt lat="53.335472" lon="13.064690"><ele>63.5</ele></trkpt>
      <trkpt lat="53.335534" lon="13.064821"><ele>63.8</ele></trkpt>
      <trkpt lat="53.335588" lon="13.064900"><ele>64.0</ele></trkpt>
      <trkpt lat="53.336111" lon="13.065404"><ele>64.5</ele></trkpt>
      <trkpt lat="53.336263" lon="13.065611"><ele>64.5</ele></trkpt>
      <trkpt lat="53.336373" lon="13.065740"><ele>64.8</ele></trkpt>
      <trkpt lat="53.336504" lon="13.065866"><ele>65.2</ele></trkpt>
      <trkpt lat="53.336520" lon="13.065889"><ele>65.2</ele></trkpt>
      <trkpt lat="53.336525" lon="13.065920"><ele>65.2</ele></trkpt>
      <trkpt lat="53.336523" lon="13.065947"><ele>65.2</ele></trkpt>
      <trkpt lat="53.336504" lon="13.066003"><ele>65.2</ele></trkpt>
      <trkpt lat="53.336474" lon="13.066094"><ele>65.2</ele></trkpt>
      <trkpt lat="53.336667" lon="13.066320"><ele>65.0</ele></trkpt>
      <trkpt lat="53.337245" lon="13.066896"><ele>65.0</ele></trkpt>
      <trkpt lat="53.337787" lon="13.067415"><ele>65.0</ele></trkpt>
      <trkpt lat="53.338279" lon="13.067898"><ele>64.0</ele></trkpt>
      <trkpt lat="53.338400" lon="13.068034"><ele>64.0</ele></trkpt>
      <trkpt lat="53.338541" lon="13.068236"><ele>64.0</ele></trkpt>
      <trkpt lat="53.338612" lon="13.068308"><ele>64.0</ele></trkpt>
      <trkpt lat="53.338966" lon="13.068596"><ele>64.2</ele></trkpt>
      <trkpt lat="53.339094" lon="13.068750"><ele>64.5</ele></trkpt>
      <trkpt lat="53.339429" lon="13.069183"><ele>65.0</ele></trkpt>
      <trkpt lat="53.339539" lon="13.069289"><ele>65.0</ele></trkpt>
      <trkpt lat="53.339873" lon="13.069544"><ele>64.2</ele></trkpt>
      <trkpt lat="53.341053" lon="13.071208"><ele>60.8</ele></trkpt>
      <trkpt lat="53.341248" lon="13.071483"><ele>60.8</ele></trkpt>
      <trkpt lat="53.341443" lon="13.071811"><ele>61.0</ele></trkpt>
      <trkpt lat="53.341841" lon="13.072380"><ele>61.0</ele></trkpt>
      <trkpt lat="53.341942" lon="13.072575"><ele>61.0</ele></trkpt>
      <trkpt lat="53.342119" lon="13.072962"><ele>61.8</ele></trkpt>
      <trkpt lat="53.342378" lon="13.073466"><ele>62.0</ele></trkpt>
      <trkpt lat="53.342442" lon="13.073373"><ele>62.0</ele></trkpt>
      <trkpt lat="53.342499" lon="13.073313"><ele>62.0</ele></trkpt>
      <trkpt lat="53.342542" lon="13.073250"><ele>61.8</ele></trkpt>
      <trkpt lat="53.342569" lon="13.073214"><ele>62.0</ele></trkpt>
      <trkpt lat="53.342644" lon="13.073112"><ele>62.0</ele></trkpt>
      <trkpt lat="53.343077" lon="13.072608"><ele>62.0</ele></trkpt>
      <trkpt lat="53.343501" lon="13.073009"><ele>63.0</ele></trkpt>
      <trkpt lat="53.343880" lon="13.073442"><ele>64.8</ele></trkpt>
      <trkpt lat="53.344353" lon="13.074139"><ele>64.0</ele></trkpt>
      <trkpt lat="53.345173" lon="13.075246"><ele>64.5</ele></trkpt>
      <trkpt lat="53.345435" lon="13.075456"><ele>64.2</ele></trkpt>
      <trkpt lat="53.345668" lon="13.075529"><ele>63.5</ele></trkpt>
      <trkpt lat="53.345836" lon="13.075526"><ele>62.8</ele></trkpt>
      <trkpt lat="53.346043" lon="13.075444"><ele>62.0</ele></trkpt>
      <trkpt lat="53.346380" lon="13.075140"><ele>62.0</ele></trkpt>
      <trkpt lat="53.346760" lon="13.074506"><ele>62.0</ele></trkpt>
      <trkpt lat="53.347780" lon="13.072969"><ele>64.8</ele></trkpt>
      <trkpt lat="53.348610" lon="13.072153"><ele>65.0</ele></trkpt>
      <trkpt lat="53.348787" lon="13.072140"><ele>65.0</ele></trkpt>
      <trkpt lat="53.349113" lon="13.072303"><ele>64.8</ele></trkpt>
      <trkpt lat="53.349263" lon="13.072548"><ele>64.8</ele></trkpt>
      <trkpt lat="53.349535" lon="13.073487"><ele>64.0</ele></trkpt>
      <trkpt lat="53.349574" lon="13.073583"><ele>63.5</ele></trkpt>
      <trkpt lat="53.349606" lon="13.073619"><ele>63.2</ele></trkpt>
      <trkpt lat="53.349647" lon="13.073637"><ele>62.8</ele></trkpt>
      <trkpt lat="53.349759" lon="13.073642"><ele>62.0</ele></trkpt>
      <trkpt lat="53.349799" lon="13.073632"><ele>62.0</ele></trkpt>
      <trkpt lat="53.350017" lon="13.073491"><ele>62.0</ele></trkpt>
      <trkpt lat="53.350159" lon="13.073404"><ele>63.0</ele></trkpt>
      <trkpt lat="53.350372" lon="13.073255"><ele>64.0</ele></trkpt>
      <trkpt lat="53.350862" lon="13.072891"><ele>65.2</ele></trkpt>
      <trkpt lat="53.351205" lon="13.072602"><ele>65.8</ele></trkpt>
      <trkpt lat="53.351958" lon="13.072053"><ele>65.0</ele></trkpt>
      <trkpt lat="53.352268" lon="13.071862"><ele>65.0</ele></trkpt>
      <trkpt lat="53.352820" lon="13.071595"><ele>64.8</ele></trkpt>
      <trkpt lat="53.353258" lon="13.071408"><ele>63.0</ele></trkpt>
      <trkpt lat="53.353465" lon="13.071352"><ele>63.0</ele></trkpt>
      <trkpt lat="53.353766" lon="13.071311"><ele>64.0</ele></trkpt>
      <trkpt lat="53.354046" lon="13.071298"><ele>65.0</ele></trkpt>
      <trkpt lat="53.354774" lon="13.071302"><ele>64.8</ele></trkpt>
      <trkpt lat="53.355142" lon="13.071323"><ele>64.0</ele></trkpt>
      <trkpt lat="53.355405" lon="13.071367"><ele>64.0</ele></trkpt>
      <trkpt lat="53.355725" lon="13.071447"><ele>64.0</ele></trkpt>
      <trkpt lat="53.356030" lon="13.071558"><ele>64.8</ele></trkpt>
      <trkpt lat="53.356344" lon="13.071704"><ele>65.0</ele></trkpt>
      <trkpt lat="53.356532" lon="13.071802"><ele>65.2</ele></trkpt>
      <trkpt lat="53.356930" lon="13.072067"><ele>66.2</ele></trkpt>
      <trkpt lat="53.357018" lon="13.072130"><ele>66.5</ele></trkpt>
      <trkpt lat="53.357079" lon="13.072200"><ele>66.8</ele></trkpt>
      <trkpt lat="53.357112" lon="13.072251"><ele>67.0</ele></trkpt>
      <trkpt lat="53.357211" lon="13.072116"><ele>66.5</ele></trkpt>
      <trkpt lat="53.357370" lon="13.071843"><ele>65.8</ele></trkpt>
      <trkpt lat="53.357707" lon="13.071265"><ele>65.5</ele></trkpt>
      <trkpt lat="53.358084" lon="13.070628"><ele>67.0</ele></trkpt>
      <trkpt lat="53.358126" lon="13.070557"><ele>67.2</ele></trkpt>
      <trkpt lat="53.358167" lon="13.070489"><ele>67.2</ele></trkpt>
      <trkpt lat="53.358198" lon="13.070438"><ele>67.5</ele></trkpt>
      <trkpt lat="53.358289" lon="13.070350"><ele>68.2</ele></trkpt>
      <trkpt lat="53.358377" lon="13.070228"><ele>69.0</ele></trkpt>
      <trkpt lat="53.358425" lon="13.070167"><ele>69.2</ele></trkpt>
      <trkpt lat="53.358454" lon="13.070144"><ele>69.2</ele></trkpt>
      <trkpt lat="53.358479" lon="13.070150"><ele>69.5</ele></trkpt>
      <trkpt lat="53.358530" lon="13.070128"><ele>69.5</ele></trkpt>
      <trkpt lat="53.358568" lon="13.070064"><ele>69.8</ele></trkpt>
      <trkpt lat="53.358576" lon="13.070036"><ele>69.8</ele></trkpt>
      <trkpt lat="53.358581" lon="13.069975"><ele>69.8</ele></trkpt>
      <trkpt lat="53.358569" lon="13.069899"><ele>69.8</ele></trkpt>
      <trkpt lat="53.358538" lon="13.069841"><ele>69.5</ele></trkpt>
      <trkpt lat="53.358566" lon="13.069824"><ele>69.8</ele></trkpt>
      <trkpt lat="53.358592" lon="13.069790"><ele>69.8</ele></trkpt>
      <trkpt lat="53.358965" lon="13.069162"><ele>70.0</ele></trkpt>
      <trkpt lat="53.359001" lon="13.069101"><ele>70.0</ele></trkpt>
      <trkpt lat="53.359419" lon="13.068396"><ele>71.8</ele></trkpt>
      <trkpt lat="53.359732" lon="13.067872"><ele>71.8</ele></trkpt>
      <trkpt lat="53.359909" lon="13.067574"><ele>72.5</ele></trkpt>
      <trkpt lat="53.360275" lon="13.066962"><ele>73.8</ele></trkpt>
      <trkpt lat="53.360559" lon="13.066484"><ele>74.0</ele></trkpt>
      <trkpt lat="53.360825" lon="13.066048"><ele>75.0</ele></trkpt>
      <trkpt lat="53.360895" lon="13.065934"><ele>75.0</ele></trkpt>
      <trkpt lat="53.361012" lon="13.065743"><ele>75.0</ele></trkpt>
      <trkpt lat="53.361164" lon="13.065493"><ele>74.8</ele></trkpt>
      <trkpt lat="53.361267" lon="13.065324"><ele>74.5</ele></trkpt>
      <trkpt lat="53.361767" lon="13.064504"><ele>72.0</ele></trkpt>
      <trkpt lat="53.361904" lon="13.064280"><ele>71.8</ele></trkpt>
      <trkpt lat="53.362015" lon="13.064094"><ele>72.0</ele></trkpt>
      <trkpt lat="53.362334" lon="13.063557"><ele>72.0</ele></trkpt>
    </trkseg>
  </trk>
</gpx>
